"period","NO2","O3","PM25","PM10"
"covid_2020_2022",42.6522528676646,43.5448206958833,19.5422562754691,33.0823303060316
"post_reopening_2023",40.3012320752408,43.9600319713639,17.2242424649931,29.9273551263548
"pre_covid",49.619383996473,38.4264026628652,26.0061903116729,40.0429514946835
