"term","estimate","std_error","statistic","p_value","rr","rr_low","rr_high","model","data_status","note"
"I(hot_nights/5)",0.0366852752471012,0.00687763618449123,5.33399474223788,9.6075306002235e-08,1.03736648454581,1.02347644155927,1.05144503533413,"main_nb_hot_nights_cold_days","SYNTHETIC","SYNTHETIC workflow demonstration only; not substantive epidemiologic findings"
"I(cold_days/5)",0.176597561216755,0.00744805003939115,23.7105766318389,2.80483843771699e-124,1.19315082632785,1.17585951597954,1.21069640975003,"main_nb_hot_nights_cold_days","SYNTHETIC","SYNTHETIC workflow demonstration only; not substantive epidemiologic findings"
"I(very_hot_days/5)",0.0355179936650704,0.00556801393096942,6.37893405178433,1.78324801014274e-10,1.03615629220961,1.02490987957628,1.04752611256847,"alt_nb_very_hot_days_cold_days","SYNTHETIC","SYNTHETIC workflow demonstration only; not substantive epidemiologic findings"
"I(cold_days/5)",0.177047941103903,0.00908902729791834,19.4793056837284,1.6449509176253e-84,1.19368831849111,1.17261165810813,1.21514381325615,"alt_nb_very_hot_days_cold_days","SYNTHETIC","SYNTHETIC workflow demonstration only; not substantive epidemiologic findings"
"mean_tmin",-0.0365195018981805,0.00349662740097305,-10.4442074348607,1.55750893379483e-25,0.964139291166692,0.95755425954184,0.970769607579396,"cont_mean_tmin","SYNTHETIC","SYNTHETIC workflow demonstration only; not substantive epidemiologic findings"
