"term","estimate","std_error","statistic","p_value","rr","rr_low","rr_high","model","data_status","note"
"I(hot_nights/5)",0.0412915839985581,0.00663507429311912,6.22322858409881,4.87026998318534e-10,1.0421559372424,1.02869071008802,1.05579741984512,"main_nb_hot_nights_cold_days","SYNTHETIC","SYNTHETIC workflow demonstration only; not substantive epidemiologic findings"
"I(cold_days/5)",0.170979690769458,0.00666322180501502,25.6602129979782,3.25218447964703e-145,1.18646665255225,1.17107224287655,1.20206343048549,"main_nb_hot_nights_cold_days","SYNTHETIC","SYNTHETIC workflow demonstration only; not substantive epidemiologic findings"
"I(very_hot_days/5)",0.0444112402461298,0.00556795123294081,7.97622651279458,1.50874944045338e-15,1.04541218206433,1.03406543332488,1.05688343811522,"alt_nb_very_hot_days_cold_days","SYNTHETIC","SYNTHETIC workflow demonstration only; not substantive epidemiologic findings"
"I(cold_days/5)",0.171531167393723,0.00908973327573346,18.8708691652872,1.98014756733982e-79,1.18712114162772,1.16615882263341,1.20846026934577,"alt_nb_very_hot_days_cold_days","SYNTHETIC","SYNTHETIC workflow demonstration only; not substantive epidemiologic findings"
"mean_tmin",-0.0330171460961543,0.00350036483361405,-9.432487087943,4.00478354461172e-21,0.967521970222078,0.96090679601703,0.97418268529534,"cont_mean_tmin","SYNTHETIC","SYNTHETIC workflow demonstration only; not substantive epidemiologic findings"
"I(days_in_hot_night_spell_ge5/5)",0.0209649425944953,0.00552613416521943,3.79378096290987,0.000148370569110216,1.0211862508695,1.01018523965019,1.03230706412421,"alt_nb_hn_spell_ge5_cold_days","SYNTHETIC","SYNTHETIC workflow demonstration only; not substantive epidemiologic findings"
"I(cold_days/5)",0.170832084599556,0.00911532331944046,18.7411985963481,2.28423716154013e-78,1.18629153567843,1.1652854178724,1.20767632207373,"alt_nb_hn_spell_ge5_cold_days","SYNTHETIC","SYNTHETIC workflow demonstration only; not substantive epidemiologic findings"
