date,month_id,tmin,tmax,tv_guo2016_0_1,tv_guo2016_0_7,dtr
2013-01-01,2013-01,10.8,17.4,4.320012,4.349286,6.6
2013-01-02,2013-01,14.9,19.3,3.67242,4.378204,4.4
2013-01-03,2013-01,14.5,19.1,2.604483,4.291032,4.6
2013-01-04,2013-01,11.3,14.6,3.206634,4.20412,3.3
2013-01-05,2013-01,11.9,17,2.626785,3.720372,5.1
2013-01-06,2013-01,13.9,17.1,2.531633,3.491364,3.2
2013-01-07,2013-01,12.7,17.5,2.366432,3.321891,4.8
2013-01-08,2013-01,16,20.3,3.165833,2.925342,4.3
2013-01-09,2013-01,14.6,18.3,2.515287,2.705026,3.7
2013-01-10,2013-01,13.1,16.3,2.238117,2.619383,3.2
2013-01-11,2013-01,14.6,18.8,2.445404,2.590495,4.2
2013-01-12,2013-01,14.1,18.7,2.548856,2.468932,4.6
2013-01-13,2013-01,14.1,19.2,2.807579,2.40651,5.1
2013-01-14,2013-01,12.8,18.7,3.225937,2.563299,5.9
2013-01-15,2013-01,14.1,17.1,2.703547,2.445404,3
2013-01-16,2013-01,14.9,21.4,3.272486,2.602307,6.5
2013-01-17,2013-01,15.2,19.6,3.233548,2.665388,4.4
2013-01-18,2013-01,13.3,16.6,2.653771,2.649277,3.3
2013-01-19,2013-01,12.9,17.4,2.281082,2.698634,4.5
2013-01-20,2013-01,15.8,19.1,2.636917,2.666302,3.3
2013-01-21,2013-01,18.9,22.8,2.864146,3.016814,3.9
2013-01-22,2013-01,18.9,25.6,3.266497,3.514446,6.7
2013-01-23,2013-01,16.8,20,3.758878,3.423546,3.2
2013-01-24,2013-01,16.6,21.5,2.418505,3.350398,4.9
2013-01-25,2013-01,15.9,20.8,2.857738,3.359458,4.9
2013-01-26,2013-01,16.3,19.8,2.464413,3.110942,3.5
2013-01-27,2013-01,15.5,17.7,1.883923,2.835372,2.2
2013-01-28,2013-01,14.2,18.6,2.011633,2.974776,4.4
2013-01-29,2013-01,16,21.2,3.057232,2.927542,5.2
2013-01-30,2013-01,16.6,20.4,2.629956,2.325645,3.8
2013-01-31,2013-01,16.9,20.9,2.264214,2.384105,4
2013-02-01,2013-02,17.4,24.9,3.705289,2.798147,7.5
2013-02-02,2013-02,18.9,26,4.282523,3.271843,7.1
2013-02-03,2013-02,18.2,19.7,3.586084,3.206029,1.5
2013-02-04,2013-02,19.1,23.3,2.236627,3.209199,4.2
2013-02-05,2013-02,20.3,25.2,2.782535,3.142796,4.9
2013-02-06,2013-02,19.3,24.6,2.982728,3.113137,5.3
2013-02-07,2013-02,18.1,20.6,2.824299,2.999528,2.5
2013-02-08,2013-02,14.4,18.7,2.595509,3.307359,4.3
2013-02-09,2013-02,11.9,15.8,2.836665,3.821992,3.9
2013-02-10,2013-02,14,18.3,2.716616,3.665873,4.3
2013-02-11,2013-02,16,19.6,2.479751,3.730594,3.6
2013-02-12,2013-02,16.3,22.8,3.197264,3.735678,6.5
2013-02-13,2013-02,15.6,20.8,3.486522,3.362638,5.2
2013-02-14,2013-02,16.7,21.2,2.840628,2.979262,4.5
2013-02-15,2013-02,18,24.4,3.448067,3.364564,6.4
2013-02-16,2013-02,16.2,19.4,3.51947,3.288946,3.2
2013-02-17,2013-02,16.5,21,2.320022,2.906086,4.5
2013-02-18,2013-02,18.5,25.4,3.8371,3.103009,6.9
2013-02-19,2013-02,17.8,26.2,4.437999,3.457552,8.4
2013-02-20,2013-02,16,19,4.473254,3.387225,3
2013-02-21,2013-02,16.4,21.4,2.513961,3.348376,5
2013-02-22,2013-02,16.2,22.4,3.259857,3.430549,6.2
2013-02-23,2013-02,16.2,21.8,3.415162,3.334466,5.6
2013-02-24,2013-02,16.3,20.8,2.944345,3.346335,4.5
2013-02-25,2013-02,17.3,23.1,3.144705,3.406171,5.8
2013-02-26,2013-02,19.1,23.8,3.131959,3.236845,4.7
2013-02-27,2013-02,21,25.4,2.815878,3.114884,4.4
2013-02-28,2013-02,18.3,21.9,2.93087,3.00907,3.6
2013-03-01,2013-03,18.2,22,2.136976,2.913846,3.8
2013-03-02,2013-03,15.1,21.4,3.187868,2.987188,6.3
2013-03-03,2013-03,13.6,17.4,3.397425,3.289523,3.8
2013-03-04,2013-03,13.2,21.7,3.96432,3.608826,8.5
2013-03-05,2013-03,15.6,22.3,4.502592,3.65486,6.7
2013-03-06,2013-03,16.3,23.6,4.086155,3.718938,7.3
2013-03-07,2013-03,17.2,24.9,4.377975,3.660641,7.7
2013-03-08,2013-03,17.6,26.4,4.805119,4.070539,8.8
2013-03-09,2013-03,18.1,26.1,4.855581,4.380787,8
2013-03-10,2013-03,18.5,26.4,4.594471,4.551003,7.9
2013-03-11,2013-03,18.7,23.2,3.811386,4.234442,4.5
2013-03-12,2013-03,18.1,23.5,2.870975,3.87018,5.4
2013-03-13,2013-03,20.3,26.6,3.716966,3.830138,6.3
2013-03-14,2013-03,18.4,22.1,3.508561,3.637164,3.7
2013-03-15,2013-03,17.7,22.3,2.414367,3.499905,4.6
2013-03-16,2013-03,18.5,23.2,2.729316,3.225723,4.7
2013-03-17,2013-03,19,23.4,2.636127,2.972085,4.4
2013-03-18,2013-03,21.2,26.3,3.119161,2.86972,5.1
2013-03-19,2013-03,22.4,27.6,3.05982,3.143644,5.2
2013-03-20,2013-03,23.5,28.3,2.935416,3.34664,4.8
2013-03-21,2013-03,19,23.8,3.798684,3.262406,4.8
2013-03-22,2013-03,18.9,26,3.550939,3.351561,7.1
2013-03-23,2013-03,21.3,26.2,3.600926,3.224877,4.9
2013-03-24,2013-03,21.4,25.7,2.663957,3.09117,4.3
2013-03-25,2013-03,19.5,23.1,2.632331,3.047157,3.6
2013-03-26,2013-03,18.4,19.8,2.024846,3.249096,1.4
2013-03-27,2013-03,18.6,21.7,1.515201,3.143671,3.1
2013-03-28,2013-03,18.8,20.4,1.459166,2.759438,1.6
2013-03-29,2013-03,18.7,22.4,1.734695,2.718448,3.7
2013-03-30,2013-03,17.8,19.6,1.990603,2.512867,1.8
2013-03-31,2013-03,19,21,1.330413,2.091799,2
2013-04-01,2013-04,18.6,22.4,1.776701,1.654841,3.8
2013-04-02,2013-04,20,22.5,1.906786,1.580388,2.5
2013-04-03,2013-04,18.2,20,1.76706,1.593829,1.8
2013-04-04,2013-04,18.5,20.2,1.021029,1.534587,1.7
2013-04-05,2013-04,19.7,26.2,3.441414,2.176235,6.5
2013-04-06,2013-04,17.1,25,4.318179,2.534265,7.9
2013-04-07,2013-04,15.2,19,4.243721,2.793534,3.8
2013-04-08,2013-04,18,19.5,1.92072,2.825236,1.5
2013-04-09,2013-04,18.4,21.2,1.431491,2.779741,2.8
2013-04-10,2013-04,17.7,19.8,1.552149,2.739944,2.1
2013-04-11,2013-04,16,18.4,1.579821,2.87558,2.4
2013-04-12,2013-04,15.7,19,1.668083,3.002048,3.3
2013-04-13,2013-04,17.5,23.1,3.153173,2.600224,5.6
2013-04-14,2013-04,19.7,24.3,3.117157,2.462646,4.6
2013-04-15,2013-04,19.5,27.1,3.703602,3.001159,7.6
2013-04-16,2013-04,21,25.2,3.54683,3.263025,4.2
2013-04-17,2013-04,23,26.1,2.289651,3.57775,3.1
2013-04-18,2013-04,24.2,27.8,2.112463,3.901026,3.6
2013-04-19,2013-04,21.7,28.1,3.064311,3.743951,6.4
2013-04-20,2013-04,20.8,25.4,3.381321,3.167432,4.6
2013-04-21,2013-04,20.4,23.9,2.422636,2.874456,3.5
2013-04-22,2013-04,18.9,20.5,2.11404,3.043682,1.6
2013-04-23,2013-04,19.4,26.4,3.465064,2.999333,7
2013-04-24,2013-04,22,29.8,4.615914,3.346839,7.8
2013-04-25,2013-04,23.1,30.6,4.451498,3.731644,7.5
2013-04-26,2013-04,21.1,23.5,4.151606,3.639689,2.4
2013-04-27,2013-04,20.5,24.2,1.800694,3.482522,3.7
2013-04-28,2013-04,20.7,23.4,1.877942,3.436568,2.7
2013-04-29,2013-04,22.1,25.6,2.082466,3.4279,3.5
2013-04-30,2013-04,21.1,29.3,3.722342,3.499619,8.2
2013-05-01,2013-05,20.1,25.1,4.198412,3.397033,5
2013-05-02,2013-05,16.6,21.9,3.548122,3.469672,5.3
2013-05-03,2013-05,18.7,22.1,2.655027,2.979485,3.4
2013-05-04,2013-05,18.4,22.5,2.174665,3.10166,4.1
2013-05-05,2013-05,20.8,24.1,2.439262,3.088197,3.3
2013-05-06,2013-05,21.3,23.7,1.666083,3.084126,2.4
2013-05-07,2013-05,22.3,25.6,1.864359,3.084585,3.3
2013-05-08,2013-05,22.3,23.2,1.558846,2.444441,0.9
2013-05-09,2013-05,22.8,29.2,3.237669,2.930351,6.4
2013-05-10,2013-05,23.4,28.6,3.366502,2.91956,5.2
2013-05-11,2013-05,23,28.9,3.210789,2.991982,5.9
2013-05-12,2013-05,24.1,26.5,2.627261,2.655529,2.4
2013-05-13,2013-05,23.9,29.9,2.795234,2.815959,6
2013-05-14,2013-05,25,28.8,2.899425,2.763987,3.8
2013-05-15,2013-05,25.9,31,2.746361,2.946799,5.1
2013-05-16,2013-05,24.7,30,3.069202,2.834894,5.3
2013-05-17,2013-05,24.8,27.5,2.525206,2.625389,2.7
2013-05-18,2013-05,25.8,30.8,2.631064,2.656784,5
2013-05-19,2013-05,28.2,30.9,2.429506,2.594064,2.7
2013-05-20,2013-05,25.7,31.6,2.699383,2.676619,5.9
2013-05-21,2013-05,23.5,29,3.572581,2.678557,5.5
2013-05-22,2013-05,23.4,26.2,2.655027,2.813746,2.8
2013-05-23,2013-05,24.2,29.4,2.673325,2.797074,5.2
2013-05-24,2013-05,25.6,31.3,3.29077,2.854171,5.7
2013-05-25,2013-05,24.6,26.9,2.954093,2.8685,2.3
2013-05-26,2013-05,25.5,29.7,2.227667,2.803027,4.2
2013-05-27,2013-05,27.9,29.8,2.015564,2.712679,1.9
2013-05-28,2013-05,27.7,31.1,1.621471,2.63638,3.4
2013-05-29,2013-05,27.8,31.9,2.189939,2.658289,4.1
2013-05-30,2013-05,27.2,32.5,2.735568,2.6131,5.3
2013-05-31,2013-05,27.2,33,3.210789,2.642403,5.8
2013-06-01,2013-06,27.7,32.4,3.047813,2.61042,4.7
2013-06-02,2013-06,27.8,32.6,2.743933,2.437451,4.8
2013-06-03,2013-06,27.8,33.7,3.121298,2.466906,5.9
2013-06-04,2013-06,25.2,32.1,3.899573,2.758978,6.9
2013-06-05,2013-06,25.6,28.8,3.215976,2.898326,3.2
2013-06-06,2013-06,25.1,29.7,2.29056,3.011644,4.6
2013-06-07,2013-06,27.1,32.3,3.129963,3.002437,5.2
2013-06-08,2013-06,27.5,31.7,2.729469,2.897923,4.2
2013-06-09,2013-06,27.1,31.3,2.435843,2.853039,4.2
2013-06-10,2013-06,26.4,31.2,2.614065,2.820136,4.8
2013-06-11,2013-06,22.4,28.1,3.668219,2.951271,5.7
2013-06-12,2013-06,22.8,26.5,2.79583,2.998778,3.7
2013-06-13,2013-06,23.6,26.9,2.053452,3.119448,3.3
2013-06-14,2013-06,23.8,26.2,1.672075,3.153034,2.4
2013-06-15,2013-06,25.1,26.2,1.141271,2.876456,1.1
2013-06-16,2013-06,25.8,27.8,1.144188,2.559297,2
2013-06-17,2013-06,26.4,29.9,1.820943,2.386202,3.5
2013-06-18,2013-06,26.8,32.5,2.864728,2.585343,5.7
2013-06-19,2013-06,27.3,33,3.303533,2.848362,5.7
2013-06-20,2013-06,28.1,34.2,3.456877,3.147168,6.1
2013-06-21,2013-06,27.7,33.7,3.502737,3.257293,6
2013-06-22,2013-06,25.7,29.3,3.40196,3.050949,3.6
2013-06-23,2013-06,25.4,30.8,2.672078,2.989203,5.4
2013-06-24,2013-06,24.9,29.5,2.942221,3.047731,4.6
2013-06-25,2013-06,28,30.7,2.506492,2.999222,2.7
2013-06-26,2013-06,28.6,31.9,1.81659,2.895744,3.3
2013-06-27,2013-06,28.5,32.3,2.056494,2.801361,3.8
2013-06-28,2013-06,28.7,32.4,2.166987,2.610484,3.7
2013-06-29,2013-06,28.8,31.6,1.905037,2.39011,2.8
2013-06-30,2013-06,27.9,33,2.379601,2.414643,5.1
2013-07-01,2013-07,25.9,31.4,3.233677,2.384874,5.5
2013-07-02,2013-07,27.4,32.9,3.291403,2.256841,5.5
2013-07-03,2013-07,27.6,33.2,3.207673,2.417083,5.6
2013-07-04,2013-07,27.8,32.7,3.039051,2.505918,4.9
2013-07-05,2013-07,27.6,33,2.976995,2.600825,5.4
2013-07-06,2013-07,27.3,30.4,2.676285,2.601914,3.1
2013-07-07,2013-07,25,31.2,2.862837,2.853061,6.2
2013-07-08,2013-07,26.3,32,3.491299,2.876391,5.7
2013-07-09,2013-07,27,33.2,3.481738,2.910412,6.2
2013-07-10,2013-07,25.8,30.7,3.398406,2.904594,4.9
2013-07-11,2013-07,26.2,32.4,3.282656,2.920245,6.2
2013-07-12,2013-07,27.5,32.6,3.305929,2.923668,5.1
2013-07-13,2013-07,28.4,33.5,2.989983,2.944819,5.1
2013-07-14,2013-07,25,32.1,3.828403,3.17521,7.1
2013-07-15,2013-07,24.8,28.1,3.418577,3.164174,3.3
2013-07-16,2013-07,25.3,27.4,1.597915,3.15489,2.1
2013-07-17,2013-07,24.6,29.9,2.384673,3.087063,5.3
2013-07-18,2013-07,24.6,30.4,3.210789,3.153622,5.8
2013-07-19,2013-07,25.5,29.4,2.853507,3.012799,3.9
2013-07-20,2013-07,26.2,29.7,2.158703,2.832542,3.5
2013-07-21,2013-07,26.3,29.9,2.051625,2.479247,3.6
2013-07-22,2013-07,26.5,30.4,2.176197,2.223773,3.9
2013-07-23,2013-07,26.2,30.3,2.313007,2.246442,4.1
2013-07-24,2013-07,25,27.4,2.272114,2.268617,2.4
2013-07-25,2013-07,24.6,26.9,1.381726,2.192402,2.3
2013-07-26,2013-07,24.9,27.9,1.588238,2.028207,3
2013-07-27,2013-07,24.9,31.1,2.95973,2.223173,6.2
2013-07-28,2013-07,25.3,31.8,3.680919,2.46465,6.5
2013-07-29,2013-07,25.4,31.7,3.695493,2.658124,6.3
2013-07-30,2013-07,26.6,33.1,3.770942,2.922891,6.5
2013-07-31,2013-07,27.7,32.4,3.276685,3.060113,4.7
2013-08-01,2013-08,25.4,30.7,3.113947,3.108054,5.3
2013-08-02,2013-08,24.5,27.9,2.783733,3.099133,3.4
2013-08-03,2013-08,25.6,31.5,3.093407,3.15732,5.9
2013-08-04,2013-08,27.1,32.9,3.479823,3.165754,5.8
2013-08-05,2013-08,27,32.9,3.377746,3.152354,5.9
2013-08-06,2013-08,27.4,33.1,3.353605,3.142584,5.7
2013-08-07,2013-08,27.7,31.7,2.860507,2.995657,4
2013-08-08,2013-08,26.7,32.7,2.94392,3.059847,6
2013-08-09,2013-08,27.3,32.5,3.243455,3.038688,5.2
2013-08-10,2013-08,28.2,33.2,2.981051,2.889053,5
2013-08-11,2013-08,27.7,33.1,3.00943,2.814131,5.4
2013-08-12,2013-08,27.7,34.9,3.710795,2.949096,7.2
2013-08-13,2013-08,25.4,29.9,4.056579,3.000889,4.5
2013-08-14,2013-08,25.2,27.6,2.203596,3.087981,2.4
2013-08-15,2013-08,26.5,28.9,1.57586,3.088305,2.4
2013-08-16,2013-08,26.8,28.7,1.25,2.941315,1.9
2013-08-17,2013-08,26.3,29.6,1.558846,2.841764,3.3
2013-08-18,2013-08,26.9,30.2,1.936492,2.648742,3.3
2013-08-19,2013-08,26.3,29.8,1.984943,2.425344,3.5
2013-08-20,2013-08,26.8,31.6,2.514458,1.91919,4.8
2013-08-21,2013-08,27.4,31,2.44949,1.901228,3.6
2013-08-22,2013-08,26.4,31,2.402082,1.924188,4.6
2013-08-23,2013-08,26.6,29.5,2.251481,1.934156,2.9
2013-08-24,2013-08,25.7,29.8,2.057507,2.044739,4.1
2013-08-25,2013-08,26.1,30.2,2.378375,2.087413,4.1
2013-08-26,2013-08,26.6,32.8,3.163727,2.336379,6.2
2013-08-27,2013-08,27,32.9,3.497023,2.520549,5.9
2013-08-28,2013-08,27.3,33.3,3.441293,2.651918,6
2013-08-29,2013-08,27.8,32,2.998889,2.699599,4.2
2013-08-30,2013-08,24.4,29.7,3.213902,2.827713,5.3
2013-08-31,2013-08,24.6,29.5,2.94675,2.974496,4.9
2013-09-01,2013-09,25.1,29.8,2.781486,3.018712,4.7
2013-09-02,2013-09,25.1,30.4,2.897125,3.092781,5.3
2013-09-03,2013-09,25,28,2.588919,2.979478,3
2013-09-04,2013-09,23.9,26.4,1.774589,2.903324,2.5
2013-09-05,2013-09,23.6,25.1,1.276715,2.687006,1.5
2013-09-06,2013-09,24.1,29.5,2.68995,2.499033,5.4
2013-09-07,2013-09,25.4,30.7,3.172144,2.550523,5.3
2013-09-08,2013-09,25.8,31.1,3.068659,2.650252,5.3
2013-09-09,2013-09,26.3,31.1,2.922756,2.729522,4.8
2013-09-10,2013-09,26.6,31.8,2.903446,2.82182,5.2
2013-09-11,2013-09,27.1,30.9,2.631856,2.905139,3.8
2013-09-12,2013-09,27.2,31.7,2.418505,2.900345,4.5
2013-09-13,2013-09,26.8,30.7,2.464413,2.611513,3.9
2013-09-14,2013-09,26.1,31.5,2.719528,2.520582,5.4
2013-09-15,2013-09,25.9,32.4,3.455792,2.597403,6.5
2013-09-16,2013-09,26,30.8,3.327036,2.566117,4.8
2013-09-17,2013-09,26.7,30.3,2.45017,2.50319,3.6
2013-09-18,2013-09,26.2,30.2,2.203785,2.436451,4
2013-09-19,2013-09,26.6,31.4,2.592296,2.494586,4.8
2013-09-20,2013-09,27.2,32.5,2.960152,2.564038,5.3
2013-09-21,2013-09,28.3,34.7,3.523611,2.87321,6.4
2013-09-22,2013-09,25.2,31.8,4.133602,2.962403,6.6
2013-09-23,2013-09,24.8,30.9,3.688157,2.966592,6.1
2013-09-24,2013-09,27.2,30.6,2.914761,2.893182,3.4
2013-09-25,2013-09,26.8,31.2,2.27083,2.922556,4.4
2013-09-26,2013-09,25.2,30,2.778489,2.99366,4.8
2013-09-27,2013-09,24,29.7,3.072865,3.135383,5.7
2013-09-28,2013-09,24.6,28.6,2.846489,3.116408,4
2013-09-29,2013-09,24,27.1,2.153099,2.792721,3.1
2013-09-30,2013-09,23.8,26.7,1.741647,2.661829,2.9
2013-10-01,2013-10,25.7,30.4,2.774287,2.573066,4.7
2013-10-02,2013-10,25.5,31.4,3.088149,2.686688,5.9
2013-10-03,2013-10,24.6,30.1,3.353605,2.6633,5.5
2013-10-04,2013-10,24.7,29.4,2.958603,2.646373,4.7
2013-10-05,2013-10,23.8,29.9,3.145897,2.675934,6.1
2013-10-06,2013-10,24.4,31.5,3.873844,2.900776,7.1
2013-10-07,2013-10,25.5,32,3.956851,3.067002,6.5
2013-10-08,2013-10,25.6,29,3.109528,2.96518,3.4
2013-10-09,2013-10,25.4,30.1,2.382401,2.962481,4.7
2013-10-10,2013-10,24.7,30.4,3.018278,2.934103,5.7
2013-10-11,2013-10,25.5,31.1,3.29077,2.94887,5.6
2013-10-12,2013-10,26.2,30.2,2.810101,2.907168,4
2013-10-13,2013-10,25.6,30.4,2.553429,2.79869,4.8
2013-10-14,2013-10,25.3,27,2.337199,2.576561,1.7
2013-10-15,2013-10,25.6,29.9,2.101587,2.386769,4.3
2013-10-16,2013-10,24.7,27.6,2.310123,2.417773,2.9
2013-10-17,2013-10,24,26,1.584035,2.434714,2
2013-10-18,2013-10,23.2,28.5,2.364142,2.435433,5.3
2013-10-19,2013-10,23,28,2.981471,2.367981,5
2013-10-20,2013-10,23,28.4,3.006659,2.385756,5.4
2013-10-21,2013-10,22.8,27.4,2.916619,2.294922,4.6
2013-10-22,2013-10,22.7,28.4,3.001527,2.501066,5.7
2013-10-23,2013-10,21.9,27.6,3.323151,2.496397,5.7
2013-10-24,2013-10,21.3,27.9,3.56125,2.719306,6.6
2013-10-25,2013-10,21.6,27.1,3.510342,2.891943,5.5
2013-10-26,2013-10,19.4,25.6,3.548122,3.068326,6.2
2013-10-27,2013-10,20.2,24.7,3.127699,3.120363,4.5
2013-10-28,2013-10,20.9,25.7,2.730537,3.058867,4.8
2013-10-29,2013-10,22.1,26.3,2.655184,3.014603,4.2
2013-10-30,2013-10,22.9,26.5,2.276694,2.856797,3.6
2013-10-31,2013-10,22.4,28.1,2.770529,2.882642,5.7
2013-11-01,2013-11,22.6,29.5,3.682843,2.992212,6.9
2013-11-02,2013-11,24.9,27.5,3.011506,2.948382,2.6
2013-11-03,2013-11,23.5,27.6,2.017218,2.75097,4.1
2013-11-04,2013-11,21.5,24.3,2.539521,2.627982,2.8
2013-11-05,2013-11,20.9,24.2,1.778342,2.619287,3.3
2013-11-06,2013-11,22.6,27.4,2.766918,2.648396,4.8
2013-11-07,2013-11,23,26.7,2.475715,2.652915,3.7
2013-11-08,2013-11,22.8,26.9,2.254625,2.546624,4.1
2013-11-09,2013-11,22.9,27.7,2.590206,2.338946,4.8
2013-11-10,2013-11,23.7,26.4,2.252961,2.273168,2.7
2013-11-11,2013-11,23,25.3,1.538397,2.149952,2.3
2013-11-12,2013-11,21.1,23.1,1.717314,2.20778,2
2013-11-13,2013-11,19.7,21.3,1.39523,2.450714,1.6
2013-11-14,2013-11,19.6,23.6,1.869938,2.488105,4
2013-11-15,2013-11,18.8,24.7,2.911328,2.634609,5.9
2013-11-16,2013-11,19.2,23.9,3.081666,2.627293,4.7
2013-11-17,2013-11,18.8,23.8,2.805203,2.472785,5
2013-11-18,2013-11,18.5,23.6,2.919332,2.370373,5.1
2013-11-19,2013-11,18.7,21.3,2.414367,2.24075,2.6
2013-11-20,2013-11,19.3,21.4,1.379311,2.233047,2.1
2013-11-21,2013-11,17.6,22.6,2.218671,2.409945,5
2013-11-22,2013-11,19.5,22.8,2.519755,2.363181,3.3
2013-11-23,2013-11,20.6,23,1.707581,2.15124,2.4
2013-11-24,2013-11,20.4,25.8,2.526526,2.325358,5.4
2013-11-25,2013-11,16.7,22.3,3.795612,2.429875,5.6
2013-11-26,2013-11,17.7,21.3,2.717842,2.38324,3.6
2013-11-27,2013-11,16,23.2,3.286842,2.697128,7.2
2013-11-28,2013-11,12.8,17.8,4.355456,3.36501,5
2013-11-29,2013-11,12.9,17.2,2.696139,3.735684,4.3
2013-11-30,2013-11,13.1,19.2,3.112341,3.922074,6.1
2013-12-01,2013-12,14.3,20.7,3.692673,3.900748,6.4
2013-12-02,2013-12,14.6,21.4,3.823175,3.488935,6.8
2013-12-03,2013-12,17.3,21.5,3.361547,3.415431,4.2
2013-12-04,2013-12,16.2,22.8,3.194266,3.561624,6.6
2013-12-05,2013-12,15.8,21.4,3.571648,3.402328,5.6
2013-12-06,2013-12,15.7,21.4,3.262284,3.347431,5.7
2013-12-07,2013-12,16.6,22.1,3.266497,3.248224,5.5
2013-12-08,2013-12,18.2,21.4,2.610715,3.005745,3.2
2013-12-09,2013-12,19.8,24.9,2.865164,3.090409,5.1
2013-12-10,2013-12,18.4,21.7,2.813065,2.841361,3.3
2013-12-11,2013-12,17.8,20.6,1.833712,2.786994,2.8
2013-12-12,2013-12,16.6,19.3,1.744276,2.62887,2.7
2013-12-13,2013-12,17.9,20.7,1.768945,2.453492,2.8
2013-12-14,2013-12,17.2,20.5,1.785824,2.286619,3.3
2013-12-15,2013-12,16.5,17.6,1.759735,2.243871,1.1
2013-12-16,2013-12,12.2,17.2,2.49182,2.811931,5
2013-12-17,2013-12,11.4,13.1,2.578598,3.025936,1.7
2013-12-18,2013-12,9.2,13.4,1.929378,3.489126,4.2
2013-12-19,2013-12,9.5,15,2.877933,3.637026,5.5
2013-12-20,2013-12,11.3,16.4,3.198437,3.617544,5.1
2013-12-21,2013-12,13.1,16,2.428992,3.196873,2.9
2013-12-22,2013-12,11.3,16,2.313727,2.740073,4.7
2013-12-23,2013-12,11.3,17.9,3.352984,2.72604,6.6
2013-12-24,2013-12,12.2,17.9,3.569664,2.79592,5.7
2013-12-25,2013-12,13.4,17.6,2.902154,2.917526,4.2
2013-12-26,2013-12,12.5,17.3,2.626785,2.786029,4.8
2013-12-27,2013-12,11.3,15.5,2.744085,2.62091,4.2
2013-12-28,2013-12,9.9,14.6,2.657536,2.699599,4.7
2013-12-29,2013-12,9.3,15.3,3.111672,2.934387,6
2013-12-30,2013-12,10.7,16.3,3.421501,2.989063,5.6
2013-12-31,2013-12,12.5,18.1,3.396076,2.951045,5.6
2014-01-01,2014-01,13,18.9,3.34203,3.02101,5.9
2014-01-02,2014-01,14.4,19.3,3.173851,3.168905,4.9
2014-01-03,2014-01,17.2,22.5,3.418089,3.721917,5.3
2014-01-04,2014-01,16.8,21.8,2.991516,3.969866,5
2014-01-05,2014-01,14.5,18.7,3.088149,3.722986,4.2
2014-01-06,2014-01,14.8,18.5,2.285279,3.285321,3.7
2014-01-07,2014-01,16.5,19.1,1.961929,2.898937,2.6
2014-01-08,2014-01,16.1,21,2.305609,2.769228,4.9
2014-01-09,2014-01,14.3,16.6,2.843707,2.635582,2.3
2014-01-10,2014-01,14.4,16.2,1.195478,2.618619,1.8
2014-01-11,2014-01,14.1,18.8,2.159282,2.412157,4.7
2014-01-12,2014-01,15.1,21.5,3.413088,2.420158,6.4
2014-01-13,2014-01,11.8,16.2,4.026992,2.627261,4.4
2014-01-14,2014-01,10.6,16.8,3.10859,2.945158,6.2
2014-01-15,2014-01,11.2,16.1,3.226324,3.079069,4.9
2014-01-16,2014-01,11.8,16.7,2.850146,2.888108,4.9
2014-01-17,2014-01,12.7,18.9,3.348009,3.080523,6.2
2014-01-18,2014-01,13.5,19.7,3.609247,3.30171,6.2
2014-01-19,2014-01,13.2,16.7,3.058731,3.223863,3.5
2014-01-20,2014-01,13.4,20.5,3.431715,3.128764,7.1
2014-01-21,2014-01,12.9,17.6,3.612017,3.119822,4.7
2014-01-22,2014-01,10.3,17,3.466506,3.157188,6.7
2014-01-23,2014-01,11.6,15.8,3.22839,3.12025,4.2
2014-01-24,2014-01,12.9,18.5,3.082207,3.143353,5.6
2014-01-25,2014-01,16.5,21.4,3.570598,3.310029,4.9
2014-01-26,2014-01,16.3,24.4,3.948417,3.792602,8.1
2014-01-27,2014-01,15,18.9,4.162131,3.780101,3.9
2014-01-28,2014-01,14.8,20.3,2.774287,3.706908,5.5
2014-01-29,2014-01,15.6,21.2,3.241784,3.761289,5.6
2014-01-30,2014-01,15.9,22.9,3.704952,3.626109,7
2014-01-31,2014-01,16.4,22.8,3.873844,3.436835,6.4
2014-02-01,2014-02,18.3,22.2,3.082613,3.233928,3.9
2014-02-02,2014-02,17.5,23.8,3.0337,3.365505,6.3
2014-02-03,2014-02,17.4,24.6,3.910989,3.335566,7.2
2014-02-04,2014-02,16.6,19.4,3.598148,3.220552,2.8
2014-02-05,2014-02,15.9,19,1.734695,3.119822,3.1
2014-02-06,2014-02,16.7,21.6,2.562551,3.060256,4.9
2014-02-07,2014-02,18.1,23.4,3.088149,2.9778,5.3
2014-02-08,2014-02,16,18,3.167938,2.903152,2
2014-02-09,2014-02,10.4,16.7,3.353978,3.570802,6.3
2014-02-10,2014-02,8.3,10.5,3.628016,4.442503,2.2
2014-02-11,2014-02,7.5,9.7,1.351542,4.79637,2.2
2014-02-12,2014-02,7.3,10.5,1.594783,5.162299,3.2
2014-02-13,2014-02,8,9.8,1.498888,5.28182,1.8
2014-02-14,2014-02,8.2,14.6,3.074085,4.83127,6.4
2014-02-15,2014-02,9.7,13.6,3.063087,3.478218,3.9
2014-02-16,2014-02,13.3,15.4,2.387467,2.968943,2.1
2014-02-17,2014-02,15.3,20.9,3.263306,3.77304,5.6
2014-02-18,2014-02,12.2,21.5,4.490267,4.408472,9.3
2014-02-19,2014-02,7.9,12.4,5.723053,4.322172,4.5
2014-02-20,2014-02,8.2,17.3,4.407947,4.369778,9.1
2014-02-21,2014-02,12.3,15.2,3.941658,4.084687,2.9
2014-02-22,2014-02,12.6,17.1,2.275961,3.916115,4.5
2014-02-23,2014-02,14.4,19.2,2.912473,3.922584,4.8
2014-02-24,2014-02,15,19.3,2.638655,4.063168,4.3
2014-02-25,2014-02,17.3,20.9,2.551307,4.101951,3.6
2014-02-26,2014-02,17.9,24.1,3.1257,4.368901,6.2
2014-02-27,2014-02,18.7,21.1,2.787472,3.909113,2.4
2014-02-28,2014-02,17.4,19,1.532971,3.165748,1.6
2014-03-01,2014-03,18.4,22.1,2.027108,2.909403,3.7
2014-03-02,2014-03,16,21.7,2.889637,2.635519,5.7
2014-03-03,2014-03,15.4,16.3,2.924038,2.616072,0.9
2014-03-04,2014-03,15.4,18.2,1.320038,2.579914,2.8
2014-03-05,2014-03,15.9,17.6,1.337597,2.596408,1.7
2014-03-06,2014-03,14.8,15.9,1.156143,2.320048,1.1
2014-03-07,2014-03,14.1,15.1,0.745542,2.3353,1
2014-03-08,2014-03,14.2,16.2,0.976388,2.378366,2
2014-03-09,2014-03,14.2,15.5,0.994569,1.885636,1.3
2014-03-10,2014-03,13.9,15.6,0.875595,1.20345,1.7
2014-03-11,2014-03,14.1,15.9,1.021029,1.240363,1.8
2014-03-12,2014-03,15.4,19.5,2.311385,1.458524,4.1
2014-03-13,2014-03,19,22.2,2.795681,2.321924,3.2
2014-03-14,2014-03,14.7,19.9,3.137409,2.524076,5.2
2014-03-15,2014-03,14.7,17.5,2.508652,2.492781,2.8
2014-03-16,2014-03,16.3,19.9,2.19089,2.561437,3.6
2014-03-17,2014-03,18.4,22.9,2.775338,2.852477,4.5
2014-03-18,2014-03,19.9,25,2.964793,3.192276,5.1
2014-03-19,2014-03,20.4,26.8,3.406244,3.485727,6.4
2014-03-20,2014-03,18.7,25.2,3.843935,3.586543,6.5
2014-03-21,2014-03,15.5,18.7,4.07298,3.71752,3.2
2014-03-22,2014-03,15.2,20.8,2.683903,3.68528,5.6
2014-03-23,2014-03,15.9,22,3.424787,3.569127,6.1
2014-03-24,2014-03,16.6,23.1,3.676049,3.62477,6.5
2014-03-25,2014-03,18.9,26.5,4.401799,3.880807,7.6
2014-03-26,2014-03,20.6,26.2,3.875134,3.977347,5.6
2014-03-27,2014-03,20.6,27.6,3.681938,4.062506,7
2014-03-28,2014-03,21.2,23.3,3.16899,3.917732,2.1
2014-03-29,2014-03,20.7,23.5,1.431491,3.641468,2.8
2014-03-30,2014-03,19.1,26,3.051093,3.474071,6.9
2014-03-31,2014-03,18.9,21.2,3.301515,3.202395,2.3
2014-04-01,2014-04,19.5,20.9,1.102648,2.951998,1.4
2014-04-02,2014-04,18.6,20.3,0.997914,2.767159,1.7
2014-04-03,2014-04,18.5,20.7,1.138347,2.607393,2.2
2014-04-04,2014-04,19.2,22.9,1.946578,2.102211,3.7
2014-04-05,2014-04,18.2,24.7,3.062134,2.338509,6.5
2014-04-06,2014-04,17.5,21,3.270576,2.362202,3.5
2014-04-07,2014-04,17.9,20.1,1.693861,1.906994,2.2
2014-04-08,2014-04,18.8,21.2,1.449138,1.911021,2.4
2014-04-09,2014-04,19.8,26.5,3.427706,2.501125,6.7
2014-04-10,2014-04,21.1,24.4,3.057777,2.642781,3.3
2014-04-11,2014-04,20.7,25.8,2.496664,2.845083,5.1
2014-04-12,2014-04,21.8,27.8,3.33704,3.208004,6
2014-04-13,2014-04,22.1,28.7,3.657868,3.447511,6.6
2014-04-14,2014-04,21.7,24.5,3.214032,3.230938,2.8
2014-04-15,2014-04,20.5,24.4,1.99562,2.964203,3.9
2014-04-16,2014-04,21,23.6,1.915507,2.74372,2.6
2014-04-17,2014-04,22.1,27.5,2.840775,2.685385,5.4
2014-04-18,2014-04,22.4,28.6,3.380828,2.895514,6.2
2014-04-19,2014-04,23.1,27.8,3.176345,2.89954,4.7
2014-04-20,2014-04,23.5,28.1,2.692428,2.860536,4.6
2014-04-21,2014-04,22.9,24.9,2.323073,2.589691,2
2014-04-22,2014-04,22.9,27.5,2.180978,2.658947,4.6
2014-04-23,2014-04,21.4,24.9,2.639918,2.580665,3.5
2014-04-24,2014-04,21.3,22.3,1.678044,2.606147,1
2014-04-25,2014-04,21.6,23.7,1.068878,2.5111,2.1
2014-04-26,2014-04,22,24.9,1.532971,2.252554,2.9
2014-04-27,2014-04,22.1,29,3.287349,2.442642,6.9
2014-04-28,2014-04,23.6,28.6,3.493208,2.5008,5
2014-04-29,2014-04,22.9,25.7,2.559948,2.528372,2.8
2014-04-30,2014-04,22.3,25,1.631717,2.392689,2.7
2014-05-01,2014-05,21,25.3,2.092845,2.435766,4.3
2014-05-02,2014-05,22.3,27,2.741046,2.457607,4.7
2014-05-03,2014-05,23.1,26.8,2.448129,2.454248,3.7
2014-05-04,2014-05,21.5,23.8,2.21961,2.492522,2.3
2014-05-05,2014-05,20.2,23.8,1.783956,2.32715,3.6
2014-05-06,2014-05,18.8,20.4,2.122891,2.416118,1.6
2014-05-07,2014-05,19.8,21.2,1.011599,2.475741,1.4
2014-05-08,2014-05,21.2,23.2,1.398809,2.424012,2
2014-05-09,2014-05,20.9,22.2,1.043631,2.306765,1.3
2014-05-10,2014-05,21.5,25.6,2.101587,2.141495,4.1
2014-05-11,2014-05,22.3,26.6,2.480591,2.09726,4.3
2014-05-12,2014-05,23.4,29.4,3.217012,2.765916,6
2014-05-13,2014-05,24.8,29.1,3.030264,3.161012,4.3
2014-05-14,2014-05,27.5,30.9,2.587631,3.457745,3.4
2014-05-15,2014-05,27.3,30.8,1.993949,3.471257,3.5
2014-05-16,2014-05,26.9,30.4,2.03388,3.412038,3.5
2014-05-17,2014-05,26.5,30.2,2.086464,2.993215,3.7
2014-05-18,2014-05,27.5,30.4,1.950214,2.646759,2.9
2014-05-19,2014-05,25.8,32,2.794489,2.462646,6.2
2014-05-20,2014-05,23.1,29.8,3.986122,2.517108,6.7
2014-05-21,2014-05,23.9,30.6,3.895724,2.667833,6.7
2014-05-22,2014-05,28.2,29.9,3.007214,2.607098,1.7
2014-05-23,2014-05,25.4,28.9,1.930458,2.618007,3.5
2014-05-24,2014-05,25.9,31.5,2.840628,2.738369,5.6
2014-05-25,2014-05,26.7,32.6,3.365883,2.91316,5.9
2014-05-26,2014-05,27.8,32,2.960152,3.012246,4.2
2014-05-27,2014-05,27.8,32.7,2.642442,2.998666,4.9
2014-05-28,2014-05,27.6,32.1,2.725803,2.759589,4.5
2014-05-29,2014-05,28.1,31.4,2.278889,2.461944,3.3
2014-05-30,2014-05,27.9,32,2.151743,2.56177,4.1
2014-05-31,2014-05,28.4,32.8,2.483781,2.473518,4.4
2014-06-01,2014-06,28.1,33.2,2.75,2.40735,5.1
2014-06-02,2014-06,28.4,32.7,2.723968,2.289942,4.3
2014-06-03,2014-06,28.4,31.3,2.155613,2.222677,2.9
2014-06-04,2014-06,28.3,32.5,2.107724,2.175623,4.2
2014-06-05,2014-06,28.4,32,2.261268,2.114701,3.6
2014-06-06,2014-06,26.6,30.1,2.311385,2.220426,3.5
2014-06-07,2014-06,25.2,30,2.463568,2.420055,4.8
2014-06-08,2014-06,26.2,31.5,3.007075,2.473855,5.3
2014-06-09,2014-06,25.9,30.5,2.889492,2.438032,4.6
2014-06-10,2014-06,27,30.7,2.439091,2.351985,3.7
2014-06-11,2014-06,27.4,29.4,1.736615,2.305636,2
2014-06-12,2014-06,26.9,32.3,2.45085,2.333515,5.4
2014-06-13,2014-06,26.3,31.9,3.189044,2.403392,5.6
2014-06-14,2014-06,27.8,33.5,3.382676,2.627412,5.7
2014-06-15,2014-06,25.3,30.8,3.565109,2.647735,5.5
2014-06-16,2014-06,26.6,31.9,3.194266,2.648994,5.3
2014-06-17,2014-06,29.2,31.9,2.541653,2.586495,2.7
2014-06-18,2014-06,27.7,32.5,2.263294,2.65176,4.8
2014-06-19,2014-06,27.5,32.6,2.859341,2.759642,5.1
2014-06-20,2014-06,26.2,30.5,2.894823,2.732246,4.3
2014-06-21,2014-06,25.3,30.2,2.683903,2.753415,4.9
2014-06-22,2014-06,25.2,28.1,2.409703,2.692946,2.9
2014-06-23,2014-06,26.5,29.5,1.873277,2.560176,3
2014-06-24,2014-06,26.1,30.3,2.110292,2.493851,4.2
2014-06-25,2014-06,26.1,29.9,2.315167,2.441823,3.8
2014-06-26,2014-06,27.5,33.2,3.108456,2.529616,5.7
2014-06-27,2014-06,28.4,33.7,3.203123,2.64952,5.3
2014-06-28,2014-06,28.5,33.1,2.868652,2.771762,4.6
2014-06-29,2014-06,26.7,32.2,3.029164,2.780138,5.5
2014-06-30,2014-06,27.1,32.5,3.153173,2.748083,5.4
2014-07-01,2014-07,26.3,31.6,3.127699,2.815078,5.3
2014-07-02,2014-07,28,32.9,3.071373,2.811161,4.9
2014-07-03,2014-07,29.1,33.1,2.609438,2.746141,4
2014-07-04,2014-07,29.3,33.8,2.471673,2.708374,4.5
2014-07-05,2014-07,28.9,33.8,2.718455,2.694864,4.9
2014-07-06,2014-07,27.9,32.9,2.910183,2.714705,5
2014-07-07,2014-07,26.9,30.3,2.678308,2.653677,3.4
2014-07-08,2014-07,28.4,33.5,2.846489,2.635455,5.1
2014-07-09,2014-07,28.4,33.4,2.915905,2.553919,5
2014-07-10,2014-07,27.4,32.7,3.014824,2.588404,5.3
2014-07-11,2014-07,26.8,32.2,3.105238,2.688711,5.4
2014-07-12,2014-07,28.3,33.6,3.200391,2.711181,5.3
2014-07-13,2014-07,28.5,33.1,2.866327,2.672507,4.6
2014-07-14,2014-07,27,32.3,2.940947,2.699012,5.3
2014-07-15,2014-07,28.8,33.8,3.123433,2.729316,5
2014-07-16,2014-07,28.1,33.5,3.018278,2.745777,5.4
2014-07-17,2014-07,26.7,32.1,3.220766,2.788899,5.4
2014-07-18,2014-07,26.3,29,2.663801,2.81436,2.7
2014-07-19,2014-07,26.9,31.7,2.441823,2.783575,4.8
2014-07-20,2014-07,26.4,32.2,3.073543,2.797261,5.8
2014-07-21,2014-07,27.8,32.7,3.147883,2.793676,4.9
2014-07-22,2014-07,26.2,33.2,3.502737,2.915676,7
2014-07-23,2014-07,29.2,32.9,3.325031,2.832953,3.7
2014-07-24,2014-07,27.9,31,2.176388,2.680267,3.1
2014-07-25,2014-07,27.3,33.5,2.882563,2.75315,6.2
2014-07-26,2014-07,26,30.3,3.343028,2.778009,4.3
2014-07-27,2014-07,25.9,30.6,2.601282,2.815367,4.7
2014-07-28,2014-07,27.2,33.2,3.308953,2.8346,6
2014-07-29,2014-07,27.5,34.2,3.690867,2.97724,6.7
2014-07-30,2014-07,28.1,33.6,3.538832,2.894132,5.5
2014-07-31,2014-07,28.7,33.6,3.012197,2.95835,4.9
2014-08-01,2014-08,25.9,34.6,4.109339,3.306131,8.7
2014-08-02,2014-08,26.1,32.8,4.506662,3.339555,6.7
2014-08-03,2014-08,26.1,32.3,3.7295,3.384967,6.2
2014-08-04,2014-08,27.2,32.7,3.411134,3.355965,5.5
2014-08-05,2014-08,27.3,30.7,2.696139,3.260036,3.4
2014-08-06,2014-08,26.1,31.1,2.479247,3.177728,5
2014-08-07,2014-08,26.7,31,2.696139,3.100961,4.3
2014-08-08,2014-08,28.1,32.3,2.574717,3.017477,4.2
2014-08-09,2014-08,28.8,32,2.158703,2.637921,3.2
2014-08-10,2014-08,27.5,32.4,2.403296,2.508178,4.9
2014-08-11,2014-08,28.5,32.1,2.490482,2.342924,3.6
2014-08-12,2014-08,25.2,31.9,3.265348,2.469067,6.7
2014-08-13,2014-08,24.3,28.8,3.491418,2.720417,4.5
2014-08-14,2014-08,25.4,30.7,2.967603,2.761031,5.3
2014-08-15,2014-08,26.7,32.4,3.293428,2.845925,5.7
2014-08-16,2014-08,27.9,31.9,2.85,2.823938,4
2014-08-17,2014-08,27.3,31.9,2.494661,2.854463,4.6
2014-08-18,2014-08,27.7,32.4,2.697375,2.847623,4.7
2014-08-19,2014-08,24.6,31.3,3.55434,3.007657,6.7
2014-08-20,2014-08,22.9,26.5,3.628016,3.153087,3.6
2014-08-21,2014-08,23.9,30.7,3.481379,3.244251,6.8
2014-08-22,2014-08,26.6,31.9,3.69538,3.253485,5.3
2014-08-23,2014-08,27.2,32.2,2.985939,3.221587,5
2014-08-24,2014-08,26.9,33.2,3.289757,3.350323,6.3
2014-08-25,2014-08,27.3,34.1,3.802959,3.535887,6.8
2014-08-26,2014-08,27.9,34.2,3.789789,3.68273,6.3
2014-08-27,2014-08,28.2,31.7,3.009983,3.530982,3.5
2014-08-28,2014-08,28.1,32.1,2.171597,3.106955,4
2014-08-29,2014-08,27.5,34.1,3.176476,2.948672,6.6
2014-08-30,2014-08,27.8,34,3.697296,2.989865,6.2
2014-08-31,2014-08,28.2,31.2,2.895974,2.899303,3
2014-09-01,2014-09,27.1,32.7,2.596151,2.853974,5.6
2014-09-02,2014-09,27.4,32.2,3.011644,2.718701,4.8
2014-09-03,2014-09,27.6,32.8,2.898275,2.62265,5.2
2014-09-04,2014-09,27.4,31.6,2.758623,2.666052,4.2
2014-09-05,2014-09,27.9,32.7,2.644491,2.710443,4.8
2014-09-06,2014-09,27.7,33.6,3.111672,2.651595,5.9
2014-09-07,2014-09,28.3,32.9,3.054368,2.530407,4.6
2014-09-08,2014-09,27.5,31,2.485122,2.565281,3.5
2014-09-09,2014-09,28,32.5,2.397916,2.492581,4.5
2014-09-10,2014-09,28.1,33.9,3.028063,2.578428,5.8
2014-09-11,2014-09,28.1,34.1,3.407345,2.652727,6
2014-09-12,2014-09,26.1,31.6,3.567796,2.765984,5.5
2014-09-13,2014-09,26.9,32.1,3.112743,2.801428,5.2
2014-09-14,2014-09,27.6,33.4,3.23213,2.791348,5.8
2014-09-15,2014-09,26.4,33.2,3.671058,2.932966,6.8
2014-09-16,2014-09,26.2,28.8,3.255252,3.023436,2.6
2014-09-17,2014-09,26.6,30.5,2.007278,3.018609,3.9
2014-09-18,2014-09,26.9,32.5,2.864001,2.957674,5.6
2014-09-19,2014-09,27.4,32.2,3.011644,2.817209,4.8
2014-09-20,2014-09,26.7,33,3.233548,2.873094,6.3
2014-09-21,2014-09,25.7,29.9,3.30996,2.86935,4.2
2014-09-22,2014-09,25.2,29.6,2.493993,2.791654,4.4
2014-09-23,2014-09,25.6,30.1,2.582473,2.61737,4.5
2014-09-24,2014-09,26.4,29.9,2.333809,2.626753,3.5
2014-09-25,2014-09,26.8,31.2,2.347161,2.655427,4.4
2014-09-26,2014-09,27.2,31.4,2.48931,2.550547,4.2
2014-09-27,2014-09,27,31.7,2.573422,2.521607,4.7
2014-09-28,2014-09,26.7,32.8,3.152248,2.498666,6.1
2014-09-29,2014-09,27.2,32.4,3.272486,2.570992,5.2
2014-09-30,2014-09,27.1,33.6,3.413088,2.695791,6.5
2014-10-01,2014-10,25.2,31.4,3.853462,2.781367,6.2
2014-10-02,2014-10,26.6,30.8,3.065942,2.79099,4.2
2014-10-03,2014-10,25.2,30,2.680174,2.874014,4.8
2014-10-04,2014-10,24.9,28.9,2.582634,2.962649,4
2014-10-05,2014-10,25.4,30.7,2.790908,2.999826,5.3
2014-10-06,2014-10,24.5,29.8,3.103761,2.956793,5.3
2014-10-07,2014-10,24.4,28.9,2.853069,2.908808,4.5
2014-10-08,2014-10,23.9,29.1,2.808766,2.689292,5.2
2014-10-09,2014-10,25,29.2,2.750757,2.538692,4.2
2014-10-10,2014-10,24.2,30.3,3.024759,2.610236,6.1
2014-10-11,2014-10,25.1,31.4,3.626293,2.737814,6.3
2014-10-12,2014-10,25,30.9,3.527983,2.856309,5.9
2014-10-13,2014-10,23.8,29.9,3.52231,2.900086,6.1
2014-10-14,2014-10,23,28.7,3.456877,2.962431,5.7
2014-10-15,2014-10,22.8,28.4,3.265348,3.063814,5.6
2014-10-16,2014-10,23.9,27.6,2.741502,3.015184,3.7
2014-10-17,2014-10,23.4,28,2.410221,3.055269,4.6
2014-10-18,2014-10,23.1,28.3,2.834314,3.004656,5.2
2014-10-19,2014-10,24.5,28.5,2.717842,2.785408,4
2014-10-20,2014-10,25,29.4,2.46103,2.639436,4.4
2014-10-21,2014-10,24.6,30.4,2.977135,2.649402,5.8
2014-10-22,2014-10,23.4,30.6,3.785499,2.77554,7.2
2014-10-23,2014-10,23.9,25.7,3.285321,2.646688,1.8
2014-10-24,2014-10,24.2,26,1.053565,2.606882,1.8
2014-10-25,2014-10,24.1,26,1.068878,2.518854,1.9
2014-10-26,2014-10,24.4,28.3,1.923538,2.434988,3.9
2014-10-27,2014-10,24.4,28.7,2.372762,2.452881,4.3
2014-10-28,2014-10,23.7,26.8,2.29056,2.368966,3.1
2014-10-29,2014-10,23.9,27.7,2.027108,2.146276,3.8
2014-10-30,2014-10,24.5,27.5,1.979899,1.720029,3
2014-10-31,2014-10,24.3,28.1,1.979899,1.804762,3.8
2014-11-01,2014-11,23.9,28.6,2.467624,1.956772,4.7
2014-11-02,2014-11,22.9,27.4,2.7313,2.088371,4.5
2014-11-03,2014-11,21,22.9,2.718455,2.399297,1.9
2014-11-04,2014-11,21.9,23.5,1.102648,2.401631,1.6
2014-11-05,2014-11,23,25.2,1.37356,2.378997,2.2
2014-11-06,2014-11,22.7,26.5,1.815673,2.344701,3.8
2014-11-07,2014-11,22.1,24,1.951709,2.29056,1.9
2014-11-08,2014-11,19.3,22.1,1.936276,2.386595,2.8
2014-11-09,2014-11,20.2,23.9,2.048373,2.112779,3.7
2014-11-10,2014-11,22.6,24.7,1.967232,1.831211,2.1
2014-11-11,2014-11,22.8,25,1.25,1.835745,2.2
2014-11-12,2014-11,20,24.3,2.215664,1.998499,4.3
2014-11-13,2014-11,18.6,21.3,2.431049,2.212531,2.7
2014-11-14,2014-11,18.9,23,2.085665,2.119119,4.1
2014-11-15,2014-11,20,24.1,2.45085,2.186474,4.1
2014-11-16,2014-11,20.3,25.8,2.859487,2.324713,5.5
2014-11-17,2014-11,19.2,24.3,3.152777,2.416394,5.1
2014-11-18,2014-11,18.1,23.5,3.081531,2.548594,5.4
2014-11-19,2014-11,19.1,23.7,2.916619,2.526889,4.6
2014-11-20,2014-11,20.2,23.4,2.299275,2.462714,3.2
2014-11-21,2014-11,20.5,24.5,2.129945,2.466002,4
2014-11-22,2014-11,20.7,24.6,2.28236,2.446494,3.9
2014-11-23,2014-11,21.8,24.9,2.073644,2.441277,3.1
2014-11-24,2014-11,21.6,25.7,2.105548,2.386595,4.1
2014-11-25,2014-11,21.9,26.9,2.675039,2.477289,5
2014-11-26,2014-11,22.5,24.8,2.288194,2.223661,2.3
2014-11-27,2014-11,21.4,23,1.417451,2.018415,1.6
2014-11-28,2014-11,21.9,25,1.596611,1.957454,3.1
2014-11-29,2014-11,23.1,24.2,1.347838,1.807945,1.1
2014-11-30,2014-11,22.9,26,1.420094,1.764086,3.1
2014-12-01,2014-12,15.5,23.9,4.569737,2.634633,8.4
2014-12-02,2014-12,14.5,17.6,4.219301,3.523345,3.1
2014-12-03,2014-12,16.7,19.3,1.998958,3.580404,2.6
2014-12-04,2014-12,13.5,18.7,2.614702,3.956261,5.2
2014-12-05,2014-12,12.9,16.8,2.75,4.352734,3.9
2014-12-06,2014-12,15.9,18.8,2.453569,4.107671,2.9
2014-12-07,2014-12,17,18.7,1.402379,3.647459,1.7
2014-12-08,2014-12,15.7,20.7,2.165448,2.774377,5
2014-12-09,2014-12,17.6,20.8,2.491318,2.321781,3.2
2014-12-10,2014-12,17.9,21,1.8246,2.386769,3.1
2014-12-11,2014-12,17.7,21.5,2.003954,2.532061,3.8
2014-12-12,2014-12,14.4,17.7,2.902154,2.428228,3.3
2014-12-13,2014-12,12.1,17.6,2.708628,2.529353,5.5
2014-12-14,2014-12,13.3,18.9,3.284687,2.738826,5.6
2014-12-15,2014-12,17,20.1,2.971391,2.795949,3.1
2014-12-16,2014-12,13.9,19,2.721519,2.828125,5.1
2014-12-17,2014-12,10.8,15.2,3.395463,3.166695,4.4
2014-12-18,2014-12,11.9,15.8,2.45,3.138571,3.9
2014-12-19,2014-12,10.7,14.7,2.375395,2.989419,4
2014-12-20,2014-12,10.8,17.7,3.376759,3.182393,6.9
2014-12-21,2014-12,13.5,18.8,3.717526,3.195563,5.3
2014-12-22,2014-12,10.9,15.5,3.333042,3.17862,4.6
2014-12-23,2014-12,14.5,16.3,2.383275,2.805827,1.8
2014-12-24,2014-12,15.8,21.4,3.029851,3.127292,5.6
2014-12-25,2014-12,15.3,19.1,2.878657,3.135755,3.8
2014-12-26,2014-12,15,17,1.885029,3.040148,2
2014-12-27,2014-12,15.3,17.7,1.30767,2.794966,2.4
2014-12-28,2014-12,12.3,16.1,2.26495,2.593959,3.8
2014-12-29,2014-12,11,17.9,3.219084,2.75789,6.9
2014-12-30,2014-12,12.8,18.4,3.688157,2.649898,5.6
2014-12-31,2014-12,13.2,20.4,3.787699,2.940911,7.2
2015-01-01,2015-01,13.7,19.2,3.704389,2.785199,5.5
2015-01-02,2015-01,13.1,17.1,2.883719,2.756054,4
2015-01-03,2015-01,13.2,17.9,2.53295,2.859888,4.7
2015-01-04,2015-01,15.2,19.6,2.837105,2.991202,4.4
2015-01-05,2015-01,18.1,20.7,2.384673,3.12644,2.6
2015-01-06,2015-01,18.2,23.9,2.729316,3.319582,5.7
2015-01-07,2015-01,16.2,19.2,3.264327,3.148062,3
2015-01-08,2015-01,13.6,18,2.435159,3.018712,4.4
2015-01-09,2015-01,14.1,17.5,2.270095,2.947428,3.4
2015-01-10,2015-01,13.9,19.2,2.606882,2.917869,5.3
2015-01-11,2015-01,14.9,19.6,2.920046,2.830128,4.7
2015-01-12,2015-01,12,17.1,3.23213,3.056987,5.1
2015-01-13,2015-01,11.7,13.9,2.482438,3.255943,2.2
2015-01-14,2015-01,10.3,17.5,3.138471,2.901027,7.2
2015-01-15,2015-01,11.4,17.6,3.89444,2.958371,6.2
2015-01-16,2015-01,14.5,20.2,3.811714,3.121084,5.7
2015-01-17,2015-01,13.5,17.7,3.061998,3.150212,4.2
2015-01-18,2015-01,13.9,19.2,2.814694,3.150212,5.3
2015-01-19,2015-01,13,19.3,3.368976,3.175426,6.3
2015-01-20,2015-01,14.2,18.5,3.116087,3.148121,4.3
2015-01-21,2015-01,14.2,20.4,3.128764,3.205178,6.2
2015-01-22,2015-01,15.3,20.7,3.380828,3.036994,5.4
2015-01-23,2015-01,14.4,19.3,3.05,2.854638,4.9
2015-01-24,2015-01,15.8,18.5,2.29056,2.698634,2.7
2015-01-25,2015-01,16.6,19.7,1.774824,2.644964,3.1
2015-01-26,2015-01,16.6,21.5,2.423496,2.692087,4.9
2015-01-27,2015-01,17.2,19.8,2.286737,2.454851,2.6
2015-01-28,2015-01,16.1,18.5,1.602082,2.318009,2.4
2015-01-29,2015-01,14.9,19.5,2.118962,2.193475,4.6
2015-01-30,2015-01,15.5,19.6,2.523721,2.096734,4.1
2015-01-31,2015-01,14.7,16.5,2.146897,2.043486,1.8
2015-02-01,2015-02,14.2,17.2,1.429452,2.153515,3
2015-02-02,2015-02,14.7,19.1,2.281812,2.211033,4.4
2015-02-03,2015-02,15.5,19.8,2.548692,2.062038,4.3
2015-02-04,2015-02,14.2,17.9,2.493324,2.058144,3.7
2015-02-05,2015-02,12.5,16.5,2.397742,2.253137,4
2015-02-06,2015-02,11,15.7,2.605603,2.45136,4.7
2015-02-07,2015-02,14.4,18.4,3.07395,2.373666,4
2015-02-08,2015-02,13.9,19.5,2.814842,2.581335,5.6
2015-02-09,2015-02,13.7,17.2,2.790908,2.606274,3.5
2015-02-10,2015-02,12.8,17.1,2.281812,2.583465,4.3
2015-02-11,2015-02,13.6,18,2.559134,2.471167,4.4
2015-02-12,2015-02,14.6,21.4,3.542127,2.823702,6.8
2015-02-13,2015-02,14.4,21.5,4.013623,3.075169,7.1
2015-02-14,2015-02,16.8,20.5,3.293428,2.933002,3.7
2015-02-15,2015-02,18.1,19.8,1.671327,2.948665,1.7
2015-02-16,2015-02,17.8,21.6,1.753805,2.982553,3.8
2015-02-17,2015-02,18.2,21.6,2.084866,2.97184,3.4
2015-02-18,2015-02,17.1,19.4,1.92765,2.643735,2.3
2015-02-19,2015-02,16.4,17.9,1.28841,2.386551,1.5
2015-02-20,2015-02,15.9,19.1,1.45688,2.144907,3.2
2015-02-21,2015-02,17.6,21,2.171021,1.821538,3.4
2015-02-22,2015-02,18.9,22,1.992277,1.883614,3.1
2015-02-23,2015-02,17.9,19.1,1.763283,1.875444,1.2
2015-02-24,2015-02,17.8,19.6,0.890693,1.741348,1.8
2015-02-25,2015-02,18.9,20.5,1.140175,1.635224,1.6
2015-02-26,2015-02,19.5,23.8,2.185368,2.015017,4.3
2015-02-27,2015-02,17.9,21.5,2.551307,1.958869,3.6
2015-02-28,2015-02,17.2,19.5,1.910279,1.821343,2.3
2015-03-01,2015-03,17.6,20.4,1.526161,1.795353,2.8
2015-03-02,2015-03,17.1,18.2,1.45459,1.775751,1.1
2015-03-03,2015-03,17,22.5,2.59101,2.0192,5.5
2015-03-04,2015-03,16.3,18.7,2.772935,2.127244,2.4
2015-03-05,2015-03,15.7,16.6,1.304799,2.329869,0.9
2015-03-06,2015-03,16.4,17.4,0.699405,1.940275,1
2015-03-07,2015-03,16.6,18.4,0.909212,1.755373,1.8
2015-03-08,2015-03,16.8,20.3,1.717314,1.828843,3.5
2015-03-09,2015-03,18.1,25.1,3.648173,2.507057,7
2015-03-10,2015-03,16.1,19.4,3.862965,2.567976,3.3
2015-03-11,2015-03,15.5,17.6,1.74069,2.369775,2.1
2015-03-12,2015-03,14.8,16.5,1.219289,2.464473,1.7
2015-03-13,2015-03,15.8,18.3,1.475353,2.450706,2.5
2015-03-14,2015-03,18,20.3,1.8421,2.502665,2.3
2015-03-15,2015-03,19.6,22.5,1.867262,2.730621,2.9
2015-03-16,2015-03,20.4,23.7,1.884144,2.993764,3.3
2015-03-17,2015-03,20.7,24.6,2.114237,2.955193,3.9
2015-03-18,2015-03,21,26,2.634862,3.341151,5
2015-03-19,2015-03,22.3,26.4,2.684989,3.479889,4.1
2015-03-20,2015-03,22.1,28.3,3.07395,3.334966,6.2
2015-03-21,2015-03,21,25.5,3.324029,2.845347,4.5
2015-03-22,2015-03,19.9,22.3,2.424012,2.595244,2.4
2015-03-23,2015-03,19.2,24.5,2.414367,2.659441,5.3
2015-03-24,2015-03,18.4,22.3,2.822528,2.825177,3.9
2015-03-25,2015-03,17.7,19.1,2.032035,3.129856,1.4
2015-03-26,2015-03,17.4,20.5,1.424488,3.190866,3.1
2015-03-27,2015-03,17.9,23.7,2.889492,3.112314,5.8
2015-03-28,2015-03,19.7,24.8,3.262284,2.67774,5.1
2015-03-29,2015-03,20.1,26.7,3.46927,2.8364,6.6
2015-03-30,2015-03,21.5,25.2,3.089094,3.004601,3.7
2015-03-31,2015-03,21.9,25.6,2.148643,3.051878,3.7
2015-04-01,2015-04,22.7,27.2,2.47723,3.264193,4.5
2015-04-02,2015-04,23.6,28.5,2.789265,3.303306,4.9
2015-04-03,2015-04,25,26.9,2.146315,2.997527,1.9
2015-04-04,2015-04,25,29.4,2.085466,2.854207,4.4
2015-04-05,2015-04,24,30.6,3.238827,2.91981,6.6
2015-04-06,2015-04,23.8,29.8,3.652853,2.819626,6
2015-04-07,2015-04,22,27.1,3.467348,2.790512,5.1
2015-04-08,2015-04,16.4,22.1,4.37188,3.641239,5.7
2015-04-09,2015-04,15.9,19.4,2.882707,4.450314,3.5
2015-04-10,2015-04,16.6,20,2.027108,4.782398,3.4
2015-04-11,2015-04,16.4,17.9,1.65605,5.081142,1.5
2015-04-12,2015-04,16.5,22.4,2.817801,4.812687,5.9
2015-04-13,2015-04,18.6,27.2,4.700621,4.40469,8.6
2015-04-14,2015-04,18.1,26.6,4.946632,3.968375,8.5
2015-04-15,2015-04,18.4,27.5,5.095423,4.010486,9.1
2015-04-16,2015-04,19.6,26.1,4.565815,4.147449,6.5
2015-04-17,2015-04,20.7,27.4,3.873414,4.276603,6.7
2015-04-18,2015-04,23.2,27.2,3.2541,4.308577,4
2015-04-19,2015-04,25.8,27.5,1.961929,4.067268,1.7
2015-04-20,2015-04,23,28.6,2.439091,3.822646,5.6
2015-04-21,2015-04,22.5,25.7,2.810101,3.503516,3.2
2015-04-22,2015-04,21.7,26.7,2.424184,3.188207,5
2015-04-23,2015-04,22.1,23.6,2.269178,2.742475,1.5
2015-04-24,2015-04,21.6,29,3.391534,2.75408,7.4
2015-04-25,2015-04,22.2,27.2,3.662422,2.616614,5
2015-04-26,2015-04,22.2,27.9,3.102015,2.717528,5.7
2015-04-27,2015-04,21.8,30.3,4.217819,3.073753,8.5
2015-04-28,2015-04,23.1,28.9,4.201091,3.095851,5.8
2015-04-29,2015-04,24.3,30.1,3.419552,3.304889,5.8
2015-04-30,2015-04,24.9,31.9,3.775359,3.563045,7
2015-05-01,2015-05,25.4,30.8,3.613401,3.581434,5.4
2015-05-02,2015-05,26.4,29.8,2.605123,3.39372,3.4
2015-05-03,2015-05,27,30.4,1.993322,3.286741,3.4
2015-05-04,2015-05,26.9,30.7,2.082466,3.113137,3.8
2015-05-05,2015-05,24.3,30.5,3.076795,2.862604,6.2
2015-05-06,2015-05,24.2,28.9,3.213902,2.752325,4.7
2015-05-07,2015-05,26.5,30.6,2.79583,2.640581,4.1
2015-05-08,2015-05,27.1,30.2,2.099206,2.385084,3.1
2015-05-09,2015-05,24.2,30.5,2.963106,2.471133,6.3
2015-05-10,2015-05,24.3,28.8,3.194266,2.576876,4.5
2015-05-11,2015-05,23.3,29.4,3.096773,2.754511,6.1
2015-05-12,2015-05,22.6,29.5,3.763863,2.939437,6.9
2015-05-13,2015-05,25.2,28.4,3.13515,2.776201,3.2
2015-05-14,2015-05,26.4,31.9,2.930728,2.895219,5.5
2015-05-15,2015-05,27.1,32.6,3.201041,3.068435,5.5
2015-05-16,2015-05,24.6,28.6,3.350995,3.088878,4
2015-05-17,2015-05,24.5,29.6,2.65879,3.015737,5.1
2015-05-18,2015-05,26.1,29.3,2.486463,2.947082,3.2
2015-05-19,2015-05,27.6,29.3,1.541374,2.72824,1.7
2015-05-20,2015-05,25.2,30,2.136001,2.493993,4.8
2015-05-21,2015-05,23.1,25.3,2.915476,2.755237,2.2
2015-05-22,2015-05,22.9,24.3,1.119524,2.812643,1.4
2015-05-23,2015-05,23.9,27.4,1.941434,2.458446,3.5
2015-05-24,2015-05,24.6,29,2.389386,2.484678,4.4
2015-05-25,2015-05,25.4,32.5,3.628935,2.783336,7.1
2015-05-26,2015-05,24.6,28.7,3.600926,2.791386,4.1
2015-05-27,2015-05,27.8,31,2.651258,2.939267,3.2
2015-05-28,2015-05,28.3,31.9,2.007486,3.113673,3.6
2015-05-29,2015-05,29.1,32.5,2.061553,3.196241,3.4
2015-05-30,2015-05,26.1,32.5,3.082748,3.001326,6.4
2015-05-31,2015-05,26.7,31.5,3.268027,2.859108,4.8
2015-06-01,2015-06,28.4,31.2,2.304344,2.677779,2.8
2015-06-02,2015-06,26.5,32.5,2.708628,2.584497,6
2015-06-03,2015-06,28,33.2,3.303029,2.452889,5.2
2015-06-04,2015-06,27.9,32.8,2.920474,2.544266,4.9
2015-06-05,2015-06,27.8,31.4,2.519755,2.545904,3.6
2015-06-06,2015-06,27.2,32.4,2.58457,2.620933,5.2
2015-06-07,2015-06,28.1,32.1,2.683903,2.452473,4
2015-06-08,2015-06,27.8,32.2,2.428305,2.409348,4.4
2015-06-09,2015-06,28.4,31.5,2.197536,2.420709,3.1
2015-06-10,2015-06,27.3,32,2.305067,2.31933,4.7
2015-06-11,2015-06,27.9,32.7,2.768122,2.282314,4.8
2015-06-12,2015-06,25.6,31.7,3.308953,2.411077,6.1
2015-06-13,2015-06,28.5,32.3,3.10309,2.429806,3.8
2015-06-14,2015-06,27.3,33,2.800446,2.468738,5.7
2015-06-15,2015-06,26.7,34,3.782856,2.712617,7.3
2015-06-16,2015-06,28.1,33.4,3.690077,2.780048,5.3
2015-06-17,2015-06,28.5,33,2.838427,2.853419,4.5
2015-06-18,2015-06,28.5,34.2,2.984962,2.934365,5.7
2015-06-19,2015-06,28.6,34.2,3.262284,3.002999,5.6
2015-06-20,2015-06,29.2,34.1,3.041244,2.857971,4.9
2015-06-21,2015-06,26.3,31.9,3.375772,3.014161,5.6
2015-06-22,2015-06,26.7,30,2.688711,3.000194,3.3
2015-06-23,2015-06,26,29.1,1.905256,2.922984,3.1
2015-06-24,2015-06,26.1,30.7,2.317146,2.925342,4.6
2015-06-25,2015-06,26.9,29.7,2.199242,2.869814,2.8
2015-06-26,2015-06,27.1,32.3,2.542964,2.750144,5.2
2015-06-27,2015-06,29.1,32.5,2.614702,2.571049,3.4
2015-06-28,2015-06,27.4,33.6,2.891943,2.550261,6.2
2015-06-29,2015-06,28.9,33.3,3.123033,2.564599,4.4
2015-06-30,2015-06,29.1,32.5,2.276694,2.579656,3.4
2015-07-01,2015-07,29.4,32.7,1.939716,2.48441,3.3
2015-07-02,2015-07,29.5,32.6,1.848423,2.327767,3.1
2015-07-03,2015-07,29.3,32.4,1.793507,2.190805,3.1
2015-07-04,2015-07,28.7,33.8,2.447448,2.149263,5.1
2015-07-05,2015-07,28.5,32.7,2.723203,2.198484,4.2
2015-07-06,2015-07,27.9,30.7,2.193171,2.027149,2.8
2015-07-07,2015-07,26.7,32.7,2.712932,2.182201,6
2015-07-08,2015-07,26.6,31.8,3.254228,2.341082,5.2
2015-07-09,2015-07,25,30.2,3.141125,2.605115,5.2
2015-07-10,2015-07,25.4,32.7,3.753554,2.849437,7.3
2015-07-11,2015-07,27.1,32.9,3.845669,2.956772,5.8
2015-07-12,2015-07,28.7,33.9,3.267517,2.96636,5.2
2015-07-13,2015-07,29,34.4,3.069202,3.101552,5.4
2015-07-14,2015-07,28.6,34.1,3.153173,3.259013,5.5
2015-07-15,2015-07,28.4,33.5,3.070831,3.220966,5.1
2015-07-16,2015-07,28,32.8,2.876775,3.179197,4.8
2015-07-17,2015-07,26.4,32.9,3.327036,3.103546,6.5
2015-07-18,2015-07,28.5,32.4,3.128898,2.833961,3.9
2015-07-19,2015-07,28.2,33.5,2.696294,2.786807,5.3
2015-07-20,2015-07,26.2,29,3.083694,2.874188,2.8
2015-07-21,2015-07,25.2,27.9,1.699755,2.966142,2.7
2015-07-22,2015-07,23.9,28.9,2.321458,3.055589,5
2015-07-23,2015-07,24.9,29,2.65879,2.988304,4.1
2015-07-24,2015-07,27.4,30.1,2.25758,2.816617,2.7
2015-07-25,2015-07,27.3,29.8,1.506652,2.551046,2.5
2015-07-26,2015-07,25.9,30.4,2.114237,2.439535,4.5
2015-07-27,2015-07,27.7,31.6,2.580698,2.184033,3.9
2015-07-28,2015-07,27.5,32.9,2.737852,2.472516,5.4
2015-07-29,2015-07,25.8,31.6,3.349129,2.571697,5.8
2015-07-30,2015-07,26.3,30.9,3.022692,2.421974,4.6
2015-07-31,2015-07,26.1,31.8,2.997082,2.434192,5.7
2015-08-01,2015-08,26.9,32.2,3.196352,2.579139,5.3
2015-08-02,2015-08,26.8,32.3,3.118226,2.727079,5.5
2015-08-03,2015-08,27.3,33.3,3.350995,2.813746,6
2015-08-04,2015-08,26.8,33.3,3.614208,2.976547,6.5
2015-08-05,2015-08,27.6,33.3,3.536948,3.004268,5.7
2015-08-06,2015-08,27.8,33.1,3.177525,2.969147,5.3
2015-08-07,2015-08,28.2,33.3,3.007768,2.977352,5.1
2015-08-08,2015-08,30,36.3,3.587478,3.159054,6.3
2015-08-09,2015-08,26.9,34.7,4.312289,3.305526,7.8
2015-08-10,2015-08,25.1,30.6,4.252352,3.432103,5.5
2015-08-11,2015-08,26.3,32.8,3.612017,3.476822,6.5
2015-08-12,2015-08,27.8,33.7,3.650114,3.440294,5.9
2015-08-13,2015-08,26.4,29.6,3.166886,3.436059,3.2
2015-08-14,2015-08,25.6,28.8,1.904381,3.49208,3.2
2015-08-15,2015-08,24.9,28.6,2.01391,3.548327,3.7
2015-08-16,2015-08,26.9,31.2,2.669582,3.096443,4.3
2015-08-17,2015-08,28.3,32.4,2.539029,2.81019,4.1
2015-08-18,2015-08,28.4,33.8,2.801636,2.892627,5.4
2015-08-19,2015-08,28.1,32.8,2.946608,2.810568,4.7
2015-08-20,2015-08,26.8,31.2,2.758472,2.649748,4.4
2015-08-21,2015-08,26.9,33.4,3.272486,2.839241,6.5
2015-08-22,2015-08,28.4,32,3.033562,2.748992,3.6
2015-08-23,2015-08,28,32.9,2.486463,2.579785,4.9
2015-08-24,2015-08,28.3,33.2,2.834314,2.589072,4.9
2015-08-25,2015-08,27.9,34.4,3.331166,2.763203,6.5
2015-08-26,2015-08,27.8,31.7,3.198437,2.670799,3.9
2015-08-27,2015-08,27,32.4,2.719528,2.718816,5.4
2015-08-28,2015-08,26.9,31.2,2.842974,2.710719,4.3
2015-08-29,2015-08,26.5,29.6,2.239792,2.602787,3.1
2015-08-30,2015-08,25.8,27.9,1.678293,2.742193,2.1
2015-08-31,2015-08,25.8,29,1.594522,2.710689,3.2
2015-09-01,2015-09,25.7,28.9,1.848423,2.597683,3.2
2015-09-02,2015-09,24.5,27.7,1.973153,2.301738,3.2
2015-09-03,2015-09,25.8,29,1.994158,2.166939,3.2
2015-09-04,2015-09,27,32.9,3.1106,2.241093,5.9
2015-09-05,2015-09,27.2,31.9,3.088149,2.311565,4.7
2015-09-06,2015-09,27.8,32.3,2.672078,2.506924,4.5
2015-09-07,2015-09,26.7,29.6,2.445404,2.488072,2.9
2015-09-08,2015-09,26.4,30.7,2.129945,2.522491,4.3
2015-09-09,2015-09,26.5,31.2,2.606402,2.567359,4.7
2015-09-10,2015-09,26.5,31.3,2.742718,2.466712,4.8
2015-09-11,2015-09,26.8,31,2.603843,2.446188,4.2
2015-09-12,2015-09,26.2,30.5,2.474369,2.319734,4.3
2015-09-13,2015-09,25.8,31.2,2.819427,2.35944,5.4
2015-09-14,2015-09,25.9,31.4,3.147883,2.378086,5.5
2015-09-15,2015-09,26.5,31.9,3.162673,2.519491,5.4
2015-09-16,2015-09,26.9,31,2.771732,2.508087,4.1
2015-09-17,2015-09,27.1,30.6,2.201515,2.441823,3.5
2015-09-18,2015-09,26.8,31.8,2.505161,2.461402,5
2015-09-19,2015-09,26.8,30.6,2.587148,2.439911,3.8
2015-09-20,2015-09,27.1,31.1,2.264214,2.41729,4
2015-09-21,2015-09,25.5,28.7,2.388863,2.364944,3.2
2015-09-22,2015-09,26.3,31,2.487804,2.30672,4.7
2015-09-23,2015-09,27.3,32,2.774287,2.2727,4.7
2015-09-24,2015-09,27.4,32,2.684989,2.325573,4.6
2015-09-25,2015-09,28.1,32.2,2.528998,2.397212,4.1
2015-09-26,2015-09,26.9,32.2,2.757414,2.423634,5.3
2015-09-27,2015-09,26.5,30.2,2.728247,2.42864,3.7
2015-09-28,2015-09,25.8,32.8,3.278592,2.647003,7
2015-09-29,2015-09,27.4,31.3,3.271468,2.566937,3.9
2015-09-30,2015-09,28.2,32.7,2.512635,2.564339,4.5
2015-10-01,2015-10,26.4,31.7,2.951271,2.608416,5.3
2015-10-02,2015-10,26.5,31.6,3.002776,2.641583,5.1
2015-10-03,2015-10,24.2,29.7,3.293428,2.825944,5.5
2015-10-04,2015-10,24.9,27.8,2.5619,2.839124,2.9
2015-10-05,2015-10,25.4,27.8,1.543535,2.876311,2.4
2015-10-06,2015-10,25.3,26.8,1.198263,2.675125,1.5
2015-10-07,2015-10,25,27.6,1.233896,2.616614,2.6
2015-10-08,2015-10,26.1,30,2.163909,2.350886,3.9
2015-10-09,2015-10,24.8,29.4,2.5224,2.197565,4.6
2015-10-10,2015-10,21.1,26.6,3.476948,2.315302,5.5
2015-10-11,2015-10,18.5,22.1,3.376759,2.996554,3.6
2015-10-12,2015-10,21,24.9,2.652515,3.13879,3.9
2015-10-13,2015-10,23.3,27.8,2.857155,3.171376,4.5
2015-10-14,2015-10,23.1,28.2,2.777289,3.279983,5.1
2015-10-15,2015-10,23.1,28.7,3.095561,3.384517,5.6
2015-10-16,2015-10,23.3,29.4,3.390551,3.33256,6.1
2015-10-17,2015-10,23.6,30.8,3.883619,3.491937,7.2
2015-10-18,2015-10,23.5,29.1,3.759876,3.516153,5.6
2015-10-19,2015-10,23.1,28.2,3.114884,3.065391,5.1
2015-10-20,2015-10,23.8,29.1,3.038092,2.948608,5.3
2015-10-21,2015-10,24.3,29.2,2.951836,2.966753,4.9
2015-10-22,2015-10,25.3,30.6,3.0271,3.016779,5.3
2015-10-23,2015-10,24.8,30.7,3.239856,3.047184,5.9
2015-10-24,2015-10,24.9,29.6,3.093003,2.961053,4.7
2015-10-25,2015-10,25.4,26.6,2.107724,2.676534,1.2
2015-10-26,2015-10,24.5,26.2,0.928709,2.537182,1.7
2015-10-27,2015-10,24.3,30.1,2.688711,2.561477,5.8
2015-10-28,2015-10,25.5,29.2,2.809953,2.466306,3.7
2015-10-29,2015-10,25.5,28.4,1.933046,2.357258,2.9
2015-10-30,2015-10,25.3,29.6,2.136976,2.266238,4.3
2015-10-31,2015-10,24.4,27.2,2.301268,2.06033,2.8
2015-11-01,2015-11,20.5,24.5,2.757414,2.436801,4
2015-11-02,2015-11,19.7,26,3.053277,2.90407,6.3
2015-11-03,2015-11,22.3,25.8,3.022692,3.009589,3.5
2015-11-04,2015-11,23.1,26.6,2.07284,2.816972,3.5
2015-11-05,2015-11,24.5,28.2,2.252406,2.735934,3.7
2015-11-06,2015-11,24.7,26.3,1.717314,2.611569,1.6
2015-11-07,2015-11,25.2,28.4,1.642153,2.481095,3.2
2015-11-08,2015-11,25.5,28.7,1.855622,2.601282,3.2
2015-11-09,2015-11,24.8,30.3,2.610715,2.617306,5.5
2015-11-10,2015-11,24,25.9,2.810101,2.145839,1.9
2015-11-11,2015-11,22.6,25.4,1.486327,2.117192,2.8
2015-11-12,2015-11,23.6,24.2,1.17047,2.110519,0.6
2015-11-13,2015-11,21,25.3,1.8246,2.304986,4.3
2015-11-14,2015-11,22.3,26.9,2.703547,2.448665,4.6
2015-11-15,2015-11,23.5,24.8,1.968714,2.332238,1.3
2015-11-16,2015-11,23.6,25.9,1.132843,2.134391,2.3
2015-11-17,2015-11,24.4,27.2,1.598697,1.674465,2.8
2015-11-18,2015-11,24.1,29.1,2.384673,2.017662,5
2015-11-19,2015-11,24.5,28.5,2.614702,2.158616,4
2015-11-20,2015-11,24.4,25.9,1.910279,2.135689,1.5
2015-11-21,2015-11,23.9,26,1.059874,1.881444,2.1
2015-11-22,2015-11,24,27.6,1.770828,1.79067,3.6
2015-11-23,2015-11,23.7,28.4,2.42126,1.908577,4.7
2015-11-24,2015-11,23.3,26.6,2.428992,1.945079,3.3
2015-11-25,2015-11,18.2,25.3,3.691883,2.65235,7.1
2015-11-26,2015-11,15.8,21.2,4.096645,3.441602,5.4
2015-11-27,2015-11,15.3,20.4,3.05546,3.951793,5.1
2015-11-28,2015-11,19.2,22.9,3.167018,3.968018,3.7
2015-11-29,2015-11,20.3,24.1,2.264766,3.904821,3.8
2015-11-30,2015-11,20.4,25.2,2.523225,3.715996,4.8
2015-12-01,2015-12,22,25.1,2.372586,3.369118,3.1
2015-12-02,2015-12,22.2,25,1.705628,3.201432,2.8
2015-12-03,2015-12,19.6,22.3,2.205108,2.968922,2.7
2015-12-04,2015-12,18.4,21,1.691892,2.708474,2.6
2015-12-05,2015-12,15.7,20.3,2.369951,2.651847,4.6
2015-12-06,2015-12,15.4,18.1,2.294014,3.077438,2.7
2015-12-07,2015-12,15.4,19.3,1.967232,3.258195,3.9
2015-12-08,2015-12,17,19,1.828251,3.084991,2
2015-12-09,2015-12,16.9,18.9,1.156143,2.703755,2
2015-12-10,2015-12,17.6,20.9,1.757603,2.078421,3.3
2015-12-11,2015-12,17.9,23,2.574879,2.155149,5.1
2015-12-12,2015-12,19.4,20.7,2.161018,2.146848,1.3
2015-12-13,2015-12,19.7,21,0.770281,2.076174,1.3
2015-12-14,2015-12,19.1,21.3,1.046821,1.940608,2.2
2015-12-15,2015-12,16,20.4,2.316607,1.889621,4.4
2015-12-16,2015-12,13.4,17.2,2.904594,2.388549,3.8
2015-12-17,2015-12,11.5,15.2,2.440458,3.119716,3.7
2015-12-18,2015-12,11.3,16.5,2.624722,3.519754,5.2
2015-12-19,2015-12,13.8,18.2,3.0337,3.353152,4.4
2015-12-20,2015-12,17,18.6,2.175623,3.183473,1.6
2015-12-21,2015-12,17.1,21.1,1.912241,3.104775,4
2015-12-22,2015-12,18.7,20.6,1.835529,3.020789,1.9
2015-12-23,2015-12,19.8,22.3,1.515476,3.286988,2.5
2015-12-24,2015-12,21.1,24.7,2.083867,3.743032,3.6
2015-12-25,2015-12,16.1,21.4,3.547182,3.352804,5.3
2015-12-26,2015-12,16.9,19.7,2.46086,2.700733,2.8
2015-12-27,2015-12,16.9,18.8,1.405643,2.364882,1.9
2015-12-28,2015-12,16.3,18.6,1.239624,2.4186,2.3
2015-12-29,2015-12,16.4,18.9,1.391642,2.424596,2.5
2015-12-30,2015-12,15.2,19.2,1.94315,2.588041,4
2015-12-31,2015-12,15.5,20.5,2.654556,2.579632,5
2016-01-01,2016-01,16.8,19.9,2.410221,1.906469,3.1
2016-01-02,2016-01,17.2,21.7,2.319483,1.892342,4.5
2016-01-03,2016-01,18,20.3,2.070427,1.908184,2.3
2016-01-04,2016-01,19.1,22.3,1.840969,2.14273,3.2
2016-01-05,2016-01,20.2,21.3,1.381726,2.192554,1.1
2016-01-06,2016-01,19.2,24.3,2.206808,2.460412,5.1
2016-01-07,2016-01,17,21.4,3.119161,2.3343,4.4
2016-01-08,2016-01,16.5,21,2.582473,2.241093,4.5
2016-01-09,2016-01,17.1,18.9,2.025463,2.226273,1.8
2016-01-10,2016-01,17.2,18.5,0.910586,2.179669,1.3
2016-01-11,2016-01,16.5,20.4,1.713671,2.282022,3.9
2016-01-12,2016-01,16.1,18.5,1.983893,2.292733,2.4
2016-01-13,2016-01,14.2,18.7,2.13912,2.459463,4.5
2016-01-14,2016-01,15.6,17.5,1.994994,1.976603,1.9
2016-01-15,2016-01,14.5,16.1,1.244655,1.919625,1.6
2016-01-16,2016-01,15.5,17.1,1.089342,1.693714,1.6
2016-01-17,2016-01,14.8,20.6,2.585859,1.953074,5.8
2016-01-18,2016-01,11.9,17.8,3.757104,2.297499,5.9
2016-01-19,2016-01,15.3,17.6,2.745299,2.105825,2.3
2016-01-20,2016-01,14.8,16.8,1.299679,2.064784,2
2016-01-21,2016-01,15.1,17.1,1.167619,1.926212,2
2016-01-22,2016-01,10.3,16.2,3.029164,2.377455,5.9
2016-01-23,2016-01,7,10.4,3.824809,3.430932,3.4
2016-01-24,2016-01,3.1,7.1,2.985521,4.759617,4
2016-01-25,2016-01,4.3,10.8,3.421866,4.855444,6.5
2016-01-26,2016-01,8.1,13.5,3.927149,4.739792,5.4
2016-01-27,2016-01,9.8,15.3,3.304921,4.489056,5.5
2016-01-28,2016-01,14.8,17.4,3.220119,4.540884,2.6
2016-01-29,2016-01,15.9,17.4,1.265899,4.615752,1.5
2016-01-30,2016-01,16.2,19.9,1.819341,5.073181,3.7
2016-01-31,2016-01,15.3,16.2,2.044505,5.009088,0.9
2016-02-01,2016-02,10.7,15.6,2.527845,4.043348,4.9
2016-02-02,2016-02,9.4,11.2,2.692428,3.365852,1.8
2016-02-03,2016-02,10.3,14.3,2.130728,3.13134,4
2016-02-04,2016-02,13.3,18.8,3.520772,3.090085,5.5
2016-02-05,2016-02,12.3,18.6,3.431715,3.235609,6.3
2016-02-06,2016-02,11.2,17.4,3.669128,3.33251,6.2
2016-02-07,2016-02,9.9,18.1,4.200397,3.298863,8.2
2016-02-08,2016-02,11.6,19.6,4.767249,3.594156,8
2016-02-09,2016-02,12.7,21.2,4.828647,3.931534,8.5
2016-02-10,2016-02,15.3,17.3,3.584573,3.629365,2
2016-02-11,2016-02,17.2,22.4,3.042477,3.803326,5.2
2016-02-12,2016-02,17.6,21.6,2.680796,3.931242,4
2016-02-13,2016-02,21.3,25.9,3.395095,4.506028,4.6
2016-02-14,2016-02,17.4,24.6,3.797368,4.498588,7.2
2016-02-15,2016-02,11.4,17.5,5.398379,4.328645,6.1
2016-02-16,2016-02,10.9,15.1,3.137276,4.464359,4.2
2016-02-17,2016-02,11.6,14.4,2.060744,4.560916,2.8
2016-02-18,2016-02,11.7,15,1.778342,4.802569,3.3
2016-02-19,2016-02,14.6,16.3,1.94079,4.634684,1.7
2016-02-20,2016-02,12.5,20.1,3.217012,4.644813,7.6
2016-02-21,2016-02,14.7,15.9,3.193744,3.56758,1.2
2016-02-22,2016-02,14.6,17.6,1.397617,2.561827,3
2016-02-23,2016-02,13.7,16.7,1.808314,2.377919,3
2016-02-24,2016-02,12.3,15.5,1.941649,2.256398,3.2
2016-02-25,2016-02,13.5,16.8,2.010597,2.164707,3.3
2016-02-26,2016-02,14,17.6,2.028752,2.077498,3.6
2016-02-27,2016-02,13.8,17.5,2.109305,2.164101,3.7
2016-02-28,2016-02,13.3,20.9,3.550939,2.223661,7.6
2016-02-29,2016-02,14.4,24.8,5.453134,3.225084,10.4
2016-03-01,2016-03,14.6,19.7,4.935838,3.33276,5.1
2016-03-02,2016-03,14.4,20.6,3.283672,3.477972,6.2
2016-03-03,2016-03,15.4,23.8,4.431328,3.738176,8.4
2016-03-04,2016-03,18.1,23.2,4.057401,3.874226,5.1
2016-03-05,2016-03,19.2,23.1,2.636917,3.931242,3.9
2016-03-06,2016-03,19.2,25.9,3.266497,4.088174,6.7
2016-03-07,2016-03,18.9,21.3,3.231486,3.765612,2.4
2016-03-08,2016-03,18.9,21.5,1.445683,3.288135,2.6
2016-03-09,2016-03,17.1,22.9,2.597435,3.154725,5.8
2016-03-10,2016-03,10,17.2,5.282045,3.873107,7.2
2016-03-11,2016-03,10,14.3,3.524557,4.472285,4.3
2016-03-12,2016-03,12.7,14.5,2.079062,4.643593,1.8
2016-03-13,2016-03,14.4,17,1.771064,4.477778,2.6
2016-03-14,2016-03,14.2,16.5,1.431491,3.81818,2.3
2016-03-15,2016-03,14,15.5,1.173314,3.52604,1.5
2016-03-16,2016-03,14.1,16.3,1.117661,3.040388,2.2
2016-03-17,2016-03,15.6,17.4,1.382027,2.243648,1.8
2016-03-18,2016-03,17.2,21.9,2.706012,2.564371,4.7
2016-03-19,2016-03,20.3,24.9,3.210789,3.238512,4.6
2016-03-20,2016-03,17.6,23.1,3.202473,3.347038,5.5
2016-03-21,2016-03,16.4,18.2,2.946608,3.25822,1.8
2016-03-22,2016-03,15.9,17.3,1.014889,3.147056,1.4
2016-03-23,2016-03,17.1,20.6,2.01391,2.966866,3.5
2016-03-24,2016-03,12.7,17.7,3.263306,3.078034,5
2016-03-25,2016-03,11.6,15.7,2.787322,3.506351,4.1
2016-03-26,2016-03,12.6,20.2,3.866415,3.653714,7.6
2016-03-27,2016-03,14.6,22.4,4.608326,3.344741,7.8
2016-03-28,2016-03,15.2,19.9,3.757991,3.06724,4.7
2016-03-29,2016-03,15.7,19.4,2.441994,3.130469,3.7
2016-03-30,2016-03,18.4,22.2,2.684989,3.409985,3.8
2016-03-31,2016-03,19.1,25.5,3.250641,3.930092,6.4
2016-04-01,2016-04,19.9,25.3,3.422962,4.132387,5.4
2016-04-02,2016-04,19.8,23.8,2.782086,3.745308,4
2016-04-03,2016-04,21,26.5,2.99597,3.618281,5.5
2016-04-04,2016-04,20.7,28.1,3.782746,3.70607,7.4
2016-04-05,2016-04,20.7,24.4,3.54248,3.375889,3.7
2016-04-06,2016-04,21.5,26.5,2.673793,3.022334,5
2016-04-07,2016-04,22.4,26.9,2.771732,2.955891,4.5
2016-04-08,2016-04,23.2,27.9,2.706782,2.917505,4.7
2016-04-09,2016-04,24.4,27.5,2.310123,2.867105,3.1
2016-04-10,2016-04,21.3,26.3,2.703547,2.787524,5
2016-04-11,2016-04,20.1,22.8,2.687471,2.824646,2.7
2016-04-12,2016-04,19.9,21.3,1.335103,2.746323,1.4
2016-04-13,2016-04,20.9,25.1,2.277425,2.752332,4.2
2016-04-14,2016-04,21.6,25.2,2.270095,2.67507,3.6
2016-04-15,2016-04,20.6,23.5,2.041854,2.605251,2.9
2016-04-16,2016-04,20.6,28.1,3.541186,2.711088,7.5
2016-04-17,2016-04,24.1,27.5,3.464462,2.702337,3.4
2016-04-18,2016-04,20.1,26.7,3.332667,2.803681,6.6
2016-04-19,2016-04,20.1,21.8,3.121298,2.819685,1.7
2016-04-20,2016-04,20.2,22.9,1.347838,2.764025,2.7
2016-04-21,2016-04,22,28.4,3.533058,2.990847,6.4
2016-04-22,2016-04,21,26.1,3.474071,3.063542,5.1
2016-04-23,2016-04,22.6,27.7,3.08599,3.164379,5.1
2016-04-24,2016-04,23.2,26.1,2.412468,2.911636,2.9
2016-04-25,2016-04,23.9,28.4,2.350886,2.994996,4.5
2016-04-26,2016-04,26,28.5,2.19545,3.003214,2.5
2016-04-27,2016-04,25.4,29.1,1.823001,2.893318,3.7
2016-04-28,2016-04,24.7,28.2,2.129945,2.589844,3.5
2016-04-29,2016-04,22.9,26.3,2.260347,2.418738,3.4
2016-04-30,2016-04,20.8,23.4,2.266422,2.501733,2.6
2016-05-01,2016-05,20.4,23.4,1.624808,2.680291,3
2016-05-02,2016-05,22.8,29.8,4.014972,2.94641,7
2016-05-03,2016-05,22.8,30.8,4.349329,3.216358,8
2016-05-04,2016-05,23.2,28.2,3.903417,3.233754,5
2016-05-05,2016-05,26.2,30.9,3.248974,3.41565,4.7
2016-05-06,2016-05,27.2,30.5,2.350886,3.609617,3.3
2016-05-07,2016-05,27.1,31,2.088859,3.778177,3.9
2016-05-08,2016-05,27.3,31.2,2.254625,3.575845,3.9
2016-05-09,2016-05,26.9,30.6,2.213594,3.001659,3.7
2016-05-10,2016-05,23.7,28.4,2.897125,2.868333,4.7
2016-05-11,2016-05,23.4,28.8,2.922756,2.706258,5.4
2016-05-12,2016-05,23.7,27.6,2.731758,2.65059,3.9
2016-05-13,2016-05,24.4,27.8,2.128184,2.621577,3.4
2016-05-14,2016-05,24,27.7,2.056494,2.629829,3.7
2016-05-15,2016-05,24.4,29.8,2.768122,2.609717,5.4
2016-05-16,2016-05,22.5,27.1,3.185906,2.545323,4.6
2016-05-17,2016-05,23.2,24.6,2.030599,2.379767,1.4
2016-05-18,2016-05,23.4,26.3,1.424488,2.293751,2.9
2016-05-19,2016-05,24,28.1,2.164101,2.200568,4.1
2016-05-20,2016-05,24.3,26.2,1.901754,2.112463,1.9
2016-05-21,2016-05,24.7,28.3,1.811767,2.143167,3.6
2016-05-22,2016-05,25.3,30.8,2.828869,2.427585,5.5
2016-05-23,2016-05,24.8,28.9,2.885019,2.324426,4.1
2016-05-24,2016-05,25.4,30.7,2.821938,2.45272,5.3
2016-05-25,2016-05,26.2,30.9,2.906315,2.524472,4.7
2016-05-26,2016-05,26.7,29.5,2.248518,2.43379,2.8
2016-05-27,2016-05,26,29.1,1.734695,2.344319,3.1
2016-05-28,2016-05,24.5,30.3,2.68623,2.413495,5.8
2016-05-29,2016-05,27.2,31,2.996109,2.424588,3.8
2016-05-30,2016-05,28,32.1,2.347161,2.438707,4.1
2016-05-31,2016-05,28.7,31.8,2.101587,2.413771,3.1
2016-06-01,2016-06,28.6,32.8,2.146897,2.426211,4.2
2016-06-02,2016-06,28.7,33,2.455436,2.476018,4.3
2016-06-03,2016-06,29,32.4,2.239606,2.4992,3.4
2016-06-04,2016-06,24.7,33.8,4.053291,2.846957,9.1
2016-06-05,2016-06,25,30.4,4.411632,2.788428,5.4
2016-06-06,2016-06,24.8,29.1,2.851169,2.977464,4.3
2016-06-07,2016-06,26.3,30.7,2.666302,3.004413,4.4
2016-06-08,2016-06,24.1,30,3.119161,3.209958,5.9
2016-06-09,2016-06,26.6,31.7,3.406856,3.185115,5.1
2016-06-10,2016-06,26.6,31.1,2.782086,3.091972,4.5
2016-06-11,2016-06,25.4,27.8,2.454078,2.990534,2.4
2016-06-12,2016-06,25.4,29.2,1.878829,2.541883,3.8
2016-06-13,2016-06,28.5,31.5,2.517274,2.52349,3
2016-06-14,2016-06,29.2,31.7,1.615292,2.5224,2.5
2016-06-15,2016-06,29.3,32,1.506652,2.550809,2.7
2016-06-16,2016-06,28.2,31.4,1.778342,2.306223,3.2
2016-06-17,2016-06,26.7,32.1,2.572936,2.331157,5.4
2016-06-18,2016-06,27.7,30.8,2.543456,2.251287,3.1
2016-06-19,2016-06,27.8,34.2,3.07395,2.33915,6.4
2016-06-20,2016-06,28.6,34.4,3.53789,2.333801,5.8
2016-06-21,2016-06,28.7,33.7,3.131028,2.462917,5
2016-06-22,2016-06,28.5,33.7,2.945618,2.610715,5.2
2016-06-23,2016-06,28.4,34.1,3.151058,2.779179,5.7
2016-06-24,2016-06,28.8,35.2,3.525502,2.977443,6.4
2016-06-25,2016-06,28.9,35.5,3.754997,3.030924,6.6
2016-06-26,2016-06,29.4,35.1,3.560314,3.07395,5.7
2016-06-27,2016-06,28.6,35.1,3.536948,3.073916,6.5
2016-06-28,2016-06,26.3,32.3,3.899893,3.19238,6
2016-06-29,2016-06,27.5,33.3,3.465545,3.255041,5.8
2016-06-30,2016-06,27.8,33.1,3.207673,3.273097,5.3
2016-07-01,2016-07,27.7,33,3.060501,3.26374,5.3
2016-07-02,2016-07,26.9,32,3.047403,3.209407,5.1
2016-07-03,2016-07,27.3,31.5,2.697375,3.048217,4.2
2016-07-04,2016-07,28,33,2.740438,2.924124,5
2016-07-05,2016-07,25.8,32.6,3.526566,2.88888,6.8
2016-07-06,2016-07,24.7,28.8,3.53683,2.976547,4.1
2016-07-07,2016-07,27.9,34,3.857892,3.02274,6.1
2016-07-08,2016-07,28.1,34.2,3.523729,3.106599,6.1
2016-07-09,2016-07,26.4,35.6,4.507309,3.419747,9.2
2016-07-10,2016-07,26.2,31.3,4.486554,3.437611,5.1
2016-07-11,2016-07,26.1,31.1,2.917048,3.493399,5
2016-07-12,2016-07,27,29,2.225609,3.41194,2
2016-07-13,2016-07,25.6,31.7,2.647483,3.374951,6.1
2016-07-14,2016-07,26.4,30.3,2.960856,3.252224,3.9
2016-07-15,2016-07,28.6,33,2.786126,3.150212,4.4
2016-07-16,2016-07,29,33.2,2.48931,3.041155,4.2
2016-07-17,2016-07,29,33.2,2.424871,2.65687,4.2
2016-07-18,2016-07,28.7,32.4,2.307054,2.589458,3.7
2016-07-19,2016-07,26.7,32.3,2.806392,2.600248,5.6
2016-07-20,2016-07,25.6,31.9,3.468309,2.768634,6.3
2016-07-21,2016-07,27.5,33.3,3.623419,2.709912,5.8
2016-07-22,2016-07,28.1,32.9,3.074085,2.675537,4.8
2016-07-23,2016-07,28,32.8,2.771883,2.692675,4.8
2016-07-24,2016-07,28,34,3.155947,2.800357,6
2016-07-25,2016-07,28.3,35,3.690867,2.984397,6.7
2016-07-26,2016-07,27,32,3.631689,3.058513,5
2016-07-27,2016-07,28,33.4,3.083288,3.036637,5.4
2016-07-28,2016-07,28.1,32.9,2.951836,2.875927,4.8
2016-07-29,2016-07,27.6,33.7,3.170042,2.895715,6.1
2016-07-30,2016-07,28.7,33.5,3.179492,2.899856,4.8
2016-07-31,2016-07,27,33.9,3.451932,3.037207,6.9
2016-08-01,2016-08,26.8,31.6,3.506542,3.003935,4.8
2016-08-02,2016-08,25.1,29.5,2.875761,3.001666,4.4
2016-08-03,2016-08,26.1,27.8,1.936276,3.05297,1.7
2016-08-04,2016-08,26.1,28.6,1.255654,2.981471,2.5
2016-08-05,2016-08,27,32.3,2.736177,2.973935,5.3
2016-08-06,2016-08,27.4,33.2,3.229422,2.93141,5.8
2016-08-07,2016-08,28.2,33.4,3.193222,2.927798,5.2
2016-08-08,2016-08,28.6,33.4,2.891366,2.828597,4.8
2016-08-09,2016-08,26.1,32.7,3.457359,2.949004,6.6
2016-08-10,2016-08,24.7,29.3,3.564641,2.985067,4.6
2016-08-11,2016-08,25.2,29.9,2.703547,3.042306,4.7
2016-08-12,2016-08,26.9,29.4,2.200757,2.991704,2.5
2016-08-13,2016-08,27.1,32.3,2.519755,2.986832,5.2
2016-08-14,2016-08,25.8,29.4,2.852484,2.883979,3.6
2016-08-15,2016-08,25.6,28.4,1.89385,2.727025,2.8
2016-08-16,2016-08,25.5,26.9,1.358921,2.475076,1.4
2016-08-17,2016-08,25.3,28,1.268529,2.155062,2.7
2016-08-18,2016-08,25.9,28.7,1.631717,2.042619,2.8
2016-08-19,2016-08,26.5,31.3,2.44949,2.104242,4.8
2016-08-20,2016-08,27.4,32.4,2.887906,2.37191,5
2016-08-21,2016-08,24.5,31.2,3.612363,2.394856,6.7
2016-08-22,2016-08,27.3,33,3.828838,2.663449,5.7
2016-08-23,2016-08,27.2,33.4,3.439356,2.917183,6.2
2016-08-24,2016-08,27.9,33.5,3.418577,3.033967,5.6
2016-08-25,2016-08,28.1,34.4,3.455792,3.147903,6.3
2016-08-26,2016-08,28.1,33.6,3.421988,3.162673,5.5
2016-08-27,2016-08,27,33.2,3.411134,3.214939,6.2
2016-08-28,2016-08,25.4,31,3.582829,3.315519,5.6
2016-08-29,2016-08,26.2,28,2.483948,3.175682,1.8
2016-08-30,2016-08,26.1,31.2,2.382401,3.162903,5.1
2016-08-31,2016-08,26.6,31.5,2.89655,3.080016,4.9
2016-09-01,2016-09,25.2,30,2.922756,3.054177,4.8
2016-09-02,2016-09,27.5,31,2.605603,2.780887,3.5
2016-09-03,2016-09,25.7,31.2,2.701234,2.669332,5.5
2016-09-04,2016-09,27,30.1,2.578113,2.409141,3.1
2016-09-05,2016-09,25.8,29.2,1.973787,2.286983,3.4
2016-09-06,2016-09,25.7,27.7,1.675311,2.323566,2
2016-09-07,2016-09,25.4,28,1.339154,2.230844,2.6
2016-09-08,2016-09,25.5,28.4,1.596611,2.090255,2.9
2016-09-09,2016-09,25.5,29.4,2.004994,2.028618,3.9
2016-09-10,2016-09,24.5,27.7,2.202082,1.974504,3.2
2016-09-11,2016-09,25.9,31.6,3.076118,2.018869,5.7
2016-09-12,2016-09,26,32.7,3.607862,2.363296,6.7
2016-09-13,2016-09,26,30.9,3.428313,2.474124,4.9
2016-09-14,2016-09,26.9,32.6,3.159114,2.73127,5.7
2016-09-15,2016-09,28,31.9,2.821938,2.810924,3.9
2016-09-16,2016-09,27.3,31.3,2.311385,2.815167,4
2016-09-17,2016-09,27.3,31.6,2.399132,2.804966,4.3
2016-09-18,2016-09,26.3,31.5,2.772935,2.694655,5.2
2016-09-19,2016-09,25.5,32.6,3.593861,2.798214,7.1
2016-09-20,2016-09,22.8,29.5,4.322808,2.993437,6.7
2016-09-21,2016-09,24.7,30.6,3.746109,3.079935,5.9
2016-09-22,2016-09,26.1,28.9,2.667552,2.944479,2.8
2016-09-23,2016-09,26.5,29.9,1.843005,2.8681,3.4
2016-09-24,2016-09,26.6,30.5,2.12191,2.839065,3.9
2016-09-25,2016-09,26.9,30.5,2.168525,2.772694,3.6
2016-09-26,2016-09,27,31.1,2.236627,2.716976,4.1
2016-09-27,2016-09,27.7,34.9,3.623419,2.930273,7.2
2016-09-28,2016-09,28.9,32.2,3.262284,2.662048,3.3
2016-09-29,2016-09,24.9,28.9,2.987055,2.604347,4
2016-09-30,2016-09,24.1,26.4,2.110884,2.845083,2.3
2016-10-01,2016-10,24,29.4,2.538208,3.014742,5.4
2016-10-02,2016-10,26.2,29.8,2.753785,3.003879,3.6
2016-10-03,2016-10,26.6,28.3,1.65605,2.956124,1.7
2016-10-04,2016-10,26.5,29.5,1.443087,2.890494,3
2016-10-05,2016-10,26.9,31.9,2.513961,2.493784,5
2016-10-06,2016-10,25.9,32.4,3.350995,2.541514,6.5
2016-10-07,2016-10,25.5,29.3,3.235609,2.518391,3.8
2016-10-08,2016-10,27,29.9,2.043486,2.361558,2.9
2016-10-09,2016-10,24.9,28.8,2.188607,2.249407,3.9
2016-10-10,2016-10,23.5,28.1,2.53558,2.439091,4.6
2016-10-11,2016-10,22,26.8,2.83196,2.828597,4.8
2016-10-12,2016-10,23,25.8,2.268627,2.988025,2.8
2016-10-13,2016-10,24.2,29.3,2.735416,2.841127,5.1
2016-10-14,2016-10,25,29.9,2.915476,2.582215,4.9
2016-10-15,2016-10,24.6,30.3,3.068659,2.698634,5.7
2016-10-16,2016-10,25.9,30.8,3.112341,2.783935,4.9
2016-10-17,2016-10,24.1,28.8,2.981051,2.820217,4.7
2016-10-18,2016-10,23.9,25.5,2.264766,2.765012,1.6
2016-10-19,2016-10,24.4,25.9,0.932291,2.578598,1.5
2016-10-20,2016-10,24.7,29.5,2.341474,2.571251,4.8
2016-10-21,2016-10,24.4,28,2.503997,2.490105,3.6
2016-10-22,2016-10,26.1,29.4,2.185368,2.416876,3.3
2016-10-23,2016-10,25.8,29.1,1.913113,2.263027,3.3
2016-10-24,2016-10,26.1,29.1,1.822773,2.084546,3
2016-10-25,2016-10,26.1,29.8,1.955121,2.070708,3.7
2016-10-26,2016-10,25.7,30,2.316607,2.065178,4.3
2016-10-27,2016-10,25.4,30.9,2.855404,2.159466,5.5
2016-10-28,2016-10,26.3,31.5,3.12023,2.231507,5.2
2016-10-29,2016-10,24.3,29,3.142584,2.263589,4.7
2016-10-30,2016-10,22.9,26.6,2.677063,2.509416,3.7
2016-10-31,2016-10,23.1,28.7,2.819427,2.691522,5.6
2016-11-01,2016-11,22.5,25.3,2.804758,2.902865,2.8
2016-11-02,2016-11,21,24.8,2.011633,3.133582,3.8
2016-11-03,2016-11,20.1,24.8,2.481095,3.295047,4.7
2016-11-04,2016-11,19.6,25.3,3.016068,3.258604,5.7
2016-11-05,2016-11,21.7,26.9,3.326034,2.825096,5.2
2016-11-06,2016-11,22.4,26.9,2.814694,2.657035,4.5
2016-11-07,2016-11,23.4,28.4,2.839454,2.801421,5
2016-11-08,2016-11,22.1,28.1,3.221801,2.771995,6
2016-11-09,2016-11,19,22.1,3.808215,3.017035,3.1
2016-11-10,2016-11,17,19,2.106142,3.519754,2
2016-11-11,2016-11,17.1,22.3,2.47723,3.71272,5.2
2016-11-12,2016-11,21.6,25.1,3.314991,3.629411,3.5
2016-11-13,2016-11,23.8,26.9,2.230844,3.629049,3.1
2016-11-14,2016-11,23.3,28.1,2.341474,3.728622,4.8
2016-11-15,2016-11,23.8,29.2,2.985521,3.815009,5.4
2016-11-16,2016-11,23.9,26.1,2.533114,3.669009,2.2
2016-11-17,2016-11,23.6,27.5,1.855398,3.643253,3.9
2016-11-18,2016-11,23.5,26.8,2.098412,2.950678,3.3
2016-11-19,2016-11,24,28,2.173131,2.200454,4
2016-11-20,2016-11,25,26.8,1.791647,1.989294,1.8
2016-11-21,2016-11,24,25.3,1.158663,1.950716,1.3
2016-11-22,2016-11,21.6,24.5,1.592692,2.008814,2.9
2016-11-23,2016-11,16.7,21.6,3.236253,2.768987,4.9
2016-11-24,2016-11,15,19.8,2.976995,3.688716,4.8
2016-11-25,2016-11,17.4,22.3,3.137276,3.788926,4.9
2016-11-26,2016-11,13.3,21.1,4.059865,4.252215,7.8
2016-11-27,2016-11,12.8,19.9,4.333878,4.347255,7.1
2016-11-28,2016-11,16.1,20.1,3.476948,3.882391,4
2016-11-29,2016-11,17.5,20.5,2.10634,3.351791,3
2016-11-30,2016-11,17.4,22,2.278157,3.023016,4.6
2016-12-01,2016-12,17.2,22.4,2.834902,3.070613,5.2
2016-12-02,2016-12,18.4,22.4,2.700617,3.069853,4
2016-12-03,2016-12,19.9,22.8,2.090255,3.096207,2.9
2016-12-04,2016-12,21,24.9,2.188607,3.030175,3.9
2016-12-05,2016-12,21.8,25.9,2.36784,2.81282,4.1
2016-12-06,2016-12,19.4,22.9,2.696912,2.60832,3.5
2016-12-07,2016-12,18.2,22.2,2.238117,2.560599,4
2016-12-08,2016-12,17.1,21.7,2.531139,2.585569,4.6
2016-12-09,2016-12,16.5,21.9,2.898275,2.647987,5.4
2016-12-10,2016-12,18.3,23.1,3.074085,2.684027,4.8
2016-12-11,2016-12,19.5,21.5,2.126029,2.661696,2
2016-12-12,2016-12,19,23.3,1.972097,2.575453,4.3
2016-12-13,2016-12,20.7,25.7,2.940947,2.534002,5
2016-12-14,2016-12,18.8,23.4,3.0271,2.590809,4.6
2016-12-15,2016-12,15.6,20.4,3.251154,2.791766,4.8
2016-12-16,2016-12,13.2,17.1,3.013719,3.292922,3.9
2016-12-17,2016-12,13.7,18.6,2.621068,3.507985,4.9
2016-12-18,2016-12,17.2,21.3,3.163332,3.446327,4.1
2016-12-19,2016-12,18.5,22.5,2.447277,3.503879,4
2016-12-20,2016-12,20,22.9,2.090255,3.478314,2.9
2016-12-21,2016-12,21,22.6,1.367175,3.184651,1.6
2016-12-22,2016-12,19.7,24.8,2.197536,3.323897,5.1
2016-12-23,2016-12,19.1,21.9,2.581182,3.223604,2.8
2016-12-24,2016-12,16.9,19.5,2.048577,2.747817,2.6
2016-12-25,2016-12,18.4,20.3,1.472809,2.183842,1.9
2016-12-26,2016-12,19.5,23.7,2.286737,2.170858,4.2
2016-12-27,2016-12,12.8,21.8,4.754296,2.872274,9
2016-12-28,2016-12,11.5,15.7,4.582939,3.65413,4.2
2016-12-29,2016-12,13.9,17.9,2.714774,3.737356,4
2016-12-30,2016-12,14.8,18.6,2.299275,3.428599,3.8
2016-12-31,2016-12,15.6,20.7,2.728095,3.37224,5.1
2017-01-01,2017-01,18.4,20.8,2.448639,3.433851,2.4
2017-01-02,2017-01,18.4,23.3,2.341474,3.655658,4.9
2017-01-03,2017-01,18.9,21.3,2.269178,3.431521,2.4
2017-01-04,2017-01,18.7,21.7,1.569501,3.160564,3
2017-01-05,2017-01,18.9,23.4,2.275046,2.755169,4.5
2017-01-06,2017-01,19.7,25,2.921757,2.715849,5.3
2017-01-07,2017-01,19.7,22.8,2.585859,2.400547,3.1
2017-01-08,2017-01,20.5,25.5,2.605603,2.343182,5
2017-01-09,2017-01,19.7,21.8,2.566937,2.269646,2.1
2017-01-10,2017-01,18.8,20.5,1.272792,2.174693,1.7
2017-01-11,2017-01,18.2,19.7,1.00995,2.249407,1.5
2017-01-12,2017-01,16.9,20.3,1.530523,2.397464,3.4
2017-01-13,2017-01,15.1,17.1,2.16256,2.755411,2
2017-01-14,2017-01,14.5,16.5,1.205543,2.849444,2
2017-01-15,2017-01,14.3,16.8,1.307351,2.952936,2.5
2017-01-16,2017-01,14.7,17.4,1.529706,2.334086,2.7
2017-01-17,2017-01,16.7,19.2,1.860108,2.025987,2.5
2017-01-18,2017-01,18,20,1.440775,1.944865,2
2017-01-19,2017-01,18.7,24.1,2.728858,2.552442,5.4
2017-01-20,2017-01,16.2,20.6,3.329665,2.592674,4.4
2017-01-21,2017-01,14.6,19,2.703085,2.651595,4.4
2017-01-22,2017-01,13.6,19.8,3.104298,2.771454,6.2
2017-01-23,2017-01,15.2,19.4,3.076795,2.720294,4.2
2017-01-24,2017-01,15.7,18.9,2.155613,2.654674,3.2
2017-01-25,2017-01,15.9,20.9,2.505328,2.77077,5
2017-01-26,2017-01,16.2,19.8,2.525866,2.805203,3.6
2017-01-27,2017-01,14.4,21.3,3.178443,2.602171,6.9
2017-01-28,2017-01,16.4,18.8,2.985939,2.494118,2.4
2017-01-29,2017-01,18.1,21.5,2.12132,2.540792,3.4
2017-01-30,2017-01,17.4,23.4,2.836665,2.611186,6
2017-01-31,2017-01,15.9,17.6,3.304921,2.552091,1.7
2017-02-01,2017-02,16.6,22,2.740286,2.664051,5.4
2017-02-02,2017-02,16.2,17.7,2.660044,2.574417,1.5
2017-02-03,2017-02,15.4,19.6,1.848197,2.618579,4.2
2017-02-04,2017-02,16.3,20.9,2.621068,2.440731,4.6
2017-02-05,2017-02,16.7,22,2.897556,2.589007,5.3
2017-02-06,2017-02,16.9,19.7,2.521078,2.520706,2.8
2017-02-07,2017-02,15.9,18.7,1.716586,2.20861,2.8
2017-02-08,2017-02,15.5,20.6,2.414367,2.326003,5.1
2017-02-09,2017-02,11.1,16.8,3.918333,2.691963,5.7
2017-02-10,2017-02,10.8,15.6,3.072865,3.182812,4.8
2017-02-11,2017-02,11.5,17.9,3.378856,3.387077,6.4
2017-02-12,2017-02,12.5,19.1,3.806573,3.420666,6.6
2017-02-13,2017-02,13.1,20.1,3.954744,3.326635,7
2017-02-14,2017-02,15.6,21.1,3.772157,3.441602,5.5
2017-02-15,2017-02,15.3,20.9,3.207673,3.603048,5.6
2017-02-16,2017-02,15.4,24,4.290299,3.969719,8.6
2017-02-17,2017-02,17.1,25.4,4.960763,4.314452,8.3
2017-02-18,2017-02,18,24.1,4.206741,4.228076,6.1
2017-02-19,2017-02,16.4,19.1,3.323653,3.872725,2.7
2017-02-20,2017-02,18.3,25.5,3.949156,3.886022,7.2
2017-02-21,2017-02,16.6,21.1,3.887909,3.618143,4.5
2017-02-22,2017-02,16.4,21.3,2.716002,3.569728,4.9
2017-02-23,2017-02,15,20.2,3.004857,3.583149,5.2
2017-02-24,2017-02,12,15.1,3.402328,3.869539,3.1
2017-02-25,2017-02,10.7,13.8,1.94079,4.085013,3.1
2017-02-26,2017-02,10.6,17,3.037954,4.064024,6.4
2017-02-27,2017-02,15.4,19.8,3.855732,4.109014,4.4
2017-02-28,2017-02,15.1,20.8,2.946608,3.561922,5.7
2017-03-01,2017-03,15.9,22.9,3.779219,3.748866,7
2017-03-02,2017-03,17.2,23.9,4.01113,4.026061,6.7
2017-03-03,2017-03,15.7,20.1,3.612363,4.005579,4.4
2017-03-04,2017-03,16.8,21.8,2.836665,3.962317,5
2017-03-05,2017-03,18.7,24,3.201432,3.690026,5.3
2017-03-06,2017-03,17.9,23.5,3.170042,3.199577,5.6
2017-03-07,2017-03,17.1,20.7,2.909754,3.101068,3.6
2017-03-08,2017-03,15,17.3,2.358495,3.136074,2.3
2017-03-09,2017-03,16,19.6,1.987251,2.980206,3.6
2017-03-10,2017-03,16.4,19.2,1.861899,2.729805,2.8
2017-03-11,2017-03,16.7,18.4,1.345053,2.644861,1.7
2017-03-12,2017-03,17,19.5,1.298717,2.515784,2.5
2017-03-13,2017-03,19.4,24.4,3.106311,2.582691,5
2017-03-14,2017-03,16.8,22,3.279736,2.450774,5.2
2017-03-15,2017-03,16.2,17.9,2.613267,2.420158,1.7
2017-03-16,2017-03,16.8,19,1.236595,2.28589,2.2
2017-03-17,2017-03,17,20.4,1.716586,2.261775,3.4
2017-03-18,2017-03,17.4,20.1,1.77271,2.237819,2.7
2017-03-19,2017-03,18.9,20.6,1.424781,2.214761,1.7
2017-03-20,2017-03,18.6,27.1,3.965686,2.949548,8.5
2017-03-21,2017-03,19.1,27.6,4.91596,3.381364,8.5
2017-03-22,2017-03,17.6,19.7,4.487761,3.287654,2.1
2017-03-23,2017-03,19,24.6,3.044531,3.335909,5.6
2017-03-24,2017-03,18.9,22.4,2.776539,3.249179,3.5
2017-03-25,2017-03,16.5,23.4,3.184337,3.364564,6.9
2017-03-26,2017-03,13.8,16.9,4.073082,3.811993,3.1
2017-03-27,2017-03,16.3,21.5,3.210789,3.942567,5.2
2017-03-28,2017-03,18.1,24.9,3.803507,3.73242,6.8
2017-03-29,2017-03,20.4,23.7,3.102015,3.305746,3.3
2017-03-30,2017-03,21,23.1,1.596872,3.344093,2.1
2017-03-31,2017-03,15.5,23.7,3.733966,3.471689,8.2
2017-04-01,2017-04,15.5,23.9,4.792703,3.73343,8.4
2017-04-02,2017-04,17,24.2,4.546427,3.760269,7.2
2017-04-03,2017-04,17.5,24.5,4.106093,3.495426,7
2017-04-04,2017-04,19.3,26,4.068886,3.560706,6.7
2017-04-05,2017-04,20.9,27.9,4.082789,3.745303,7
2017-04-06,2017-04,22.5,25,3.057641,3.802143,2.5
2017-04-07,2017-04,22.6,27.9,2.544275,4.089371,5.3
2017-04-08,2017-04,23,27.5,2.838427,3.88407,4.5
2017-04-09,2017-04,23.5,27.9,2.582473,3.546736,4.4
2017-04-10,2017-04,26.3,28.1,2.125245,3.287147,1.8
2017-04-11,2017-04,22.2,27.8,2.716616,2.908149,5.6
2017-04-12,2017-04,18.2,22.8,3.937427,3.081497,4.6
2017-04-13,2017-04,18.8,21.5,2.186893,3.236459,2.7
2017-04-14,2017-04,19.9,24.7,2.568235,3.378603,4.8
2017-04-15,2017-04,21.6,26.9,3.128764,3.343146,5.3
2017-04-16,2017-04,23,30.2,3.893905,3.600903,7.2
2017-04-17,2017-04,23.7,29.4,3.749111,3.725895,5.7
2017-04-18,2017-04,23.9,30.7,3.648173,3.924321,6.8
2017-04-19,2017-04,24.7,29.4,3.377746,4.010465,4.7
2017-04-20,2017-04,25.1,27.5,2.197536,3.682368,2.4
2017-04-21,2017-04,22.8,29.4,2.869379,3.33236,6.6
2017-04-22,2017-04,18.5,24.5,4.507032,3.515578,6
2017-04-23,2017-04,19.9,21.8,2.596632,3.769919,1.9
2017-04-24,2017-04,20.9,22.8,1.239624,3.683273,1.9
2017-04-25,2017-04,20.7,22.9,1.187083,3.594156,2.2
2017-04-26,2017-04,22.4,26.8,2.578113,3.250224,4.4
2017-04-27,2017-04,20.6,24,2.629956,2.945024,3.4
2017-04-28,2017-04,20.2,24.8,2.33809,2.773415,4.6
2017-04-29,2017-04,19.9,27.3,3.613401,2.553299,7.4
2017-04-30,2017-04,21.4,28.2,4.160929,2.713147,6.8
2017-05-01,2017-05,22.6,29.5,4.020261,3.048907,6.9
2017-05-02,2017-05,24.3,28.1,3.217012,3.165906,3.8
2017-05-03,2017-05,25.6,31.3,3.083694,3.497976,5.7
2017-05-04,2017-05,22.9,27.6,3.536948,3.512733,4.7
2017-05-05,2017-05,23.4,29.8,3.334042,3.535858,6.4
2017-05-06,2017-05,25.3,31.1,3.645088,3.50047,5.8
2017-05-07,2017-05,24.8,27.7,2.876775,3.119295,2.9
2017-05-08,2017-05,23.1,28.6,2.548856,2.976008,5.5
2017-05-09,2017-05,22.6,29.3,3.539303,2.963437,6.7
2017-05-10,2017-05,25.3,29.6,3.36353,2.994662,4.3
2017-05-11,2017-05,25.7,31.6,3.059956,3.023354,5.9
2017-05-12,2017-05,26,30.7,3.084369,3.000194,4.7
2017-05-13,2017-05,24.5,26.6,2.651415,2.840591,2.1
2017-05-14,2017-05,24.8,29.5,2.295648,2.735934,4.7
2017-05-15,2017-05,24.6,27,2.291106,2.738362,2.4
2017-05-16,2017-05,23.6,26.6,1.619671,2.656062,3
2017-05-17,2017-05,23.8,29.9,2.953388,2.588661,6.1
2017-05-18,2017-05,24.3,27.4,2.852484,2.540308,3.1
2017-05-19,2017-05,23.7,26,1.678293,2.26712,2.3
2017-05-20,2017-05,22.7,24.8,1.421267,2.089617,2.1
2017-05-21,2017-05,23,24.9,1.161895,2.1599,1.9
2017-05-22,2017-05,23.8,25.2,1.014479,1.893575,1.4
2017-05-23,2017-05,24.6,28.5,2.064582,2.027313,3.9
2017-05-24,2017-05,24.2,26.2,1.951709,1.985573,2
2017-05-25,2017-05,23.9,28.5,2.127596,1.780063,4.6
2017-05-26,2017-05,23.9,26.8,2.27358,1.748893,2.9
2017-05-27,2017-05,24,30.4,3.060909,2.184147,6.4
2017-05-28,2017-05,24.8,30.5,3.508442,2.414539,5.7
2017-05-29,2017-05,24.9,30.3,3.205594,2.531987,5.4
2017-05-30,2017-05,25.1,30.9,3.243455,2.68954,5.8
2017-05-31,2017-05,25.6,31.3,3.33004,2.853996,5.7
2017-06-01,2017-06,27.8,30.6,2.628529,2.875174,2.8
2017-06-02,2017-06,28.6,30.6,1.42361,2.811457,2
2017-06-03,2017-06,28.5,32.5,1.898245,2.788428,4
2017-06-04,2017-06,29.3,31.2,1.813606,2.556943,1.9
2017-06-05,2017-06,28.8,33.5,2.133854,2.539283,4.7
2017-06-06,2017-06,28.5,33.8,2.891943,2.496364,5.3
2017-06-07,2017-06,27.2,34,3.534002,2.490214,6.8
2017-06-08,2017-06,28.3,32.5,3.264966,2.298976,4.2
2017-06-09,2017-06,28.1,31.9,2.32379,2.309392,3.8
2017-06-10,2017-06,28,33.8,2.878078,2.494319,5.8
2017-06-11,2017-06,28.1,34.1,3.408812,2.628934,6
2017-06-12,2017-06,25.3,30,3.694478,2.936601,4.7
2017-06-13,2017-06,24.3,28.9,2.752423,3.17175,4.6
2017-06-14,2017-06,25.5,29.5,2.542309,3.145996,4
2017-06-15,2017-06,26.8,31.1,2.539521,2.95587,4.3
2017-06-16,2017-06,27.8,29.6,1.908533,2.832314,1.8
2017-06-17,2017-06,24.4,28.4,2.22935,2.924722,4
2017-06-18,2017-06,24.7,27.3,1.961292,2.700093,2.6
2017-06-19,2017-06,25.3,28.3,1.68523,2.198939,3
2017-06-20,2017-06,25.2,28.2,1.733013,2.102845,3
2017-06-21,2017-06,25.2,29.2,2.061553,2.04816,4
2017-06-22,2017-06,28,32.4,2.982169,2.305419,4.4
2017-06-23,2017-06,27.5,31.6,2.483781,2.348182,4.1
2017-06-24,2017-06,26.4,30.8,2.515784,2.454715,4.4
2017-06-25,2017-06,26.8,31.5,2.647483,2.484217,4.7
2017-06-26,2017-06,28.6,32,2.459505,2.483244,3.4
2017-06-27,2017-06,28.6,31.5,1.830073,2.419013,2.9
2017-06-28,2017-06,28.2,32.3,2.053452,2.331201,4.1
2017-06-29,2017-06,27.9,32.8,2.608959,2.236208,4.9
2017-06-30,2017-06,27.6,33.7,3.198958,2.380441,6.1
2017-07-01,2017-07,26.7,31.7,3.327036,2.446009,5
2017-07-02,2017-07,26.2,30.3,2.696139,2.454791,4.1
2017-07-03,2017-07,26.7,30.7,2.352835,2.433439,4
2017-07-04,2017-07,25.3,28.6,2.345741,2.586375,3.3
2017-07-05,2017-07,26.5,31,2.503997,2.649748,4.5
2017-07-06,2017-07,25.8,28.7,2.350886,2.627007,2.9
2017-07-07,2017-07,26,29.8,1.987251,2.499058,3.8
2017-07-08,2017-07,26.3,28.9,1.887679,2.128693,2.6
2017-07-09,2017-07,27.1,32.3,2.665208,2.185978,5.2
2017-07-10,2017-07,27.5,32.1,2.834902,2.291351,4.6
2017-07-11,2017-07,27.6,32.7,2.811139,2.443733,5.1
2017-07-12,2017-07,27.9,32.9,2.919332,2.528496,5
2017-07-13,2017-07,28.2,33.5,2.985939,2.657184,5.3
2017-07-14,2017-07,27.4,32.8,3.119161,2.685734,5.4
2017-07-15,2017-07,27,32.1,3.048907,2.680477,5.1
2017-07-16,2017-07,26.1,28.5,2.642442,2.708436,2.4
2017-07-17,2017-07,24.4,28.8,2.085665,2.868209,4.4
2017-07-18,2017-07,24.6,27.8,2.233085,2.989419,3.2
2017-07-19,2017-07,24.5,30.8,3.003748,3.047014,6.3
2017-07-20,2017-07,27.2,30.8,3.063087,2.903898,3.6
2017-07-21,2017-07,27.6,32.2,2.440628,2.772694,4.6
2017-07-22,2017-07,26.5,33.1,3.284814,2.834314,6.6
2017-07-23,2017-07,25.6,28.8,3.349627,2.708744,3.2
2017-07-24,2017-07,25.8,31.2,2.670206,2.841706,5.4
2017-07-25,2017-07,27.7,33.1,3.305047,2.925798,5.4
2017-07-26,2017-07,27.1,34.4,3.712479,3.085666,7.3
2017-07-27,2017-07,28,30.6,3.272486,2.842761,2.6
2017-07-28,2017-07,28.1,34.4,3.001527,3.057641,6.3
2017-07-29,2017-07,28.8,33.8,3.283672,3.131107,5
2017-07-30,2017-07,29.6,34.8,2.990541,3.149153,5.2
2017-07-31,2017-07,29.8,32.4,2.456963,2.923468,2.6
2017-08-01,2017-08,28.3,33.2,2.27358,2.775901,4.9
2017-08-02,2017-08,27.3,31,2.671454,2.74457,3.7
2017-08-03,2017-08,25.3,29.8,2.55147,2.757656,4.5
2017-08-04,2017-08,25.9,29.3,2.302716,2.926858,3.4
2017-08-05,2017-08,27.1,34,3.572464,2.945392,6.9
2017-08-06,2017-08,28.5,32.9,3.34203,2.885365,4.4
2017-08-07,2017-08,27.3,33,2.956772,2.786986,5.7
2017-08-08,2017-08,28.4,32.8,2.95113,2.833542,4.4
2017-08-09,2017-08,26.3,31,2.859341,2.802313,4.7
2017-08-10,2017-08,27.6,31.4,2.515784,2.805679,3.8
2017-08-11,2017-08,28.9,31.6,1.951709,2.636159,2.7
2017-08-12,2017-08,29,32.5,1.827567,2.514748,3.5
2017-08-13,2017-08,28.6,32.4,2.11404,2.283236,3.8
2017-08-14,2017-08,28.8,32.5,2.166987,2.239857,3.7
2017-08-15,2017-08,28.1,32.9,2.475715,2.172096,4.8
2017-08-16,2017-08,28.2,31.2,2.356551,2.089298,3
2017-08-17,2017-08,27.9,33,2.454078,2.048373,5.1
2017-08-18,2017-08,28.1,34.3,3.305929,2.230695,6.2
2017-08-19,2017-08,28.4,34,3.410767,2.412528,5.6
2017-08-20,2017-08,28.5,33.4,3.041244,2.494786,4.9
2017-08-21,2017-08,28.6,34.5,3.150132,2.644113,5.9
2017-08-22,2017-08,28,36.6,4.2797,3.043511,8.6
2017-08-23,2017-08,25.4,29.5,4.792616,3.245304,4.1
2017-08-24,2017-08,27.3,31.5,2.647483,3.301893,4.2
2017-08-25,2017-08,27.8,32.7,2.680019,3.293402,4.9
2017-08-26,2017-08,26.2,34.3,3.864798,3.419009,8.1
2017-08-27,2017-08,24,26.9,4.473999,3.685648,2.9
2017-08-28,2017-08,24.5,26.3,1.393736,3.82561,1.8
2017-08-29,2017-08,24.6,31.4,3.24037,3.752133,6.8
2017-08-30,2017-08,27,31.6,3.434628,3.221568,4.6
2017-08-31,2017-08,26.2,32.8,3.286335,3.370058,6.6
2017-09-01,2017-09,26.1,31.7,3.550587,3.422907,5.6
2017-09-02,2017-09,26.4,30.4,2.824299,3.305551,4
2017-09-03,2017-09,25.6,29.9,2.426761,2.947061,4.3
2017-09-04,2017-09,25.3,27.6,2.127596,2.839219,2.3
2017-09-05,2017-09,25.9,30.7,2.42126,2.778609,4.8
2017-09-06,2017-09,27.3,32.3,2.959167,2.689734,5
2017-09-07,2017-09,27.5,30.7,2.456963,2.614447,3.2
2017-09-08,2017-09,26.9,30.9,2.094437,2.408872,4
2017-09-09,2017-09,26,32,2.944486,2.443461,6
2017-09-10,2017-09,26.7,32.2,3.333042,2.560591,5.5
2017-09-11,2017-09,27.6,32.4,2.997082,2.606274,4.8
2017-09-12,2017-09,27.9,32.8,2.807579,2.582473,4.9
2017-09-13,2017-09,28.3,34,3.103224,2.669137,5.7
2017-09-14,2017-09,27.6,31.5,2.967041,2.607649,3.9
2017-09-15,2017-09,27.8,33.2,2.774137,2.727606,5.4
2017-09-16,2017-09,27.7,32.6,2.983706,2.751053,4.9
2017-09-17,2017-09,28.5,32.6,2.618524,2.605347,4.1
2017-09-18,2017-09,27.8,32.9,2.673948,2.560859,5.1
2017-09-19,2017-09,27.6,32.2,2.815878,2.550523,4.6
2017-09-20,2017-09,27.6,32,2.599359,2.525858,4.4
2017-09-21,2017-09,27.9,32,2.456793,2.394847,4.1
2017-09-22,2017-09,26.1,32,2.978814,2.547605,5.9
2017-09-23,2017-09,26.7,31.4,3.079502,2.513696,4.7
2017-09-24,2017-09,27.1,30.5,2.372586,2.451182,3.4
2017-09-25,2017-09,27.7,31.9,2.280351,2.434714,4.2
2017-09-26,2017-09,27.8,32.9,2.715849,2.434714,5.1
2017-09-27,2017-09,27.7,33,3.002776,2.493984,5.3
2017-09-28,2017-09,28.2,34.1,3.270576,2.646476,5.9
2017-09-29,2017-09,28.8,33.1,2.982728,2.685734,4.3
2017-09-30,2017-09,25.9,30.3,3.002638,2.651093,4.4
2017-10-01,2017-10,27.6,30.1,2.110884,2.558507,2.5
2017-10-02,2017-10,26.4,32.7,2.796426,2.711181,6.3
2017-10-03,2017-10,28.3,33.5,3.424787,2.789146,5.2
2017-10-04,2017-10,27.5,31,2.730537,2.71413,3.5
2017-10-05,2017-10,27.5,30.3,1.840969,2.599607,2.8
2017-10-06,2017-10,27.4,31.1,1.905037,2.396586,3.7
2017-10-07,2017-10,27.9,31.7,2.188416,2.304054,3.8
2017-10-08,2017-10,27.3,31.5,2.32379,2.241391,4.2
2017-10-09,2017-10,28.1,30.9,2.061553,2.239559,2.8
2017-10-10,2017-10,28.6,32.3,1.972097,2.058873,3.7
2017-10-11,2017-10,28.3,32.5,2.285279,1.947381,4.2
2017-10-12,2017-10,27.6,32.7,2.70108,2.06324,5.1
2017-10-13,2017-10,24.5,30.6,3.576311,2.397464,6.1
2017-10-14,2017-10,21.9,25.6,3.646459,3.12015,3.7
2017-10-15,2017-10,20.4,26.9,3.053959,3.682113,6.5
2017-10-16,2017-10,25.6,27.5,3.23213,3.613124,1.9
2017-10-17,2017-10,24.7,27.6,1.434108,3.58045,2.9
2017-10-18,2017-10,24,29.5,2.5619,3.448424,5.5
2017-10-19,2017-10,23.4,27.9,2.969848,3.184023,4.5
2017-10-20,2017-10,22.3,27.8,2.921757,2.836165,5.5
2017-10-21,2017-10,21.6,27.2,3.226324,2.720286,5.6
2017-10-22,2017-10,20.2,26.3,3.445166,2.900395,6.1
2017-10-23,2017-10,20.8,27.7,3.803945,2.896197,6.9
2017-10-24,2017-10,22.5,27.3,3.451932,2.963781,4.8
2017-10-25,2017-10,22.7,26.4,2.482438,2.964681,3.7
2017-10-26,2017-10,22.1,28.1,2.895255,2.909059,6
2017-10-27,2017-10,22.1,28.6,3.614208,3.02092,6.5
2017-10-28,2017-10,22.5,28,3.476588,3.025606,5.5
2017-10-29,2017-10,21.7,27,3.161223,3.0081,5.3
2017-10-30,2017-10,20.5,25,2.984962,2.94887,4.5
2017-10-31,2017-10,19,25,3.092329,3.014458,6
2017-11-01,2017-11,20.5,26.4,3.535887,3.079827,5.9
2017-11-02,2017-11,20.9,27.8,3.742548,3.255252,6.9
2017-11-03,2017-11,22,27.6,3.637192,3.220326,5.6
2017-11-04,2017-11,20.7,25.8,3.219084,3.099785,5.1
2017-11-05,2017-11,20.3,25.6,3.007768,3.041244,5.3
2017-11-06,2017-11,21.3,25.8,2.859487,2.979681,4.5
2017-11-07,2017-11,21.8,26,2.521078,2.958089,4.2
2017-11-08,2017-11,23.1,27.3,2.538372,2.833071,4.2
2017-11-09,2017-11,22.8,26.8,2.379075,2.727392,4
2017-11-10,2017-11,22.9,28.4,2.819427,2.672795,5.5
2017-11-11,2017-11,23.4,26.5,2.608959,2.538298,3.1
2017-11-12,2017-11,21.1,23.5,2.214159,2.476792,2.4
2017-11-13,2017-11,21.5,22.7,1.101514,2.36755,1.2
2017-11-14,2017-11,22,24,1.084743,2.27446,2
2017-11-15,2017-11,22.6,23.9,0.984463,2.169322,1.3
2017-11-16,2017-11,22.2,26.2,1.802544,2.103083,4
2017-11-17,2017-11,22.9,26.2,2.126617,2.047437,3.3
2017-11-18,2017-11,20.1,26.5,3.026962,2.000656,6.4
2017-11-19,2017-11,19.4,20.2,3.319136,2.178646,0.8
2017-11-20,2017-11,17.9,20.3,1.109054,2.525569,2.4
2017-11-21,2017-11,17.5,21.4,1.880381,2.806711,3.9
2017-11-22,2017-11,17.3,22.9,2.811139,3.010032,5.6
2017-11-23,2017-11,15.5,20.3,3.268027,3.305551,4.8
2017-11-24,2017-11,16.5,20.8,2.666302,3.152981,4.3
2017-11-25,2017-11,16.9,19.1,2.007278,2.723937,2.2
2017-11-26,2017-11,18.1,22.4,2.36132,2.167016,4.3
2017-11-27,2017-11,18.5,22.1,2.289651,2.285088,3.6
2017-11-28,2017-11,20.6,24.6,2.5671,2.623222,4
2017-11-29,2017-11,21.6,26.4,2.675818,3.050792,4.8
2017-11-30,2017-11,21.8,23.2,2.217356,2.986525,1.4
2017-12-01,2017-12,19.7,23.2,1.654035,2.746809,3.5
2017-12-02,2017-12,17.5,22.9,2.724427,2.687471,5.4
2017-12-03,2017-12,18.9,22.9,2.773085,2.475884,4
2017-12-04,2017-12,18,22.3,2.436357,2.482975,4.3
2017-12-05,2017-12,17.7,20.4,2.167948,2.561762,2.7
2017-12-06,2017-12,17.5,21.1,1.842779,2.576294,3.6
2017-12-07,2017-12,17.8,21.8,2.215852,2.244465,4
2017-12-08,2017-12,15.3,19.4,2.732978,2.401805,4.1
2017-12-09,2017-12,13.3,18,2.728858,2.725925,4.7
2017-12-10,2017-12,14.9,20.4,3.171225,2.728301,5.5
2017-12-11,2017-12,17,21.1,2.914904,2.607681,4.1
2017-12-12,2017-12,17.4,20.6,2.12348,2.484611,3.2
2017-12-13,2017-12,17.9,19,1.417451,2.429326,1.1
2017-12-14,2017-12,18,21.1,1.485485,2.421811,3.1
2017-12-15,2017-12,18.5,21.3,1.717314,2.373605,2.8
2017-12-16,2017-12,12.2,19.5,3.956745,2.739069,7.3
2017-12-17,2017-12,10.8,14,3.815211,3.239695,3.2
2017-12-18,2017-12,9.8,15.8,2.785678,3.679221,6
2017-12-19,2017-12,10.7,16.5,3.438023,3.842563,5.8
2017-12-20,2017-12,12.4,17.8,3.349129,3.809456,5.4
2017-12-21,2017-12,12.4,17,2.905168,3.784684,4.6
2017-12-22,2017-12,14.5,19.1,2.919475,3.551332,4.6
2017-12-23,2017-12,17.1,21.1,2.820756,3.456003,4
2017-12-24,2017-12,18.1,23.1,2.753785,3.82812,5
2017-12-25,2017-12,16.3,19.7,2.88906,3.677295,3.4
2017-12-26,2017-12,16.3,19.7,1.962991,3.310161,3.4
2017-12-27,2017-12,16.2,19.4,1.909625,2.905369,3.2
2017-12-28,2017-12,17.1,20.6,2.028752,2.665638,3.5
2017-12-29,2017-12,17.7,21.5,2.153099,2.322777,3.8
2017-12-30,2017-12,17.6,22.6,2.580052,2.283701,5
2017-12-31,2017-12,15.9,21,3.067436,2.362626,5.1
2018-01-01,2018-01,16.3,19,2.400694,2.165477,2.7
2018-01-02,2018-01,16,19.2,1.709532,2.173314,3.2
2018-01-03,2018-01,18.2,22,2.48931,2.247285,3.8
2018-01-04,2018-01,18.1,20.5,1.892089,2.185397,2.4
2018-01-05,2018-01,17.2,22.8,2.519921,2.352587,5.6
2018-01-06,2018-01,15.9,17.3,3.067029,2.401805,1.4
2018-01-07,2018-01,15.7,17.6,0.963933,2.275806,1.9
2018-01-08,2018-01,9.5,18.7,4.108021,3.026549,9.2
2018-01-09,2018-01,7.9,10.7,4.805552,4.187516,2.8
2018-01-10,2018-01,10.5,15.2,3.031364,4.408004,4.7
2018-01-11,2018-01,12.1,16.1,2.62091,4.159627,4
2018-01-12,2018-01,10.5,15.3,2.64323,3.992138,4.8
2018-01-13,2018-01,11.3,14.6,2.3782,3.291042,3.3
2018-01-14,2018-01,12,17.2,2.688711,3.252224,5.2
2018-01-15,2018-01,13,18.2,3.057232,3.253511,5.2
2018-01-16,2018-01,14.8,22.6,4.224926,3.638956,7.8
2018-01-17,2018-01,15.9,25.5,5.18009,4.160128,9.6
2018-01-18,2018-01,15.9,24,5.146115,4.472117,8.1
2018-01-19,2018-01,17.9,19.3,3.445166,4.403332,1.4
2018-01-20,2018-01,17.4,22.7,2.389386,4.263953,5.3
2018-01-21,2018-01,16.8,21.5,2.938253,3.908831,4.7
2018-01-22,2018-01,17.1,24.8,3.826661,3.819926,7.7
2018-01-23,2018-01,17.2,22.8,3.925451,3.571531,5.6
2018-01-24,2018-01,16.6,18.6,2.795234,3.363629,2
2018-01-25,2018-01,16.1,18.8,1.37447,2.964055,2.7
2018-01-26,2018-01,15.6,18.3,1.58535,2.703077,2.7
2018-01-27,2018-01,14,17.1,1.862794,2.974082,3.1
2018-01-28,2018-01,12.6,18.4,2.684989,3.085335,5.8
2018-01-29,2018-01,8.9,12.9,3.914929,3.806989,4
2018-01-30,2018-01,8.9,11,1.924188,3.845842,2.1
2018-01-31,2018-01,7.8,10.6,1.493039,3.823415,2.8
2018-02-01,2018-02,6.8,12.3,2.52768,3.952336,5.5
2018-02-02,2018-02,9.3,12.3,2.657536,3.630243,3
2018-02-03,2018-02,8.8,11.8,1.755942,3.185743,3
2018-02-04,2018-02,9.1,11.7,1.621727,2.746513,2.6
2018-02-05,2018-02,8.1,11.8,1.864359,1.884929,3.7
2018-02-06,2018-02,7.9,14.2,3.04959,2.091889,6.3
2018-02-07,2018-02,10.5,15.3,3.405266,2.419702,4.8
2018-02-08,2018-02,11.3,16.7,3.017173,2.750568,5.4
2018-02-09,2018-02,13.7,17.1,2.727636,2.913417,3.4
2018-02-10,2018-02,15.9,22.1,3.557152,3.875306,6.2
2018-02-11,2018-02,14.5,19.7,3.4809,4.042854,5.2
2018-02-12,2018-02,11.9,19,3.716966,4.03699,7.1
2018-02-13,2018-02,12.8,18.4,3.692673,3.737892,5.6
2018-02-14,2018-02,14.6,18.6,2.868217,3.292004,4
2018-02-15,2018-02,17.2,24,3.963164,3.558505,6.8
2018-02-16,2018-02,17.5,24.8,4.085238,3.77463,7.3
2018-02-17,2018-02,16.6,20.2,3.68273,3.684359,3.6
2018-02-18,2018-02,16.5,20.2,2.107724,3.552927,3.7
2018-02-19,2018-02,19.5,24.4,3.256276,3.77145,4.9
2018-02-20,2018-02,18.8,25,3.226324,3.662098,6.2
2018-02-21,2018-02,16.7,19.4,3.544362,3.298383,2.7
2018-02-22,2018-02,13,16.8,2.632331,3.540598,3.8
2018-02-23,2018-02,12.8,16.5,2.170061,3.70094,3.7
2018-02-24,2018-02,15.5,20.8,3.323653,3.452819,5.3
2018-02-25,2018-02,18.4,23.5,3.410279,3.631506,5.1
2018-02-26,2018-02,16.5,18.7,2.980352,3.607071,2.2
2018-02-27,2018-02,15.8,23.2,3.337164,3.534756,7.4
2018-02-28,2018-02,18.5,26.2,4.660025,3.695352,7.7
2018-03-01,2018-03,19.4,24.8,3.8422,4.007743,5.4
2018-03-02,2018-03,19.5,24.7,3.060501,3.884585,5.2
2018-03-03,2018-03,21,23.6,2.376272,3.38166,2.6
2018-03-04,2018-03,21.9,27.3,2.783882,3.472343,5.4
2018-03-05,2018-03,23.4,27.8,2.901724,3.708588,4.4
2018-03-06,2018-03,18.3,23.5,3.885443,3.446103,5.2
2018-03-07,2018-03,17.6,20.6,2.662079,3.268276,3
2018-03-08,2018-03,12.5,20.5,3.797368,3.85746,8
2018-03-09,2018-03,11.1,19.8,4.863041,4.559857,8.7
2018-03-10,2018-03,13.7,20.3,4.547069,4.757621,6.6
2018-03-11,2018-03,15.3,22.5,4.135618,4.85441,7.2
2018-03-12,2018-03,16.9,23.3,3.993328,4.528645,6.4
2018-03-13,2018-03,18.1,24.5,3.759433,4.004992,6.4
2018-03-14,2018-03,19.4,20.8,2.762849,3.847071,1.4
2018-03-15,2018-03,20.1,25.1,2.564501,4.155714,5
2018-03-16,2018-03,20.3,26.3,3.214032,4.148408,6
2018-03-17,2018-03,18.6,22,3.305551,3.483293,3.4
2018-03-18,2018-03,19.2,24.1,2.556528,3.1187,4.9
2018-03-19,2018-03,20.7,25.6,2.958603,2.913846,4.9
2018-03-20,2018-03,16.9,25.3,4.142765,3.033782,8.4
2018-03-21,2018-03,14.5,24.1,5.310367,3.403503,9.6
2018-03-22,2018-03,16.2,24.1,5.099265,3.68528,7.9
2018-03-23,2018-03,17.2,24.7,4.471018,3.798925,7.5
2018-03-24,2018-03,19.6,23.8,3.535887,3.638475,4.2
2018-03-25,2018-03,20.5,24.5,2.412468,3.676751,4
2018-03-26,2018-03,20.4,26.5,3.028063,3.80769,6.1
2018-03-27,2018-03,20.8,26,3.272486,3.835921,5.2
2018-03-28,2018-03,21,26.7,3.160564,3.739496,5.7
2018-03-29,2018-03,21.1,27,3.351119,3.375691,5.9
2018-03-30,2018-03,21.2,27.9,3.656045,3.210186,6.7
2018-03-31,2018-03,21.4,27.5,3.69955,3.022244,6.1
2018-04-01,2018-04,21.3,27.9,3.670036,3.097089,6.6
2018-04-02,2018-04,21.5,28.7,3.997916,3.261128,7.2
2018-04-03,2018-04,21.9,29.4,4.25627,3.377172,7.5
2018-04-04,2018-04,22.6,28.5,3.896152,3.405584,5.9
2018-04-05,2018-04,22.7,27.8,3.188521,3.359167,5.1
2018-04-06,2018-04,17.5,26.6,4.642198,3.715373,9.1
2018-04-07,2018-04,16.1,20.3,4.656447,4.215364,4.2
2018-04-08,2018-04,16.3,24.9,4.14568,4.484863,8.6
2018-04-09,2018-04,19,26.5,4.821048,4.509097,7.5
2018-04-10,2018-04,21.1,28.5,4.461222,4.503698,7.4
2018-04-11,2018-04,22.5,27.6,3.671852,4.348597,5.1
2018-04-12,2018-04,23.9,28.1,2.752423,4.320166,4.2
2018-04-13,2018-04,24.6,30.6,3.12943,4.582171,6
2018-04-14,2018-04,25.2,29.9,3.111672,4.533096,4.7
2018-04-15,2018-04,18.6,25.7,4.669404,4.156902,7.1
2018-04-16,2018-04,17.5,19.4,3.683296,4.212595,1.9
2018-04-17,2018-04,17.4,22.9,2.570344,4.328775,5.5
2018-04-18,2018-04,21.1,25.6,3.439477,4.184714,4.5
2018-04-19,2018-04,21.4,26.3,2.7313,4.148393,4.9
2018-04-20,2018-04,22.5,26.2,2.523225,4.044209,3.7
2018-04-21,2018-04,23,27.5,2.434475,3.723238,4.5
2018-04-22,2018-04,23.7,29,2.908608,3.580293,5.3
2018-04-23,2018-04,24.3,30.2,3.279228,3.767493,5.9
2018-04-24,2018-04,23.9,26.7,2.894103,3.218119,2.8
2018-04-25,2018-04,23.3,24.7,1.482116,2.587631,1.4
2018-04-26,2018-04,22.7,24.6,0.984463,2.454112,1.9
2018-04-27,2018-04,22.9,28.5,2.688711,2.469742,5.6
2018-04-28,2018-04,23.1,26.4,2.709705,2.435356,3.3
2018-04-29,2018-04,23.9,29.3,2.795681,2.535613,5.4
2018-04-30,2018-04,24.6,29.2,2.901149,2.523019,4.6
2018-05-01,2018-05,25.4,30.6,2.904594,2.553135,5.2
2018-05-02,2018-05,25.6,31.8,3.328163,2.933229,6.2
2018-05-03,2018-05,22.9,33.5,5.02162,3.472727,10.6
2018-05-04,2018-05,22.1,25.1,5.223026,3.504087,3
2018-05-05,2018-05,23.6,27.7,2.387991,3.435889,4.1
2018-05-06,2018-05,25.4,31,3.193092,3.495753,5.6
2018-05-07,2018-05,24.4,29.6,3.195831,3.482474,5.2
2018-05-08,2018-05,23.7,27.1,2.699383,3.481756,3.4
2018-05-09,2018-05,22.8,25.7,1.941434,3.46208,2.9
2018-05-10,2018-05,22.2,23.9,1.537314,3.319984,1.7
2018-05-11,2018-05,22.3,25.3,1.472809,2.620234,3
2018-05-12,2018-05,24.2,30.6,3.556215,2.84194,6.4
2018-05-13,2018-05,25.3,31.5,3.683296,3.117879,6.2
2018-05-14,2018-05,26.6,31.9,3.365883,3.220915,5.3
2018-05-15,2018-05,27.1,32.3,3.04234,3.448955,5.2
2018-05-16,2018-05,26.1,32.2,3.28773,3.658506,6.1
2018-05-17,2018-05,27.4,33.1,3.466987,3.766608,5.7
2018-05-18,2018-05,27.7,33.4,3.295451,3.547746,5.7
2018-05-19,2018-05,27.8,33.4,3.262284,3.176555,5.6
2018-05-20,2018-05,27.8,34.5,3.57899,3.138411,6.7
2018-05-21,2018-05,28.1,34.7,3.8422,3.144088,6.6
2018-05-22,2018-05,27.9,34.8,3.898183,3.238357,6.9
2018-05-23,2018-05,27.6,35.1,4.160529,3.379053,7.5
2018-05-24,2018-05,28.4,33.5,3.709897,3.265986,5.1
2018-05-25,2018-05,27.6,33.1,3.081666,3.251846,5.5
2018-05-26,2018-05,28.8,34.7,3.390673,3.269225,5.9
2018-05-27,2018-05,26.9,33.4,3.700901,3.337058,6.5
2018-05-28,2018-05,27.8,34.5,3.854435,3.337058,6.7
2018-05-29,2018-05,28.3,35.3,3.973558,3.372332,7
2018-05-30,2018-05,29,35.4,3.879003,3.360134,6.4
2018-05-31,2018-05,28.9,34.8,3.559377,3.259346,5.9
2018-06-01,2018-06,27.8,35.1,3.838837,3.393892,7.3
2018-06-02,2018-06,27.2,32.8,3.848268,3.414961,5.6
2018-06-03,2018-06,27.3,32.6,3.147883,3.405431,5.3
2018-06-04,2018-06,26.5,31.2,2.960856,3.382399,4.7
2018-06-05,2018-06,25.9,29.5,2.506492,3.397156,3.6
2018-06-06,2018-06,26,28.4,1.789786,3.30797,2.4
2018-06-07,2018-06,26,28.6,1.445683,3.098145,2.6
2018-06-08,2018-06,25.3,30.2,2.279437,2.89793,4.9
2018-06-09,2018-06,26.5,30.4,2.588436,2.45737,3.9
2018-06-10,2018-06,27.4,33.4,3.130894,2.526394,6
2018-06-11,2018-06,28,34.3,3.578058,2.723478,6.3
2018-06-12,2018-06,25.2,30.1,3.834058,2.751242,4.9
2018-06-13,2018-06,25.6,28.5,2.350177,2.756258,2.9
2018-06-14,2018-06,25.4,28.6,1.763283,2.795227,3.2
2018-06-15,2018-06,25.7,29.1,1.920069,2.818976,3.4
2018-06-16,2018-06,26.9,31.5,2.556039,2.804015,4.6
2018-06-17,2018-06,26.2,30.8,2.686385,2.839007,4.6
2018-06-18,2018-06,27.4,31.9,2.709705,2.688742,4.5
2018-06-19,2018-06,28.6,31.5,2.197726,2.352835,2.9
2018-06-20,2018-06,28.8,32.4,1.913766,2.379417,3.6
2018-06-21,2018-06,28.7,31.6,1.905037,2.331157,2.9
2018-06-22,2018-06,25.4,30.4,2.693665,2.350381,5
2018-06-23,2018-06,24.4,29.7,3.014824,2.501166,5.3
2018-06-24,2018-06,26.4,32.5,3.578175,2.60812,6.1
2018-06-25,2018-06,26,31.3,3.331166,2.647483,5.3
2018-06-26,2018-06,25.9,33.4,3.793415,2.865164,7.5
2018-06-27,2018-06,27.4,31.9,3.570714,2.920702,4.5
2018-06-28,2018-06,27.7,32.6,2.7313,2.957526,4.9
2018-06-29,2018-06,28.4,32.5,2.614065,3.020424,4.1
2018-06-30,2018-06,28.9,32.8,2.321637,2.975427,3.9
2018-07-01,2018-07,28,32.9,2.5671,2.802826,4.9
2018-07-02,2018-07,25.6,30.6,3.163727,2.797849,5
2018-07-03,2018-07,27,30.5,2.519755,2.696657,3.5
2018-07-04,2018-07,28.4,32.6,2.45,2.458692,4.2
2018-07-05,2018-07,28.4,31.6,2.174856,2.388715,3.2
2018-07-06,2018-07,27.6,32.1,2.255918,2.360429,4.5
2018-07-07,2018-07,26.4,30,2.538208,2.384359,3.6
2018-07-08,2018-07,26.7,30.6,2.182315,2.347161,3.9
2018-07-09,2018-07,25.9,31.8,2.889637,2.383799,5.9
2018-07-10,2018-07,26.8,32.6,3.413088,2.416023,5.8
2018-07-11,2018-07,27.2,32.8,3.295957,2.543415,5.6
2018-07-12,2018-07,28.3,33.4,3.130894,2.618874,5.1
2018-07-13,2018-07,25.9,28.7,3.137276,2.697777,2.8
2018-07-14,2018-07,25.3,29.5,2.061553,2.729522,4.2
2018-07-15,2018-07,25,28.3,2.223173,2.817446,3.3
2018-07-16,2018-07,25.7,31.4,2.90402,2.91819,5.7
2018-07-17,2018-07,26.9,34.3,3.992806,3.102519,7.4
2018-07-18,2018-07,26.4,29.5,3.61513,2.966451,3.1
2018-07-19,2018-07,26.6,29.7,1.793507,2.795405,3.1
2018-07-20,2018-07,26,31.6,2.639918,2.675942,5.6
2018-07-21,2018-07,27.4,33.1,3.367863,2.882584,5.7
2018-07-22,2018-07,27.9,32.4,2.965356,2.905139,4.5
2018-07-23,2018-07,26.3,31.2,2.833725,2.852835,4.9
2018-07-24,2018-07,28,32,2.681262,2.757225,4
2018-07-25,2018-07,27,31.7,2.547384,2.504529,4.7
2018-07-26,2018-07,27.3,32.3,2.813509,2.565273,5
2018-07-27,2018-07,27.7,33,2.991516,2.650338,5.3
2018-07-28,2018-07,28.2,33.7,3.137409,2.64978,5.5
2018-07-29,2018-07,27.9,34.3,3.446133,2.73056,6.4
2018-07-30,2018-07,28.1,33.7,3.473711,2.812591,5.6
2018-07-31,2018-07,27.1,33.2,3.408201,2.838427,6.1
2018-08-01,2018-08,27.9,32.4,3.094619,2.861461,4.5
2018-08-02,2018-08,26.6,32.9,3.169122,2.947421,6.3
2018-08-03,2018-08,29.1,31.8,2.827248,2.836077,2.7
2018-08-04,2018-08,27.3,32.5,2.412986,2.836716,5.2
2018-08-05,2018-08,28.9,33.1,2.801785,2.762969,4.2
2018-08-06,2018-08,28.8,33.8,2.671454,2.672577,5
2018-08-07,2018-08,28.4,34.2,3.126233,2.699136,5.8
2018-08-08,2018-08,27.1,33.9,3.677862,2.750992,6.8
2018-08-09,2018-08,29.2,33.6,3.347138,2.754874,4.4
2018-08-10,2018-08,26,29.5,3.115954,2.765502,3.5
2018-08-11,2018-08,25.8,28.2,1.785824,2.997603,2.4
2018-08-12,2018-08,25.8,28.1,1.357387,3.060937,2.3
2018-08-13,2018-08,27.3,32.6,2.926317,3.077059,5.3
2018-08-14,2018-08,26.4,29.9,2.793445,2.950367,3.5
2018-08-15,2018-08,26.4,30.9,2.345208,2.74602,4.5
2018-08-16,2018-08,26.7,29,2.114237,2.406069,2.3
2018-08-17,2018-08,25.5,28.3,1.577709,2.059773,2.8
2018-08-18,2018-08,25.9,30.9,2.494661,2.165862,5
2018-08-19,2018-08,26.4,30.4,2.614065,2.21238,4
2018-08-20,2018-08,26.1,30.5,2.428305,2.267598,4.4
2018-08-21,2018-08,26.7,30.2,2.296918,2.055845,3.5
2018-08-22,2018-08,24.7,31.8,3.233677,2.345208,7.1
2018-08-23,2018-08,24.6,30.9,3.885872,2.474369,6.3
2018-08-24,2018-08,25.6,31.9,3.682843,2.705303,6.3
2018-08-25,2018-08,27.8,32.9,3.435598,2.857089,5.1
2018-08-26,2018-08,25.5,31.4,3.367492,2.913389,5.9
2018-08-27,2018-08,25.2,29.9,3.123033,2.969449,4.7
2018-08-28,2018-08,25.2,29.2,2.52768,2.98328,4
2018-08-29,2018-08,26.1,29.3,2.111082,2.979485,3.2
2018-08-30,2018-08,26.9,28.9,1.544884,2.710097,2
2018-08-31,2018-08,27,29,1.156143,2.476254,2
2018-09-01,2018-09,25,27.9,1.693861,2.322068,2.9
2018-09-02,2018-09,24.6,29.9,2.509316,2.144411,5.3
2018-09-03,2018-09,25.6,30.5,2.982728,2.040221,4.9
2018-09-04,2018-09,27,32,2.978115,2.17316,5
2018-09-05,2018-09,27.9,33.1,3.001111,2.423144,5.2
2018-09-06,2018-09,28.2,31.8,2.598076,2.508378,3.6
2018-09-07,2018-09,28,31.2,1.979899,2.566117,3.2
2018-09-08,2018-09,25.6,29.6,2.388863,2.659879,4
2018-09-09,2018-09,24.6,30.5,2.910183,2.731292,5.9
2018-09-10,2018-09,24.3,28.3,2.998194,2.746604,4
2018-09-11,2018-09,25.2,32.7,3.792427,2.927798,7.5
2018-09-12,2018-09,26.9,28.7,3.218048,2.800684,1.8
2018-09-13,2018-09,26.3,30.3,1.813836,2.624722,4
2018-09-14,2018-09,26.7,31.7,2.665208,2.644712,5
2018-09-15,2018-09,26.8,35.1,4.082789,3.11121,8.3
2018-09-16,2018-09,23.6,31.8,5.119489,3.371838,8.2
2018-09-17,2018-09,25.8,30.4,3.845344,3.291378,4.6
2018-09-18,2018-09,26.5,31.8,2.928452,3.252429,5.3
2018-09-19,2018-09,26.2,31.4,3.037954,3.098387,5.2
2018-09-20,2018-09,27,31.9,2.940947,3.192485,4.9
2018-09-21,2018-09,27.4,31.9,2.718455,3.210919,4.5
2018-09-22,2018-09,27,33.2,3.138338,3.297044,6.2
2018-09-23,2018-09,27.6,32.4,3.201562,3.00227,4.8
2018-09-24,2018-09,24.8,29.6,3.208323,2.785431,4.8
2018-09-25,2018-09,24.8,30.2,2.954657,2.867105,5.4
2018-09-26,2018-09,25.1,28.6,2.653771,2.864604,3.5
2018-09-27,2018-09,26,30.2,2.345741,2.816018,4.2
2018-09-28,2018-09,25.8,31.3,2.837105,2.833718,5.5
2018-09-29,2018-09,24.3,31.3,3.660032,2.969371,7
2018-09-30,2018-09,25,30.6,3.65969,2.841009,5.6
2018-10-01,2018-10,23.2,29.6,3.564641,2.869959,6.4
2018-10-02,2018-10,25.3,30.4,3.444198,2.885936,5.1
2018-10-03,2018-10,25,30.5,3.062679,2.89226,5.5
2018-10-04,2018-10,24.2,30.5,3.421988,3.033809,6.3
2018-10-05,2018-10,23.6,31.4,4.094203,3.259141,7.8
2018-10-06,2018-10,23.5,30.9,4.392797,3.364316,7.4
2018-10-07,2018-10,25.1,30.5,3.755884,3.264551,5.4
2018-10-08,2018-10,24.3,29.8,3.176345,3.258399,5.5
2018-10-09,2018-10,25.1,29.3,2.826511,3.115954,4.2
2018-10-10,2018-10,22.5,29.2,3.321019,3.255534,6.7
2018-10-11,2018-10,22.3,24.7,3.206634,3.358615,2.4
2018-10-12,2018-10,22,27.1,2.379601,3.352555,5.1
2018-10-13,2018-10,22.7,26.8,2.673948,3.130043,4.1
2018-10-14,2018-10,23.6,27.3,2.29056,2.866989,3.7
2018-10-15,2018-10,24.3,27.9,2.140677,2.663824,3.6
2018-10-16,2018-10,23.2,25.8,2.034699,2.46086,2.6
2018-10-17,2018-10,21.9,25.2,1.800694,2.339863,3.3
2018-10-18,2018-10,20.9,23.9,1.937997,2.164255,3
2018-10-19,2018-10,23,26,2.114237,2.163793,3
2018-10-20,2018-10,23.3,24.9,1.407125,1.978625,1.6
2018-10-21,2018-10,23.2,27.3,1.915507,1.997071,4.1
2018-10-22,2018-10,23.7,27.4,2.261268,2.003819,3.7
2018-10-23,2018-10,24.1,27.4,2.027313,1.952093,3.3
2018-10-24,2018-10,24,27.4,1.934554,2.0383,3.4
2018-10-25,2018-10,24.4,27.7,1.944865,2.045442,3.3
2018-10-26,2018-10,23.9,28.6,2.347339,1.941638,4.7
2018-10-27,2018-10,23.7,27.9,2.586342,1.986276,4.2
2018-10-28,2018-10,21.7,27.5,3.004441,2.194605,5.8
2018-10-29,2018-10,22.2,28.9,3.659121,2.394429,6.7
2018-10-30,2018-10,23.4,28.5,3.445287,2.48018,5.1
2018-10-31,2018-10,22.9,27.2,2.772484,2.540399,4.3
2018-11-01,2018-11,22.6,27.4,2.631064,2.62265,4.8
2018-11-02,2018-11,20.1,24.8,3.112743,2.875,4.7
2018-11-03,2018-11,19.4,23.4,2.591492,3.048825,4
2018-11-04,2018-11,22.3,25.7,2.616614,2.972317,3.4
2018-11-05,2018-11,23.5,26.7,2.009146,2.851403,3.2
2018-11-06,2018-11,23.3,27.1,2.028957,2.648451,3.8
2018-11-07,2018-11,23.6,27.1,2.110884,2.515676,3.5
2018-11-08,2018-11,23.9,27.3,1.99729,2.501699,3.4
2018-11-09,2018-11,22.9,27.1,2.233085,2.465461,4.2
2018-11-10,2018-11,23.4,25.4,1.930458,2.230835,2
2018-11-11,2018-11,22.5,25.7,1.550269,1.843536,3.2
2018-11-12,2018-11,23.2,28,2.509316,1.928719,4.8
2018-11-13,2018-11,23.2,26.3,2.383799,1.925617,3.1
2018-11-14,2018-11,22.7,25.5,1.746186,1.889577,2.8
2018-11-15,2018-11,22.7,23.6,1.320038,1.862212,0.9
2018-11-16,2018-11,22.9,24.9,0.994569,1.758977,2
2018-11-17,2018-11,23.1,23.8,0.903235,1.595084,0.7
2018-11-18,2018-11,22.7,25.8,1.377195,1.650808,3.1
2018-11-19,2018-11,22,25.8,2.012254,1.695042,3.8
2018-11-20,2018-11,22,24,1.828478,1.418861,2
2018-11-21,2018-11,21.2,27.2,2.673325,1.670516,6
2018-11-22,2018-11,18.8,21.9,3.541539,2.033224,3.1
2018-11-23,2018-11,18.1,23.4,2.517274,2.40735,5.3
2018-11-24,2018-11,20.5,23.1,2.485122,2.425661,2.6
2018-11-25,2018-11,17.4,21.6,2.414539,2.738423,4.2
2018-11-26,2018-11,17,20.9,2.36132,2.844637,3.9
2018-11-27,2018-11,19,22.5,2.378375,2.684741,3.5
2018-11-28,2018-11,19.2,21.4,1.707581,2.600641,2.2
2018-11-29,2018-11,19.8,23.3,1.835529,2.099037,3.5
2018-11-30,2018-11,20.1,23.2,1.909625,2.133844,3.1
2018-12-01,2018-12,21.1,24.2,1.880603,2.099037,3.1
2018-12-02,2018-12,21.2,24.3,1.790717,2.199053,3.1
2018-12-03,2018-12,22,26,2.188416,2.30839,4
2018-12-04,2018-12,22.7,27.1,2.482606,2.330728,4.4
2018-12-05,2018-12,22.5,24.8,2.15155,2.228967,2.3
2018-12-06,2018-12,21.6,25.1,1.718527,2.088979,3.5
2018-12-07,2018-12,18.5,23.3,2.807579,2.243871,4.8
2018-12-08,2018-12,16.7,19.7,2.787472,2.761883,3
2018-12-09,2018-12,16.4,18.3,1.530523,3.250205,1.9
2018-12-10,2018-12,15.1,18.3,1.564981,3.669281,3.2
2018-12-11,2018-12,16.5,20.4,2.294014,3.575635,3.9
2018-12-12,2018-12,13.7,16.5,2.753634,3.455985,2.8
2018-12-13,2018-12,13.5,18.1,2.235322,3.220708,4.6
2018-12-14,2018-12,15.5,18.2,2.260347,2.502857,2.7
2018-12-15,2018-12,17.2,21.2,2.392175,2.188293,4
2018-12-16,2018-12,18,20.9,2.022169,2.298369,2.9
2018-12-17,2018-12,15.6,21,2.588919,2.497257,5.4
2018-12-18,2018-12,16.2,20.2,2.744085,2.525528,4
2018-12-19,2018-12,18.5,21.5,2.29056,2.602787,3
2018-12-20,2018-12,20.1,23.2,2.00229,2.648325,3.1
2018-12-21,2018-12,21.4,25,2.136001,2.72824,3.6
2018-12-22,2018-12,20,25.2,2.605123,2.780767,5.2
2018-12-23,2018-12,17.5,22.5,3.305551,2.804877,5
2018-12-24,2018-12,16.8,19,2.538372,2.903726,2.2
2018-12-25,2018-12,18.5,21.1,1.771064,2.678611,2.6
2018-12-26,2018-12,18.7,23.6,2.39496,2.590721,4.9
2018-12-27,2018-12,18.9,22.8,2.562551,2.612398,3.9
2018-12-28,2018-12,16.3,20.2,2.706166,2.770251,3.9
2018-12-29,2018-12,12.5,16.3,3.143644,3.21698,3.8
2018-12-30,2018-12,10.3,15.4,2.746361,3.606106,5.1
2018-12-31,2018-12,11.8,15.6,2.642442,3.764904,3.8
2019-01-01,2019-01,11.4,15.9,2.404683,4.023219,4.5
2019-01-02,2019-01,13.5,16.4,2.310844,3.891786,2.9
2019-01-03,2019-01,14.9,17.3,1.674067,3.298579,2.4
2019-01-04,2019-01,16.8,20.9,2.506492,2.932114,4.1
2019-01-05,2019-01,18.9,22.7,2.544766,3.362514,3.8
2019-01-06,2019-01,17.6,20,2.167948,3.434312,2.4
2019-01-07,2019-01,17.4,20,1.445683,3.14642,2.6
2019-01-08,2019-01,17.2,20.7,1.785824,2.915705,3.5
2019-01-09,2019-01,17.2,18.7,1.658312,2.351418,1.5
2019-01-10,2019-01,17.4,20.8,1.65605,2.028782,3.4
2019-01-11,2019-01,18.2,23.3,2.67753,2.035641,5.1
2019-01-12,2019-01,19.3,22.8,2.531139,2.080665,3.5
2019-01-13,2019-01,17.7,19.8,2.130728,1.944554,2.1
2019-01-14,2019-01,17.6,19.7,1.213809,1.938341,2.1
2019-01-15,2019-01,17,21.1,1.89473,2.014024,4.1
2019-01-16,2019-01,15.9,19.9,2.430878,2.098253,4
2019-01-17,2019-01,14.6,19.5,2.628529,2.347445,4.9
2019-01-18,2019-01,15.8,18.5,2.284732,2.404016,2.7
2019-01-19,2019-01,17.1,21.9,2.625992,2.282652,4.8
2019-01-20,2019-01,18.1,23.4,3.007075,2.357117,5.3
2019-01-21,2019-01,15.8,20,3.213902,2.459124,4.2
2019-01-22,2019-01,13.1,19.1,3.165438,2.784361,6
2019-01-23,2019-01,13.7,19.2,3.329039,2.895284,5.5
2019-01-24,2019-01,15,19.6,2.968024,2.930643,4.6
2019-01-25,2019-01,16.1,22.2,3.296842,3.022775,6.1
2019-01-26,2019-01,16.7,21.2,3.096773,3.085639,4.5
2019-01-27,2019-01,15.6,19.4,2.546075,3.006853,3.8
2019-01-28,2019-01,15.7,20.3,2.452889,2.772176,4.6
2019-01-29,2019-01,16.9,20.5,2.418677,2.766398,3.6
2019-01-30,2019-01,17.2,21.6,2.355844,2.626841,4.4
2019-01-31,2019-01,18.9,24.5,3.196352,2.780138,5.6
2019-02-01,2019-02,17.6,22,3.107518,2.715388,4.4
2019-02-02,2019-02,16.9,20.7,2.442676,2.574612,3.8
2019-02-03,2019-02,19.6,25.3,3.501785,2.884434,5.7
2019-02-04,2019-02,19.5,25.5,3.378733,3.03814,6
2019-02-05,2019-02,18.2,22.3,3.238698,2.893902,4.1
2019-02-06,2019-02,20.5,24.9,2.833578,2.930529,4.4
2019-02-07,2019-02,21.3,25.8,2.615817,2.985234,4.5
2019-02-08,2019-02,19.7,25.1,2.945477,2.989753,5.4
2019-02-09,2019-02,18.4,20.1,2.940947,2.946608,1.7
2019-02-10,2019-02,17.4,18.8,1.117661,2.970746,1.4
2019-02-11,2019-02,17.3,19.4,1.040433,2.95,2.1
2019-02-12,2019-02,16.9,21.9,2.295467,2.850263,5
2019-02-13,2019-02,19,25.1,3.564992,3.010316,6.1
2019-02-14,2019-02,18.5,23.2,3.219213,2.928815,4.7
2019-02-15,2019-02,18.8,22.4,2.42126,2.635527,3.6
2019-02-16,2019-02,20.1,26,3.156343,2.752809,5.9
2019-02-17,2019-02,18,20.2,3.436447,2.771973,2.2
2019-02-18,2019-02,16.8,19.3,1.488568,2.80267,2.5
2019-02-19,2019-02,18.5,23.8,2.987753,2.862102,5.3
2019-02-20,2019-02,20.8,25.6,3.15,2.943574,4.8
2019-02-21,2019-02,20.4,23.2,2.408319,2.761038,2.8
2019-02-22,2019-02,18.4,24.3,2.678775,2.838985,5.9
2019-02-23,2019-02,15.6,20.5,3.665151,3.079658,4.9
2019-02-24,2019-02,14.1,19.5,3.063087,3.157188,5.4
2019-02-25,2019-02,16.7,18.9,2.44949,3.233471,2.2
2019-02-26,2019-02,17.6,19.7,1.335103,3.187475,2.1
2019-02-27,2019-02,18.6,23.6,2.627261,3.168589,5
2019-02-28,2019-02,20.6,26.7,3.540598,3.307366,6.1
2019-03-01,2019-03,19.6,22.4,3.138338,3.256992,2.8
2019-03-02,2019-03,19.9,23.9,2.059935,3.200566,4
2019-03-03,2019-03,20,23.5,2.171597,3.107136,3.5
2019-03-04,2019-03,19.3,22.6,2.017424,2.673325,3.3
2019-03-05,2019-03,17.7,26.7,3.979426,2.892289,9
2019-03-06,2019-03,19.6,22,3.887587,2.715319,2.4
2019-03-07,2019-03,15.5,20.5,2.782086,2.994043,5
2019-03-08,2019-03,15.1,17.4,2.463568,3.100746,2.3
2019-03-09,2019-03,17,18.7,1.488847,3.172775,1.7
2019-03-10,2019-03,17,18.5,0.927362,3.077871,1.5
2019-03-11,2019-03,15.5,22.6,3.056141,3.15203,7.1
2019-03-12,2019-03,17.4,24.2,4.13874,3.323026,6.8
2019-03-13,2019-03,19.1,22.9,3.182242,2.82769,3.8
2019-03-14,2019-03,19.8,21.5,1.711481,2.797908,1.7
2019-03-15,2019-03,17.3,20,1.74069,2.669831,2.7
2019-03-16,2019-03,18.8,22.8,2.328626,2.561957,4
2019-03-17,2019-03,19.7,22.7,2.054264,2.55757,3
2019-03-18,2019-03,19.7,24.7,2.44949,2.637162,5
2019-03-19,2019-03,20.7,27.4,3.576194,2.774099,6.7
2019-03-20,2019-03,22.1,25,2.994439,2.654524,2.9
2019-03-21,2019-03,23.4,27.2,2.197536,2.935302,3.8
2019-03-22,2019-03,24.8,27.5,1.965324,3.199766,2.7
2019-03-23,2019-03,17.4,25,4.35995,3.14642,7.6
2019-03-24,2019-03,16.6,18.2,3.855732,3.584172,1.6
2019-03-25,2019-03,17.9,23.3,2.949576,3.713394,5.4
2019-03-26,2019-03,20.8,24.6,2.955785,3.66319,3.8
2019-03-27,2019-03,20.3,25.3,2.564501,3.530038,5
2019-03-28,2019-03,22.2,27.8,3.31763,3.727192,5.6
2019-03-29,2019-03,23.1,26.5,2.677063,3.67028,3.4
2019-03-30,2019-03,22.5,24,1.761391,3.394745,1.5
2019-03-31,2019-03,20.2,22.9,1.597915,3.124287,2.7
2019-04-01,2019-04,19.7,21.6,1.44453,2.61042,1.9
2019-04-02,2019-04,18.9,23,1.852926,2.494761,4.1
2019-04-03,2019-04,20.7,25.7,2.94208,2.569695,5
2019-04-04,2019-04,20.4,23.8,2.548856,2.491552,3.4
2019-04-05,2019-04,20.9,27.4,3.220119,2.476077,6.5
2019-04-06,2019-04,22.4,28.1,3.586084,2.668052,5.7
2019-04-07,2019-04,23.7,28,2.935416,2.978786,4.3
2019-04-08,2019-04,25.1,29.9,2.798065,3.359656,4.8
2019-04-09,2019-04,25.5,28.9,2.407627,3.349527,3.4
2019-04-10,2019-04,25.3,30.1,2.418677,3.210549,4.8
2019-04-11,2019-04,25.3,29.9,2.714774,3.145413,4.6
2019-04-12,2019-04,21,25.2,3.635473,3.032264,4.2
2019-04-13,2019-04,20.3,22.3,2.164871,3.210374,2
2019-04-14,2019-04,21.9,24.4,1.687947,3.192387,2.5
2019-04-15,2019-04,20.9,23.1,1.512999,3.321038,2.2
2019-04-16,2019-04,19.5,23.6,1.917246,3.300909,4.1
2019-04-17,2019-04,21.5,26.1,2.831225,3.137621,4.6
2019-04-18,2019-04,23,25,2.051016,2.633344,2
2019-04-19,2019-04,21.3,28.6,3.138338,2.407272,7.3
2019-04-20,2019-04,21.9,26.2,3.497618,2.441038,4.3
2019-04-21,2019-04,23.2,30.1,3.642801,2.860704,6.9
2019-04-22,2019-04,25.6,30.1,3.433657,3.232949,4.5
2019-04-23,2019-04,26,31,2.771732,3.459618,5
2019-04-24,2019-04,26.2,31.2,2.88906,3.362514,5
2019-04-25,2019-04,26.4,31.1,2.801636,3.348078,4.7
2019-04-26,2019-04,26.2,31.5,2.892519,3.359936,5.3
2019-04-27,2019-04,22.3,26.4,3.772709,3.238698,4.1
2019-04-28,2019-04,22.7,26.9,2.410221,3.145466,4.2
2019-04-29,2019-04,24.7,29.2,2.802826,2.989976,4.5
2019-04-30,2019-04,25.3,28.8,2.328089,2.939381,3.5
2019-05-01,2019-05,23.8,27.1,2.170253,2.86935,3.3
2019-05-02,2019-05,21.7,24.4,2.22486,2.932341,2.7
2019-05-03,2019-05,19.3,24,2.355844,3.093373,4.7
2019-05-04,2019-05,21,23.6,2.224672,2.75826,2.6
2019-05-05,2019-05,20.9,22.3,1.271482,2.840533,1.4
2019-05-06,2019-05,20,22.8,1.283225,2.908887,2.8
2019-05-07,2019-05,18.9,21.4,1.693861,2.73172,2.5
2019-05-08,2019-05,19.8,21.2,1.187083,2.180787,1.4
2019-05-09,2019-05,20.2,26.3,3.008183,2.04479,6.1
2019-05-10,2019-05,22.7,26.7,3.093407,2.316598,4
2019-05-11,2019-05,22.8,28.9,3.051093,2.756742,6.1
2019-05-12,2019-05,23.5,28.9,3.332041,3.153616,5.4
2019-05-13,2019-05,23.9,26.3,2.494661,3.199264,2.4
2019-05-14,2019-05,25.2,31.1,3.140462,3.586247,5.9
2019-05-15,2019-05,26.4,30.9,3.043025,3.534402,4.5
2019-05-16,2019-05,27.8,31.5,2.447448,3.307359,3.7
2019-05-17,2019-05,28.4,31.6,2.007278,3.099435,3.2
2019-05-18,2019-05,28.5,32.3,2.041241,3.067898,3.8
2019-05-19,2019-05,29.2,32.3,2.012254,2.912702,3.1
2019-05-20,2019-05,25,32,3.384647,2.877962,7
2019-05-21,2019-05,22.6,26.5,3.987794,3.031549,3.9
2019-05-22,2019-05,22.6,28.3,2.867054,3.233258,5.7
2019-05-23,2019-05,24.7,26.8,2.485961,3.284249,2.1
2019-05-24,2019-05,23.8,25.8,1.304799,3.353108,2
2019-05-25,2019-05,25.1,28.9,2.164871,3.233162,3.8
2019-05-26,2019-05,24.7,28.1,2.110292,2.959279,3.4
2019-05-27,2019-05,25.4,28,1.755942,2.479508,2.6
2019-05-28,2019-05,23.9,27.7,1.950214,2.037145,3.8
2019-05-29,2019-05,23.4,25.7,1.951709,1.954301,2.3
2019-05-30,2019-05,23.2,25.9,1.447987,1.77744,2.7
2019-05-31,2019-05,25,26.7,1.50333,1.763885,1.7
2019-06-01,2019-06,24.9,30.6,2.664583,2.088859,5.7
2019-06-02,2019-06,25.4,31.2,3.335041,2.349716,5.8
2019-06-03,2019-06,25.3,30.2,3.115954,2.491444,4.9
2019-06-04,2019-06,25.9,31.1,2.94887,2.720715,5.2
2019-06-05,2019-06,27.4,32.6,3.124633,2.991537,5.2
2019-06-06,2019-06,28.5,33,2.840628,3.102197,4.5
2019-06-07,2019-06,28.6,33.2,2.628529,3.010758,4.6
2019-06-08,2019-06,28.2,32.4,2.56645,2.907741,4.2
2019-06-09,2019-06,28.4,32.3,2.34005,2.75789,3.9
2019-06-10,2019-06,25.8,31.7,3.031501,2.740772,5.9
2019-06-11,2019-06,24.6,29.4,3.265348,2.815604,4.8
2019-06-12,2019-06,26.5,29.6,2.410221,2.738339,3.1
2019-06-13,2019-06,25.5,30.7,2.471673,2.769958,5.2
2019-06-14,2019-06,25.4,31.6,3.311596,2.825708,6.2
2019-06-15,2019-06,26.4,31.4,3.259857,2.750023,5
2019-06-16,2019-06,26.8,30.1,2.459505,2.639918,3.3
2019-06-17,2019-06,26.8,28.7,1.606238,2.469244,1.9
2019-06-18,2019-06,27.5,30,1.40594,2.268296,2.5
2019-06-19,2019-06,26.5,31.7,2.364142,2.264509,5.2
2019-06-20,2019-06,28.2,32.5,2.84766,2.407454,4.3
2019-06-21,2019-06,29.5,32.8,2.260531,2.413357,3.3
2019-06-22,2019-06,28.7,33,2.21961,2.327194,4.3
2019-06-23,2019-06,29.1,32.2,2.167179,2.24075,3.1
2019-06-24,2019-06,24.7,30.6,3.22542,2.478903,5.9
2019-06-25,2019-06,24.8,29.7,3.139533,2.663011,4.9
2019-06-26,2019-06,26.1,31.4,3.071373,2.796359,5.3
2019-06-27,2019-06,28.3,32.5,2.920474,2.752385,4.2
2019-06-28,2019-06,29.3,32.7,2.233085,2.741988,3.4
2019-06-29,2019-06,29.5,33.3,2.094437,2.782078,3.8
2019-06-30,2019-06,26.9,33,3.051093,2.862334,6.1
2019-07-01,2019-07,26.8,33.2,3.609594,3.018388,6.4
2019-07-02,2019-07,26.3,31.1,3.351119,2.883567,4.8
2019-07-03,2019-07,25.5,28.7,2.529822,2.820609,3.2
2019-07-04,2019-07,27,32.3,2.925036,2.798452,5.3
2019-07-05,2019-07,26.8,32,3.034661,2.845113,5.2
2019-07-06,2019-07,27.9,31.6,2.613267,2.810331,3.7
2019-07-07,2019-07,28.9,31.4,1.837571,2.678028,2.5
2019-07-08,2019-07,29.1,32.3,1.687947,2.541842,3.2
2019-07-09,2019-07,28.7,31.7,1.813836,2.33037,3
2019-07-10,2019-07,26.5,30.2,2.218671,2.281191,3.7
2019-07-11,2019-07,27.5,30.9,2.109305,2.113607,3.4
2019-07-12,2019-07,28.1,32.3,2.280351,2.037308,4.2
2019-07-13,2019-07,29.2,32.2,2.126813,1.904545,3
2019-07-14,2019-07,29.2,32.3,1.761391,1.888463,3.1
2019-07-15,2019-07,28.7,33.7,2.415747,2.086424,5
2019-07-16,2019-07,28.4,33.4,2.891943,2.208733,5
2019-07-17,2019-07,28.3,33.1,2.83196,2.318908,4.8
2019-07-18,2019-07,29.6,35,3.090847,2.38997,5.4
2019-07-19,2019-07,26.9,32.8,3.558441,2.503731,5.9
2019-07-20,2019-07,26.6,31.9,3.256276,2.623095,5.3
2019-07-21,2019-07,27.3,31.5,2.762095,2.714398,4.2
2019-07-22,2019-07,27.1,31.5,2.483948,2.803302,4.4
2019-07-23,2019-07,27.2,32.7,2.899856,2.817202,5.5
2019-07-24,2019-07,28.4,33.1,2.989426,2.795443,4.7
2019-07-25,2019-07,28.3,32.6,2.606402,2.763324,4.3
2019-07-26,2019-07,28.8,33.5,2.631856,2.626246,4.7
2019-07-27,2019-07,29,33.3,2.600641,2.548333,4.3
2019-07-28,2019-07,28,32.3,2.548856,2.458963,4.3
2019-07-29,2019-07,27.4,31.4,2.436357,2.447822,4
2019-07-30,2019-07,26.7,31.5,2.556691,2.484317,4.8
2019-07-31,2019-07,24.5,28.1,2.934848,2.730194,3.6
2019-08-01,2019-08,24.9,27.6,1.837344,2.861927,2.7
2019-08-02,2019-08,25.4,28.5,1.726268,2.863208,3.1
2019-08-03,2019-08,25.3,27.5,1.584035,2.699352,2.2
2019-08-04,2019-08,26.9,30.2,2.040221,2.405237,3.3
2019-08-05,2019-08,26.5,34.5,3.707987,2.743652,8
2019-08-06,2019-08,28.7,32.2,3.564992,2.818244,3.5
2019-08-07,2019-08,28,33.6,2.703547,3.004552,5.6
2019-08-08,2019-08,27.7,33.5,3.293428,3.099866,5.8
2019-08-09,2019-08,28.1,35.1,3.755884,3.26848,7
2019-08-10,2019-08,29.4,33.2,3.256276,3.180461,3.8
2019-08-11,2019-08,29.2,32.7,2.118765,2.894701,3.5
2019-08-12,2019-08,29.2,34,2.454078,2.864844,4.8
2019-08-13,2019-08,28.8,33.3,2.70478,2.591259,4.5
2019-08-14,2019-08,25.2,33.4,3.95,2.980604,8.2
2019-08-15,2019-08,26.5,32.4,4.125025,3.040991,5.9
2019-08-16,2019-08,27.6,32,3.011506,2.978975,4.4
2019-08-17,2019-08,25.9,30.1,2.691963,2.900165,4.2
2019-08-18,2019-08,25,31.6,3.198437,3.088143,6.6
2019-08-19,2019-08,26.8,31.8,3.429286,3.12666,5
2019-08-20,2019-08,28,31.7,2.559134,2.981324,3.7
2019-08-21,2019-08,27.6,32.8,2.613267,2.969961,5.2
2019-08-22,2019-08,27.5,33,3.090173,2.77476,5.5
2019-08-23,2019-08,28.2,31.4,2.610715,2.626753,3.2
2019-08-24,2019-08,27.7,33.9,2.906315,2.783733,6.2
2019-08-25,2019-08,25.1,32.6,4.129064,2.960792,7.5
2019-08-26,2019-08,22.9,28.7,4.252352,3.174475,5.8
2019-08-27,2019-08,26.9,31.4,3.566861,3.150212,4.5
2019-08-28,2019-08,27.2,33.8,3.352984,3.325301,6.6
2019-08-29,2019-08,27.8,30.7,3.030264,3.216209,2.9
2019-08-30,2019-08,25,30.1,2.588436,3.220119,5.1
2019-08-31,2019-08,25,30.3,3.003331,3.320134,5.3
2019-09-01,2019-09,26.2,31,2.970269,3.136711,4.8
2019-09-02,2019-09,25.2,28.1,2.551307,2.925057,2.9
2019-09-03,2019-09,26.2,30.9,2.507323,2.708228,4.7
2019-09-04,2019-09,25.5,28.3,2.428134,2.6672,2.8
2019-09-05,2019-09,25.4,29.3,1.977161,2.323754,3.9
2019-09-06,2019-09,26.8,32.4,3.07395,2.512626,5.6
2019-09-07,2019-09,27.5,33.3,3.323653,2.698611,5.8
2019-09-08,2019-09,28,33,3.126766,2.77482,5
2019-09-09,2019-09,28.3,33.3,2.891943,2.889283,5
2019-09-10,2019-09,28.2,33.3,2.915905,2.915011,5.1
2019-09-11,2019-09,28.4,33.3,2.887906,2.946856,4.9
2019-09-12,2019-09,28.3,33.5,2.917048,2.87471,5.2
2019-09-13,2019-09,28.7,33,2.754844,2.682342,4.3
2019-09-14,2019-09,28.4,32.3,2.387467,2.554604,3.9
2019-09-15,2019-09,25.9,32.2,3.116622,2.653166,6.3
2019-09-16,2019-09,26.3,32.3,3.554692,2.752446,6
2019-09-17,2019-09,27.9,31.8,2.938679,2.691189,3.9
2019-09-18,2019-09,25.8,32,3.040148,2.793437,6.2
2019-09-19,2019-09,24.9,32.4,3.975236,2.991258,7.5
2019-09-20,2019-09,26.2,32.6,4.048354,3.034242,6.4
2019-09-21,2019-09,26.5,32.5,3.581899,3.087502,6
2019-09-22,2019-09,25.9,31.3,3.336165,3.14642,5.4
2019-09-23,2019-09,25.4,30.7,3.105238,3.107779,5.3
2019-09-24,2019-09,26.3,30.3,2.714621,3.006098,4
2019-09-25,2019-09,25.7,30.8,2.646224,3.048381,5.1
2019-09-26,2019-09,25.5,30.8,3.003331,2.995747,5.3
2019-09-27,2019-09,25.7,30.6,2.94675,2.81496,4.9
2019-09-28,2019-09,25.9,32.2,3.299495,2.795823,6.3
2019-09-29,2019-09,26.6,31.7,3.309582,2.721244,5.1
2019-09-30,2019-09,27.2,33.4,3.344025,2.848508,6.2
2019-10-01,2019-10,28.4,33.2,3.214032,2.89303,4.8
2019-10-02,2019-10,27.9,32.1,2.644491,2.904415,4.2
2019-10-03,2019-10,27.4,31.8,2.493993,2.841361,4.4
2019-10-04,2019-10,26.9,31.3,2.556691,2.751537,4.4
2019-10-05,2019-10,26.8,32.3,2.887184,2.737997,5.5
2019-10-06,2019-10,23.1,29.1,3.874167,2.982505,6
2019-10-07,2019-10,23.2,28.3,3.221154,3.225317,5.1
2019-10-08,2019-10,25.3,30.4,3.184337,3.126333,5.1
2019-10-09,2019-10,26.7,29.8,2.447448,2.92996,3.1
2019-10-10,2019-10,26.6,30.3,1.973998,2.832012,3.7
2019-10-11,2019-10,26.3,31.1,2.478407,2.805879,4.8
2019-10-12,2019-10,27.4,31.5,2.613267,2.812087,4.1
2019-10-13,2019-10,24.5,30.8,3.239856,2.804401,6.3
2019-10-14,2019-10,24.2,28.9,3.271085,2.68768,4.7
2019-10-15,2019-10,23.1,29.7,3.308953,2.738095,6.6
2019-10-16,2019-10,23.2,28.9,3.565927,2.849766,5.7
2019-10-17,2019-10,23.9,29.7,3.348009,2.991648,5.8
2019-10-18,2019-10,24.7,29,2.947739,3.000993,4.3
2019-10-19,2019-10,24.2,29.6,2.818244,2.986463,5.4
2019-10-20,2019-10,23.4,28.3,3.037954,2.897751,4.9
2019-10-21,2019-10,23.5,28.8,2.951836,2.804513,5.3
2019-10-22,2019-10,23.4,28,2.876775,2.809715,4.6
2019-10-23,2019-10,23.5,28.7,2.843707,2.710965,5.2
2019-10-24,2019-10,24.5,29.5,2.990541,2.672382,5
2019-10-25,2019-10,24.3,28.3,2.645121,2.55577,4
2019-10-26,2019-10,24.7,28.3,2.2,2.513132,3.6
2019-10-27,2019-10,24,29,2.515287,2.476523,5
2019-10-28,2019-10,22.4,29,3.411744,2.60844,6.6
2019-10-29,2019-10,20.3,24.7,3.72827,2.856309,4.4
2019-10-30,2019-10,21.5,26.4,2.815878,2.941364,4.9
2019-10-31,2019-10,23.2,27.2,2.681262,2.87239,4
2019-11-01,2019-11,24,29.3,2.837105,2.867723,5.3
2019-11-02,2019-11,23.9,28.2,2.807727,2.873144,4.3
2019-11-03,2019-11,23.8,28.8,2.696139,2.932796,5
2019-11-04,2019-11,22.8,28.6,3.145367,2.952958,5.8
2019-11-05,2019-11,21.6,27.4,3.419552,2.900912,5.8
2019-11-06,2019-11,22.3,26.5,2.924038,2.731048,4.2
2019-11-07,2019-11,21.4,26.9,2.828869,2.756258,5.5
2019-11-08,2019-11,20.8,26.8,3.329039,2.924943,6
2019-11-09,2019-11,20.4,26,3.368481,2.951807,5.6
2019-11-10,2019-11,20.6,26.7,3.390551,3.030704,6.1
2019-11-11,2019-11,20.9,26.8,3.466506,3.001992,5.9
2019-11-12,2019-11,22.3,25.2,2.684524,2.794966,2.9
2019-11-13,2019-11,22.3,26.8,2.233831,2.715442,4.5
2019-11-14,2019-11,21.1,25.9,2.753634,2.744563,4.8
2019-11-15,2019-11,21.5,25.7,2.604483,2.664051,4.2
2019-11-16,2019-11,21.5,25.6,2.396351,2.541776,4.1
2019-11-17,2019-11,21.4,26.5,2.681418,2.499333,5.1
2019-11-18,2019-11,20.6,28.4,3.817831,2.661696,7.8
2019-11-19,2019-11,17.9,22.7,4.456456,2.866327,4.8
2019-11-20,2019-11,19.4,24,2.83196,2.995657,4.6
2019-11-21,2019-11,19.2,25.2,3.1,3.049781,6
2019-11-22,2019-11,19.6,26.3,3.697184,3.158896,6.7
2019-11-23,2019-11,21.4,26.9,3.606013,3.247332,5.5
2019-11-24,2019-11,21.1,27.4,3.414674,3.388805,6.3
2019-11-25,2019-11,22.4,26.6,3.094484,3.37337,4.2
2019-11-26,2019-11,21,23.4,2.379776,3.046795,2.4
2019-11-27,2019-11,21.1,24.8,1.851801,2.83499,3.7
2019-11-28,2019-11,18,23.1,2.921757,2.964168,5.1
2019-11-29,2019-11,17,22.6,3.122366,3.129796,5.6
2019-11-30,2019-11,17.9,23.8,3.375772,3.133149,5.9
2019-12-01,2019-12,18.8,25.5,3.721111,3.137083,6.7
2019-12-02,2019-12,15.1,20.3,4.311516,3.281438,5.2
2019-12-03,2019-12,13.8,20.1,3.36291,3.433068,6.3
2019-12-04,2019-12,13.9,20.1,3.60867,3.677675,6.2
2019-12-05,2019-12,13.1,18.3,3.387723,3.728784,5.2
2019-12-06,2019-12,12.7,19.5,3.50238,3.854386,6.8
2019-12-07,2019-12,13.2,19.1,3.675482,3.879089,5.9
2019-12-08,2019-12,13,19.5,3.584225,3.748778,6.5
2019-12-09,2019-12,14.7,21.7,4.059043,3.293826,7
2019-12-10,2019-12,15.7,21.9,3.833188,3.412813,6.2
2019-12-11,2019-12,16.5,24,4.059865,3.676859,7.5
2019-12-12,2019-12,17.4,21.4,3.50464,3.639683,4
2019-12-13,2019-12,18,22,2.335237,3.584777,4
2019-12-14,2019-12,17.6,23.3,2.854675,3.497023,5.7
2019-12-15,2019-12,18.5,20.5,2.526361,3.200723,2
2019-12-16,2019-12,19.7,23.7,2.22411,2.946834,4
2019-12-17,2019-12,21.2,26.2,2.857738,3.014078,5
2019-12-18,2019-12,20,27.3,3.612363,3.187103,7.3
2019-12-19,2019-12,18.8,21.4,3.769505,2.922984,2.6
2019-12-20,2019-12,17.7,21.6,1.931105,2.900682,3.9
2019-12-21,2019-12,17,21.9,2.559297,2.979374,4.9
2019-12-22,2019-12,19.2,22.8,2.638655,2.85948,3.6
2019-12-23,2019-12,18.9,21.4,1.855398,2.832784,2.5
2019-12-24,2019-12,19,23.3,2.111082,2.840063,4.3
2019-12-25,2019-12,19,22.9,2.372762,2.592264,3.9
2019-12-26,2019-12,17.5,24.5,3.271468,2.314222,7
2019-12-27,2019-12,15.6,21.3,3.968522,2.583925,5.7
2019-12-28,2019-12,16.8,20.9,2.875761,2.631983,4.1
2019-12-29,2019-12,17.9,19.6,1.812917,2.531106,1.7
2019-12-30,2019-12,18.8,22.5,1.991649,2.52097,3.7
2019-12-31,2019-12,18,20.2,1.972097,2.528471,2.2
2020-01-01,2020-01,17.2,18.7,1.273774,2.438818,1.5
2020-01-02,2020-01,17.4,20.4,1.475071,2.327651,3
2020-01-03,2020-01,17.2,22,2.345918,2.027714,4.8
2020-01-04,2020-01,17.6,22,2.660827,1.917637,4.4
2020-01-05,2020-01,18.7,22.1,2.296374,1.907343,3.4
2020-01-06,2020-01,19.5,24,2.430878,2.179822,4.5
2020-01-07,2020-01,20.4,25.8,2.973634,2.557994,5.4
2020-01-08,2020-01,19.7,26,3.390551,2.893203,6.3
2020-01-09,2020-01,18.4,20.6,3.341033,2.768604,2.2
2020-01-10,2020-01,18.8,21.8,1.587451,2.684741,3
2020-01-11,2020-01,18.7,23.9,2.517936,2.661453,5.2
2020-01-12,2020-01,15.7,20.3,3.415162,2.856105,4.6
2020-01-13,2020-01,17.2,19.7,2.153099,2.946856,2.5
2020-01-14,2020-01,17.5,21.9,2.188416,2.923468,4.4
2020-01-15,2020-01,17.9,21.7,2.374167,2.63638,3.8
2020-01-16,2020-01,18.4,22.2,2.212841,2.218323,3.8
2020-01-17,2020-01,17.2,20,2.16256,2.270674,2.8
2020-01-18,2020-01,17.1,21,1.977161,2.301594,3.9
2020-01-19,2020-01,16.6,20.7,2.321637,2.105459,4.1
2020-01-20,2020-01,15.7,20.6,2.624246,2.118451,4.9
2020-01-21,2020-01,17.3,21.1,2.603043,2.167708,3.8
2020-01-22,2020-01,18,23.6,2.913188,2.322131,5.6
2020-01-23,2020-01,20.5,25.7,3.390673,2.739761,5.2
2020-01-24,2020-01,20.1,23.1,2.599359,2.778361,3
2020-01-25,2020-01,18.8,22.2,1.957039,2.758434,3.4
2020-01-26,2020-01,13.7,19.2,3.526448,3.106224,5.5
2020-01-27,2020-01,11.5,16,3.293428,3.751705,4.5
2020-01-28,2020-01,10.8,16.1,2.843707,4.254013,5.3
2020-01-29,2020-01,11,17.1,3.317127,4.597227,6.1
2020-01-30,2020-01,11.6,18.5,3.803945,4.602459,6.9
2020-01-31,2020-01,11.8,18.9,4.045574,4.106824,7.1
2020-02-01,2020-02,14.1,18.8,3.533648,3.617129,4.7
2020-02-02,2020-02,15.9,19.5,2.5224,3.226395,3.6
2020-02-03,2020-02,16.6,20.4,2.186321,3.318408,3.8
2020-02-04,2020-02,15.4,19,2.26495,3.242369,3.6
2020-02-05,2020-02,16.6,18.3,1.631717,2.975392,1.7
2020-02-06,2020-02,15.9,18.6,1.30767,2.643159,2.7
2020-02-07,2020-02,17.3,20.6,1.998333,2.375982,3.3
2020-02-08,2020-02,16.7,19.6,1.852026,1.913624,2.9
2020-02-09,2020-02,15,18.5,2.024022,1.801099,3.5
2020-02-10,2020-02,15.5,18.6,1.916594,1.785824,3.1
2020-02-11,2020-02,16.8,19.1,1.659317,1.672311,2.3
2020-02-12,2020-02,18.4,24.7,3.437538,2.332059,6.3
2020-02-13,2020-02,18.9,20.5,2.860507,2.36762,1.6
2020-02-14,2020-02,19.5,22.5,1.577973,2.476792,3
2020-02-15,2020-02,19.4,22.3,1.705628,2.550425,2.9
2020-02-16,2020-02,10.6,22.4,5.560201,3.407681,11.8
2020-02-17,2020-02,10.3,18,5.91009,3.933526,7.7
2020-02-18,2020-02,11.6,18.4,4.22246,4.24592,6.8
2020-02-19,2020-02,14,19.4,3.678315,4.374352,5.4
2020-02-20,2020-02,15.4,21.2,3.364521,4.15283,5.8
2020-02-21,2020-02,16.5,22.6,3.511291,4.280961,6.1
2020-02-22,2020-02,17.1,25.5,4.356891,4.544076,8.4
2020-02-23,2020-02,17.5,23.9,4.32512,4.649086,6.4
2020-02-24,2020-02,17.5,22,3.240756,4.216036,4.5
2020-02-25,2020-02,19.7,25,3.210919,3.970469,5.3
2020-02-26,2020-02,20.6,28.1,3.923009,3.976179,7.5
2020-02-27,2020-02,19.1,22.6,3.937004,3.631615,3.5
2020-02-28,2020-02,18.1,25.3,3.304921,3.576631,7.2
2020-02-29,2020-02,20.2,26.6,4.053394,3.581992,6.4
2020-03-01,2020-03,20.4,26.6,3.638223,3.468621,6.2
2020-03-02,2020-03,18.8,21.8,3.364521,3.336365,3
2020-03-03,2020-03,18.2,21,1.723369,3.288053,2.8
2020-03-04,2020-03,18.2,21.5,1.77271,3.276882,3.3
2020-03-05,2020-03,16.5,20.7,2.296918,3.038969,4.2
2020-03-06,2020-03,17.2,19.8,2.017424,3.126493,2.6
2020-03-07,2020-03,18.8,24.3,3.044531,3.00286,5.5
2020-03-08,2020-03,20.9,23.6,2.533772,2.685074,2.7
2020-03-09,2020-03,20.8,26.8,2.831225,2.716117,6
2020-03-10,2020-03,20.7,26.7,3.464583,3.064902,6
2020-03-11,2020-03,17.9,20.8,3.702589,3.084153,2.9
2020-03-12,2020-03,18,20.2,1.493039,3.097734,2.2
2020-03-13,2020-03,19.3,25,3.053277,3.070071,5.7
2020-03-14,2020-03,19.8,25.9,3.4322,3.065935,6.1
2020-03-15,2020-03,18.9,23,3.194787,3.006819,4.1
2020-03-16,2020-03,18.5,22.8,2.431735,3.083444,4.3
2020-03-17,2020-03,19.5,21.7,1.972097,2.78561,2.2
2020-03-18,2020-03,19.7,21.6,1.187083,2.388828,1.9
2020-03-19,2020-03,20.3,23,1.466288,2.324794,2.7
2020-03-20,2020-03,20.5,23,1.50333,2.208006,2.5
2020-03-21,2020-03,20.2,23,1.534872,1.994952,2.8
2020-03-22,2020-03,21.6,28.5,3.634442,2.403851,6.9
2020-03-23,2020-03,22,28.5,3.871692,2.832667,6.5
2020-03-24,2020-03,21,26.6,3.601273,2.889745,5.6
2020-03-25,2020-03,21.2,26.5,3.147883,2.945052,5.3
2020-03-26,2020-03,22,26.3,2.791654,2.907204,4.3
2020-03-27,2020-03,22.4,27.7,2.834314,2.986386,5.3
2020-03-28,2020-03,19.8,25.9,3.535062,3.080043,6.1
2020-03-29,2020-03,19.1,21.9,3.057641,3.212035,2.8
2020-03-30,2020-03,19.7,21.4,1.337597,3.115124,1.7
2020-03-31,2020-03,19.2,21.3,1.116542,2.948333,2.1
2020-04-01,2020-04,18.9,21.3,1.304799,2.877007,2.4
2020-04-02,2020-04,19.3,20.7,1.135782,2.720838,1.4
2020-04-03,2020-04,19.4,21.3,0.984463,2.467784,1.9
2020-04-04,2020-04,19.7,24.1,2.15155,1.93076,4.4
2020-04-05,2020-04,16.9,19.9,2.968164,1.637058,3
2020-04-06,2020-04,16.1,17.9,1.641138,1.930878,1.8
2020-04-07,2020-04,17.2,21.1,2.148449,2.023518,3.9
2020-04-08,2020-04,18.7,24,2.971532,2.280999,5.3
2020-04-09,2020-04,18.8,25.6,3.553754,2.691708,6.8
2020-04-10,2020-04,19.9,24.6,3.374784,2.912158,4.7
2020-04-11,2020-04,20.5,24.3,2.468974,3.057061,3.8
2020-04-12,2020-04,18.1,25.6,3.4471,3.249308,7.5
2020-04-13,2020-04,16.4,25.4,4.814129,3.498166,9
2020-04-14,2020-04,19.6,24.1,4.144374,3.243551,4.5
2020-04-15,2020-04,19,25.9,3.380828,3.287647,6.9
2020-04-16,2020-04,20,28.3,4.514421,3.559208,8.3
2020-04-17,2020-04,22,28.3,4.293018,3.663423,6.3
2020-04-18,2020-04,22.4,27.8,3.3876,3.78404,5.4
2020-04-19,2020-04,23.7,30,3.534945,4.096482,6.3
2020-04-20,2020-04,24.6,29.4,3.234579,4.055978,4.8
2020-04-21,2020-04,24.9,30,2.870975,3.727197,5.1
2020-04-22,2020-04,19.4,25.7,4.353543,3.742882,6.3
2020-04-23,2020-04,19.4,21.7,2.971532,3.788931,2.3
2020-04-24,2020-04,18.1,21.4,1.705872,3.937343,3.3
2020-04-25,2020-04,18.4,22.7,2.260531,4.027654,4.3
2020-04-26,2020-04,19.9,27.8,4.136826,4.129684,7.9
2020-04-27,2020-04,21.6,28.5,4.337818,4.015133,6.9
2020-04-28,2020-04,22.4,27.9,3.602777,3.86745,5.5
2020-04-29,2020-04,21.7,28.5,3.570598,3.682068,6.8
2020-04-30,2020-04,22.2,30.3,4.368352,3.969084,8.1
2020-05-01,2020-05,23.6,30.2,4.282036,4.136262,6.6
2020-05-02,2020-05,23.9,30,3.669128,3.966106,6.1
2020-05-03,2020-05,24.9,31.3,3.670036,3.77098,6.4
2020-05-04,2020-05,25.9,31.5,3.48903,3.640604,5.6
2020-05-05,2020-05,26.6,29.9,2.666302,3.459191,3.3
2020-05-06,2020-05,27.2,31.4,2.263294,3.404501,4.2
2020-05-07,2020-05,27.7,30.8,2.131314,3.128125,3.1
2020-05-08,2020-05,28.2,32,2.061351,2.837362,3.8
2020-05-09,2020-05,27.7,31.7,2.264214,2.625635,4
2020-05-10,2020-05,26.4,32.4,2.949011,2.519788,6
2020-05-11,2020-05,24.2,33.5,4.529441,2.78076,9.3
2020-05-12,2020-05,24.4,30.4,4.595197,2.87326,6
2020-05-13,2020-05,25.8,28,2.624881,2.923668,2.2
2020-05-14,2020-05,25.1,29.8,2.142234,2.97987,4.7
2020-05-15,2020-05,26.7,31.7,2.978115,3.06344,5
2020-05-16,2020-05,26.5,32.9,3.328163,3.182766,6.4
2020-05-17,2020-05,26.7,32.5,3.526566,3.269429,5.8
2020-05-18,2020-05,24.1,28.6,3.535887,3.250891,4.5
2020-05-19,2020-05,25.6,31.7,3.367492,2.982386,6.1
2020-05-20,2020-05,26.7,28.5,2.666302,2.786926,1.8
2020-05-21,2020-05,25.5,29.5,1.791647,2.824174,4
2020-05-22,2020-05,27,29.4,1.946792,2.708505,2.4
2020-05-23,2020-05,24.9,27,1.839157,2.673068,2.1
2020-05-24,2020-05,25.2,29.4,2.06942,2.432274,4.2
2020-05-25,2020-05,24.8,28.1,2.235136,2.161481,3.3
2020-05-26,2020-05,26.6,31.1,2.666458,2.191156,4.5
2020-05-27,2020-05,26.5,30.5,2.466272,2.013279,4
2020-05-28,2020-05,26.7,29.5,2.006656,2.059925,2.8
2020-05-29,2020-05,26.7,30.8,2.061351,2.101706,4.1
2020-05-30,2020-05,24.4,28.5,2.71416,2.222302,4.1
2020-05-31,2020-05,27.1,31,2.754995,2.258825,3.9
2020-06-01,2020-06,28.7,32.2,2.286919,2.355844,3.5
2020-06-02,2020-06,27.4,30.5,2.096028,2.233047,3.1
2020-06-03,2020-06,28.7,32.1,2.056494,2.250546,3.4
2020-06-04,2020-06,28.7,32.7,2.150194,2.331371,4
2020-06-05,2020-06,27.5,32.3,2.592296,2.41598,4.8
2020-06-06,2020-06,24.1,29.9,3.5,2.650755,5.8
2020-06-07,2020-06,24.6,29.4,3.073543,2.622777,4.8
2020-06-08,2020-06,25.2,29.3,2.581182,2.715381,4.1
2020-06-09,2020-06,28.1,31.4,2.588436,2.665763,3.3
2020-06-10,2020-06,28.3,31.7,1.939716,2.706043,3.4
2020-06-11,2020-06,28.1,33.9,2.804758,2.88525,5.8
2020-06-12,2020-06,27.8,35,3.781534,3.14322,7.2
2020-06-13,2020-06,27.6,33.7,3.876747,3.250429,6.1
2020-06-14,2020-06,26,31.5,3.527983,3.123566,5.5
2020-06-15,2020-06,26.3,32.6,3.438023,3.06512,6.3
2020-06-16,2020-06,26.8,31.1,3.127299,2.939494,4.3
2020-06-17,2020-06,27.5,31.7,2.482438,2.979597,4.2
2020-06-18,2020-06,27.7,31.8,2.397742,3.009755,4.1
2020-06-19,2020-06,28.2,32.4,2.417126,2.895737,4.2
2020-06-20,2020-06,28.3,32.7,2.485961,2.650778,4.4
2020-06-21,2020-06,28.7,32.6,2.401909,2.508643,3.9
2020-06-22,2020-06,29.2,32.6,2.117192,2.374833,3.4
2020-06-23,2020-06,29.1,32.6,1.992277,2.178034,3.5
2020-06-24,2020-06,29,32.9,2.140093,2.107408,3.9
2020-06-25,2020-06,29.1,32.4,2.088859,2.028207,3.3
2020-06-26,2020-06,29.4,32,1.715372,1.916594,2.6
2020-06-27,2020-06,28.5,32.5,1.951068,1.897894,4
2020-06-28,2020-06,28.5,33,2.462214,1.90367,4.5
2020-06-29,2020-06,28.2,34.2,3.072865,2.082466,6
2020-06-30,2020-06,28.7,34.9,3.539303,2.311962,6.2
2020-07-01,2020-07,28.9,32.7,3.024346,2.328009,3.8
2020-07-02,2020-07,27.7,33.3,2.768273,2.445268,5.6
2020-07-03,2020-07,27.3,33.1,3.295957,2.606011,5.8
2020-07-04,2020-07,27.5,33.3,3.350622,2.776021,5.8
2020-07-05,2020-07,28,32.9,3.099866,2.824388,4.9
2020-07-06,2020-07,28.3,32.3,2.583763,2.803681,4
2020-07-07,2020-07,28.5,32.7,2.374167,2.685447,4.2
2020-07-08,2020-07,29,32.2,2.155613,2.462849,3.2
2020-07-09,2020-07,29,31.9,1.765172,2.418505,2.9
2020-07-10,2020-07,29.3,32.2,1.683251,2.257349,2.9
2020-07-11,2020-07,29.2,33.4,2.107724,2.150494,4.2
2020-07-12,2020-07,29.1,33.5,2.483277,2.047834,4.4
2020-07-13,2020-07,28.7,33.2,2.577305,2.015347,4.5
2020-07-14,2020-07,28.6,33.6,2.747575,2.081736,5
2020-07-15,2020-07,28.8,33.9,2.919332,2.149884,5.1
2020-07-16,2020-07,27.4,32.7,3.095158,2.303756,5.3
2020-07-17,2020-07,27.8,33.4,3.163727,2.46103,5.6
2020-07-18,2020-07,28.9,33.2,2.894103,2.52768,4.3
2020-07-19,2020-07,28.8,32.9,2.428305,2.518854,4.1
2020-07-20,2020-07,27.5,32.2,2.610875,2.555126,4.7
2020-07-21,2020-07,28.1,34.7,3.426733,2.712248,6.6
2020-07-22,2020-07,27.7,33.1,3.528928,2.737266,5.4
2020-07-23,2020-07,28.6,35.3,3.625259,2.87558,6.7
2020-07-24,2020-07,28.8,33.9,3.454948,2.854404,5.1
2020-07-25,2020-07,28.8,34,2.973634,2.829775,5.2
2020-07-26,2020-07,28.9,34.9,3.254228,2.946156,6
2020-07-27,2020-07,28.4,33.5,3.261263,2.996665,5.1
2020-07-28,2020-07,27.9,35,3.580503,3.109341,7.1
2020-07-29,2020-07,28.6,34.9,3.879003,3.091595,6.3
2020-07-30,2020-07,26,34.9,4.514421,3.348632,8.9
2020-07-31,2020-07,25.9,29.7,4.236646,3.405724,3.8
2020-08-01,2020-08,25.9,29.4,2.110884,3.503564,3.5
2020-08-02,2020-08,26.2,29.4,1.937997,3.50499,3.2
2020-08-03,2020-08,25.7,27.8,1.676057,3.416724,2.1
2020-08-04,2020-08,26.1,30.1,2.00229,3.324599,4
2020-08-05,2020-08,24.9,31.9,3.295957,3.173825,7
2020-08-06,2020-08,25.2,33.5,4.466449,3.113599,8.3
2020-08-07,2020-08,27.6,33.9,4.330127,2.925862,6.3
2020-08-08,2020-08,28.4,34.4,3.571531,3.207387,6
2020-08-09,2020-08,27.8,33.4,3.382307,3.32485,5.6
2020-08-10,2020-08,28.3,33,2.984823,3.372833,4.7
2020-08-11,2020-08,29,32.2,2.321458,3.23671,3.2
2020-08-12,2020-08,26.6,29.5,2.296918,3.201354,2.9
2020-08-13,2020-08,26,31.2,2.45136,3.072024,5.2
2020-08-14,2020-08,26.2,33.4,3.691432,2.968943,7.2
2020-08-15,2020-08,27.9,33,3.621579,2.883336,5.1
2020-08-16,2020-08,26.8,33.8,3.53683,2.912552,7
2020-08-17,2020-08,26.4,31.4,3.603702,2.877897,5
2020-08-18,2020-08,25.6,29.9,2.772935,2.895622,4.3
2020-08-19,2020-08,24.9,27.9,2.277974,2.992038,3
2020-08-20,2020-08,27.2,32.2,3.049044,3.082396,5
2020-08-21,2020-08,27.6,33.5,3.195179,3.16264,5.9
2020-08-22,2020-08,27.2,33.3,3.46891,3.099435,6.1
2020-08-23,2020-08,27.5,33.8,3.587478,3.182635,6.3
2020-08-24,2020-08,27.9,33.4,3.414186,3.100101,5.5
2020-08-25,2020-08,28.6,33.8,3.106311,3.1648,5.2
2020-08-26,2020-08,26.5,32.7,3.430258,3.185279,6.2
2020-08-27,2020-08,26.4,31,3.194266,3.006188,4.6
2020-08-28,2020-08,25,34.2,4.231233,3.322449,9.2
2020-08-29,2020-08,27.8,33.2,4.385962,3.293219,5.4
2020-08-30,2020-08,28,32.4,2.848976,3.201432,4.4
2020-08-31,2020-08,28.2,34.3,3.12983,3.207881,6.1
2020-09-01,2020-09,28,33.6,3.390551,3.216772,5.6
2020-09-02,2020-09,28,34.2,3.415162,3.271538,6.2
2020-09-03,2020-09,28.5,33.6,3.277575,3.20853,5.1
2020-09-04,2020-09,28.4,32.3,2.652043,3.109012,3.9
2020-09-05,2020-09,25.2,30.6,3.065262,2.934273,5.4
2020-09-06,2020-09,27.2,32.3,3.214939,2.923924,5.1
2020-09-07,2020-09,26.8,33.3,3.377376,3.052697,6.5
2020-09-08,2020-09,25.3,29,3.482336,3.071963,3.7
2020-09-09,2020-09,26.8,30.7,2.381176,2.970718,3.9
2020-09-10,2020-09,26,32.1,2.960856,2.899418,6.1
2020-09-11,2020-09,27.2,30.4,2.815878,2.719436,3.2
2020-09-12,2020-09,26.2,32.4,2.862982,2.813057,6.2
2020-09-13,2020-09,25.8,32.5,3.727712,2.881898,6.7
2020-09-14,2020-09,25.6,31,3.547182,2.892339,5.4
2020-09-15,2020-09,26.4,28.8,2.446085,2.654273,2.4
2020-09-16,2020-09,27.3,32.9,2.875761,2.752749,5.6
2020-09-17,2020-09,26.8,31.4,3.01441,2.788907,4.6
2020-09-18,2020-09,26.4,30.2,2.479247,2.656995,3.8
2020-09-19,2020-09,25.9,30.3,2.376272,2.725183,4.4
2020-09-20,2020-09,26.4,32.1,3.013719,2.687223,5.7
2020-09-21,2020-09,25.5,29.7,3.043436,2.53429,4.2
2020-09-22,2020-09,26.6,31.4,2.726414,2.496055,4.8
2020-09-23,2020-09,27.4,31.9,2.712164,2.576787,4.5
2020-09-24,2020-09,27.1,31.3,2.526361,2.44663,4.2
2020-09-25,2020-09,26.6,31.4,2.606402,2.457878,4.8
2020-09-26,2020-09,27.1,29.7,2.255364,2.402915,2.6
2020-09-27,2020-09,26.2,29.4,1.718527,2.352552,3.2
2020-09-28,2020-09,25.7,27.4,1.645955,2.242618,1.7
2020-09-29,2020-09,26,28.9,1.467424,2.180892,2.9
2020-09-30,2020-09,25.3,31.1,2.682505,2.24773,5.8
2020-10-01,2020-10,25.3,28.8,2.844146,2.150649,3.5
2020-10-02,2020-10,26.2,30.4,2.345741,2.102687,4.2
2020-10-03,2020-10,26.7,31.9,2.789265,2.158153,5.2
2020-10-04,2020-10,26.8,31.4,2.836665,2.300353,4.6
2020-10-05,2020-10,25,30.6,3.052322,2.448597,5.6
2020-10-06,2020-10,24.9,27.4,2.678775,2.505519,2.5
2020-10-07,2020-10,24.1,26.3,1.466004,2.651509,2.2
2020-10-08,2020-10,23.1,28.8,2.531633,2.691708,5.7
2020-10-09,2020-10,23.3,30,3.613862,2.895622,6.7
2020-10-10,2020-10,23.3,29.7,3.783627,3.010475,6.4
2020-10-11,2020-10,24.7,30.4,3.550939,2.926858,5.7
2020-10-12,2020-10,25.6,30.9,3.203123,2.893894,5.3
2020-10-13,2020-10,23.8,26.5,3.016621,2.766586,2.7
2020-10-14,2020-10,24.3,26.4,1.40119,2.779568,2.1
2020-10-15,2020-10,24.8,29.4,2.298369,2.849766,4.6
2020-10-16,2020-10,25.1,31.4,3.253075,2.93303,6.3
2020-10-17,2020-10,23.8,28.9,3.486163,2.828398,5.1
2020-10-18,2020-10,22.2,28.5,3.359067,2.864895,6.3
2020-10-19,2020-10,22.3,27.9,3.444198,2.880017,5.6
2020-10-20,2020-10,22.1,29,3.637192,2.904594,6.9
2020-10-21,2020-10,21.7,28.4,3.937004,3.116809,6.7
2020-10-22,2020-10,22.8,28.3,3.550587,3.247332,5.5
2020-10-23,2020-10,21.9,24.8,2.838427,3.270824,2.9
2020-10-24,2020-10,22.3,26.3,2.090255,2.984069,4
2020-10-25,2020-10,23,28.1,2.742718,2.950819,5.1
2020-10-26,2020-10,22.8,28.1,3.003331,2.886492,5.3
2020-10-27,2020-10,22.9,28.6,3.182242,2.904874,5.7
2020-10-28,2020-10,22.6,26.7,2.935984,2.71857,4.1
2020-10-29,2020-10,22.6,26.7,2.367136,2.5423,4.1
2020-10-30,2020-10,23.2,27,2.296918,2.425421,3.8
2020-10-31,2020-10,22,26,2.340228,2.434124,4
2020-11-01,2020-11,21.9,27.8,2.95113,2.548464,5.9
2020-11-02,2020-11,22.6,29.5,3.7705,2.705026,6.9
2020-11-03,2020-11,21.5,26.4,3.661512,2.699753,4.9
2020-11-04,2020-11,21.2,26.1,2.834314,2.651509,4.9
2020-11-05,2020-11,21.2,25.6,2.692428,2.699128,4.4
2020-11-06,2020-11,21.3,28.6,3.592933,2.920153,7.3
2020-11-07,2020-11,23.6,30.2,4.172429,3.188567,6.6
2020-11-08,2020-11,23.9,27.5,3.146427,3.174423,3.6
2020-11-09,2020-11,22.1,26.1,2.383275,3.087367,4
2020-11-10,2020-11,21.6,24.5,2.106142,2.881869,2.9
2020-11-11,2020-11,21.2,25.3,2.053452,2.866705,4.1
2020-11-12,2020-11,19.9,25.9,2.973634,2.971244,6
2020-11-13,2020-11,21,25.7,3.122366,2.988534,4.7
2020-11-14,2020-11,22.5,25,2.185559,2.704687,2.5
2020-11-15,2020-11,21.7,24.7,1.625577,2.241093,3
2020-11-16,2020-11,21.9,27.7,2.821347,2.305934,5.8
2020-11-17,2020-11,22.7,26.4,2.812324,2.30867,3.7
2020-11-18,2020-11,23.4,28.5,2.696294,2.543153,5.1
2020-11-19,2020-11,23.4,28.7,3.003331,2.687308,5.3
2020-11-20,2020-11,24.2,29.5,3.094619,2.698858,5.3
2020-11-21,2020-11,22.7,25.2,2.920046,2.561998,2.5
2020-11-22,2020-11,22.6,28.2,2.639918,2.686626,5.6
2020-11-23,2020-11,22.4,24,2.695676,2.646373,1.6
2020-11-24,2020-11,22.2,25.9,1.717314,2.542178,3.7
2020-11-25,2020-11,21.7,26.6,2.507323,2.621704,4.9
2020-11-26,2020-11,21.9,28,3.227486,2.663957,6.1
2020-11-27,2020-11,20.8,25.8,3.357951,2.641519,5
2020-11-28,2020-11,18.4,22.7,3.125567,2.703447,4.3
2020-11-29,2020-11,18,23,2.692428,3.014382,5
2020-11-30,2020-11,16.4,22.3,3.226324,3.165958,5.9
2020-12-01,2020-12,17,22.4,3.271468,3.419302,5.4
2020-12-02,2020-12,17.4,22.7,3.095561,3.453253,5.3
2020-12-03,2020-12,15.4,20.6,3.2541,3.493613,5.2
2020-12-04,2020-12,13.8,18.5,3.054368,3.316223,4.7
2020-12-05,2020-12,13.9,19.8,3.105908,3.160057,5.9
2020-12-06,2020-12,15.4,21.6,3.621579,3.199349,6.2
2020-12-07,2020-12,18.1,23.2,3.50464,3.216617,5.1
2020-12-08,2020-12,17.8,21.9,2.711088,3.141384,4.1
2020-12-09,2020-12,18.4,21.4,2.074247,3.041922,3
2020-12-10,2020-12,18.7,23.5,2.412468,3.09505,4.8
2020-12-11,2020-12,20.3,23.6,2.428134,3.152717,3.3
2020-12-12,2020-12,20.2,22.1,1.621727,2.819331,1.9
2020-12-13,2020-12,20.2,22.5,1.223383,2.356825,2.3
2020-12-14,2020-12,15.5,22.1,3.210789,2.360358,6.6
2020-12-15,2020-12,13.4,16.8,3.708099,2.932576,3.4
2020-12-16,2020-12,13.3,16.5,1.909625,3.362384,3.2
2020-12-17,2020-12,13.6,16.5,1.765172,3.637307,2.9
2020-12-18,2020-12,14.7,19.3,2.489143,3.532303,4.6
2020-12-19,2020-12,12.5,17.8,3.057641,3.402524,5.3
2020-12-20,2020-12,11.9,18.5,3.455792,3.309122,6.6
2020-12-21,2020-12,13,19.6,3.863073,2.960152,6.6
2020-12-22,2020-12,14.7,19.6,3.391534,2.677491,4.9
2020-12-23,2020-12,16.9,19.7,2.397742,2.77506,2.8
2020-12-24,2020-12,18.3,22.5,2.390955,3.109816,4.2
2020-12-25,2020-12,17.4,20.9,2.345741,3.134692,3.5
2020-12-26,2020-12,17,21.1,2.201515,3.160775,4.1
2020-12-27,2020-12,17.6,24.5,3.474191,3.296564,6.9
2020-12-28,2020-12,18.7,23.7,3.479823,3.073868,5
2020-12-29,2020-12,18.7,24.5,3.134751,2.91087,5.8
2020-12-30,2020-12,10.6,21.6,5.988044,3.543909,11
2020-12-31,2020-12,8.1,14.2,5.87672,4.689687,6.1
2021-01-01,2021-01,8.6,15,3.628935,5.246824,6.4
2021-01-02,2021-01,10.4,17.8,4.209117,5.466683,7.4
2021-01-03,2021-01,13.4,20.6,4.535416,5.515916,7.2
2021-01-04,2021-01,16.9,20.7,3.482336,5.227838,3.8
2021-01-05,2021-01,17.3,21.9,2.479247,5.047999,4.6
2021-01-06,2021-01,16,19.6,2.601282,4.590783,3.6
2021-01-07,2021-01,10.6,18.3,3.972719,4.381914,7.7
2021-01-08,2021-01,7.7,10.7,4.535324,4.58388,3
2021-01-09,2021-01,8,13.1,2.538208,4.677303,5.1
2021-01-10,2021-01,11,15.2,3.072865,4.587646,4.2
2021-01-11,2021-01,9.2,12.4,2.531798,4.576152,3.2
2021-01-12,2021-01,8.6,15.7,3.273505,4.392868,7.1
2021-01-13,2021-01,10.4,17.8,4.335416,3.864664,7.4
2021-01-14,2021-01,11.8,19.5,4.450749,3.75961,7.7
2021-01-15,2021-01,14.6,20.9,4.23871,4.058058,6.3
2021-01-16,2021-01,15.8,20.3,3.165438,4.149573,4.5
2021-01-17,2021-01,14.1,19.6,2.982728,4.02036,5.5
2021-01-18,2021-01,11.7,17.3,3.479823,4.026449,5.6
2021-01-19,2021-01,12.6,17.4,3.024897,3.743522,4.8
2021-01-20,2021-01,16.1,21.4,3.634442,3.527741,5.3
2021-01-21,2021-01,17.6,22.8,3.144705,3.497517,5.2
2021-01-22,2021-01,18.2,24.5,3.400368,3.629778,6.3
2021-01-23,2021-01,17.7,24.4,3.758546,3.817018,6.7
2021-01-24,2021-01,17.3,20,3.258323,3.761997,2.7
2021-01-25,2021-01,16.9,22.9,2.781337,3.775624,6
2021-01-26,2021-01,17.4,23.5,3.507492,3.457787,6.1
2021-01-27,2021-01,17.6,21.9,3.073543,2.973186,4.3
2021-01-28,2021-01,16.5,22.8,3.114482,3.002999,6.3
2021-01-29,2021-01,14.3,19.7,3.716966,3.196769,5.4
2021-01-30,2021-01,14.8,19.5,2.923896,3.141762,4.7
2021-01-31,2021-01,16,21.6,3.133023,2.983336,5.6
2021-02-01,2021-02,17.2,25.1,4.179613,3.359706,7.9
2021-02-02,2021-02,17.7,27.6,5.242773,3.837621,9.9
2021-02-03,2021-02,16.7,21.7,4.946632,3.769742,5
2021-02-04,2021-02,16.8,23.8,3.568847,3.913034,7
2021-02-05,2021-02,17.3,23.9,3.931497,3.948074,6.6
2021-02-06,2021-02,17.5,25.7,4.335897,4.016004,8.2
2021-02-07,2021-02,18.1,24.1,4.158125,3.901196,6
2021-02-08,2021-02,18.2,22.7,3.084774,3.787034,4.5
2021-02-09,2021-02,17.3,19.7,2.36696,3.616997,2.4
2021-02-10,2021-02,15.8,17.4,1.609348,3.283792,1.6
2021-02-11,2021-02,15.3,19.9,2.070427,3.347729,4.6
2021-02-12,2021-02,15.5,22.3,3.434628,3.328707,6.8
2021-02-13,2021-02,16.5,23.8,4.136323,3.359539,7.3
2021-02-14,2021-02,17.4,22.8,3.707088,3.06344,5.4
2021-02-15,2021-02,17.8,26.2,4.221769,3.330641,8.4
2021-02-16,2021-02,18.2,24.2,4.239497,3.451998,6
2021-02-17,2021-02,18.3,24.6,3.554692,3.65641,6.3
2021-02-18,2021-02,16.7,22.9,3.73218,3.615522,6.2
2021-02-19,2021-02,15.8,22.9,3.85692,3.635147,7.1
2021-02-20,2021-02,16.7,23.9,4.164433,3.616807,7.2
2021-02-21,2021-02,17.3,24.9,4.298837,3.638108,7.6
2021-02-22,2021-02,18.4,26,4.433584,3.79324,7.6
2021-02-23,2021-02,18.8,26.4,4.393935,3.765103,7.6
2021-02-24,2021-02,18.9,22.9,3.640971,3.674756,4
2021-02-25,2021-02,18.8,22.7,2.28236,3.557246,3.9
2021-02-26,2021-02,20.4,25.1,2.747726,3.504087,4.7
2021-02-27,2021-02,18.1,20.8,2.920046,3.285112,2.7
2021-02-28,2021-02,18.1,22.8,2.286919,3.124847,4.7
2021-03-01,2021-03,20,25,3.041244,2.972541,5
2021-03-02,2021-03,19.1,25.6,3.349005,2.889918,6.5
2021-03-03,2021-03,17.8,19.1,3.520417,2.690725,1.3
2021-03-04,2021-03,18.3,19.4,0.732575,2.695297,1.1
2021-03-05,2021-03,19.2,21.1,1.169045,2.62887,1.9
2021-03-06,2021-03,19.6,21.7,1.191638,2.375421,2.1
2021-03-07,2021-03,19.1,20.5,1.141271,2.322642,1.4
2021-03-08,2021-03,18.3,22.6,1.883923,2.296664,4.3
2021-03-09,2021-03,18.6,22.9,2.488641,2.105934,4.3
2021-03-10,2021-03,19.2,21.7,2.037973,1.599153,2.5
2021-03-11,2021-03,18.8,24.2,2.50383,1.828478,5.4
2021-03-12,2021-03,20.2,27.7,4.029371,2.491285,7.5
2021-03-13,2021-03,20.5,24.7,3.594788,2.616032,4.2
2021-03-14,2021-03,20.1,23.6,2.27358,2.659879,3.5
2021-03-15,2021-03,19.9,26.3,3.064175,2.867221,6.4
2021-03-16,2021-03,21.1,28.8,4.224827,3.207173,7.7
2021-03-17,2021-03,21.8,28.8,4.253136,3.424008,7
2021-03-18,2021-03,22.2,26.2,3.352114,3.343196,4
2021-03-19,2021-03,22.8,27.7,2.652515,3.273327,4.9
2021-03-20,2021-03,22.3,29.7,3.649087,3.344043,7.4
2021-03-21,2021-03,17.2,24.2,5.163009,3.665737,7
2021-03-22,2021-03,15.8,20.9,3.787149,4.154069,5.1
2021-03-23,2021-03,17.9,20,2.278157,4.297577,2.1
2021-03-24,2021-03,18.4,23.5,2.530481,4.136,5.1
2021-03-25,2021-03,20.7,25.2,3.007214,3.874828,4.5
2021-03-26,2021-03,19.5,25.2,2.984962,3.867967,5.7
2021-03-27,2021-03,21.8,28.6,3.978589,3.957056,6.8
2021-03-28,2021-03,22.6,28.1,3.571531,3.766342,5.5
2021-03-29,2021-03,23.6,28.5,3.034249,3.879556,4.9
2021-03-30,2021-03,25.3,29,2.585859,3.727236,3.7
2021-03-31,2021-03,25.3,29,2.136196,3.440537,3.7
2021-04-01,2021-04,25.2,29.4,2.286737,3.163516,4.2
2021-04-02,2021-04,25,30.5,2.837105,3.137701,5.5
2021-04-03,2021-04,24.4,30.6,3.386616,2.841413,6.2
2021-04-04,2021-04,22.6,26.8,3.458323,2.710527,4.2
2021-04-05,2021-04,21.6,23.2,2.26495,2.904709,1.6
2021-04-06,2021-04,22.1,27.9,2.878657,2.990478,5.8
2021-04-07,2021-04,21.8,26,2.991655,3.068088,4.2
2021-04-08,2021-04,22.2,25.5,2.180787,3.053741,3.3
2021-04-09,2021-04,19.7,22.4,2.37557,3.194416,2.7
2021-04-10,2021-04,20.2,25.9,2.821938,2.96754,5.7
2021-04-11,2021-04,20.9,27,3.447705,2.618619,6.1
2021-04-12,2021-04,22.2,28.7,3.740766,2.825885,6.5
2021-04-13,2021-04,23,31.2,4.376738,3.352356,8.2
2021-04-14,2021-04,23.3,27,3.841332,3.257172,3.7
2021-04-15,2021-04,21.5,23.4,2.305067,3.240055,1.9
2021-04-16,2021-04,21.5,25.1,1.732772,3.259627,3.6
2021-04-17,2021-04,22.3,23.1,1.544884,3.074187,0.8
2021-04-18,2021-04,22.3,25.6,1.56285,2.926196,3.3
2021-04-19,2021-04,21.2,24.9,2.089657,2.818976,3.7
2021-04-20,2021-04,21.4,27.1,2.859487,2.715012,5.7
2021-04-21,2021-04,22.1,28.7,3.621579,2.347543,6.6
2021-04-22,2021-04,22.5,29.4,3.910989,2.647318,6.9
2021-04-23,2021-04,23.9,32.6,4.723699,3.33496,8.7
2021-04-24,2021-04,24.5,26.6,3.972405,3.262489,2.1
2021-04-25,2021-04,22.4,26.5,1.984943,3.243346,4.1
2021-04-26,2021-04,21.8,25.3,2.261268,3.272098,3.5
2021-04-27,2021-04,22.7,23.7,1.499722,3.194683,1
2021-04-28,2021-04,23,26.9,1.929378,3.087583,3.9
2021-04-29,2021-04,21.7,28.2,3.094619,3.079712,6.5
2021-04-30,2021-04,22.5,30.8,4.41437,3.22624,8.3
2021-05-01,2021-05,23.8,30,4.231922,2.877383,6.2
2021-05-02,2021-05,24.5,30.8,3.634442,3.203722,6.3
2021-05-03,2021-05,23.5,25.4,3.260368,3.134299,1.9
2021-05-04,2021-05,23.1,31.3,3.785389,3.394106,8.2
2021-05-05,2021-05,23.3,31.7,4.795484,3.616484,8.4
2021-05-06,2021-05,23.4,28.6,4.125126,3.637192,5.2
2021-05-07,2021-05,24,30.5,3.474071,3.598518,6.5
2021-05-08,2021-05,25.4,30.9,3.514731,3.450193,5.5
2021-05-09,2021-05,26.8,31.7,3.073543,3.474904,4.9
2021-05-10,2021-05,26.4,31.8,2.978115,3.485757,5.4
2021-05-11,2021-05,27.7,31.4,2.684989,3.4,3.7
2021-05-12,2021-05,28.2,32.1,2.221861,3.195563,3.9
2021-05-13,2021-05,28,32,2.28236,2.922834,4
2021-05-14,2021-05,28.1,34,2.972513,2.857709,5.9
2021-05-15,2021-05,27.9,33.8,3.408323,2.72956,5.9
2021-05-16,2021-05,28.2,33.5,3.237798,2.658571,5.3
2021-05-17,2021-05,28.8,33.3,2.840775,2.629195,4.5
2021-05-18,2021-05,28.3,32.5,2.540833,2.510212,4.2
2021-05-19,2021-05,28.8,33.5,2.609438,2.545552,4.7
2021-05-20,2021-05,29.2,33.3,2.546894,2.552776,4.1
2021-05-21,2021-05,29.5,34,2.501999,2.575,4.5
2021-05-22,2021-05,27.8,34.3,3.252691,2.622713,6.5
2021-05-23,2021-05,28.9,36.1,4.04753,2.771041,7.2
2021-05-24,2021-05,27.6,31.5,3.751777,2.754118,3.9
2021-05-25,2021-05,27.5,30.1,1.961929,2.783635,2.6
2021-05-26,2021-05,27.8,33.5,2.771732,2.867723,5.7
2021-05-27,2021-05,28.2,33.2,3.095561,2.882179,5
2021-05-28,2021-05,28.5,33.6,2.922756,2.931432,5.1
2021-05-29,2021-05,28.8,32.8,2.65,2.881869,4
2021-05-30,2021-05,29.2,32.3,2.066196,2.682288,3.1
2021-05-31,2021-05,26.7,32.4,2.738004,2.463796,5.7
2021-06-01,2021-06,24.1,29.3,3.553754,2.816026,5.2
2021-06-02,2021-06,25,31.3,3.438386,3.043566,6.3
2021-06-03,2021-06,27.9,34,3.928104,3.082146,6.1
2021-06-04,2021-06,26.7,29.8,3.198958,3.019823,3.1
2021-06-05,2021-06,25.6,29.2,2.000625,2.958765,3.6
2021-06-06,2021-06,26.4,31.4,2.6602,2.932284,5
2021-06-07,2021-06,26.6,32.2,3.07842,2.974082,5.6
2021-06-08,2021-06,26.5,33.5,3.676049,3.086361,7
2021-06-09,2021-06,26.4,29.9,3.368852,2.915019,3.5
2021-06-10,2021-06,25.5,32.8,3.355096,2.977807,7.3
2021-06-11,2021-06,26.7,32.9,3.927998,2.91072,6.2
2021-06-12,2021-06,26.2,29.5,3.080449,2.932739,3.3
2021-06-13,2021-06,26,32,2.873297,3.009478,6
2021-06-14,2021-06,27.8,31.1,2.807579,2.93303,3.3
2021-06-15,2021-06,27.2,31.8,2.311385,2.87608,4.6
2021-06-16,2021-06,29.1,33.3,2.725803,2.771011,4.2
2021-06-17,2021-06,27.7,32.8,2.752423,2.83349,5.1
2021-06-18,2021-06,29,32.8,2.623452,2.629821,3.8
2021-06-19,2021-06,29.5,33,2.118765,2.511971,3.5
2021-06-20,2021-06,29.4,32.8,1.993949,2.40131,3.4
2021-06-21,2021-06,29.4,32.4,1.854724,2.14778,3
2021-06-22,2021-06,24.7,30.2,3.241784,2.514284,5.5
2021-06-23,2021-06,25.1,29,2.762245,2.712656,3.9
2021-06-24,2021-06,25.1,26.7,1.844587,2.907691,1.6
2021-06-25,2021-06,26,29,1.667333,2.847799,3
2021-06-26,2021-06,25.9,29.9,2.054264,2.774339,4
2021-06-27,2021-06,28.4,30,1.912241,2.53627,1.6
2021-06-28,2021-06,24,29.6,2.751969,2.474907,5.6
2021-06-29,2021-06,28.8,30.7,2.954516,2.271701,1.9
2021-06-30,2021-06,29,32.6,1.768945,2.382401,3.6
2021-07-01,2021-07,29.2,32.4,1.966384,2.467446,3.2
2021-07-02,2021-07,29.3,32.8,1.941434,2.413158,3.5
2021-07-03,2021-07,29.1,33,2.139315,2.422318,3.9
2021-07-04,2021-07,28.9,33.2,2.369951,2.371181,4.3
2021-07-05,2021-07,28,33.8,2.94887,2.569955,5.8
2021-07-06,2021-07,26.7,32.7,3.476588,2.247925,6
2021-07-07,2021-07,26.6,33.1,3.612363,2.513696,6.5
2021-07-08,2021-07,28.4,32.8,3.233548,2.555126,4.4
2021-07-09,2021-07,28.2,34.8,3.279736,2.780138,6.6
2021-07-10,2021-07,28.2,34,3.59444,2.906365,5.8
2021-07-11,2021-07,28.8,33.6,3.074085,2.953614,4.8
2021-07-12,2021-07,28.7,34.8,3.184729,3.076253,6.1
2021-07-13,2021-07,28.8,35.3,3.643259,3.150813,6.5
2021-07-14,2021-07,29.1,34.1,3.357951,3.056025,5
2021-07-15,2021-07,28.9,35.4,3.36291,3.020699,6.5
2021-07-16,2021-07,28.7,30.9,3.112743,2.984285,2.2
2021-07-17,2021-07,26.9,31.2,2.018869,2.949774,4.3
2021-07-18,2021-07,24.9,28.8,2.688866,3.190605,3.9
2021-07-19,2021-07,25,27.9,1.997498,3.392516,2.9
2021-07-20,2021-07,25.3,27.1,1.400893,3.365258,1.8
2021-07-21,2021-07,25.3,27.8,1.273774,3.094343,2.5
2021-07-22,2021-07,26.9,32.8,3.236253,2.974979,5.9
2021-07-23,2021-07,27.4,34.1,3.681485,2.784451,6.7
2021-07-24,2021-07,26.5,33.2,3.90299,3.018271,6.7
2021-07-25,2021-07,25.9,33.6,4.167333,3.269091,7.7
2021-07-26,2021-07,28.7,33.9,3.897328,3.419527,5.2
2021-07-27,2021-07,29.5,35.3,3.242941,3.588355,5.8
2021-07-28,2021-07,29.1,34.1,3.160169,3.483479,5
2021-07-29,2021-07,28.3,32.3,2.719681,3.223973,4
2021-07-30,2021-07,26.5,30.5,2.532456,3.208524,4
2021-07-31,2021-07,27,32.2,2.752575,3.129617,5.2
2021-08-01,2021-08,27.1,32.5,3.062679,3.045974,5.4
2021-08-02,2021-08,28.5,33.9,3.220766,2.87492,5.4
2021-08-03,2021-08,27.1,29.7,2.932576,2.831843,2.6
2021-08-04,2021-08,25.9,31.3,2.44949,2.711211,5.4
2021-08-05,2021-08,26.2,28.6,2.50998,2.587534,2.4
2021-08-06,2021-08,26.4,29.7,1.707581,2.543742,3.3
2021-08-07,2021-08,27.6,30.9,2.027313,2.505427,3.3
2021-08-08,2021-08,27.8,31.5,2.037155,2.416601,3.7
2021-08-09,2021-08,27.2,31.3,2.266422,2.313583,4.1
2021-08-10,2021-08,27.5,30.4,2.057507,1.979046,2.9
2021-08-11,2021-08,27.1,32.1,2.389386,2.14444,5
2021-08-12,2021-08,26.8,33,3.256276,2.240675,6.2
2021-08-13,2021-08,26.6,30.7,3.119161,2.244066,4.1
2021-08-14,2021-08,26.6,29.2,2.028752,2.223801,2.6
2021-08-15,2021-08,25.7,30,2.051625,2.321126,4.3
2021-08-16,2021-08,26.2,31,2.666302,2.374272,4.8
2021-08-17,2021-08,27.4,32.5,2.963528,2.46536,5.1
2021-08-18,2021-08,28.1,32.3,2.70108,2.564428,4.2
2021-08-19,2021-08,26.2,31,2.762849,2.547409,4.8
2021-08-20,2021-08,27.3,32.5,2.984962,2.471698,5.2
2021-08-21,2021-08,28,32.5,2.814694,2.528232,4.5
2021-08-22,2021-08,28.3,33.1,2.698611,2.628934,4.8
2021-08-23,2021-08,28.4,33.2,2.771883,2.602947,4.8
2021-08-24,2021-08,26.6,32.1,3.095561,2.612717,5.5
2021-08-25,2021-08,28.2,34.4,3.565927,2.728828,6.2
2021-08-26,2021-08,27.1,32.7,3.505234,2.812354,5.6
2021-08-27,2021-08,23.4,29.2,3.892728,3.130469,5.8
2021-08-28,2021-08,24.9,29.8,3.158454,3.224587,4.9
2021-08-29,2021-08,25.3,29.9,2.747575,3.273097,4.6
2021-08-30,2021-08,27.4,32.9,3.276558,3.280746,5.5
2021-08-31,2021-08,25.2,29.1,3.252179,3.224257,3.9
2021-09-01,2021-09,26.7,32.1,3.013719,3.220138,5.4
2021-09-02,2021-09,27.7,33,3.137276,3.075169,5.3
2021-09-03,2021-09,27.8,33.6,3.213902,3.146532,5.8
2021-09-04,2021-09,27.9,33.6,3.320015,3.068163,5.7
2021-09-05,2021-09,28.3,33.2,3.068659,3.016945,4.9
2021-09-06,2021-09,28,32.5,2.7313,2.91087,4.5
2021-09-07,2021-09,28.1,33.4,2.853069,2.911557,5.3
2021-09-08,2021-09,28.2,34.3,3.311596,2.835842,6.1
2021-09-09,2021-09,27.8,33.5,3.425882,2.821399,5.7
2021-09-10,2021-09,28.6,33.7,3.135815,2.809797,5.1
2021-09-11,2021-09,28.4,33.4,2.919332,2.758132,5
2021-09-12,2021-09,29,34.5,3.07395,2.763022,5.5
2021-09-13,2021-09,29.5,33.6,2.802975,2.725856,4.1
2021-09-14,2021-09,26.7,30.2,2.836665,2.81365,3.5
2021-09-15,2021-09,27.9,33,2.776689,2.803978,5.1
2021-09-16,2021-09,26.8,31.9,3.012197,2.768807,5.1
2021-09-17,2021-09,27.5,34.1,3.506542,2.83596,6.6
2021-09-18,2021-09,28.3,33.2,3.355965,2.816144,4.9
2021-09-19,2021-09,27.4,32.1,2.831372,2.804513,4.7
2021-09-20,2021-09,27.9,32.3,2.636127,2.684524,4.4
2021-09-21,2021-09,26.7,31.7,2.768273,2.691956,5
2021-09-22,2021-09,27.9,34,3.374784,2.805404,6.1
2021-09-23,2021-09,26,30.2,3.442262,2.838896,4.2
2021-09-24,2021-09,27.8,32,2.638181,2.781838,4.2
2021-09-25,2021-09,27.9,32.3,2.485961,2.613291,4.4
2021-09-26,2021-09,27.8,31.6,2.384673,2.527581,3.8
2021-09-27,2021-09,28.1,32.8,2.505161,2.539783,4.7
2021-09-28,2021-09,27.9,32.2,2.610875,2.533369,4.3
2021-09-29,2021-09,27.9,32.7,2.634862,2.513157,4.8
2021-09-30,2021-09,28.4,32.9,2.693665,2.383406,4.5
2021-10-01,2021-10,28.8,33.1,2.546894,2.298659,4.3
2021-10-02,2021-10,28.3,32.9,2.578598,2.321781,4.6
2021-10-03,2021-10,27,29.9,2.543456,2.335228,2.9
2021-10-04,2021-10,28.1,32.7,2.489143,2.377315,4.6
2021-10-05,2021-10,28.7,32.8,2.523721,2.345981,4.1
2021-10-06,2021-10,27.6,31.7,2.45085,2.342995,4.1
2021-10-07,2021-10,25,30.8,3.070695,2.542235,5.8
2021-10-08,2021-10,24.7,26.8,2.807579,2.789377,2.1
2021-10-09,2021-10,25.3,27.9,1.45,2.773175,2.6
2021-10-10,2021-10,25.3,27.9,1.501111,2.667802,2.6
2021-10-11,2021-10,26,32.7,3.336041,2.910785,6.7
2021-10-12,2021-10,23.6,26.4,3.885336,2.91799,2.8
2021-10-13,2021-10,22.9,27.4,2.165448,2.780887,4.5
2021-10-14,2021-10,26.1,30,2.951836,2.616868,3.9
2021-10-15,2021-10,25.2,27.6,2.098214,2.396073,2.4
2021-10-16,2021-10,24.3,30.3,2.688866,2.591902,6
2021-10-17,2021-10,22.2,28,3.635932,2.821163,5.8
2021-10-18,2021-10,20.9,27.7,3.677862,3.147003,6.8
2021-10-19,2021-10,23.5,28.9,3.710795,2.828633,5.4
2021-10-20,2021-10,25,29.8,3.029851,2.929135,4.8
2021-10-21,2021-10,19.3,28.2,4.634922,3.343626,8.9
2021-10-22,2021-10,18.2,20.5,4.53174,3.881838,2.3
2021-10-23,2021-10,18.3,22.7,2.132878,4.164273,4.4
2021-10-24,2021-10,19.8,26.6,3.655589,4.036748,6.8
2021-10-25,2021-10,19.7,27.5,4.230839,4.112724,7.8
2021-10-26,2021-10,22.7,28.3,4.070626,4.102499,5.6
2021-10-27,2021-10,24.9,27,2.455436,3.980614,2.1
2021-10-28,2021-10,24.2,28,1.774589,3.802362,3.8
2021-10-29,2021-10,23.9,27.7,2.200757,3.595738,3.8
2021-10-30,2021-10,23,26.2,2.143206,3.1859,3.2
2021-10-31,2021-10,23.4,26.1,1.711481,2.725405,2.7
2021-11-01,2021-11,23.7,27.6,2.004994,2.441029,3.9
2021-11-02,2021-11,24.1,27.9,2.232151,2.007974,3.8
2021-11-03,2021-11,24.1,27.4,2.059733,1.831393,3.3
2021-11-04,2021-11,24.1,27.9,2.059733,1.921881,3.8
2021-11-05,2021-11,24.6,27.8,2.03142,1.88908,3.2
2021-11-06,2021-11,24,29.2,2.503331,2.026645,5.2
2021-11-07,2021-11,24.8,29,2.734349,2.073714,4.2
2021-11-08,2021-11,18.1,25.3,4.537988,2.805708,7.2
2021-11-09,2021-11,16.9,23,3.982775,3.509962,6.1
2021-11-10,2021-11,17.8,24.7,3.834058,3.827352,6.9
2021-11-11,2021-11,18.9,25,3.781534,3.966731,6.1
2021-11-12,2021-11,20,25.7,3.447705,3.957524,5.7
2021-11-13,2021-11,20.1,25.4,3.17805,3.884923,5.3
2021-11-14,2021-11,19.3,24.7,3.119161,3.634321,5.4
2021-11-15,2021-11,20.4,25.5,3.081531,3.253818,5.1
2021-11-16,2021-11,21,26.3,3.029851,3.181555,5.3
2021-11-17,2021-11,22,26.5,2.859487,3.028194,4.5
2021-11-18,2021-11,20.2,25.8,3.020348,2.882013,5.6
2021-11-19,2021-11,21.3,25.7,2.921757,2.754685,4.4
2021-11-20,2021-11,22.4,26.1,2.386595,2.662698,3.7
2021-11-21,2021-11,22.7,25.6,1.920069,2.541579,2.9
2021-11-22,2021-11,16.8,23.3,3.747888,2.846635,6.5
2021-11-23,2021-11,14.3,17.4,3.810949,3.736108,3.1
2021-11-24,2021-11,16.9,22.1,3.247948,3.805298,5.2
2021-11-25,2021-11,18.4,23.7,3.160564,3.72312,5.3
2021-11-26,2021-11,18.6,24.8,3.350995,3.707644,6.2
2021-11-27,2021-11,18.7,24.3,3.412721,3.662871,5.6
2021-11-28,2021-11,19.2,24.5,3.15423,3.534491,5.3
2021-11-29,2021-11,19.4,26.1,3.526093,3.556912,6.7
2021-11-30,2021-11,17.1,24.6,4.249706,3.618051,7.5
2021-12-01,2021-12,14.8,20.1,4.232021,3.45904,5.3
2021-12-02,2021-12,14.6,20.4,3.207673,3.655356,5.8
2021-12-03,2021-12,14.7,21.3,3.598611,3.818551,6.6
2021-12-04,2021-12,15.3,20.6,3.455792,3.791696,5.3
2021-12-05,2021-12,16.7,22.2,3.236253,3.72335,5.5
2021-12-06,2021-12,16.4,22.2,3.264327,3.632074,5.8
2021-12-07,2021-12,17.1,22.5,3.248076,3.294819,5.4
2021-12-08,2021-12,18.4,22.2,2.711088,3.032319,3.8
2021-12-09,2021-12,18.7,22.9,2.330236,3.003748,4.2
2021-12-10,2021-12,18.6,23.7,2.70478,2.954425,5.1
2021-12-11,2021-12,20,24.4,2.815878,2.862684,4.4
2021-12-12,2021-12,19.2,24.7,2.879091,2.796478,5.5
2021-12-13,2021-12,17.4,21.5,3.150661,2.715196,4.1
2021-12-14,2021-12,18.7,23.6,2.786874,2.607681,4.9
2021-12-15,2021-12,19.9,23,2.373464,2.450298,3.1
2021-12-16,2021-12,21.7,25.8,2.483277,2.603043,4.1
2021-12-17,2021-12,18.9,23.8,2.953529,2.631088,4.9
2021-12-18,2021-12,16.3,20,3.113947,2.808373,3.7
2021-12-19,2021-12,16,19.7,2.143206,2.953614,3.7
2021-12-20,2021-12,15.7,19.3,2.117192,2.983336,3.6
2021-12-21,2021-12,16,19,1.913113,3.067871,3
2021-12-22,2021-12,17.1,21.7,2.495997,3.010253,4.6
2021-12-23,2021-12,18.7,21.9,2.345918,2.945392,3.2
2021-12-24,2021-12,18.2,21.8,1.973998,2.431589,3.6
2021-12-25,2021-12,17.9,21.5,2.085665,2.197878,3.6
2021-12-26,2021-12,11.7,18.5,4.113393,2.744016,6.8
2021-12-27,2021-12,9.9,14.6,3.754442,3.509647,4.7
2021-12-28,2021-12,12.2,17.5,3.258323,3.714274,5.3
2021-12-29,2021-12,16.6,20.6,3.46927,3.768731,4
2021-12-30,2021-12,16.2,21.4,2.680796,3.760496,5.2
2021-12-31,2021-12,17.1,19.9,2.417299,3.61543,2.8
2022-01-01,2022-01,16.4,19.3,1.687947,3.44499,2.9
2022-01-02,2022-01,16,22,2.800446,3.490123,6
2022-01-03,2022-01,17,20.5,2.839454,3.298586,3.5
2022-01-04,2022-01,17.4,21.5,2.237558,2.647389,4.1
2022-01-05,2022-01,18.3,23.6,2.869379,2.420709,5.3
2022-01-06,2022-01,18.3,23.6,3.059956,2.581529,5.3
2022-01-07,2022-01,17.2,21.1,2.880393,2.497866,3.9
2022-01-08,2022-01,16,20.2,2.417126,2.583151,4.2
2022-01-09,2022-01,16.7,20.1,2.212841,2.569817,3.4
2022-01-10,2022-01,16.5,20.9,2.276694,2.467244,4.4
2022-01-11,2022-01,13.7,18.8,3.092329,2.765133,5.1
2022-01-12,2022-01,14.7,17.9,2.45815,2.863797,3.2
2022-01-13,2022-01,15.6,18.9,1.955121,2.628022,3.3
2022-01-14,2022-01,15.4,17.3,1.639105,2.260347,1.9
2022-01-15,2022-01,16.5,19.8,1.869938,2.158356,3.3
2022-01-16,2022-01,17.4,21.1,2.12132,2.210043,3.7
2022-01-17,2022-01,17.1,18.4,1.820256,2.112502,1.3
2022-01-18,2022-01,15.8,18.3,1.219289,1.953277,2.5
2022-01-19,2022-01,14.9,20.3,2.45,1.938341,5.4
2022-01-20,2022-01,15.4,20.8,3.131028,2.0513,5.4
2022-01-21,2022-01,16.5,19.7,2.562551,2.042374,3.2
2022-01-22,2022-01,16.8,17.8,1.44453,1.955462,1
2022-01-23,2022-01,17.5,21.8,2.255918,2.105865,4.3
2022-01-24,2022-01,18.8,21.8,2.173131,2.174617,3
2022-01-25,2022-01,17.5,20.9,1.957039,2.262116,3.4
2022-01-26,2022-01,17.7,21.1,1.966384,2.254911,3.4
2022-01-27,2022-01,18.4,22.1,2.109305,2.146276,3.7
2022-01-28,2022-01,18.1,19.9,1.828251,1.900526,1.8
2022-01-29,2022-01,16.3,20.2,1.806239,1.933466,3.9
2022-01-30,2022-01,13.2,20,3.339037,2.377455,6.8
2022-01-31,2022-01,13.6,15.5,3.115954,2.723471,1.9
2022-02-01,2022-02,12.9,15.7,1.388944,2.934046,2.8
2022-02-02,2022-02,14.5,17,1.746186,2.904221,2.5
2022-02-03,2022-02,11.7,14.5,2.165448,3.057777,2.8
2022-02-04,2022-02,11.9,18.5,3.16807,2.870068,6.6
2022-02-05,2022-02,13.2,17.7,3.264327,2.699383,4.5
2022-02-06,2022-02,14.6,18.2,2.415747,2.490975,3.6
2022-02-07,2022-02,15.1,17.7,1.812917,2.194833,2.6
2022-02-08,2022-02,15.8,18.1,1.452297,2.272728,2.3
2022-02-09,2022-02,15.3,17.4,1.317826,2.217205,2.1
2022-02-10,2022-02,15.4,18.1,1.415392,2.254033,2.7
2022-02-11,2022-02,16.3,22,2.924038,2.403392,5.7
2022-02-12,2022-02,17,21.3,2.914904,2.303476,4.3
2022-02-13,2022-02,15.1,18.7,2.632331,2.163321,3.6
2022-02-14,2022-02,14.1,21.3,3.318634,2.424106,7.2
2022-02-15,2022-02,15.8,21.8,3.878574,2.621251,6
2022-02-16,2022-02,15.6,18.5,2.902154,2.637352,2.9
2022-02-17,2022-02,15,16.9,1.551344,2.663636,1.9
2022-02-18,2022-02,15.2,16.7,0.988264,2.683336,1.5
2022-02-19,2022-02,9.7,15.9,3.176345,3.073516,6.2
2022-02-20,2022-02,8,9.8,3.466506,3.839005,1.8
2022-02-21,2022-02,7.5,10.1,1.292285,4.37896,2.6
2022-02-22,2022-02,9.2,12.2,1.957039,4.180784,3
2022-02-23,2022-02,9.4,16.2,3.267517,3.705441,6.8
2022-02-24,2022-02,10.7,14.9,3.262923,3.377351,4.2
2022-02-25,2022-02,12.2,20.1,4.133098,3.682911,7.9
2022-02-26,2022-02,13.6,21.4,4.598822,4.156917,7.8
2022-02-27,2022-02,14.8,21.7,4.273465,4.626572,6.9
2022-02-28,2022-02,16.4,22.5,3.823175,4.829074,6.1
2022-03-01,2022-03,19.1,26.3,4.285149,5.101695,7.2
2022-03-02,2022-03,18.1,26.1,4.407569,5.100747,8
2022-03-03,2022-03,17.4,22.6,4.079624,4.688457,5.2
2022-03-04,2022-03,18.8,26.6,4.132392,4.415272,7.8
2022-03-05,2022-03,17.9,24.6,4.280479,4.111523,6.7
2022-03-06,2022-03,17.6,21.3,3.292922,3.770919,3.7
2022-03-07,2022-03,16.8,24.6,3.597569,3.706205,7.8
2022-03-08,2022-03,15,21.6,4.395452,3.819773,6.6
2022-03-09,2022-03,15.1,24.3,4.692547,3.910754,9.2
2022-03-10,2022-03,17.9,25,4.850687,3.823257,7.1
2022-03-11,2022-03,18.8,26.9,4.471018,4.06366,8.1
2022-03-12,2022-03,19.8,26,4.164433,3.984052,6.2
2022-03-13,2022-03,21,27.7,3.819577,4.164753,6.7
2022-03-14,2022-03,21.4,29,4.165233,4.468664,7.6
2022-03-15,2022-03,21.1,28.4,4.309969,4.505682,7.3
2022-03-16,2022-03,21.2,24.7,3.464583,4.080395,3.5
2022-03-17,2022-03,22.1,27.7,2.921615,3.66419,5.6
2022-03-18,2022-03,21.3,28.7,3.789019,3.597383,7.4
2022-03-19,2022-03,22.3,25.8,3.386616,3.305526,3.5
2022-03-20,2022-03,19.9,22.9,2.425387,3.279126,3
2022-03-21,2022-03,21,23.7,1.736615,3.133582,2.7
2022-03-22,2022-03,21.2,25.1,1.990812,2.853003,3.9
2022-03-23,2022-03,16.3,21.6,3.618932,3.0655,5.3
2022-03-24,2022-03,16.3,18.5,2.507821,3.547769,2.2
2022-03-25,2022-03,18.1,26.7,4.633213,3.592005,8.6
2022-03-26,2022-03,24.9,28.7,4.602898,3.668038,3.8
2022-03-27,2022-03,19.1,25.4,3.990301,3.713915,6.3
2022-03-28,2022-03,16.4,19.2,3.81084,3.960619,2.8
2022-03-29,2022-03,17.4,21.2,2.11266,4.028311,3.8
2022-03-30,2022-03,19.5,26.1,3.708099,4.121468,6.6
2022-03-31,2022-03,21.9,29.3,4.358899,4.412024,7.4
2022-04-01,2022-04,15.7,22,5.5614,4.378813,6.3
2022-04-02,2022-04,13.7,16.1,3.57433,4.75533,2.4
2022-04-03,2022-04,15.2,23.9,4.558783,4.432414,8.7
2022-04-04,2022-04,16.8,25.6,5.140931,4.521062,8.8
2022-04-05,2022-04,18.1,26.9,5.135822,4.751824,8.8
2022-04-06,2022-04,19.4,26.2,4.543494,4.88542,6.8
2022-04-07,2022-04,20,26.7,3.910136,4.920091,6.7
2022-04-08,2022-04,20.5,29.1,4.528705,4.894959,8.6
2022-04-09,2022-04,20.3,27.6,4.631325,4.953076,7.3
2022-04-10,2022-04,20.5,28.5,4.432738,4.471498,8
2022-04-11,2022-04,22.6,30.3,4.670742,4.354839,7.7
2022-04-12,2022-04,23,30.2,4.304552,4.233473,7.2
2022-04-13,2022-04,23.9,28.1,3.420526,3.95145,4.2
2022-04-14,2022-04,23,27.8,2.626785,3.773366,4.8
2022-04-15,2022-04,22.8,27.6,2.773686,3.609778,4.8
2022-04-16,2022-04,21.2,22.9,2.762095,3.457787,1.7
2022-04-17,2022-04,19.2,24.9,2.428305,3.496516,5.7
2022-04-18,2022-04,20.9,23.2,2.509316,3.339561,2.3
2022-04-19,2022-04,19.1,21.1,1.678044,3.266439,2
2022-04-20,2022-04,19.8,25.6,2.920046,2.966809,5.8
2022-04-21,2022-04,21.4,28.4,3.922584,3.027423,7
2022-04-22,2022-04,23.4,27.2,3.259857,2.969392,3.8
2022-04-23,2022-04,24.1,30.3,3.164912,3.308669,6.2
2022-04-24,2022-04,24.9,30.9,3.54542,3.75544,6
2022-04-25,2022-04,26.3,31.4,3.261263,3.962407,5.1
2022-04-26,2022-04,26.2,29.8,2.595348,3.950227,3.6
2022-04-27,2022-04,26.1,31.6,2.728095,3.54041,5.5
2022-04-28,2022-04,26.8,31.6,2.987055,3.186743,4.8
2022-04-29,2022-04,26.2,32,3.074085,2.959955,5.8
2022-04-30,2022-04,24.3,26.8,3.293807,2.883105,2.5
2022-05-01,2022-05,17.1,24.6,4.216634,3.886194,7.5
2022-05-02,2022-05,16.4,21.3,3.835362,4.772835,4.9
2022-05-03,2022-05,18.8,26.6,4.368352,4.892426,7.8
2022-05-04,2022-05,21.6,28.5,4.462716,4.904178,6.9
2022-05-05,2022-05,23.2,29.3,3.823175,4.734479,6.1
2022-05-06,2022-05,23.4,28.9,3.353605,4.480606,5.5
2022-05-07,2022-05,23.6,29.7,3.365511,4.215127,6.1
2022-05-08,2022-05,23.4,27.5,3.079502,4.251975,4.1
2022-05-09,2022-05,24.3,29,2.638813,4.00037,4.7
2022-05-10,2022-05,24.4,27.7,2.369951,3.216462,3.3
2022-05-11,2022-05,24.2,25.9,1.621727,2.688711,1.7
2022-05-12,2022-05,24.6,27,1.276388,2.393176,2.4
2022-05-13,2022-05,24.3,26.9,1.449138,2.172403,2.6
2022-05-14,2022-05,23.5,26.5,1.657307,2.02393,3
2022-05-15,2022-05,20.8,24.9,2.417126,2.054416,4.1
2022-05-16,2022-05,18.8,20.8,2.563039,2.702098,2
2022-05-17,2022-05,19.6,26.3,3.384647,2.763301,6.7
2022-05-18,2022-05,21.9,27.1,3.576194,2.768386,5.2
2022-05-19,2022-05,23.5,30,3.638108,3.13283,6.5
2022-05-20,2022-05,24.5,30.9,3.764195,3.498851,6.4
2022-05-21,2022-05,24.6,30.7,3.609594,3.795612,6.1
2022-05-22,2022-05,24.1,27.2,3.022692,3.812736,3.1
2022-05-23,2022-05,23.1,24.8,1.74547,3.696254,1.7
2022-05-24,2022-05,23.7,25,0.903696,3.138551,1.3
2022-05-25,2022-05,23.8,27.4,1.721191,2.801361,3.6
2022-05-26,2022-05,25.1,28.6,2.173131,2.683996,3.5
2022-05-27,2022-05,26.1,28.5,1.751904,2.474596,2.4
2022-05-28,2022-05,27.1,31.3,2.259056,2.497257,4.2
2022-05-29,2022-05,27.8,32.2,2.525866,2.668302,4.4
2022-05-30,2022-05,27.4,32.7,2.812324,2.977443,5.3
2022-05-31,2022-05,27.4,30.7,2.613427,2.792371,3.3
2022-06-01,2022-06,27,30.9,2.086464,2.546501,3.9
2022-06-02,2022-06,26,31,2.601762,2.391896,5
2022-06-03,2022-06,28,31.2,2.505328,2.269866,3.2
2022-06-04,2022-06,28.6,32,1.948504,2.22949,3.4
2022-06-05,2022-06,28.7,32,1.934554,2.195753,3.3
2022-06-06,2022-06,27.6,30.6,1.958528,2.115301,3
2022-06-07,2022-06,24.6,29.6,2.645751,2.223576,5
2022-06-08,2022-06,24.7,28,2.483781,2.417497,3.3
2022-06-09,2022-06,25,27.9,1.794436,2.496856,2.9
2022-06-10,2022-06,25,27.3,1.520965,2.490381,2.3
2022-06-11,2022-06,25.3,29.1,1.912023,2.470223,3.8
2022-06-12,2022-06,25.6,30.3,2.505161,2.3617,4.7
2022-06-13,2022-06,28.1,30.6,2.318764,2.191185,2.5
2022-06-14,2022-06,24.8,29.3,2.485961,2.183575,4.5
2022-06-15,2022-06,24,30.5,3.229551,2.311196,6.5
2022-06-16,2022-06,24.3,30.5,3.668219,2.478978,6.2
2022-06-17,2022-06,28,31,3.062134,2.553095,3
2022-06-18,2022-06,27.5,29.8,1.619413,2.488632,2.3
2022-06-19,2022-06,28,30.9,1.580084,2.46509,2.9
2022-06-20,2022-06,27.6,30.4,1.666083,2.37177,2.8
2022-06-21,2022-06,28.6,30.5,1.417451,2.364239,1.9
2022-06-22,2022-06,28.1,31.8,1.713671,2.29026,3.7
2022-06-23,2022-06,27.9,33.8,2.890213,2.231433,5.9
2022-06-24,2022-06,27.8,33.4,3.324029,2.078932,5.6
2022-06-25,2022-06,27.7,32.8,3.09879,2.217168,5.1
2022-06-26,2022-06,26.8,33.9,3.569314,2.498266,7.1
2022-06-27,2022-06,27.8,33.4,3.694478,2.644231,5.6
2022-06-28,2022-06,28.2,34.4,3.434628,2.815604,6.2
2022-06-29,2022-06,28.1,33.9,3.470351,2.972064,5.8
2022-06-30,2022-06,25.9,29.6,3.377746,3.128338,3.7
2022-07-01,2022-07,25.4,29.7,2.318764,3.172066,4.3
2022-07-02,2022-07,25.6,28.4,2.118765,3.184651,2.8
2022-07-03,2022-07,28.2,30.3,1.931105,3.054832,2.1
2022-07-04,2022-07,27.9,29.4,1.109054,2.758713,1.5
2022-07-05,2022-07,28.4,29.7,0.842615,2.509441,1.3
2022-07-06,2022-07,28,30.3,1.080123,2.093004,2.3
2022-07-07,2022-07,27.2,31.6,2.032035,1.792019,4.4
2022-07-08,2022-07,27.7,33.8,3.167938,2.113134,6.1
2022-07-09,2022-07,28.6,33.3,3.145897,2.180673,4.7
2022-07-10,2022-07,28.6,34.2,2.99597,2.264656,5.6
2022-07-11,2022-07,28.5,35.1,3.541186,2.607929,6.6
2022-07-12,2022-07,28.6,35.2,3.810949,2.848859,6.6
2022-07-13,2022-07,28.4,35.2,3.869108,3.063216,6.8
2022-07-14,2022-07,28.5,33.1,3.40098,3.076145,4.6
2022-07-15,2022-07,28.6,34.3,3.013719,3.075921,5.7
2022-07-16,2022-07,28.8,33.3,2.973774,2.976232,4.5
2022-07-17,2022-07,28.8,32.6,2.412986,2.939359,3.8
2022-07-18,2022-07,28.5,32.7,2.313007,2.872136,4.2
2022-07-19,2022-07,29.1,33.7,2.58457,2.732002,4.6
2022-07-20,2022-07,29.2,34.2,2.779089,2.610204,5
2022-07-21,2022-07,28.1,35.2,3.545302,2.632545,7.1
2022-07-22,2022-07,28.2,35.6,4.189173,2.843113,7.4
2022-07-23,2022-07,29.2,34.9,3.814337,2.854521,5.7
2022-07-24,2022-07,29.5,36.1,3.586433,3.021258,6.6
2022-07-25,2022-07,29.9,35.8,3.614208,3.13533,5.9
2022-07-26,2022-07,29.1,35.2,3.488075,3.199766,6.1
2022-07-27,2022-07,29,34.2,3.28773,3.225497,5.2
2022-07-28,2022-07,28.8,35.3,3.408201,3.31013,6.5
2022-07-29,2022-07,29.7,35.3,3.512241,3.20892,5.6
2022-07-30,2022-07,26.5,31.2,3.653651,3.25084,4.7
2022-07-31,2022-07,28.3,34,3.295451,3.258214,5.7
2022-08-01,2022-08,29.1,35.7,3.632607,3.243757,6.6
2022-08-02,2022-08,28,35.2,4.014142,3.29947,7.2
2022-08-03,2022-08,25.6,30.8,4.123106,3.423832,5.2
2022-08-04,2022-08,25.9,28.4,2.432249,3.560875,2.5
2022-08-05,2022-08,24.5,28.6,1.990812,3.615153,4.1
2022-08-06,2022-08,26.1,30.9,2.812324,3.432006,4.8
2022-08-07,2022-08,27.6,32.6,2.976575,3.450791,5
2022-08-08,2022-08,26.2,30.9,2.940947,3.342996,4.7
2022-08-09,2022-08,25.4,28.5,2.47723,2.959504,3.1
2022-08-10,2022-08,25.8,29.6,2.048373,2.451632,3.8
2022-08-11,2022-08,25.5,28.8,2.079062,2.352508,3.3
2022-08-12,2022-08,24.9,27.1,1.75,2.418781,2.2
2022-08-13,2022-08,25.8,32.6,3.453501,2.616669,6.8
2022-08-14,2022-08,26.9,33.3,3.84751,2.819271,6.4
2022-08-15,2022-08,28.1,33.6,3.472151,2.926631,5.5
2022-08-16,2022-08,26.2,33.2,3.694478,3.112763,7
2022-08-17,2022-08,26.2,32.3,3.799452,3.20977,6.1
2022-08-18,2022-08,26.2,30.4,3.072865,3.206913,4.2
2022-08-19,2022-08,26.4,32,2.904594,3.247255,5.6
2022-08-20,2022-08,26.5,31.9,3.175951,3.150556,5.4
2022-08-21,2022-08,26.6,32.9,3.402328,3.114904,6.3
2022-08-22,2022-08,28.2,32.9,3.241913,3.02721,4.7
2022-08-23,2022-08,28.6,34.5,3.133156,3.099435,5.9
2022-08-24,2022-08,26.4,34.9,4.255976,3.238821,8.5
2022-08-25,2022-08,25,29.8,4.404827,3.26976,4.8
2022-08-26,2022-08,27.5,32.9,3.36353,3.29401,5.4
2022-08-27,2022-08,27.4,33,3.175951,3.286919,5.6
2022-08-28,2022-08,28.3,34.4,3.445166,3.34494,6.1
2022-08-29,2022-08,28.6,34.6,3.496069,3.352586,6
2022-08-30,2022-08,27.9,32.3,3.158586,3.340503,4.4
2022-08-31,2022-08,28.1,31.7,2.32379,3.199062,3.6
2022-09-01,2022-09,26.9,32.9,2.856571,2.999382,6
2022-09-02,2022-09,27.3,32.3,3.189044,2.831541,5
2022-09-03,2022-09,26.9,33.9,3.528928,2.945158,7
2022-09-04,2022-09,27.7,34.7,4.067759,3.053461,7
2022-09-05,2022-09,28.8,35.3,3.930543,3.114743,6.5
2022-09-06,2022-09,28.4,34.5,3.655589,3.115338,6.1
2022-09-07,2022-09,26.7,29.6,3.351617,3.16922,2.9
2022-09-08,2022-09,27.8,32.8,2.666302,3.227273,5
2022-09-09,2022-09,27.5,33.3,3.126766,3.209095,5.8
2022-09-10,2022-09,27.6,31.4,2.878078,3.163904,3.8
2022-09-11,2022-09,27.4,32.1,2.471673,3.027871,4.7
2022-09-12,2022-09,28.2,33.7,3.0337,2.914382,5.5
2022-09-13,2022-09,28.8,35.9,3.754553,2.985737,7.1
2022-09-14,2022-09,29.6,35.5,3.7705,3.049037,5.9
2022-09-15,2022-09,28.7,34.5,3.421866,3.061046,5.8
2022-09-16,2022-09,28.6,33.8,3.188521,3.063087,5.2
2022-09-17,2022-09,29.1,33.9,2.894247,2.997221,4.8
2022-09-18,2022-09,27.4,34,3.36353,3.096127,6.6
2022-09-19,2022-09,25.9,32.3,3.86523,3.246119,6.4
2022-09-20,2022-09,26.2,30.7,3.215976,3.336009,4.5
2022-09-21,2022-09,25.8,30.4,2.634862,3.263944,4.6
2022-09-22,2022-09,26.9,31.2,2.628529,3.087367,4.3
2022-09-23,2022-09,25.6,32.1,3.183813,3.082254,6.5
2022-09-24,2022-09,25.8,31,3.408201,3.038798,5.2
2022-09-25,2022-09,26.9,32.7,3.28126,2.985514,5.8
2022-09-26,2022-09,27.2,33.7,3.576194,2.960968,6.5
2022-09-27,2022-09,28.1,32.3,3.162673,2.855375,4.2
2022-09-28,2022-09,27.7,31.2,2.27358,2.795204,3.5
2022-09-29,2022-09,25,29.7,2.682039,2.854346,4.7
2022-09-30,2022-09,24.8,28.3,2.436528,2.960455,3.5
2022-10-01,2022-10,25.7,30.5,2.585053,2.862837,4.8
2022-10-02,2022-10,27.7,31.9,2.782685,2.822499,4.2
2022-10-03,2022-10,27.5,33,2.837105,2.824469,5.5
2022-10-04,2022-10,27.5,33.5,3.326034,2.790818,6
2022-10-05,2022-10,27.8,31.4,2.903446,2.736177,3.6
2022-10-06,2022-10,27.3,32,2.417126,2.801071,4.7
2022-10-07,2022-10,25.8,31.5,3.070831,2.797588,5.7
2022-10-08,2022-10,26,30.4,2.95113,2.691213,4.4
2022-10-09,2022-10,23.7,31,3.514138,2.926659,7.3
2022-10-10,2022-10,21.6,26.6,4.070524,3.430039,5
2022-10-11,2022-10,21.2,28.1,3.493208,3.666765,6.9
2022-10-12,2022-10,21.9,29.6,4.268489,3.671688,7.7
2022-10-13,2022-10,23.3,29.6,4.081666,3.681123,6.3
2022-10-14,2022-10,24.9,31,3.683296,3.622499,6.1
2022-10-15,2022-10,24.1,31.6,3.947151,3.682368,7.5
2022-10-16,2022-10,25.6,31.3,3.861347,3.757077,5.7
2022-10-17,2022-10,26.3,29,2.615977,3.557428,2.7
2022-10-18,2022-10,17.3,26.7,5.155822,4.084763,9.4
2022-10-19,2022-10,18.3,26.2,5.014894,4.351393,7.9
2022-10-20,2022-10,22.7,27.2,4.02575,4.215522,4.5
2022-10-21,2022-10,23.2,28.5,2.885596,4.164728,5.3
2022-10-22,2022-10,22.8,30.3,3.770942,4.17508,7.5
2022-10-23,2022-10,24.3,30.7,4.062327,4.090803,6.4
2022-10-24,2022-10,23.8,27.1,3.16899,3.850281,3.3
2022-10-25,2022-10,22.6,25.8,2.010597,3.75854,3.2
2022-10-26,2022-10,22,26.7,2.322893,3.283266,4.7
2022-10-27,2022-10,22.4,28.1,3.060501,2.919332,5.7
2022-10-28,2022-10,23.3,30,3.681032,3.070179,6.7
2022-10-29,2022-10,23.7,30,3.756328,3.156369,6.3
2022-10-30,2022-10,22.6,28.2,3.541539,3.01208,5.6
2022-10-31,2022-10,23.8,27.2,2.675195,2.757286,3.4
2022-11-01,2022-11,18.9,25.3,3.550587,3.149577,6.4
2022-11-02,2022-11,18.9,21.5,3.025998,3.54455,2.6
2022-11-03,2022-11,20.9,23.2,1.774589,3.568753,2.3
2022-11-04,2022-11,21.9,24,1.37356,3.435671,2.1
2022-11-05,2022-11,20.8,22.2,1.327592,3.126706,1.4
2022-11-06,2022-11,19.3,22.5,1.467424,2.705919,3.2
2022-11-07,2022-11,19.7,23.5,2.06801,2.362202,3.8
2022-11-08,2022-11,20.6,23.7,2.027108,1.946011,3.1
2022-11-09,2022-11,21.6,26.7,2.696294,2.001957,5.1
2022-11-10,2022-11,23,27.9,2.983287,2.316454,4.9
2022-11-11,2022-11,23.5,28.1,2.751212,2.644208,4.6
2022-11-12,2022-11,23.3,26.8,2.399132,2.775728,3.5
2022-11-13,2022-11,22.9,28.5,2.721978,2.94935,5.6
2022-11-14,2022-11,23.2,25.7,2.605603,2.691336,2.5
2022-11-15,2022-11,23.4,26,1.479583,2.425206,2.6
2022-11-16,2022-11,23.2,25.8,1.505545,2.20106,2.6
2022-11-17,2022-11,22.9,27.2,2.075853,2.11908,4.3
2022-11-18,2022-11,23.1,26.9,2.342897,2.037554,3.8
2022-11-19,2022-11,23.7,27.6,2.25444,1.981203,3.9
2022-11-20,2022-11,23.3,27.5,2.344319,2.030425,4.2
2022-11-21,2022-11,23.1,25.3,2.055886,1.801007,2.2
2022-11-22,2022-11,22.3,24.1,1.296148,1.861496,1.8
2022-11-23,2022-11,22.5,24.8,1.220314,1.883691,2.3
2022-11-24,2022-11,21.4,22.6,1.424488,2.038208,1.2
2022-11-25,2022-11,21.3,23.4,1.007886,1.993228,2.1
2022-11-26,2022-11,21.7,23.6,1.169045,1.893806,1.9
2022-11-27,2022-11,22.1,23.7,1.024288,1.603525,1.6
2022-11-28,2022-11,23.4,28.6,2.852484,1.806551,5.2
2022-11-29,2022-11,24.3,27.8,2.559134,2.078461,3.5
2022-11-30,2022-11,18.3,26.1,4.137934,2.542309,7.8
2022-12-01,2022-12,14.8,18.4,4.770045,3.491221,3.6
2022-12-02,2022-12,13.6,19.4,2.787472,4.202613,5.8
2022-12-03,2022-12,16.9,21.5,3.40049,4.359492,4.6
2022-12-04,2022-12,19.9,23.3,2.715388,4.368099,3.4
2022-12-05,2022-12,15.7,20.7,3.153834,4.527909,5
2022-12-06,2022-12,14.9,19.8,2.899856,4.137773,4.9
2022-12-07,2022-12,16.6,21.5,2.994439,3.376364,4.9
2022-12-08,2022-12,17.7,22.6,2.899425,2.970571,4.9
2022-12-09,2022-12,17.4,22.7,2.947315,2.982365,5.3
2022-12-10,2022-12,15.6,21.6,3.373796,2.842651,6
2022-12-11,2022-12,15.3,19,2.997082,2.891878,3.7
2022-12-12,2022-12,15,18,1.98053,2.793139,3
2022-12-13,2022-12,12.9,16.7,2.206808,2.993764,3.8
2022-12-14,2022-12,11.5,13.1,2.217356,3.469774,1.6
2022-12-15,2022-12,12.3,16.2,2.056494,3.49657,3.9
2022-12-16,2022-12,15.1,18.2,2.46103,3.158876,3.1
2022-12-17,2022-12,11.8,15.1,2.613427,2.80449,3.3
2022-12-18,2022-12,9.4,13.8,2.486463,2.677779,4.4
2022-12-19,2022-12,10.6,16.6,3.249615,2.637921,6
2022-12-20,2022-12,14.7,19.2,3.621579,2.764055,4.5
2022-12-21,2022-12,15.5,19.8,2.572936,3.029625,4.3
2022-12-22,2022-12,13.9,20.3,3.163727,3.202909,6.4
2022-12-23,2022-12,14.7,20.2,3.450966,3.343844,5.5
2022-12-24,2022-12,14.4,20.1,3.235738,3.487257,5.7
2022-12-25,2022-12,14.1,18.5,2.990401,3.425371,4.4
2022-12-26,2022-12,14.3,18.8,2.573422,2.971525,4.5
2022-12-27,2022-12,14.9,18.8,2.437212,2.600737,3.9
2022-12-28,2022-12,14.7,20.6,2.924038,2.700864,5.9
2022-12-29,2022-12,14.5,18.9,3.054368,2.699931,4.4
2022-12-30,2022-12,12.4,17.3,2.892951,2.691468,4.9
2022-12-31,2022-12,12,18.7,3.40098,2.797588,6.7
2023-01-01,2023-01,14.5,19.3,3.481738,2.729461,4.8
2023-01-02,2023-01,17.2,21.6,3.024897,2.914382,4.4
2023-01-03,2023-01,16.1,19.2,2.418505,2.86571,3.1
2023-01-04,2023-01,15.8,19.9,2.101587,2.892051,4.1
2023-01-05,2023-01,16.8,21.4,2.617091,2.89632,4.6
2023-01-06,2023-01,17,23.4,3.279736,3.169832,6.4
2023-01-07,2023-01,17.9,21.3,2.978814,2.950021,3.4
2023-01-08,2023-01,17,20,1.957039,2.494527,3
2023-01-09,2023-01,18.2,21.4,1.941649,2.328912,3.2
2023-01-10,2023-01,17.6,19,1.668333,2.20711,1.4
2023-01-11,2023-01,17,19.1,1.040433,2.141495,2.1
2023-01-12,2023-01,17.5,19.6,1.246328,2.007278,2.1
2023-01-13,2023-01,18.9,23.9,2.758472,2.197271,5
2023-01-14,2023-01,20,24.7,2.854675,2.292224,4.7
2023-01-15,2023-01,13,21.6,4.950673,2.816432,8.6
2023-01-16,2023-01,11.3,13.2,4.629165,3.689444,1.9
2023-01-17,2023-01,11,15.2,1.944865,4.095506,4.2
2023-01-18,2023-01,11.5,17.1,2.940521,4.351992,5.6
2023-01-19,2023-01,13.3,18.7,3.324154,4.446342,5.4
2023-01-20,2023-01,15.9,20.9,3.308575,4.515879,5
2023-01-21,2023-01,16,18.8,2.409703,4.107858,2.8
2023-01-22,2023-01,16.6,22.4,2.895399,3.698057,5.8
2023-01-23,2023-01,16.9,21.1,2.937686,3.565196,4.2
2023-01-24,2023-01,12,18.7,3.855191,3.450549,6.7
2023-01-25,2023-01,10.6,14.4,3.549061,3.522304,3.8
2023-01-26,2023-01,13,18.6,3.356089,3.430251,5.6
2023-01-27,2023-01,12.4,17.3,3.086935,3.460828,4.9
2023-01-28,2023-01,10.6,15.7,3.04959,3.564635,5.1
2023-01-29,2023-01,9.8,16,3.280625,3.787034,6.2
2023-01-30,2023-01,11.7,18.8,4.080339,3.512834,7.1
2023-01-31,2023-01,13.8,20.1,3.997499,3.361045,6.3
2023-02-01,2023-02,17.8,23.7,4.150904,3.930856,5.9
2023-02-02,2023-02,17.9,21.2,2.845464,3.990823,3.3
2023-02-03,2023-02,16.7,19.9,2.010597,3.964656,3.2
2023-02-04,2023-02,16.6,19.1,1.678044,3.858303,2.5
2023-02-05,2023-02,16.8,19.3,1.447987,3.494376,2.5
2023-02-06,2023-02,17.9,21.1,1.857193,2.888714,3.2
2023-02-07,2023-02,18.8,24.8,3.077337,2.754262,6
2023-02-08,2023-02,17.2,20.1,3.272486,2.430766,2.9
2023-02-09,2023-02,16.9,23.5,3.076118,2.45435,6.6
2023-02-10,2023-02,19.5,24.2,3.442262,2.684399,4.7
2023-02-11,2023-02,17.8,20.2,2.710935,2.62396,2.4
2023-02-12,2023-02,18.7,21.1,1.479865,2.528957,2.4
2023-02-13,2023-02,19.5,26.1,3.320141,2.822735,6.6
2023-02-14,2023-02,16.6,20.7,3.975236,2.913639,4.1
2023-02-15,2023-02,13.1,20.3,3.564992,3.176207,7.2
2023-02-16,2023-02,14.5,19.9,3.685557,3.382085,5.4
2023-02-17,2023-02,15.6,24,4.344345,3.50521,8.4
2023-02-18,2023-02,18,25.1,4.602445,3.612755,7.1
2023-02-19,2023-02,19.8,26.6,4.125025,3.994413,6.8
2023-02-20,2023-02,18.2,24.1,3.861239,4.132912,5.9
2023-02-21,2023-02,16.1,20.5,3.42576,3.92865,4.4
2023-02-22,2023-02,14.8,20.4,2.935416,4.037966,5.6
2023-02-23,2023-02,15.4,22.9,3.924602,3.919689,7.5
2023-02-24,2023-02,17,23.4,4.070524,3.843474,6.4
2023-02-25,2023-02,14.8,21,3.872553,3.779457,6.2
2023-02-26,2023-02,14.4,21.2,3.757215,3.757282,6.8
2023-02-27,2023-02,14.2,20.1,3.694478,3.449052,5.9
2023-02-28,2023-02,14.9,22.3,3.953374,3.409374,7.4
2023-03-01,2023-03,16.4,24.4,4.568734,3.688541,8
2023-03-02,2023-03,17.8,23.2,3.940812,3.706728,5.4
2023-03-03,2023-03,16.5,22.4,3.321019,3.612571,5.9
2023-03-04,2023-03,17.3,23.8,3.639597,3.635926,6.5
2023-03-05,2023-03,17.3,23.5,3.668219,3.631339,6.2
2023-03-06,2023-03,17.4,24.1,3.73218,3.596202,6.7
2023-03-07,2023-03,17.7,24.1,3.783627,3.493321,6.4
2023-03-08,2023-03,19.1,25.7,3.851839,3.449583,6.6
2023-03-09,2023-03,19.5,27,4.108021,3.519186,7.5
2023-03-10,2023-03,20.3,26.6,4.000417,3.652117,6.3
2023-03-11,2023-03,19.9,26,3.591657,3.610119,6.1
2023-03-12,2023-03,20.2,25.6,3.326034,3.526755,5.4
2023-03-13,2023-03,19.1,22.4,2.866327,3.372382,3.3
2023-03-14,2023-03,18.7,22.9,2.180787,3.232027,4.2
2023-03-15,2023-03,18.7,24.5,2.95973,3.165623,5.8
2023-03-16,2023-03,19.4,25.8,3.573047,3.153807,6.4
2023-03-17,2023-03,20,26.1,3.618817,3.043874,6.1
2023-03-18,2023-03,19.8,26.8,3.793306,3.087171,7
2023-03-19,2023-03,20,21.9,3.257172,2.915583,1.9
2023-03-20,2023-03,20.1,24.4,2.060744,2.83499,4.3
2023-03-21,2023-03,22.1,25.4,2.376272,2.856075,3.3
2023-03-22,2023-03,24.1,25.6,1.610383,2.819803,1.5
2023-03-23,2023-03,24.1,26.3,1.105667,2.712433,2.2
2023-03-24,2023-03,23.3,29,2.553919,2.817061,5.7
2023-03-25,2023-03,20.9,26.4,3.541186,2.764748,5.5
2023-03-26,2023-03,20,21.6,2.859341,2.67083,1.6
2023-03-27,2023-03,17.5,20,1.693861,3.04182,2.5
2023-03-28,2023-03,17.2,20.1,1.564182,3.364025,2.9
2023-03-29,2023-03,18.4,21.8,2.007278,3.449003,3.4
2023-03-30,2023-03,19.8,21.4,1.560983,3.32984,1.6
2023-03-31,2023-03,19.6,21.1,0.906918,3.044277,1.5
2023-04-01,2023-04,19.3,22.4,1.43527,2.1654,3.1
2023-04-02,2023-04,20.5,21.6,1.347838,1.51788,1.1
2023-04-03,2023-04,20.3,21.5,0.670199,1.511718,1.2
2023-04-04,2023-04,20.6,25.9,2.600481,1.920493,5.3
2023-04-05,2023-04,24.3,26.3,2.597916,2.243212,2
2023-04-06,2023-04,20.2,28.4,3.493804,2.705919,8.2
2023-04-07,2023-04,19.4,25.9,4.376738,2.885993,6.5
2023-04-08,2023-04,20.2,21.8,2.894103,2.8364,1.6
2023-04-09,2023-04,18,21.7,1.774589,2.952033,3.7
2023-04-10,2023-04,19.9,23.3,2.286737,2.985514,3.4
2023-04-11,2023-04,21.9,28.1,3.490941,3.24278,6.2
2023-04-12,2023-04,22,29.2,3.89444,3.49149,7.2
2023-04-13,2023-04,21.6,26.3,3.637192,3.498089,4.7
2023-04-14,2023-04,22.5,28.9,3.395463,3.475192,6.4
2023-04-15,2023-04,23.4,30.6,4.003748,3.741991,7.2
2023-04-16,2023-04,24.1,30.8,4.023576,3.949889,6.7
2023-04-17,2023-04,24,29.2,3.497023,3.599792,5.2
2023-04-18,2023-04,24.6,29.9,3.054368,3.400729,5.3
2023-04-19,2023-04,21.6,27.7,3.624454,3.411451,6.1
2023-04-20,2023-04,23.2,25.1,2.624246,3.231092,1.9
2023-04-21,2023-04,23.3,25.3,1.129528,3.110386,2
2023-04-22,2023-04,22.5,23.9,1.181807,3.037872,1.4
2023-04-23,2023-04,22.4,23.7,0.78475,2.806473,1.3
2023-04-24,2023-04,22.9,24.3,0.84212,2.396386,1.4
2023-04-25,2023-04,20.4,23.7,1.715372,2.278806,3.3
2023-04-26,2023-04,19.4,24.8,2.583763,1.975475,5.4
2023-04-27,2023-04,21.5,24.7,2.626785,1.661914,3.2
2023-04-28,2023-04,21.8,27.6,2.857738,1.984565,5.8
2023-04-29,2023-04,23.7,28.1,3.051775,2.278559,4.4
2023-04-30,2023-04,22.7,27.8,2.775338,2.517994,5.1
2023-05-01,2023-05,23,26.1,2.469818,2.568909,3.1
2023-05-02,2023-05,22.7,26.9,2.136001,2.681783,4.2
2023-05-03,2023-05,23.6,29.1,2.963528,2.773799,5.5
2023-05-04,2023-05,25.4,31,3.377746,2.837597,5.6
2023-05-05,2023-05,25.5,30.2,2.991516,2.867287,4.7
2023-05-06,2023-05,26.9,29.7,2.248518,2.770078,2.8
2023-05-07,2023-05,23.4,30.3,3.153173,2.931489,6.9
2023-05-08,2023-05,21.9,24.8,3.663332,3.011803,2.9
2023-05-09,2023-05,22.3,26.5,2.170061,3.067654,4.2
2023-05-10,2023-05,23,25.3,1.96023,3.049857,2.3
2023-05-11,2023-05,22.2,25.8,1.746186,3.043655,3.6
2023-05-12,2023-05,23.8,25.7,1.717314,2.756802,1.9
2023-05-13,2023-05,22.3,25.3,1.55,2.54794,3
2023-05-14,2023-05,20.2,23.1,2.107724,2.393664,2.9
2023-05-15,2023-05,21.9,27.1,2.935274,1.994158,5.2
2023-05-16,2023-05,23.1,27.3,2.758623,2.109334,4.2
2023-05-17,2023-05,23.7,28.9,2.801785,2.314726,5.2
2023-05-18,2023-05,27.5,31.4,3.217012,2.960173,3.9
2023-05-19,2023-05,27.4,31.3,2.252406,3.288262,3.9
2023-05-20,2023-05,28,32.7,2.559297,3.712232,4.7
2023-05-21,2023-05,28,32.2,2.577305,3.802258,4.2
2023-05-22,2023-05,28.1,33,2.647483,3.354698,4.9
2023-05-23,2023-05,24.4,29.2,3.539656,3.0746,4.8
2023-05-24,2023-05,23.3,28.2,2.865164,3.035615,4.9
2023-05-25,2023-05,24.9,26.9,2.162368,2.951094,2
2023-05-26,2023-05,26.4,30.9,2.561738,2.958991,4.5
2023-05-27,2023-05,26.7,32.3,2.973634,3.05505,5.6
2023-05-28,2023-05,27,32.5,3.207673,3.056687,5.5
2023-05-29,2023-05,26.3,32.3,3.333042,3.108376,6
2023-05-30,2023-05,28,34.6,3.820122,3.291549,6.6
2023-05-31,2023-05,29.6,34.7,3.440325,3.469078,5.1
2023-06-01,2023-06,26.2,31.6,3.565927,3.256116,5.4
2023-06-02,2023-06,28.2,35.2,3.954744,3.250429,7
2023-06-03,2023-06,28.9,34.9,3.765634,3.319212,6
2023-06-04,2023-06,27.9,32.7,3.270066,3.253895,4.8
2023-06-05,2023-06,27.7,32.9,2.88906,3.222156,5.2
2023-06-06,2023-06,26.8,30.2,2.741046,3.153986,3.4
2023-06-07,2023-06,27,31.5,2.342897,3.048825,4.5
2023-06-08,2023-06,27.4,33.1,3.020486,3.005523,5.7
2023-06-09,2023-06,26.7,32,3.219731,2.978695,5.3
2023-06-10,2023-06,28,33,3.047813,2.785431,5
2023-06-11,2023-06,27.3,32.5,2.965356,2.633747,5.2
2023-06-12,2023-06,28.2,33.7,3.148942,2.704441,5.5
2023-06-13,2023-06,25.8,32.7,3.733631,2.830069,6.9
2023-06-14,2023-06,25.1,29.6,3.537419,2.972317,4.5
2023-06-15,2023-06,26.1,28.7,2.12191,2.992818,2.6
2023-06-16,2023-06,25.2,28.1,1.647979,2.969898,2.9
2023-06-17,2023-06,25.3,28,1.617611,2.94397,2.7
2023-06-18,2023-06,25.7,29.9,2.143789,2.809026,4.2
2023-06-19,2023-06,26.9,31.4,2.631064,2.720049,4.5
2023-06-20,2023-06,27.8,32.2,2.615817,2.536065,4.4
2023-06-21,2023-06,28.7,32.2,2.309942,2.410593,3.5
2023-06-22,2023-06,29,32.4,1.99729,2.467387,3.4
2023-06-23,2023-06,28,31.2,2.009146,2.462654,3.2
2023-06-24,2023-06,27.4,31,1.979899,2.337083,3.6
2023-06-25,2023-06,26.1,32.9,3.145897,2.403054,6.8
2023-06-26,2023-06,26.6,32.9,3.787149,2.458311,6.3
2023-06-27,2023-06,28.1,33.9,3.569664,2.563461,5.8
2023-06-28,2023-06,26.9,31.3,3.16807,2.582989,4.4
2023-06-29,2023-06,27.1,33.3,3.16807,2.741586,6.2
2023-06-30,2023-06,26.5,32.5,3.54542,2.87001,6
2023-07-01,2023-07,26.2,30.9,3.159509,2.96603,4.7
2023-07-02,2023-07,26.2,29.3,2.344497,3.014237,3.1
2023-07-03,2023-07,27,32.4,2.780138,2.91981,5.4
2023-07-04,2023-07,26.7,32,3.095561,2.850373,5.3
2023-07-05,2023-07,28.9,33,2.887329,2.746361,4.1
2023-07-06,2023-07,28.4,32.8,2.463568,2.773085,4.4
2023-07-07,2023-07,29,33.4,2.563851,2.708751,4.4
2023-07-08,2023-07,28.8,33.2,2.542964,2.63916,4.4
2023-07-09,2023-07,28.7,33.7,2.721519,2.633684,5
2023-07-10,2023-07,28.9,33.7,2.830194,2.552874,4.8
2023-07-11,2023-07,28.9,33.6,2.742718,2.482732,4.7
2023-07-12,2023-07,28.9,34.5,2.99597,2.44404,5.6
2023-07-13,2023-07,28.6,34.8,3.410767,2.592288,6.2
2023-07-14,2023-07,28.5,33.8,3.345021,2.636633,5.3
2023-07-15,2023-07,28.2,34.5,3.363034,2.761816,6.3
2023-07-16,2023-07,27.2,33.3,3.635932,2.890415,6.1
2023-07-17,2023-07,27.2,29.4,2.876775,2.948333,2.2
2023-07-18,2023-07,27.5,31.1,1.81659,2.932007,3.6
2023-07-19,2023-07,27.3,30.3,1.93477,2.907283,3
2023-07-20,2023-07,26.8,33.6,3.140064,2.942498,6.8
2023-07-21,2023-07,27.7,32.4,3.375772,2.782205,4.7
2023-07-22,2023-07,28.3,34,3.082207,2.80844,5.7
2023-07-23,2023-07,28.6,34.1,3.235738,2.751848,5.5
2023-07-24,2023-07,28.4,34.6,3.384647,2.811457,6.2
2023-07-25,2023-07,28.4,33.4,3.270066,2.851308,5
2023-07-26,2023-07,29.3,35.5,3.365016,3.030835,6.2
2023-07-27,2023-07,28.4,36.1,4.03681,3.227486,7.7
2023-07-28,2023-07,28.9,34.7,3.944088,3.139745,5.8
2023-07-29,2023-07,27.2,31.5,3.269429,3.170463,4.3
2023-07-30,2023-07,27.5,32.1,2.583763,3.155042,4.6
2023-07-31,2023-07,26.5,32.5,3.091386,3.233548,6
2023-08-01,2023-08,27.9,32.2,3.030264,3.133469,4.3
2023-08-02,2023-08,27.9,34.6,3.323151,3.24181,6.7
2023-08-03,2023-08,27.9,35.1,4.017773,3.265961,7.2
2023-08-04,2023-08,28.3,33.5,3.642344,3.040004,5.2
2023-08-05,2023-08,28.3,33,2.865164,2.935643,4.7
2023-08-06,2023-08,29.2,33,2.481095,2.891705,3.8
2023-08-07,2023-08,28,32.4,2.429678,2.869836,4.4
2023-08-08,2023-08,28.9,33.3,2.592939,2.737144,4.4
2023-08-09,2023-08,28.7,32.8,2.463568,2.710158,4.1
2023-08-10,2023-08,27.5,32.1,2.574717,2.583796,4.6
2023-08-11,2023-08,25.7,30.1,2.820756,2.526922,4.4
2023-08-12,2023-08,26.6,32.1,2.994857,2.554335,5.5
2023-08-13,2023-08,26.1,29.6,2.798809,2.589458,3.5
2023-08-14,2023-08,27,32.2,2.751212,2.617306,5.2
2023-08-15,2023-08,28.8,32.5,2.675039,2.600128,3.7
2023-08-16,2023-08,28.8,34,2.64118,2.673044,5.2
2023-08-17,2023-08,29,32,2.505328,2.611441,3
2023-08-18,2023-08,27.2,30.6,2.068816,2.560005,3.4
2023-08-19,2023-08,27.3,30.6,1.934554,2.438579,3.3
2023-08-20,2023-08,28.4,31.5,1.936492,2.29187,3.1
2023-08-21,2023-08,28.2,32.1,2.037155,2.195108,3.9
2023-08-22,2023-08,28,33,2.596632,2.178532,5
2023-08-23,2023-08,28.2,33.5,2.981471,2.293178,5.3
2023-08-24,2023-08,27.5,31.4,2.805352,2.15823,3.9
2023-08-25,2023-08,28.2,30.9,1.937352,2.13444,2.7
2023-08-26,2023-08,27.9,32.8,2.330236,2.207478,4.9
2023-08-27,2023-08,26.4,31.9,3.08599,2.338509,5.5
2023-08-28,2023-08,28.1,33.4,3.252179,2.479911,5.3
2023-08-29,2023-08,26.8,32.6,3.264327,2.604067,5.8
2023-08-30,2023-08,26.7,32,3.213902,2.626143,5.3
2023-08-31,2023-08,27.7,32.1,2.830047,2.543357,4.4
2023-09-01,2023-09,25,28.7,2.934138,2.726169,3.7
2023-09-02,2023-09,25.2,27.2,1.757603,2.92272,2
2023-09-03,2023-09,27,33.7,3.726817,3.039456,6.7
2023-09-04,2023-09,27.3,32.6,3.495235,3.044058,5.3
2023-09-05,2023-09,27.7,31,2.572288,2.883972,3.3
2023-09-06,2023-09,27.8,32.1,2.239792,2.805203,4.3
2023-09-07,2023-09,25.5,29.7,2.804015,2.776501,4.2
2023-09-08,2023-09,25,26.3,2.118765,2.818717,1.3
2023-09-09,2023-09,25.5,26.6,0.732575,2.810664,1.1
2023-09-10,2023-09,24.8,26.5,0.858293,2.860471,1.7
2023-09-11,2023-09,25.6,28.2,1.459166,2.490214,2.6
2023-09-12,2023-09,26,29.4,1.807392,2.203019,3.4
2023-09-13,2023-09,26.8,30.4,2.087263,2.142234,3.6
2023-09-14,2023-09,25.6,28.2,2.061553,1.760007,2.6
2023-09-15,2023-09,25.2,30.6,2.513961,1.884045,5.4
2023-09-16,2023-09,25.4,28.8,2.645751,1.90613,3.4
2023-09-17,2023-09,26.8,31.7,2.732978,2.166102,4.9
2023-09-18,2023-09,27.4,32.7,2.982728,2.370654,5.3
2023-09-19,2023-09,27.3,33.5,3.336041,2.65176,6.2
2023-09-20,2023-09,27.5,32.9,3.358571,2.796903,5.4
2023-09-21,2023-09,27.6,33.6,3.303533,2.991766,6
2023-09-22,2023-09,28.4,34.4,3.494758,3.11574,6
2023-09-23,2023-09,28.3,33.7,3.303533,3.068116,5.4
2023-09-24,2023-09,28.5,33.1,2.898275,2.910183,4.6
2023-09-25,2023-09,27.9,33.1,2.839601,2.889341,5.2
2023-09-26,2023-09,28.3,33.4,2.980352,2.869197,5.1
2023-09-27,2023-09,28.6,33.9,3.011644,2.810575,5.3
2023-09-28,2023-09,28.7,33.6,2.947315,2.770311,4.9
2023-09-29,2023-09,26.7,33.7,3.531171,2.857147,7
2023-09-30,2023-09,28.2,33.6,3.631804,2.810153,5.4
2023-10-01,2023-10,28,34,3.295957,2.850431,6
2023-10-02,2023-10,27.9,32.3,3.081666,2.850957,4.4
2023-10-03,2023-10,27.7,31.4,2.368368,2.801785,3.7
2023-10-04,2023-10,28.3,34.6,3.17805,2.895514,6.3
2023-10-05,2023-10,28.5,34.1,3.442262,2.915583,5.6
2023-10-06,2023-10,26.7,32.2,3.377746,2.973991,5.5
2023-10-07,2023-10,23.5,27.2,3.595367,3.285093,3.7
2023-10-08,2023-10,22.7,25.1,1.985573,3.720013,2.4
2023-10-09,2023-10,23.4,25,1.190238,3.80979,1.6
2023-10-10,2023-10,23.8,26.9,1.571358,3.790465,3.1
2023-10-11,2023-10,23.7,29.2,2.654556,3.795123,5.5
2023-10-12,2023-10,23.5,29.2,3.234192,3.375198,5.7
2023-10-13,2023-10,24.8,30.2,3.273505,2.860704,5.4
2023-10-14,2023-10,24.7,30,3.090173,2.59473,5.3
2023-10-15,2023-10,25.1,29.9,2.920474,2.705919,4.8
2023-10-16,2023-10,25.4,28.9,2.433619,2.624047,3.5
2023-10-17,2023-10,24.5,28.2,2.129945,2.547155,3.7
2023-10-18,2023-10,23.4,25.4,2.053249,2.600184,2
2023-10-19,2023-10,24.6,26,1.123981,2.455165,1.4
2023-10-20,2023-10,24.6,27.6,1.428286,2.293751,3
2023-10-21,2023-10,22,25.4,2.312286,2.302526,3.4
2023-10-22,2023-10,22.4,27.8,2.727636,2.259794,5.4
2023-10-23,2023-10,23.8,29.4,3.291909,2.246442,5.6
2023-10-24,2023-10,24.8,30.1,3.185776,2.389561,5.3
2023-10-25,2023-10,25.3,29.7,2.812324,2.50512,4.4
2023-10-26,2023-10,24.8,29.2,2.556691,2.574353,4.4
2023-10-27,2023-10,24.9,29.6,2.632331,2.707243,4.7
2023-10-28,2023-10,24.2,27.7,2.507323,2.7294,3.5
2023-10-29,2023-10,24.1,27.1,1.892749,2.541382,3
2023-10-30,2023-10,24.6,29.3,2.406069,2.429781,4.7
2023-10-31,2023-10,24.1,28.6,2.67893,2.356542,4.5
2023-11-01,2023-11,23.6,29.1,2.901149,2.358592,5.5
2023-11-02,2023-11,24.4,28.4,2.776539,2.309464,4
2023-11-03,2023-11,24.3,29.1,2.556691,2.329226,4.8
2023-11-04,2023-11,24.7,29.4,2.75,2.320982,4.7
2023-11-05,2023-11,25,30.1,2.84605,2.438092,5.1
2023-11-06,2023-11,25.3,30.7,3.043436,2.5761,5.4
2023-11-07,2023-11,25.3,26.8,2.55,2.462104,1.5
2023-11-08,2023-11,24.7,26,0.905539,2.383616,1.3
2023-11-09,2023-11,24.8,27.3,1.219289,2.217797,2.5
2023-11-10,2023-11,25.6,29.3,1.994158,2.214046,3.7
2023-11-11,2023-11,24.8,26.5,1.960442,2.092835,1.7
2023-11-12,2023-11,22,26.6,2.148449,2.221111,4.6
2023-11-13,2023-11,20.3,25.2,2.88603,2.440219,4.9
2023-11-14,2023-11,18.9,23.9,2.962403,2.61725,5
2023-11-15,2023-11,20.7,25.2,2.888339,2.75678,4.5
2023-11-16,2023-11,17.3,24,3.552464,3.245921,6.7
2023-11-17,2023-11,15.6,21.9,3.911521,3.698986,6.3
2023-11-18,2023-11,16.6,23,3.716069,3.509362,6.4
2023-11-19,2023-11,18.5,23.3,3.327161,3.322022,4.8
2023-11-20,2023-11,19,24.6,3.055596,3.193222,5.6
2023-11-21,2023-11,20.3,24.6,2.906745,3.14534,4.3
2023-11-22,2023-11,20.5,25.7,2.780138,3.231099,5.2
2023-11-23,2023-11,20.5,26.3,3.18486,3.33286,5.8
2023-11-24,2023-11,21.5,25,2.766918,3.212314,3.5
2023-11-25,2023-11,20,24.3,2.350886,2.881543,4.3
2023-11-26,2023-11,19.8,25.3,2.859487,2.671579,5.5
2023-11-27,2023-11,20.2,26.7,3.514731,2.735378,6.5
2023-11-28,2023-11,20.2,25.4,3.418942,2.682653,5.2
2023-11-29,2023-11,21.2,24,2.413849,2.612757,2.8
2023-11-30,2023-11,21.9,26,2.171597,2.571438,4.1
2023-12-01,2023-12,19.6,23.2,2.67005,2.487226,3.6
2023-12-02,2023-12,18.2,21.5,2.185368,2.655803,3.3
2023-12-03,2023-12,20.1,23.3,2.159282,2.612502,3.2
2023-12-04,2023-12,20.5,24.4,2.104559,2.513563,3.9
2023-12-05,2023-12,19.7,24.1,2.42126,2.312926,4.4
2023-12-06,2023-12,19.9,22.5,2.125245,2.160006,2.6
2023-12-07,2023-12,18.4,25.1,2.95113,2.412882,6.7
2023-12-08,2023-12,19.2,24,3.365883,2.304552,4.8
2023-12-09,2023-12,21.6,24.9,2.561738,2.366678,3.3
2023-12-10,2023-12,22.5,26.3,2.159282,2.423831,3.8
2023-12-11,2023-12,22.3,27.3,2.574231,2.647192,5
2023-12-12,2023-12,22.3,28.7,3.34016,2.961981,6.4
2023-12-13,2023-12,21.6,23.2,3.233677,2.844146,1.6
2023-12-14,2023-12,21.7,24.6,1.4198,2.755593,2.9
2023-12-15,2023-12,23.2,26.9,2.210581,2.531855,3.7
2023-12-16,2023-12,13.5,23.9,5.809403,3.450501,10.4
2023-12-17,2023-12,11.4,15.2,5.491205,4.897874,3.8
2023-12-18,2023-12,14.8,19,3.109126,5.116965,4.2
2023-12-19,2023-12,14.7,19,2.454078,5.075525,4.3
2023-12-20,2023-12,10.8,15.6,3.370831,5.052982,4.8
2023-12-21,2023-12,9.8,12.3,2.534265,5.428382,2.5
2023-12-22,2023-12,8.6,12.3,1.855622,5.344514,3.7
2023-12-23,2023-12,8.1,13.3,2.609438,4.148007,5.2
2023-12-24,2023-12,10.1,16.5,3.68601,3.383335,6.4
2023-12-25,2023-12,12.1,18.2,3.764195,3.556028,6.1
2023-12-26,2023-12,14.5,19.6,3.426368,3.614548,5.1
2023-12-27,2023-12,16.6,21.8,3.222189,4.014121,5.2
2023-12-28,2023-12,18.2,23.6,3.214032,4.698865,5.4
2023-12-29,2023-12,18.3,21,2.568235,4.72384,2.7
2023-12-30,2023-12,18.3,23,2.286919,4.49229,4.7
2023-12-31,2023-12,19,25.7,3.482336,4.099385,6.7
