"date","tmax","tmin","tmean","hot_night","very_hot_day","cold_day","year","month","day","month_id","doy","time_index","covid_phase","hot_night_same_day","cold_day_same_day","hot_night_lag_0_5","cold_day_lag_0_21","data_status","threshold_hot_night_c","threshold_very_hot_day_c","threshold_cold_day_c","notes"
2013-01-01,17.4,10.8,13.9,0,0,1,2013,1,1,"2013-01",1,1,"pre_covid",0,1,0,0.0454545454545455,"REAL_PUBLIC_HKO",28,33,12,"Public HKO open-data design only; no health outcomes joined."
2013-01-02,19.3,14.9,16.8,0,0,0,2013,1,2,"2013-01",2,2,"pre_covid",0,0,0,0.0454545454545455,"REAL_PUBLIC_HKO",28,33,12,"Public HKO open-data design only; no health outcomes joined."
2013-01-03,19.1,14.5,16.8,0,0,0,2013,1,3,"2013-01",3,3,"pre_covid",0,0,0,0.0454545454545455,"REAL_PUBLIC_HKO",28,33,12,"Public HKO open-data design only; no health outcomes joined."
2013-01-04,14.6,11.3,12.9,0,0,1,2013,1,4,"2013-01",4,4,"pre_covid",0,1,0,0.0909090909090909,"REAL_PUBLIC_HKO",28,33,12,"Public HKO open-data design only; no health outcomes joined."
2013-01-05,17,11.9,14.3,0,0,1,2013,1,5,"2013-01",5,5,"pre_covid",0,1,0,0.136363636363636,"REAL_PUBLIC_HKO",28,33,12,"Public HKO open-data design only; no health outcomes joined."
2013-01-06,17.1,13.9,15.1,0,0,0,2013,1,6,"2013-01",6,6,"pre_covid",0,0,0,0.136363636363636,"REAL_PUBLIC_HKO",28,33,12,"Public HKO open-data design only; no health outcomes joined."
2013-01-07,17.5,12.7,15.2,0,0,0,2013,1,7,"2013-01",7,7,"pre_covid",0,0,0,0.136363636363636,"REAL_PUBLIC_HKO",28,33,12,"Public HKO open-data design only; no health outcomes joined."
2013-01-08,20.3,16,17.5,0,0,0,2013,1,8,"2013-01",8,8,"pre_covid",0,0,0,0.136363636363636,"REAL_PUBLIC_HKO",28,33,12,"Public HKO open-data design only; no health outcomes joined."
2013-01-09,18.3,14.6,16.2,0,0,0,2013,1,9,"2013-01",9,9,"pre_covid",0,0,0,0.136363636363636,"REAL_PUBLIC_HKO",28,33,12,"Public HKO open-data design only; no health outcomes joined."
2013-01-10,16.3,13.1,14.7,0,0,0,2013,1,10,"2013-01",10,10,"pre_covid",0,0,0,0.136363636363636,"REAL_PUBLIC_HKO",28,33,12,"Public HKO open-data design only; no health outcomes joined."
2013-01-11,18.8,14.6,16.3,0,0,0,2013,1,11,"2013-01",11,11,"pre_covid",0,0,0,0.136363636363636,"REAL_PUBLIC_HKO",28,33,12,"Public HKO open-data design only; no health outcomes joined."
2013-01-12,18.7,14.1,16.4,0,0,0,2013,1,12,"2013-01",12,12,"pre_covid",0,0,0,0.136363636363636,"REAL_PUBLIC_HKO",28,33,12,"Public HKO open-data design only; no health outcomes joined."
2013-01-13,19.2,14.1,16.8,0,0,0,2013,1,13,"2013-01",13,13,"pre_covid",0,0,0,0.136363636363636,"REAL_PUBLIC_HKO",28,33,12,"Public HKO open-data design only; no health outcomes joined."
2013-01-14,18.7,12.8,15.7,0,0,0,2013,1,14,"2013-01",14,14,"pre_covid",0,0,0,0.136363636363636,"REAL_PUBLIC_HKO",28,33,12,"Public HKO open-data design only; no health outcomes joined."
2013-01-15,17.1,14.1,15.9,0,0,0,2013,1,15,"2013-01",15,15,"pre_covid",0,0,0,0.136363636363636,"REAL_PUBLIC_HKO",28,33,12,"Public HKO open-data design only; no health outcomes joined."
2013-01-16,21.4,14.9,17.4,0,0,0,2013,1,16,"2013-01",16,16,"pre_covid",0,0,0,0.136363636363636,"REAL_PUBLIC_HKO",28,33,12,"Public HKO open-data design only; no health outcomes joined."
2013-01-17,19.6,15.2,16.9,0,0,0,2013,1,17,"2013-01",17,17,"pre_covid",0,0,0,0.136363636363636,"REAL_PUBLIC_HKO",28,33,12,"Public HKO open-data design only; no health outcomes joined."
2013-01-18,16.6,13.3,14.6,0,0,0,2013,1,18,"2013-01",18,18,"pre_covid",0,0,0,0.136363636363636,"REAL_PUBLIC_HKO",28,33,12,"Public HKO open-data design only; no health outcomes joined."
2013-01-19,17.4,12.9,15,0,0,0,2013,1,19,"2013-01",19,19,"pre_covid",0,0,0,0.136363636363636,"REAL_PUBLIC_HKO",28,33,12,"Public HKO open-data design only; no health outcomes joined."
2013-01-20,19.1,15.8,17.8,0,0,0,2013,1,20,"2013-01",20,20,"pre_covid",0,0,0,0.136363636363636,"REAL_PUBLIC_HKO",28,33,12,"Public HKO open-data design only; no health outcomes joined."
2013-01-21,22.8,18.9,20.4,0,0,0,2013,1,21,"2013-01",21,21,"pre_covid",0,0,0,0.136363636363636,"REAL_PUBLIC_HKO",28,33,12,"Public HKO open-data design only; no health outcomes joined."
2013-01-22,25.6,18.9,21.4,0,0,0,2013,1,22,"2013-01",22,22,"pre_covid",0,0,0,0.136363636363636,"REAL_PUBLIC_HKO",28,33,12,"Public HKO open-data design only; no health outcomes joined."
2013-01-23,20,16.8,18.1,0,0,0,2013,1,23,"2013-01",23,23,"pre_covid",0,0,0,0.0909090909090909,"REAL_PUBLIC_HKO",28,33,12,"Public HKO open-data design only; no health outcomes joined."
2013-01-24,21.5,16.6,18.9,0,0,0,2013,1,24,"2013-01",24,24,"pre_covid",0,0,0,0.0909090909090909,"REAL_PUBLIC_HKO",28,33,12,"Public HKO open-data design only; no health outcomes joined."
2013-01-25,20.8,15.9,18.1,0,0,0,2013,1,25,"2013-01",25,25,"pre_covid",0,0,0,0.0909090909090909,"REAL_PUBLIC_HKO",28,33,12,"Public HKO open-data design only; no health outcomes joined."
2013-01-26,19.8,16.3,17.7,0,0,0,2013,1,26,"2013-01",26,26,"pre_covid",0,0,0,0.0454545454545455,"REAL_PUBLIC_HKO",28,33,12,"Public HKO open-data design only; no health outcomes joined."
2013-01-27,17.7,15.5,16.4,0,0,0,2013,1,27,"2013-01",27,27,"pre_covid",0,0,0,0,"REAL_PUBLIC_HKO",28,33,12,"Public HKO open-data design only; no health outcomes joined."
2013-01-28,18.6,14.2,16.2,0,0,0,2013,1,28,"2013-01",28,28,"pre_covid",0,0,0,0,"REAL_PUBLIC_HKO",28,33,12,"Public HKO open-data design only; no health outcomes joined."
2013-01-29,21.2,16,17.8,0,0,0,2013,1,29,"2013-01",29,29,"pre_covid",0,0,0,0,"REAL_PUBLIC_HKO",28,33,12,"Public HKO open-data design only; no health outcomes joined."
2013-01-30,20.4,16.6,18.1,0,0,0,2013,1,30,"2013-01",30,30,"pre_covid",0,0,0,0,"REAL_PUBLIC_HKO",28,33,12,"Public HKO open-data design only; no health outcomes joined."
2013-01-31,20.9,16.9,18.6,0,0,0,2013,1,31,"2013-01",31,31,"pre_covid",0,0,0,0,"REAL_PUBLIC_HKO",28,33,12,"Public HKO open-data design only; no health outcomes joined."
2013-02-01,24.9,17.4,20.7,0,0,0,2013,2,1,"2013-02",32,32,"pre_covid",0,0,0,0,"REAL_PUBLIC_HKO",28,33,12,"Public HKO open-data design only; no health outcomes joined."
2013-02-02,26,18.9,21.1,0,0,0,2013,2,2,"2013-02",33,33,"pre_covid",0,0,0,0,"REAL_PUBLIC_HKO",28,33,12,"Public HKO open-data design only; no health outcomes joined."
2013-02-03,19.7,18.2,18.9,0,0,0,2013,2,3,"2013-02",34,34,"pre_covid",0,0,0,0,"REAL_PUBLIC_HKO",28,33,12,"Public HKO open-data design only; no health outcomes joined."
2013-02-04,23.3,19.1,21.2,0,0,0,2013,2,4,"2013-02",35,35,"pre_covid",0,0,0,0,"REAL_PUBLIC_HKO",28,33,12,"Public HKO open-data design only; no health outcomes joined."
2013-02-05,25.2,20.3,22.1,0,0,0,2013,2,5,"2013-02",36,36,"pre_covid",0,0,0,0,"REAL_PUBLIC_HKO",28,33,12,"Public HKO open-data design only; no health outcomes joined."
2013-02-06,24.6,19.3,21.3,0,0,0,2013,2,6,"2013-02",37,37,"pre_covid",0,0,0,0,"REAL_PUBLIC_HKO",28,33,12,"Public HKO open-data design only; no health outcomes joined."
2013-02-07,20.6,18.1,19.1,0,0,0,2013,2,7,"2013-02",38,38,"pre_covid",0,0,0,0,"REAL_PUBLIC_HKO",28,33,12,"Public HKO open-data design only; no health outcomes joined."
2013-02-08,18.7,14.4,16.4,0,0,0,2013,2,8,"2013-02",39,39,"pre_covid",0,0,0,0,"REAL_PUBLIC_HKO",28,33,12,"Public HKO open-data design only; no health outcomes joined."
2013-02-09,15.8,11.9,14.1,0,0,1,2013,2,9,"2013-02",40,40,"pre_covid",0,1,0,0.0454545454545455,"REAL_PUBLIC_HKO",28,33,12,"Public HKO open-data design only; no health outcomes joined."
2013-02-10,18.3,14,15.9,0,0,0,2013,2,10,"2013-02",41,41,"pre_covid",0,0,0,0.0454545454545455,"REAL_PUBLIC_HKO",28,33,12,"Public HKO open-data design only; no health outcomes joined."
2013-02-11,19.6,16,17.2,0,0,0,2013,2,11,"2013-02",42,42,"pre_covid",0,0,0,0.0454545454545455,"REAL_PUBLIC_HKO",28,33,12,"Public HKO open-data design only; no health outcomes joined."
2013-02-12,22.8,16.3,19,0,0,0,2013,2,12,"2013-02",43,43,"pre_covid",0,0,0,0.0454545454545455,"REAL_PUBLIC_HKO",28,33,12,"Public HKO open-data design only; no health outcomes joined."
2013-02-13,20.8,15.6,17.4,0,0,0,2013,2,13,"2013-02",44,44,"pre_covid",0,0,0,0.0454545454545455,"REAL_PUBLIC_HKO",28,33,12,"Public HKO open-data design only; no health outcomes joined."
2013-02-14,21.2,16.7,18.5,0,0,0,2013,2,14,"2013-02",45,45,"pre_covid",0,0,0,0.0454545454545455,"REAL_PUBLIC_HKO",28,33,12,"Public HKO open-data design only; no health outcomes joined."
2013-02-15,24.4,18,20.8,0,0,0,2013,2,15,"2013-02",46,46,"pre_covid",0,0,0,0.0454545454545455,"REAL_PUBLIC_HKO",28,33,12,"Public HKO open-data design only; no health outcomes joined."
2013-02-16,19.4,16.2,17.3,0,0,0,2013,2,16,"2013-02",47,47,"pre_covid",0,0,0,0.0454545454545455,"REAL_PUBLIC_HKO",28,33,12,"Public HKO open-data design only; no health outcomes joined."
2013-02-17,21,16.5,18.2,0,0,0,2013,2,17,"2013-02",48,48,"pre_covid",0,0,0,0.0454545454545455,"REAL_PUBLIC_HKO",28,33,12,"Public HKO open-data design only; no health outcomes joined."
2013-02-18,25.4,18.5,21.1,0,0,0,2013,2,18,"2013-02",49,49,"pre_covid",0,0,0,0.0454545454545455,"REAL_PUBLIC_HKO",28,33,12,"Public HKO open-data design only; no health outcomes joined."
2013-02-19,26.2,17.8,20.9,0,0,0,2013,2,19,"2013-02",50,50,"pre_covid",0,0,0,0.0454545454545455,"REAL_PUBLIC_HKO",28,33,12,"Public HKO open-data design only; no health outcomes joined."
2013-02-20,19,16,17.3,0,0,0,2013,2,20,"2013-02",51,51,"pre_covid",0,0,0,0.0454545454545455,"REAL_PUBLIC_HKO",28,33,12,"Public HKO open-data design only; no health outcomes joined."
2013-02-21,21.4,16.4,17.7,0,0,0,2013,2,21,"2013-02",52,52,"pre_covid",0,0,0,0.0454545454545455,"REAL_PUBLIC_HKO",28,33,12,"Public HKO open-data design only; no health outcomes joined."
2013-02-22,22.4,16.2,19.1,0,0,0,2013,2,22,"2013-02",53,53,"pre_covid",0,0,0,0.0454545454545455,"REAL_PUBLIC_HKO",28,33,12,"Public HKO open-data design only; no health outcomes joined."
2013-02-23,21.8,16.2,18,0,0,0,2013,2,23,"2013-02",54,54,"pre_covid",0,0,0,0.0454545454545455,"REAL_PUBLIC_HKO",28,33,12,"Public HKO open-data design only; no health outcomes joined."
2013-02-24,20.8,16.3,18,0,0,0,2013,2,24,"2013-02",55,55,"pre_covid",0,0,0,0.0454545454545455,"REAL_PUBLIC_HKO",28,33,12,"Public HKO open-data design only; no health outcomes joined."
2013-02-25,23.1,17.3,19.6,0,0,0,2013,2,25,"2013-02",56,56,"pre_covid",0,0,0,0.0454545454545455,"REAL_PUBLIC_HKO",28,33,12,"Public HKO open-data design only; no health outcomes joined."
2013-02-26,23.8,19.1,21.3,0,0,0,2013,2,26,"2013-02",57,57,"pre_covid",0,0,0,0.0454545454545455,"REAL_PUBLIC_HKO",28,33,12,"Public HKO open-data design only; no health outcomes joined."
2013-02-27,25.4,21,22.7,0,0,0,2013,2,27,"2013-02",58,58,"pre_covid",0,0,0,0.0454545454545455,"REAL_PUBLIC_HKO",28,33,12,"Public HKO open-data design only; no health outcomes joined."
2013-02-28,21.9,18.3,19,0,0,0,2013,2,28,"2013-02",59,59,"pre_covid",0,0,0,0.0454545454545455,"REAL_PUBLIC_HKO",28,33,12,"Public HKO open-data design only; no health outcomes joined."
2013-03-01,22,18.2,20.1,0,0,0,2013,3,1,"2013-03",60,60,"pre_covid",0,0,0,0.0454545454545455,"REAL_PUBLIC_HKO",28,33,12,"Public HKO open-data design only; no health outcomes joined."
2013-03-02,21.4,15.1,17.9,0,0,0,2013,3,2,"2013-03",61,61,"pre_covid",0,0,0,0.0454545454545455,"REAL_PUBLIC_HKO",28,33,12,"Public HKO open-data design only; no health outcomes joined."
2013-03-03,17.4,13.6,15.3,0,0,0,2013,3,3,"2013-03",62,62,"pre_covid",0,0,0,0,"REAL_PUBLIC_HKO",28,33,12,"Public HKO open-data design only; no health outcomes joined."
2013-03-04,21.7,13.2,16.7,0,0,0,2013,3,4,"2013-03",63,63,"pre_covid",0,0,0,0,"REAL_PUBLIC_HKO",28,33,12,"Public HKO open-data design only; no health outcomes joined."
2013-03-05,22.3,15.6,18.5,0,0,0,2013,3,5,"2013-03",64,64,"pre_covid",0,0,0,0,"REAL_PUBLIC_HKO",28,33,12,"Public HKO open-data design only; no health outcomes joined."
2013-03-06,23.6,16.3,19.3,0,0,0,2013,3,6,"2013-03",65,65,"pre_covid",0,0,0,0,"REAL_PUBLIC_HKO",28,33,12,"Public HKO open-data design only; no health outcomes joined."
2013-03-07,24.9,17.2,20.4,0,0,0,2013,3,7,"2013-03",66,66,"pre_covid",0,0,0,0,"REAL_PUBLIC_HKO",28,33,12,"Public HKO open-data design only; no health outcomes joined."
2013-03-08,26.4,17.6,21.5,0,0,0,2013,3,8,"2013-03",67,67,"pre_covid",0,0,0,0,"REAL_PUBLIC_HKO",28,33,12,"Public HKO open-data design only; no health outcomes joined."
2013-03-09,26.1,18.1,21.5,0,0,0,2013,3,9,"2013-03",68,68,"pre_covid",0,0,0,0,"REAL_PUBLIC_HKO",28,33,12,"Public HKO open-data design only; no health outcomes joined."
2013-03-10,26.4,18.5,21.5,0,0,0,2013,3,10,"2013-03",69,69,"pre_covid",0,0,0,0,"REAL_PUBLIC_HKO",28,33,12,"Public HKO open-data design only; no health outcomes joined."
2013-03-11,23.2,18.7,20.3,0,0,0,2013,3,11,"2013-03",70,70,"pre_covid",0,0,0,0,"REAL_PUBLIC_HKO",28,33,12,"Public HKO open-data design only; no health outcomes joined."
2013-03-12,23.5,18.1,20.4,0,0,0,2013,3,12,"2013-03",71,71,"pre_covid",0,0,0,0,"REAL_PUBLIC_HKO",28,33,12,"Public HKO open-data design only; no health outcomes joined."
2013-03-13,26.6,20.3,22.8,0,0,0,2013,3,13,"2013-03",72,72,"pre_covid",0,0,0,0,"REAL_PUBLIC_HKO",28,33,12,"Public HKO open-data design only; no health outcomes joined."
2013-03-14,22.1,18.4,19.9,0,0,0,2013,3,14,"2013-03",73,73,"pre_covid",0,0,0,0,"REAL_PUBLIC_HKO",28,33,12,"Public HKO open-data design only; no health outcomes joined."
2013-03-15,22.3,17.7,19.2,0,0,0,2013,3,15,"2013-03",74,74,"pre_covid",0,0,0,0,"REAL_PUBLIC_HKO",28,33,12,"Public HKO open-data design only; no health outcomes joined."
2013-03-16,23.2,18.5,20,0,0,0,2013,3,16,"2013-03",75,75,"pre_covid",0,0,0,0,"REAL_PUBLIC_HKO",28,33,12,"Public HKO open-data design only; no health outcomes joined."
2013-03-17,23.4,19,21.2,0,0,0,2013,3,17,"2013-03",76,76,"pre_covid",0,0,0,0,"REAL_PUBLIC_HKO",28,33,12,"Public HKO open-data design only; no health outcomes joined."
2013-03-18,26.3,21.2,23.6,0,0,0,2013,3,18,"2013-03",77,77,"pre_covid",0,0,0,0,"REAL_PUBLIC_HKO",28,33,12,"Public HKO open-data design only; no health outcomes joined."
2013-03-19,27.6,22.4,24.3,0,0,0,2013,3,19,"2013-03",78,78,"pre_covid",0,0,0,0,"REAL_PUBLIC_HKO",28,33,12,"Public HKO open-data design only; no health outcomes joined."
2013-03-20,28.3,23.5,25.1,0,0,0,2013,3,20,"2013-03",79,79,"pre_covid",0,0,0,0,"REAL_PUBLIC_HKO",28,33,12,"Public HKO open-data design only; no health outcomes joined."
2013-03-21,23.8,19,20.8,0,0,0,2013,3,21,"2013-03",80,80,"pre_covid",0,0,0,0,"REAL_PUBLIC_HKO",28,33,12,"Public HKO open-data design only; no health outcomes joined."
2013-03-22,26,18.9,21.5,0,0,0,2013,3,22,"2013-03",81,81,"pre_covid",0,0,0,0,"REAL_PUBLIC_HKO",28,33,12,"Public HKO open-data design only; no health outcomes joined."
2013-03-23,26.2,21.3,23.3,0,0,0,2013,3,23,"2013-03",82,82,"pre_covid",0,0,0,0,"REAL_PUBLIC_HKO",28,33,12,"Public HKO open-data design only; no health outcomes joined."
2013-03-24,25.7,21.4,23.4,0,0,0,2013,3,24,"2013-03",83,83,"pre_covid",0,0,0,0,"REAL_PUBLIC_HKO",28,33,12,"Public HKO open-data design only; no health outcomes joined."
2013-03-25,23.1,19.5,21.2,0,0,0,2013,3,25,"2013-03",84,84,"pre_covid",0,0,0,0,"REAL_PUBLIC_HKO",28,33,12,"Public HKO open-data design only; no health outcomes joined."
2013-03-26,19.8,18.4,19,0,0,0,2013,3,26,"2013-03",85,85,"pre_covid",0,0,0,0,"REAL_PUBLIC_HKO",28,33,12,"Public HKO open-data design only; no health outcomes joined."
2013-03-27,21.7,18.6,20,0,0,0,2013,3,27,"2013-03",86,86,"pre_covid",0,0,0,0,"REAL_PUBLIC_HKO",28,33,12,"Public HKO open-data design only; no health outcomes joined."
2013-03-28,20.4,18.8,19.7,0,0,0,2013,3,28,"2013-03",87,87,"pre_covid",0,0,0,0,"REAL_PUBLIC_HKO",28,33,12,"Public HKO open-data design only; no health outcomes joined."
2013-03-29,22.4,18.7,20.3,0,0,0,2013,3,29,"2013-03",88,88,"pre_covid",0,0,0,0,"REAL_PUBLIC_HKO",28,33,12,"Public HKO open-data design only; no health outcomes joined."
2013-03-30,19.6,17.8,18.7,0,0,0,2013,3,30,"2013-03",89,89,"pre_covid",0,0,0,0,"REAL_PUBLIC_HKO",28,33,12,"Public HKO open-data design only; no health outcomes joined."
2013-03-31,21,19,19.7,0,0,0,2013,3,31,"2013-03",90,90,"pre_covid",0,0,0,0,"REAL_PUBLIC_HKO",28,33,12,"Public HKO open-data design only; no health outcomes joined."
2013-04-01,22.4,18.6,20.1,0,0,0,2013,4,1,"2013-04",91,91,"pre_covid",0,0,0,0,"REAL_PUBLIC_HKO",28,33,12,"Public HKO open-data design only; no health outcomes joined."
2013-04-02,22.5,20,21.1,0,0,0,2013,4,2,"2013-04",92,92,"pre_covid",0,0,0,0,"REAL_PUBLIC_HKO",28,33,12,"Public HKO open-data design only; no health outcomes joined."
2013-04-03,20,18.2,19.1,0,0,0,2013,4,3,"2013-04",93,93,"pre_covid",0,0,0,0,"REAL_PUBLIC_HKO",28,33,12,"Public HKO open-data design only; no health outcomes joined."
2013-04-04,20.2,18.5,19.3,0,0,0,2013,4,4,"2013-04",94,94,"pre_covid",0,0,0,0,"REAL_PUBLIC_HKO",28,33,12,"Public HKO open-data design only; no health outcomes joined."
2013-04-05,26.2,19.7,23.3,0,0,0,2013,4,5,"2013-04",95,95,"pre_covid",0,0,0,0,"REAL_PUBLIC_HKO",28,33,12,"Public HKO open-data design only; no health outcomes joined."
2013-04-06,25,17.1,20.4,0,0,0,2013,4,6,"2013-04",96,96,"pre_covid",0,0,0,0,"REAL_PUBLIC_HKO",28,33,12,"Public HKO open-data design only; no health outcomes joined."
2013-04-07,19,15.2,17.4,0,0,0,2013,4,7,"2013-04",97,97,"pre_covid",0,0,0,0,"REAL_PUBLIC_HKO",28,33,12,"Public HKO open-data design only; no health outcomes joined."
2013-04-08,19.5,18,18.8,0,0,0,2013,4,8,"2013-04",98,98,"pre_covid",0,0,0,0,"REAL_PUBLIC_HKO",28,33,12,"Public HKO open-data design only; no health outcomes joined."
2013-04-09,21.2,18.4,19.4,0,0,0,2013,4,9,"2013-04",99,99,"pre_covid",0,0,0,0,"REAL_PUBLIC_HKO",28,33,12,"Public HKO open-data design only; no health outcomes joined."
2013-04-10,19.8,17.7,18.4,0,0,0,2013,4,10,"2013-04",100,100,"pre_covid",0,0,0,0,"REAL_PUBLIC_HKO",28,33,12,"Public HKO open-data design only; no health outcomes joined."
2013-04-11,18.4,16,17.3,0,0,0,2013,4,11,"2013-04",101,101,"pre_covid",0,0,0,0,"REAL_PUBLIC_HKO",28,33,12,"Public HKO open-data design only; no health outcomes joined."
2013-04-12,19,15.7,17.2,0,0,0,2013,4,12,"2013-04",102,102,"pre_covid",0,0,0,0,"REAL_PUBLIC_HKO",28,33,12,"Public HKO open-data design only; no health outcomes joined."
2013-04-13,23.1,17.5,19.9,0,0,0,2013,4,13,"2013-04",103,103,"pre_covid",0,0,0,0,"REAL_PUBLIC_HKO",28,33,12,"Public HKO open-data design only; no health outcomes joined."
2013-04-14,24.3,19.7,21.6,0,0,0,2013,4,14,"2013-04",104,104,"pre_covid",0,0,0,0,"REAL_PUBLIC_HKO",28,33,12,"Public HKO open-data design only; no health outcomes joined."
2013-04-15,27.1,19.5,22.9,0,0,0,2013,4,15,"2013-04",105,105,"pre_covid",0,0,0,0,"REAL_PUBLIC_HKO",28,33,12,"Public HKO open-data design only; no health outcomes joined."
2013-04-16,25.2,21,22.8,0,0,0,2013,4,16,"2013-04",106,106,"pre_covid",0,0,0,0,"REAL_PUBLIC_HKO",28,33,12,"Public HKO open-data design only; no health outcomes joined."
2013-04-17,26.1,23,24.8,0,0,0,2013,4,17,"2013-04",107,107,"pre_covid",0,0,0,0,"REAL_PUBLIC_HKO",28,33,12,"Public HKO open-data design only; no health outcomes joined."
2013-04-18,27.8,24.2,25.5,0,0,0,2013,4,18,"2013-04",108,108,"pre_covid",0,0,0,0,"REAL_PUBLIC_HKO",28,33,12,"Public HKO open-data design only; no health outcomes joined."
2013-04-19,28.1,21.7,25.2,0,0,0,2013,4,19,"2013-04",109,109,"pre_covid",0,0,0,0,"REAL_PUBLIC_HKO",28,33,12,"Public HKO open-data design only; no health outcomes joined."
2013-04-20,25.4,20.8,22.7,0,0,0,2013,4,20,"2013-04",110,110,"pre_covid",0,0,0,0,"REAL_PUBLIC_HKO",28,33,12,"Public HKO open-data design only; no health outcomes joined."
2013-04-21,23.9,20.4,22,0,0,0,2013,4,21,"2013-04",111,111,"pre_covid",0,0,0,0,"REAL_PUBLIC_HKO",28,33,12,"Public HKO open-data design only; no health outcomes joined."
2013-04-22,20.5,18.9,19.8,0,0,0,2013,4,22,"2013-04",112,112,"pre_covid",0,0,0,0,"REAL_PUBLIC_HKO",28,33,12,"Public HKO open-data design only; no health outcomes joined."
2013-04-23,26.4,19.4,22.1,0,0,0,2013,4,23,"2013-04",113,113,"pre_covid",0,0,0,0,"REAL_PUBLIC_HKO",28,33,12,"Public HKO open-data design only; no health outcomes joined."
2013-04-24,29.8,22,25,0,0,0,2013,4,24,"2013-04",114,114,"pre_covid",0,0,0,0,"REAL_PUBLIC_HKO",28,33,12,"Public HKO open-data design only; no health outcomes joined."
2013-04-25,30.6,23.1,26,0,0,0,2013,4,25,"2013-04",115,115,"pre_covid",0,0,0,0,"REAL_PUBLIC_HKO",28,33,12,"Public HKO open-data design only; no health outcomes joined."
2013-04-26,23.5,21.1,22.1,0,0,0,2013,4,26,"2013-04",116,116,"pre_covid",0,0,0,0,"REAL_PUBLIC_HKO",28,33,12,"Public HKO open-data design only; no health outcomes joined."
2013-04-27,24.2,20.5,21.5,0,0,0,2013,4,27,"2013-04",117,117,"pre_covid",0,0,0,0,"REAL_PUBLIC_HKO",28,33,12,"Public HKO open-data design only; no health outcomes joined."
2013-04-28,23.4,20.7,22.1,0,0,0,2013,4,28,"2013-04",118,118,"pre_covid",0,0,0,0,"REAL_PUBLIC_HKO",28,33,12,"Public HKO open-data design only; no health outcomes joined."
2013-04-29,25.6,22.1,23.7,0,0,0,2013,4,29,"2013-04",119,119,"pre_covid",0,0,0,0,"REAL_PUBLIC_HKO",28,33,12,"Public HKO open-data design only; no health outcomes joined."
2013-04-30,29.3,21.1,24.4,0,0,0,2013,4,30,"2013-04",120,120,"pre_covid",0,0,0,0,"REAL_PUBLIC_HKO",28,33,12,"Public HKO open-data design only; no health outcomes joined."
2013-05-01,25.1,20.1,21.8,0,0,0,2013,5,1,"2013-05",121,121,"pre_covid",0,0,0,0,"REAL_PUBLIC_HKO",28,33,12,"Public HKO open-data design only; no health outcomes joined."
2013-05-02,21.9,16.6,19.3,0,0,0,2013,5,2,"2013-05",122,122,"pre_covid",0,0,0,0,"REAL_PUBLIC_HKO",28,33,12,"Public HKO open-data design only; no health outcomes joined."
2013-05-03,22.1,18.7,19.7,0,0,0,2013,5,3,"2013-05",123,123,"pre_covid",0,0,0,0,"REAL_PUBLIC_HKO",28,33,12,"Public HKO open-data design only; no health outcomes joined."
2013-05-04,22.5,18.4,20.8,0,0,0,2013,5,4,"2013-05",124,124,"pre_covid",0,0,0,0,"REAL_PUBLIC_HKO",28,33,12,"Public HKO open-data design only; no health outcomes joined."
2013-05-05,24.1,20.8,22.1,0,0,0,2013,5,5,"2013-05",125,125,"pre_covid",0,0,0,0,"REAL_PUBLIC_HKO",28,33,12,"Public HKO open-data design only; no health outcomes joined."
2013-05-06,23.7,21.3,22.4,0,0,0,2013,5,6,"2013-05",126,126,"pre_covid",0,0,0,0,"REAL_PUBLIC_HKO",28,33,12,"Public HKO open-data design only; no health outcomes joined."
2013-05-07,25.6,22.3,23.3,0,0,0,2013,5,7,"2013-05",127,127,"pre_covid",0,0,0,0,"REAL_PUBLIC_HKO",28,33,12,"Public HKO open-data design only; no health outcomes joined."
2013-05-08,23.2,22.3,22.9,0,0,0,2013,5,8,"2013-05",128,128,"pre_covid",0,0,0,0,"REAL_PUBLIC_HKO",28,33,12,"Public HKO open-data design only; no health outcomes joined."
2013-05-09,29.2,22.8,25.2,0,0,0,2013,5,9,"2013-05",129,129,"pre_covid",0,0,0,0,"REAL_PUBLIC_HKO",28,33,12,"Public HKO open-data design only; no health outcomes joined."
2013-05-10,28.6,23.4,25,0,0,0,2013,5,10,"2013-05",130,130,"pre_covid",0,0,0,0,"REAL_PUBLIC_HKO",28,33,12,"Public HKO open-data design only; no health outcomes joined."
2013-05-11,28.9,23,25.6,0,0,0,2013,5,11,"2013-05",131,131,"pre_covid",0,0,0,0,"REAL_PUBLIC_HKO",28,33,12,"Public HKO open-data design only; no health outcomes joined."
2013-05-12,26.5,24.1,24.7,0,0,0,2013,5,12,"2013-05",132,132,"pre_covid",0,0,0,0,"REAL_PUBLIC_HKO",28,33,12,"Public HKO open-data design only; no health outcomes joined."
2013-05-13,29.9,23.9,26,0,0,0,2013,5,13,"2013-05",133,133,"pre_covid",0,0,0,0,"REAL_PUBLIC_HKO",28,33,12,"Public HKO open-data design only; no health outcomes joined."
2013-05-14,28.8,25,26.2,0,0,0,2013,5,14,"2013-05",134,134,"pre_covid",0,0,0,0,"REAL_PUBLIC_HKO",28,33,12,"Public HKO open-data design only; no health outcomes joined."
2013-05-15,31,25.9,28.4,0,0,0,2013,5,15,"2013-05",135,135,"pre_covid",0,0,0,0,"REAL_PUBLIC_HKO",28,33,12,"Public HKO open-data design only; no health outcomes joined."
2013-05-16,30,24.7,27.6,0,0,0,2013,5,16,"2013-05",136,136,"pre_covid",0,0,0,0,"REAL_PUBLIC_HKO",28,33,12,"Public HKO open-data design only; no health outcomes joined."
2013-05-17,27.5,24.8,25.9,0,0,0,2013,5,17,"2013-05",137,137,"pre_covid",0,0,0,0,"REAL_PUBLIC_HKO",28,33,12,"Public HKO open-data design only; no health outcomes joined."
2013-05-18,30.8,25.8,28.3,0,0,0,2013,5,18,"2013-05",138,138,"pre_covid",0,0,0,0,"REAL_PUBLIC_HKO",28,33,12,"Public HKO open-data design only; no health outcomes joined."
2013-05-19,30.9,28.2,29.2,1,0,0,2013,5,19,"2013-05",139,139,"pre_covid",1,0,0.166666666666667,0,"REAL_PUBLIC_HKO",28,33,12,"Public HKO open-data design only; no health outcomes joined."
2013-05-20,31.6,25.7,29,0,0,0,2013,5,20,"2013-05",140,140,"pre_covid",0,0,0.166666666666667,0,"REAL_PUBLIC_HKO",28,33,12,"Public HKO open-data design only; no health outcomes joined."
2013-05-21,29,23.5,25.7,0,0,0,2013,5,21,"2013-05",141,141,"pre_covid",0,0,0.166666666666667,0,"REAL_PUBLIC_HKO",28,33,12,"Public HKO open-data design only; no health outcomes joined."
2013-05-22,26.2,23.4,24.8,0,0,0,2013,5,22,"2013-05",142,142,"pre_covid",0,0,0.166666666666667,0,"REAL_PUBLIC_HKO",28,33,12,"Public HKO open-data design only; no health outcomes joined."
2013-05-23,29.4,24.2,26.5,0,0,0,2013,5,23,"2013-05",143,143,"pre_covid",0,0,0.166666666666667,0,"REAL_PUBLIC_HKO",28,33,12,"Public HKO open-data design only; no health outcomes joined."
2013-05-24,31.3,25.6,27.8,0,0,0,2013,5,24,"2013-05",144,144,"pre_covid",0,0,0.166666666666667,0,"REAL_PUBLIC_HKO",28,33,12,"Public HKO open-data design only; no health outcomes joined."
2013-05-25,26.9,24.6,25.7,0,0,0,2013,5,25,"2013-05",145,145,"pre_covid",0,0,0,0,"REAL_PUBLIC_HKO",28,33,12,"Public HKO open-data design only; no health outcomes joined."
2013-05-26,29.7,25.5,27.8,0,0,0,2013,5,26,"2013-05",146,146,"pre_covid",0,0,0,0,"REAL_PUBLIC_HKO",28,33,12,"Public HKO open-data design only; no health outcomes joined."
2013-05-27,29.8,27.9,28.8,0,0,0,2013,5,27,"2013-05",147,147,"pre_covid",0,0,0,0,"REAL_PUBLIC_HKO",28,33,12,"Public HKO open-data design only; no health outcomes joined."
2013-05-28,31.1,27.7,29.2,0,0,0,2013,5,28,"2013-05",148,148,"pre_covid",0,0,0,0,"REAL_PUBLIC_HKO",28,33,12,"Public HKO open-data design only; no health outcomes joined."
2013-05-29,31.9,27.8,29.1,0,0,0,2013,5,29,"2013-05",149,149,"pre_covid",0,0,0,0,"REAL_PUBLIC_HKO",28,33,12,"Public HKO open-data design only; no health outcomes joined."
2013-05-30,32.5,27.2,29.3,0,0,0,2013,5,30,"2013-05",150,150,"pre_covid",0,0,0,0,"REAL_PUBLIC_HKO",28,33,12,"Public HKO open-data design only; no health outcomes joined."
2013-05-31,33,27.2,29.5,0,1,0,2013,5,31,"2013-05",151,151,"pre_covid",0,0,0,0,"REAL_PUBLIC_HKO",28,33,12,"Public HKO open-data design only; no health outcomes joined."
2013-06-01,32.4,27.7,29.6,0,0,0,2013,6,1,"2013-06",152,152,"pre_covid",0,0,0,0,"REAL_PUBLIC_HKO",28,33,12,"Public HKO open-data design only; no health outcomes joined."
2013-06-02,32.6,27.8,29.8,0,0,0,2013,6,2,"2013-06",153,153,"pre_covid",0,0,0,0,"REAL_PUBLIC_HKO",28,33,12,"Public HKO open-data design only; no health outcomes joined."
2013-06-03,33.7,27.8,29.8,0,1,0,2013,6,3,"2013-06",154,154,"pre_covid",0,0,0,0,"REAL_PUBLIC_HKO",28,33,12,"Public HKO open-data design only; no health outcomes joined."
2013-06-04,32.1,25.2,28,0,0,0,2013,6,4,"2013-06",155,155,"pre_covid",0,0,0,0,"REAL_PUBLIC_HKO",28,33,12,"Public HKO open-data design only; no health outcomes joined."
2013-06-05,28.8,25.6,26.8,0,0,0,2013,6,5,"2013-06",156,156,"pre_covid",0,0,0,0,"REAL_PUBLIC_HKO",28,33,12,"Public HKO open-data design only; no health outcomes joined."
2013-06-06,29.7,25.1,27.1,0,0,0,2013,6,6,"2013-06",157,157,"pre_covid",0,0,0,0,"REAL_PUBLIC_HKO",28,33,12,"Public HKO open-data design only; no health outcomes joined."
2013-06-07,32.3,27.1,29.2,0,0,0,2013,6,7,"2013-06",158,158,"pre_covid",0,0,0,0,"REAL_PUBLIC_HKO",28,33,12,"Public HKO open-data design only; no health outcomes joined."
2013-06-08,31.7,27.5,29.3,0,0,0,2013,6,8,"2013-06",159,159,"pre_covid",0,0,0,0,"REAL_PUBLIC_HKO",28,33,12,"Public HKO open-data design only; no health outcomes joined."
2013-06-09,31.3,27.1,29.1,0,0,0,2013,6,9,"2013-06",160,160,"pre_covid",0,0,0,0,"REAL_PUBLIC_HKO",28,33,12,"Public HKO open-data design only; no health outcomes joined."
2013-06-10,31.2,26.4,28.6,0,0,0,2013,6,10,"2013-06",161,161,"pre_covid",0,0,0,0,"REAL_PUBLIC_HKO",28,33,12,"Public HKO open-data design only; no health outcomes joined."
2013-06-11,28.1,22.4,24,0,0,0,2013,6,11,"2013-06",162,162,"pre_covid",0,0,0,0,"REAL_PUBLIC_HKO",28,33,12,"Public HKO open-data design only; no health outcomes joined."
2013-06-12,26.5,22.8,24.4,0,0,0,2013,6,12,"2013-06",163,163,"pre_covid",0,0,0,0,"REAL_PUBLIC_HKO",28,33,12,"Public HKO open-data design only; no health outcomes joined."
2013-06-13,26.9,23.6,25,0,0,0,2013,6,13,"2013-06",164,164,"pre_covid",0,0,0,0,"REAL_PUBLIC_HKO",28,33,12,"Public HKO open-data design only; no health outcomes joined."
2013-06-14,26.2,23.8,24.9,0,0,0,2013,6,14,"2013-06",165,165,"pre_covid",0,0,0,0,"REAL_PUBLIC_HKO",28,33,12,"Public HKO open-data design only; no health outcomes joined."
2013-06-15,26.2,25.1,25.6,0,0,0,2013,6,15,"2013-06",166,166,"pre_covid",0,0,0,0,"REAL_PUBLIC_HKO",28,33,12,"Public HKO open-data design only; no health outcomes joined."
2013-06-16,27.8,25.8,26.8,0,0,0,2013,6,16,"2013-06",167,167,"pre_covid",0,0,0,0,"REAL_PUBLIC_HKO",28,33,12,"Public HKO open-data design only; no health outcomes joined."
2013-06-17,29.9,26.4,27.5,0,0,0,2013,6,17,"2013-06",168,168,"pre_covid",0,0,0,0,"REAL_PUBLIC_HKO",28,33,12,"Public HKO open-data design only; no health outcomes joined."
2013-06-18,32.5,26.8,28.8,0,0,0,2013,6,18,"2013-06",169,169,"pre_covid",0,0,0,0,"REAL_PUBLIC_HKO",28,33,12,"Public HKO open-data design only; no health outcomes joined."
2013-06-19,33,27.3,29.7,0,1,0,2013,6,19,"2013-06",170,170,"pre_covid",0,0,0,0,"REAL_PUBLIC_HKO",28,33,12,"Public HKO open-data design only; no health outcomes joined."
2013-06-20,34.2,28.1,30.1,1,1,0,2013,6,20,"2013-06",171,171,"pre_covid",1,0,0.166666666666667,0,"REAL_PUBLIC_HKO",28,33,12,"Public HKO open-data design only; no health outcomes joined."
2013-06-21,33.7,27.7,29.6,0,1,0,2013,6,21,"2013-06",172,172,"pre_covid",0,0,0.166666666666667,0,"REAL_PUBLIC_HKO",28,33,12,"Public HKO open-data design only; no health outcomes joined."
2013-06-22,29.3,25.7,27.5,0,0,0,2013,6,22,"2013-06",173,173,"pre_covid",0,0,0.166666666666667,0,"REAL_PUBLIC_HKO",28,33,12,"Public HKO open-data design only; no health outcomes joined."
2013-06-23,30.8,25.4,27.6,0,0,0,2013,6,23,"2013-06",174,174,"pre_covid",0,0,0.166666666666667,0,"REAL_PUBLIC_HKO",28,33,12,"Public HKO open-data design only; no health outcomes joined."
2013-06-24,29.5,24.9,27.4,0,0,0,2013,6,24,"2013-06",175,175,"pre_covid",0,0,0.166666666666667,0,"REAL_PUBLIC_HKO",28,33,12,"Public HKO open-data design only; no health outcomes joined."
2013-06-25,30.7,28,29.3,1,0,0,2013,6,25,"2013-06",176,176,"pre_covid",1,0,0.333333333333333,0,"REAL_PUBLIC_HKO",28,33,12,"Public HKO open-data design only; no health outcomes joined."
2013-06-26,31.9,28.6,29.7,1,0,0,2013,6,26,"2013-06",177,177,"pre_covid",1,0,0.333333333333333,0,"REAL_PUBLIC_HKO",28,33,12,"Public HKO open-data design only; no health outcomes joined."
2013-06-27,32.3,28.5,29.8,1,0,0,2013,6,27,"2013-06",178,178,"pre_covid",1,0,0.5,0,"REAL_PUBLIC_HKO",28,33,12,"Public HKO open-data design only; no health outcomes joined."
2013-06-28,32.4,28.7,29.8,1,0,0,2013,6,28,"2013-06",179,179,"pre_covid",1,0,0.666666666666667,0,"REAL_PUBLIC_HKO",28,33,12,"Public HKO open-data design only; no health outcomes joined."
2013-06-29,31.6,28.8,29.8,1,0,0,2013,6,29,"2013-06",180,180,"pre_covid",1,0,0.833333333333333,0,"REAL_PUBLIC_HKO",28,33,12,"Public HKO open-data design only; no health outcomes joined."
2013-06-30,33,27.9,29.8,0,1,0,2013,6,30,"2013-06",181,181,"pre_covid",0,0,0.833333333333333,0,"REAL_PUBLIC_HKO",28,33,12,"Public HKO open-data design only; no health outcomes joined."
2013-07-01,31.4,25.9,28.2,0,0,0,2013,7,1,"2013-07",182,182,"pre_covid",0,0,0.666666666666667,0,"REAL_PUBLIC_HKO",28,33,12,"Public HKO open-data design only; no health outcomes joined."
2013-07-02,32.9,27.4,29.4,0,0,0,2013,7,2,"2013-07",183,183,"pre_covid",0,0,0.5,0,"REAL_PUBLIC_HKO",28,33,12,"Public HKO open-data design only; no health outcomes joined."
2013-07-03,33.2,27.6,29.7,0,1,0,2013,7,3,"2013-07",184,184,"pre_covid",0,0,0.333333333333333,0,"REAL_PUBLIC_HKO",28,33,12,"Public HKO open-data design only; no health outcomes joined."
2013-07-04,32.7,27.8,29.5,0,0,0,2013,7,4,"2013-07",185,185,"pre_covid",0,0,0.166666666666667,0,"REAL_PUBLIC_HKO",28,33,12,"Public HKO open-data design only; no health outcomes joined."
2013-07-05,33,27.6,29.8,0,1,0,2013,7,5,"2013-07",186,186,"pre_covid",0,0,0,0,"REAL_PUBLIC_HKO",28,33,12,"Public HKO open-data design only; no health outcomes joined."
2013-07-06,30.4,27.3,28.5,0,0,0,2013,7,6,"2013-07",187,187,"pre_covid",0,0,0,0,"REAL_PUBLIC_HKO",28,33,12,"Public HKO open-data design only; no health outcomes joined."
2013-07-07,31.2,25,27.3,0,0,0,2013,7,7,"2013-07",188,188,"pre_covid",0,0,0,0,"REAL_PUBLIC_HKO",28,33,12,"Public HKO open-data design only; no health outcomes joined."
2013-07-08,32,26.3,28.8,0,0,0,2013,7,8,"2013-07",189,189,"pre_covid",0,0,0,0,"REAL_PUBLIC_HKO",28,33,12,"Public HKO open-data design only; no health outcomes joined."
2013-07-09,33.2,27,29,0,1,0,2013,7,9,"2013-07",190,190,"pre_covid",0,0,0,0,"REAL_PUBLIC_HKO",28,33,12,"Public HKO open-data design only; no health outcomes joined."
2013-07-10,30.7,25.8,27.5,0,0,0,2013,7,10,"2013-07",191,191,"pre_covid",0,0,0,0,"REAL_PUBLIC_HKO",28,33,12,"Public HKO open-data design only; no health outcomes joined."
2013-07-11,32.4,26.2,28.8,0,0,0,2013,7,11,"2013-07",192,192,"pre_covid",0,0,0,0,"REAL_PUBLIC_HKO",28,33,12,"Public HKO open-data design only; no health outcomes joined."
2013-07-12,32.6,27.5,29.7,0,0,0,2013,7,12,"2013-07",193,193,"pre_covid",0,0,0,0,"REAL_PUBLIC_HKO",28,33,12,"Public HKO open-data design only; no health outcomes joined."
2013-07-13,33.5,28.4,30.1,1,1,0,2013,7,13,"2013-07",194,194,"pre_covid",1,0,0.166666666666667,0,"REAL_PUBLIC_HKO",28,33,12,"Public HKO open-data design only; no health outcomes joined."
2013-07-14,32.1,25,29.3,0,0,0,2013,7,14,"2013-07",195,195,"pre_covid",0,0,0.166666666666667,0,"REAL_PUBLIC_HKO",28,33,12,"Public HKO open-data design only; no health outcomes joined."
2013-07-15,28.1,24.8,26,0,0,0,2013,7,15,"2013-07",196,196,"pre_covid",0,0,0.166666666666667,0,"REAL_PUBLIC_HKO",28,33,12,"Public HKO open-data design only; no health outcomes joined."
2013-07-16,27.4,25.3,25.9,0,0,0,2013,7,16,"2013-07",197,197,"pre_covid",0,0,0.166666666666667,0,"REAL_PUBLIC_HKO",28,33,12,"Public HKO open-data design only; no health outcomes joined."
2013-07-17,29.9,24.6,26.2,0,0,0,2013,7,17,"2013-07",198,198,"pre_covid",0,0,0.166666666666667,0,"REAL_PUBLIC_HKO",28,33,12,"Public HKO open-data design only; no health outcomes joined."
2013-07-18,30.4,24.6,27.3,0,0,0,2013,7,18,"2013-07",199,199,"pre_covid",0,0,0.166666666666667,0,"REAL_PUBLIC_HKO",28,33,12,"Public HKO open-data design only; no health outcomes joined."
2013-07-19,29.4,25.5,26.8,0,0,0,2013,7,19,"2013-07",200,200,"pre_covid",0,0,0,0,"REAL_PUBLIC_HKO",28,33,12,"Public HKO open-data design only; no health outcomes joined."
2013-07-20,29.7,26.2,27.3,0,0,0,2013,7,20,"2013-07",201,201,"pre_covid",0,0,0,0,"REAL_PUBLIC_HKO",28,33,12,"Public HKO open-data design only; no health outcomes joined."
2013-07-21,29.9,26.3,27.4,0,0,0,2013,7,21,"2013-07",202,202,"pre_covid",0,0,0,0,"REAL_PUBLIC_HKO",28,33,12,"Public HKO open-data design only; no health outcomes joined."
2013-07-22,30.4,26.5,27.8,0,0,0,2013,7,22,"2013-07",203,203,"pre_covid",0,0,0,0,"REAL_PUBLIC_HKO",28,33,12,"Public HKO open-data design only; no health outcomes joined."
2013-07-23,30.3,26.2,27.4,0,0,0,2013,7,23,"2013-07",204,204,"pre_covid",0,0,0,0,"REAL_PUBLIC_HKO",28,33,12,"Public HKO open-data design only; no health outcomes joined."
2013-07-24,27.4,25,26,0,0,0,2013,7,24,"2013-07",205,205,"pre_covid",0,0,0,0,"REAL_PUBLIC_HKO",28,33,12,"Public HKO open-data design only; no health outcomes joined."
2013-07-25,26.9,24.6,25.7,0,0,0,2013,7,25,"2013-07",206,206,"pre_covid",0,0,0,0,"REAL_PUBLIC_HKO",28,33,12,"Public HKO open-data design only; no health outcomes joined."
2013-07-26,27.9,24.9,26.2,0,0,0,2013,7,26,"2013-07",207,207,"pre_covid",0,0,0,0,"REAL_PUBLIC_HKO",28,33,12,"Public HKO open-data design only; no health outcomes joined."
2013-07-27,31.1,24.9,27,0,0,0,2013,7,27,"2013-07",208,208,"pre_covid",0,0,0,0,"REAL_PUBLIC_HKO",28,33,12,"Public HKO open-data design only; no health outcomes joined."
2013-07-28,31.8,25.3,27.7,0,0,0,2013,7,28,"2013-07",209,209,"pre_covid",0,0,0,0,"REAL_PUBLIC_HKO",28,33,12,"Public HKO open-data design only; no health outcomes joined."
2013-07-29,31.7,25.4,28,0,0,0,2013,7,29,"2013-07",210,210,"pre_covid",0,0,0,0,"REAL_PUBLIC_HKO",28,33,12,"Public HKO open-data design only; no health outcomes joined."
2013-07-30,33.1,26.6,29.1,0,1,0,2013,7,30,"2013-07",211,211,"pre_covid",0,0,0,0,"REAL_PUBLIC_HKO",28,33,12,"Public HKO open-data design only; no health outcomes joined."
2013-07-31,32.4,27.7,29.4,0,0,0,2013,7,31,"2013-07",212,212,"pre_covid",0,0,0,0,"REAL_PUBLIC_HKO",28,33,12,"Public HKO open-data design only; no health outcomes joined."
2013-08-01,30.7,25.4,28.3,0,0,0,2013,8,1,"2013-08",213,213,"pre_covid",0,0,0,0,"REAL_PUBLIC_HKO",28,33,12,"Public HKO open-data design only; no health outcomes joined."
2013-08-02,27.9,24.5,26.5,0,0,0,2013,8,2,"2013-08",214,214,"pre_covid",0,0,0,0,"REAL_PUBLIC_HKO",28,33,12,"Public HKO open-data design only; no health outcomes joined."
2013-08-03,31.5,25.6,28.2,0,0,0,2013,8,3,"2013-08",215,215,"pre_covid",0,0,0,0,"REAL_PUBLIC_HKO",28,33,12,"Public HKO open-data design only; no health outcomes joined."
2013-08-04,32.9,27.1,29.2,0,0,0,2013,8,4,"2013-08",216,216,"pre_covid",0,0,0,0,"REAL_PUBLIC_HKO",28,33,12,"Public HKO open-data design only; no health outcomes joined."
2013-08-05,32.9,27,29.4,0,0,0,2013,8,5,"2013-08",217,217,"pre_covid",0,0,0,0,"REAL_PUBLIC_HKO",28,33,12,"Public HKO open-data design only; no health outcomes joined."
2013-08-06,33.1,27.4,29.5,0,1,0,2013,8,6,"2013-08",218,218,"pre_covid",0,0,0,0,"REAL_PUBLIC_HKO",28,33,12,"Public HKO open-data design only; no health outcomes joined."
2013-08-07,31.7,27.7,29.2,0,0,0,2013,8,7,"2013-08",219,219,"pre_covid",0,0,0,0,"REAL_PUBLIC_HKO",28,33,12,"Public HKO open-data design only; no health outcomes joined."
2013-08-08,32.7,26.7,29.4,0,0,0,2013,8,8,"2013-08",220,220,"pre_covid",0,0,0,0,"REAL_PUBLIC_HKO",28,33,12,"Public HKO open-data design only; no health outcomes joined."
2013-08-09,32.5,27.3,29.6,0,0,0,2013,8,9,"2013-08",221,221,"pre_covid",0,0,0,0,"REAL_PUBLIC_HKO",28,33,12,"Public HKO open-data design only; no health outcomes joined."
2013-08-10,33.2,28.2,30,1,1,0,2013,8,10,"2013-08",222,222,"pre_covid",1,0,0.166666666666667,0,"REAL_PUBLIC_HKO",28,33,12,"Public HKO open-data design only; no health outcomes joined."
2013-08-11,33.1,27.7,29.8,0,1,0,2013,8,11,"2013-08",223,223,"pre_covid",0,0,0.166666666666667,0,"REAL_PUBLIC_HKO",28,33,12,"Public HKO open-data design only; no health outcomes joined."
2013-08-12,34.9,27.7,30.6,0,1,0,2013,8,12,"2013-08",224,224,"pre_covid",0,0,0.166666666666667,0,"REAL_PUBLIC_HKO",28,33,12,"Public HKO open-data design only; no health outcomes joined."
2013-08-13,29.9,25.4,27.5,0,0,0,2013,8,13,"2013-08",225,225,"pre_covid",0,0,0.166666666666667,0,"REAL_PUBLIC_HKO",28,33,12,"Public HKO open-data design only; no health outcomes joined."
2013-08-14,27.6,25.2,26.6,0,0,0,2013,8,14,"2013-08",226,226,"pre_covid",0,0,0.166666666666667,0,"REAL_PUBLIC_HKO",28,33,12,"Public HKO open-data design only; no health outcomes joined."
2013-08-15,28.9,26.5,28.2,0,0,0,2013,8,15,"2013-08",227,227,"pre_covid",0,0,0.166666666666667,0,"REAL_PUBLIC_HKO",28,33,12,"Public HKO open-data design only; no health outcomes joined."
2013-08-16,28.7,26.8,28,0,0,0,2013,8,16,"2013-08",228,228,"pre_covid",0,0,0,0,"REAL_PUBLIC_HKO",28,33,12,"Public HKO open-data design only; no health outcomes joined."
2013-08-17,29.6,26.3,28.2,0,0,0,2013,8,17,"2013-08",229,229,"pre_covid",0,0,0,0,"REAL_PUBLIC_HKO",28,33,12,"Public HKO open-data design only; no health outcomes joined."
2013-08-18,30.2,26.9,28.4,0,0,0,2013,8,18,"2013-08",230,230,"pre_covid",0,0,0,0,"REAL_PUBLIC_HKO",28,33,12,"Public HKO open-data design only; no health outcomes joined."
2013-08-19,29.8,26.3,27.5,0,0,0,2013,8,19,"2013-08",231,231,"pre_covid",0,0,0,0,"REAL_PUBLIC_HKO",28,33,12,"Public HKO open-data design only; no health outcomes joined."
2013-08-20,31.6,26.8,28.9,0,0,0,2013,8,20,"2013-08",232,232,"pre_covid",0,0,0,0,"REAL_PUBLIC_HKO",28,33,12,"Public HKO open-data design only; no health outcomes joined."
2013-08-21,31,27.4,29.2,0,0,0,2013,8,21,"2013-08",233,233,"pre_covid",0,0,0,0,"REAL_PUBLIC_HKO",28,33,12,"Public HKO open-data design only; no health outcomes joined."
2013-08-22,31,26.4,29.2,0,0,0,2013,8,22,"2013-08",234,234,"pre_covid",0,0,0,0,"REAL_PUBLIC_HKO",28,33,12,"Public HKO open-data design only; no health outcomes joined."
2013-08-23,29.5,26.6,28.6,0,0,0,2013,8,23,"2013-08",235,235,"pre_covid",0,0,0,0,"REAL_PUBLIC_HKO",28,33,12,"Public HKO open-data design only; no health outcomes joined."
2013-08-24,29.8,25.7,28,0,0,0,2013,8,24,"2013-08",236,236,"pre_covid",0,0,0,0,"REAL_PUBLIC_HKO",28,33,12,"Public HKO open-data design only; no health outcomes joined."
2013-08-25,30.2,26.1,27.7,0,0,0,2013,8,25,"2013-08",237,237,"pre_covid",0,0,0,0,"REAL_PUBLIC_HKO",28,33,12,"Public HKO open-data design only; no health outcomes joined."
2013-08-26,32.8,26.6,28.8,0,0,0,2013,8,26,"2013-08",238,238,"pre_covid",0,0,0,0,"REAL_PUBLIC_HKO",28,33,12,"Public HKO open-data design only; no health outcomes joined."
2013-08-27,32.9,27,29.3,0,0,0,2013,8,27,"2013-08",239,239,"pre_covid",0,0,0,0,"REAL_PUBLIC_HKO",28,33,12,"Public HKO open-data design only; no health outcomes joined."
2013-08-28,33.3,27.3,29.7,0,1,0,2013,8,28,"2013-08",240,240,"pre_covid",0,0,0,0,"REAL_PUBLIC_HKO",28,33,12,"Public HKO open-data design only; no health outcomes joined."
2013-08-29,32,27.8,29.6,0,0,0,2013,8,29,"2013-08",241,241,"pre_covid",0,0,0,0,"REAL_PUBLIC_HKO",28,33,12,"Public HKO open-data design only; no health outcomes joined."
2013-08-30,29.7,24.4,27.3,0,0,0,2013,8,30,"2013-08",242,242,"pre_covid",0,0,0,0,"REAL_PUBLIC_HKO",28,33,12,"Public HKO open-data design only; no health outcomes joined."
2013-08-31,29.5,24.6,26.4,0,0,0,2013,8,31,"2013-08",243,243,"pre_covid",0,0,0,0,"REAL_PUBLIC_HKO",28,33,12,"Public HKO open-data design only; no health outcomes joined."
2013-09-01,29.8,25.1,27.2,0,0,0,2013,9,1,"2013-09",244,244,"pre_covid",0,0,0,0,"REAL_PUBLIC_HKO",28,33,12,"Public HKO open-data design only; no health outcomes joined."
2013-09-02,30.4,25.1,27.5,0,0,0,2013,9,2,"2013-09",245,245,"pre_covid",0,0,0,0,"REAL_PUBLIC_HKO",28,33,12,"Public HKO open-data design only; no health outcomes joined."
2013-09-03,28,25,26,0,0,0,2013,9,3,"2013-09",246,246,"pre_covid",0,0,0,0,"REAL_PUBLIC_HKO",28,33,12,"Public HKO open-data design only; no health outcomes joined."
2013-09-04,26.4,23.9,25,0,0,0,2013,9,4,"2013-09",247,247,"pre_covid",0,0,0,0,"REAL_PUBLIC_HKO",28,33,12,"Public HKO open-data design only; no health outcomes joined."
2013-09-05,25.1,23.6,24.1,0,0,0,2013,9,5,"2013-09",248,248,"pre_covid",0,0,0,0,"REAL_PUBLIC_HKO",28,33,12,"Public HKO open-data design only; no health outcomes joined."
2013-09-06,29.5,24.1,26.3,0,0,0,2013,9,6,"2013-09",249,249,"pre_covid",0,0,0,0,"REAL_PUBLIC_HKO",28,33,12,"Public HKO open-data design only; no health outcomes joined."
2013-09-07,30.7,25.4,27.5,0,0,0,2013,9,7,"2013-09",250,250,"pre_covid",0,0,0,0,"REAL_PUBLIC_HKO",28,33,12,"Public HKO open-data design only; no health outcomes joined."
2013-09-08,31.1,25.8,28,0,0,0,2013,9,8,"2013-09",251,251,"pre_covid",0,0,0,0,"REAL_PUBLIC_HKO",28,33,12,"Public HKO open-data design only; no health outcomes joined."
2013-09-09,31.1,26.3,28.2,0,0,0,2013,9,9,"2013-09",252,252,"pre_covid",0,0,0,0,"REAL_PUBLIC_HKO",28,33,12,"Public HKO open-data design only; no health outcomes joined."
2013-09-10,31.8,26.6,28.6,0,0,0,2013,9,10,"2013-09",253,253,"pre_covid",0,0,0,0,"REAL_PUBLIC_HKO",28,33,12,"Public HKO open-data design only; no health outcomes joined."
2013-09-11,30.9,27.1,28.4,0,0,0,2013,9,11,"2013-09",254,254,"pre_covid",0,0,0,0,"REAL_PUBLIC_HKO",28,33,12,"Public HKO open-data design only; no health outcomes joined."
2013-09-12,31.7,27.2,28.5,0,0,0,2013,9,12,"2013-09",255,255,"pre_covid",0,0,0,0,"REAL_PUBLIC_HKO",28,33,12,"Public HKO open-data design only; no health outcomes joined."
2013-09-13,30.7,26.8,27.8,0,0,0,2013,9,13,"2013-09",256,256,"pre_covid",0,0,0,0,"REAL_PUBLIC_HKO",28,33,12,"Public HKO open-data design only; no health outcomes joined."
2013-09-14,31.5,26.1,28,0,0,0,2013,9,14,"2013-09",257,257,"pre_covid",0,0,0,0,"REAL_PUBLIC_HKO",28,33,12,"Public HKO open-data design only; no health outcomes joined."
2013-09-15,32.4,25.9,28.2,0,0,0,2013,9,15,"2013-09",258,258,"pre_covid",0,0,0,0,"REAL_PUBLIC_HKO",28,33,12,"Public HKO open-data design only; no health outcomes joined."
2013-09-16,30.8,26,28.1,0,0,0,2013,9,16,"2013-09",259,259,"pre_covid",0,0,0,0,"REAL_PUBLIC_HKO",28,33,12,"Public HKO open-data design only; no health outcomes joined."
2013-09-17,30.3,26.7,27.8,0,0,0,2013,9,17,"2013-09",260,260,"pre_covid",0,0,0,0,"REAL_PUBLIC_HKO",28,33,12,"Public HKO open-data design only; no health outcomes joined."
2013-09-18,30.2,26.2,27.7,0,0,0,2013,9,18,"2013-09",261,261,"pre_covid",0,0,0,0,"REAL_PUBLIC_HKO",28,33,12,"Public HKO open-data design only; no health outcomes joined."
2013-09-19,31.4,26.6,28.5,0,0,0,2013,9,19,"2013-09",262,262,"pre_covid",0,0,0,0,"REAL_PUBLIC_HKO",28,33,12,"Public HKO open-data design only; no health outcomes joined."
2013-09-20,32.5,27.2,29.2,0,0,0,2013,9,20,"2013-09",263,263,"pre_covid",0,0,0,0,"REAL_PUBLIC_HKO",28,33,12,"Public HKO open-data design only; no health outcomes joined."
2013-09-21,34.7,28.3,31.2,1,1,0,2013,9,21,"2013-09",264,264,"pre_covid",1,0,0.166666666666667,0,"REAL_PUBLIC_HKO",28,33,12,"Public HKO open-data design only; no health outcomes joined."
2013-09-22,31.8,25.2,28,0,0,0,2013,9,22,"2013-09",265,265,"pre_covid",0,0,0.166666666666667,0,"REAL_PUBLIC_HKO",28,33,12,"Public HKO open-data design only; no health outcomes joined."
2013-09-23,30.9,24.8,27.9,0,0,0,2013,9,23,"2013-09",266,266,"pre_covid",0,0,0.166666666666667,0,"REAL_PUBLIC_HKO",28,33,12,"Public HKO open-data design only; no health outcomes joined."
2013-09-24,30.6,27.2,28.1,0,0,0,2013,9,24,"2013-09",267,267,"pre_covid",0,0,0.166666666666667,0,"REAL_PUBLIC_HKO",28,33,12,"Public HKO open-data design only; no health outcomes joined."
2013-09-25,31.2,26.8,28.2,0,0,0,2013,9,25,"2013-09",268,268,"pre_covid",0,0,0.166666666666667,0,"REAL_PUBLIC_HKO",28,33,12,"Public HKO open-data design only; no health outcomes joined."
2013-09-26,30,25.2,27.5,0,0,0,2013,9,26,"2013-09",269,269,"pre_covid",0,0,0.166666666666667,0,"REAL_PUBLIC_HKO",28,33,12,"Public HKO open-data design only; no health outcomes joined."
2013-09-27,29.7,24,26.5,0,0,0,2013,9,27,"2013-09",270,270,"pre_covid",0,0,0,0,"REAL_PUBLIC_HKO",28,33,12,"Public HKO open-data design only; no health outcomes joined."
2013-09-28,28.6,24.6,26.5,0,0,0,2013,9,28,"2013-09",271,271,"pre_covid",0,0,0,0,"REAL_PUBLIC_HKO",28,33,12,"Public HKO open-data design only; no health outcomes joined."
2013-09-29,27.1,24,25.7,0,0,0,2013,9,29,"2013-09",272,272,"pre_covid",0,0,0,0,"REAL_PUBLIC_HKO",28,33,12,"Public HKO open-data design only; no health outcomes joined."
2013-09-30,26.7,23.8,25.3,0,0,0,2013,9,30,"2013-09",273,273,"pre_covid",0,0,0,0,"REAL_PUBLIC_HKO",28,33,12,"Public HKO open-data design only; no health outcomes joined."
2013-10-01,30.4,25.7,27.2,0,0,0,2013,10,1,"2013-10",274,274,"pre_covid",0,0,0,0,"REAL_PUBLIC_HKO",28,33,12,"Public HKO open-data design only; no health outcomes joined."
2013-10-02,31.4,25.5,27.8,0,0,0,2013,10,2,"2013-10",275,275,"pre_covid",0,0,0,0,"REAL_PUBLIC_HKO",28,33,12,"Public HKO open-data design only; no health outcomes joined."
2013-10-03,30.1,24.6,26.7,0,0,0,2013,10,3,"2013-10",276,276,"pre_covid",0,0,0,0,"REAL_PUBLIC_HKO",28,33,12,"Public HKO open-data design only; no health outcomes joined."
2013-10-04,29.4,24.7,26.2,0,0,0,2013,10,4,"2013-10",277,277,"pre_covid",0,0,0,0,"REAL_PUBLIC_HKO",28,33,12,"Public HKO open-data design only; no health outcomes joined."
2013-10-05,29.9,23.8,26.3,0,0,0,2013,10,5,"2013-10",278,278,"pre_covid",0,0,0,0,"REAL_PUBLIC_HKO",28,33,12,"Public HKO open-data design only; no health outcomes joined."
2013-10-06,31.5,24.4,27.7,0,0,0,2013,10,6,"2013-10",279,279,"pre_covid",0,0,0,0,"REAL_PUBLIC_HKO",28,33,12,"Public HKO open-data design only; no health outcomes joined."
2013-10-07,32,25.5,28.3,0,0,0,2013,10,7,"2013-10",280,280,"pre_covid",0,0,0,0,"REAL_PUBLIC_HKO",28,33,12,"Public HKO open-data design only; no health outcomes joined."
2013-10-08,29,25.6,26.8,0,0,0,2013,10,8,"2013-10",281,281,"pre_covid",0,0,0,0,"REAL_PUBLIC_HKO",28,33,12,"Public HKO open-data design only; no health outcomes joined."
2013-10-09,30.1,25.4,27.2,0,0,0,2013,10,9,"2013-10",282,282,"pre_covid",0,0,0,0,"REAL_PUBLIC_HKO",28,33,12,"Public HKO open-data design only; no health outcomes joined."
2013-10-10,30.4,24.7,27,0,0,0,2013,10,10,"2013-10",283,283,"pre_covid",0,0,0,0,"REAL_PUBLIC_HKO",28,33,12,"Public HKO open-data design only; no health outcomes joined."
2013-10-11,31.1,25.5,27.8,0,0,0,2013,10,11,"2013-10",284,284,"pre_covid",0,0,0,0,"REAL_PUBLIC_HKO",28,33,12,"Public HKO open-data design only; no health outcomes joined."
2013-10-12,30.2,26.2,27.6,0,0,0,2013,10,12,"2013-10",285,285,"pre_covid",0,0,0,0,"REAL_PUBLIC_HKO",28,33,12,"Public HKO open-data design only; no health outcomes joined."
2013-10-13,30.4,25.6,27.2,0,0,0,2013,10,13,"2013-10",286,286,"pre_covid",0,0,0,0,"REAL_PUBLIC_HKO",28,33,12,"Public HKO open-data design only; no health outcomes joined."
2013-10-14,27,25.3,26.1,0,0,0,2013,10,14,"2013-10",287,287,"pre_covid",0,0,0,0,"REAL_PUBLIC_HKO",28,33,12,"Public HKO open-data design only; no health outcomes joined."
2013-10-15,29.9,25.6,26.9,0,0,0,2013,10,15,"2013-10",288,288,"pre_covid",0,0,0,0,"REAL_PUBLIC_HKO",28,33,12,"Public HKO open-data design only; no health outcomes joined."
2013-10-16,27.6,24.7,25.8,0,0,0,2013,10,16,"2013-10",289,289,"pre_covid",0,0,0,0,"REAL_PUBLIC_HKO",28,33,12,"Public HKO open-data design only; no health outcomes joined."
2013-10-17,26,24,24.5,0,0,0,2013,10,17,"2013-10",290,290,"pre_covid",0,0,0,0,"REAL_PUBLIC_HKO",28,33,12,"Public HKO open-data design only; no health outcomes joined."
2013-10-18,28.5,23.2,25.2,0,0,0,2013,10,18,"2013-10",291,291,"pre_covid",0,0,0,0,"REAL_PUBLIC_HKO",28,33,12,"Public HKO open-data design only; no health outcomes joined."
2013-10-19,28,23,25.2,0,0,0,2013,10,19,"2013-10",292,292,"pre_covid",0,0,0,0,"REAL_PUBLIC_HKO",28,33,12,"Public HKO open-data design only; no health outcomes joined."
2013-10-20,28.4,23,25.4,0,0,0,2013,10,20,"2013-10",293,293,"pre_covid",0,0,0,0,"REAL_PUBLIC_HKO",28,33,12,"Public HKO open-data design only; no health outcomes joined."
2013-10-21,27.4,22.8,24.8,0,0,0,2013,10,21,"2013-10",294,294,"pre_covid",0,0,0,0,"REAL_PUBLIC_HKO",28,33,12,"Public HKO open-data design only; no health outcomes joined."
2013-10-22,28.4,22.7,25.1,0,0,0,2013,10,22,"2013-10",295,295,"pre_covid",0,0,0,0,"REAL_PUBLIC_HKO",28,33,12,"Public HKO open-data design only; no health outcomes joined."
2013-10-23,27.6,21.9,24.6,0,0,0,2013,10,23,"2013-10",296,296,"pre_covid",0,0,0,0,"REAL_PUBLIC_HKO",28,33,12,"Public HKO open-data design only; no health outcomes joined."
2013-10-24,27.9,21.3,24.4,0,0,0,2013,10,24,"2013-10",297,297,"pre_covid",0,0,0,0,"REAL_PUBLIC_HKO",28,33,12,"Public HKO open-data design only; no health outcomes joined."
2013-10-25,27.1,21.6,23.8,0,0,0,2013,10,25,"2013-10",298,298,"pre_covid",0,0,0,0,"REAL_PUBLIC_HKO",28,33,12,"Public HKO open-data design only; no health outcomes joined."
2013-10-26,25.6,19.4,22,0,0,0,2013,10,26,"2013-10",299,299,"pre_covid",0,0,0,0,"REAL_PUBLIC_HKO",28,33,12,"Public HKO open-data design only; no health outcomes joined."
2013-10-27,24.7,20.2,22,0,0,0,2013,10,27,"2013-10",300,300,"pre_covid",0,0,0,0,"REAL_PUBLIC_HKO",28,33,12,"Public HKO open-data design only; no health outcomes joined."
2013-10-28,25.7,20.9,22.8,0,0,0,2013,10,28,"2013-10",301,301,"pre_covid",0,0,0,0,"REAL_PUBLIC_HKO",28,33,12,"Public HKO open-data design only; no health outcomes joined."
2013-10-29,26.3,22.1,23.7,0,0,0,2013,10,29,"2013-10",302,302,"pre_covid",0,0,0,0,"REAL_PUBLIC_HKO",28,33,12,"Public HKO open-data design only; no health outcomes joined."
2013-10-30,26.5,22.9,24.2,0,0,0,2013,10,30,"2013-10",303,303,"pre_covid",0,0,0,0,"REAL_PUBLIC_HKO",28,33,12,"Public HKO open-data design only; no health outcomes joined."
2013-10-31,28.1,22.4,24.8,0,0,0,2013,10,31,"2013-10",304,304,"pre_covid",0,0,0,0,"REAL_PUBLIC_HKO",28,33,12,"Public HKO open-data design only; no health outcomes joined."
2013-11-01,29.5,22.6,25.5,0,0,0,2013,11,1,"2013-11",305,305,"pre_covid",0,0,0,0,"REAL_PUBLIC_HKO",28,33,12,"Public HKO open-data design only; no health outcomes joined."
2013-11-02,27.5,24.9,26.2,0,0,0,2013,11,2,"2013-11",306,306,"pre_covid",0,0,0,0,"REAL_PUBLIC_HKO",28,33,12,"Public HKO open-data design only; no health outcomes joined."
2013-11-03,27.6,23.5,25.6,0,0,0,2013,11,3,"2013-11",307,307,"pre_covid",0,0,0,0,"REAL_PUBLIC_HKO",28,33,12,"Public HKO open-data design only; no health outcomes joined."
2013-11-04,24.3,21.5,22.7,0,0,0,2013,11,4,"2013-11",308,308,"pre_covid",0,0,0,0,"REAL_PUBLIC_HKO",28,33,12,"Public HKO open-data design only; no health outcomes joined."
2013-11-05,24.2,20.9,22.6,0,0,0,2013,11,5,"2013-11",309,309,"pre_covid",0,0,0,0,"REAL_PUBLIC_HKO",28,33,12,"Public HKO open-data design only; no health outcomes joined."
2013-11-06,27.4,22.6,24.2,0,0,0,2013,11,6,"2013-11",310,310,"pre_covid",0,0,0,0,"REAL_PUBLIC_HKO",28,33,12,"Public HKO open-data design only; no health outcomes joined."
2013-11-07,26.7,23,24.1,0,0,0,2013,11,7,"2013-11",311,311,"pre_covid",0,0,0,0,"REAL_PUBLIC_HKO",28,33,12,"Public HKO open-data design only; no health outcomes joined."
2013-11-08,26.9,22.8,24.2,0,0,0,2013,11,8,"2013-11",312,312,"pre_covid",0,0,0,0,"REAL_PUBLIC_HKO",28,33,12,"Public HKO open-data design only; no health outcomes joined."
2013-11-09,27.7,22.9,25.5,0,0,0,2013,11,9,"2013-11",313,313,"pre_covid",0,0,0,0,"REAL_PUBLIC_HKO",28,33,12,"Public HKO open-data design only; no health outcomes joined."
2013-11-10,26.4,23.7,25.4,0,0,0,2013,11,10,"2013-11",314,314,"pre_covid",0,0,0,0,"REAL_PUBLIC_HKO",28,33,12,"Public HKO open-data design only; no health outcomes joined."
2013-11-11,25.3,23,24.1,0,0,0,2013,11,11,"2013-11",315,315,"pre_covid",0,0,0,0,"REAL_PUBLIC_HKO",28,33,12,"Public HKO open-data design only; no health outcomes joined."
2013-11-12,23.1,21.1,21.9,0,0,0,2013,11,12,"2013-11",316,316,"pre_covid",0,0,0,0,"REAL_PUBLIC_HKO",28,33,12,"Public HKO open-data design only; no health outcomes joined."
2013-11-13,21.3,19.7,20.7,0,0,0,2013,11,13,"2013-11",317,317,"pre_covid",0,0,0,0,"REAL_PUBLIC_HKO",28,33,12,"Public HKO open-data design only; no health outcomes joined."
2013-11-14,23.6,19.6,21,0,0,0,2013,11,14,"2013-11",318,318,"pre_covid",0,0,0,0,"REAL_PUBLIC_HKO",28,33,12,"Public HKO open-data design only; no health outcomes joined."
2013-11-15,24.7,18.8,21.5,0,0,0,2013,11,15,"2013-11",319,319,"pre_covid",0,0,0,0,"REAL_PUBLIC_HKO",28,33,12,"Public HKO open-data design only; no health outcomes joined."
2013-11-16,23.9,19.2,21.7,0,0,0,2013,11,16,"2013-11",320,320,"pre_covid",0,0,0,0,"REAL_PUBLIC_HKO",28,33,12,"Public HKO open-data design only; no health outcomes joined."
2013-11-17,23.8,18.8,21.3,0,0,0,2013,11,17,"2013-11",321,321,"pre_covid",0,0,0,0,"REAL_PUBLIC_HKO",28,33,12,"Public HKO open-data design only; no health outcomes joined."
2013-11-18,23.6,18.5,20.7,0,0,0,2013,11,18,"2013-11",322,322,"pre_covid",0,0,0,0,"REAL_PUBLIC_HKO",28,33,12,"Public HKO open-data design only; no health outcomes joined."
2013-11-19,21.3,18.7,20.2,0,0,0,2013,11,19,"2013-11",323,323,"pre_covid",0,0,0,0,"REAL_PUBLIC_HKO",28,33,12,"Public HKO open-data design only; no health outcomes joined."
2013-11-20,21.4,19.3,20.1,0,0,0,2013,11,20,"2013-11",324,324,"pre_covid",0,0,0,0,"REAL_PUBLIC_HKO",28,33,12,"Public HKO open-data design only; no health outcomes joined."
2013-11-21,22.6,17.6,20.5,0,0,0,2013,11,21,"2013-11",325,325,"pre_covid",0,0,0,0,"REAL_PUBLIC_HKO",28,33,12,"Public HKO open-data design only; no health outcomes joined."
2013-11-22,22.8,19.5,21,0,0,0,2013,11,22,"2013-11",326,326,"pre_covid",0,0,0,0,"REAL_PUBLIC_HKO",28,33,12,"Public HKO open-data design only; no health outcomes joined."
2013-11-23,23,20.6,21.7,0,0,0,2013,11,23,"2013-11",327,327,"pre_covid",0,0,0,0,"REAL_PUBLIC_HKO",28,33,12,"Public HKO open-data design only; no health outcomes joined."
2013-11-24,25.8,20.4,22.7,0,0,0,2013,11,24,"2013-11",328,328,"pre_covid",0,0,0,0,"REAL_PUBLIC_HKO",28,33,12,"Public HKO open-data design only; no health outcomes joined."
2013-11-25,22.3,16.7,19.5,0,0,0,2013,11,25,"2013-11",329,329,"pre_covid",0,0,0,0,"REAL_PUBLIC_HKO",28,33,12,"Public HKO open-data design only; no health outcomes joined."
2013-11-26,21.3,17.7,19.6,0,0,0,2013,11,26,"2013-11",330,330,"pre_covid",0,0,0,0,"REAL_PUBLIC_HKO",28,33,12,"Public HKO open-data design only; no health outcomes joined."
2013-11-27,23.2,16,20.1,0,0,0,2013,11,27,"2013-11",331,331,"pre_covid",0,0,0,0,"REAL_PUBLIC_HKO",28,33,12,"Public HKO open-data design only; no health outcomes joined."
2013-11-28,17.8,12.8,15.6,0,0,0,2013,11,28,"2013-11",332,332,"pre_covid",0,0,0,0,"REAL_PUBLIC_HKO",28,33,12,"Public HKO open-data design only; no health outcomes joined."
2013-11-29,17.2,12.9,15,0,0,0,2013,11,29,"2013-11",333,333,"pre_covid",0,0,0,0,"REAL_PUBLIC_HKO",28,33,12,"Public HKO open-data design only; no health outcomes joined."
2013-11-30,19.2,13.1,16,0,0,0,2013,11,30,"2013-11",334,334,"pre_covid",0,0,0,0,"REAL_PUBLIC_HKO",28,33,12,"Public HKO open-data design only; no health outcomes joined."
2013-12-01,20.7,14.3,17.1,0,0,0,2013,12,1,"2013-12",335,335,"pre_covid",0,0,0,0,"REAL_PUBLIC_HKO",28,33,12,"Public HKO open-data design only; no health outcomes joined."
2013-12-02,21.4,14.6,17.7,0,0,0,2013,12,2,"2013-12",336,336,"pre_covid",0,0,0,0,"REAL_PUBLIC_HKO",28,33,12,"Public HKO open-data design only; no health outcomes joined."
2013-12-03,21.5,17.3,18.9,0,0,0,2013,12,3,"2013-12",337,337,"pre_covid",0,0,0,0,"REAL_PUBLIC_HKO",28,33,12,"Public HKO open-data design only; no health outcomes joined."
2013-12-04,22.8,16.2,19.2,0,0,0,2013,12,4,"2013-12",338,338,"pre_covid",0,0,0,0,"REAL_PUBLIC_HKO",28,33,12,"Public HKO open-data design only; no health outcomes joined."
2013-12-05,21.4,15.8,18.3,0,0,0,2013,12,5,"2013-12",339,339,"pre_covid",0,0,0,0,"REAL_PUBLIC_HKO",28,33,12,"Public HKO open-data design only; no health outcomes joined."
2013-12-06,21.4,15.7,18.3,0,0,0,2013,12,6,"2013-12",340,340,"pre_covid",0,0,0,0,"REAL_PUBLIC_HKO",28,33,12,"Public HKO open-data design only; no health outcomes joined."
2013-12-07,22.1,16.6,19.3,0,0,0,2013,12,7,"2013-12",341,341,"pre_covid",0,0,0,0,"REAL_PUBLIC_HKO",28,33,12,"Public HKO open-data design only; no health outcomes joined."
2013-12-08,21.4,18.2,20,0,0,0,2013,12,8,"2013-12",342,342,"pre_covid",0,0,0,0,"REAL_PUBLIC_HKO",28,33,12,"Public HKO open-data design only; no health outcomes joined."
2013-12-09,24.9,19.8,22,0,0,0,2013,12,9,"2013-12",343,343,"pre_covid",0,0,0,0,"REAL_PUBLIC_HKO",28,33,12,"Public HKO open-data design only; no health outcomes joined."
2013-12-10,21.7,18.4,20.1,0,0,0,2013,12,10,"2013-12",344,344,"pre_covid",0,0,0,0,"REAL_PUBLIC_HKO",28,33,12,"Public HKO open-data design only; no health outcomes joined."
2013-12-11,20.6,17.8,19.2,0,0,0,2013,12,11,"2013-12",345,345,"pre_covid",0,0,0,0,"REAL_PUBLIC_HKO",28,33,12,"Public HKO open-data design only; no health outcomes joined."
2013-12-12,19.3,16.6,18,0,0,0,2013,12,12,"2013-12",346,346,"pre_covid",0,0,0,0,"REAL_PUBLIC_HKO",28,33,12,"Public HKO open-data design only; no health outcomes joined."
2013-12-13,20.7,17.9,19.2,0,0,0,2013,12,13,"2013-12",347,347,"pre_covid",0,0,0,0,"REAL_PUBLIC_HKO",28,33,12,"Public HKO open-data design only; no health outcomes joined."
2013-12-14,20.5,17.2,18.8,0,0,0,2013,12,14,"2013-12",348,348,"pre_covid",0,0,0,0,"REAL_PUBLIC_HKO",28,33,12,"Public HKO open-data design only; no health outcomes joined."
2013-12-15,17.6,16.5,17,0,0,0,2013,12,15,"2013-12",349,349,"pre_covid",0,0,0,0,"REAL_PUBLIC_HKO",28,33,12,"Public HKO open-data design only; no health outcomes joined."
2013-12-16,17.2,12.2,13.6,0,0,0,2013,12,16,"2013-12",350,350,"pre_covid",0,0,0,0,"REAL_PUBLIC_HKO",28,33,12,"Public HKO open-data design only; no health outcomes joined."
2013-12-17,13.1,11.4,12.3,0,0,1,2013,12,17,"2013-12",351,351,"pre_covid",0,1,0,0.0454545454545455,"REAL_PUBLIC_HKO",28,33,12,"Public HKO open-data design only; no health outcomes joined."
2013-12-18,13.4,9.2,10.9,0,0,1,2013,12,18,"2013-12",352,352,"pre_covid",0,1,0,0.0909090909090909,"REAL_PUBLIC_HKO",28,33,12,"Public HKO open-data design only; no health outcomes joined."
2013-12-19,15,9.5,12,0,0,1,2013,12,19,"2013-12",353,353,"pre_covid",0,1,0,0.136363636363636,"REAL_PUBLIC_HKO",28,33,12,"Public HKO open-data design only; no health outcomes joined."
2013-12-20,16.4,11.3,13.9,0,0,1,2013,12,20,"2013-12",354,354,"pre_covid",0,1,0,0.181818181818182,"REAL_PUBLIC_HKO",28,33,12,"Public HKO open-data design only; no health outcomes joined."
2013-12-21,16,13.1,14.4,0,0,0,2013,12,21,"2013-12",355,355,"pre_covid",0,0,0,0.181818181818182,"REAL_PUBLIC_HKO",28,33,12,"Public HKO open-data design only; no health outcomes joined."
2013-12-22,16,11.3,13.5,0,0,1,2013,12,22,"2013-12",356,356,"pre_covid",0,1,0,0.227272727272727,"REAL_PUBLIC_HKO",28,33,12,"Public HKO open-data design only; no health outcomes joined."
2013-12-23,17.9,11.3,14.6,0,0,1,2013,12,23,"2013-12",357,357,"pre_covid",0,1,0,0.272727272727273,"REAL_PUBLIC_HKO",28,33,12,"Public HKO open-data design only; no health outcomes joined."
2013-12-24,17.9,12.2,14.8,0,0,0,2013,12,24,"2013-12",358,358,"pre_covid",0,0,0,0.272727272727273,"REAL_PUBLIC_HKO",28,33,12,"Public HKO open-data design only; no health outcomes joined."
2013-12-25,17.6,13.4,15.3,0,0,0,2013,12,25,"2013-12",359,359,"pre_covid",0,0,0,0.272727272727273,"REAL_PUBLIC_HKO",28,33,12,"Public HKO open-data design only; no health outcomes joined."
2013-12-26,17.3,12.5,14.8,0,0,0,2013,12,26,"2013-12",360,360,"pre_covid",0,0,0,0.272727272727273,"REAL_PUBLIC_HKO",28,33,12,"Public HKO open-data design only; no health outcomes joined."
2013-12-27,15.5,11.3,13,0,0,1,2013,12,27,"2013-12",361,361,"pre_covid",0,1,0,0.318181818181818,"REAL_PUBLIC_HKO",28,33,12,"Public HKO open-data design only; no health outcomes joined."
2013-12-28,14.6,9.9,12,0,0,1,2013,12,28,"2013-12",362,362,"pre_covid",0,1,0,0.363636363636364,"REAL_PUBLIC_HKO",28,33,12,"Public HKO open-data design only; no health outcomes joined."
2013-12-29,15.3,9.3,12.1,0,0,1,2013,12,29,"2013-12",363,363,"pre_covid",0,1,0,0.409090909090909,"REAL_PUBLIC_HKO",28,33,12,"Public HKO open-data design only; no health outcomes joined."
2013-12-30,16.3,10.7,13.8,0,0,1,2013,12,30,"2013-12",364,364,"pre_covid",0,1,0,0.454545454545455,"REAL_PUBLIC_HKO",28,33,12,"Public HKO open-data design only; no health outcomes joined."
2013-12-31,18.1,12.5,15.3,0,0,0,2013,12,31,"2013-12",365,365,"pre_covid",0,0,0,0.454545454545455,"REAL_PUBLIC_HKO",28,33,12,"Public HKO open-data design only; no health outcomes joined."
2014-01-01,18.9,13,15.7,0,0,0,2014,1,1,"2014-01",1,366,"pre_covid",0,0,0,0.454545454545455,"REAL_PUBLIC_HKO",28,33,12,"Public HKO open-data design only; no health outcomes joined."
2014-01-02,19.3,14.4,16.8,0,0,0,2014,1,2,"2014-01",2,367,"pre_covid",0,0,0,0.454545454545455,"REAL_PUBLIC_HKO",28,33,12,"Public HKO open-data design only; no health outcomes joined."
2014-01-03,22.5,17.2,19.8,0,0,0,2014,1,3,"2014-01",3,368,"pre_covid",0,0,0,0.454545454545455,"REAL_PUBLIC_HKO",28,33,12,"Public HKO open-data design only; no health outcomes joined."
2014-01-04,21.8,16.8,18.8,0,0,0,2014,1,4,"2014-01",4,369,"pre_covid",0,0,0,0.454545454545455,"REAL_PUBLIC_HKO",28,33,12,"Public HKO open-data design only; no health outcomes joined."
2014-01-05,18.7,14.5,16.3,0,0,0,2014,1,5,"2014-01",5,370,"pre_covid",0,0,0,0.454545454545455,"REAL_PUBLIC_HKO",28,33,12,"Public HKO open-data design only; no health outcomes joined."
2014-01-06,18.5,14.8,16.5,0,0,0,2014,1,6,"2014-01",6,371,"pre_covid",0,0,0,0.454545454545455,"REAL_PUBLIC_HKO",28,33,12,"Public HKO open-data design only; no health outcomes joined."
2014-01-07,19.1,16.5,17.8,0,0,0,2014,1,7,"2014-01",7,372,"pre_covid",0,0,0,0.454545454545455,"REAL_PUBLIC_HKO",28,33,12,"Public HKO open-data design only; no health outcomes joined."
2014-01-08,21,16.1,18.8,0,0,0,2014,1,8,"2014-01",8,373,"pre_covid",0,0,0,0.409090909090909,"REAL_PUBLIC_HKO",28,33,12,"Public HKO open-data design only; no health outcomes joined."
2014-01-09,16.6,14.3,15.5,0,0,0,2014,1,9,"2014-01",9,374,"pre_covid",0,0,0,0.363636363636364,"REAL_PUBLIC_HKO",28,33,12,"Public HKO open-data design only; no health outcomes joined."
2014-01-10,16.2,14.4,15.3,0,0,0,2014,1,10,"2014-01",10,375,"pre_covid",0,0,0,0.318181818181818,"REAL_PUBLIC_HKO",28,33,12,"Public HKO open-data design only; no health outcomes joined."
2014-01-11,18.8,14.1,16.2,0,0,0,2014,1,11,"2014-01",11,376,"pre_covid",0,0,0,0.272727272727273,"REAL_PUBLIC_HKO",28,33,12,"Public HKO open-data design only; no health outcomes joined."
2014-01-12,21.5,15.1,17.5,0,0,0,2014,1,12,"2014-01",12,377,"pre_covid",0,0,0,0.272727272727273,"REAL_PUBLIC_HKO",28,33,12,"Public HKO open-data design only; no health outcomes joined."
2014-01-13,16.2,11.8,13.9,0,0,1,2014,1,13,"2014-01",13,378,"pre_covid",0,1,0,0.272727272727273,"REAL_PUBLIC_HKO",28,33,12,"Public HKO open-data design only; no health outcomes joined."
2014-01-14,16.8,10.6,13.2,0,0,1,2014,1,14,"2014-01",14,379,"pre_covid",0,1,0,0.272727272727273,"REAL_PUBLIC_HKO",28,33,12,"Public HKO open-data design only; no health outcomes joined."
2014-01-15,16.1,11.2,13.2,0,0,1,2014,1,15,"2014-01",15,380,"pre_covid",0,1,0,0.318181818181818,"REAL_PUBLIC_HKO",28,33,12,"Public HKO open-data design only; no health outcomes joined."
2014-01-16,16.7,11.8,13.9,0,0,1,2014,1,16,"2014-01",16,381,"pre_covid",0,1,0,0.363636363636364,"REAL_PUBLIC_HKO",28,33,12,"Public HKO open-data design only; no health outcomes joined."
2014-01-17,18.9,12.7,15.5,0,0,0,2014,1,17,"2014-01",17,382,"pre_covid",0,0,0,0.363636363636364,"REAL_PUBLIC_HKO",28,33,12,"Public HKO open-data design only; no health outcomes joined."
2014-01-18,19.7,13.5,16.2,0,0,0,2014,1,18,"2014-01",18,383,"pre_covid",0,0,0,0.318181818181818,"REAL_PUBLIC_HKO",28,33,12,"Public HKO open-data design only; no health outcomes joined."
2014-01-19,16.7,13.2,14.6,0,0,0,2014,1,19,"2014-01",19,384,"pre_covid",0,0,0,0.272727272727273,"REAL_PUBLIC_HKO",28,33,12,"Public HKO open-data design only; no health outcomes joined."
2014-01-20,20.5,13.4,16.4,0,0,0,2014,1,20,"2014-01",20,385,"pre_covid",0,0,0,0.227272727272727,"REAL_PUBLIC_HKO",28,33,12,"Public HKO open-data design only; no health outcomes joined."
2014-01-21,17.6,12.9,14.9,0,0,0,2014,1,21,"2014-01",21,386,"pre_covid",0,0,0,0.181818181818182,"REAL_PUBLIC_HKO",28,33,12,"Public HKO open-data design only; no health outcomes joined."
2014-01-22,17,10.3,13.3,0,0,1,2014,1,22,"2014-01",22,387,"pre_covid",0,1,0,0.227272727272727,"REAL_PUBLIC_HKO",28,33,12,"Public HKO open-data design only; no health outcomes joined."
2014-01-23,15.8,11.6,13.3,0,0,1,2014,1,23,"2014-01",23,388,"pre_covid",0,1,0,0.272727272727273,"REAL_PUBLIC_HKO",28,33,12,"Public HKO open-data design only; no health outcomes joined."
2014-01-24,18.5,12.9,15.6,0,0,0,2014,1,24,"2014-01",24,389,"pre_covid",0,0,0,0.272727272727273,"REAL_PUBLIC_HKO",28,33,12,"Public HKO open-data design only; no health outcomes joined."
2014-01-25,21.4,16.5,18.4,0,0,0,2014,1,25,"2014-01",25,390,"pre_covid",0,0,0,0.272727272727273,"REAL_PUBLIC_HKO",28,33,12,"Public HKO open-data design only; no health outcomes joined."
2014-01-26,24.4,16.3,19,0,0,0,2014,1,26,"2014-01",26,391,"pre_covid",0,0,0,0.272727272727273,"REAL_PUBLIC_HKO",28,33,12,"Public HKO open-data design only; no health outcomes joined."
2014-01-27,18.9,15,16.4,0,0,0,2014,1,27,"2014-01",27,392,"pre_covid",0,0,0,0.272727272727273,"REAL_PUBLIC_HKO",28,33,12,"Public HKO open-data design only; no health outcomes joined."
2014-01-28,20.3,14.8,17,0,0,0,2014,1,28,"2014-01",28,393,"pre_covid",0,0,0,0.272727272727273,"REAL_PUBLIC_HKO",28,33,12,"Public HKO open-data design only; no health outcomes joined."
2014-01-29,21.2,15.6,17.8,0,0,0,2014,1,29,"2014-01",29,394,"pre_covid",0,0,0,0.272727272727273,"REAL_PUBLIC_HKO",28,33,12,"Public HKO open-data design only; no health outcomes joined."
2014-01-30,22.9,15.9,18.9,0,0,0,2014,1,30,"2014-01",30,395,"pre_covid",0,0,0,0.272727272727273,"REAL_PUBLIC_HKO",28,33,12,"Public HKO open-data design only; no health outcomes joined."
2014-01-31,22.8,16.4,19.4,0,0,0,2014,1,31,"2014-01",31,396,"pre_covid",0,0,0,0.272727272727273,"REAL_PUBLIC_HKO",28,33,12,"Public HKO open-data design only; no health outcomes joined."
2014-02-01,22.2,18.3,20,0,0,0,2014,2,1,"2014-02",32,397,"pre_covid",0,0,0,0.272727272727273,"REAL_PUBLIC_HKO",28,33,12,"Public HKO open-data design only; no health outcomes joined."
2014-02-02,23.8,17.5,20.2,0,0,0,2014,2,2,"2014-02",33,398,"pre_covid",0,0,0,0.272727272727273,"REAL_PUBLIC_HKO",28,33,12,"Public HKO open-data design only; no health outcomes joined."
2014-02-03,24.6,17.4,20.6,0,0,0,2014,2,3,"2014-02",34,399,"pre_covid",0,0,0,0.272727272727273,"REAL_PUBLIC_HKO",28,33,12,"Public HKO open-data design only; no health outcomes joined."
2014-02-04,19.4,16.6,18.2,0,0,0,2014,2,4,"2014-02",35,400,"pre_covid",0,0,0,0.227272727272727,"REAL_PUBLIC_HKO",28,33,12,"Public HKO open-data design only; no health outcomes joined."
2014-02-05,19,15.9,17.1,0,0,0,2014,2,5,"2014-02",36,401,"pre_covid",0,0,0,0.181818181818182,"REAL_PUBLIC_HKO",28,33,12,"Public HKO open-data design only; no health outcomes joined."
2014-02-06,21.6,16.7,18.6,0,0,0,2014,2,6,"2014-02",37,402,"pre_covid",0,0,0,0.136363636363636,"REAL_PUBLIC_HKO",28,33,12,"Public HKO open-data design only; no health outcomes joined."
2014-02-07,23.4,18.1,20.3,0,0,0,2014,2,7,"2014-02",38,403,"pre_covid",0,0,0,0.0909090909090909,"REAL_PUBLIC_HKO",28,33,12,"Public HKO open-data design only; no health outcomes joined."
2014-02-08,18,16,16.6,0,0,0,2014,2,8,"2014-02",39,404,"pre_covid",0,0,0,0.0909090909090909,"REAL_PUBLIC_HKO",28,33,12,"Public HKO open-data design only; no health outcomes joined."
2014-02-09,16.7,10.4,14.5,0,0,1,2014,2,9,"2014-02",40,405,"pre_covid",0,1,0,0.136363636363636,"REAL_PUBLIC_HKO",28,33,12,"Public HKO open-data design only; no health outcomes joined."
2014-02-10,10.5,8.3,9.1,0,0,1,2014,2,10,"2014-02",41,406,"pre_covid",0,1,0,0.181818181818182,"REAL_PUBLIC_HKO",28,33,12,"Public HKO open-data design only; no health outcomes joined."
2014-02-11,9.7,7.5,8.4,0,0,1,2014,2,11,"2014-02",42,407,"pre_covid",0,1,0,0.227272727272727,"REAL_PUBLIC_HKO",28,33,12,"Public HKO open-data design only; no health outcomes joined."
2014-02-12,10.5,7.3,8.9,0,0,1,2014,2,12,"2014-02",43,408,"pre_covid",0,1,0,0.272727272727273,"REAL_PUBLIC_HKO",28,33,12,"Public HKO open-data design only; no health outcomes joined."
2014-02-13,9.8,8,8.7,0,0,1,2014,2,13,"2014-02",44,409,"pre_covid",0,1,0,0.272727272727273,"REAL_PUBLIC_HKO",28,33,12,"Public HKO open-data design only; no health outcomes joined."
2014-02-14,14.6,8.2,10.6,0,0,1,2014,2,14,"2014-02",45,410,"pre_covid",0,1,0,0.272727272727273,"REAL_PUBLIC_HKO",28,33,12,"Public HKO open-data design only; no health outcomes joined."
2014-02-15,13.6,9.7,11.8,0,0,1,2014,2,15,"2014-02",46,411,"pre_covid",0,1,0,0.318181818181818,"REAL_PUBLIC_HKO",28,33,12,"Public HKO open-data design only; no health outcomes joined."
2014-02-16,15.4,13.3,14.2,0,0,0,2014,2,16,"2014-02",47,412,"pre_covid",0,0,0,0.318181818181818,"REAL_PUBLIC_HKO",28,33,12,"Public HKO open-data design only; no health outcomes joined."
2014-02-17,20.9,15.3,17.6,0,0,0,2014,2,17,"2014-02",48,413,"pre_covid",0,0,0,0.318181818181818,"REAL_PUBLIC_HKO",28,33,12,"Public HKO open-data design only; no health outcomes joined."
2014-02-18,21.5,12.2,17,0,0,0,2014,2,18,"2014-02",49,414,"pre_covid",0,0,0,0.318181818181818,"REAL_PUBLIC_HKO",28,33,12,"Public HKO open-data design only; no health outcomes joined."
2014-02-19,12.4,7.9,10,0,0,1,2014,2,19,"2014-02",50,415,"pre_covid",0,1,0,0.363636363636364,"REAL_PUBLIC_HKO",28,33,12,"Public HKO open-data design only; no health outcomes joined."
2014-02-20,17.3,8.2,12.3,0,0,1,2014,2,20,"2014-02",51,416,"pre_covid",0,1,0,0.409090909090909,"REAL_PUBLIC_HKO",28,33,12,"Public HKO open-data design only; no health outcomes joined."
2014-02-21,15.2,12.3,13.8,0,0,0,2014,2,21,"2014-02",52,417,"pre_covid",0,0,0,0.409090909090909,"REAL_PUBLIC_HKO",28,33,12,"Public HKO open-data design only; no health outcomes joined."
2014-02-22,17.1,12.6,14.7,0,0,0,2014,2,22,"2014-02",53,418,"pre_covid",0,0,0,0.409090909090909,"REAL_PUBLIC_HKO",28,33,12,"Public HKO open-data design only; no health outcomes joined."
2014-02-23,19.2,14.4,16.2,0,0,0,2014,2,23,"2014-02",54,419,"pre_covid",0,0,0,0.409090909090909,"REAL_PUBLIC_HKO",28,33,12,"Public HKO open-data design only; no health outcomes joined."
2014-02-24,19.3,15,17,0,0,0,2014,2,24,"2014-02",55,420,"pre_covid",0,0,0,0.409090909090909,"REAL_PUBLIC_HKO",28,33,12,"Public HKO open-data design only; no health outcomes joined."
2014-02-25,20.9,17.3,18.7,0,0,0,2014,2,25,"2014-02",56,421,"pre_covid",0,0,0,0.409090909090909,"REAL_PUBLIC_HKO",28,33,12,"Public HKO open-data design only; no health outcomes joined."
2014-02-26,24.1,17.9,20.2,0,0,0,2014,2,26,"2014-02",57,422,"pre_covid",0,0,0,0.409090909090909,"REAL_PUBLIC_HKO",28,33,12,"Public HKO open-data design only; no health outcomes joined."
2014-02-27,21.1,18.7,19.6,0,0,0,2014,2,27,"2014-02",58,423,"pre_covid",0,0,0,0.409090909090909,"REAL_PUBLIC_HKO",28,33,12,"Public HKO open-data design only; no health outcomes joined."
2014-02-28,19,17.4,18.3,0,0,0,2014,2,28,"2014-02",59,424,"pre_covid",0,0,0,0.409090909090909,"REAL_PUBLIC_HKO",28,33,12,"Public HKO open-data design only; no health outcomes joined."
2014-03-01,22.1,18.4,20,0,0,0,2014,3,1,"2014-03",60,425,"pre_covid",0,0,0,0.409090909090909,"REAL_PUBLIC_HKO",28,33,12,"Public HKO open-data design only; no health outcomes joined."
2014-03-02,21.7,16,19,0,0,0,2014,3,2,"2014-03",61,426,"pre_covid",0,0,0,0.409090909090909,"REAL_PUBLIC_HKO",28,33,12,"Public HKO open-data design only; no health outcomes joined."
2014-03-03,16.3,15.4,15.8,0,0,0,2014,3,3,"2014-03",62,427,"pre_covid",0,0,0,0.363636363636364,"REAL_PUBLIC_HKO",28,33,12,"Public HKO open-data design only; no health outcomes joined."
2014-03-04,18.2,15.4,16.8,0,0,0,2014,3,4,"2014-03",63,428,"pre_covid",0,0,0,0.318181818181818,"REAL_PUBLIC_HKO",28,33,12,"Public HKO open-data design only; no health outcomes joined."
2014-03-05,17.6,15.9,16.7,0,0,0,2014,3,5,"2014-03",64,429,"pre_covid",0,0,0,0.272727272727273,"REAL_PUBLIC_HKO",28,33,12,"Public HKO open-data design only; no health outcomes joined."
2014-03-06,15.9,14.8,15.3,0,0,0,2014,3,6,"2014-03",65,430,"pre_covid",0,0,0,0.227272727272727,"REAL_PUBLIC_HKO",28,33,12,"Public HKO open-data design only; no health outcomes joined."
2014-03-07,15.1,14.1,14.6,0,0,0,2014,3,7,"2014-03",66,431,"pre_covid",0,0,0,0.181818181818182,"REAL_PUBLIC_HKO",28,33,12,"Public HKO open-data design only; no health outcomes joined."
2014-03-08,16.2,14.2,15.1,0,0,0,2014,3,8,"2014-03",67,432,"pre_covid",0,0,0,0.136363636363636,"REAL_PUBLIC_HKO",28,33,12,"Public HKO open-data design only; no health outcomes joined."
2014-03-09,15.5,14.2,14.8,0,0,0,2014,3,9,"2014-03",68,433,"pre_covid",0,0,0,0.0909090909090909,"REAL_PUBLIC_HKO",28,33,12,"Public HKO open-data design only; no health outcomes joined."
2014-03-10,15.6,13.9,14.4,0,0,0,2014,3,10,"2014-03",69,434,"pre_covid",0,0,0,0.0909090909090909,"REAL_PUBLIC_HKO",28,33,12,"Public HKO open-data design only; no health outcomes joined."
2014-03-11,15.9,14.1,15,0,0,0,2014,3,11,"2014-03",70,435,"pre_covid",0,0,0,0.0909090909090909,"REAL_PUBLIC_HKO",28,33,12,"Public HKO open-data design only; no health outcomes joined."
2014-03-12,19.5,15.4,17.7,0,0,0,2014,3,12,"2014-03",71,436,"pre_covid",0,0,0,0.0909090909090909,"REAL_PUBLIC_HKO",28,33,12,"Public HKO open-data design only; no health outcomes joined."
2014-03-13,22.2,19,20.2,0,0,0,2014,3,13,"2014-03",72,437,"pre_covid",0,0,0,0.0454545454545455,"REAL_PUBLIC_HKO",28,33,12,"Public HKO open-data design only; no health outcomes joined."
2014-03-14,19.9,14.7,17.1,0,0,0,2014,3,14,"2014-03",73,438,"pre_covid",0,0,0,0,"REAL_PUBLIC_HKO",28,33,12,"Public HKO open-data design only; no health outcomes joined."
2014-03-15,17.5,14.7,16,0,0,0,2014,3,15,"2014-03",74,439,"pre_covid",0,0,0,0,"REAL_PUBLIC_HKO",28,33,12,"Public HKO open-data design only; no health outcomes joined."
2014-03-16,19.9,16.3,18.1,0,0,0,2014,3,16,"2014-03",75,440,"pre_covid",0,0,0,0,"REAL_PUBLIC_HKO",28,33,12,"Public HKO open-data design only; no health outcomes joined."
2014-03-17,22.9,18.4,20.4,0,0,0,2014,3,17,"2014-03",76,441,"pre_covid",0,0,0,0,"REAL_PUBLIC_HKO",28,33,12,"Public HKO open-data design only; no health outcomes joined."
2014-03-18,25,19.9,21.9,0,0,0,2014,3,18,"2014-03",77,442,"pre_covid",0,0,0,0,"REAL_PUBLIC_HKO",28,33,12,"Public HKO open-data design only; no health outcomes joined."
2014-03-19,26.8,20.4,22.7,0,0,0,2014,3,19,"2014-03",78,443,"pre_covid",0,0,0,0,"REAL_PUBLIC_HKO",28,33,12,"Public HKO open-data design only; no health outcomes joined."
2014-03-20,25.2,18.7,21.5,0,0,0,2014,3,20,"2014-03",79,444,"pre_covid",0,0,0,0,"REAL_PUBLIC_HKO",28,33,12,"Public HKO open-data design only; no health outcomes joined."
2014-03-21,18.7,15.5,16.5,0,0,0,2014,3,21,"2014-03",80,445,"pre_covid",0,0,0,0,"REAL_PUBLIC_HKO",28,33,12,"Public HKO open-data design only; no health outcomes joined."
2014-03-22,20.8,15.2,17.3,0,0,0,2014,3,22,"2014-03",81,446,"pre_covid",0,0,0,0,"REAL_PUBLIC_HKO",28,33,12,"Public HKO open-data design only; no health outcomes joined."
2014-03-23,22,15.9,18.4,0,0,0,2014,3,23,"2014-03",82,447,"pre_covid",0,0,0,0,"REAL_PUBLIC_HKO",28,33,12,"Public HKO open-data design only; no health outcomes joined."
2014-03-24,23.1,16.6,19.5,0,0,0,2014,3,24,"2014-03",83,448,"pre_covid",0,0,0,0,"REAL_PUBLIC_HKO",28,33,12,"Public HKO open-data design only; no health outcomes joined."
2014-03-25,26.5,18.9,21.9,0,0,0,2014,3,25,"2014-03",84,449,"pre_covid",0,0,0,0,"REAL_PUBLIC_HKO",28,33,12,"Public HKO open-data design only; no health outcomes joined."
2014-03-26,26.2,20.6,22.6,0,0,0,2014,3,26,"2014-03",85,450,"pre_covid",0,0,0,0,"REAL_PUBLIC_HKO",28,33,12,"Public HKO open-data design only; no health outcomes joined."
2014-03-27,27.6,20.6,23.5,0,0,0,2014,3,27,"2014-03",86,451,"pre_covid",0,0,0,0,"REAL_PUBLIC_HKO",28,33,12,"Public HKO open-data design only; no health outcomes joined."
2014-03-28,23.3,21.2,22.2,0,0,0,2014,3,28,"2014-03",87,452,"pre_covid",0,0,0,0,"REAL_PUBLIC_HKO",28,33,12,"Public HKO open-data design only; no health outcomes joined."
2014-03-29,23.5,20.7,21.8,0,0,0,2014,3,29,"2014-03",88,453,"pre_covid",0,0,0,0,"REAL_PUBLIC_HKO",28,33,12,"Public HKO open-data design only; no health outcomes joined."
2014-03-30,26,19.1,22.6,0,0,0,2014,3,30,"2014-03",89,454,"pre_covid",0,0,0,0,"REAL_PUBLIC_HKO",28,33,12,"Public HKO open-data design only; no health outcomes joined."
2014-03-31,21.2,18.9,20,0,0,0,2014,3,31,"2014-03",90,455,"pre_covid",0,0,0,0,"REAL_PUBLIC_HKO",28,33,12,"Public HKO open-data design only; no health outcomes joined."
2014-04-01,20.9,19.5,20.2,0,0,0,2014,4,1,"2014-04",91,456,"pre_covid",0,0,0,0,"REAL_PUBLIC_HKO",28,33,12,"Public HKO open-data design only; no health outcomes joined."
2014-04-02,20.3,18.6,19.4,0,0,0,2014,4,2,"2014-04",92,457,"pre_covid",0,0,0,0,"REAL_PUBLIC_HKO",28,33,12,"Public HKO open-data design only; no health outcomes joined."
2014-04-03,20.7,18.5,19.6,0,0,0,2014,4,3,"2014-04",93,458,"pre_covid",0,0,0,0,"REAL_PUBLIC_HKO",28,33,12,"Public HKO open-data design only; no health outcomes joined."
2014-04-04,22.9,19.2,20.6,0,0,0,2014,4,4,"2014-04",94,459,"pre_covid",0,0,0,0,"REAL_PUBLIC_HKO",28,33,12,"Public HKO open-data design only; no health outcomes joined."
2014-04-05,24.7,18.2,20.8,0,0,0,2014,4,5,"2014-04",95,460,"pre_covid",0,0,0,0,"REAL_PUBLIC_HKO",28,33,12,"Public HKO open-data design only; no health outcomes joined."
2014-04-06,21,17.5,19.2,0,0,0,2014,4,6,"2014-04",96,461,"pre_covid",0,0,0,0,"REAL_PUBLIC_HKO",28,33,12,"Public HKO open-data design only; no health outcomes joined."
2014-04-07,20.1,17.9,19.2,0,0,0,2014,4,7,"2014-04",97,462,"pre_covid",0,0,0,0,"REAL_PUBLIC_HKO",28,33,12,"Public HKO open-data design only; no health outcomes joined."
2014-04-08,21.2,18.8,19.9,0,0,0,2014,4,8,"2014-04",98,463,"pre_covid",0,0,0,0,"REAL_PUBLIC_HKO",28,33,12,"Public HKO open-data design only; no health outcomes joined."
2014-04-09,26.5,19.8,22.3,0,0,0,2014,4,9,"2014-04",99,464,"pre_covid",0,0,0,0,"REAL_PUBLIC_HKO",28,33,12,"Public HKO open-data design only; no health outcomes joined."
2014-04-10,24.4,21.1,22.1,0,0,0,2014,4,10,"2014-04",100,465,"pre_covid",0,0,0,0,"REAL_PUBLIC_HKO",28,33,12,"Public HKO open-data design only; no health outcomes joined."
2014-04-11,25.8,20.7,22.7,0,0,0,2014,4,11,"2014-04",101,466,"pre_covid",0,0,0,0,"REAL_PUBLIC_HKO",28,33,12,"Public HKO open-data design only; no health outcomes joined."
2014-04-12,27.8,21.8,24.1,0,0,0,2014,4,12,"2014-04",102,467,"pre_covid",0,0,0,0,"REAL_PUBLIC_HKO",28,33,12,"Public HKO open-data design only; no health outcomes joined."
2014-04-13,28.7,22.1,24.7,0,0,0,2014,4,13,"2014-04",103,468,"pre_covid",0,0,0,0,"REAL_PUBLIC_HKO",28,33,12,"Public HKO open-data design only; no health outcomes joined."
2014-04-14,24.5,21.7,22.8,0,0,0,2014,4,14,"2014-04",104,469,"pre_covid",0,0,0,0,"REAL_PUBLIC_HKO",28,33,12,"Public HKO open-data design only; no health outcomes joined."
2014-04-15,24.4,20.5,21.9,0,0,0,2014,4,15,"2014-04",105,470,"pre_covid",0,0,0,0,"REAL_PUBLIC_HKO",28,33,12,"Public HKO open-data design only; no health outcomes joined."
2014-04-16,23.6,21,22.1,0,0,0,2014,4,16,"2014-04",106,471,"pre_covid",0,0,0,0,"REAL_PUBLIC_HKO",28,33,12,"Public HKO open-data design only; no health outcomes joined."
2014-04-17,27.5,22.1,24.1,0,0,0,2014,4,17,"2014-04",107,472,"pre_covid",0,0,0,0,"REAL_PUBLIC_HKO",28,33,12,"Public HKO open-data design only; no health outcomes joined."
2014-04-18,28.6,22.4,24.9,0,0,0,2014,4,18,"2014-04",108,473,"pre_covid",0,0,0,0,"REAL_PUBLIC_HKO",28,33,12,"Public HKO open-data design only; no health outcomes joined."
2014-04-19,27.8,23.1,25,0,0,0,2014,4,19,"2014-04",109,474,"pre_covid",0,0,0,0,"REAL_PUBLIC_HKO",28,33,12,"Public HKO open-data design only; no health outcomes joined."
2014-04-20,28.1,23.5,25.4,0,0,0,2014,4,20,"2014-04",110,475,"pre_covid",0,0,0,0,"REAL_PUBLIC_HKO",28,33,12,"Public HKO open-data design only; no health outcomes joined."
2014-04-21,24.9,22.9,23.8,0,0,0,2014,4,21,"2014-04",111,476,"pre_covid",0,0,0,0,"REAL_PUBLIC_HKO",28,33,12,"Public HKO open-data design only; no health outcomes joined."
2014-04-22,27.5,22.9,24.8,0,0,0,2014,4,22,"2014-04",112,477,"pre_covid",0,0,0,0,"REAL_PUBLIC_HKO",28,33,12,"Public HKO open-data design only; no health outcomes joined."
2014-04-23,24.9,21.4,22.4,0,0,0,2014,4,23,"2014-04",113,478,"pre_covid",0,0,0,0,"REAL_PUBLIC_HKO",28,33,12,"Public HKO open-data design only; no health outcomes joined."
2014-04-24,22.3,21.3,21.7,0,0,0,2014,4,24,"2014-04",114,479,"pre_covid",0,0,0,0,"REAL_PUBLIC_HKO",28,33,12,"Public HKO open-data design only; no health outcomes joined."
2014-04-25,23.7,21.6,22.6,0,0,0,2014,4,25,"2014-04",115,480,"pre_covid",0,0,0,0,"REAL_PUBLIC_HKO",28,33,12,"Public HKO open-data design only; no health outcomes joined."
2014-04-26,24.9,22,23.1,0,0,0,2014,4,26,"2014-04",116,481,"pre_covid",0,0,0,0,"REAL_PUBLIC_HKO",28,33,12,"Public HKO open-data design only; no health outcomes joined."
2014-04-27,29,22.1,25.5,0,0,0,2014,4,27,"2014-04",117,482,"pre_covid",0,0,0,0,"REAL_PUBLIC_HKO",28,33,12,"Public HKO open-data design only; no health outcomes joined."
2014-04-28,28.6,23.6,25.4,0,0,0,2014,4,28,"2014-04",118,483,"pre_covid",0,0,0,0,"REAL_PUBLIC_HKO",28,33,12,"Public HKO open-data design only; no health outcomes joined."
2014-04-29,25.7,22.9,23.9,0,0,0,2014,4,29,"2014-04",119,484,"pre_covid",0,0,0,0,"REAL_PUBLIC_HKO",28,33,12,"Public HKO open-data design only; no health outcomes joined."
2014-04-30,25,22.3,23.3,0,0,0,2014,4,30,"2014-04",120,485,"pre_covid",0,0,0,0,"REAL_PUBLIC_HKO",28,33,12,"Public HKO open-data design only; no health outcomes joined."
2014-05-01,25.3,21,22.8,0,0,0,2014,5,1,"2014-05",121,486,"pre_covid",0,0,0,0,"REAL_PUBLIC_HKO",28,33,12,"Public HKO open-data design only; no health outcomes joined."
2014-05-02,27,22.3,24,0,0,0,2014,5,2,"2014-05",122,487,"pre_covid",0,0,0,0,"REAL_PUBLIC_HKO",28,33,12,"Public HKO open-data design only; no health outcomes joined."
2014-05-03,26.8,23.1,24.6,0,0,0,2014,5,3,"2014-05",123,488,"pre_covid",0,0,0,0,"REAL_PUBLIC_HKO",28,33,12,"Public HKO open-data design only; no health outcomes joined."
2014-05-04,23.8,21.5,22.4,0,0,0,2014,5,4,"2014-05",124,489,"pre_covid",0,0,0,0,"REAL_PUBLIC_HKO",28,33,12,"Public HKO open-data design only; no health outcomes joined."
2014-05-05,23.8,20.2,21.8,0,0,0,2014,5,5,"2014-05",125,490,"pre_covid",0,0,0,0,"REAL_PUBLIC_HKO",28,33,12,"Public HKO open-data design only; no health outcomes joined."
2014-05-06,20.4,18.8,19.9,0,0,0,2014,5,6,"2014-05",126,491,"pre_covid",0,0,0,0,"REAL_PUBLIC_HKO",28,33,12,"Public HKO open-data design only; no health outcomes joined."
2014-05-07,21.2,19.8,20.4,0,0,0,2014,5,7,"2014-05",127,492,"pre_covid",0,0,0,0,"REAL_PUBLIC_HKO",28,33,12,"Public HKO open-data design only; no health outcomes joined."
2014-05-08,23.2,21.2,22.2,0,0,0,2014,5,8,"2014-05",128,493,"pre_covid",0,0,0,0,"REAL_PUBLIC_HKO",28,33,12,"Public HKO open-data design only; no health outcomes joined."
2014-05-09,22.2,20.9,21.7,0,0,0,2014,5,9,"2014-05",129,494,"pre_covid",0,0,0,0,"REAL_PUBLIC_HKO",28,33,12,"Public HKO open-data design only; no health outcomes joined."
2014-05-10,25.6,21.5,23.3,0,0,0,2014,5,10,"2014-05",130,495,"pre_covid",0,0,0,0,"REAL_PUBLIC_HKO",28,33,12,"Public HKO open-data design only; no health outcomes joined."
2014-05-11,26.6,22.3,24.3,0,0,0,2014,5,11,"2014-05",131,496,"pre_covid",0,0,0,0,"REAL_PUBLIC_HKO",28,33,12,"Public HKO open-data design only; no health outcomes joined."
2014-05-12,29.4,23.4,25.8,0,0,0,2014,5,12,"2014-05",132,497,"pre_covid",0,0,0,0,"REAL_PUBLIC_HKO",28,33,12,"Public HKO open-data design only; no health outcomes joined."
2014-05-13,29.1,24.8,27.3,0,0,0,2014,5,13,"2014-05",133,498,"pre_covid",0,0,0,0,"REAL_PUBLIC_HKO",28,33,12,"Public HKO open-data design only; no health outcomes joined."
2014-05-14,30.9,27.5,28.7,0,0,0,2014,5,14,"2014-05",134,499,"pre_covid",0,0,0,0,"REAL_PUBLIC_HKO",28,33,12,"Public HKO open-data design only; no health outcomes joined."
2014-05-15,30.8,27.3,28.9,0,0,0,2014,5,15,"2014-05",135,500,"pre_covid",0,0,0,0,"REAL_PUBLIC_HKO",28,33,12,"Public HKO open-data design only; no health outcomes joined."
2014-05-16,30.4,26.9,28.2,0,0,0,2014,5,16,"2014-05",136,501,"pre_covid",0,0,0,0,"REAL_PUBLIC_HKO",28,33,12,"Public HKO open-data design only; no health outcomes joined."
2014-05-17,30.2,26.5,28.3,0,0,0,2014,5,17,"2014-05",137,502,"pre_covid",0,0,0,0,"REAL_PUBLIC_HKO",28,33,12,"Public HKO open-data design only; no health outcomes joined."
2014-05-18,30.4,27.5,28.7,0,0,0,2014,5,18,"2014-05",138,503,"pre_covid",0,0,0,0,"REAL_PUBLIC_HKO",28,33,12,"Public HKO open-data design only; no health outcomes joined."
2014-05-19,32,25.8,28.9,0,0,0,2014,5,19,"2014-05",139,504,"pre_covid",0,0,0,0,"REAL_PUBLIC_HKO",28,33,12,"Public HKO open-data design only; no health outcomes joined."
2014-05-20,29.8,23.1,26.9,0,0,0,2014,5,20,"2014-05",140,505,"pre_covid",0,0,0,0,"REAL_PUBLIC_HKO",28,33,12,"Public HKO open-data design only; no health outcomes joined."
2014-05-21,30.6,23.9,27.1,0,0,0,2014,5,21,"2014-05",141,506,"pre_covid",0,0,0,0,"REAL_PUBLIC_HKO",28,33,12,"Public HKO open-data design only; no health outcomes joined."
2014-05-22,29.9,28.2,29.1,1,0,0,2014,5,22,"2014-05",142,507,"pre_covid",1,0,0.166666666666667,0,"REAL_PUBLIC_HKO",28,33,12,"Public HKO open-data design only; no health outcomes joined."
2014-05-23,28.9,25.4,27.4,0,0,0,2014,5,23,"2014-05",143,508,"pre_covid",0,0,0.166666666666667,0,"REAL_PUBLIC_HKO",28,33,12,"Public HKO open-data design only; no health outcomes joined."
2014-05-24,31.5,25.9,27.9,0,0,0,2014,5,24,"2014-05",144,509,"pre_covid",0,0,0.166666666666667,0,"REAL_PUBLIC_HKO",28,33,12,"Public HKO open-data design only; no health outcomes joined."
2014-05-25,32.6,26.7,29.5,0,0,0,2014,5,25,"2014-05",145,510,"pre_covid",0,0,0.166666666666667,0,"REAL_PUBLIC_HKO",28,33,12,"Public HKO open-data design only; no health outcomes joined."
2014-05-26,32,27.8,29.6,0,0,0,2014,5,26,"2014-05",146,511,"pre_covid",0,0,0.166666666666667,0,"REAL_PUBLIC_HKO",28,33,12,"Public HKO open-data design only; no health outcomes joined."
2014-05-27,32.7,27.8,29.7,0,0,0,2014,5,27,"2014-05",147,512,"pre_covid",0,0,0.166666666666667,0,"REAL_PUBLIC_HKO",28,33,12,"Public HKO open-data design only; no health outcomes joined."
2014-05-28,32.1,27.6,29.4,0,0,0,2014,5,28,"2014-05",148,513,"pre_covid",0,0,0,0,"REAL_PUBLIC_HKO",28,33,12,"Public HKO open-data design only; no health outcomes joined."
2014-05-29,31.4,28.1,29.4,1,0,0,2014,5,29,"2014-05",149,514,"pre_covid",1,0,0.166666666666667,0,"REAL_PUBLIC_HKO",28,33,12,"Public HKO open-data design only; no health outcomes joined."
2014-05-30,32,27.9,29.8,0,0,0,2014,5,30,"2014-05",150,515,"pre_covid",0,0,0.166666666666667,0,"REAL_PUBLIC_HKO",28,33,12,"Public HKO open-data design only; no health outcomes joined."
2014-05-31,32.8,28.4,30.1,1,0,0,2014,5,31,"2014-05",151,516,"pre_covid",1,0,0.333333333333333,0,"REAL_PUBLIC_HKO",28,33,12,"Public HKO open-data design only; no health outcomes joined."
2014-06-01,33.2,28.1,30.2,1,1,0,2014,6,1,"2014-06",152,517,"pre_covid",1,0,0.5,0,"REAL_PUBLIC_HKO",28,33,12,"Public HKO open-data design only; no health outcomes joined."
2014-06-02,32.7,28.4,30.1,1,0,0,2014,6,2,"2014-06",153,518,"pre_covid",1,0,0.666666666666667,0,"REAL_PUBLIC_HKO",28,33,12,"Public HKO open-data design only; no health outcomes joined."
2014-06-03,31.3,28.4,29.5,1,0,0,2014,6,3,"2014-06",154,519,"pre_covid",1,0,0.833333333333333,0,"REAL_PUBLIC_HKO",28,33,12,"Public HKO open-data design only; no health outcomes joined."
2014-06-04,32.5,28.3,30.2,1,0,0,2014,6,4,"2014-06",155,520,"pre_covid",1,0,0.833333333333333,0,"REAL_PUBLIC_HKO",28,33,12,"Public HKO open-data design only; no health outcomes joined."
2014-06-05,32,28.4,29.9,1,0,0,2014,6,5,"2014-06",156,521,"pre_covid",1,0,1,0,"REAL_PUBLIC_HKO",28,33,12,"Public HKO open-data design only; no health outcomes joined."
2014-06-06,30.1,26.6,28,0,0,0,2014,6,6,"2014-06",157,522,"pre_covid",0,0,0.833333333333333,0,"REAL_PUBLIC_HKO",28,33,12,"Public HKO open-data design only; no health outcomes joined."
2014-06-07,30,25.2,27.2,0,0,0,2014,6,7,"2014-06",158,523,"pre_covid",0,0,0.666666666666667,0,"REAL_PUBLIC_HKO",28,33,12,"Public HKO open-data design only; no health outcomes joined."
2014-06-08,31.5,26.2,28.6,0,0,0,2014,6,8,"2014-06",159,524,"pre_covid",0,0,0.5,0,"REAL_PUBLIC_HKO",28,33,12,"Public HKO open-data design only; no health outcomes joined."
2014-06-09,30.5,25.9,27.8,0,0,0,2014,6,9,"2014-06",160,525,"pre_covid",0,0,0.333333333333333,0,"REAL_PUBLIC_HKO",28,33,12,"Public HKO open-data design only; no health outcomes joined."
2014-06-10,30.7,27,28.4,0,0,0,2014,6,10,"2014-06",161,526,"pre_covid",0,0,0.166666666666667,0,"REAL_PUBLIC_HKO",28,33,12,"Public HKO open-data design only; no health outcomes joined."
2014-06-11,29.4,27.4,28.1,0,0,0,2014,6,11,"2014-06",162,527,"pre_covid",0,0,0,0,"REAL_PUBLIC_HKO",28,33,12,"Public HKO open-data design only; no health outcomes joined."
2014-06-12,32.3,26.9,28.8,0,0,0,2014,6,12,"2014-06",163,528,"pre_covid",0,0,0,0,"REAL_PUBLIC_HKO",28,33,12,"Public HKO open-data design only; no health outcomes joined."
2014-06-13,31.9,26.3,28.8,0,0,0,2014,6,13,"2014-06",164,529,"pre_covid",0,0,0,0,"REAL_PUBLIC_HKO",28,33,12,"Public HKO open-data design only; no health outcomes joined."
2014-06-14,33.5,27.8,29.8,0,1,0,2014,6,14,"2014-06",165,530,"pre_covid",0,0,0,0,"REAL_PUBLIC_HKO",28,33,12,"Public HKO open-data design only; no health outcomes joined."
2014-06-15,30.8,25.3,28.2,0,0,0,2014,6,15,"2014-06",166,531,"pre_covid",0,0,0,0,"REAL_PUBLIC_HKO",28,33,12,"Public HKO open-data design only; no health outcomes joined."
2014-06-16,31.9,26.6,29.6,0,0,0,2014,6,16,"2014-06",167,532,"pre_covid",0,0,0,0,"REAL_PUBLIC_HKO",28,33,12,"Public HKO open-data design only; no health outcomes joined."
2014-06-17,31.9,29.2,30.2,1,0,0,2014,6,17,"2014-06",168,533,"pre_covid",1,0,0.166666666666667,0,"REAL_PUBLIC_HKO",28,33,12,"Public HKO open-data design only; no health outcomes joined."
2014-06-18,32.5,27.7,30.1,0,0,0,2014,6,18,"2014-06",169,534,"pre_covid",0,0,0.166666666666667,0,"REAL_PUBLIC_HKO",28,33,12,"Public HKO open-data design only; no health outcomes joined."
2014-06-19,32.6,27.5,29.7,0,0,0,2014,6,19,"2014-06",170,535,"pre_covid",0,0,0.166666666666667,0,"REAL_PUBLIC_HKO",28,33,12,"Public HKO open-data design only; no health outcomes joined."
2014-06-20,30.5,26.2,29.2,0,0,0,2014,6,20,"2014-06",171,536,"pre_covid",0,0,0.166666666666667,0,"REAL_PUBLIC_HKO",28,33,12,"Public HKO open-data design only; no health outcomes joined."
2014-06-21,30.2,25.3,28.4,0,0,0,2014,6,21,"2014-06",172,537,"pre_covid",0,0,0.166666666666667,0,"REAL_PUBLIC_HKO",28,33,12,"Public HKO open-data design only; no health outcomes joined."
2014-06-22,28.1,25.2,26.6,0,0,0,2014,6,22,"2014-06",173,538,"pre_covid",0,0,0.166666666666667,0,"REAL_PUBLIC_HKO",28,33,12,"Public HKO open-data design only; no health outcomes joined."
2014-06-23,29.5,26.5,27.8,0,0,0,2014,6,23,"2014-06",174,539,"pre_covid",0,0,0,0,"REAL_PUBLIC_HKO",28,33,12,"Public HKO open-data design only; no health outcomes joined."
2014-06-24,30.3,26.1,27.8,0,0,0,2014,6,24,"2014-06",175,540,"pre_covid",0,0,0,0,"REAL_PUBLIC_HKO",28,33,12,"Public HKO open-data design only; no health outcomes joined."
2014-06-25,29.9,26.1,27.6,0,0,0,2014,6,25,"2014-06",176,541,"pre_covid",0,0,0,0,"REAL_PUBLIC_HKO",28,33,12,"Public HKO open-data design only; no health outcomes joined."
2014-06-26,33.2,27.5,30.3,0,1,0,2014,6,26,"2014-06",177,542,"pre_covid",0,0,0,0,"REAL_PUBLIC_HKO",28,33,12,"Public HKO open-data design only; no health outcomes joined."
2014-06-27,33.7,28.4,30.5,1,1,0,2014,6,27,"2014-06",178,543,"pre_covid",1,0,0.166666666666667,0,"REAL_PUBLIC_HKO",28,33,12,"Public HKO open-data design only; no health outcomes joined."
2014-06-28,33.1,28.5,30.3,1,1,0,2014,6,28,"2014-06",179,544,"pre_covid",1,0,0.333333333333333,0,"REAL_PUBLIC_HKO",28,33,12,"Public HKO open-data design only; no health outcomes joined."
2014-06-29,32.2,26.7,29.3,0,0,0,2014,6,29,"2014-06",180,545,"pre_covid",0,0,0.333333333333333,0,"REAL_PUBLIC_HKO",28,33,12,"Public HKO open-data design only; no health outcomes joined."
2014-06-30,32.5,27.1,29.3,0,0,0,2014,6,30,"2014-06",181,546,"pre_covid",0,0,0.333333333333333,0,"REAL_PUBLIC_HKO",28,33,12,"Public HKO open-data design only; no health outcomes joined."
2014-07-01,31.6,26.3,28.7,0,0,0,2014,7,1,"2014-07",182,547,"pre_covid",0,0,0.333333333333333,0,"REAL_PUBLIC_HKO",28,33,12,"Public HKO open-data design only; no health outcomes joined."
2014-07-02,32.9,28,30.1,1,0,0,2014,7,2,"2014-07",183,548,"pre_covid",1,0,0.5,0,"REAL_PUBLIC_HKO",28,33,12,"Public HKO open-data design only; no health outcomes joined."
2014-07-03,33.1,29.1,30.5,1,1,0,2014,7,3,"2014-07",184,549,"pre_covid",1,0,0.5,0,"REAL_PUBLIC_HKO",28,33,12,"Public HKO open-data design only; no health outcomes joined."
2014-07-04,33.8,29.3,30.9,1,1,0,2014,7,4,"2014-07",185,550,"pre_covid",1,0,0.5,0,"REAL_PUBLIC_HKO",28,33,12,"Public HKO open-data design only; no health outcomes joined."
2014-07-05,33.8,28.9,30.9,1,1,0,2014,7,5,"2014-07",186,551,"pre_covid",1,0,0.666666666666667,0,"REAL_PUBLIC_HKO",28,33,12,"Public HKO open-data design only; no health outcomes joined."
2014-07-06,32.9,27.9,30.4,0,0,0,2014,7,6,"2014-07",187,552,"pre_covid",0,0,0.666666666666667,0,"REAL_PUBLIC_HKO",28,33,12,"Public HKO open-data design only; no health outcomes joined."
2014-07-07,30.3,26.9,29,0,0,0,2014,7,7,"2014-07",188,553,"pre_covid",0,0,0.666666666666667,0,"REAL_PUBLIC_HKO",28,33,12,"Public HKO open-data design only; no health outcomes joined."
2014-07-08,33.5,28.4,30.5,1,1,0,2014,7,8,"2014-07",189,554,"pre_covid",1,0,0.666666666666667,0,"REAL_PUBLIC_HKO",28,33,12,"Public HKO open-data design only; no health outcomes joined."
2014-07-09,33.4,28.4,30.8,1,1,0,2014,7,9,"2014-07",190,555,"pre_covid",1,0,0.666666666666667,0,"REAL_PUBLIC_HKO",28,33,12,"Public HKO open-data design only; no health outcomes joined."
2014-07-10,32.7,27.4,30.1,0,0,0,2014,7,10,"2014-07",191,556,"pre_covid",0,0,0.5,0,"REAL_PUBLIC_HKO",28,33,12,"Public HKO open-data design only; no health outcomes joined."
2014-07-11,32.2,26.8,29.4,0,0,0,2014,7,11,"2014-07",192,557,"pre_covid",0,0,0.333333333333333,0,"REAL_PUBLIC_HKO",28,33,12,"Public HKO open-data design only; no health outcomes joined."
2014-07-12,33.6,28.3,30.3,1,1,0,2014,7,12,"2014-07",193,558,"pre_covid",1,0,0.5,0,"REAL_PUBLIC_HKO",28,33,12,"Public HKO open-data design only; no health outcomes joined."
2014-07-13,33.1,28.5,30,1,1,0,2014,7,13,"2014-07",194,559,"pre_covid",1,0,0.666666666666667,0,"REAL_PUBLIC_HKO",28,33,12,"Public HKO open-data design only; no health outcomes joined."
2014-07-14,32.3,27,29.9,0,0,0,2014,7,14,"2014-07",195,560,"pre_covid",0,0,0.5,0,"REAL_PUBLIC_HKO",28,33,12,"Public HKO open-data design only; no health outcomes joined."
2014-07-15,33.8,28.8,30.6,1,1,0,2014,7,15,"2014-07",196,561,"pre_covid",1,0,0.5,0,"REAL_PUBLIC_HKO",28,33,12,"Public HKO open-data design only; no health outcomes joined."
2014-07-16,33.5,28.1,30.2,1,1,0,2014,7,16,"2014-07",197,562,"pre_covid",1,0,0.666666666666667,0,"REAL_PUBLIC_HKO",28,33,12,"Public HKO open-data design only; no health outcomes joined."
2014-07-17,32.1,26.7,29.2,0,0,0,2014,7,17,"2014-07",198,563,"pre_covid",0,0,0.666666666666667,0,"REAL_PUBLIC_HKO",28,33,12,"Public HKO open-data design only; no health outcomes joined."
2014-07-18,29,26.3,27.6,0,0,0,2014,7,18,"2014-07",199,564,"pre_covid",0,0,0.5,0,"REAL_PUBLIC_HKO",28,33,12,"Public HKO open-data design only; no health outcomes joined."
2014-07-19,31.7,26.9,28.7,0,0,0,2014,7,19,"2014-07",200,565,"pre_covid",0,0,0.333333333333333,0,"REAL_PUBLIC_HKO",28,33,12,"Public HKO open-data design only; no health outcomes joined."
2014-07-20,32.2,26.4,28.9,0,0,0,2014,7,20,"2014-07",201,566,"pre_covid",0,0,0.333333333333333,0,"REAL_PUBLIC_HKO",28,33,12,"Public HKO open-data design only; no health outcomes joined."
2014-07-21,32.7,27.8,29.7,0,0,0,2014,7,21,"2014-07",202,567,"pre_covid",0,0,0.166666666666667,0,"REAL_PUBLIC_HKO",28,33,12,"Public HKO open-data design only; no health outcomes joined."
2014-07-22,33.2,26.2,29.4,0,1,0,2014,7,22,"2014-07",203,568,"pre_covid",0,0,0,0,"REAL_PUBLIC_HKO",28,33,12,"Public HKO open-data design only; no health outcomes joined."
2014-07-23,32.9,29.2,30.6,1,0,0,2014,7,23,"2014-07",204,569,"pre_covid",1,0,0.166666666666667,0,"REAL_PUBLIC_HKO",28,33,12,"Public HKO open-data design only; no health outcomes joined."
2014-07-24,31,27.9,29.8,0,0,0,2014,7,24,"2014-07",205,570,"pre_covid",0,0,0.166666666666667,0,"REAL_PUBLIC_HKO",28,33,12,"Public HKO open-data design only; no health outcomes joined."
2014-07-25,33.5,27.3,29.9,0,1,0,2014,7,25,"2014-07",206,571,"pre_covid",0,0,0.166666666666667,0,"REAL_PUBLIC_HKO",28,33,12,"Public HKO open-data design only; no health outcomes joined."
2014-07-26,30.3,26,28.4,0,0,0,2014,7,26,"2014-07",207,572,"pre_covid",0,0,0.166666666666667,0,"REAL_PUBLIC_HKO",28,33,12,"Public HKO open-data design only; no health outcomes joined."
2014-07-27,30.6,25.9,27.9,0,0,0,2014,7,27,"2014-07",208,573,"pre_covid",0,0,0.166666666666667,0,"REAL_PUBLIC_HKO",28,33,12,"Public HKO open-data design only; no health outcomes joined."
2014-07-28,33.2,27.2,29.6,0,1,0,2014,7,28,"2014-07",209,574,"pre_covid",0,0,0.166666666666667,0,"REAL_PUBLIC_HKO",28,33,12,"Public HKO open-data design only; no health outcomes joined."
2014-07-29,34.2,27.5,30,0,1,0,2014,7,29,"2014-07",210,575,"pre_covid",0,0,0,0,"REAL_PUBLIC_HKO",28,33,12,"Public HKO open-data design only; no health outcomes joined."
2014-07-30,33.6,28.1,30.4,1,1,0,2014,7,30,"2014-07",211,576,"pre_covid",1,0,0.166666666666667,0,"REAL_PUBLIC_HKO",28,33,12,"Public HKO open-data design only; no health outcomes joined."
2014-07-31,33.6,28.7,30.8,1,1,0,2014,7,31,"2014-07",212,577,"pre_covid",1,0,0.333333333333333,0,"REAL_PUBLIC_HKO",28,33,12,"Public HKO open-data design only; no health outcomes joined."
2014-08-01,34.6,25.9,30.2,0,1,0,2014,8,1,"2014-08",213,578,"pre_covid",0,0,0.333333333333333,0,"REAL_PUBLIC_HKO",28,33,12,"Public HKO open-data design only; no health outcomes joined."
2014-08-02,32.8,26.1,29.7,0,0,0,2014,8,2,"2014-08",214,579,"pre_covid",0,0,0.333333333333333,0,"REAL_PUBLIC_HKO",28,33,12,"Public HKO open-data design only; no health outcomes joined."
2014-08-03,32.3,26.1,29.3,0,0,0,2014,8,3,"2014-08",215,580,"pre_covid",0,0,0.333333333333333,0,"REAL_PUBLIC_HKO",28,33,12,"Public HKO open-data design only; no health outcomes joined."
2014-08-04,32.7,27.2,30.2,0,0,0,2014,8,4,"2014-08",216,581,"pre_covid",0,0,0.333333333333333,0,"REAL_PUBLIC_HKO",28,33,12,"Public HKO open-data design only; no health outcomes joined."
2014-08-05,30.7,27.3,29.2,0,0,0,2014,8,5,"2014-08",217,582,"pre_covid",0,0,0.166666666666667,0,"REAL_PUBLIC_HKO",28,33,12,"Public HKO open-data design only; no health outcomes joined."
2014-08-06,31.1,26.1,28.1,0,0,0,2014,8,6,"2014-08",218,583,"pre_covid",0,0,0,0,"REAL_PUBLIC_HKO",28,33,12,"Public HKO open-data design only; no health outcomes joined."
2014-08-07,31,26.7,29,0,0,0,2014,8,7,"2014-08",219,584,"pre_covid",0,0,0,0,"REAL_PUBLIC_HKO",28,33,12,"Public HKO open-data design only; no health outcomes joined."
2014-08-08,32.3,28.1,29.9,1,0,0,2014,8,8,"2014-08",220,585,"pre_covid",1,0,0.166666666666667,0,"REAL_PUBLIC_HKO",28,33,12,"Public HKO open-data design only; no health outcomes joined."
2014-08-09,32,28.8,30.1,1,0,0,2014,8,9,"2014-08",221,586,"pre_covid",1,0,0.333333333333333,0,"REAL_PUBLIC_HKO",28,33,12,"Public HKO open-data design only; no health outcomes joined."
2014-08-10,32.4,27.5,29.8,0,0,0,2014,8,10,"2014-08",222,587,"pre_covid",0,0,0.333333333333333,0,"REAL_PUBLIC_HKO",28,33,12,"Public HKO open-data design only; no health outcomes joined."
2014-08-11,32.1,28.5,29.9,1,0,0,2014,8,11,"2014-08",223,588,"pre_covid",1,0,0.5,0,"REAL_PUBLIC_HKO",28,33,12,"Public HKO open-data design only; no health outcomes joined."
2014-08-12,31.9,25.2,28.9,0,0,0,2014,8,12,"2014-08",224,589,"pre_covid",0,0,0.5,0,"REAL_PUBLIC_HKO",28,33,12,"Public HKO open-data design only; no health outcomes joined."
2014-08-13,28.8,24.3,26,0,0,0,2014,8,13,"2014-08",225,590,"pre_covid",0,0,0.5,0,"REAL_PUBLIC_HKO",28,33,12,"Public HKO open-data design only; no health outcomes joined."
2014-08-14,30.7,25.4,28.1,0,0,0,2014,8,14,"2014-08",226,591,"pre_covid",0,0,0.333333333333333,0,"REAL_PUBLIC_HKO",28,33,12,"Public HKO open-data design only; no health outcomes joined."
2014-08-15,32.4,26.7,29.2,0,0,0,2014,8,15,"2014-08",227,592,"pre_covid",0,0,0.166666666666667,0,"REAL_PUBLIC_HKO",28,33,12,"Public HKO open-data design only; no health outcomes joined."
2014-08-16,31.9,27.9,29.3,0,0,0,2014,8,16,"2014-08",228,593,"pre_covid",0,0,0.166666666666667,0,"REAL_PUBLIC_HKO",28,33,12,"Public HKO open-data design only; no health outcomes joined."
2014-08-17,31.9,27.3,29.3,0,0,0,2014,8,17,"2014-08",229,594,"pre_covid",0,0,0,0,"REAL_PUBLIC_HKO",28,33,12,"Public HKO open-data design only; no health outcomes joined."
2014-08-18,32.4,27.7,29.6,0,0,0,2014,8,18,"2014-08",230,595,"pre_covid",0,0,0,0,"REAL_PUBLIC_HKO",28,33,12,"Public HKO open-data design only; no health outcomes joined."
2014-08-19,31.3,24.6,27.4,0,0,0,2014,8,19,"2014-08",231,596,"pre_covid",0,0,0,0,"REAL_PUBLIC_HKO",28,33,12,"Public HKO open-data design only; no health outcomes joined."
2014-08-20,26.5,22.9,24.7,0,0,0,2014,8,20,"2014-08",232,597,"pre_covid",0,0,0,0,"REAL_PUBLIC_HKO",28,33,12,"Public HKO open-data design only; no health outcomes joined."
2014-08-21,30.7,23.9,26.9,0,0,0,2014,8,21,"2014-08",233,598,"pre_covid",0,0,0,0,"REAL_PUBLIC_HKO",28,33,12,"Public HKO open-data design only; no health outcomes joined."
2014-08-22,31.9,26.6,28.5,0,0,0,2014,8,22,"2014-08",234,599,"pre_covid",0,0,0,0,"REAL_PUBLIC_HKO",28,33,12,"Public HKO open-data design only; no health outcomes joined."
2014-08-23,32.2,27.2,29.1,0,0,0,2014,8,23,"2014-08",235,600,"pre_covid",0,0,0,0,"REAL_PUBLIC_HKO",28,33,12,"Public HKO open-data design only; no health outcomes joined."
2014-08-24,33.2,26.9,29.1,0,1,0,2014,8,24,"2014-08",236,601,"pre_covid",0,0,0,0,"REAL_PUBLIC_HKO",28,33,12,"Public HKO open-data design only; no health outcomes joined."
2014-08-25,34.1,27.3,29.9,0,1,0,2014,8,25,"2014-08",237,602,"pre_covid",0,0,0,0,"REAL_PUBLIC_HKO",28,33,12,"Public HKO open-data design only; no health outcomes joined."
2014-08-26,34.2,27.9,30.1,0,1,0,2014,8,26,"2014-08",238,603,"pre_covid",0,0,0,0,"REAL_PUBLIC_HKO",28,33,12,"Public HKO open-data design only; no health outcomes joined."
2014-08-27,31.7,28.2,29.4,1,0,0,2014,8,27,"2014-08",239,604,"pre_covid",1,0,0.166666666666667,0,"REAL_PUBLIC_HKO",28,33,12,"Public HKO open-data design only; no health outcomes joined."
2014-08-28,32.1,28.1,29.5,1,0,0,2014,8,28,"2014-08",240,605,"pre_covid",1,0,0.333333333333333,0,"REAL_PUBLIC_HKO",28,33,12,"Public HKO open-data design only; no health outcomes joined."
2014-08-29,34.1,27.5,30.1,0,1,0,2014,8,29,"2014-08",241,606,"pre_covid",0,0,0.333333333333333,0,"REAL_PUBLIC_HKO",28,33,12,"Public HKO open-data design only; no health outcomes joined."
2014-08-30,34,27.8,30.1,0,1,0,2014,8,30,"2014-08",242,607,"pre_covid",0,0,0.333333333333333,0,"REAL_PUBLIC_HKO",28,33,12,"Public HKO open-data design only; no health outcomes joined."
2014-08-31,31.2,28.2,29.1,1,0,0,2014,8,31,"2014-08",243,608,"pre_covid",1,0,0.5,0,"REAL_PUBLIC_HKO",28,33,12,"Public HKO open-data design only; no health outcomes joined."
2014-09-01,32.7,27.1,29.5,0,0,0,2014,9,1,"2014-09",244,609,"pre_covid",0,0,0.5,0,"REAL_PUBLIC_HKO",28,33,12,"Public HKO open-data design only; no health outcomes joined."
2014-09-02,32.2,27.4,29.4,0,0,0,2014,9,2,"2014-09",245,610,"pre_covid",0,0,0.333333333333333,0,"REAL_PUBLIC_HKO",28,33,12,"Public HKO open-data design only; no health outcomes joined."
2014-09-03,32.8,27.6,29.8,0,0,0,2014,9,3,"2014-09",246,611,"pre_covid",0,0,0.166666666666667,0,"REAL_PUBLIC_HKO",28,33,12,"Public HKO open-data design only; no health outcomes joined."
2014-09-04,31.6,27.4,29.2,0,0,0,2014,9,4,"2014-09",247,612,"pre_covid",0,0,0.166666666666667,0,"REAL_PUBLIC_HKO",28,33,12,"Public HKO open-data design only; no health outcomes joined."
2014-09-05,32.7,27.9,29.7,0,0,0,2014,9,5,"2014-09",248,613,"pre_covid",0,0,0.166666666666667,0,"REAL_PUBLIC_HKO",28,33,12,"Public HKO open-data design only; no health outcomes joined."
2014-09-06,33.6,27.7,29.9,0,1,0,2014,9,6,"2014-09",249,614,"pre_covid",0,0,0,0,"REAL_PUBLIC_HKO",28,33,12,"Public HKO open-data design only; no health outcomes joined."
2014-09-07,32.9,28.3,29.8,1,0,0,2014,9,7,"2014-09",250,615,"pre_covid",1,0,0.166666666666667,0,"REAL_PUBLIC_HKO",28,33,12,"Public HKO open-data design only; no health outcomes joined."
2014-09-08,31,27.5,29.1,0,0,0,2014,9,8,"2014-09",251,616,"pre_covid",0,0,0.166666666666667,0,"REAL_PUBLIC_HKO",28,33,12,"Public HKO open-data design only; no health outcomes joined."
2014-09-09,32.5,28,29.7,1,0,0,2014,9,9,"2014-09",252,617,"pre_covid",1,0,0.333333333333333,0,"REAL_PUBLIC_HKO",28,33,12,"Public HKO open-data design only; no health outcomes joined."
2014-09-10,33.9,28.1,30,1,1,0,2014,9,10,"2014-09",253,618,"pre_covid",1,0,0.5,0,"REAL_PUBLIC_HKO",28,33,12,"Public HKO open-data design only; no health outcomes joined."
2014-09-11,34.1,28.1,30.3,1,1,0,2014,9,11,"2014-09",254,619,"pre_covid",1,0,0.666666666666667,0,"REAL_PUBLIC_HKO",28,33,12,"Public HKO open-data design only; no health outcomes joined."
2014-09-12,31.6,26.1,28,0,0,0,2014,9,12,"2014-09",255,620,"pre_covid",0,0,0.666666666666667,0,"REAL_PUBLIC_HKO",28,33,12,"Public HKO open-data design only; no health outcomes joined."
2014-09-13,32.1,26.9,29,0,0,0,2014,9,13,"2014-09",256,621,"pre_covid",0,0,0.5,0,"REAL_PUBLIC_HKO",28,33,12,"Public HKO open-data design only; no health outcomes joined."
2014-09-14,33.4,27.6,29.8,0,1,0,2014,9,14,"2014-09",257,622,"pre_covid",0,0,0.5,0,"REAL_PUBLIC_HKO",28,33,12,"Public HKO open-data design only; no health outcomes joined."
2014-09-15,33.2,26.4,29.2,0,1,0,2014,9,15,"2014-09",258,623,"pre_covid",0,0,0.333333333333333,0,"REAL_PUBLIC_HKO",28,33,12,"Public HKO open-data design only; no health outcomes joined."
2014-09-16,28.8,26.2,27.3,0,0,0,2014,9,16,"2014-09",259,624,"pre_covid",0,0,0.166666666666667,0,"REAL_PUBLIC_HKO",28,33,12,"Public HKO open-data design only; no health outcomes joined."
2014-09-17,30.5,26.6,28.1,0,0,0,2014,9,17,"2014-09",260,625,"pre_covid",0,0,0,0,"REAL_PUBLIC_HKO",28,33,12,"Public HKO open-data design only; no health outcomes joined."
2014-09-18,32.5,26.9,29.1,0,0,0,2014,9,18,"2014-09",261,626,"pre_covid",0,0,0,0,"REAL_PUBLIC_HKO",28,33,12,"Public HKO open-data design only; no health outcomes joined."
2014-09-19,32.2,27.4,29.9,0,0,0,2014,9,19,"2014-09",262,627,"pre_covid",0,0,0,0,"REAL_PUBLIC_HKO",28,33,12,"Public HKO open-data design only; no health outcomes joined."
2014-09-20,33,26.7,29.2,0,1,0,2014,9,20,"2014-09",263,628,"pre_covid",0,0,0,0,"REAL_PUBLIC_HKO",28,33,12,"Public HKO open-data design only; no health outcomes joined."
2014-09-21,29.9,25.7,27.2,0,0,0,2014,9,21,"2014-09",264,629,"pre_covid",0,0,0,0,"REAL_PUBLIC_HKO",28,33,12,"Public HKO open-data design only; no health outcomes joined."
2014-09-22,29.6,25.2,27.2,0,0,0,2014,9,22,"2014-09",265,630,"pre_covid",0,0,0,0,"REAL_PUBLIC_HKO",28,33,12,"Public HKO open-data design only; no health outcomes joined."
2014-09-23,30.1,25.6,27.5,0,0,0,2014,9,23,"2014-09",266,631,"pre_covid",0,0,0,0,"REAL_PUBLIC_HKO",28,33,12,"Public HKO open-data design only; no health outcomes joined."
2014-09-24,29.9,26.4,28.1,0,0,0,2014,9,24,"2014-09",267,632,"pre_covid",0,0,0,0,"REAL_PUBLIC_HKO",28,33,12,"Public HKO open-data design only; no health outcomes joined."
2014-09-25,31.2,26.8,28.5,0,0,0,2014,9,25,"2014-09",268,633,"pre_covid",0,0,0,0,"REAL_PUBLIC_HKO",28,33,12,"Public HKO open-data design only; no health outcomes joined."
2014-09-26,31.4,27.2,28.4,0,0,0,2014,9,26,"2014-09",269,634,"pre_covid",0,0,0,0,"REAL_PUBLIC_HKO",28,33,12,"Public HKO open-data design only; no health outcomes joined."
2014-09-27,31.7,27,28.7,0,0,0,2014,9,27,"2014-09",270,635,"pre_covid",0,0,0,0,"REAL_PUBLIC_HKO",28,33,12,"Public HKO open-data design only; no health outcomes joined."
2014-09-28,32.8,26.7,29.1,0,0,0,2014,9,28,"2014-09",271,636,"pre_covid",0,0,0,0,"REAL_PUBLIC_HKO",28,33,12,"Public HKO open-data design only; no health outcomes joined."
2014-09-29,32.4,27.2,29.3,0,0,0,2014,9,29,"2014-09",272,637,"pre_covid",0,0,0,0,"REAL_PUBLIC_HKO",28,33,12,"Public HKO open-data design only; no health outcomes joined."
2014-09-30,33.6,27.1,29.6,0,1,0,2014,9,30,"2014-09",273,638,"pre_covid",0,0,0,0,"REAL_PUBLIC_HKO",28,33,12,"Public HKO open-data design only; no health outcomes joined."
2014-10-01,31.4,25.2,28.1,0,0,0,2014,10,1,"2014-10",274,639,"pre_covid",0,0,0,0,"REAL_PUBLIC_HKO",28,33,12,"Public HKO open-data design only; no health outcomes joined."
2014-10-02,30.8,26.6,28.5,0,0,0,2014,10,2,"2014-10",275,640,"pre_covid",0,0,0,0,"REAL_PUBLIC_HKO",28,33,12,"Public HKO open-data design only; no health outcomes joined."
2014-10-03,30,25.2,27.5,0,0,0,2014,10,3,"2014-10",276,641,"pre_covid",0,0,0,0,"REAL_PUBLIC_HKO",28,33,12,"Public HKO open-data design only; no health outcomes joined."
2014-10-04,28.9,24.9,26.5,0,0,0,2014,10,4,"2014-10",277,642,"pre_covid",0,0,0,0,"REAL_PUBLIC_HKO",28,33,12,"Public HKO open-data design only; no health outcomes joined."
2014-10-05,30.7,25.4,27.1,0,0,0,2014,10,5,"2014-10",278,643,"pre_covid",0,0,0,0,"REAL_PUBLIC_HKO",28,33,12,"Public HKO open-data design only; no health outcomes joined."
2014-10-06,29.8,24.5,26.8,0,0,0,2014,10,6,"2014-10",279,644,"pre_covid",0,0,0,0,"REAL_PUBLIC_HKO",28,33,12,"Public HKO open-data design only; no health outcomes joined."
2014-10-07,28.9,24.4,26.3,0,0,0,2014,10,7,"2014-10",280,645,"pre_covid",0,0,0,0,"REAL_PUBLIC_HKO",28,33,12,"Public HKO open-data design only; no health outcomes joined."
2014-10-08,29.1,23.9,26,0,0,0,2014,10,8,"2014-10",281,646,"pre_covid",0,0,0,0,"REAL_PUBLIC_HKO",28,33,12,"Public HKO open-data design only; no health outcomes joined."
2014-10-09,29.2,25,26.5,0,0,0,2014,10,9,"2014-10",282,647,"pre_covid",0,0,0,0,"REAL_PUBLIC_HKO",28,33,12,"Public HKO open-data design only; no health outcomes joined."
2014-10-10,30.3,24.2,27.1,0,0,0,2014,10,10,"2014-10",283,648,"pre_covid",0,0,0,0,"REAL_PUBLIC_HKO",28,33,12,"Public HKO open-data design only; no health outcomes joined."
2014-10-11,31.4,25.1,27.9,0,0,0,2014,10,11,"2014-10",284,649,"pre_covid",0,0,0,0,"REAL_PUBLIC_HKO",28,33,12,"Public HKO open-data design only; no health outcomes joined."
2014-10-12,30.9,25,27.6,0,0,0,2014,10,12,"2014-10",285,650,"pre_covid",0,0,0,0,"REAL_PUBLIC_HKO",28,33,12,"Public HKO open-data design only; no health outcomes joined."
2014-10-13,29.9,23.8,26.3,0,0,0,2014,10,13,"2014-10",286,651,"pre_covid",0,0,0,0,"REAL_PUBLIC_HKO",28,33,12,"Public HKO open-data design only; no health outcomes joined."
2014-10-14,28.7,23,25.5,0,0,0,2014,10,14,"2014-10",287,652,"pre_covid",0,0,0,0,"REAL_PUBLIC_HKO",28,33,12,"Public HKO open-data design only; no health outcomes joined."
2014-10-15,28.4,22.8,25.3,0,0,0,2014,10,15,"2014-10",288,653,"pre_covid",0,0,0,0,"REAL_PUBLIC_HKO",28,33,12,"Public HKO open-data design only; no health outcomes joined."
2014-10-16,27.6,23.9,25.4,0,0,0,2014,10,16,"2014-10",289,654,"pre_covid",0,0,0,0,"REAL_PUBLIC_HKO",28,33,12,"Public HKO open-data design only; no health outcomes joined."
2014-10-17,28,23.4,25,0,0,0,2014,10,17,"2014-10",290,655,"pre_covid",0,0,0,0,"REAL_PUBLIC_HKO",28,33,12,"Public HKO open-data design only; no health outcomes joined."
2014-10-18,28.3,23.1,25.4,0,0,0,2014,10,18,"2014-10",291,656,"pre_covid",0,0,0,0,"REAL_PUBLIC_HKO",28,33,12,"Public HKO open-data design only; no health outcomes joined."
2014-10-19,28.5,24.5,25.8,0,0,0,2014,10,19,"2014-10",292,657,"pre_covid",0,0,0,0,"REAL_PUBLIC_HKO",28,33,12,"Public HKO open-data design only; no health outcomes joined."
2014-10-20,29.4,25,26.5,0,0,0,2014,10,20,"2014-10",293,658,"pre_covid",0,0,0,0,"REAL_PUBLIC_HKO",28,33,12,"Public HKO open-data design only; no health outcomes joined."
2014-10-21,30.4,24.6,27.3,0,0,0,2014,10,21,"2014-10",294,659,"pre_covid",0,0,0,0,"REAL_PUBLIC_HKO",28,33,12,"Public HKO open-data design only; no health outcomes joined."
2014-10-22,30.6,23.4,27.3,0,0,0,2014,10,22,"2014-10",295,660,"pre_covid",0,0,0,0,"REAL_PUBLIC_HKO",28,33,12,"Public HKO open-data design only; no health outcomes joined."
2014-10-23,25.7,23.9,24.8,0,0,0,2014,10,23,"2014-10",296,661,"pre_covid",0,0,0,0,"REAL_PUBLIC_HKO",28,33,12,"Public HKO open-data design only; no health outcomes joined."
2014-10-24,26,24.2,24.8,0,0,0,2014,10,24,"2014-10",297,662,"pre_covid",0,0,0,0,"REAL_PUBLIC_HKO",28,33,12,"Public HKO open-data design only; no health outcomes joined."
2014-10-25,26,24.1,25,0,0,0,2014,10,25,"2014-10",298,663,"pre_covid",0,0,0,0,"REAL_PUBLIC_HKO",28,33,12,"Public HKO open-data design only; no health outcomes joined."
2014-10-26,28.3,24.4,25.8,0,0,0,2014,10,26,"2014-10",299,664,"pre_covid",0,0,0,0,"REAL_PUBLIC_HKO",28,33,12,"Public HKO open-data design only; no health outcomes joined."
2014-10-27,28.7,24.4,26.1,0,0,0,2014,10,27,"2014-10",300,665,"pre_covid",0,0,0,0,"REAL_PUBLIC_HKO",28,33,12,"Public HKO open-data design only; no health outcomes joined."
2014-10-28,26.8,23.7,25.1,0,0,0,2014,10,28,"2014-10",301,666,"pre_covid",0,0,0,0,"REAL_PUBLIC_HKO",28,33,12,"Public HKO open-data design only; no health outcomes joined."
2014-10-29,27.7,23.9,25.2,0,0,0,2014,10,29,"2014-10",302,667,"pre_covid",0,0,0,0,"REAL_PUBLIC_HKO",28,33,12,"Public HKO open-data design only; no health outcomes joined."
2014-10-30,27.5,24.5,25.5,0,0,0,2014,10,30,"2014-10",303,668,"pre_covid",0,0,0,0,"REAL_PUBLIC_HKO",28,33,12,"Public HKO open-data design only; no health outcomes joined."
2014-10-31,28.1,24.3,25.6,0,0,0,2014,10,31,"2014-10",304,669,"pre_covid",0,0,0,0,"REAL_PUBLIC_HKO",28,33,12,"Public HKO open-data design only; no health outcomes joined."
2014-11-01,28.6,23.9,25.6,0,0,0,2014,11,1,"2014-11",305,670,"pre_covid",0,0,0,0,"REAL_PUBLIC_HKO",28,33,12,"Public HKO open-data design only; no health outcomes joined."
2014-11-02,27.4,22.9,25.3,0,0,0,2014,11,2,"2014-11",306,671,"pre_covid",0,0,0,0,"REAL_PUBLIC_HKO",28,33,12,"Public HKO open-data design only; no health outcomes joined."
2014-11-03,22.9,21,21.7,0,0,0,2014,11,3,"2014-11",307,672,"pre_covid",0,0,0,0,"REAL_PUBLIC_HKO",28,33,12,"Public HKO open-data design only; no health outcomes joined."
2014-11-04,23.5,21.9,22.8,0,0,0,2014,11,4,"2014-11",308,673,"pre_covid",0,0,0,0,"REAL_PUBLIC_HKO",28,33,12,"Public HKO open-data design only; no health outcomes joined."
2014-11-05,25.2,23,23.9,0,0,0,2014,11,5,"2014-11",309,674,"pre_covid",0,0,0,0,"REAL_PUBLIC_HKO",28,33,12,"Public HKO open-data design only; no health outcomes joined."
2014-11-06,26.5,22.7,24.1,0,0,0,2014,11,6,"2014-11",310,675,"pre_covid",0,0,0,0,"REAL_PUBLIC_HKO",28,33,12,"Public HKO open-data design only; no health outcomes joined."
2014-11-07,24,22.1,22.9,0,0,0,2014,11,7,"2014-11",311,676,"pre_covid",0,0,0,0,"REAL_PUBLIC_HKO",28,33,12,"Public HKO open-data design only; no health outcomes joined."
2014-11-08,22.1,19.3,20.5,0,0,0,2014,11,8,"2014-11",312,677,"pre_covid",0,0,0,0,"REAL_PUBLIC_HKO",28,33,12,"Public HKO open-data design only; no health outcomes joined."
2014-11-09,23.9,20.2,22.2,0,0,0,2014,11,9,"2014-11",313,678,"pre_covid",0,0,0,0,"REAL_PUBLIC_HKO",28,33,12,"Public HKO open-data design only; no health outcomes joined."
2014-11-10,24.7,22.6,23.3,0,0,0,2014,11,10,"2014-11",314,679,"pre_covid",0,0,0,0,"REAL_PUBLIC_HKO",28,33,12,"Public HKO open-data design only; no health outcomes joined."
2014-11-11,25,22.8,23.6,0,0,0,2014,11,11,"2014-11",315,680,"pre_covid",0,0,0,0,"REAL_PUBLIC_HKO",28,33,12,"Public HKO open-data design only; no health outcomes joined."
2014-11-12,24.3,20,22.6,0,0,0,2014,11,12,"2014-11",316,681,"pre_covid",0,0,0,0,"REAL_PUBLIC_HKO",28,33,12,"Public HKO open-data design only; no health outcomes joined."
2014-11-13,21.3,18.6,19.8,0,0,0,2014,11,13,"2014-11",317,682,"pre_covid",0,0,0,0,"REAL_PUBLIC_HKO",28,33,12,"Public HKO open-data design only; no health outcomes joined."
2014-11-14,23,18.9,20.9,0,0,0,2014,11,14,"2014-11",318,683,"pre_covid",0,0,0,0,"REAL_PUBLIC_HKO",28,33,12,"Public HKO open-data design only; no health outcomes joined."
2014-11-15,24.1,20,21.9,0,0,0,2014,11,15,"2014-11",319,684,"pre_covid",0,0,0,0,"REAL_PUBLIC_HKO",28,33,12,"Public HKO open-data design only; no health outcomes joined."
2014-11-16,25.8,20.3,22.6,0,0,0,2014,11,16,"2014-11",320,685,"pre_covid",0,0,0,0,"REAL_PUBLIC_HKO",28,33,12,"Public HKO open-data design only; no health outcomes joined."
2014-11-17,24.3,19.2,21.1,0,0,0,2014,11,17,"2014-11",321,686,"pre_covid",0,0,0,0,"REAL_PUBLIC_HKO",28,33,12,"Public HKO open-data design only; no health outcomes joined."
2014-11-18,23.5,18.1,20.7,0,0,0,2014,11,18,"2014-11",322,687,"pre_covid",0,0,0,0,"REAL_PUBLIC_HKO",28,33,12,"Public HKO open-data design only; no health outcomes joined."
2014-11-19,23.7,19.1,21.2,0,0,0,2014,11,19,"2014-11",323,688,"pre_covid",0,0,0,0,"REAL_PUBLIC_HKO",28,33,12,"Public HKO open-data design only; no health outcomes joined."
2014-11-20,23.4,20.2,21.5,0,0,0,2014,11,20,"2014-11",324,689,"pre_covid",0,0,0,0,"REAL_PUBLIC_HKO",28,33,12,"Public HKO open-data design only; no health outcomes joined."
2014-11-21,24.5,20.5,22.1,0,0,0,2014,11,21,"2014-11",325,690,"pre_covid",0,0,0,0,"REAL_PUBLIC_HKO",28,33,12,"Public HKO open-data design only; no health outcomes joined."
2014-11-22,24.6,20.7,22.4,0,0,0,2014,11,22,"2014-11",326,691,"pre_covid",0,0,0,0,"REAL_PUBLIC_HKO",28,33,12,"Public HKO open-data design only; no health outcomes joined."
2014-11-23,24.9,21.8,22.8,0,0,0,2014,11,23,"2014-11",327,692,"pre_covid",0,0,0,0,"REAL_PUBLIC_HKO",28,33,12,"Public HKO open-data design only; no health outcomes joined."
2014-11-24,25.7,21.6,23.4,0,0,0,2014,11,24,"2014-11",328,693,"pre_covid",0,0,0,0,"REAL_PUBLIC_HKO",28,33,12,"Public HKO open-data design only; no health outcomes joined."
2014-11-25,26.9,21.9,24,0,0,0,2014,11,25,"2014-11",329,694,"pre_covid",0,0,0,0,"REAL_PUBLIC_HKO",28,33,12,"Public HKO open-data design only; no health outcomes joined."
2014-11-26,24.8,22.5,23.4,0,0,0,2014,11,26,"2014-11",330,695,"pre_covid",0,0,0,0,"REAL_PUBLIC_HKO",28,33,12,"Public HKO open-data design only; no health outcomes joined."
2014-11-27,23,21.4,22.2,0,0,0,2014,11,27,"2014-11",331,696,"pre_covid",0,0,0,0,"REAL_PUBLIC_HKO",28,33,12,"Public HKO open-data design only; no health outcomes joined."
2014-11-28,25,21.9,23.3,0,0,0,2014,11,28,"2014-11",332,697,"pre_covid",0,0,0,0,"REAL_PUBLIC_HKO",28,33,12,"Public HKO open-data design only; no health outcomes joined."
2014-11-29,24.2,23.1,23.5,0,0,0,2014,11,29,"2014-11",333,698,"pre_covid",0,0,0,0,"REAL_PUBLIC_HKO",28,33,12,"Public HKO open-data design only; no health outcomes joined."
2014-11-30,26,22.9,24,0,0,0,2014,11,30,"2014-11",334,699,"pre_covid",0,0,0,0,"REAL_PUBLIC_HKO",28,33,12,"Public HKO open-data design only; no health outcomes joined."
2014-12-01,23.9,15.5,19.7,0,0,0,2014,12,1,"2014-12",335,700,"pre_covid",0,0,0,0,"REAL_PUBLIC_HKO",28,33,12,"Public HKO open-data design only; no health outcomes joined."
2014-12-02,17.6,14.5,16.4,0,0,0,2014,12,2,"2014-12",336,701,"pre_covid",0,0,0,0,"REAL_PUBLIC_HKO",28,33,12,"Public HKO open-data design only; no health outcomes joined."
2014-12-03,19.3,16.7,18.3,0,0,0,2014,12,3,"2014-12",337,702,"pre_covid",0,0,0,0,"REAL_PUBLIC_HKO",28,33,12,"Public HKO open-data design only; no health outcomes joined."
2014-12-04,18.7,13.5,14.8,0,0,0,2014,12,4,"2014-12",338,703,"pre_covid",0,0,0,0,"REAL_PUBLIC_HKO",28,33,12,"Public HKO open-data design only; no health outcomes joined."
2014-12-05,16.8,12.9,15.1,0,0,0,2014,12,5,"2014-12",339,704,"pre_covid",0,0,0,0,"REAL_PUBLIC_HKO",28,33,12,"Public HKO open-data design only; no health outcomes joined."
2014-12-06,18.8,15.9,17.6,0,0,0,2014,12,6,"2014-12",340,705,"pre_covid",0,0,0,0,"REAL_PUBLIC_HKO",28,33,12,"Public HKO open-data design only; no health outcomes joined."
2014-12-07,18.7,17,17.8,0,0,0,2014,12,7,"2014-12",341,706,"pre_covid",0,0,0,0,"REAL_PUBLIC_HKO",28,33,12,"Public HKO open-data design only; no health outcomes joined."
2014-12-08,20.7,15.7,18.3,0,0,0,2014,12,8,"2014-12",342,707,"pre_covid",0,0,0,0,"REAL_PUBLIC_HKO",28,33,12,"Public HKO open-data design only; no health outcomes joined."
2014-12-09,20.8,17.6,19.4,0,0,0,2014,12,9,"2014-12",343,708,"pre_covid",0,0,0,0,"REAL_PUBLIC_HKO",28,33,12,"Public HKO open-data design only; no health outcomes joined."
2014-12-10,21,17.9,19.6,0,0,0,2014,12,10,"2014-12",344,709,"pre_covid",0,0,0,0,"REAL_PUBLIC_HKO",28,33,12,"Public HKO open-data design only; no health outcomes joined."
2014-12-11,21.5,17.7,19.5,0,0,0,2014,12,11,"2014-12",345,710,"pre_covid",0,0,0,0,"REAL_PUBLIC_HKO",28,33,12,"Public HKO open-data design only; no health outcomes joined."
2014-12-12,17.7,14.4,15.5,0,0,0,2014,12,12,"2014-12",346,711,"pre_covid",0,0,0,0,"REAL_PUBLIC_HKO",28,33,12,"Public HKO open-data design only; no health outcomes joined."
2014-12-13,17.6,12.1,14.6,0,0,0,2014,12,13,"2014-12",347,712,"pre_covid",0,0,0,0,"REAL_PUBLIC_HKO",28,33,12,"Public HKO open-data design only; no health outcomes joined."
2014-12-14,18.9,13.3,16,0,0,0,2014,12,14,"2014-12",348,713,"pre_covid",0,0,0,0,"REAL_PUBLIC_HKO",28,33,12,"Public HKO open-data design only; no health outcomes joined."
2014-12-15,20.1,17,18.6,0,0,0,2014,12,15,"2014-12",349,714,"pre_covid",0,0,0,0,"REAL_PUBLIC_HKO",28,33,12,"Public HKO open-data design only; no health outcomes joined."
2014-12-16,19,13.9,16.8,0,0,0,2014,12,16,"2014-12",350,715,"pre_covid",0,0,0,0,"REAL_PUBLIC_HKO",28,33,12,"Public HKO open-data design only; no health outcomes joined."
2014-12-17,15.2,10.8,13.3,0,0,1,2014,12,17,"2014-12",351,716,"pre_covid",0,1,0,0.0454545454545455,"REAL_PUBLIC_HKO",28,33,12,"Public HKO open-data design only; no health outcomes joined."
2014-12-18,15.8,11.9,14,0,0,1,2014,12,18,"2014-12",352,717,"pre_covid",0,1,0,0.0909090909090909,"REAL_PUBLIC_HKO",28,33,12,"Public HKO open-data design only; no health outcomes joined."
2014-12-19,14.7,10.7,13,0,0,1,2014,12,19,"2014-12",353,718,"pre_covid",0,1,0,0.136363636363636,"REAL_PUBLIC_HKO",28,33,12,"Public HKO open-data design only; no health outcomes joined."
2014-12-20,17.7,10.8,14.7,0,0,1,2014,12,20,"2014-12",354,719,"pre_covid",0,1,0,0.181818181818182,"REAL_PUBLIC_HKO",28,33,12,"Public HKO open-data design only; no health outcomes joined."
2014-12-21,18.8,13.5,16.3,0,0,0,2014,12,21,"2014-12",355,720,"pre_covid",0,0,0,0.181818181818182,"REAL_PUBLIC_HKO",28,33,12,"Public HKO open-data design only; no health outcomes joined."
2014-12-22,15.5,10.9,13.6,0,0,1,2014,12,22,"2014-12",356,721,"pre_covid",0,1,0,0.227272727272727,"REAL_PUBLIC_HKO",28,33,12,"Public HKO open-data design only; no health outcomes joined."
2014-12-23,16.3,14.5,15.4,0,0,0,2014,12,23,"2014-12",357,722,"pre_covid",0,0,0,0.227272727272727,"REAL_PUBLIC_HKO",28,33,12,"Public HKO open-data design only; no health outcomes joined."
2014-12-24,21.4,15.8,18.7,0,0,0,2014,12,24,"2014-12",358,723,"pre_covid",0,0,0,0.227272727272727,"REAL_PUBLIC_HKO",28,33,12,"Public HKO open-data design only; no health outcomes joined."
2014-12-25,19.1,15.3,16.9,0,0,0,2014,12,25,"2014-12",359,724,"pre_covid",0,0,0,0.227272727272727,"REAL_PUBLIC_HKO",28,33,12,"Public HKO open-data design only; no health outcomes joined."
2014-12-26,17,15,16.2,0,0,0,2014,12,26,"2014-12",360,725,"pre_covid",0,0,0,0.227272727272727,"REAL_PUBLIC_HKO",28,33,12,"Public HKO open-data design only; no health outcomes joined."
2014-12-27,17.7,15.3,16.6,0,0,0,2014,12,27,"2014-12",361,726,"pre_covid",0,0,0,0.227272727272727,"REAL_PUBLIC_HKO",28,33,12,"Public HKO open-data design only; no health outcomes joined."
2014-12-28,16.1,12.3,14.5,0,0,0,2014,12,28,"2014-12",362,727,"pre_covid",0,0,0,0.227272727272727,"REAL_PUBLIC_HKO",28,33,12,"Public HKO open-data design only; no health outcomes joined."
2014-12-29,17.9,11,14,0,0,1,2014,12,29,"2014-12",363,728,"pre_covid",0,1,0,0.272727272727273,"REAL_PUBLIC_HKO",28,33,12,"Public HKO open-data design only; no health outcomes joined."
2014-12-30,18.4,12.8,14.9,0,0,0,2014,12,30,"2014-12",364,729,"pre_covid",0,0,0,0.272727272727273,"REAL_PUBLIC_HKO",28,33,12,"Public HKO open-data design only; no health outcomes joined."
2014-12-31,20.4,13.2,16.4,0,0,0,2014,12,31,"2014-12",365,730,"pre_covid",0,0,0,0.272727272727273,"REAL_PUBLIC_HKO",28,33,12,"Public HKO open-data design only; no health outcomes joined."
2015-01-01,19.2,13.7,16,0,0,0,2015,1,1,"2015-01",1,731,"pre_covid",0,0,0,0.272727272727273,"REAL_PUBLIC_HKO",28,33,12,"Public HKO open-data design only; no health outcomes joined."
2015-01-02,17.1,13.1,15.2,0,0,0,2015,1,2,"2015-01",2,732,"pre_covid",0,0,0,0.272727272727273,"REAL_PUBLIC_HKO",28,33,12,"Public HKO open-data design only; no health outcomes joined."
2015-01-03,17.9,13.2,15.5,0,0,0,2015,1,3,"2015-01",3,733,"pre_covid",0,0,0,0.272727272727273,"REAL_PUBLIC_HKO",28,33,12,"Public HKO open-data design only; no health outcomes joined."
2015-01-04,19.6,15.2,17.3,0,0,0,2015,1,4,"2015-01",4,734,"pre_covid",0,0,0,0.272727272727273,"REAL_PUBLIC_HKO",28,33,12,"Public HKO open-data design only; no health outcomes joined."
2015-01-05,20.7,18.1,19,0,0,0,2015,1,5,"2015-01",5,735,"pre_covid",0,0,0,0.272727272727273,"REAL_PUBLIC_HKO",28,33,12,"Public HKO open-data design only; no health outcomes joined."
2015-01-06,23.9,18.2,20.2,0,0,0,2015,1,6,"2015-01",6,736,"pre_covid",0,0,0,0.272727272727273,"REAL_PUBLIC_HKO",28,33,12,"Public HKO open-data design only; no health outcomes joined."
2015-01-07,19.2,16.2,18.1,0,0,0,2015,1,7,"2015-01",7,737,"pre_covid",0,0,0,0.272727272727273,"REAL_PUBLIC_HKO",28,33,12,"Public HKO open-data design only; no health outcomes joined."
2015-01-08,18,13.6,15.7,0,0,0,2015,1,8,"2015-01",8,738,"pre_covid",0,0,0,0.227272727272727,"REAL_PUBLIC_HKO",28,33,12,"Public HKO open-data design only; no health outcomes joined."
2015-01-09,17.5,14.1,15.5,0,0,0,2015,1,9,"2015-01",9,739,"pre_covid",0,0,0,0.181818181818182,"REAL_PUBLIC_HKO",28,33,12,"Public HKO open-data design only; no health outcomes joined."
2015-01-10,19.2,13.9,16.3,0,0,0,2015,1,10,"2015-01",10,740,"pre_covid",0,0,0,0.136363636363636,"REAL_PUBLIC_HKO",28,33,12,"Public HKO open-data design only; no health outcomes joined."
2015-01-11,19.6,14.9,16.9,0,0,0,2015,1,11,"2015-01",11,741,"pre_covid",0,0,0,0.0909090909090909,"REAL_PUBLIC_HKO",28,33,12,"Public HKO open-data design only; no health outcomes joined."
2015-01-12,17.1,12,14.1,0,0,1,2015,1,12,"2015-01",12,742,"pre_covid",0,1,0,0.136363636363636,"REAL_PUBLIC_HKO",28,33,12,"Public HKO open-data design only; no health outcomes joined."
2015-01-13,13.9,11.7,12.6,0,0,1,2015,1,13,"2015-01",13,743,"pre_covid",0,1,0,0.136363636363636,"REAL_PUBLIC_HKO",28,33,12,"Public HKO open-data design only; no health outcomes joined."
2015-01-14,17.5,10.3,13.7,0,0,1,2015,1,14,"2015-01",14,744,"pre_covid",0,1,0,0.181818181818182,"REAL_PUBLIC_HKO",28,33,12,"Public HKO open-data design only; no health outcomes joined."
2015-01-15,17.6,11.4,14.5,0,0,1,2015,1,15,"2015-01",15,745,"pre_covid",0,1,0,0.227272727272727,"REAL_PUBLIC_HKO",28,33,12,"Public HKO open-data design only; no health outcomes joined."
2015-01-16,20.2,14.5,16.7,0,0,0,2015,1,16,"2015-01",16,746,"pre_covid",0,0,0,0.227272727272727,"REAL_PUBLIC_HKO",28,33,12,"Public HKO open-data design only; no health outcomes joined."
2015-01-17,17.7,13.5,15.7,0,0,0,2015,1,17,"2015-01",17,747,"pre_covid",0,0,0,0.227272727272727,"REAL_PUBLIC_HKO",28,33,12,"Public HKO open-data design only; no health outcomes joined."
2015-01-18,19.2,13.9,16.2,0,0,0,2015,1,18,"2015-01",18,748,"pre_covid",0,0,0,0.227272727272727,"REAL_PUBLIC_HKO",28,33,12,"Public HKO open-data design only; no health outcomes joined."
2015-01-19,19.3,13,15.8,0,0,0,2015,1,19,"2015-01",19,749,"pre_covid",0,0,0,0.227272727272727,"REAL_PUBLIC_HKO",28,33,12,"Public HKO open-data design only; no health outcomes joined."
2015-01-20,18.5,14.2,15.9,0,0,0,2015,1,20,"2015-01",20,750,"pre_covid",0,0,0,0.181818181818182,"REAL_PUBLIC_HKO",28,33,12,"Public HKO open-data design only; no health outcomes joined."
2015-01-21,20.4,14.2,17.2,0,0,0,2015,1,21,"2015-01",21,751,"pre_covid",0,0,0,0.181818181818182,"REAL_PUBLIC_HKO",28,33,12,"Public HKO open-data design only; no health outcomes joined."
2015-01-22,20.7,15.3,17.4,0,0,0,2015,1,22,"2015-01",22,752,"pre_covid",0,0,0,0.181818181818182,"REAL_PUBLIC_HKO",28,33,12,"Public HKO open-data design only; no health outcomes joined."
2015-01-23,19.3,14.4,16.3,0,0,0,2015,1,23,"2015-01",23,753,"pre_covid",0,0,0,0.181818181818182,"REAL_PUBLIC_HKO",28,33,12,"Public HKO open-data design only; no health outcomes joined."
2015-01-24,18.5,15.8,17,0,0,0,2015,1,24,"2015-01",24,754,"pre_covid",0,0,0,0.181818181818182,"REAL_PUBLIC_HKO",28,33,12,"Public HKO open-data design only; no health outcomes joined."
2015-01-25,19.7,16.6,18.2,0,0,0,2015,1,25,"2015-01",25,755,"pre_covid",0,0,0,0.181818181818182,"REAL_PUBLIC_HKO",28,33,12,"Public HKO open-data design only; no health outcomes joined."
2015-01-26,21.5,16.6,18.6,0,0,0,2015,1,26,"2015-01",26,756,"pre_covid",0,0,0,0.181818181818182,"REAL_PUBLIC_HKO",28,33,12,"Public HKO open-data design only; no health outcomes joined."
2015-01-27,19.8,17.2,18.3,0,0,0,2015,1,27,"2015-01",27,757,"pre_covid",0,0,0,0.181818181818182,"REAL_PUBLIC_HKO",28,33,12,"Public HKO open-data design only; no health outcomes joined."
2015-01-28,18.5,16.1,16.9,0,0,0,2015,1,28,"2015-01",28,758,"pre_covid",0,0,0,0.181818181818182,"REAL_PUBLIC_HKO",28,33,12,"Public HKO open-data design only; no health outcomes joined."
2015-01-29,19.5,14.9,16.8,0,0,0,2015,1,29,"2015-01",29,759,"pre_covid",0,0,0,0.181818181818182,"REAL_PUBLIC_HKO",28,33,12,"Public HKO open-data design only; no health outcomes joined."
2015-01-30,19.6,15.5,16.8,0,0,0,2015,1,30,"2015-01",30,760,"pre_covid",0,0,0,0.181818181818182,"REAL_PUBLIC_HKO",28,33,12,"Public HKO open-data design only; no health outcomes joined."
2015-01-31,16.5,14.7,15.5,0,0,0,2015,1,31,"2015-01",31,761,"pre_covid",0,0,0,0.181818181818182,"REAL_PUBLIC_HKO",28,33,12,"Public HKO open-data design only; no health outcomes joined."
2015-02-01,17.2,14.2,15.3,0,0,0,2015,2,1,"2015-02",32,762,"pre_covid",0,0,0,0.181818181818182,"REAL_PUBLIC_HKO",28,33,12,"Public HKO open-data design only; no health outcomes joined."
2015-02-02,19.1,14.7,16.3,0,0,0,2015,2,2,"2015-02",33,763,"pre_covid",0,0,0,0.181818181818182,"REAL_PUBLIC_HKO",28,33,12,"Public HKO open-data design only; no health outcomes joined."
2015-02-03,19.8,15.5,17.1,0,0,0,2015,2,3,"2015-02",34,764,"pre_covid",0,0,0,0.136363636363636,"REAL_PUBLIC_HKO",28,33,12,"Public HKO open-data design only; no health outcomes joined."
2015-02-04,17.9,14.2,16.2,0,0,0,2015,2,4,"2015-02",35,765,"pre_covid",0,0,0,0.0909090909090909,"REAL_PUBLIC_HKO",28,33,12,"Public HKO open-data design only; no health outcomes joined."
2015-02-05,16.5,12.5,14,0,0,0,2015,2,5,"2015-02",36,766,"pre_covid",0,0,0,0.0454545454545455,"REAL_PUBLIC_HKO",28,33,12,"Public HKO open-data design only; no health outcomes joined."
2015-02-06,15.7,11,13.4,0,0,1,2015,2,6,"2015-02",37,767,"pre_covid",0,1,0,0.0454545454545455,"REAL_PUBLIC_HKO",28,33,12,"Public HKO open-data design only; no health outcomes joined."
2015-02-07,18.4,14.4,16,0,0,0,2015,2,7,"2015-02",38,768,"pre_covid",0,0,0,0.0454545454545455,"REAL_PUBLIC_HKO",28,33,12,"Public HKO open-data design only; no health outcomes joined."
2015-02-08,19.5,13.9,16.2,0,0,0,2015,2,8,"2015-02",39,769,"pre_covid",0,0,0,0.0454545454545455,"REAL_PUBLIC_HKO",28,33,12,"Public HKO open-data design only; no health outcomes joined."
2015-02-09,17.2,13.7,14.9,0,0,0,2015,2,9,"2015-02",40,770,"pre_covid",0,0,0,0.0454545454545455,"REAL_PUBLIC_HKO",28,33,12,"Public HKO open-data design only; no health outcomes joined."
2015-02-10,17.1,12.8,14.5,0,0,0,2015,2,10,"2015-02",41,771,"pre_covid",0,0,0,0.0454545454545455,"REAL_PUBLIC_HKO",28,33,12,"Public HKO open-data design only; no health outcomes joined."
2015-02-11,18,13.6,16,0,0,0,2015,2,11,"2015-02",42,772,"pre_covid",0,0,0,0.0454545454545455,"REAL_PUBLIC_HKO",28,33,12,"Public HKO open-data design only; no health outcomes joined."
2015-02-12,21.4,14.6,17.3,0,0,0,2015,2,12,"2015-02",43,773,"pre_covid",0,0,0,0.0454545454545455,"REAL_PUBLIC_HKO",28,33,12,"Public HKO open-data design only; no health outcomes joined."
2015-02-13,21.5,14.4,17.5,0,0,0,2015,2,13,"2015-02",44,774,"pre_covid",0,0,0,0.0454545454545455,"REAL_PUBLIC_HKO",28,33,12,"Public HKO open-data design only; no health outcomes joined."
2015-02-14,20.5,16.8,18.5,0,0,0,2015,2,14,"2015-02",45,775,"pre_covid",0,0,0,0.0454545454545455,"REAL_PUBLIC_HKO",28,33,12,"Public HKO open-data design only; no health outcomes joined."
2015-02-15,19.8,18.1,18.9,0,0,0,2015,2,15,"2015-02",46,776,"pre_covid",0,0,0,0.0454545454545455,"REAL_PUBLIC_HKO",28,33,12,"Public HKO open-data design only; no health outcomes joined."
2015-02-16,21.6,17.8,19.7,0,0,0,2015,2,16,"2015-02",47,777,"pre_covid",0,0,0,0.0454545454545455,"REAL_PUBLIC_HKO",28,33,12,"Public HKO open-data design only; no health outcomes joined."
2015-02-17,21.6,18.2,19.2,0,0,0,2015,2,17,"2015-02",48,778,"pre_covid",0,0,0,0.0454545454545455,"REAL_PUBLIC_HKO",28,33,12,"Public HKO open-data design only; no health outcomes joined."
2015-02-18,19.4,17.1,18.1,0,0,0,2015,2,18,"2015-02",49,779,"pre_covid",0,0,0,0.0454545454545455,"REAL_PUBLIC_HKO",28,33,12,"Public HKO open-data design only; no health outcomes joined."
2015-02-19,17.9,16.4,17.2,0,0,0,2015,2,19,"2015-02",50,780,"pre_covid",0,0,0,0.0454545454545455,"REAL_PUBLIC_HKO",28,33,12,"Public HKO open-data design only; no health outcomes joined."
2015-02-20,19.1,15.9,17.5,0,0,0,2015,2,20,"2015-02",51,781,"pre_covid",0,0,0,0.0454545454545455,"REAL_PUBLIC_HKO",28,33,12,"Public HKO open-data design only; no health outcomes joined."
2015-02-21,21,17.6,19.3,0,0,0,2015,2,21,"2015-02",52,782,"pre_covid",0,0,0,0.0454545454545455,"REAL_PUBLIC_HKO",28,33,12,"Public HKO open-data design only; no health outcomes joined."
2015-02-22,22,18.9,20.3,0,0,0,2015,2,22,"2015-02",53,783,"pre_covid",0,0,0,0.0454545454545455,"REAL_PUBLIC_HKO",28,33,12,"Public HKO open-data design only; no health outcomes joined."
2015-02-23,19.1,17.9,18.6,0,0,0,2015,2,23,"2015-02",54,784,"pre_covid",0,0,0,0.0454545454545455,"REAL_PUBLIC_HKO",28,33,12,"Public HKO open-data design only; no health outcomes joined."
2015-02-24,19.6,17.8,18.6,0,0,0,2015,2,24,"2015-02",55,785,"pre_covid",0,0,0,0.0454545454545455,"REAL_PUBLIC_HKO",28,33,12,"Public HKO open-data design only; no health outcomes joined."
2015-02-25,20.5,18.9,19.6,0,0,0,2015,2,25,"2015-02",56,786,"pre_covid",0,0,0,0.0454545454545455,"REAL_PUBLIC_HKO",28,33,12,"Public HKO open-data design only; no health outcomes joined."
2015-02-26,23.8,19.5,21.4,0,0,0,2015,2,26,"2015-02",57,787,"pre_covid",0,0,0,0.0454545454545455,"REAL_PUBLIC_HKO",28,33,12,"Public HKO open-data design only; no health outcomes joined."
2015-02-27,21.5,17.9,19.4,0,0,0,2015,2,27,"2015-02",58,788,"pre_covid",0,0,0,0.0454545454545455,"REAL_PUBLIC_HKO",28,33,12,"Public HKO open-data design only; no health outcomes joined."
2015-02-28,19.5,17.2,18.3,0,0,0,2015,2,28,"2015-02",59,789,"pre_covid",0,0,0,0,"REAL_PUBLIC_HKO",28,33,12,"Public HKO open-data design only; no health outcomes joined."
2015-03-01,20.4,17.6,18.9,0,0,0,2015,3,1,"2015-03",60,790,"pre_covid",0,0,0,0,"REAL_PUBLIC_HKO",28,33,12,"Public HKO open-data design only; no health outcomes joined."
2015-03-02,18.2,17.1,17.5,0,0,0,2015,3,2,"2015-03",61,791,"pre_covid",0,0,0,0,"REAL_PUBLIC_HKO",28,33,12,"Public HKO open-data design only; no health outcomes joined."
2015-03-03,22.5,17,19.3,0,0,0,2015,3,3,"2015-03",62,792,"pre_covid",0,0,0,0,"REAL_PUBLIC_HKO",28,33,12,"Public HKO open-data design only; no health outcomes joined."
2015-03-04,18.7,16.3,17.2,0,0,0,2015,3,4,"2015-03",63,793,"pre_covid",0,0,0,0,"REAL_PUBLIC_HKO",28,33,12,"Public HKO open-data design only; no health outcomes joined."
2015-03-05,16.6,15.7,16.2,0,0,0,2015,3,5,"2015-03",64,794,"pre_covid",0,0,0,0,"REAL_PUBLIC_HKO",28,33,12,"Public HKO open-data design only; no health outcomes joined."
2015-03-06,17.4,16.4,16.9,0,0,0,2015,3,6,"2015-03",65,795,"pre_covid",0,0,0,0,"REAL_PUBLIC_HKO",28,33,12,"Public HKO open-data design only; no health outcomes joined."
2015-03-07,18.4,16.6,17.4,0,0,0,2015,3,7,"2015-03",66,796,"pre_covid",0,0,0,0,"REAL_PUBLIC_HKO",28,33,12,"Public HKO open-data design only; no health outcomes joined."
2015-03-08,20.3,16.8,18.5,0,0,0,2015,3,8,"2015-03",67,797,"pre_covid",0,0,0,0,"REAL_PUBLIC_HKO",28,33,12,"Public HKO open-data design only; no health outcomes joined."
2015-03-09,25.1,18.1,21.1,0,0,0,2015,3,9,"2015-03",68,798,"pre_covid",0,0,0,0,"REAL_PUBLIC_HKO",28,33,12,"Public HKO open-data design only; no health outcomes joined."
2015-03-10,19.4,16.1,17.7,0,0,0,2015,3,10,"2015-03",69,799,"pre_covid",0,0,0,0,"REAL_PUBLIC_HKO",28,33,12,"Public HKO open-data design only; no health outcomes joined."
2015-03-11,17.6,15.5,16.2,0,0,0,2015,3,11,"2015-03",70,800,"pre_covid",0,0,0,0,"REAL_PUBLIC_HKO",28,33,12,"Public HKO open-data design only; no health outcomes joined."
2015-03-12,16.5,14.8,15.7,0,0,0,2015,3,12,"2015-03",71,801,"pre_covid",0,0,0,0,"REAL_PUBLIC_HKO",28,33,12,"Public HKO open-data design only; no health outcomes joined."
2015-03-13,18.3,15.8,17.2,0,0,0,2015,3,13,"2015-03",72,802,"pre_covid",0,0,0,0,"REAL_PUBLIC_HKO",28,33,12,"Public HKO open-data design only; no health outcomes joined."
2015-03-14,20.3,18,19.4,0,0,0,2015,3,14,"2015-03",73,803,"pre_covid",0,0,0,0,"REAL_PUBLIC_HKO",28,33,12,"Public HKO open-data design only; no health outcomes joined."
2015-03-15,22.5,19.6,20.9,0,0,0,2015,3,15,"2015-03",74,804,"pre_covid",0,0,0,0,"REAL_PUBLIC_HKO",28,33,12,"Public HKO open-data design only; no health outcomes joined."
2015-03-16,23.7,20.4,21.8,0,0,0,2015,3,16,"2015-03",75,805,"pre_covid",0,0,0,0,"REAL_PUBLIC_HKO",28,33,12,"Public HKO open-data design only; no health outcomes joined."
2015-03-17,24.6,20.7,22.1,0,0,0,2015,3,17,"2015-03",76,806,"pre_covid",0,0,0,0,"REAL_PUBLIC_HKO",28,33,12,"Public HKO open-data design only; no health outcomes joined."
2015-03-18,26,21,23,0,0,0,2015,3,18,"2015-03",77,807,"pre_covid",0,0,0,0,"REAL_PUBLIC_HKO",28,33,12,"Public HKO open-data design only; no health outcomes joined."
2015-03-19,26.4,22.3,24,0,0,0,2015,3,19,"2015-03",78,808,"pre_covid",0,0,0,0,"REAL_PUBLIC_HKO",28,33,12,"Public HKO open-data design only; no health outcomes joined."
2015-03-20,28.3,22.1,24,0,0,0,2015,3,20,"2015-03",79,809,"pre_covid",0,0,0,0,"REAL_PUBLIC_HKO",28,33,12,"Public HKO open-data design only; no health outcomes joined."
2015-03-21,25.5,21,22.9,0,0,0,2015,3,21,"2015-03",80,810,"pre_covid",0,0,0,0,"REAL_PUBLIC_HKO",28,33,12,"Public HKO open-data design only; no health outcomes joined."
2015-03-22,22.3,19.9,21,0,0,0,2015,3,22,"2015-03",81,811,"pre_covid",0,0,0,0,"REAL_PUBLIC_HKO",28,33,12,"Public HKO open-data design only; no health outcomes joined."
2015-03-23,24.5,19.2,20.9,0,0,0,2015,3,23,"2015-03",82,812,"pre_covid",0,0,0,0,"REAL_PUBLIC_HKO",28,33,12,"Public HKO open-data design only; no health outcomes joined."
2015-03-24,22.3,18.4,19.8,0,0,0,2015,3,24,"2015-03",83,813,"pre_covid",0,0,0,0,"REAL_PUBLIC_HKO",28,33,12,"Public HKO open-data design only; no health outcomes joined."
2015-03-25,19.1,17.7,18.2,0,0,0,2015,3,25,"2015-03",84,814,"pre_covid",0,0,0,0,"REAL_PUBLIC_HKO",28,33,12,"Public HKO open-data design only; no health outcomes joined."
2015-03-26,20.5,17.4,18.8,0,0,0,2015,3,26,"2015-03",85,815,"pre_covid",0,0,0,0,"REAL_PUBLIC_HKO",28,33,12,"Public HKO open-data design only; no health outcomes joined."
2015-03-27,23.7,17.9,20.3,0,0,0,2015,3,27,"2015-03",86,816,"pre_covid",0,0,0,0,"REAL_PUBLIC_HKO",28,33,12,"Public HKO open-data design only; no health outcomes joined."
2015-03-28,24.8,19.7,21.4,0,0,0,2015,3,28,"2015-03",87,817,"pre_covid",0,0,0,0,"REAL_PUBLIC_HKO",28,33,12,"Public HKO open-data design only; no health outcomes joined."
2015-03-29,26.7,20.1,22.4,0,0,0,2015,3,29,"2015-03",88,818,"pre_covid",0,0,0,0,"REAL_PUBLIC_HKO",28,33,12,"Public HKO open-data design only; no health outcomes joined."
2015-03-30,25.2,21.5,22.8,0,0,0,2015,3,30,"2015-03",89,819,"pre_covid",0,0,0,0,"REAL_PUBLIC_HKO",28,33,12,"Public HKO open-data design only; no health outcomes joined."
2015-03-31,25.6,21.9,23.3,0,0,0,2015,3,31,"2015-03",90,820,"pre_covid",0,0,0,0,"REAL_PUBLIC_HKO",28,33,12,"Public HKO open-data design only; no health outcomes joined."
2015-04-01,27.2,22.7,24.4,0,0,0,2015,4,1,"2015-04",91,821,"pre_covid",0,0,0,0,"REAL_PUBLIC_HKO",28,33,12,"Public HKO open-data design only; no health outcomes joined."
2015-04-02,28.5,23.6,25.6,0,0,0,2015,4,2,"2015-04",92,822,"pre_covid",0,0,0,0,"REAL_PUBLIC_HKO",28,33,12,"Public HKO open-data design only; no health outcomes joined."
2015-04-03,26.9,25,25.9,0,0,0,2015,4,3,"2015-04",93,823,"pre_covid",0,0,0,0,"REAL_PUBLIC_HKO",28,33,12,"Public HKO open-data design only; no health outcomes joined."
2015-04-04,29.4,25,26.5,0,0,0,2015,4,4,"2015-04",94,824,"pre_covid",0,0,0,0,"REAL_PUBLIC_HKO",28,33,12,"Public HKO open-data design only; no health outcomes joined."
2015-04-05,30.6,24,26,0,0,0,2015,4,5,"2015-04",95,825,"pre_covid",0,0,0,0,"REAL_PUBLIC_HKO",28,33,12,"Public HKO open-data design only; no health outcomes joined."
2015-04-06,29.8,23.8,26.5,0,0,0,2015,4,6,"2015-04",96,826,"pre_covid",0,0,0,0,"REAL_PUBLIC_HKO",28,33,12,"Public HKO open-data design only; no health outcomes joined."
2015-04-07,27.1,22,24.9,0,0,0,2015,4,7,"2015-04",97,827,"pre_covid",0,0,0,0,"REAL_PUBLIC_HKO",28,33,12,"Public HKO open-data design only; no health outcomes joined."
2015-04-08,22.1,16.4,18.9,0,0,0,2015,4,8,"2015-04",98,828,"pre_covid",0,0,0,0,"REAL_PUBLIC_HKO",28,33,12,"Public HKO open-data design only; no health outcomes joined."
2015-04-09,19.4,15.9,18,0,0,0,2015,4,9,"2015-04",99,829,"pre_covid",0,0,0,0,"REAL_PUBLIC_HKO",28,33,12,"Public HKO open-data design only; no health outcomes joined."
2015-04-10,20,16.6,18.2,0,0,0,2015,4,10,"2015-04",100,830,"pre_covid",0,0,0,0,"REAL_PUBLIC_HKO",28,33,12,"Public HKO open-data design only; no health outcomes joined."
2015-04-11,17.9,16.4,17.1,0,0,0,2015,4,11,"2015-04",101,831,"pre_covid",0,0,0,0,"REAL_PUBLIC_HKO",28,33,12,"Public HKO open-data design only; no health outcomes joined."
2015-04-12,22.4,16.5,19.3,0,0,0,2015,4,12,"2015-04",102,832,"pre_covid",0,0,0,0,"REAL_PUBLIC_HKO",28,33,12,"Public HKO open-data design only; no health outcomes joined."
2015-04-13,27.2,18.6,22.4,0,0,0,2015,4,13,"2015-04",103,833,"pre_covid",0,0,0,0,"REAL_PUBLIC_HKO",28,33,12,"Public HKO open-data design only; no health outcomes joined."
2015-04-14,26.6,18.1,21.5,0,0,0,2015,4,14,"2015-04",104,834,"pre_covid",0,0,0,0,"REAL_PUBLIC_HKO",28,33,12,"Public HKO open-data design only; no health outcomes joined."
2015-04-15,27.5,18.4,22.1,0,0,0,2015,4,15,"2015-04",105,835,"pre_covid",0,0,0,0,"REAL_PUBLIC_HKO",28,33,12,"Public HKO open-data design only; no health outcomes joined."
2015-04-16,26.1,19.6,22.7,0,0,0,2015,4,16,"2015-04",106,836,"pre_covid",0,0,0,0,"REAL_PUBLIC_HKO",28,33,12,"Public HKO open-data design only; no health outcomes joined."
2015-04-17,27.4,20.7,23.7,0,0,0,2015,4,17,"2015-04",107,837,"pre_covid",0,0,0,0,"REAL_PUBLIC_HKO",28,33,12,"Public HKO open-data design only; no health outcomes joined."
2015-04-18,27.2,23.2,25.3,0,0,0,2015,4,18,"2015-04",108,838,"pre_covid",0,0,0,0,"REAL_PUBLIC_HKO",28,33,12,"Public HKO open-data design only; no health outcomes joined."
2015-04-19,27.5,25.8,26.6,0,0,0,2015,4,19,"2015-04",109,839,"pre_covid",0,0,0,0,"REAL_PUBLIC_HKO",28,33,12,"Public HKO open-data design only; no health outcomes joined."
2015-04-20,28.6,23,26.3,0,0,0,2015,4,20,"2015-04",110,840,"pre_covid",0,0,0,0,"REAL_PUBLIC_HKO",28,33,12,"Public HKO open-data design only; no health outcomes joined."
2015-04-21,25.7,22.5,23.7,0,0,0,2015,4,21,"2015-04",111,841,"pre_covid",0,0,0,0,"REAL_PUBLIC_HKO",28,33,12,"Public HKO open-data design only; no health outcomes joined."
2015-04-22,26.7,21.7,23.4,0,0,0,2015,4,22,"2015-04",112,842,"pre_covid",0,0,0,0,"REAL_PUBLIC_HKO",28,33,12,"Public HKO open-data design only; no health outcomes joined."
2015-04-23,23.6,22.1,22.6,0,0,0,2015,4,23,"2015-04",113,843,"pre_covid",0,0,0,0,"REAL_PUBLIC_HKO",28,33,12,"Public HKO open-data design only; no health outcomes joined."
2015-04-24,29,21.6,24.4,0,0,0,2015,4,24,"2015-04",114,844,"pre_covid",0,0,0,0,"REAL_PUBLIC_HKO",28,33,12,"Public HKO open-data design only; no health outcomes joined."
2015-04-25,27.2,22.2,23.9,0,0,0,2015,4,25,"2015-04",115,845,"pre_covid",0,0,0,0,"REAL_PUBLIC_HKO",28,33,12,"Public HKO open-data design only; no health outcomes joined."
2015-04-26,27.9,22.2,24.1,0,0,0,2015,4,26,"2015-04",116,846,"pre_covid",0,0,0,0,"REAL_PUBLIC_HKO",28,33,12,"Public HKO open-data design only; no health outcomes joined."
2015-04-27,30.3,21.8,24.8,0,0,0,2015,4,27,"2015-04",117,847,"pre_covid",0,0,0,0,"REAL_PUBLIC_HKO",28,33,12,"Public HKO open-data design only; no health outcomes joined."
2015-04-28,28.9,23.1,25.4,0,0,0,2015,4,28,"2015-04",118,848,"pre_covid",0,0,0,0,"REAL_PUBLIC_HKO",28,33,12,"Public HKO open-data design only; no health outcomes joined."
2015-04-29,30.1,24.3,26.6,0,0,0,2015,4,29,"2015-04",119,849,"pre_covid",0,0,0,0,"REAL_PUBLIC_HKO",28,33,12,"Public HKO open-data design only; no health outcomes joined."
2015-04-30,31.9,24.9,27.5,0,0,0,2015,4,30,"2015-04",120,850,"pre_covid",0,0,0,0,"REAL_PUBLIC_HKO",28,33,12,"Public HKO open-data design only; no health outcomes joined."
2015-05-01,30.8,25.4,27.2,0,0,0,2015,5,1,"2015-05",121,851,"pre_covid",0,0,0,0,"REAL_PUBLIC_HKO",28,33,12,"Public HKO open-data design only; no health outcomes joined."
2015-05-02,29.8,26.4,27.6,0,0,0,2015,5,2,"2015-05",122,852,"pre_covid",0,0,0,0,"REAL_PUBLIC_HKO",28,33,12,"Public HKO open-data design only; no health outcomes joined."
2015-05-03,30.4,27,28.2,0,0,0,2015,5,3,"2015-05",123,853,"pre_covid",0,0,0,0,"REAL_PUBLIC_HKO",28,33,12,"Public HKO open-data design only; no health outcomes joined."
2015-05-04,30.7,26.9,28.1,0,0,0,2015,5,4,"2015-05",124,854,"pre_covid",0,0,0,0,"REAL_PUBLIC_HKO",28,33,12,"Public HKO open-data design only; no health outcomes joined."
2015-05-05,30.5,24.3,27.3,0,0,0,2015,5,5,"2015-05",125,855,"pre_covid",0,0,0,0,"REAL_PUBLIC_HKO",28,33,12,"Public HKO open-data design only; no health outcomes joined."
2015-05-06,28.9,24.2,26.8,0,0,0,2015,5,6,"2015-05",126,856,"pre_covid",0,0,0,0,"REAL_PUBLIC_HKO",28,33,12,"Public HKO open-data design only; no health outcomes joined."
2015-05-07,30.6,26.5,28,0,0,0,2015,5,7,"2015-05",127,857,"pre_covid",0,0,0,0,"REAL_PUBLIC_HKO",28,33,12,"Public HKO open-data design only; no health outcomes joined."
2015-05-08,30.2,27.1,28.2,0,0,0,2015,5,8,"2015-05",128,858,"pre_covid",0,0,0,0,"REAL_PUBLIC_HKO",28,33,12,"Public HKO open-data design only; no health outcomes joined."
2015-05-09,30.5,24.2,27.3,0,0,0,2015,5,9,"2015-05",129,859,"pre_covid",0,0,0,0,"REAL_PUBLIC_HKO",28,33,12,"Public HKO open-data design only; no health outcomes joined."
2015-05-10,28.8,24.3,26.3,0,0,0,2015,5,10,"2015-05",130,860,"pre_covid",0,0,0,0,"REAL_PUBLIC_HKO",28,33,12,"Public HKO open-data design only; no health outcomes joined."
2015-05-11,29.4,23.3,25.6,0,0,0,2015,5,11,"2015-05",131,861,"pre_covid",0,0,0,0,"REAL_PUBLIC_HKO",28,33,12,"Public HKO open-data design only; no health outcomes joined."
2015-05-12,29.5,22.6,25.7,0,0,0,2015,5,12,"2015-05",132,862,"pre_covid",0,0,0,0,"REAL_PUBLIC_HKO",28,33,12,"Public HKO open-data design only; no health outcomes joined."
2015-05-13,28.4,25.2,26.4,0,0,0,2015,5,13,"2015-05",133,863,"pre_covid",0,0,0,0,"REAL_PUBLIC_HKO",28,33,12,"Public HKO open-data design only; no health outcomes joined."
2015-05-14,31.9,26.4,28.5,0,0,0,2015,5,14,"2015-05",134,864,"pre_covid",0,0,0,0,"REAL_PUBLIC_HKO",28,33,12,"Public HKO open-data design only; no health outcomes joined."
2015-05-15,32.6,27.1,29.1,0,0,0,2015,5,15,"2015-05",135,865,"pre_covid",0,0,0,0,"REAL_PUBLIC_HKO",28,33,12,"Public HKO open-data design only; no health outcomes joined."
2015-05-16,28.6,24.6,26.7,0,0,0,2015,5,16,"2015-05",136,866,"pre_covid",0,0,0,0,"REAL_PUBLIC_HKO",28,33,12,"Public HKO open-data design only; no health outcomes joined."
2015-05-17,29.6,24.5,26.4,0,0,0,2015,5,17,"2015-05",137,867,"pre_covid",0,0,0,0,"REAL_PUBLIC_HKO",28,33,12,"Public HKO open-data design only; no health outcomes joined."
2015-05-18,29.3,26.1,28.2,0,0,0,2015,5,18,"2015-05",138,868,"pre_covid",0,0,0,0,"REAL_PUBLIC_HKO",28,33,12,"Public HKO open-data design only; no health outcomes joined."
2015-05-19,29.3,27.6,28.6,0,0,0,2015,5,19,"2015-05",139,869,"pre_covid",0,0,0,0,"REAL_PUBLIC_HKO",28,33,12,"Public HKO open-data design only; no health outcomes joined."
2015-05-20,30,25.2,27.9,0,0,0,2015,5,20,"2015-05",140,870,"pre_covid",0,0,0,0,"REAL_PUBLIC_HKO",28,33,12,"Public HKO open-data design only; no health outcomes joined."
2015-05-21,25.3,23.1,24.2,0,0,0,2015,5,21,"2015-05",141,871,"pre_covid",0,0,0,0,"REAL_PUBLIC_HKO",28,33,12,"Public HKO open-data design only; no health outcomes joined."
2015-05-22,24.3,22.9,23.6,0,0,0,2015,5,22,"2015-05",142,872,"pre_covid",0,0,0,0,"REAL_PUBLIC_HKO",28,33,12,"Public HKO open-data design only; no health outcomes joined."
2015-05-23,27.4,23.9,24.8,0,0,0,2015,5,23,"2015-05",143,873,"pre_covid",0,0,0,0,"REAL_PUBLIC_HKO",28,33,12,"Public HKO open-data design only; no health outcomes joined."
2015-05-24,29,24.6,26.6,0,0,0,2015,5,24,"2015-05",144,874,"pre_covid",0,0,0,0,"REAL_PUBLIC_HKO",28,33,12,"Public HKO open-data design only; no health outcomes joined."
2015-05-25,32.5,25.4,28.4,0,0,0,2015,5,25,"2015-05",145,875,"pre_covid",0,0,0,0,"REAL_PUBLIC_HKO",28,33,12,"Public HKO open-data design only; no health outcomes joined."
2015-05-26,28.7,24.6,26.9,0,0,0,2015,5,26,"2015-05",146,876,"pre_covid",0,0,0,0,"REAL_PUBLIC_HKO",28,33,12,"Public HKO open-data design only; no health outcomes joined."
2015-05-27,31,27.8,29.2,0,0,0,2015,5,27,"2015-05",147,877,"pre_covid",0,0,0,0,"REAL_PUBLIC_HKO",28,33,12,"Public HKO open-data design only; no health outcomes joined."
2015-05-28,31.9,28.3,30,1,0,0,2015,5,28,"2015-05",148,878,"pre_covid",1,0,0.166666666666667,0,"REAL_PUBLIC_HKO",28,33,12,"Public HKO open-data design only; no health outcomes joined."
2015-05-29,32.5,29.1,30.3,1,0,0,2015,5,29,"2015-05",149,879,"pre_covid",1,0,0.333333333333333,0,"REAL_PUBLIC_HKO",28,33,12,"Public HKO open-data design only; no health outcomes joined."
2015-05-30,32.5,26.1,29.6,0,0,0,2015,5,30,"2015-05",150,880,"pre_covid",0,0,0.333333333333333,0,"REAL_PUBLIC_HKO",28,33,12,"Public HKO open-data design only; no health outcomes joined."
2015-05-31,31.5,26.7,29.3,0,0,0,2015,5,31,"2015-05",151,881,"pre_covid",0,0,0.333333333333333,0,"REAL_PUBLIC_HKO",28,33,12,"Public HKO open-data design only; no health outcomes joined."
2015-06-01,31.2,28.4,29.3,1,0,0,2015,6,1,"2015-06",152,882,"pre_covid",1,0,0.5,0,"REAL_PUBLIC_HKO",28,33,12,"Public HKO open-data design only; no health outcomes joined."
2015-06-02,32.5,26.5,29.6,0,0,0,2015,6,2,"2015-06",153,883,"pre_covid",0,0,0.5,0,"REAL_PUBLIC_HKO",28,33,12,"Public HKO open-data design only; no health outcomes joined."
2015-06-03,33.2,28,29.9,1,1,0,2015,6,3,"2015-06",154,884,"pre_covid",1,0,0.5,0,"REAL_PUBLIC_HKO",28,33,12,"Public HKO open-data design only; no health outcomes joined."
2015-06-04,32.8,27.9,29.8,0,0,0,2015,6,4,"2015-06",155,885,"pre_covid",0,0,0.333333333333333,0,"REAL_PUBLIC_HKO",28,33,12,"Public HKO open-data design only; no health outcomes joined."
2015-06-05,31.4,27.8,29.2,0,0,0,2015,6,5,"2015-06",156,886,"pre_covid",0,0,0.333333333333333,0,"REAL_PUBLIC_HKO",28,33,12,"Public HKO open-data design only; no health outcomes joined."
2015-06-06,32.4,27.2,29.5,0,0,0,2015,6,6,"2015-06",157,887,"pre_covid",0,0,0.333333333333333,0,"REAL_PUBLIC_HKO",28,33,12,"Public HKO open-data design only; no health outcomes joined."
2015-06-07,32.1,28.1,29.8,1,0,0,2015,6,7,"2015-06",158,888,"pre_covid",1,0,0.333333333333333,0,"REAL_PUBLIC_HKO",28,33,12,"Public HKO open-data design only; no health outcomes joined."
2015-06-08,32.2,27.8,29.8,0,0,0,2015,6,8,"2015-06",159,889,"pre_covid",0,0,0.333333333333333,0,"REAL_PUBLIC_HKO",28,33,12,"Public HKO open-data design only; no health outcomes joined."
2015-06-09,31.5,28.4,29.9,1,0,0,2015,6,9,"2015-06",160,890,"pre_covid",1,0,0.333333333333333,0,"REAL_PUBLIC_HKO",28,33,12,"Public HKO open-data design only; no health outcomes joined."
2015-06-10,32,27.3,29.9,0,0,0,2015,6,10,"2015-06",161,891,"pre_covid",0,0,0.333333333333333,0,"REAL_PUBLIC_HKO",28,33,12,"Public HKO open-data design only; no health outcomes joined."
2015-06-11,32.7,27.9,30.3,0,0,0,2015,6,11,"2015-06",162,892,"pre_covid",0,0,0.333333333333333,0,"REAL_PUBLIC_HKO",28,33,12,"Public HKO open-data design only; no health outcomes joined."
2015-06-12,31.7,25.6,28.8,0,0,0,2015,6,12,"2015-06",163,893,"pre_covid",0,0,0.333333333333333,0,"REAL_PUBLIC_HKO",28,33,12,"Public HKO open-data design only; no health outcomes joined."
2015-06-13,32.3,28.5,29.9,1,0,0,2015,6,13,"2015-06",164,894,"pre_covid",1,0,0.333333333333333,0,"REAL_PUBLIC_HKO",28,33,12,"Public HKO open-data design only; no health outcomes joined."
2015-06-14,33,27.3,29.9,0,1,0,2015,6,14,"2015-06",165,895,"pre_covid",0,0,0.333333333333333,0,"REAL_PUBLIC_HKO",28,33,12,"Public HKO open-data design only; no health outcomes joined."
2015-06-15,34,26.7,30.2,0,1,0,2015,6,15,"2015-06",166,896,"pre_covid",0,0,0.166666666666667,0,"REAL_PUBLIC_HKO",28,33,12,"Public HKO open-data design only; no health outcomes joined."
2015-06-16,33.4,28.1,30.1,1,1,0,2015,6,16,"2015-06",167,897,"pre_covid",1,0,0.333333333333333,0,"REAL_PUBLIC_HKO",28,33,12,"Public HKO open-data design only; no health outcomes joined."
2015-06-17,33,28.5,30.2,1,1,0,2015,6,17,"2015-06",168,898,"pre_covid",1,0,0.5,0,"REAL_PUBLIC_HKO",28,33,12,"Public HKO open-data design only; no health outcomes joined."
2015-06-18,34.2,28.5,30.7,1,1,0,2015,6,18,"2015-06",169,899,"pre_covid",1,0,0.666666666666667,0,"REAL_PUBLIC_HKO",28,33,12,"Public HKO open-data design only; no health outcomes joined."
2015-06-19,34.2,28.6,30.8,1,1,0,2015,6,19,"2015-06",170,900,"pre_covid",1,0,0.666666666666667,0,"REAL_PUBLIC_HKO",28,33,12,"Public HKO open-data design only; no health outcomes joined."
2015-06-20,34.1,29.2,30.9,1,1,0,2015,6,20,"2015-06",171,901,"pre_covid",1,0,0.833333333333333,0,"REAL_PUBLIC_HKO",28,33,12,"Public HKO open-data design only; no health outcomes joined."
2015-06-21,31.9,26.3,28.5,0,0,0,2015,6,21,"2015-06",172,902,"pre_covid",0,0,0.833333333333333,0,"REAL_PUBLIC_HKO",28,33,12,"Public HKO open-data design only; no health outcomes joined."
2015-06-22,30,26.7,27.9,0,0,0,2015,6,22,"2015-06",173,903,"pre_covid",0,0,0.666666666666667,0,"REAL_PUBLIC_HKO",28,33,12,"Public HKO open-data design only; no health outcomes joined."
2015-06-23,29.1,26,27.3,0,0,0,2015,6,23,"2015-06",174,904,"pre_covid",0,0,0.5,0,"REAL_PUBLIC_HKO",28,33,12,"Public HKO open-data design only; no health outcomes joined."
2015-06-24,30.7,26.1,28.3,0,0,0,2015,6,24,"2015-06",175,905,"pre_covid",0,0,0.333333333333333,0,"REAL_PUBLIC_HKO",28,33,12,"Public HKO open-data design only; no health outcomes joined."
2015-06-25,29.7,26.9,28.3,0,0,0,2015,6,25,"2015-06",176,906,"pre_covid",0,0,0.166666666666667,0,"REAL_PUBLIC_HKO",28,33,12,"Public HKO open-data design only; no health outcomes joined."
2015-06-26,32.3,27.1,29.5,0,0,0,2015,6,26,"2015-06",177,907,"pre_covid",0,0,0,0,"REAL_PUBLIC_HKO",28,33,12,"Public HKO open-data design only; no health outcomes joined."
2015-06-27,32.5,29.1,30.4,1,0,0,2015,6,27,"2015-06",178,908,"pre_covid",1,0,0.166666666666667,0,"REAL_PUBLIC_HKO",28,33,12,"Public HKO open-data design only; no health outcomes joined."
2015-06-28,33.6,27.4,30.4,0,1,0,2015,6,28,"2015-06",179,909,"pre_covid",0,0,0.166666666666667,0,"REAL_PUBLIC_HKO",28,33,12,"Public HKO open-data design only; no health outcomes joined."
2015-06-29,33.3,28.9,30.5,1,1,0,2015,6,29,"2015-06",180,910,"pre_covid",1,0,0.333333333333333,0,"REAL_PUBLIC_HKO",28,33,12,"Public HKO open-data design only; no health outcomes joined."
2015-06-30,32.5,29.1,30.4,1,0,0,2015,6,30,"2015-06",181,911,"pre_covid",1,0,0.5,0,"REAL_PUBLIC_HKO",28,33,12,"Public HKO open-data design only; no health outcomes joined."
2015-07-01,32.7,29.4,30.5,1,0,0,2015,7,1,"2015-07",182,912,"pre_covid",1,0,0.666666666666667,0,"REAL_PUBLIC_HKO",28,33,12,"Public HKO open-data design only; no health outcomes joined."
2015-07-02,32.6,29.5,30.6,1,0,0,2015,7,2,"2015-07",183,913,"pre_covid",1,0,0.833333333333333,0,"REAL_PUBLIC_HKO",28,33,12,"Public HKO open-data design only; no health outcomes joined."
2015-07-03,32.4,29.3,30.6,1,0,0,2015,7,3,"2015-07",184,914,"pre_covid",1,0,0.833333333333333,0,"REAL_PUBLIC_HKO",28,33,12,"Public HKO open-data design only; no health outcomes joined."
2015-07-04,33.8,28.7,30.5,1,1,0,2015,7,4,"2015-07",185,915,"pre_covid",1,0,1,0,"REAL_PUBLIC_HKO",28,33,12,"Public HKO open-data design only; no health outcomes joined."
2015-07-05,32.7,28.5,29.8,1,0,0,2015,7,5,"2015-07",186,916,"pre_covid",1,0,1,0,"REAL_PUBLIC_HKO",28,33,12,"Public HKO open-data design only; no health outcomes joined."
2015-07-06,30.7,27.9,29.2,0,0,0,2015,7,6,"2015-07",187,917,"pre_covid",0,0,0.833333333333333,0,"REAL_PUBLIC_HKO",28,33,12,"Public HKO open-data design only; no health outcomes joined."
2015-07-07,32.7,26.7,29.2,0,0,0,2015,7,7,"2015-07",188,918,"pre_covid",0,0,0.666666666666667,0,"REAL_PUBLIC_HKO",28,33,12,"Public HKO open-data design only; no health outcomes joined."
2015-07-08,31.8,26.6,28.8,0,0,0,2015,7,8,"2015-07",189,919,"pre_covid",0,0,0.5,0,"REAL_PUBLIC_HKO",28,33,12,"Public HKO open-data design only; no health outcomes joined."
2015-07-09,30.2,25,27.4,0,0,0,2015,7,9,"2015-07",190,920,"pre_covid",0,0,0.333333333333333,0,"REAL_PUBLIC_HKO",28,33,12,"Public HKO open-data design only; no health outcomes joined."
2015-07-10,32.7,25.4,28.3,0,0,0,2015,7,10,"2015-07",191,921,"pre_covid",0,0,0.166666666666667,0,"REAL_PUBLIC_HKO",28,33,12,"Public HKO open-data design only; no health outcomes joined."
2015-07-11,32.9,27.1,29.9,0,0,0,2015,7,11,"2015-07",192,922,"pre_covid",0,0,0,0,"REAL_PUBLIC_HKO",28,33,12,"Public HKO open-data design only; no health outcomes joined."
2015-07-12,33.9,28.7,30.9,1,1,0,2015,7,12,"2015-07",193,923,"pre_covid",1,0,0.166666666666667,0,"REAL_PUBLIC_HKO",28,33,12,"Public HKO open-data design only; no health outcomes joined."
2015-07-13,34.4,29,30.8,1,1,0,2015,7,13,"2015-07",194,924,"pre_covid",1,0,0.333333333333333,0,"REAL_PUBLIC_HKO",28,33,12,"Public HKO open-data design only; no health outcomes joined."
2015-07-14,34.1,28.6,30.5,1,1,0,2015,7,14,"2015-07",195,925,"pre_covid",1,0,0.5,0,"REAL_PUBLIC_HKO",28,33,12,"Public HKO open-data design only; no health outcomes joined."
2015-07-15,33.5,28.4,30.3,1,1,0,2015,7,15,"2015-07",196,926,"pre_covid",1,0,0.666666666666667,0,"REAL_PUBLIC_HKO",28,33,12,"Public HKO open-data design only; no health outcomes joined."
2015-07-16,32.8,28,30.2,1,0,0,2015,7,16,"2015-07",197,927,"pre_covid",1,0,0.833333333333333,0,"REAL_PUBLIC_HKO",28,33,12,"Public HKO open-data design only; no health outcomes joined."
2015-07-17,32.9,26.4,28.9,0,0,0,2015,7,17,"2015-07",198,928,"pre_covid",0,0,0.833333333333333,0,"REAL_PUBLIC_HKO",28,33,12,"Public HKO open-data design only; no health outcomes joined."
2015-07-18,32.4,28.5,29.7,1,0,0,2015,7,18,"2015-07",199,929,"pre_covid",1,0,0.833333333333333,0,"REAL_PUBLIC_HKO",28,33,12,"Public HKO open-data design only; no health outcomes joined."
2015-07-19,33.5,28.2,29.7,1,1,0,2015,7,19,"2015-07",200,930,"pre_covid",1,0,0.833333333333333,0,"REAL_PUBLIC_HKO",28,33,12,"Public HKO open-data design only; no health outcomes joined."
2015-07-20,29,26.2,27.4,0,0,0,2015,7,20,"2015-07",201,931,"pre_covid",0,0,0.666666666666667,0,"REAL_PUBLIC_HKO",28,33,12,"Public HKO open-data design only; no health outcomes joined."
2015-07-21,27.9,25.2,26.7,0,0,0,2015,7,21,"2015-07",202,932,"pre_covid",0,0,0.5,0,"REAL_PUBLIC_HKO",28,33,12,"Public HKO open-data design only; no health outcomes joined."
2015-07-22,28.9,23.9,27,0,0,0,2015,7,22,"2015-07",203,933,"pre_covid",0,0,0.333333333333333,0,"REAL_PUBLIC_HKO",28,33,12,"Public HKO open-data design only; no health outcomes joined."
2015-07-23,29,24.9,27.9,0,0,0,2015,7,23,"2015-07",204,934,"pre_covid",0,0,0.333333333333333,0,"REAL_PUBLIC_HKO",28,33,12,"Public HKO open-data design only; no health outcomes joined."
2015-07-24,30.1,27.4,28.8,0,0,0,2015,7,24,"2015-07",205,935,"pre_covid",0,0,0.166666666666667,0,"REAL_PUBLIC_HKO",28,33,12,"Public HKO open-data design only; no health outcomes joined."
2015-07-25,29.8,27.3,28.5,0,0,0,2015,7,25,"2015-07",206,936,"pre_covid",0,0,0,0,"REAL_PUBLIC_HKO",28,33,12,"Public HKO open-data design only; no health outcomes joined."
2015-07-26,30.4,25.9,28.5,0,0,0,2015,7,26,"2015-07",207,937,"pre_covid",0,0,0,0,"REAL_PUBLIC_HKO",28,33,12,"Public HKO open-data design only; no health outcomes joined."
2015-07-27,31.6,27.7,29.1,0,0,0,2015,7,27,"2015-07",208,938,"pre_covid",0,0,0,0,"REAL_PUBLIC_HKO",28,33,12,"Public HKO open-data design only; no health outcomes joined."
2015-07-28,32.9,27.5,29.2,0,0,0,2015,7,28,"2015-07",209,939,"pre_covid",0,0,0,0,"REAL_PUBLIC_HKO",28,33,12,"Public HKO open-data design only; no health outcomes joined."
2015-07-29,31.6,25.8,27.9,0,0,0,2015,7,29,"2015-07",210,940,"pre_covid",0,0,0,0,"REAL_PUBLIC_HKO",28,33,12,"Public HKO open-data design only; no health outcomes joined."
2015-07-30,30.9,26.3,28.1,0,0,0,2015,7,30,"2015-07",211,941,"pre_covid",0,0,0,0,"REAL_PUBLIC_HKO",28,33,12,"Public HKO open-data design only; no health outcomes joined."
2015-07-31,31.8,26.1,28.5,0,0,0,2015,7,31,"2015-07",212,942,"pre_covid",0,0,0,0,"REAL_PUBLIC_HKO",28,33,12,"Public HKO open-data design only; no health outcomes joined."
2015-08-01,32.2,26.9,28.9,0,0,0,2015,8,1,"2015-08",213,943,"pre_covid",0,0,0,0,"REAL_PUBLIC_HKO",28,33,12,"Public HKO open-data design only; no health outcomes joined."
2015-08-02,32.3,26.8,28.9,0,0,0,2015,8,2,"2015-08",214,944,"pre_covid",0,0,0,0,"REAL_PUBLIC_HKO",28,33,12,"Public HKO open-data design only; no health outcomes joined."
2015-08-03,33.3,27.3,29.5,0,1,0,2015,8,3,"2015-08",215,945,"pre_covid",0,0,0,0,"REAL_PUBLIC_HKO",28,33,12,"Public HKO open-data design only; no health outcomes joined."
2015-08-04,33.3,26.8,29.4,0,1,0,2015,8,4,"2015-08",216,946,"pre_covid",0,0,0,0,"REAL_PUBLIC_HKO",28,33,12,"Public HKO open-data design only; no health outcomes joined."
2015-08-05,33.3,27.6,29.6,0,1,0,2015,8,5,"2015-08",217,947,"pre_covid",0,0,0,0,"REAL_PUBLIC_HKO",28,33,12,"Public HKO open-data design only; no health outcomes joined."
2015-08-06,33.1,27.8,30.1,0,1,0,2015,8,6,"2015-08",218,948,"pre_covid",0,0,0,0,"REAL_PUBLIC_HKO",28,33,12,"Public HKO open-data design only; no health outcomes joined."
2015-08-07,33.3,28.2,30.7,1,1,0,2015,8,7,"2015-08",219,949,"pre_covid",1,0,0.166666666666667,0,"REAL_PUBLIC_HKO",28,33,12,"Public HKO open-data design only; no health outcomes joined."
2015-08-08,36.3,30,32.4,1,1,0,2015,8,8,"2015-08",220,950,"pre_covid",1,0,0.333333333333333,0,"REAL_PUBLIC_HKO",28,33,12,"Public HKO open-data design only; no health outcomes joined."
2015-08-09,34.7,26.9,31,0,1,0,2015,8,9,"2015-08",221,951,"pre_covid",0,0,0.333333333333333,0,"REAL_PUBLIC_HKO",28,33,12,"Public HKO open-data design only; no health outcomes joined."
2015-08-10,30.6,25.1,28.1,0,0,0,2015,8,10,"2015-08",222,952,"pre_covid",0,0,0.333333333333333,0,"REAL_PUBLIC_HKO",28,33,12,"Public HKO open-data design only; no health outcomes joined."
2015-08-11,32.8,26.3,29.2,0,0,0,2015,8,11,"2015-08",223,953,"pre_covid",0,0,0.333333333333333,0,"REAL_PUBLIC_HKO",28,33,12,"Public HKO open-data design only; no health outcomes joined."
2015-08-12,33.7,27.8,30,0,1,0,2015,8,12,"2015-08",224,954,"pre_covid",0,0,0.333333333333333,0,"REAL_PUBLIC_HKO",28,33,12,"Public HKO open-data design only; no health outcomes joined."
2015-08-13,29.6,26.4,28,0,0,0,2015,8,13,"2015-08",225,955,"pre_covid",0,0,0.166666666666667,0,"REAL_PUBLIC_HKO",28,33,12,"Public HKO open-data design only; no health outcomes joined."
2015-08-14,28.8,25.6,26.9,0,0,0,2015,8,14,"2015-08",226,956,"pre_covid",0,0,0,0,"REAL_PUBLIC_HKO",28,33,12,"Public HKO open-data design only; no health outcomes joined."
2015-08-15,28.6,24.9,27,0,0,0,2015,8,15,"2015-08",227,957,"pre_covid",0,0,0,0,"REAL_PUBLIC_HKO",28,33,12,"Public HKO open-data design only; no health outcomes joined."
2015-08-16,31.2,26.9,29.2,0,0,0,2015,8,16,"2015-08",228,958,"pre_covid",0,0,0,0,"REAL_PUBLIC_HKO",28,33,12,"Public HKO open-data design only; no health outcomes joined."
2015-08-17,32.4,28.3,29.9,1,0,0,2015,8,17,"2015-08",229,959,"pre_covid",1,0,0.166666666666667,0,"REAL_PUBLIC_HKO",28,33,12,"Public HKO open-data design only; no health outcomes joined."
2015-08-18,33.8,28.4,30.2,1,1,0,2015,8,18,"2015-08",230,960,"pre_covid",1,0,0.333333333333333,0,"REAL_PUBLIC_HKO",28,33,12,"Public HKO open-data design only; no health outcomes joined."
2015-08-19,32.8,28.1,30.1,1,0,0,2015,8,19,"2015-08",231,961,"pre_covid",1,0,0.5,0,"REAL_PUBLIC_HKO",28,33,12,"Public HKO open-data design only; no health outcomes joined."
2015-08-20,31.2,26.8,29.1,0,0,0,2015,8,20,"2015-08",232,962,"pre_covid",0,0,0.5,0,"REAL_PUBLIC_HKO",28,33,12,"Public HKO open-data design only; no health outcomes joined."
2015-08-21,33.4,26.9,30,0,1,0,2015,8,21,"2015-08",233,963,"pre_covid",0,0,0.5,0,"REAL_PUBLIC_HKO",28,33,12,"Public HKO open-data design only; no health outcomes joined."
2015-08-22,32,28.4,30.2,1,0,0,2015,8,22,"2015-08",234,964,"pre_covid",1,0,0.666666666666667,0,"REAL_PUBLIC_HKO",28,33,12,"Public HKO open-data design only; no health outcomes joined."
2015-08-23,32.9,28,30.6,1,0,0,2015,8,23,"2015-08",235,965,"pre_covid",1,0,0.666666666666667,0,"REAL_PUBLIC_HKO",28,33,12,"Public HKO open-data design only; no health outcomes joined."
2015-08-24,33.2,28.3,30.7,1,1,0,2015,8,24,"2015-08",236,966,"pre_covid",1,0,0.666666666666667,0,"REAL_PUBLIC_HKO",28,33,12,"Public HKO open-data design only; no health outcomes joined."
2015-08-25,34.4,27.9,30.6,0,1,0,2015,8,25,"2015-08",237,967,"pre_covid",0,0,0.5,0,"REAL_PUBLIC_HKO",28,33,12,"Public HKO open-data design only; no health outcomes joined."
2015-08-26,31.7,27.8,28.9,0,0,0,2015,8,26,"2015-08",238,968,"pre_covid",0,0,0.5,0,"REAL_PUBLIC_HKO",28,33,12,"Public HKO open-data design only; no health outcomes joined."
2015-08-27,32.4,27,29,0,0,0,2015,8,27,"2015-08",239,969,"pre_covid",0,0,0.5,0,"REAL_PUBLIC_HKO",28,33,12,"Public HKO open-data design only; no health outcomes joined."
2015-08-28,31.2,26.9,28.3,0,0,0,2015,8,28,"2015-08",240,970,"pre_covid",0,0,0.333333333333333,0,"REAL_PUBLIC_HKO",28,33,12,"Public HKO open-data design only; no health outcomes joined."
2015-08-29,29.6,26.5,27.8,0,0,0,2015,8,29,"2015-08",241,971,"pre_covid",0,0,0.166666666666667,0,"REAL_PUBLIC_HKO",28,33,12,"Public HKO open-data design only; no health outcomes joined."
2015-08-30,27.9,25.8,26.6,0,0,0,2015,8,30,"2015-08",242,972,"pre_covid",0,0,0,0,"REAL_PUBLIC_HKO",28,33,12,"Public HKO open-data design only; no health outcomes joined."
2015-08-31,29,25.8,27.4,0,0,0,2015,8,31,"2015-08",243,973,"pre_covid",0,0,0,0,"REAL_PUBLIC_HKO",28,33,12,"Public HKO open-data design only; no health outcomes joined."
2015-09-01,28.9,25.7,27.4,0,0,0,2015,9,1,"2015-09",244,974,"pre_covid",0,0,0,0,"REAL_PUBLIC_HKO",28,33,12,"Public HKO open-data design only; no health outcomes joined."
2015-09-02,27.7,24.5,25.8,0,0,0,2015,9,2,"2015-09",245,975,"pre_covid",0,0,0,0,"REAL_PUBLIC_HKO",28,33,12,"Public HKO open-data design only; no health outcomes joined."
2015-09-03,29,25.8,27.6,0,0,0,2015,9,3,"2015-09",246,976,"pre_covid",0,0,0,0,"REAL_PUBLIC_HKO",28,33,12,"Public HKO open-data design only; no health outcomes joined."
2015-09-04,32.9,27,29.1,0,0,0,2015,9,4,"2015-09",247,977,"pre_covid",0,0,0,0,"REAL_PUBLIC_HKO",28,33,12,"Public HKO open-data design only; no health outcomes joined."
2015-09-05,31.9,27.2,29.3,0,0,0,2015,9,5,"2015-09",248,978,"pre_covid",0,0,0,0,"REAL_PUBLIC_HKO",28,33,12,"Public HKO open-data design only; no health outcomes joined."
2015-09-06,32.3,27.8,29.6,0,0,0,2015,9,6,"2015-09",249,979,"pre_covid",0,0,0,0,"REAL_PUBLIC_HKO",28,33,12,"Public HKO open-data design only; no health outcomes joined."
2015-09-07,29.6,26.7,28.3,0,0,0,2015,9,7,"2015-09",250,980,"pre_covid",0,0,0,0,"REAL_PUBLIC_HKO",28,33,12,"Public HKO open-data design only; no health outcomes joined."
2015-09-08,30.7,26.4,27.9,0,0,0,2015,9,8,"2015-09",251,981,"pre_covid",0,0,0,0,"REAL_PUBLIC_HKO",28,33,12,"Public HKO open-data design only; no health outcomes joined."
2015-09-09,31.2,26.5,28.2,0,0,0,2015,9,9,"2015-09",252,982,"pre_covid",0,0,0,0,"REAL_PUBLIC_HKO",28,33,12,"Public HKO open-data design only; no health outcomes joined."
2015-09-10,31.3,26.5,28.1,0,0,0,2015,9,10,"2015-09",253,983,"pre_covid",0,0,0,0,"REAL_PUBLIC_HKO",28,33,12,"Public HKO open-data design only; no health outcomes joined."
2015-09-11,31,26.8,28.1,0,0,0,2015,9,11,"2015-09",254,984,"pre_covid",0,0,0,0,"REAL_PUBLIC_HKO",28,33,12,"Public HKO open-data design only; no health outcomes joined."
2015-09-12,30.5,26.2,27.9,0,0,0,2015,9,12,"2015-09",255,985,"pre_covid",0,0,0,0,"REAL_PUBLIC_HKO",28,33,12,"Public HKO open-data design only; no health outcomes joined."
2015-09-13,31.2,25.8,28,0,0,0,2015,9,13,"2015-09",256,986,"pre_covid",0,0,0,0,"REAL_PUBLIC_HKO",28,33,12,"Public HKO open-data design only; no health outcomes joined."
2015-09-14,31.4,25.9,28,0,0,0,2015,9,14,"2015-09",257,987,"pre_covid",0,0,0,0,"REAL_PUBLIC_HKO",28,33,12,"Public HKO open-data design only; no health outcomes joined."
2015-09-15,31.9,26.5,28.6,0,0,0,2015,9,15,"2015-09",258,988,"pre_covid",0,0,0,0,"REAL_PUBLIC_HKO",28,33,12,"Public HKO open-data design only; no health outcomes joined."
2015-09-16,31,26.9,28.1,0,0,0,2015,9,16,"2015-09",259,989,"pre_covid",0,0,0,0,"REAL_PUBLIC_HKO",28,33,12,"Public HKO open-data design only; no health outcomes joined."
2015-09-17,30.6,27.1,28.2,0,0,0,2015,9,17,"2015-09",260,990,"pre_covid",0,0,0,0,"REAL_PUBLIC_HKO",28,33,12,"Public HKO open-data design only; no health outcomes joined."
2015-09-18,31.8,26.8,28.5,0,0,0,2015,9,18,"2015-09",261,991,"pre_covid",0,0,0,0,"REAL_PUBLIC_HKO",28,33,12,"Public HKO open-data design only; no health outcomes joined."
2015-09-19,30.6,26.8,28.3,0,0,0,2015,9,19,"2015-09",262,992,"pre_covid",0,0,0,0,"REAL_PUBLIC_HKO",28,33,12,"Public HKO open-data design only; no health outcomes joined."
2015-09-20,31.1,27.1,28.7,0,0,0,2015,9,20,"2015-09",263,993,"pre_covid",0,0,0,0,"REAL_PUBLIC_HKO",28,33,12,"Public HKO open-data design only; no health outcomes joined."
2015-09-21,28.7,25.5,27.4,0,0,0,2015,9,21,"2015-09",264,994,"pre_covid",0,0,0,0,"REAL_PUBLIC_HKO",28,33,12,"Public HKO open-data design only; no health outcomes joined."
2015-09-22,31,26.3,28.1,0,0,0,2015,9,22,"2015-09",265,995,"pre_covid",0,0,0,0,"REAL_PUBLIC_HKO",28,33,12,"Public HKO open-data design only; no health outcomes joined."
2015-09-23,32,27.3,28.9,0,0,0,2015,9,23,"2015-09",266,996,"pre_covid",0,0,0,0,"REAL_PUBLIC_HKO",28,33,12,"Public HKO open-data design only; no health outcomes joined."
2015-09-24,32,27.4,29.3,0,0,0,2015,9,24,"2015-09",267,997,"pre_covid",0,0,0,0,"REAL_PUBLIC_HKO",28,33,12,"Public HKO open-data design only; no health outcomes joined."
2015-09-25,32.2,28.1,29.7,1,0,0,2015,9,25,"2015-09",268,998,"pre_covid",1,0,0.166666666666667,0,"REAL_PUBLIC_HKO",28,33,12,"Public HKO open-data design only; no health outcomes joined."
2015-09-26,32.2,26.9,28.7,0,0,0,2015,9,26,"2015-09",269,999,"pre_covid",0,0,0.166666666666667,0,"REAL_PUBLIC_HKO",28,33,12,"Public HKO open-data design only; no health outcomes joined."
2015-09-27,30.2,26.5,27.8,0,0,0,2015,9,27,"2015-09",270,1000,"pre_covid",0,0,0.166666666666667,0,"REAL_PUBLIC_HKO",28,33,12,"Public HKO open-data design only; no health outcomes joined."
2015-09-28,32.8,25.8,29,0,0,0,2015,9,28,"2015-09",271,1001,"pre_covid",0,0,0.166666666666667,0,"REAL_PUBLIC_HKO",28,33,12,"Public HKO open-data design only; no health outcomes joined."
2015-09-29,31.3,27.4,29.7,0,0,0,2015,9,29,"2015-09",272,1002,"pre_covid",0,0,0.166666666666667,0,"REAL_PUBLIC_HKO",28,33,12,"Public HKO open-data design only; no health outcomes joined."
2015-09-30,32.7,28.2,29.8,1,0,0,2015,9,30,"2015-09",273,1003,"pre_covid",1,0,0.333333333333333,0,"REAL_PUBLIC_HKO",28,33,12,"Public HKO open-data design only; no health outcomes joined."
2015-10-01,31.7,26.4,28.8,0,0,0,2015,10,1,"2015-10",274,1004,"pre_covid",0,0,0.166666666666667,0,"REAL_PUBLIC_HKO",28,33,12,"Public HKO open-data design only; no health outcomes joined."
2015-10-02,31.6,26.5,27.9,0,0,0,2015,10,2,"2015-10",275,1005,"pre_covid",0,0,0.166666666666667,0,"REAL_PUBLIC_HKO",28,33,12,"Public HKO open-data design only; no health outcomes joined."
2015-10-03,29.7,24.2,26.8,0,0,0,2015,10,3,"2015-10",276,1006,"pre_covid",0,0,0.166666666666667,0,"REAL_PUBLIC_HKO",28,33,12,"Public HKO open-data design only; no health outcomes joined."
2015-10-04,27.8,24.9,26.7,0,0,0,2015,10,4,"2015-10",277,1007,"pre_covid",0,0,0.166666666666667,0,"REAL_PUBLIC_HKO",28,33,12,"Public HKO open-data design only; no health outcomes joined."
2015-10-05,27.8,25.4,26.7,0,0,0,2015,10,5,"2015-10",278,1008,"pre_covid",0,0,0.166666666666667,0,"REAL_PUBLIC_HKO",28,33,12,"Public HKO open-data design only; no health outcomes joined."
2015-10-06,26.8,25.3,26,0,0,0,2015,10,6,"2015-10",279,1009,"pre_covid",0,0,0,0,"REAL_PUBLIC_HKO",28,33,12,"Public HKO open-data design only; no health outcomes joined."
2015-10-07,27.6,25,26.4,0,0,0,2015,10,7,"2015-10",280,1010,"pre_covid",0,0,0,0,"REAL_PUBLIC_HKO",28,33,12,"Public HKO open-data design only; no health outcomes joined."
2015-10-08,30,26.1,27.8,0,0,0,2015,10,8,"2015-10",281,1011,"pre_covid",0,0,0,0,"REAL_PUBLIC_HKO",28,33,12,"Public HKO open-data design only; no health outcomes joined."
2015-10-09,29.4,24.8,26.8,0,0,0,2015,10,9,"2015-10",282,1012,"pre_covid",0,0,0,0,"REAL_PUBLIC_HKO",28,33,12,"Public HKO open-data design only; no health outcomes joined."
2015-10-10,26.6,21.1,24.3,0,0,0,2015,10,10,"2015-10",283,1013,"pre_covid",0,0,0,0,"REAL_PUBLIC_HKO",28,33,12,"Public HKO open-data design only; no health outcomes joined."
2015-10-11,22.1,18.5,20.5,0,0,0,2015,10,11,"2015-10",284,1014,"pre_covid",0,0,0,0,"REAL_PUBLIC_HKO",28,33,12,"Public HKO open-data design only; no health outcomes joined."
2015-10-12,24.9,21,23.1,0,0,0,2015,10,12,"2015-10",285,1015,"pre_covid",0,0,0,0,"REAL_PUBLIC_HKO",28,33,12,"Public HKO open-data design only; no health outcomes joined."
2015-10-13,27.8,23.3,25.1,0,0,0,2015,10,13,"2015-10",286,1016,"pre_covid",0,0,0,0,"REAL_PUBLIC_HKO",28,33,12,"Public HKO open-data design only; no health outcomes joined."
2015-10-14,28.2,23.1,25,0,0,0,2015,10,14,"2015-10",287,1017,"pre_covid",0,0,0,0,"REAL_PUBLIC_HKO",28,33,12,"Public HKO open-data design only; no health outcomes joined."
2015-10-15,28.7,23.1,25.2,0,0,0,2015,10,15,"2015-10",288,1018,"pre_covid",0,0,0,0,"REAL_PUBLIC_HKO",28,33,12,"Public HKO open-data design only; no health outcomes joined."
2015-10-16,29.4,23.3,25.8,0,0,0,2015,10,16,"2015-10",289,1019,"pre_covid",0,0,0,0,"REAL_PUBLIC_HKO",28,33,12,"Public HKO open-data design only; no health outcomes joined."
2015-10-17,30.8,23.6,26.2,0,0,0,2015,10,17,"2015-10",290,1020,"pre_covid",0,0,0,0,"REAL_PUBLIC_HKO",28,33,12,"Public HKO open-data design only; no health outcomes joined."
2015-10-18,29.1,23.5,25.5,0,0,0,2015,10,18,"2015-10",291,1021,"pre_covid",0,0,0,0,"REAL_PUBLIC_HKO",28,33,12,"Public HKO open-data design only; no health outcomes joined."
2015-10-19,28.2,23.1,25.3,0,0,0,2015,10,19,"2015-10",292,1022,"pre_covid",0,0,0,0,"REAL_PUBLIC_HKO",28,33,12,"Public HKO open-data design only; no health outcomes joined."
2015-10-20,29.1,23.8,26.2,0,0,0,2015,10,20,"2015-10",293,1023,"pre_covid",0,0,0,0,"REAL_PUBLIC_HKO",28,33,12,"Public HKO open-data design only; no health outcomes joined."
2015-10-21,29.2,24.3,26.4,0,0,0,2015,10,21,"2015-10",294,1024,"pre_covid",0,0,0,0,"REAL_PUBLIC_HKO",28,33,12,"Public HKO open-data design only; no health outcomes joined."
2015-10-22,30.6,25.3,27,0,0,0,2015,10,22,"2015-10",295,1025,"pre_covid",0,0,0,0,"REAL_PUBLIC_HKO",28,33,12,"Public HKO open-data design only; no health outcomes joined."
2015-10-23,30.7,24.8,27,0,0,0,2015,10,23,"2015-10",296,1026,"pre_covid",0,0,0,0,"REAL_PUBLIC_HKO",28,33,12,"Public HKO open-data design only; no health outcomes joined."
2015-10-24,29.6,24.9,26.8,0,0,0,2015,10,24,"2015-10",297,1027,"pre_covid",0,0,0,0,"REAL_PUBLIC_HKO",28,33,12,"Public HKO open-data design only; no health outcomes joined."
2015-10-25,26.6,25.4,25.9,0,0,0,2015,10,25,"2015-10",298,1028,"pre_covid",0,0,0,0,"REAL_PUBLIC_HKO",28,33,12,"Public HKO open-data design only; no health outcomes joined."
2015-10-26,26.2,24.5,25.4,0,0,0,2015,10,26,"2015-10",299,1029,"pre_covid",0,0,0,0,"REAL_PUBLIC_HKO",28,33,12,"Public HKO open-data design only; no health outcomes joined."
2015-10-27,30.1,24.3,26.5,0,0,0,2015,10,27,"2015-10",300,1030,"pre_covid",0,0,0,0,"REAL_PUBLIC_HKO",28,33,12,"Public HKO open-data design only; no health outcomes joined."
2015-10-28,29.2,25.5,26.7,0,0,0,2015,10,28,"2015-10",301,1031,"pre_covid",0,0,0,0,"REAL_PUBLIC_HKO",28,33,12,"Public HKO open-data design only; no health outcomes joined."
2015-10-29,28.4,25.5,26.4,0,0,0,2015,10,29,"2015-10",302,1032,"pre_covid",0,0,0,0,"REAL_PUBLIC_HKO",28,33,12,"Public HKO open-data design only; no health outcomes joined."
2015-10-30,29.6,25.3,26.7,0,0,0,2015,10,30,"2015-10",303,1033,"pre_covid",0,0,0,0,"REAL_PUBLIC_HKO",28,33,12,"Public HKO open-data design only; no health outcomes joined."
2015-10-31,27.2,24.4,25.6,0,0,0,2015,10,31,"2015-10",304,1034,"pre_covid",0,0,0,0,"REAL_PUBLIC_HKO",28,33,12,"Public HKO open-data design only; no health outcomes joined."
2015-11-01,24.5,20.5,22.9,0,0,0,2015,11,1,"2015-11",305,1035,"pre_covid",0,0,0,0,"REAL_PUBLIC_HKO",28,33,12,"Public HKO open-data design only; no health outcomes joined."
2015-11-02,26,19.7,22.6,0,0,0,2015,11,2,"2015-11",306,1036,"pre_covid",0,0,0,0,"REAL_PUBLIC_HKO",28,33,12,"Public HKO open-data design only; no health outcomes joined."
2015-11-03,25.8,22.3,23.7,0,0,0,2015,11,3,"2015-11",307,1037,"pre_covid",0,0,0,0,"REAL_PUBLIC_HKO",28,33,12,"Public HKO open-data design only; no health outcomes joined."
2015-11-04,26.6,23.1,24.7,0,0,0,2015,11,4,"2015-11",308,1038,"pre_covid",0,0,0,0,"REAL_PUBLIC_HKO",28,33,12,"Public HKO open-data design only; no health outcomes joined."
2015-11-05,28.2,24.5,25.8,0,0,0,2015,11,5,"2015-11",309,1039,"pre_covid",0,0,0,0,"REAL_PUBLIC_HKO",28,33,12,"Public HKO open-data design only; no health outcomes joined."
2015-11-06,26.3,24.7,25.5,0,0,0,2015,11,6,"2015-11",310,1040,"pre_covid",0,0,0,0,"REAL_PUBLIC_HKO",28,33,12,"Public HKO open-data design only; no health outcomes joined."
2015-11-07,28.4,25.2,26.2,0,0,0,2015,11,7,"2015-11",311,1041,"pre_covid",0,0,0,0,"REAL_PUBLIC_HKO",28,33,12,"Public HKO open-data design only; no health outcomes joined."
2015-11-08,28.7,25.5,26.5,0,0,0,2015,11,8,"2015-11",312,1042,"pre_covid",0,0,0,0,"REAL_PUBLIC_HKO",28,33,12,"Public HKO open-data design only; no health outcomes joined."
2015-11-09,30.3,24.8,26.7,0,0,0,2015,11,9,"2015-11",313,1043,"pre_covid",0,0,0,0,"REAL_PUBLIC_HKO",28,33,12,"Public HKO open-data design only; no health outcomes joined."
2015-11-10,25.9,24,24.9,0,0,0,2015,11,10,"2015-11",314,1044,"pre_covid",0,0,0,0,"REAL_PUBLIC_HKO",28,33,12,"Public HKO open-data design only; no health outcomes joined."
2015-11-11,25.4,22.6,23.8,0,0,0,2015,11,11,"2015-11",315,1045,"pre_covid",0,0,0,0,"REAL_PUBLIC_HKO",28,33,12,"Public HKO open-data design only; no health outcomes joined."
2015-11-12,24.2,23.6,23.9,0,0,0,2015,11,12,"2015-11",316,1046,"pre_covid",0,0,0,0,"REAL_PUBLIC_HKO",28,33,12,"Public HKO open-data design only; no health outcomes joined."
2015-11-13,25.3,21,23.3,0,0,0,2015,11,13,"2015-11",317,1047,"pre_covid",0,0,0,0,"REAL_PUBLIC_HKO",28,33,12,"Public HKO open-data design only; no health outcomes joined."
2015-11-14,26.9,22.3,24.4,0,0,0,2015,11,14,"2015-11",318,1048,"pre_covid",0,0,0,0,"REAL_PUBLIC_HKO",28,33,12,"Public HKO open-data design only; no health outcomes joined."
2015-11-15,24.8,23.5,24.2,0,0,0,2015,11,15,"2015-11",319,1049,"pre_covid",0,0,0,0,"REAL_PUBLIC_HKO",28,33,12,"Public HKO open-data design only; no health outcomes joined."
2015-11-16,25.9,23.6,24.8,0,0,0,2015,11,16,"2015-11",320,1050,"pre_covid",0,0,0,0,"REAL_PUBLIC_HKO",28,33,12,"Public HKO open-data design only; no health outcomes joined."
2015-11-17,27.2,24.4,25.5,0,0,0,2015,11,17,"2015-11",321,1051,"pre_covid",0,0,0,0,"REAL_PUBLIC_HKO",28,33,12,"Public HKO open-data design only; no health outcomes joined."
2015-11-18,29.1,24.1,26.1,0,0,0,2015,11,18,"2015-11",322,1052,"pre_covid",0,0,0,0,"REAL_PUBLIC_HKO",28,33,12,"Public HKO open-data design only; no health outcomes joined."
2015-11-19,28.5,24.5,25.9,0,0,0,2015,11,19,"2015-11",323,1053,"pre_covid",0,0,0,0,"REAL_PUBLIC_HKO",28,33,12,"Public HKO open-data design only; no health outcomes joined."
2015-11-20,25.9,24.4,24.8,0,0,0,2015,11,20,"2015-11",324,1054,"pre_covid",0,0,0,0,"REAL_PUBLIC_HKO",28,33,12,"Public HKO open-data design only; no health outcomes joined."
2015-11-21,26,23.9,24.8,0,0,0,2015,11,21,"2015-11",325,1055,"pre_covid",0,0,0,0,"REAL_PUBLIC_HKO",28,33,12,"Public HKO open-data design only; no health outcomes joined."
2015-11-22,27.6,24,25.4,0,0,0,2015,11,22,"2015-11",326,1056,"pre_covid",0,0,0,0,"REAL_PUBLIC_HKO",28,33,12,"Public HKO open-data design only; no health outcomes joined."
2015-11-23,28.4,23.7,25.4,0,0,0,2015,11,23,"2015-11",327,1057,"pre_covid",0,0,0,0,"REAL_PUBLIC_HKO",28,33,12,"Public HKO open-data design only; no health outcomes joined."
2015-11-24,26.6,23.3,24.5,0,0,0,2015,11,24,"2015-11",328,1058,"pre_covid",0,0,0,0,"REAL_PUBLIC_HKO",28,33,12,"Public HKO open-data design only; no health outcomes joined."
2015-11-25,25.3,18.2,22.6,0,0,0,2015,11,25,"2015-11",329,1059,"pre_covid",0,0,0,0,"REAL_PUBLIC_HKO",28,33,12,"Public HKO open-data design only; no health outcomes joined."
2015-11-26,21.2,15.8,18.2,0,0,0,2015,11,26,"2015-11",330,1060,"pre_covid",0,0,0,0,"REAL_PUBLIC_HKO",28,33,12,"Public HKO open-data design only; no health outcomes joined."
2015-11-27,20.4,15.3,18.4,0,0,0,2015,11,27,"2015-11",331,1061,"pre_covid",0,0,0,0,"REAL_PUBLIC_HKO",28,33,12,"Public HKO open-data design only; no health outcomes joined."
2015-11-28,22.9,19.2,20.8,0,0,0,2015,11,28,"2015-11",332,1062,"pre_covid",0,0,0,0,"REAL_PUBLIC_HKO",28,33,12,"Public HKO open-data design only; no health outcomes joined."
2015-11-29,24.1,20.3,22.1,0,0,0,2015,11,29,"2015-11",333,1063,"pre_covid",0,0,0,0,"REAL_PUBLIC_HKO",28,33,12,"Public HKO open-data design only; no health outcomes joined."
2015-11-30,25.2,20.4,22.4,0,0,0,2015,11,30,"2015-11",334,1064,"pre_covid",0,0,0,0,"REAL_PUBLIC_HKO",28,33,12,"Public HKO open-data design only; no health outcomes joined."
2015-12-01,25.1,22,22.9,0,0,0,2015,12,1,"2015-12",335,1065,"pre_covid",0,0,0,0,"REAL_PUBLIC_HKO",28,33,12,"Public HKO open-data design only; no health outcomes joined."
2015-12-02,25,22.2,23.3,0,0,0,2015,12,2,"2015-12",336,1066,"pre_covid",0,0,0,0,"REAL_PUBLIC_HKO",28,33,12,"Public HKO open-data design only; no health outcomes joined."
2015-12-03,22.3,19.6,20.8,0,0,0,2015,12,3,"2015-12",337,1067,"pre_covid",0,0,0,0,"REAL_PUBLIC_HKO",28,33,12,"Public HKO open-data design only; no health outcomes joined."
2015-12-04,21,18.4,19.5,0,0,0,2015,12,4,"2015-12",338,1068,"pre_covid",0,0,0,0,"REAL_PUBLIC_HKO",28,33,12,"Public HKO open-data design only; no health outcomes joined."
2015-12-05,20.3,15.7,18.4,0,0,0,2015,12,5,"2015-12",339,1069,"pre_covid",0,0,0,0,"REAL_PUBLIC_HKO",28,33,12,"Public HKO open-data design only; no health outcomes joined."
2015-12-06,18.1,15.4,16.6,0,0,0,2015,12,6,"2015-12",340,1070,"pre_covid",0,0,0,0,"REAL_PUBLIC_HKO",28,33,12,"Public HKO open-data design only; no health outcomes joined."
2015-12-07,19.3,15.4,17.3,0,0,0,2015,12,7,"2015-12",341,1071,"pre_covid",0,0,0,0,"REAL_PUBLIC_HKO",28,33,12,"Public HKO open-data design only; no health outcomes joined."
2015-12-08,19,17,18,0,0,0,2015,12,8,"2015-12",342,1072,"pre_covid",0,0,0,0,"REAL_PUBLIC_HKO",28,33,12,"Public HKO open-data design only; no health outcomes joined."
2015-12-09,18.9,16.9,17.7,0,0,0,2015,12,9,"2015-12",343,1073,"pre_covid",0,0,0,0,"REAL_PUBLIC_HKO",28,33,12,"Public HKO open-data design only; no health outcomes joined."
2015-12-10,20.9,17.6,19.3,0,0,0,2015,12,10,"2015-12",344,1074,"pre_covid",0,0,0,0,"REAL_PUBLIC_HKO",28,33,12,"Public HKO open-data design only; no health outcomes joined."
2015-12-11,23,17.9,19.9,0,0,0,2015,12,11,"2015-12",345,1075,"pre_covid",0,0,0,0,"REAL_PUBLIC_HKO",28,33,12,"Public HKO open-data design only; no health outcomes joined."
2015-12-12,20.7,19.4,20,0,0,0,2015,12,12,"2015-12",346,1076,"pre_covid",0,0,0,0,"REAL_PUBLIC_HKO",28,33,12,"Public HKO open-data design only; no health outcomes joined."
2015-12-13,21,19.7,20.4,0,0,0,2015,12,13,"2015-12",347,1077,"pre_covid",0,0,0,0,"REAL_PUBLIC_HKO",28,33,12,"Public HKO open-data design only; no health outcomes joined."
2015-12-14,21.3,19.1,20.4,0,0,0,2015,12,14,"2015-12",348,1078,"pre_covid",0,0,0,0,"REAL_PUBLIC_HKO",28,33,12,"Public HKO open-data design only; no health outcomes joined."
2015-12-15,20.4,16,18.4,0,0,0,2015,12,15,"2015-12",349,1079,"pre_covid",0,0,0,0,"REAL_PUBLIC_HKO",28,33,12,"Public HKO open-data design only; no health outcomes joined."
2015-12-16,17.2,13.4,15.2,0,0,0,2015,12,16,"2015-12",350,1080,"pre_covid",0,0,0,0,"REAL_PUBLIC_HKO",28,33,12,"Public HKO open-data design only; no health outcomes joined."
2015-12-17,15.2,11.5,13.2,0,0,1,2015,12,17,"2015-12",351,1081,"pre_covid",0,1,0,0.0454545454545455,"REAL_PUBLIC_HKO",28,33,12,"Public HKO open-data design only; no health outcomes joined."
2015-12-18,16.5,11.3,13.9,0,0,1,2015,12,18,"2015-12",352,1082,"pre_covid",0,1,0,0.0909090909090909,"REAL_PUBLIC_HKO",28,33,12,"Public HKO open-data design only; no health outcomes joined."
2015-12-19,18.2,13.8,16.2,0,0,0,2015,12,19,"2015-12",353,1083,"pre_covid",0,0,0,0.0909090909090909,"REAL_PUBLIC_HKO",28,33,12,"Public HKO open-data design only; no health outcomes joined."
2015-12-20,18.6,17,17.6,0,0,0,2015,12,20,"2015-12",354,1084,"pre_covid",0,0,0,0.0909090909090909,"REAL_PUBLIC_HKO",28,33,12,"Public HKO open-data design only; no health outcomes joined."
2015-12-21,21.1,17.1,19.4,0,0,0,2015,12,21,"2015-12",355,1085,"pre_covid",0,0,0,0.0909090909090909,"REAL_PUBLIC_HKO",28,33,12,"Public HKO open-data design only; no health outcomes joined."
2015-12-22,20.6,18.7,19.9,0,0,0,2015,12,22,"2015-12",356,1086,"pre_covid",0,0,0,0.0909090909090909,"REAL_PUBLIC_HKO",28,33,12,"Public HKO open-data design only; no health outcomes joined."
2015-12-23,22.3,19.8,21.1,0,0,0,2015,12,23,"2015-12",357,1087,"pre_covid",0,0,0,0.0909090909090909,"REAL_PUBLIC_HKO",28,33,12,"Public HKO open-data design only; no health outcomes joined."
2015-12-24,24.7,21.1,22.3,0,0,0,2015,12,24,"2015-12",358,1088,"pre_covid",0,0,0,0.0909090909090909,"REAL_PUBLIC_HKO",28,33,12,"Public HKO open-data design only; no health outcomes joined."
2015-12-25,21.4,16.1,18.2,0,0,0,2015,12,25,"2015-12",359,1089,"pre_covid",0,0,0,0.0909090909090909,"REAL_PUBLIC_HKO",28,33,12,"Public HKO open-data design only; no health outcomes joined."
2015-12-26,19.7,16.9,17.9,0,0,0,2015,12,26,"2015-12",360,1090,"pre_covid",0,0,0,0.0909090909090909,"REAL_PUBLIC_HKO",28,33,12,"Public HKO open-data design only; no health outcomes joined."
2015-12-27,18.8,16.9,17.7,0,0,0,2015,12,27,"2015-12",361,1091,"pre_covid",0,0,0,0.0909090909090909,"REAL_PUBLIC_HKO",28,33,12,"Public HKO open-data design only; no health outcomes joined."
2015-12-28,18.6,16.3,17.3,0,0,0,2015,12,28,"2015-12",362,1092,"pre_covid",0,0,0,0.0909090909090909,"REAL_PUBLIC_HKO",28,33,12,"Public HKO open-data design only; no health outcomes joined."
2015-12-29,18.9,16.4,17.7,0,0,0,2015,12,29,"2015-12",363,1093,"pre_covid",0,0,0,0.0909090909090909,"REAL_PUBLIC_HKO",28,33,12,"Public HKO open-data design only; no health outcomes joined."
2015-12-30,19.2,15.2,17.3,0,0,0,2015,12,30,"2015-12",364,1094,"pre_covid",0,0,0,0.0909090909090909,"REAL_PUBLIC_HKO",28,33,12,"Public HKO open-data design only; no health outcomes joined."
2015-12-31,20.5,15.5,17.8,0,0,0,2015,12,31,"2015-12",365,1095,"pre_covid",0,0,0,0.0909090909090909,"REAL_PUBLIC_HKO",28,33,12,"Public HKO open-data design only; no health outcomes joined."
2016-01-01,19.9,16.8,18.3,0,0,0,2016,1,1,"2016-01",1,1096,"pre_covid",0,0,0,0.0909090909090909,"REAL_PUBLIC_HKO",28,33,12,"Public HKO open-data design only; no health outcomes joined."
2016-01-02,21.7,17.2,18.9,0,0,0,2016,1,2,"2016-01",2,1097,"pre_covid",0,0,0,0.0909090909090909,"REAL_PUBLIC_HKO",28,33,12,"Public HKO open-data design only; no health outcomes joined."
2016-01-03,20.3,18,19.3,0,0,0,2016,1,3,"2016-01",3,1098,"pre_covid",0,0,0,0.0909090909090909,"REAL_PUBLIC_HKO",28,33,12,"Public HKO open-data design only; no health outcomes joined."
2016-01-04,22.3,19.1,20.6,0,0,0,2016,1,4,"2016-01",4,1099,"pre_covid",0,0,0,0.0909090909090909,"REAL_PUBLIC_HKO",28,33,12,"Public HKO open-data design only; no health outcomes joined."
2016-01-05,21.3,20.2,20.7,0,0,0,2016,1,5,"2016-01",5,1100,"pre_covid",0,0,0,0.0909090909090909,"REAL_PUBLIC_HKO",28,33,12,"Public HKO open-data design only; no health outcomes joined."
2016-01-06,24.3,19.2,20.9,0,0,0,2016,1,6,"2016-01",6,1101,"pre_covid",0,0,0,0.0909090909090909,"REAL_PUBLIC_HKO",28,33,12,"Public HKO open-data design only; no health outcomes joined."
2016-01-07,21.4,17,18.8,0,0,0,2016,1,7,"2016-01",7,1102,"pre_covid",0,0,0,0.0909090909090909,"REAL_PUBLIC_HKO",28,33,12,"Public HKO open-data design only; no health outcomes joined."
2016-01-08,21,16.5,18.4,0,0,0,2016,1,8,"2016-01",8,1103,"pre_covid",0,0,0,0.0454545454545455,"REAL_PUBLIC_HKO",28,33,12,"Public HKO open-data design only; no health outcomes joined."
2016-01-09,18.9,17.1,18.1,0,0,0,2016,1,9,"2016-01",9,1104,"pre_covid",0,0,0,0,"REAL_PUBLIC_HKO",28,33,12,"Public HKO open-data design only; no health outcomes joined."
2016-01-10,18.5,17.2,18,0,0,0,2016,1,10,"2016-01",10,1105,"pre_covid",0,0,0,0,"REAL_PUBLIC_HKO",28,33,12,"Public HKO open-data design only; no health outcomes joined."
2016-01-11,20.4,16.5,18.1,0,0,0,2016,1,11,"2016-01",11,1106,"pre_covid",0,0,0,0,"REAL_PUBLIC_HKO",28,33,12,"Public HKO open-data design only; no health outcomes joined."
2016-01-12,18.5,16.1,17.3,0,0,0,2016,1,12,"2016-01",12,1107,"pre_covid",0,0,0,0,"REAL_PUBLIC_HKO",28,33,12,"Public HKO open-data design only; no health outcomes joined."
2016-01-13,18.7,14.2,16.1,0,0,0,2016,1,13,"2016-01",13,1108,"pre_covid",0,0,0,0,"REAL_PUBLIC_HKO",28,33,12,"Public HKO open-data design only; no health outcomes joined."
2016-01-14,17.5,15.6,16.5,0,0,0,2016,1,14,"2016-01",14,1109,"pre_covid",0,0,0,0,"REAL_PUBLIC_HKO",28,33,12,"Public HKO open-data design only; no health outcomes joined."
2016-01-15,16.1,14.5,15.1,0,0,0,2016,1,15,"2016-01",15,1110,"pre_covid",0,0,0,0,"REAL_PUBLIC_HKO",28,33,12,"Public HKO open-data design only; no health outcomes joined."
2016-01-16,17.1,15.5,16.4,0,0,0,2016,1,16,"2016-01",16,1111,"pre_covid",0,0,0,0,"REAL_PUBLIC_HKO",28,33,12,"Public HKO open-data design only; no health outcomes joined."
2016-01-17,20.6,14.8,17.8,0,0,0,2016,1,17,"2016-01",17,1112,"pre_covid",0,0,0,0,"REAL_PUBLIC_HKO",28,33,12,"Public HKO open-data design only; no health outcomes joined."
2016-01-18,17.8,11.9,15.2,0,0,1,2016,1,18,"2016-01",18,1113,"pre_covid",0,1,0,0.0454545454545455,"REAL_PUBLIC_HKO",28,33,12,"Public HKO open-data design only; no health outcomes joined."
2016-01-19,17.6,15.3,16.4,0,0,0,2016,1,19,"2016-01",19,1114,"pre_covid",0,0,0,0.0454545454545455,"REAL_PUBLIC_HKO",28,33,12,"Public HKO open-data design only; no health outcomes joined."
2016-01-20,16.8,14.8,15.5,0,0,0,2016,1,20,"2016-01",20,1115,"pre_covid",0,0,0,0.0454545454545455,"REAL_PUBLIC_HKO",28,33,12,"Public HKO open-data design only; no health outcomes joined."
2016-01-21,17.1,15.1,16.1,0,0,0,2016,1,21,"2016-01",21,1116,"pre_covid",0,0,0,0.0454545454545455,"REAL_PUBLIC_HKO",28,33,12,"Public HKO open-data design only; no health outcomes joined."
2016-01-22,16.2,10.3,14.1,0,0,1,2016,1,22,"2016-01",22,1117,"pre_covid",0,1,0,0.0909090909090909,"REAL_PUBLIC_HKO",28,33,12,"Public HKO open-data design only; no health outcomes joined."
2016-01-23,10.4,7,8.5,0,0,1,2016,1,23,"2016-01",23,1118,"pre_covid",0,1,0,0.136363636363636,"REAL_PUBLIC_HKO",28,33,12,"Public HKO open-data design only; no health outcomes joined."
2016-01-24,7.1,3.1,4.9,0,0,1,2016,1,24,"2016-01",24,1119,"pre_covid",0,1,0,0.181818181818182,"REAL_PUBLIC_HKO",28,33,12,"Public HKO open-data design only; no health outcomes joined."
2016-01-25,10.8,4.3,7.4,0,0,1,2016,1,25,"2016-01",25,1120,"pre_covid",0,1,0,0.227272727272727,"REAL_PUBLIC_HKO",28,33,12,"Public HKO open-data design only; no health outcomes joined."
2016-01-26,13.5,8.1,10.4,0,0,1,2016,1,26,"2016-01",26,1121,"pre_covid",0,1,0,0.272727272727273,"REAL_PUBLIC_HKO",28,33,12,"Public HKO open-data design only; no health outcomes joined."
2016-01-27,15.3,9.8,13,0,0,1,2016,1,27,"2016-01",27,1122,"pre_covid",0,1,0,0.318181818181818,"REAL_PUBLIC_HKO",28,33,12,"Public HKO open-data design only; no health outcomes joined."
2016-01-28,17.4,14.8,16.1,0,0,0,2016,1,28,"2016-01",28,1123,"pre_covid",0,0,0,0.318181818181818,"REAL_PUBLIC_HKO",28,33,12,"Public HKO open-data design only; no health outcomes joined."
2016-01-29,17.4,15.9,16.6,0,0,0,2016,1,29,"2016-01",29,1124,"pre_covid",0,0,0,0.318181818181818,"REAL_PUBLIC_HKO",28,33,12,"Public HKO open-data design only; no health outcomes joined."
2016-01-30,19.9,16.2,17.6,0,0,0,2016,1,30,"2016-01",30,1125,"pre_covid",0,0,0,0.318181818181818,"REAL_PUBLIC_HKO",28,33,12,"Public HKO open-data design only; no health outcomes joined."
2016-01-31,16.2,15.3,15.7,0,0,0,2016,1,31,"2016-01",31,1126,"pre_covid",0,0,0,0.318181818181818,"REAL_PUBLIC_HKO",28,33,12,"Public HKO open-data design only; no health outcomes joined."
2016-02-01,15.6,10.7,12.4,0,0,1,2016,2,1,"2016-02",32,1127,"pre_covid",0,1,0,0.363636363636364,"REAL_PUBLIC_HKO",28,33,12,"Public HKO open-data design only; no health outcomes joined."
2016-02-02,11.2,9.4,10.4,0,0,1,2016,2,2,"2016-02",33,1128,"pre_covid",0,1,0,0.409090909090909,"REAL_PUBLIC_HKO",28,33,12,"Public HKO open-data design only; no health outcomes joined."
2016-02-03,14.3,10.3,12.5,0,0,1,2016,2,3,"2016-02",34,1129,"pre_covid",0,1,0,0.454545454545455,"REAL_PUBLIC_HKO",28,33,12,"Public HKO open-data design only; no health outcomes joined."
2016-02-04,18.8,13.3,15.2,0,0,0,2016,2,4,"2016-02",35,1130,"pre_covid",0,0,0,0.454545454545455,"REAL_PUBLIC_HKO",28,33,12,"Public HKO open-data design only; no health outcomes joined."
2016-02-05,18.6,12.3,14.8,0,0,0,2016,2,5,"2016-02",36,1131,"pre_covid",0,0,0,0.454545454545455,"REAL_PUBLIC_HKO",28,33,12,"Public HKO open-data design only; no health outcomes joined."
2016-02-06,17.4,11.2,13.6,0,0,1,2016,2,6,"2016-02",37,1132,"pre_covid",0,1,0,0.5,"REAL_PUBLIC_HKO",28,33,12,"Public HKO open-data design only; no health outcomes joined."
2016-02-07,18.1,9.9,13.7,0,0,1,2016,2,7,"2016-02",38,1133,"pre_covid",0,1,0,0.545454545454545,"REAL_PUBLIC_HKO",28,33,12,"Public HKO open-data design only; no health outcomes joined."
2016-02-08,19.6,11.6,14.8,0,0,1,2016,2,8,"2016-02",39,1134,"pre_covid",0,1,0,0.590909090909091,"REAL_PUBLIC_HKO",28,33,12,"Public HKO open-data design only; no health outcomes joined."
2016-02-09,21.2,12.7,16.7,0,0,0,2016,2,9,"2016-02",40,1135,"pre_covid",0,0,0,0.545454545454545,"REAL_PUBLIC_HKO",28,33,12,"Public HKO open-data design only; no health outcomes joined."
2016-02-10,17.3,15.3,16.6,0,0,0,2016,2,10,"2016-02",41,1136,"pre_covid",0,0,0,0.545454545454545,"REAL_PUBLIC_HKO",28,33,12,"Public HKO open-data design only; no health outcomes joined."
2016-02-11,22.4,17.2,18.8,0,0,0,2016,2,11,"2016-02",42,1137,"pre_covid",0,0,0,0.545454545454545,"REAL_PUBLIC_HKO",28,33,12,"Public HKO open-data design only; no health outcomes joined."
2016-02-12,21.6,17.6,19.2,0,0,0,2016,2,12,"2016-02",43,1138,"pre_covid",0,0,0,0.545454545454545,"REAL_PUBLIC_HKO",28,33,12,"Public HKO open-data design only; no health outcomes joined."
2016-02-13,25.9,21.3,23.1,0,0,0,2016,2,13,"2016-02",44,1139,"pre_covid",0,0,0,0.5,"REAL_PUBLIC_HKO",28,33,12,"Public HKO open-data design only; no health outcomes joined."
2016-02-14,24.6,17.4,21.7,0,0,0,2016,2,14,"2016-02",45,1140,"pre_covid",0,0,0,0.454545454545455,"REAL_PUBLIC_HKO",28,33,12,"Public HKO open-data design only; no health outcomes joined."
2016-02-15,17.5,11.4,13.2,0,0,1,2016,2,15,"2016-02",46,1141,"pre_covid",0,1,0,0.454545454545455,"REAL_PUBLIC_HKO",28,33,12,"Public HKO open-data design only; no health outcomes joined."
2016-02-16,15.1,10.9,12.8,0,0,1,2016,2,16,"2016-02",47,1142,"pre_covid",0,1,0,0.454545454545455,"REAL_PUBLIC_HKO",28,33,12,"Public HKO open-data design only; no health outcomes joined."
2016-02-17,14.4,11.6,12.9,0,0,1,2016,2,17,"2016-02",48,1143,"pre_covid",0,1,0,0.454545454545455,"REAL_PUBLIC_HKO",28,33,12,"Public HKO open-data design only; no health outcomes joined."
2016-02-18,15,11.7,13.7,0,0,1,2016,2,18,"2016-02",49,1144,"pre_covid",0,1,0,0.454545454545455,"REAL_PUBLIC_HKO",28,33,12,"Public HKO open-data design only; no health outcomes joined."
2016-02-19,16.3,14.6,15.3,0,0,0,2016,2,19,"2016-02",50,1145,"pre_covid",0,0,0,0.454545454545455,"REAL_PUBLIC_HKO",28,33,12,"Public HKO open-data design only; no health outcomes joined."
2016-02-20,20.1,12.5,16,0,0,0,2016,2,20,"2016-02",51,1146,"pre_covid",0,0,0,0.454545454545455,"REAL_PUBLIC_HKO",28,33,12,"Public HKO open-data design only; no health outcomes joined."
2016-02-21,15.9,14.7,15,0,0,0,2016,2,21,"2016-02",52,1147,"pre_covid",0,0,0,0.454545454545455,"REAL_PUBLIC_HKO",28,33,12,"Public HKO open-data design only; no health outcomes joined."
2016-02-22,17.6,14.6,16.1,0,0,0,2016,2,22,"2016-02",53,1148,"pre_covid",0,0,0,0.454545454545455,"REAL_PUBLIC_HKO",28,33,12,"Public HKO open-data design only; no health outcomes joined."
2016-02-23,16.7,13.7,15.5,0,0,0,2016,2,23,"2016-02",54,1149,"pre_covid",0,0,0,0.409090909090909,"REAL_PUBLIC_HKO",28,33,12,"Public HKO open-data design only; no health outcomes joined."
2016-02-24,15.5,12.3,13.7,0,0,0,2016,2,24,"2016-02",55,1150,"pre_covid",0,0,0,0.363636363636364,"REAL_PUBLIC_HKO",28,33,12,"Public HKO open-data design only; no health outcomes joined."
2016-02-25,16.8,13.5,14.8,0,0,0,2016,2,25,"2016-02",56,1151,"pre_covid",0,0,0,0.318181818181818,"REAL_PUBLIC_HKO",28,33,12,"Public HKO open-data design only; no health outcomes joined."
2016-02-26,17.6,14,15.2,0,0,0,2016,2,26,"2016-02",57,1152,"pre_covid",0,0,0,0.318181818181818,"REAL_PUBLIC_HKO",28,33,12,"Public HKO open-data design only; no health outcomes joined."
2016-02-27,17.5,13.8,15.5,0,0,0,2016,2,27,"2016-02",58,1153,"pre_covid",0,0,0,0.318181818181818,"REAL_PUBLIC_HKO",28,33,12,"Public HKO open-data design only; no health outcomes joined."
2016-02-28,20.9,13.3,16.6,0,0,0,2016,2,28,"2016-02",59,1154,"pre_covid",0,0,0,0.272727272727273,"REAL_PUBLIC_HKO",28,33,12,"Public HKO open-data design only; no health outcomes joined."
2016-02-29,24.8,14.4,18.5,0,0,0,2016,2,29,"2016-02",60,1155,"pre_covid",0,0,0,0.227272727272727,"REAL_PUBLIC_HKO",28,33,12,"Public HKO open-data design only; no health outcomes joined."
2016-03-01,19.7,14.6,16.5,0,0,0,2016,3,1,"2016-03",61,1156,"pre_covid",0,0,0,0.181818181818182,"REAL_PUBLIC_HKO",28,33,12,"Public HKO open-data design only; no health outcomes joined."
2016-03-02,20.6,14.4,16.6,0,0,0,2016,3,2,"2016-03",62,1157,"pre_covid",0,0,0,0.181818181818182,"REAL_PUBLIC_HKO",28,33,12,"Public HKO open-data design only; no health outcomes joined."
2016-03-03,23.8,15.4,18.7,0,0,0,2016,3,3,"2016-03",63,1158,"pre_covid",0,0,0,0.181818181818182,"REAL_PUBLIC_HKO",28,33,12,"Public HKO open-data design only; no health outcomes joined."
2016-03-04,23.2,18.1,20.2,0,0,0,2016,3,4,"2016-03",64,1159,"pre_covid",0,0,0,0.181818181818182,"REAL_PUBLIC_HKO",28,33,12,"Public HKO open-data design only; no health outcomes joined."
2016-03-05,23.1,19.2,20.8,0,0,0,2016,3,5,"2016-03",65,1160,"pre_covid",0,0,0,0.181818181818182,"REAL_PUBLIC_HKO",28,33,12,"Public HKO open-data design only; no health outcomes joined."
2016-03-06,25.9,19.2,21.8,0,0,0,2016,3,6,"2016-03",66,1161,"pre_covid",0,0,0,0.181818181818182,"REAL_PUBLIC_HKO",28,33,12,"Public HKO open-data design only; no health outcomes joined."
2016-03-07,21.3,18.9,19.7,0,0,0,2016,3,7,"2016-03",67,1162,"pre_covid",0,0,0,0.181818181818182,"REAL_PUBLIC_HKO",28,33,12,"Public HKO open-data design only; no health outcomes joined."
2016-03-08,21.5,18.9,20.1,0,0,0,2016,3,8,"2016-03",68,1163,"pre_covid",0,0,0,0.136363636363636,"REAL_PUBLIC_HKO",28,33,12,"Public HKO open-data design only; no health outcomes joined."
2016-03-09,22.9,17.1,20.8,0,0,0,2016,3,9,"2016-03",69,1164,"pre_covid",0,0,0,0.0909090909090909,"REAL_PUBLIC_HKO",28,33,12,"Public HKO open-data design only; no health outcomes joined."
2016-03-10,17.2,10,13.4,0,0,1,2016,3,10,"2016-03",70,1165,"pre_covid",0,1,0,0.0909090909090909,"REAL_PUBLIC_HKO",28,33,12,"Public HKO open-data design only; no health outcomes joined."
2016-03-11,14.3,10,11.9,0,0,1,2016,3,11,"2016-03",71,1166,"pre_covid",0,1,0,0.0909090909090909,"REAL_PUBLIC_HKO",28,33,12,"Public HKO open-data design only; no health outcomes joined."
2016-03-12,14.5,12.7,13.6,0,0,0,2016,3,12,"2016-03",72,1167,"pre_covid",0,0,0,0.0909090909090909,"REAL_PUBLIC_HKO",28,33,12,"Public HKO open-data design only; no health outcomes joined."
2016-03-13,17,14.4,15.8,0,0,0,2016,3,13,"2016-03",73,1168,"pre_covid",0,0,0,0.0909090909090909,"REAL_PUBLIC_HKO",28,33,12,"Public HKO open-data design only; no health outcomes joined."
2016-03-14,16.5,14.2,15.3,0,0,0,2016,3,14,"2016-03",74,1169,"pre_covid",0,0,0,0.0909090909090909,"REAL_PUBLIC_HKO",28,33,12,"Public HKO open-data design only; no health outcomes joined."
2016-03-15,15.5,14,14.8,0,0,0,2016,3,15,"2016-03",75,1170,"pre_covid",0,0,0,0.0909090909090909,"REAL_PUBLIC_HKO",28,33,12,"Public HKO open-data design only; no health outcomes joined."
2016-03-16,16.3,14.1,15.3,0,0,0,2016,3,16,"2016-03",76,1171,"pre_covid",0,0,0,0.0909090909090909,"REAL_PUBLIC_HKO",28,33,12,"Public HKO open-data design only; no health outcomes joined."
2016-03-17,17.4,15.6,16.5,0,0,0,2016,3,17,"2016-03",77,1172,"pre_covid",0,0,0,0.0909090909090909,"REAL_PUBLIC_HKO",28,33,12,"Public HKO open-data design only; no health outcomes joined."
2016-03-18,21.9,17.2,19.5,0,0,0,2016,3,18,"2016-03",78,1173,"pre_covid",0,0,0,0.0909090909090909,"REAL_PUBLIC_HKO",28,33,12,"Public HKO open-data design only; no health outcomes joined."
2016-03-19,24.9,20.3,22.4,0,0,0,2016,3,19,"2016-03",79,1174,"pre_covid",0,0,0,0.0909090909090909,"REAL_PUBLIC_HKO",28,33,12,"Public HKO open-data design only; no health outcomes joined."
2016-03-20,23.1,17.6,19,0,0,0,2016,3,20,"2016-03",80,1175,"pre_covid",0,0,0,0.0909090909090909,"REAL_PUBLIC_HKO",28,33,12,"Public HKO open-data design only; no health outcomes joined."
2016-03-21,18.2,16.4,17.1,0,0,0,2016,3,21,"2016-03",81,1176,"pre_covid",0,0,0,0.0909090909090909,"REAL_PUBLIC_HKO",28,33,12,"Public HKO open-data design only; no health outcomes joined."
2016-03-22,17.3,15.9,16.6,0,0,0,2016,3,22,"2016-03",82,1177,"pre_covid",0,0,0,0.0909090909090909,"REAL_PUBLIC_HKO",28,33,12,"Public HKO open-data design only; no health outcomes joined."
2016-03-23,20.6,17.1,18.4,0,0,0,2016,3,23,"2016-03",83,1178,"pre_covid",0,0,0,0.0909090909090909,"REAL_PUBLIC_HKO",28,33,12,"Public HKO open-data design only; no health outcomes joined."
2016-03-24,17.7,12.7,15.3,0,0,0,2016,3,24,"2016-03",84,1179,"pre_covid",0,0,0,0.0909090909090909,"REAL_PUBLIC_HKO",28,33,12,"Public HKO open-data design only; no health outcomes joined."
2016-03-25,15.7,11.6,13.7,0,0,1,2016,3,25,"2016-03",85,1180,"pre_covid",0,1,0,0.136363636363636,"REAL_PUBLIC_HKO",28,33,12,"Public HKO open-data design only; no health outcomes joined."
2016-03-26,20.2,12.6,15.8,0,0,0,2016,3,26,"2016-03",86,1181,"pre_covid",0,0,0,0.136363636363636,"REAL_PUBLIC_HKO",28,33,12,"Public HKO open-data design only; no health outcomes joined."
2016-03-27,22.4,14.6,17.3,0,0,0,2016,3,27,"2016-03",87,1182,"pre_covid",0,0,0,0.136363636363636,"REAL_PUBLIC_HKO",28,33,12,"Public HKO open-data design only; no health outcomes joined."
2016-03-28,19.9,15.2,16.9,0,0,0,2016,3,28,"2016-03",88,1183,"pre_covid",0,0,0,0.136363636363636,"REAL_PUBLIC_HKO",28,33,12,"Public HKO open-data design only; no health outcomes joined."
2016-03-29,19.4,15.7,17.7,0,0,0,2016,3,29,"2016-03",89,1184,"pre_covid",0,0,0,0.136363636363636,"REAL_PUBLIC_HKO",28,33,12,"Public HKO open-data design only; no health outcomes joined."
2016-03-30,22.2,18.4,20,0,0,0,2016,3,30,"2016-03",90,1185,"pre_covid",0,0,0,0.136363636363636,"REAL_PUBLIC_HKO",28,33,12,"Public HKO open-data design only; no health outcomes joined."
2016-03-31,25.5,19.1,21.5,0,0,0,2016,3,31,"2016-03",91,1186,"pre_covid",0,0,0,0.136363636363636,"REAL_PUBLIC_HKO",28,33,12,"Public HKO open-data design only; no health outcomes joined."
2016-04-01,25.3,19.9,21.9,0,0,0,2016,4,1,"2016-04",92,1187,"pre_covid",0,0,0,0.0909090909090909,"REAL_PUBLIC_HKO",28,33,12,"Public HKO open-data design only; no health outcomes joined."
2016-04-02,23.8,19.8,21.3,0,0,0,2016,4,2,"2016-04",93,1188,"pre_covid",0,0,0,0.0454545454545455,"REAL_PUBLIC_HKO",28,33,12,"Public HKO open-data design only; no health outcomes joined."
2016-04-03,26.5,21,23,0,0,0,2016,4,3,"2016-04",94,1189,"pre_covid",0,0,0,0.0454545454545455,"REAL_PUBLIC_HKO",28,33,12,"Public HKO open-data design only; no health outcomes joined."
2016-04-04,28.1,20.7,23.6,0,0,0,2016,4,4,"2016-04",95,1190,"pre_covid",0,0,0,0.0454545454545455,"REAL_PUBLIC_HKO",28,33,12,"Public HKO open-data design only; no health outcomes joined."
2016-04-05,24.4,20.7,22.3,0,0,0,2016,4,5,"2016-04",96,1191,"pre_covid",0,0,0,0.0454545454545455,"REAL_PUBLIC_HKO",28,33,12,"Public HKO open-data design only; no health outcomes joined."
2016-04-06,26.5,21.5,23.1,0,0,0,2016,4,6,"2016-04",97,1192,"pre_covid",0,0,0,0.0454545454545455,"REAL_PUBLIC_HKO",28,33,12,"Public HKO open-data design only; no health outcomes joined."
2016-04-07,26.9,22.4,23.9,0,0,0,2016,4,7,"2016-04",98,1193,"pre_covid",0,0,0,0.0454545454545455,"REAL_PUBLIC_HKO",28,33,12,"Public HKO open-data design only; no health outcomes joined."
2016-04-08,27.9,23.2,25.3,0,0,0,2016,4,8,"2016-04",99,1194,"pre_covid",0,0,0,0.0454545454545455,"REAL_PUBLIC_HKO",28,33,12,"Public HKO open-data design only; no health outcomes joined."
2016-04-09,27.5,24.4,25.7,0,0,0,2016,4,9,"2016-04",100,1195,"pre_covid",0,0,0,0.0454545454545455,"REAL_PUBLIC_HKO",28,33,12,"Public HKO open-data design only; no health outcomes joined."
2016-04-10,26.3,21.3,23.3,0,0,0,2016,4,10,"2016-04",101,1196,"pre_covid",0,0,0,0.0454545454545455,"REAL_PUBLIC_HKO",28,33,12,"Public HKO open-data design only; no health outcomes joined."
2016-04-11,22.8,20.1,21.5,0,0,0,2016,4,11,"2016-04",102,1197,"pre_covid",0,0,0,0.0454545454545455,"REAL_PUBLIC_HKO",28,33,12,"Public HKO open-data design only; no health outcomes joined."
2016-04-12,21.3,19.9,20.3,0,0,0,2016,4,12,"2016-04",103,1198,"pre_covid",0,0,0,0.0454545454545455,"REAL_PUBLIC_HKO",28,33,12,"Public HKO open-data design only; no health outcomes joined."
2016-04-13,25.1,20.9,21.8,0,0,0,2016,4,13,"2016-04",104,1199,"pre_covid",0,0,0,0.0454545454545455,"REAL_PUBLIC_HKO",28,33,12,"Public HKO open-data design only; no health outcomes joined."
2016-04-14,25.2,21.6,23.1,0,0,0,2016,4,14,"2016-04",105,1200,"pre_covid",0,0,0,0.0454545454545455,"REAL_PUBLIC_HKO",28,33,12,"Public HKO open-data design only; no health outcomes joined."
2016-04-15,23.5,20.6,21.1,0,0,0,2016,4,15,"2016-04",106,1201,"pre_covid",0,0,0,0.0454545454545455,"REAL_PUBLIC_HKO",28,33,12,"Public HKO open-data design only; no health outcomes joined."
2016-04-16,28.1,20.6,24.7,0,0,0,2016,4,16,"2016-04",107,1202,"pre_covid",0,0,0,0,"REAL_PUBLIC_HKO",28,33,12,"Public HKO open-data design only; no health outcomes joined."
2016-04-17,27.5,24.1,25.9,0,0,0,2016,4,17,"2016-04",108,1203,"pre_covid",0,0,0,0,"REAL_PUBLIC_HKO",28,33,12,"Public HKO open-data design only; no health outcomes joined."
2016-04-18,26.7,20.1,23.1,0,0,0,2016,4,18,"2016-04",109,1204,"pre_covid",0,0,0,0,"REAL_PUBLIC_HKO",28,33,12,"Public HKO open-data design only; no health outcomes joined."
2016-04-19,21.8,20.1,20.5,0,0,0,2016,4,19,"2016-04",110,1205,"pre_covid",0,0,0,0,"REAL_PUBLIC_HKO",28,33,12,"Public HKO open-data design only; no health outcomes joined."
2016-04-20,22.9,20.2,21.6,0,0,0,2016,4,20,"2016-04",111,1206,"pre_covid",0,0,0,0,"REAL_PUBLIC_HKO",28,33,12,"Public HKO open-data design only; no health outcomes joined."
2016-04-21,28.4,22,24.6,0,0,0,2016,4,21,"2016-04",112,1207,"pre_covid",0,0,0,0,"REAL_PUBLIC_HKO",28,33,12,"Public HKO open-data design only; no health outcomes joined."
2016-04-22,26.1,21,23.7,0,0,0,2016,4,22,"2016-04",113,1208,"pre_covid",0,0,0,0,"REAL_PUBLIC_HKO",28,33,12,"Public HKO open-data design only; no health outcomes joined."
2016-04-23,27.7,22.6,24.9,0,0,0,2016,4,23,"2016-04",114,1209,"pre_covid",0,0,0,0,"REAL_PUBLIC_HKO",28,33,12,"Public HKO open-data design only; no health outcomes joined."
2016-04-24,26.1,23.2,24.4,0,0,0,2016,4,24,"2016-04",115,1210,"pre_covid",0,0,0,0,"REAL_PUBLIC_HKO",28,33,12,"Public HKO open-data design only; no health outcomes joined."
2016-04-25,28.4,23.9,26,0,0,0,2016,4,25,"2016-04",116,1211,"pre_covid",0,0,0,0,"REAL_PUBLIC_HKO",28,33,12,"Public HKO open-data design only; no health outcomes joined."
2016-04-26,28.5,26,27.2,0,0,0,2016,4,26,"2016-04",117,1212,"pre_covid",0,0,0,0,"REAL_PUBLIC_HKO",28,33,12,"Public HKO open-data design only; no health outcomes joined."
2016-04-27,29.1,25.4,26.8,0,0,0,2016,4,27,"2016-04",118,1213,"pre_covid",0,0,0,0,"REAL_PUBLIC_HKO",28,33,12,"Public HKO open-data design only; no health outcomes joined."
2016-04-28,28.2,24.7,26,0,0,0,2016,4,28,"2016-04",119,1214,"pre_covid",0,0,0,0,"REAL_PUBLIC_HKO",28,33,12,"Public HKO open-data design only; no health outcomes joined."
2016-04-29,26.3,22.9,24.1,0,0,0,2016,4,29,"2016-04",120,1215,"pre_covid",0,0,0,0,"REAL_PUBLIC_HKO",28,33,12,"Public HKO open-data design only; no health outcomes joined."
2016-04-30,23.4,20.8,22.5,0,0,0,2016,4,30,"2016-04",121,1216,"pre_covid",0,0,0,0,"REAL_PUBLIC_HKO",28,33,12,"Public HKO open-data design only; no health outcomes joined."
2016-05-01,23.4,20.4,22.2,0,0,0,2016,5,1,"2016-05",122,1217,"pre_covid",0,0,0,0,"REAL_PUBLIC_HKO",28,33,12,"Public HKO open-data design only; no health outcomes joined."
2016-05-02,29.8,22.8,25.6,0,0,0,2016,5,2,"2016-05",123,1218,"pre_covid",0,0,0,0,"REAL_PUBLIC_HKO",28,33,12,"Public HKO open-data design only; no health outcomes joined."
2016-05-03,30.8,22.8,26.5,0,0,0,2016,5,3,"2016-05",124,1219,"pre_covid",0,0,0,0,"REAL_PUBLIC_HKO",28,33,12,"Public HKO open-data design only; no health outcomes joined."
2016-05-04,28.2,23.2,25.8,0,0,0,2016,5,4,"2016-05",125,1220,"pre_covid",0,0,0,0,"REAL_PUBLIC_HKO",28,33,12,"Public HKO open-data design only; no health outcomes joined."
2016-05-05,30.9,26.2,28.1,0,0,0,2016,5,5,"2016-05",126,1221,"pre_covid",0,0,0,0,"REAL_PUBLIC_HKO",28,33,12,"Public HKO open-data design only; no health outcomes joined."
2016-05-06,30.5,27.2,28.4,0,0,0,2016,5,6,"2016-05",127,1222,"pre_covid",0,0,0,0,"REAL_PUBLIC_HKO",28,33,12,"Public HKO open-data design only; no health outcomes joined."
2016-05-07,31,27.1,28.7,0,0,0,2016,5,7,"2016-05",128,1223,"pre_covid",0,0,0,0,"REAL_PUBLIC_HKO",28,33,12,"Public HKO open-data design only; no health outcomes joined."
2016-05-08,31.2,27.3,28.7,0,0,0,2016,5,8,"2016-05",129,1224,"pre_covid",0,0,0,0,"REAL_PUBLIC_HKO",28,33,12,"Public HKO open-data design only; no health outcomes joined."
2016-05-09,30.6,26.9,28.7,0,0,0,2016,5,9,"2016-05",130,1225,"pre_covid",0,0,0,0,"REAL_PUBLIC_HKO",28,33,12,"Public HKO open-data design only; no health outcomes joined."
2016-05-10,28.4,23.7,26.6,0,0,0,2016,5,10,"2016-05",131,1226,"pre_covid",0,0,0,0,"REAL_PUBLIC_HKO",28,33,12,"Public HKO open-data design only; no health outcomes joined."
2016-05-11,28.8,23.4,25.5,0,0,0,2016,5,11,"2016-05",132,1227,"pre_covid",0,0,0,0,"REAL_PUBLIC_HKO",28,33,12,"Public HKO open-data design only; no health outcomes joined."
2016-05-12,27.6,23.7,25.1,0,0,0,2016,5,12,"2016-05",133,1228,"pre_covid",0,0,0,0,"REAL_PUBLIC_HKO",28,33,12,"Public HKO open-data design only; no health outcomes joined."
2016-05-13,27.8,24.4,25.5,0,0,0,2016,5,13,"2016-05",134,1229,"pre_covid",0,0,0,0,"REAL_PUBLIC_HKO",28,33,12,"Public HKO open-data design only; no health outcomes joined."
2016-05-14,27.7,24,25.4,0,0,0,2016,5,14,"2016-05",135,1230,"pre_covid",0,0,0,0,"REAL_PUBLIC_HKO",28,33,12,"Public HKO open-data design only; no health outcomes joined."
2016-05-15,29.8,24.4,26.6,0,0,0,2016,5,15,"2016-05",136,1231,"pre_covid",0,0,0,0,"REAL_PUBLIC_HKO",28,33,12,"Public HKO open-data design only; no health outcomes joined."
2016-05-16,27.1,22.5,24.8,0,0,0,2016,5,16,"2016-05",137,1232,"pre_covid",0,0,0,0,"REAL_PUBLIC_HKO",28,33,12,"Public HKO open-data design only; no health outcomes joined."
2016-05-17,24.6,23.2,23.7,0,0,0,2016,5,17,"2016-05",138,1233,"pre_covid",0,0,0,0,"REAL_PUBLIC_HKO",28,33,12,"Public HKO open-data design only; no health outcomes joined."
2016-05-18,26.3,23.4,24.5,0,0,0,2016,5,18,"2016-05",139,1234,"pre_covid",0,0,0,0,"REAL_PUBLIC_HKO",28,33,12,"Public HKO open-data design only; no health outcomes joined."
2016-05-19,28.1,24,25.5,0,0,0,2016,5,19,"2016-05",140,1235,"pre_covid",0,0,0,0,"REAL_PUBLIC_HKO",28,33,12,"Public HKO open-data design only; no health outcomes joined."
2016-05-20,26.2,24.3,25.2,0,0,0,2016,5,20,"2016-05",141,1236,"pre_covid",0,0,0,0,"REAL_PUBLIC_HKO",28,33,12,"Public HKO open-data design only; no health outcomes joined."
2016-05-21,28.3,24.7,26.5,0,0,0,2016,5,21,"2016-05",142,1237,"pre_covid",0,0,0,0,"REAL_PUBLIC_HKO",28,33,12,"Public HKO open-data design only; no health outcomes joined."
2016-05-22,30.8,25.3,27.2,0,0,0,2016,5,22,"2016-05",143,1238,"pre_covid",0,0,0,0,"REAL_PUBLIC_HKO",28,33,12,"Public HKO open-data design only; no health outcomes joined."
2016-05-23,28.9,24.8,26.8,0,0,0,2016,5,23,"2016-05",144,1239,"pre_covid",0,0,0,0,"REAL_PUBLIC_HKO",28,33,12,"Public HKO open-data design only; no health outcomes joined."
2016-05-24,30.7,25.4,27.5,0,0,0,2016,5,24,"2016-05",145,1240,"pre_covid",0,0,0,0,"REAL_PUBLIC_HKO",28,33,12,"Public HKO open-data design only; no health outcomes joined."
2016-05-25,30.9,26.2,28,0,0,0,2016,5,25,"2016-05",146,1241,"pre_covid",0,0,0,0,"REAL_PUBLIC_HKO",28,33,12,"Public HKO open-data design only; no health outcomes joined."
2016-05-26,29.5,26.7,27.6,0,0,0,2016,5,26,"2016-05",147,1242,"pre_covid",0,0,0,0,"REAL_PUBLIC_HKO",28,33,12,"Public HKO open-data design only; no health outcomes joined."
2016-05-27,29.1,26,27.5,0,0,0,2016,5,27,"2016-05",148,1243,"pre_covid",0,0,0,0,"REAL_PUBLIC_HKO",28,33,12,"Public HKO open-data design only; no health outcomes joined."
2016-05-28,30.3,24.5,27.7,0,0,0,2016,5,28,"2016-05",149,1244,"pre_covid",0,0,0,0,"REAL_PUBLIC_HKO",28,33,12,"Public HKO open-data design only; no health outcomes joined."
2016-05-29,31,27.2,29.1,0,0,0,2016,5,29,"2016-05",150,1245,"pre_covid",0,0,0,0,"REAL_PUBLIC_HKO",28,33,12,"Public HKO open-data design only; no health outcomes joined."
2016-05-30,32.1,28,29.8,1,0,0,2016,5,30,"2016-05",151,1246,"pre_covid",1,0,0.166666666666667,0,"REAL_PUBLIC_HKO",28,33,12,"Public HKO open-data design only; no health outcomes joined."
2016-05-31,31.8,28.7,29.9,1,0,0,2016,5,31,"2016-05",152,1247,"pre_covid",1,0,0.333333333333333,0,"REAL_PUBLIC_HKO",28,33,12,"Public HKO open-data design only; no health outcomes joined."
2016-06-01,32.8,28.6,30.1,1,0,0,2016,6,1,"2016-06",153,1248,"pre_covid",1,0,0.5,0,"REAL_PUBLIC_HKO",28,33,12,"Public HKO open-data design only; no health outcomes joined."
2016-06-02,33,28.7,30.3,1,1,0,2016,6,2,"2016-06",154,1249,"pre_covid",1,0,0.666666666666667,0,"REAL_PUBLIC_HKO",28,33,12,"Public HKO open-data design only; no health outcomes joined."
2016-06-03,32.4,29,30.3,1,0,0,2016,6,3,"2016-06",155,1250,"pre_covid",1,0,0.833333333333333,0,"REAL_PUBLIC_HKO",28,33,12,"Public HKO open-data design only; no health outcomes joined."
2016-06-04,33.8,24.7,28.7,0,1,0,2016,6,4,"2016-06",156,1251,"pre_covid",0,0,0.833333333333333,0,"REAL_PUBLIC_HKO",28,33,12,"Public HKO open-data design only; no health outcomes joined."
2016-06-05,30.4,25,26.9,0,0,0,2016,6,5,"2016-06",157,1252,"pre_covid",0,0,0.666666666666667,0,"REAL_PUBLIC_HKO",28,33,12,"Public HKO open-data design only; no health outcomes joined."
2016-06-06,29.1,24.8,26.2,0,0,0,2016,6,6,"2016-06",158,1253,"pre_covid",0,0,0.5,0,"REAL_PUBLIC_HKO",28,33,12,"Public HKO open-data design only; no health outcomes joined."
2016-06-07,30.7,26.3,28.1,0,0,0,2016,6,7,"2016-06",159,1254,"pre_covid",0,0,0.333333333333333,0,"REAL_PUBLIC_HKO",28,33,12,"Public HKO open-data design only; no health outcomes joined."
2016-06-08,30,24.1,27.1,0,0,0,2016,6,8,"2016-06",160,1255,"pre_covid",0,0,0.166666666666667,0,"REAL_PUBLIC_HKO",28,33,12,"Public HKO open-data design only; no health outcomes joined."
2016-06-09,31.7,26.6,28.2,0,0,0,2016,6,9,"2016-06",161,1256,"pre_covid",0,0,0,0,"REAL_PUBLIC_HKO",28,33,12,"Public HKO open-data design only; no health outcomes joined."
2016-06-10,31.1,26.6,27.9,0,0,0,2016,6,10,"2016-06",162,1257,"pre_covid",0,0,0,0,"REAL_PUBLIC_HKO",28,33,12,"Public HKO open-data design only; no health outcomes joined."
2016-06-11,27.8,25.4,26.6,0,0,0,2016,6,11,"2016-06",163,1258,"pre_covid",0,0,0,0,"REAL_PUBLIC_HKO",28,33,12,"Public HKO open-data design only; no health outcomes joined."
2016-06-12,29.2,25.4,27.1,0,0,0,2016,6,12,"2016-06",164,1259,"pre_covid",0,0,0,0,"REAL_PUBLIC_HKO",28,33,12,"Public HKO open-data design only; no health outcomes joined."
2016-06-13,31.5,28.5,29.7,1,0,0,2016,6,13,"2016-06",165,1260,"pre_covid",1,0,0.166666666666667,0,"REAL_PUBLIC_HKO",28,33,12,"Public HKO open-data design only; no health outcomes joined."
2016-06-14,31.7,29.2,30.2,1,0,0,2016,6,14,"2016-06",166,1261,"pre_covid",1,0,0.333333333333333,0,"REAL_PUBLIC_HKO",28,33,12,"Public HKO open-data design only; no health outcomes joined."
2016-06-15,32,29.3,30.3,1,0,0,2016,6,15,"2016-06",167,1262,"pre_covid",1,0,0.5,0,"REAL_PUBLIC_HKO",28,33,12,"Public HKO open-data design only; no health outcomes joined."
2016-06-16,31.4,28.2,29.4,1,0,0,2016,6,16,"2016-06",168,1263,"pre_covid",1,0,0.666666666666667,0,"REAL_PUBLIC_HKO",28,33,12,"Public HKO open-data design only; no health outcomes joined."
2016-06-17,32.1,26.7,29.4,0,0,0,2016,6,17,"2016-06",169,1264,"pre_covid",0,0,0.666666666666667,0,"REAL_PUBLIC_HKO",28,33,12,"Public HKO open-data design only; no health outcomes joined."
2016-06-18,30.8,27.7,29.3,0,0,0,2016,6,18,"2016-06",170,1265,"pre_covid",0,0,0.666666666666667,0,"REAL_PUBLIC_HKO",28,33,12,"Public HKO open-data design only; no health outcomes joined."
2016-06-19,34.2,27.8,30.1,0,1,0,2016,6,19,"2016-06",171,1266,"pre_covid",0,0,0.5,0,"REAL_PUBLIC_HKO",28,33,12,"Public HKO open-data design only; no health outcomes joined."
2016-06-20,34.4,28.6,30.8,1,1,0,2016,6,20,"2016-06",172,1267,"pre_covid",1,0,0.5,0,"REAL_PUBLIC_HKO",28,33,12,"Public HKO open-data design only; no health outcomes joined."
2016-06-21,33.7,28.7,30.6,1,1,0,2016,6,21,"2016-06",173,1268,"pre_covid",1,0,0.5,0,"REAL_PUBLIC_HKO",28,33,12,"Public HKO open-data design only; no health outcomes joined."
2016-06-22,33.7,28.5,30.5,1,1,0,2016,6,22,"2016-06",174,1269,"pre_covid",1,0,0.5,0,"REAL_PUBLIC_HKO",28,33,12,"Public HKO open-data design only; no health outcomes joined."
2016-06-23,34.1,28.4,30.4,1,1,0,2016,6,23,"2016-06",175,1270,"pre_covid",1,0,0.666666666666667,0,"REAL_PUBLIC_HKO",28,33,12,"Public HKO open-data design only; no health outcomes joined."
2016-06-24,35.2,28.8,31,1,1,0,2016,6,24,"2016-06",176,1271,"pre_covid",1,0,0.833333333333333,0,"REAL_PUBLIC_HKO",28,33,12,"Public HKO open-data design only; no health outcomes joined."
2016-06-25,35.5,28.9,31.4,1,1,0,2016,6,25,"2016-06",177,1272,"pre_covid",1,0,1,0,"REAL_PUBLIC_HKO",28,33,12,"Public HKO open-data design only; no health outcomes joined."
2016-06-26,35.1,29.4,31.3,1,1,0,2016,6,26,"2016-06",178,1273,"pre_covid",1,0,1,0,"REAL_PUBLIC_HKO",28,33,12,"Public HKO open-data design only; no health outcomes joined."
2016-06-27,35.1,28.6,31.1,1,1,0,2016,6,27,"2016-06",179,1274,"pre_covid",1,0,1,0,"REAL_PUBLIC_HKO",28,33,12,"Public HKO open-data design only; no health outcomes joined."
2016-06-28,32.3,26.3,29.1,0,0,0,2016,6,28,"2016-06",180,1275,"pre_covid",0,0,0.833333333333333,0,"REAL_PUBLIC_HKO",28,33,12,"Public HKO open-data design only; no health outcomes joined."
2016-06-29,33.3,27.5,29,0,1,0,2016,6,29,"2016-06",181,1276,"pre_covid",0,0,0.666666666666667,0,"REAL_PUBLIC_HKO",28,33,12,"Public HKO open-data design only; no health outcomes joined."
2016-06-30,33.1,27.8,30,0,1,0,2016,6,30,"2016-06",182,1277,"pre_covid",0,0,0.5,0,"REAL_PUBLIC_HKO",28,33,12,"Public HKO open-data design only; no health outcomes joined."
2016-07-01,33,27.7,30.1,0,1,0,2016,7,1,"2016-07",183,1278,"pre_covid",0,0,0.333333333333333,0,"REAL_PUBLIC_HKO",28,33,12,"Public HKO open-data design only; no health outcomes joined."
2016-07-02,32,26.9,29.4,0,0,0,2016,7,2,"2016-07",184,1279,"pre_covid",0,0,0.166666666666667,0,"REAL_PUBLIC_HKO",28,33,12,"Public HKO open-data design only; no health outcomes joined."
2016-07-03,31.5,27.3,29.4,0,0,0,2016,7,3,"2016-07",185,1280,"pre_covid",0,0,0,0,"REAL_PUBLIC_HKO",28,33,12,"Public HKO open-data design only; no health outcomes joined."
2016-07-04,33,28,30.1,1,1,0,2016,7,4,"2016-07",186,1281,"pre_covid",1,0,0.166666666666667,0,"REAL_PUBLIC_HKO",28,33,12,"Public HKO open-data design only; no health outcomes joined."
2016-07-05,32.6,25.8,29,0,0,0,2016,7,5,"2016-07",187,1282,"pre_covid",0,0,0.166666666666667,0,"REAL_PUBLIC_HKO",28,33,12,"Public HKO open-data design only; no health outcomes joined."
2016-07-06,28.8,24.7,27.3,0,0,0,2016,7,6,"2016-07",188,1283,"pre_covid",0,0,0.166666666666667,0,"REAL_PUBLIC_HKO",28,33,12,"Public HKO open-data design only; no health outcomes joined."
2016-07-07,34,27.9,30.2,0,1,0,2016,7,7,"2016-07",189,1284,"pre_covid",0,0,0.166666666666667,0,"REAL_PUBLIC_HKO",28,33,12,"Public HKO open-data design only; no health outcomes joined."
2016-07-08,34.2,28.1,31,1,1,0,2016,7,8,"2016-07",190,1285,"pre_covid",1,0,0.333333333333333,0,"REAL_PUBLIC_HKO",28,33,12,"Public HKO open-data design only; no health outcomes joined."
2016-07-09,35.6,26.4,31.5,0,1,0,2016,7,9,"2016-07",191,1286,"pre_covid",0,0,0.333333333333333,0,"REAL_PUBLIC_HKO",28,33,12,"Public HKO open-data design only; no health outcomes joined."
2016-07-10,31.3,26.2,28.6,0,0,0,2016,7,10,"2016-07",192,1287,"pre_covid",0,0,0.166666666666667,0,"REAL_PUBLIC_HKO",28,33,12,"Public HKO open-data design only; no health outcomes joined."
2016-07-11,31.1,26.1,28.9,0,0,0,2016,7,11,"2016-07",193,1288,"pre_covid",0,0,0.166666666666667,0,"REAL_PUBLIC_HKO",28,33,12,"Public HKO open-data design only; no health outcomes joined."
2016-07-12,29,27,28.1,0,0,0,2016,7,12,"2016-07",194,1289,"pre_covid",0,0,0.166666666666667,0,"REAL_PUBLIC_HKO",28,33,12,"Public HKO open-data design only; no health outcomes joined."
2016-07-13,31.7,25.6,28.6,0,0,0,2016,7,13,"2016-07",195,1290,"pre_covid",0,0,0.166666666666667,0,"REAL_PUBLIC_HKO",28,33,12,"Public HKO open-data design only; no health outcomes joined."
2016-07-14,30.3,26.4,28.9,0,0,0,2016,7,14,"2016-07",196,1291,"pre_covid",0,0,0,0,"REAL_PUBLIC_HKO",28,33,12,"Public HKO open-data design only; no health outcomes joined."
2016-07-15,33,28.6,30.2,1,1,0,2016,7,15,"2016-07",197,1292,"pre_covid",1,0,0.166666666666667,0,"REAL_PUBLIC_HKO",28,33,12,"Public HKO open-data design only; no health outcomes joined."
2016-07-16,33.2,29,30.6,1,1,0,2016,7,16,"2016-07",198,1293,"pre_covid",1,0,0.333333333333333,0,"REAL_PUBLIC_HKO",28,33,12,"Public HKO open-data design only; no health outcomes joined."
2016-07-17,33.2,29,30.6,1,1,0,2016,7,17,"2016-07",199,1294,"pre_covid",1,0,0.5,0,"REAL_PUBLIC_HKO",28,33,12,"Public HKO open-data design only; no health outcomes joined."
2016-07-18,32.4,28.7,30.4,1,0,0,2016,7,18,"2016-07",200,1295,"pre_covid",1,0,0.666666666666667,0,"REAL_PUBLIC_HKO",28,33,12,"Public HKO open-data design only; no health outcomes joined."
2016-07-19,32.3,26.7,29.9,0,0,0,2016,7,19,"2016-07",201,1296,"pre_covid",0,0,0.666666666666667,0,"REAL_PUBLIC_HKO",28,33,12,"Public HKO open-data design only; no health outcomes joined."
2016-07-20,31.9,25.6,29.2,0,0,0,2016,7,20,"2016-07",202,1297,"pre_covid",0,0,0.666666666666667,0,"REAL_PUBLIC_HKO",28,33,12,"Public HKO open-data design only; no health outcomes joined."
2016-07-21,33.3,27.5,30,0,1,0,2016,7,21,"2016-07",203,1298,"pre_covid",0,0,0.5,0,"REAL_PUBLIC_HKO",28,33,12,"Public HKO open-data design only; no health outcomes joined."
2016-07-22,32.9,28.1,30,1,0,0,2016,7,22,"2016-07",204,1299,"pre_covid",1,0,0.5,0,"REAL_PUBLIC_HKO",28,33,12,"Public HKO open-data design only; no health outcomes joined."
2016-07-23,32.8,28,30,1,0,0,2016,7,23,"2016-07",205,1300,"pre_covid",1,0,0.5,0,"REAL_PUBLIC_HKO",28,33,12,"Public HKO open-data design only; no health outcomes joined."
2016-07-24,34,28,30.4,1,1,0,2016,7,24,"2016-07",206,1301,"pre_covid",1,0,0.5,0,"REAL_PUBLIC_HKO",28,33,12,"Public HKO open-data design only; no health outcomes joined."
2016-07-25,35,28.3,30.8,1,1,0,2016,7,25,"2016-07",207,1302,"pre_covid",1,0,0.666666666666667,0,"REAL_PUBLIC_HKO",28,33,12,"Public HKO open-data design only; no health outcomes joined."
2016-07-26,32,27,29.4,0,0,0,2016,7,26,"2016-07",208,1303,"pre_covid",0,0,0.666666666666667,0,"REAL_PUBLIC_HKO",28,33,12,"Public HKO open-data design only; no health outcomes joined."
2016-07-27,33.4,28,30.2,1,1,0,2016,7,27,"2016-07",209,1304,"pre_covid",1,0,0.833333333333333,0,"REAL_PUBLIC_HKO",28,33,12,"Public HKO open-data design only; no health outcomes joined."
2016-07-28,32.9,28.1,30.1,1,0,0,2016,7,28,"2016-07",210,1305,"pre_covid",1,0,0.833333333333333,0,"REAL_PUBLIC_HKO",28,33,12,"Public HKO open-data design only; no health outcomes joined."
2016-07-29,33.7,27.6,30.3,0,1,0,2016,7,29,"2016-07",211,1306,"pre_covid",0,0,0.666666666666667,0,"REAL_PUBLIC_HKO",28,33,12,"Public HKO open-data design only; no health outcomes joined."
2016-07-30,33.5,28.7,29.9,1,1,0,2016,7,30,"2016-07",212,1307,"pre_covid",1,0,0.666666666666667,0,"REAL_PUBLIC_HKO",28,33,12,"Public HKO open-data design only; no health outcomes joined."
2016-07-31,33.9,27,30.1,0,1,0,2016,7,31,"2016-07",213,1308,"pre_covid",0,0,0.5,0,"REAL_PUBLIC_HKO",28,33,12,"Public HKO open-data design only; no health outcomes joined."
2016-08-01,31.6,26.8,29.5,0,0,0,2016,8,1,"2016-08",214,1309,"pre_covid",0,0,0.5,0,"REAL_PUBLIC_HKO",28,33,12,"Public HKO open-data design only; no health outcomes joined."
2016-08-02,29.5,25.1,27.1,0,0,0,2016,8,2,"2016-08",215,1310,"pre_covid",0,0,0.333333333333333,0,"REAL_PUBLIC_HKO",28,33,12,"Public HKO open-data design only; no health outcomes joined."
2016-08-03,27.8,26.1,26.8,0,0,0,2016,8,3,"2016-08",216,1311,"pre_covid",0,0,0.166666666666667,0,"REAL_PUBLIC_HKO",28,33,12,"Public HKO open-data design only; no health outcomes joined."
2016-08-04,28.6,26.1,26.9,0,0,0,2016,8,4,"2016-08",217,1312,"pre_covid",0,0,0.166666666666667,0,"REAL_PUBLIC_HKO",28,33,12,"Public HKO open-data design only; no health outcomes joined."
2016-08-05,32.3,27,29.3,0,0,0,2016,8,5,"2016-08",218,1313,"pre_covid",0,0,0,0,"REAL_PUBLIC_HKO",28,33,12,"Public HKO open-data design only; no health outcomes joined."
2016-08-06,33.2,27.4,30,0,1,0,2016,8,6,"2016-08",219,1314,"pre_covid",0,0,0,0,"REAL_PUBLIC_HKO",28,33,12,"Public HKO open-data design only; no health outcomes joined."
2016-08-07,33.4,28.2,30.4,1,1,0,2016,8,7,"2016-08",220,1315,"pre_covid",1,0,0.166666666666667,0,"REAL_PUBLIC_HKO",28,33,12,"Public HKO open-data design only; no health outcomes joined."
2016-08-08,33.4,28.6,30.5,1,1,0,2016,8,8,"2016-08",221,1316,"pre_covid",1,0,0.333333333333333,0,"REAL_PUBLIC_HKO",28,33,12,"Public HKO open-data design only; no health outcomes joined."
2016-08-09,32.7,26.1,29.2,0,0,0,2016,8,9,"2016-08",222,1317,"pre_covid",0,0,0.333333333333333,0,"REAL_PUBLIC_HKO",28,33,12,"Public HKO open-data design only; no health outcomes joined."
2016-08-10,29.3,24.7,26.7,0,0,0,2016,8,10,"2016-08",223,1318,"pre_covid",0,0,0.333333333333333,0,"REAL_PUBLIC_HKO",28,33,12,"Public HKO open-data design only; no health outcomes joined."
2016-08-11,29.9,25.2,27.2,0,0,0,2016,8,11,"2016-08",224,1319,"pre_covid",0,0,0.333333333333333,0,"REAL_PUBLIC_HKO",28,33,12,"Public HKO open-data design only; no health outcomes joined."
2016-08-12,29.4,26.9,28.1,0,0,0,2016,8,12,"2016-08",225,1320,"pre_covid",0,0,0.333333333333333,0,"REAL_PUBLIC_HKO",28,33,12,"Public HKO open-data design only; no health outcomes joined."
2016-08-13,32.3,27.1,28.8,0,0,0,2016,8,13,"2016-08",226,1321,"pre_covid",0,0,0.166666666666667,0,"REAL_PUBLIC_HKO",28,33,12,"Public HKO open-data design only; no health outcomes joined."
2016-08-14,29.4,25.8,27.3,0,0,0,2016,8,14,"2016-08",227,1322,"pre_covid",0,0,0,0,"REAL_PUBLIC_HKO",28,33,12,"Public HKO open-data design only; no health outcomes joined."
2016-08-15,28.4,25.6,26.6,0,0,0,2016,8,15,"2016-08",228,1323,"pre_covid",0,0,0,0,"REAL_PUBLIC_HKO",28,33,12,"Public HKO open-data design only; no health outcomes joined."
2016-08-16,26.9,25.5,26.2,0,0,0,2016,8,16,"2016-08",229,1324,"pre_covid",0,0,0,0,"REAL_PUBLIC_HKO",28,33,12,"Public HKO open-data design only; no health outcomes joined."
2016-08-17,28,25.3,26.5,0,0,0,2016,8,17,"2016-08",230,1325,"pre_covid",0,0,0,0,"REAL_PUBLIC_HKO",28,33,12,"Public HKO open-data design only; no health outcomes joined."
2016-08-18,28.7,25.9,27,0,0,0,2016,8,18,"2016-08",231,1326,"pre_covid",0,0,0,0,"REAL_PUBLIC_HKO",28,33,12,"Public HKO open-data design only; no health outcomes joined."
2016-08-19,31.3,26.5,28.2,0,0,0,2016,8,19,"2016-08",232,1327,"pre_covid",0,0,0,0,"REAL_PUBLIC_HKO",28,33,12,"Public HKO open-data design only; no health outcomes joined."
2016-08-20,32.4,27.4,29.2,0,0,0,2016,8,20,"2016-08",233,1328,"pre_covid",0,0,0,0,"REAL_PUBLIC_HKO",28,33,12,"Public HKO open-data design only; no health outcomes joined."
2016-08-21,31.2,24.5,27.4,0,0,0,2016,8,21,"2016-08",234,1329,"pre_covid",0,0,0,0,"REAL_PUBLIC_HKO",28,33,12,"Public HKO open-data design only; no health outcomes joined."
2016-08-22,33,27.3,29.3,0,1,0,2016,8,22,"2016-08",235,1330,"pre_covid",0,0,0,0,"REAL_PUBLIC_HKO",28,33,12,"Public HKO open-data design only; no health outcomes joined."
2016-08-23,33.4,27.2,29.7,0,1,0,2016,8,23,"2016-08",236,1331,"pre_covid",0,0,0,0,"REAL_PUBLIC_HKO",28,33,12,"Public HKO open-data design only; no health outcomes joined."
2016-08-24,33.5,27.9,30.1,0,1,0,2016,8,24,"2016-08",237,1332,"pre_covid",0,0,0,0,"REAL_PUBLIC_HKO",28,33,12,"Public HKO open-data design only; no health outcomes joined."
2016-08-25,34.4,28.1,30.4,1,1,0,2016,8,25,"2016-08",238,1333,"pre_covid",1,0,0.166666666666667,0,"REAL_PUBLIC_HKO",28,33,12,"Public HKO open-data design only; no health outcomes joined."
2016-08-26,33.6,28.1,30.4,1,1,0,2016,8,26,"2016-08",239,1334,"pre_covid",1,0,0.333333333333333,0,"REAL_PUBLIC_HKO",28,33,12,"Public HKO open-data design only; no health outcomes joined."
2016-08-27,33.2,27,29.7,0,1,0,2016,8,27,"2016-08",240,1335,"pre_covid",0,0,0.333333333333333,0,"REAL_PUBLIC_HKO",28,33,12,"Public HKO open-data design only; no health outcomes joined."
2016-08-28,31,25.4,27.6,0,0,0,2016,8,28,"2016-08",241,1336,"pre_covid",0,0,0.333333333333333,0,"REAL_PUBLIC_HKO",28,33,12,"Public HKO open-data design only; no health outcomes joined."
2016-08-29,28,26.2,26.7,0,0,0,2016,8,29,"2016-08",242,1337,"pre_covid",0,0,0.333333333333333,0,"REAL_PUBLIC_HKO",28,33,12,"Public HKO open-data design only; no health outcomes joined."
2016-08-30,31.2,26.1,28,0,0,0,2016,8,30,"2016-08",243,1338,"pre_covid",0,0,0.333333333333333,0,"REAL_PUBLIC_HKO",28,33,12,"Public HKO open-data design only; no health outcomes joined."
2016-08-31,31.5,26.6,28.6,0,0,0,2016,8,31,"2016-08",244,1339,"pre_covid",0,0,0.166666666666667,0,"REAL_PUBLIC_HKO",28,33,12,"Public HKO open-data design only; no health outcomes joined."
2016-09-01,30,25.2,27.9,0,0,0,2016,9,1,"2016-09",245,1340,"pre_covid",0,0,0,0,"REAL_PUBLIC_HKO",28,33,12,"Public HKO open-data design only; no health outcomes joined."
2016-09-02,31,27.5,28.7,0,0,0,2016,9,2,"2016-09",246,1341,"pre_covid",0,0,0,0,"REAL_PUBLIC_HKO",28,33,12,"Public HKO open-data design only; no health outcomes joined."
2016-09-03,31.2,25.7,28.1,0,0,0,2016,9,3,"2016-09",247,1342,"pre_covid",0,0,0,0,"REAL_PUBLIC_HKO",28,33,12,"Public HKO open-data design only; no health outcomes joined."
2016-09-04,30.1,27,28.2,0,0,0,2016,9,4,"2016-09",248,1343,"pre_covid",0,0,0,0,"REAL_PUBLIC_HKO",28,33,12,"Public HKO open-data design only; no health outcomes joined."
2016-09-05,29.2,25.8,27.1,0,0,0,2016,9,5,"2016-09",249,1344,"pre_covid",0,0,0,0,"REAL_PUBLIC_HKO",28,33,12,"Public HKO open-data design only; no health outcomes joined."
2016-09-06,27.7,25.7,26.7,0,0,0,2016,9,6,"2016-09",250,1345,"pre_covid",0,0,0,0,"REAL_PUBLIC_HKO",28,33,12,"Public HKO open-data design only; no health outcomes joined."
2016-09-07,28,25.4,26.5,0,0,0,2016,9,7,"2016-09",251,1346,"pre_covid",0,0,0,0,"REAL_PUBLIC_HKO",28,33,12,"Public HKO open-data design only; no health outcomes joined."
2016-09-08,28.4,25.5,27.1,0,0,0,2016,9,8,"2016-09",252,1347,"pre_covid",0,0,0,0,"REAL_PUBLIC_HKO",28,33,12,"Public HKO open-data design only; no health outcomes joined."
2016-09-09,29.4,25.5,27,0,0,0,2016,9,9,"2016-09",253,1348,"pre_covid",0,0,0,0,"REAL_PUBLIC_HKO",28,33,12,"Public HKO open-data design only; no health outcomes joined."
2016-09-10,27.7,24.5,26.3,0,0,0,2016,9,10,"2016-09",254,1349,"pre_covid",0,0,0,0,"REAL_PUBLIC_HKO",28,33,12,"Public HKO open-data design only; no health outcomes joined."
2016-09-11,31.6,25.9,28.1,0,0,0,2016,9,11,"2016-09",255,1350,"pre_covid",0,0,0,0,"REAL_PUBLIC_HKO",28,33,12,"Public HKO open-data design only; no health outcomes joined."
2016-09-12,32.7,26,28.7,0,0,0,2016,9,12,"2016-09",256,1351,"pre_covid",0,0,0,0,"REAL_PUBLIC_HKO",28,33,12,"Public HKO open-data design only; no health outcomes joined."
2016-09-13,30.9,26,28.2,0,0,0,2016,9,13,"2016-09",257,1352,"pre_covid",0,0,0,0,"REAL_PUBLIC_HKO",28,33,12,"Public HKO open-data design only; no health outcomes joined."
2016-09-14,32.6,26.9,29.6,0,0,0,2016,9,14,"2016-09",258,1353,"pre_covid",0,0,0,0,"REAL_PUBLIC_HKO",28,33,12,"Public HKO open-data design only; no health outcomes joined."
2016-09-15,31.9,28,29.4,1,0,0,2016,9,15,"2016-09",259,1354,"pre_covid",1,0,0.166666666666667,0,"REAL_PUBLIC_HKO",28,33,12,"Public HKO open-data design only; no health outcomes joined."
2016-09-16,31.3,27.3,29,0,0,0,2016,9,16,"2016-09",260,1355,"pre_covid",0,0,0.166666666666667,0,"REAL_PUBLIC_HKO",28,33,12,"Public HKO open-data design only; no health outcomes joined."
2016-09-17,31.6,27.3,29.3,0,0,0,2016,9,17,"2016-09",261,1356,"pre_covid",0,0,0.166666666666667,0,"REAL_PUBLIC_HKO",28,33,12,"Public HKO open-data design only; no health outcomes joined."
2016-09-18,31.5,26.3,28.6,0,0,0,2016,9,18,"2016-09",262,1357,"pre_covid",0,0,0.166666666666667,0,"REAL_PUBLIC_HKO",28,33,12,"Public HKO open-data design only; no health outcomes joined."
2016-09-19,32.6,25.5,28.6,0,0,0,2016,9,19,"2016-09",263,1358,"pre_covid",0,0,0.166666666666667,0,"REAL_PUBLIC_HKO",28,33,12,"Public HKO open-data design only; no health outcomes joined."
2016-09-20,29.5,22.8,25.5,0,0,0,2016,9,20,"2016-09",264,1359,"pre_covid",0,0,0.166666666666667,0,"REAL_PUBLIC_HKO",28,33,12,"Public HKO open-data design only; no health outcomes joined."
2016-09-21,30.6,24.7,27.1,0,0,0,2016,9,21,"2016-09",265,1360,"pre_covid",0,0,0,0,"REAL_PUBLIC_HKO",28,33,12,"Public HKO open-data design only; no health outcomes joined."
2016-09-22,28.9,26.1,27.2,0,0,0,2016,9,22,"2016-09",266,1361,"pre_covid",0,0,0,0,"REAL_PUBLIC_HKO",28,33,12,"Public HKO open-data design only; no health outcomes joined."
2016-09-23,29.9,26.5,27.7,0,0,0,2016,9,23,"2016-09",267,1362,"pre_covid",0,0,0,0,"REAL_PUBLIC_HKO",28,33,12,"Public HKO open-data design only; no health outcomes joined."
2016-09-24,30.5,26.6,27.9,0,0,0,2016,9,24,"2016-09",268,1363,"pre_covid",0,0,0,0,"REAL_PUBLIC_HKO",28,33,12,"Public HKO open-data design only; no health outcomes joined."
2016-09-25,30.5,26.9,28.1,0,0,0,2016,9,25,"2016-09",269,1364,"pre_covid",0,0,0,0,"REAL_PUBLIC_HKO",28,33,12,"Public HKO open-data design only; no health outcomes joined."
2016-09-26,31.1,27,28.5,0,0,0,2016,9,26,"2016-09",270,1365,"pre_covid",0,0,0,0,"REAL_PUBLIC_HKO",28,33,12,"Public HKO open-data design only; no health outcomes joined."
2016-09-27,34.9,27.7,31.1,0,1,0,2016,9,27,"2016-09",271,1366,"pre_covid",0,0,0,0,"REAL_PUBLIC_HKO",28,33,12,"Public HKO open-data design only; no health outcomes joined."
2016-09-28,32.2,28.9,30.4,1,0,0,2016,9,28,"2016-09",272,1367,"pre_covid",1,0,0.166666666666667,0,"REAL_PUBLIC_HKO",28,33,12,"Public HKO open-data design only; no health outcomes joined."
2016-09-29,28.9,24.9,26.5,0,0,0,2016,9,29,"2016-09",273,1368,"pre_covid",0,0,0.166666666666667,0,"REAL_PUBLIC_HKO",28,33,12,"Public HKO open-data design only; no health outcomes joined."
2016-09-30,26.4,24.1,25.1,0,0,0,2016,9,30,"2016-09",274,1369,"pre_covid",0,0,0.166666666666667,0,"REAL_PUBLIC_HKO",28,33,12,"Public HKO open-data design only; no health outcomes joined."
2016-10-01,29.4,24,26.6,0,0,0,2016,10,1,"2016-10",275,1370,"pre_covid",0,0,0.166666666666667,0,"REAL_PUBLIC_HKO",28,33,12,"Public HKO open-data design only; no health outcomes joined."
2016-10-02,29.8,26.2,27.6,0,0,0,2016,10,2,"2016-10",276,1371,"pre_covid",0,0,0.166666666666667,0,"REAL_PUBLIC_HKO",28,33,12,"Public HKO open-data design only; no health outcomes joined."
2016-10-03,28.3,26.6,27.5,0,0,0,2016,10,3,"2016-10",277,1372,"pre_covid",0,0,0.166666666666667,0,"REAL_PUBLIC_HKO",28,33,12,"Public HKO open-data design only; no health outcomes joined."
2016-10-04,29.5,26.5,27.5,0,0,0,2016,10,4,"2016-10",278,1373,"pre_covid",0,0,0,0,"REAL_PUBLIC_HKO",28,33,12,"Public HKO open-data design only; no health outcomes joined."
2016-10-05,31.9,26.9,28.6,0,0,0,2016,10,5,"2016-10",279,1374,"pre_covid",0,0,0,0,"REAL_PUBLIC_HKO",28,33,12,"Public HKO open-data design only; no health outcomes joined."
2016-10-06,32.4,25.9,28.5,0,0,0,2016,10,6,"2016-10",280,1375,"pre_covid",0,0,0,0,"REAL_PUBLIC_HKO",28,33,12,"Public HKO open-data design only; no health outcomes joined."
2016-10-07,29.3,25.5,27.7,0,0,0,2016,10,7,"2016-10",281,1376,"pre_covid",0,0,0,0,"REAL_PUBLIC_HKO",28,33,12,"Public HKO open-data design only; no health outcomes joined."
2016-10-08,29.9,27,28.1,0,0,0,2016,10,8,"2016-10",282,1377,"pre_covid",0,0,0,0,"REAL_PUBLIC_HKO",28,33,12,"Public HKO open-data design only; no health outcomes joined."
2016-10-09,28.8,24.9,26.5,0,0,0,2016,10,9,"2016-10",283,1378,"pre_covid",0,0,0,0,"REAL_PUBLIC_HKO",28,33,12,"Public HKO open-data design only; no health outcomes joined."
2016-10-10,28.1,23.5,25.3,0,0,0,2016,10,10,"2016-10",284,1379,"pre_covid",0,0,0,0,"REAL_PUBLIC_HKO",28,33,12,"Public HKO open-data design only; no health outcomes joined."
2016-10-11,26.8,22,24.5,0,0,0,2016,10,11,"2016-10",285,1380,"pre_covid",0,0,0,0,"REAL_PUBLIC_HKO",28,33,12,"Public HKO open-data design only; no health outcomes joined."
2016-10-12,25.8,23,24.6,0,0,0,2016,10,12,"2016-10",286,1381,"pre_covid",0,0,0,0,"REAL_PUBLIC_HKO",28,33,12,"Public HKO open-data design only; no health outcomes joined."
2016-10-13,29.3,24.2,26,0,0,0,2016,10,13,"2016-10",287,1382,"pre_covid",0,0,0,0,"REAL_PUBLIC_HKO",28,33,12,"Public HKO open-data design only; no health outcomes joined."
2016-10-14,29.9,25,26.7,0,0,0,2016,10,14,"2016-10",288,1383,"pre_covid",0,0,0,0,"REAL_PUBLIC_HKO",28,33,12,"Public HKO open-data design only; no health outcomes joined."
2016-10-15,30.3,24.6,27.2,0,0,0,2016,10,15,"2016-10",289,1384,"pre_covid",0,0,0,0,"REAL_PUBLIC_HKO",28,33,12,"Public HKO open-data design only; no health outcomes joined."
2016-10-16,30.8,25.9,28,0,0,0,2016,10,16,"2016-10",290,1385,"pre_covid",0,0,0,0,"REAL_PUBLIC_HKO",28,33,12,"Public HKO open-data design only; no health outcomes joined."
2016-10-17,28.8,24.1,26.6,0,0,0,2016,10,17,"2016-10",291,1386,"pre_covid",0,0,0,0,"REAL_PUBLIC_HKO",28,33,12,"Public HKO open-data design only; no health outcomes joined."
2016-10-18,25.5,23.9,24.8,0,0,0,2016,10,18,"2016-10",292,1387,"pre_covid",0,0,0,0,"REAL_PUBLIC_HKO",28,33,12,"Public HKO open-data design only; no health outcomes joined."
2016-10-19,25.9,24.4,25.1,0,0,0,2016,10,19,"2016-10",293,1388,"pre_covid",0,0,0,0,"REAL_PUBLIC_HKO",28,33,12,"Public HKO open-data design only; no health outcomes joined."
2016-10-20,29.5,24.7,27.3,0,0,0,2016,10,20,"2016-10",294,1389,"pre_covid",0,0,0,0,"REAL_PUBLIC_HKO",28,33,12,"Public HKO open-data design only; no health outcomes joined."
2016-10-21,28,24.4,26.1,0,0,0,2016,10,21,"2016-10",295,1390,"pre_covid",0,0,0,0,"REAL_PUBLIC_HKO",28,33,12,"Public HKO open-data design only; no health outcomes joined."
2016-10-22,29.4,26.1,27.5,0,0,0,2016,10,22,"2016-10",296,1391,"pre_covid",0,0,0,0,"REAL_PUBLIC_HKO",28,33,12,"Public HKO open-data design only; no health outcomes joined."
2016-10-23,29.1,25.8,27.1,0,0,0,2016,10,23,"2016-10",297,1392,"pre_covid",0,0,0,0,"REAL_PUBLIC_HKO",28,33,12,"Public HKO open-data design only; no health outcomes joined."
2016-10-24,29.1,26.1,27.3,0,0,0,2016,10,24,"2016-10",298,1393,"pre_covid",0,0,0,0,"REAL_PUBLIC_HKO",28,33,12,"Public HKO open-data design only; no health outcomes joined."
2016-10-25,29.8,26.1,27.3,0,0,0,2016,10,25,"2016-10",299,1394,"pre_covid",0,0,0,0,"REAL_PUBLIC_HKO",28,33,12,"Public HKO open-data design only; no health outcomes joined."
2016-10-26,30,25.7,27.1,0,0,0,2016,10,26,"2016-10",300,1395,"pre_covid",0,0,0,0,"REAL_PUBLIC_HKO",28,33,12,"Public HKO open-data design only; no health outcomes joined."
2016-10-27,30.9,25.4,27.5,0,0,0,2016,10,27,"2016-10",301,1396,"pre_covid",0,0,0,0,"REAL_PUBLIC_HKO",28,33,12,"Public HKO open-data design only; no health outcomes joined."
2016-10-28,31.5,26.3,28.2,0,0,0,2016,10,28,"2016-10",302,1397,"pre_covid",0,0,0,0,"REAL_PUBLIC_HKO",28,33,12,"Public HKO open-data design only; no health outcomes joined."
2016-10-29,29,24.3,26.7,0,0,0,2016,10,29,"2016-10",303,1398,"pre_covid",0,0,0,0,"REAL_PUBLIC_HKO",28,33,12,"Public HKO open-data design only; no health outcomes joined."
2016-10-30,26.6,22.9,24.4,0,0,0,2016,10,30,"2016-10",304,1399,"pre_covid",0,0,0,0,"REAL_PUBLIC_HKO",28,33,12,"Public HKO open-data design only; no health outcomes joined."
2016-10-31,28.7,23.1,25.5,0,0,0,2016,10,31,"2016-10",305,1400,"pre_covid",0,0,0,0,"REAL_PUBLIC_HKO",28,33,12,"Public HKO open-data design only; no health outcomes joined."
2016-11-01,25.3,22.5,23.9,0,0,0,2016,11,1,"2016-11",306,1401,"pre_covid",0,0,0,0,"REAL_PUBLIC_HKO",28,33,12,"Public HKO open-data design only; no health outcomes joined."
2016-11-02,24.8,21,22.8,0,0,0,2016,11,2,"2016-11",307,1402,"pre_covid",0,0,0,0,"REAL_PUBLIC_HKO",28,33,12,"Public HKO open-data design only; no health outcomes joined."
2016-11-03,24.8,20.1,21.8,0,0,0,2016,11,3,"2016-11",308,1403,"pre_covid",0,0,0,0,"REAL_PUBLIC_HKO",28,33,12,"Public HKO open-data design only; no health outcomes joined."
2016-11-04,25.3,19.6,22.4,0,0,0,2016,11,4,"2016-11",309,1404,"pre_covid",0,0,0,0,"REAL_PUBLIC_HKO",28,33,12,"Public HKO open-data design only; no health outcomes joined."
2016-11-05,26.9,21.7,23.8,0,0,0,2016,11,5,"2016-11",310,1405,"pre_covid",0,0,0,0,"REAL_PUBLIC_HKO",28,33,12,"Public HKO open-data design only; no health outcomes joined."
2016-11-06,26.9,22.4,24.2,0,0,0,2016,11,6,"2016-11",311,1406,"pre_covid",0,0,0,0,"REAL_PUBLIC_HKO",28,33,12,"Public HKO open-data design only; no health outcomes joined."
2016-11-07,28.4,23.4,25.3,0,0,0,2016,11,7,"2016-11",312,1407,"pre_covid",0,0,0,0,"REAL_PUBLIC_HKO",28,33,12,"Public HKO open-data design only; no health outcomes joined."
2016-11-08,28.1,22.1,24.6,0,0,0,2016,11,8,"2016-11",313,1408,"pre_covid",0,0,0,0,"REAL_PUBLIC_HKO",28,33,12,"Public HKO open-data design only; no health outcomes joined."
2016-11-09,22.1,19,20.7,0,0,0,2016,11,9,"2016-11",314,1409,"pre_covid",0,0,0,0,"REAL_PUBLIC_HKO",28,33,12,"Public HKO open-data design only; no health outcomes joined."
2016-11-10,19,17,17.7,0,0,0,2016,11,10,"2016-11",315,1410,"pre_covid",0,0,0,0,"REAL_PUBLIC_HKO",28,33,12,"Public HKO open-data design only; no health outcomes joined."
2016-11-11,22.3,17.1,20,0,0,0,2016,11,11,"2016-11",316,1411,"pre_covid",0,0,0,0,"REAL_PUBLIC_HKO",28,33,12,"Public HKO open-data design only; no health outcomes joined."
2016-11-12,25.1,21.6,23.3,0,0,0,2016,11,12,"2016-11",317,1412,"pre_covid",0,0,0,0,"REAL_PUBLIC_HKO",28,33,12,"Public HKO open-data design only; no health outcomes joined."
2016-11-13,26.9,23.8,24.7,0,0,0,2016,11,13,"2016-11",318,1413,"pre_covid",0,0,0,0,"REAL_PUBLIC_HKO",28,33,12,"Public HKO open-data design only; no health outcomes joined."
2016-11-14,28.1,23.3,25.4,0,0,0,2016,11,14,"2016-11",319,1414,"pre_covid",0,0,0,0,"REAL_PUBLIC_HKO",28,33,12,"Public HKO open-data design only; no health outcomes joined."
2016-11-15,29.2,23.8,25.7,0,0,0,2016,11,15,"2016-11",320,1415,"pre_covid",0,0,0,0,"REAL_PUBLIC_HKO",28,33,12,"Public HKO open-data design only; no health outcomes joined."
2016-11-16,26.1,23.9,24.6,0,0,0,2016,11,16,"2016-11",321,1416,"pre_covid",0,0,0,0,"REAL_PUBLIC_HKO",28,33,12,"Public HKO open-data design only; no health outcomes joined."
2016-11-17,27.5,23.6,24.8,0,0,0,2016,11,17,"2016-11",322,1417,"pre_covid",0,0,0,0,"REAL_PUBLIC_HKO",28,33,12,"Public HKO open-data design only; no health outcomes joined."
2016-11-18,26.8,23.5,24.8,0,0,0,2016,11,18,"2016-11",323,1418,"pre_covid",0,0,0,0,"REAL_PUBLIC_HKO",28,33,12,"Public HKO open-data design only; no health outcomes joined."
2016-11-19,28,24,25.8,0,0,0,2016,11,19,"2016-11",324,1419,"pre_covid",0,0,0,0,"REAL_PUBLIC_HKO",28,33,12,"Public HKO open-data design only; no health outcomes joined."
2016-11-20,26.8,25,25.6,0,0,0,2016,11,20,"2016-11",325,1420,"pre_covid",0,0,0,0,"REAL_PUBLIC_HKO",28,33,12,"Public HKO open-data design only; no health outcomes joined."
2016-11-21,25.3,24,24.7,0,0,0,2016,11,21,"2016-11",326,1421,"pre_covid",0,0,0,0,"REAL_PUBLIC_HKO",28,33,12,"Public HKO open-data design only; no health outcomes joined."
2016-11-22,24.5,21.6,22.7,0,0,0,2016,11,22,"2016-11",327,1422,"pre_covid",0,0,0,0,"REAL_PUBLIC_HKO",28,33,12,"Public HKO open-data design only; no health outcomes joined."
2016-11-23,21.6,16.7,20.5,0,0,0,2016,11,23,"2016-11",328,1423,"pre_covid",0,0,0,0,"REAL_PUBLIC_HKO",28,33,12,"Public HKO open-data design only; no health outcomes joined."
2016-11-24,19.8,15,17.3,0,0,0,2016,11,24,"2016-11",329,1424,"pre_covid",0,0,0,0,"REAL_PUBLIC_HKO",28,33,12,"Public HKO open-data design only; no health outcomes joined."
2016-11-25,22.3,17.4,20,0,0,0,2016,11,25,"2016-11",330,1425,"pre_covid",0,0,0,0,"REAL_PUBLIC_HKO",28,33,12,"Public HKO open-data design only; no health outcomes joined."
2016-11-26,21.1,13.3,17.6,0,0,0,2016,11,26,"2016-11",331,1426,"pre_covid",0,0,0,0,"REAL_PUBLIC_HKO",28,33,12,"Public HKO open-data design only; no health outcomes joined."
2016-11-27,19.9,12.8,16.2,0,0,0,2016,11,27,"2016-11",332,1427,"pre_covid",0,0,0,0,"REAL_PUBLIC_HKO",28,33,12,"Public HKO open-data design only; no health outcomes joined."
2016-11-28,20.1,16.1,18.1,0,0,0,2016,11,28,"2016-11",333,1428,"pre_covid",0,0,0,0,"REAL_PUBLIC_HKO",28,33,12,"Public HKO open-data design only; no health outcomes joined."
2016-11-29,20.5,17.5,19.2,0,0,0,2016,11,29,"2016-11",334,1429,"pre_covid",0,0,0,0,"REAL_PUBLIC_HKO",28,33,12,"Public HKO open-data design only; no health outcomes joined."
2016-11-30,22,17.4,19.7,0,0,0,2016,11,30,"2016-11",335,1430,"pre_covid",0,0,0,0,"REAL_PUBLIC_HKO",28,33,12,"Public HKO open-data design only; no health outcomes joined."
2016-12-01,22.4,17.2,19.8,0,0,0,2016,12,1,"2016-12",336,1431,"pre_covid",0,0,0,0,"REAL_PUBLIC_HKO",28,33,12,"Public HKO open-data design only; no health outcomes joined."
2016-12-02,22.4,18.4,20.5,0,0,0,2016,12,2,"2016-12",337,1432,"pre_covid",0,0,0,0,"REAL_PUBLIC_HKO",28,33,12,"Public HKO open-data design only; no health outcomes joined."
2016-12-03,22.8,19.9,21.3,0,0,0,2016,12,3,"2016-12",338,1433,"pre_covid",0,0,0,0,"REAL_PUBLIC_HKO",28,33,12,"Public HKO open-data design only; no health outcomes joined."
2016-12-04,24.9,21,22.3,0,0,0,2016,12,4,"2016-12",339,1434,"pre_covid",0,0,0,0,"REAL_PUBLIC_HKO",28,33,12,"Public HKO open-data design only; no health outcomes joined."
2016-12-05,25.9,21.8,23.3,0,0,0,2016,12,5,"2016-12",340,1435,"pre_covid",0,0,0,0,"REAL_PUBLIC_HKO",28,33,12,"Public HKO open-data design only; no health outcomes joined."
2016-12-06,22.9,19.4,20.8,0,0,0,2016,12,6,"2016-12",341,1436,"pre_covid",0,0,0,0,"REAL_PUBLIC_HKO",28,33,12,"Public HKO open-data design only; no health outcomes joined."
2016-12-07,22.2,18.2,19.9,0,0,0,2016,12,7,"2016-12",342,1437,"pre_covid",0,0,0,0,"REAL_PUBLIC_HKO",28,33,12,"Public HKO open-data design only; no health outcomes joined."
2016-12-08,21.7,17.1,19.2,0,0,0,2016,12,8,"2016-12",343,1438,"pre_covid",0,0,0,0,"REAL_PUBLIC_HKO",28,33,12,"Public HKO open-data design only; no health outcomes joined."
2016-12-09,21.9,16.5,19.4,0,0,0,2016,12,9,"2016-12",344,1439,"pre_covid",0,0,0,0,"REAL_PUBLIC_HKO",28,33,12,"Public HKO open-data design only; no health outcomes joined."
2016-12-10,23.1,18.3,20.8,0,0,0,2016,12,10,"2016-12",345,1440,"pre_covid",0,0,0,0,"REAL_PUBLIC_HKO",28,33,12,"Public HKO open-data design only; no health outcomes joined."
2016-12-11,21.5,19.5,20.4,0,0,0,2016,12,11,"2016-12",346,1441,"pre_covid",0,0,0,0,"REAL_PUBLIC_HKO",28,33,12,"Public HKO open-data design only; no health outcomes joined."
2016-12-12,23.3,19,21.1,0,0,0,2016,12,12,"2016-12",347,1442,"pre_covid",0,0,0,0,"REAL_PUBLIC_HKO",28,33,12,"Public HKO open-data design only; no health outcomes joined."
2016-12-13,25.7,20.7,22.9,0,0,0,2016,12,13,"2016-12",348,1443,"pre_covid",0,0,0,0,"REAL_PUBLIC_HKO",28,33,12,"Public HKO open-data design only; no health outcomes joined."
2016-12-14,23.4,18.8,21.4,0,0,0,2016,12,14,"2016-12",349,1444,"pre_covid",0,0,0,0,"REAL_PUBLIC_HKO",28,33,12,"Public HKO open-data design only; no health outcomes joined."
2016-12-15,20.4,15.6,18,0,0,0,2016,12,15,"2016-12",350,1445,"pre_covid",0,0,0,0,"REAL_PUBLIC_HKO",28,33,12,"Public HKO open-data design only; no health outcomes joined."
2016-12-16,17.1,13.2,15.2,0,0,0,2016,12,16,"2016-12",351,1446,"pre_covid",0,0,0,0,"REAL_PUBLIC_HKO",28,33,12,"Public HKO open-data design only; no health outcomes joined."
2016-12-17,18.6,13.7,16.6,0,0,0,2016,12,17,"2016-12",352,1447,"pre_covid",0,0,0,0,"REAL_PUBLIC_HKO",28,33,12,"Public HKO open-data design only; no health outcomes joined."
2016-12-18,21.3,17.2,19.2,0,0,0,2016,12,18,"2016-12",353,1448,"pre_covid",0,0,0,0,"REAL_PUBLIC_HKO",28,33,12,"Public HKO open-data design only; no health outcomes joined."
2016-12-19,22.5,18.5,20.3,0,0,0,2016,12,19,"2016-12",354,1449,"pre_covid",0,0,0,0,"REAL_PUBLIC_HKO",28,33,12,"Public HKO open-data design only; no health outcomes joined."
2016-12-20,22.9,20,21.3,0,0,0,2016,12,20,"2016-12",355,1450,"pre_covid",0,0,0,0,"REAL_PUBLIC_HKO",28,33,12,"Public HKO open-data design only; no health outcomes joined."
2016-12-21,22.6,21,21.9,0,0,0,2016,12,21,"2016-12",356,1451,"pre_covid",0,0,0,0,"REAL_PUBLIC_HKO",28,33,12,"Public HKO open-data design only; no health outcomes joined."
2016-12-22,24.8,19.7,22.4,0,0,0,2016,12,22,"2016-12",357,1452,"pre_covid",0,0,0,0,"REAL_PUBLIC_HKO",28,33,12,"Public HKO open-data design only; no health outcomes joined."
2016-12-23,21.9,19.1,20.2,0,0,0,2016,12,23,"2016-12",358,1453,"pre_covid",0,0,0,0,"REAL_PUBLIC_HKO",28,33,12,"Public HKO open-data design only; no health outcomes joined."
2016-12-24,19.5,16.9,18.1,0,0,0,2016,12,24,"2016-12",359,1454,"pre_covid",0,0,0,0,"REAL_PUBLIC_HKO",28,33,12,"Public HKO open-data design only; no health outcomes joined."
2016-12-25,20.3,18.4,19.5,0,0,0,2016,12,25,"2016-12",360,1455,"pre_covid",0,0,0,0,"REAL_PUBLIC_HKO",28,33,12,"Public HKO open-data design only; no health outcomes joined."
2016-12-26,23.7,19.5,21.4,0,0,0,2016,12,26,"2016-12",361,1456,"pre_covid",0,0,0,0,"REAL_PUBLIC_HKO",28,33,12,"Public HKO open-data design only; no health outcomes joined."
2016-12-27,21.8,12.8,16.6,0,0,0,2016,12,27,"2016-12",362,1457,"pre_covid",0,0,0,0,"REAL_PUBLIC_HKO",28,33,12,"Public HKO open-data design only; no health outcomes joined."
2016-12-28,15.7,11.5,14,0,0,1,2016,12,28,"2016-12",363,1458,"pre_covid",0,1,0,0.0454545454545455,"REAL_PUBLIC_HKO",28,33,12,"Public HKO open-data design only; no health outcomes joined."
2016-12-29,17.9,13.9,15.9,0,0,0,2016,12,29,"2016-12",364,1459,"pre_covid",0,0,0,0.0454545454545455,"REAL_PUBLIC_HKO",28,33,12,"Public HKO open-data design only; no health outcomes joined."
2016-12-30,18.6,14.8,16.6,0,0,0,2016,12,30,"2016-12",365,1460,"pre_covid",0,0,0,0.0454545454545455,"REAL_PUBLIC_HKO",28,33,12,"Public HKO open-data design only; no health outcomes joined."
2016-12-31,20.7,15.6,18.2,0,0,0,2016,12,31,"2016-12",366,1461,"pre_covid",0,0,0,0.0454545454545455,"REAL_PUBLIC_HKO",28,33,12,"Public HKO open-data design only; no health outcomes joined."
2017-01-01,20.8,18.4,19.2,0,0,0,2017,1,1,"2017-01",1,1462,"pre_covid",0,0,0,0.0454545454545455,"REAL_PUBLIC_HKO",28,33,12,"Public HKO open-data design only; no health outcomes joined."
2017-01-02,23.3,18.4,20.2,0,0,0,2017,1,2,"2017-01",2,1463,"pre_covid",0,0,0,0.0454545454545455,"REAL_PUBLIC_HKO",28,33,12,"Public HKO open-data design only; no health outcomes joined."
2017-01-03,21.3,18.9,20,0,0,0,2017,1,3,"2017-01",3,1464,"pre_covid",0,0,0,0.0454545454545455,"REAL_PUBLIC_HKO",28,33,12,"Public HKO open-data design only; no health outcomes joined."
2017-01-04,21.7,18.7,19.9,0,0,0,2017,1,4,"2017-01",4,1465,"pre_covid",0,0,0,0.0454545454545455,"REAL_PUBLIC_HKO",28,33,12,"Public HKO open-data design only; no health outcomes joined."
2017-01-05,23.4,18.9,21.1,0,0,0,2017,1,5,"2017-01",5,1466,"pre_covid",0,0,0,0.0454545454545455,"REAL_PUBLIC_HKO",28,33,12,"Public HKO open-data design only; no health outcomes joined."
2017-01-06,25,19.7,21.6,0,0,0,2017,1,6,"2017-01",6,1467,"pre_covid",0,0,0,0.0454545454545455,"REAL_PUBLIC_HKO",28,33,12,"Public HKO open-data design only; no health outcomes joined."
2017-01-07,22.8,19.7,21.1,0,0,0,2017,1,7,"2017-01",7,1468,"pre_covid",0,0,0,0.0454545454545455,"REAL_PUBLIC_HKO",28,33,12,"Public HKO open-data design only; no health outcomes joined."
2017-01-08,25.5,20.5,22.6,0,0,0,2017,1,8,"2017-01",8,1469,"pre_covid",0,0,0,0.0454545454545455,"REAL_PUBLIC_HKO",28,33,12,"Public HKO open-data design only; no health outcomes joined."
2017-01-09,21.8,19.7,20.6,0,0,0,2017,1,9,"2017-01",9,1470,"pre_covid",0,0,0,0.0454545454545455,"REAL_PUBLIC_HKO",28,33,12,"Public HKO open-data design only; no health outcomes joined."
2017-01-10,20.5,18.8,19.4,0,0,0,2017,1,10,"2017-01",10,1471,"pre_covid",0,0,0,0.0454545454545455,"REAL_PUBLIC_HKO",28,33,12,"Public HKO open-data design only; no health outcomes joined."
2017-01-11,19.7,18.2,19.1,0,0,0,2017,1,11,"2017-01",11,1472,"pre_covid",0,0,0,0.0454545454545455,"REAL_PUBLIC_HKO",28,33,12,"Public HKO open-data design only; no health outcomes joined."
2017-01-12,20.3,16.9,19,0,0,0,2017,1,12,"2017-01",12,1473,"pre_covid",0,0,0,0.0454545454545455,"REAL_PUBLIC_HKO",28,33,12,"Public HKO open-data design only; no health outcomes joined."
2017-01-13,17.1,15.1,15.9,0,0,0,2017,1,13,"2017-01",13,1474,"pre_covid",0,0,0,0.0454545454545455,"REAL_PUBLIC_HKO",28,33,12,"Public HKO open-data design only; no health outcomes joined."
2017-01-14,16.5,14.5,15.7,0,0,0,2017,1,14,"2017-01",14,1475,"pre_covid",0,0,0,0.0454545454545455,"REAL_PUBLIC_HKO",28,33,12,"Public HKO open-data design only; no health outcomes joined."
2017-01-15,16.8,14.3,15.5,0,0,0,2017,1,15,"2017-01",15,1476,"pre_covid",0,0,0,0.0454545454545455,"REAL_PUBLIC_HKO",28,33,12,"Public HKO open-data design only; no health outcomes joined."
2017-01-16,17.4,14.7,16.3,0,0,0,2017,1,16,"2017-01",16,1477,"pre_covid",0,0,0,0.0454545454545455,"REAL_PUBLIC_HKO",28,33,12,"Public HKO open-data design only; no health outcomes joined."
2017-01-17,19.2,16.7,18,0,0,0,2017,1,17,"2017-01",17,1478,"pre_covid",0,0,0,0.0454545454545455,"REAL_PUBLIC_HKO",28,33,12,"Public HKO open-data design only; no health outcomes joined."
2017-01-18,20,18,18.9,0,0,0,2017,1,18,"2017-01",18,1479,"pre_covid",0,0,0,0.0454545454545455,"REAL_PUBLIC_HKO",28,33,12,"Public HKO open-data design only; no health outcomes joined."
2017-01-19,24.1,18.7,20.4,0,0,0,2017,1,19,"2017-01",19,1480,"pre_covid",0,0,0,0,"REAL_PUBLIC_HKO",28,33,12,"Public HKO open-data design only; no health outcomes joined."
2017-01-20,20.6,16.2,18.3,0,0,0,2017,1,20,"2017-01",20,1481,"pre_covid",0,0,0,0,"REAL_PUBLIC_HKO",28,33,12,"Public HKO open-data design only; no health outcomes joined."
2017-01-21,19,14.6,16.7,0,0,0,2017,1,21,"2017-01",21,1482,"pre_covid",0,0,0,0,"REAL_PUBLIC_HKO",28,33,12,"Public HKO open-data design only; no health outcomes joined."
2017-01-22,19.8,13.6,16.4,0,0,0,2017,1,22,"2017-01",22,1483,"pre_covid",0,0,0,0,"REAL_PUBLIC_HKO",28,33,12,"Public HKO open-data design only; no health outcomes joined."
2017-01-23,19.4,15.2,16.8,0,0,0,2017,1,23,"2017-01",23,1484,"pre_covid",0,0,0,0,"REAL_PUBLIC_HKO",28,33,12,"Public HKO open-data design only; no health outcomes joined."
2017-01-24,18.9,15.7,17,0,0,0,2017,1,24,"2017-01",24,1485,"pre_covid",0,0,0,0,"REAL_PUBLIC_HKO",28,33,12,"Public HKO open-data design only; no health outcomes joined."
2017-01-25,20.9,15.9,17.5,0,0,0,2017,1,25,"2017-01",25,1486,"pre_covid",0,0,0,0,"REAL_PUBLIC_HKO",28,33,12,"Public HKO open-data design only; no health outcomes joined."
2017-01-26,19.8,16.2,17.3,0,0,0,2017,1,26,"2017-01",26,1487,"pre_covid",0,0,0,0,"REAL_PUBLIC_HKO",28,33,12,"Public HKO open-data design only; no health outcomes joined."
2017-01-27,21.3,14.4,17.5,0,0,0,2017,1,27,"2017-01",27,1488,"pre_covid",0,0,0,0,"REAL_PUBLIC_HKO",28,33,12,"Public HKO open-data design only; no health outcomes joined."
2017-01-28,18.8,16.4,17.3,0,0,0,2017,1,28,"2017-01",28,1489,"pre_covid",0,0,0,0,"REAL_PUBLIC_HKO",28,33,12,"Public HKO open-data design only; no health outcomes joined."
2017-01-29,21.5,18.1,19.1,0,0,0,2017,1,29,"2017-01",29,1490,"pre_covid",0,0,0,0,"REAL_PUBLIC_HKO",28,33,12,"Public HKO open-data design only; no health outcomes joined."
2017-01-30,23.4,17.4,20.2,0,0,0,2017,1,30,"2017-01",30,1491,"pre_covid",0,0,0,0,"REAL_PUBLIC_HKO",28,33,12,"Public HKO open-data design only; no health outcomes joined."
2017-01-31,17.6,15.9,16.7,0,0,0,2017,1,31,"2017-01",31,1492,"pre_covid",0,0,0,0,"REAL_PUBLIC_HKO",28,33,12,"Public HKO open-data design only; no health outcomes joined."
2017-02-01,22,16.6,18.4,0,0,0,2017,2,1,"2017-02",32,1493,"pre_covid",0,0,0,0,"REAL_PUBLIC_HKO",28,33,12,"Public HKO open-data design only; no health outcomes joined."
2017-02-02,17.7,16.2,16.8,0,0,0,2017,2,2,"2017-02",33,1494,"pre_covid",0,0,0,0,"REAL_PUBLIC_HKO",28,33,12,"Public HKO open-data design only; no health outcomes joined."
2017-02-03,19.6,15.4,17.1,0,0,0,2017,2,3,"2017-02",34,1495,"pre_covid",0,0,0,0,"REAL_PUBLIC_HKO",28,33,12,"Public HKO open-data design only; no health outcomes joined."
2017-02-04,20.9,16.3,18.2,0,0,0,2017,2,4,"2017-02",35,1496,"pre_covid",0,0,0,0,"REAL_PUBLIC_HKO",28,33,12,"Public HKO open-data design only; no health outcomes joined."
2017-02-05,22,16.7,19,0,0,0,2017,2,5,"2017-02",36,1497,"pre_covid",0,0,0,0,"REAL_PUBLIC_HKO",28,33,12,"Public HKO open-data design only; no health outcomes joined."
2017-02-06,19.7,16.9,18.1,0,0,0,2017,2,6,"2017-02",37,1498,"pre_covid",0,0,0,0,"REAL_PUBLIC_HKO",28,33,12,"Public HKO open-data design only; no health outcomes joined."
2017-02-07,18.7,15.9,16.7,0,0,0,2017,2,7,"2017-02",38,1499,"pre_covid",0,0,0,0,"REAL_PUBLIC_HKO",28,33,12,"Public HKO open-data design only; no health outcomes joined."
2017-02-08,20.6,15.5,17.7,0,0,0,2017,2,8,"2017-02",39,1500,"pre_covid",0,0,0,0,"REAL_PUBLIC_HKO",28,33,12,"Public HKO open-data design only; no health outcomes joined."
2017-02-09,16.8,11.1,14,0,0,1,2017,2,9,"2017-02",40,1501,"pre_covid",0,1,0,0.0454545454545455,"REAL_PUBLIC_HKO",28,33,12,"Public HKO open-data design only; no health outcomes joined."
2017-02-10,15.6,10.8,12.8,0,0,1,2017,2,10,"2017-02",41,1502,"pre_covid",0,1,0,0.0909090909090909,"REAL_PUBLIC_HKO",28,33,12,"Public HKO open-data design only; no health outcomes joined."
2017-02-11,17.9,11.5,14,0,0,1,2017,2,11,"2017-02",42,1503,"pre_covid",0,1,0,0.136363636363636,"REAL_PUBLIC_HKO",28,33,12,"Public HKO open-data design only; no health outcomes joined."
2017-02-12,19.1,12.5,15,0,0,0,2017,2,12,"2017-02",43,1504,"pre_covid",0,0,0,0.136363636363636,"REAL_PUBLIC_HKO",28,33,12,"Public HKO open-data design only; no health outcomes joined."
2017-02-13,20.1,13.1,16.1,0,0,0,2017,2,13,"2017-02",44,1505,"pre_covid",0,0,0,0.136363636363636,"REAL_PUBLIC_HKO",28,33,12,"Public HKO open-data design only; no health outcomes joined."
2017-02-14,21.1,15.6,17.3,0,0,0,2017,2,14,"2017-02",45,1506,"pre_covid",0,0,0,0.136363636363636,"REAL_PUBLIC_HKO",28,33,12,"Public HKO open-data design only; no health outcomes joined."
2017-02-15,20.9,15.3,17.4,0,0,0,2017,2,15,"2017-02",46,1507,"pre_covid",0,0,0,0.136363636363636,"REAL_PUBLIC_HKO",28,33,12,"Public HKO open-data design only; no health outcomes joined."
2017-02-16,24,15.4,18.7,0,0,0,2017,2,16,"2017-02",47,1508,"pre_covid",0,0,0,0.136363636363636,"REAL_PUBLIC_HKO",28,33,12,"Public HKO open-data design only; no health outcomes joined."
2017-02-17,25.4,17.1,20.4,0,0,0,2017,2,17,"2017-02",48,1509,"pre_covid",0,0,0,0.136363636363636,"REAL_PUBLIC_HKO",28,33,12,"Public HKO open-data design only; no health outcomes joined."
2017-02-18,24.1,18,19.9,0,0,0,2017,2,18,"2017-02",49,1510,"pre_covid",0,0,0,0.136363636363636,"REAL_PUBLIC_HKO",28,33,12,"Public HKO open-data design only; no health outcomes joined."
2017-02-19,19.1,16.4,17.9,0,0,0,2017,2,19,"2017-02",50,1511,"pre_covid",0,0,0,0.136363636363636,"REAL_PUBLIC_HKO",28,33,12,"Public HKO open-data design only; no health outcomes joined."
2017-02-20,25.5,18.3,21,0,0,0,2017,2,20,"2017-02",51,1512,"pre_covid",0,0,0,0.136363636363636,"REAL_PUBLIC_HKO",28,33,12,"Public HKO open-data design only; no health outcomes joined."
2017-02-21,21.1,16.6,18.3,0,0,0,2017,2,21,"2017-02",52,1513,"pre_covid",0,0,0,0.136363636363636,"REAL_PUBLIC_HKO",28,33,12,"Public HKO open-data design only; no health outcomes joined."
2017-02-22,21.3,16.4,18.9,0,0,0,2017,2,22,"2017-02",53,1514,"pre_covid",0,0,0,0.136363636363636,"REAL_PUBLIC_HKO",28,33,12,"Public HKO open-data design only; no health outcomes joined."
2017-02-23,20.2,15,17.9,0,0,0,2017,2,23,"2017-02",54,1515,"pre_covid",0,0,0,0.136363636363636,"REAL_PUBLIC_HKO",28,33,12,"Public HKO open-data design only; no health outcomes joined."
2017-02-24,15.1,12,13,0,0,1,2017,2,24,"2017-02",55,1516,"pre_covid",0,1,0,0.181818181818182,"REAL_PUBLIC_HKO",28,33,12,"Public HKO open-data design only; no health outcomes joined."
2017-02-25,13.8,10.7,12.2,0,0,1,2017,2,25,"2017-02",56,1517,"pre_covid",0,1,0,0.227272727272727,"REAL_PUBLIC_HKO",28,33,12,"Public HKO open-data design only; no health outcomes joined."
2017-02-26,17,10.6,13.9,0,0,1,2017,2,26,"2017-02",57,1518,"pre_covid",0,1,0,0.272727272727273,"REAL_PUBLIC_HKO",28,33,12,"Public HKO open-data design only; no health outcomes joined."
2017-02-27,19.8,15.4,17,0,0,0,2017,2,27,"2017-02",58,1519,"pre_covid",0,0,0,0.272727272727273,"REAL_PUBLIC_HKO",28,33,12,"Public HKO open-data design only; no health outcomes joined."
2017-02-28,20.8,15.1,17.4,0,0,0,2017,2,28,"2017-02",59,1520,"pre_covid",0,0,0,0.272727272727273,"REAL_PUBLIC_HKO",28,33,12,"Public HKO open-data design only; no health outcomes joined."
2017-03-01,22.9,15.9,18.8,0,0,0,2017,3,1,"2017-03",60,1521,"pre_covid",0,0,0,0.272727272727273,"REAL_PUBLIC_HKO",28,33,12,"Public HKO open-data design only; no health outcomes joined."
2017-03-02,23.9,17.2,19.4,0,0,0,2017,3,2,"2017-03",61,1522,"pre_covid",0,0,0,0.272727272727273,"REAL_PUBLIC_HKO",28,33,12,"Public HKO open-data design only; no health outcomes joined."
2017-03-03,20.1,15.7,17.4,0,0,0,2017,3,3,"2017-03",62,1523,"pre_covid",0,0,0,0.227272727272727,"REAL_PUBLIC_HKO",28,33,12,"Public HKO open-data design only; no health outcomes joined."
2017-03-04,21.8,16.8,18.7,0,0,0,2017,3,4,"2017-03",63,1524,"pre_covid",0,0,0,0.181818181818182,"REAL_PUBLIC_HKO",28,33,12,"Public HKO open-data design only; no health outcomes joined."
2017-03-05,24,18.7,20.7,0,0,0,2017,3,5,"2017-03",64,1525,"pre_covid",0,0,0,0.136363636363636,"REAL_PUBLIC_HKO",28,33,12,"Public HKO open-data design only; no health outcomes joined."
2017-03-06,23.5,17.9,20.3,0,0,0,2017,3,6,"2017-03",65,1526,"pre_covid",0,0,0,0.136363636363636,"REAL_PUBLIC_HKO",28,33,12,"Public HKO open-data design only; no health outcomes joined."
2017-03-07,20.7,17.1,18,0,0,0,2017,3,7,"2017-03",66,1527,"pre_covid",0,0,0,0.136363636363636,"REAL_PUBLIC_HKO",28,33,12,"Public HKO open-data design only; no health outcomes joined."
2017-03-08,17.3,15,16.3,0,0,0,2017,3,8,"2017-03",67,1528,"pre_covid",0,0,0,0.136363636363636,"REAL_PUBLIC_HKO",28,33,12,"Public HKO open-data design only; no health outcomes joined."
2017-03-09,19.6,16,17,0,0,0,2017,3,9,"2017-03",68,1529,"pre_covid",0,0,0,0.136363636363636,"REAL_PUBLIC_HKO",28,33,12,"Public HKO open-data design only; no health outcomes joined."
2017-03-10,19.2,16.4,17.8,0,0,0,2017,3,10,"2017-03",69,1530,"pre_covid",0,0,0,0.136363636363636,"REAL_PUBLIC_HKO",28,33,12,"Public HKO open-data design only; no health outcomes joined."
2017-03-11,18.4,16.7,17.5,0,0,0,2017,3,11,"2017-03",70,1531,"pre_covid",0,0,0,0.136363636363636,"REAL_PUBLIC_HKO",28,33,12,"Public HKO open-data design only; no health outcomes joined."
2017-03-12,19.5,17,18.4,0,0,0,2017,3,12,"2017-03",71,1532,"pre_covid",0,0,0,0.136363636363636,"REAL_PUBLIC_HKO",28,33,12,"Public HKO open-data design only; no health outcomes joined."
2017-03-13,24.4,19.4,21.7,0,0,0,2017,3,13,"2017-03",72,1533,"pre_covid",0,0,0,0.136363636363636,"REAL_PUBLIC_HKO",28,33,12,"Public HKO open-data design only; no health outcomes joined."
2017-03-14,22,16.8,19.1,0,0,0,2017,3,14,"2017-03",73,1534,"pre_covid",0,0,0,0.136363636363636,"REAL_PUBLIC_HKO",28,33,12,"Public HKO open-data design only; no health outcomes joined."
2017-03-15,17.9,16.2,16.8,0,0,0,2017,3,15,"2017-03",74,1535,"pre_covid",0,0,0,0.136363636363636,"REAL_PUBLIC_HKO",28,33,12,"Public HKO open-data design only; no health outcomes joined."
2017-03-16,19,16.8,17.8,0,0,0,2017,3,16,"2017-03",75,1536,"pre_covid",0,0,0,0.136363636363636,"REAL_PUBLIC_HKO",28,33,12,"Public HKO open-data design only; no health outcomes joined."
2017-03-17,20.4,17,18.1,0,0,0,2017,3,17,"2017-03",76,1537,"pre_covid",0,0,0,0.136363636363636,"REAL_PUBLIC_HKO",28,33,12,"Public HKO open-data design only; no health outcomes joined."
2017-03-18,20.1,17.4,18.9,0,0,0,2017,3,18,"2017-03",77,1538,"pre_covid",0,0,0,0.0909090909090909,"REAL_PUBLIC_HKO",28,33,12,"Public HKO open-data design only; no health outcomes joined."
2017-03-19,20.6,18.9,19.8,0,0,0,2017,3,19,"2017-03",78,1539,"pre_covid",0,0,0,0.0454545454545455,"REAL_PUBLIC_HKO",28,33,12,"Public HKO open-data design only; no health outcomes joined."
2017-03-20,27.1,18.6,21.9,0,0,0,2017,3,20,"2017-03",79,1540,"pre_covid",0,0,0,0,"REAL_PUBLIC_HKO",28,33,12,"Public HKO open-data design only; no health outcomes joined."
2017-03-21,27.6,19.1,22.9,0,0,0,2017,3,21,"2017-03",80,1541,"pre_covid",0,0,0,0,"REAL_PUBLIC_HKO",28,33,12,"Public HKO open-data design only; no health outcomes joined."
2017-03-22,19.7,17.6,18.8,0,0,0,2017,3,22,"2017-03",81,1542,"pre_covid",0,0,0,0,"REAL_PUBLIC_HKO",28,33,12,"Public HKO open-data design only; no health outcomes joined."
2017-03-23,24.6,19,21.2,0,0,0,2017,3,23,"2017-03",82,1543,"pre_covid",0,0,0,0,"REAL_PUBLIC_HKO",28,33,12,"Public HKO open-data design only; no health outcomes joined."
2017-03-24,22.4,18.9,20.8,0,0,0,2017,3,24,"2017-03",83,1544,"pre_covid",0,0,0,0,"REAL_PUBLIC_HKO",28,33,12,"Public HKO open-data design only; no health outcomes joined."
2017-03-25,23.4,16.5,20.2,0,0,0,2017,3,25,"2017-03",84,1545,"pre_covid",0,0,0,0,"REAL_PUBLIC_HKO",28,33,12,"Public HKO open-data design only; no health outcomes joined."
2017-03-26,16.9,13.8,15.8,0,0,0,2017,3,26,"2017-03",85,1546,"pre_covid",0,0,0,0,"REAL_PUBLIC_HKO",28,33,12,"Public HKO open-data design only; no health outcomes joined."
2017-03-27,21.5,16.3,18.9,0,0,0,2017,3,27,"2017-03",86,1547,"pre_covid",0,0,0,0,"REAL_PUBLIC_HKO",28,33,12,"Public HKO open-data design only; no health outcomes joined."
2017-03-28,24.9,18.1,20.6,0,0,0,2017,3,28,"2017-03",87,1548,"pre_covid",0,0,0,0,"REAL_PUBLIC_HKO",28,33,12,"Public HKO open-data design only; no health outcomes joined."
2017-03-29,23.7,20.4,21.7,0,0,0,2017,3,29,"2017-03",88,1549,"pre_covid",0,0,0,0,"REAL_PUBLIC_HKO",28,33,12,"Public HKO open-data design only; no health outcomes joined."
2017-03-30,23.1,21,21.9,0,0,0,2017,3,30,"2017-03",89,1550,"pre_covid",0,0,0,0,"REAL_PUBLIC_HKO",28,33,12,"Public HKO open-data design only; no health outcomes joined."
2017-03-31,23.7,15.5,20.1,0,0,0,2017,3,31,"2017-03",90,1551,"pre_covid",0,0,0,0,"REAL_PUBLIC_HKO",28,33,12,"Public HKO open-data design only; no health outcomes joined."
2017-04-01,23.9,15.5,18.7,0,0,0,2017,4,1,"2017-04",91,1552,"pre_covid",0,0,0,0,"REAL_PUBLIC_HKO",28,33,12,"Public HKO open-data design only; no health outcomes joined."
2017-04-02,24.2,17,19.9,0,0,0,2017,4,2,"2017-04",92,1553,"pre_covid",0,0,0,0,"REAL_PUBLIC_HKO",28,33,12,"Public HKO open-data design only; no health outcomes joined."
2017-04-03,24.5,17.5,20.7,0,0,0,2017,4,3,"2017-04",93,1554,"pre_covid",0,0,0,0,"REAL_PUBLIC_HKO",28,33,12,"Public HKO open-data design only; no health outcomes joined."
2017-04-04,26,19.3,21.9,0,0,0,2017,4,4,"2017-04",94,1555,"pre_covid",0,0,0,0,"REAL_PUBLIC_HKO",28,33,12,"Public HKO open-data design only; no health outcomes joined."
2017-04-05,27.9,20.9,23.4,0,0,0,2017,4,5,"2017-04",95,1556,"pre_covid",0,0,0,0,"REAL_PUBLIC_HKO",28,33,12,"Public HKO open-data design only; no health outcomes joined."
2017-04-06,25,22.5,23.5,0,0,0,2017,4,6,"2017-04",96,1557,"pre_covid",0,0,0,0,"REAL_PUBLIC_HKO",28,33,12,"Public HKO open-data design only; no health outcomes joined."
2017-04-07,27.9,22.6,24.5,0,0,0,2017,4,7,"2017-04",97,1558,"pre_covid",0,0,0,0,"REAL_PUBLIC_HKO",28,33,12,"Public HKO open-data design only; no health outcomes joined."
2017-04-08,27.5,23,25,0,0,0,2017,4,8,"2017-04",98,1559,"pre_covid",0,0,0,0,"REAL_PUBLIC_HKO",28,33,12,"Public HKO open-data design only; no health outcomes joined."
2017-04-09,27.9,23.5,25.8,0,0,0,2017,4,9,"2017-04",99,1560,"pre_covid",0,0,0,0,"REAL_PUBLIC_HKO",28,33,12,"Public HKO open-data design only; no health outcomes joined."
2017-04-10,28.1,26.3,27,0,0,0,2017,4,10,"2017-04",100,1561,"pre_covid",0,0,0,0,"REAL_PUBLIC_HKO",28,33,12,"Public HKO open-data design only; no health outcomes joined."
2017-04-11,27.8,22.2,26.1,0,0,0,2017,4,11,"2017-04",101,1562,"pre_covid",0,0,0,0,"REAL_PUBLIC_HKO",28,33,12,"Public HKO open-data design only; no health outcomes joined."
2017-04-12,22.8,18.2,20.6,0,0,0,2017,4,12,"2017-04",102,1563,"pre_covid",0,0,0,0,"REAL_PUBLIC_HKO",28,33,12,"Public HKO open-data design only; no health outcomes joined."
2017-04-13,21.5,18.8,20,0,0,0,2017,4,13,"2017-04",103,1564,"pre_covid",0,0,0,0,"REAL_PUBLIC_HKO",28,33,12,"Public HKO open-data design only; no health outcomes joined."
2017-04-14,24.7,19.9,21.9,0,0,0,2017,4,14,"2017-04",104,1565,"pre_covid",0,0,0,0,"REAL_PUBLIC_HKO",28,33,12,"Public HKO open-data design only; no health outcomes joined."
2017-04-15,26.9,21.6,23.6,0,0,0,2017,4,15,"2017-04",105,1566,"pre_covid",0,0,0,0,"REAL_PUBLIC_HKO",28,33,12,"Public HKO open-data design only; no health outcomes joined."
2017-04-16,30.2,23,25.7,0,0,0,2017,4,16,"2017-04",106,1567,"pre_covid",0,0,0,0,"REAL_PUBLIC_HKO",28,33,12,"Public HKO open-data design only; no health outcomes joined."
2017-04-17,29.4,23.7,26,0,0,0,2017,4,17,"2017-04",107,1568,"pre_covid",0,0,0,0,"REAL_PUBLIC_HKO",28,33,12,"Public HKO open-data design only; no health outcomes joined."
2017-04-18,30.7,23.9,26.7,0,0,0,2017,4,18,"2017-04",108,1569,"pre_covid",0,0,0,0,"REAL_PUBLIC_HKO",28,33,12,"Public HKO open-data design only; no health outcomes joined."
2017-04-19,29.4,24.7,26.7,0,0,0,2017,4,19,"2017-04",109,1570,"pre_covid",0,0,0,0,"REAL_PUBLIC_HKO",28,33,12,"Public HKO open-data design only; no health outcomes joined."
2017-04-20,27.5,25.1,26.1,0,0,0,2017,4,20,"2017-04",110,1571,"pre_covid",0,0,0,0,"REAL_PUBLIC_HKO",28,33,12,"Public HKO open-data design only; no health outcomes joined."
2017-04-21,29.4,22.8,26.2,0,0,0,2017,4,21,"2017-04",111,1572,"pre_covid",0,0,0,0,"REAL_PUBLIC_HKO",28,33,12,"Public HKO open-data design only; no health outcomes joined."
2017-04-22,24.5,18.5,20.6,0,0,0,2017,4,22,"2017-04",112,1573,"pre_covid",0,0,0,0,"REAL_PUBLIC_HKO",28,33,12,"Public HKO open-data design only; no health outcomes joined."
2017-04-23,21.8,19.9,20.8,0,0,0,2017,4,23,"2017-04",113,1574,"pre_covid",0,0,0,0,"REAL_PUBLIC_HKO",28,33,12,"Public HKO open-data design only; no health outcomes joined."
2017-04-24,22.8,20.9,21.5,0,0,0,2017,4,24,"2017-04",114,1575,"pre_covid",0,0,0,0,"REAL_PUBLIC_HKO",28,33,12,"Public HKO open-data design only; no health outcomes joined."
2017-04-25,22.9,20.7,21.9,0,0,0,2017,4,25,"2017-04",115,1576,"pre_covid",0,0,0,0,"REAL_PUBLIC_HKO",28,33,12,"Public HKO open-data design only; no health outcomes joined."
2017-04-26,26.8,22.4,23.7,0,0,0,2017,4,26,"2017-04",116,1577,"pre_covid",0,0,0,0,"REAL_PUBLIC_HKO",28,33,12,"Public HKO open-data design only; no health outcomes joined."
2017-04-27,24,20.6,22.3,0,0,0,2017,4,27,"2017-04",117,1578,"pre_covid",0,0,0,0,"REAL_PUBLIC_HKO",28,33,12,"Public HKO open-data design only; no health outcomes joined."
2017-04-28,24.8,20.2,21.8,0,0,0,2017,4,28,"2017-04",118,1579,"pre_covid",0,0,0,0,"REAL_PUBLIC_HKO",28,33,12,"Public HKO open-data design only; no health outcomes joined."
2017-04-29,27.3,19.9,23,0,0,0,2017,4,29,"2017-04",119,1580,"pre_covid",0,0,0,0,"REAL_PUBLIC_HKO",28,33,12,"Public HKO open-data design only; no health outcomes joined."
2017-04-30,28.2,21.4,24,0,0,0,2017,4,30,"2017-04",120,1581,"pre_covid",0,0,0,0,"REAL_PUBLIC_HKO",28,33,12,"Public HKO open-data design only; no health outcomes joined."
2017-05-01,29.5,22.6,25,0,0,0,2017,5,1,"2017-05",121,1582,"pre_covid",0,0,0,0,"REAL_PUBLIC_HKO",28,33,12,"Public HKO open-data design only; no health outcomes joined."
2017-05-02,28.1,24.3,26.1,0,0,0,2017,5,2,"2017-05",122,1583,"pre_covid",0,0,0,0,"REAL_PUBLIC_HKO",28,33,12,"Public HKO open-data design only; no health outcomes joined."
2017-05-03,31.3,25.6,27.5,0,0,0,2017,5,3,"2017-05",123,1584,"pre_covid",0,0,0,0,"REAL_PUBLIC_HKO",28,33,12,"Public HKO open-data design only; no health outcomes joined."
2017-05-04,27.6,22.9,24.9,0,0,0,2017,5,4,"2017-05",124,1585,"pre_covid",0,0,0,0,"REAL_PUBLIC_HKO",28,33,12,"Public HKO open-data design only; no health outcomes joined."
2017-05-05,29.8,23.4,26.1,0,0,0,2017,5,5,"2017-05",125,1586,"pre_covid",0,0,0,0,"REAL_PUBLIC_HKO",28,33,12,"Public HKO open-data design only; no health outcomes joined."
2017-05-06,31.1,25.3,27.5,0,0,0,2017,5,6,"2017-05",126,1587,"pre_covid",0,0,0,0,"REAL_PUBLIC_HKO",28,33,12,"Public HKO open-data design only; no health outcomes joined."
2017-05-07,27.7,24.8,25.6,0,0,0,2017,5,7,"2017-05",127,1588,"pre_covid",0,0,0,0,"REAL_PUBLIC_HKO",28,33,12,"Public HKO open-data design only; no health outcomes joined."
2017-05-08,28.6,23.1,25.9,0,0,0,2017,5,8,"2017-05",128,1589,"pre_covid",0,0,0,0,"REAL_PUBLIC_HKO",28,33,12,"Public HKO open-data design only; no health outcomes joined."
2017-05-09,29.3,22.6,25.9,0,0,0,2017,5,9,"2017-05",129,1590,"pre_covid",0,0,0,0,"REAL_PUBLIC_HKO",28,33,12,"Public HKO open-data design only; no health outcomes joined."
2017-05-10,29.6,25.3,27.1,0,0,0,2017,5,10,"2017-05",130,1591,"pre_covid",0,0,0,0,"REAL_PUBLIC_HKO",28,33,12,"Public HKO open-data design only; no health outcomes joined."
2017-05-11,31.6,25.7,27.5,0,0,0,2017,5,11,"2017-05",131,1592,"pre_covid",0,0,0,0,"REAL_PUBLIC_HKO",28,33,12,"Public HKO open-data design only; no health outcomes joined."
2017-05-12,30.7,26,27.5,0,0,0,2017,5,12,"2017-05",132,1593,"pre_covid",0,0,0,0,"REAL_PUBLIC_HKO",28,33,12,"Public HKO open-data design only; no health outcomes joined."
2017-05-13,26.6,24.5,25.8,0,0,0,2017,5,13,"2017-05",133,1594,"pre_covid",0,0,0,0,"REAL_PUBLIC_HKO",28,33,12,"Public HKO open-data design only; no health outcomes joined."
2017-05-14,29.5,24.8,26.7,0,0,0,2017,5,14,"2017-05",134,1595,"pre_covid",0,0,0,0,"REAL_PUBLIC_HKO",28,33,12,"Public HKO open-data design only; no health outcomes joined."
2017-05-15,27,24.6,25.5,0,0,0,2017,5,15,"2017-05",135,1596,"pre_covid",0,0,0,0,"REAL_PUBLIC_HKO",28,33,12,"Public HKO open-data design only; no health outcomes joined."
2017-05-16,26.6,23.6,25,0,0,0,2017,5,16,"2017-05",136,1597,"pre_covid",0,0,0,0,"REAL_PUBLIC_HKO",28,33,12,"Public HKO open-data design only; no health outcomes joined."
2017-05-17,29.9,23.8,26,0,0,0,2017,5,17,"2017-05",137,1598,"pre_covid",0,0,0,0,"REAL_PUBLIC_HKO",28,33,12,"Public HKO open-data design only; no health outcomes joined."
2017-05-18,27.4,24.3,25.5,0,0,0,2017,5,18,"2017-05",138,1599,"pre_covid",0,0,0,0,"REAL_PUBLIC_HKO",28,33,12,"Public HKO open-data design only; no health outcomes joined."
2017-05-19,26,23.7,24.6,0,0,0,2017,5,19,"2017-05",139,1600,"pre_covid",0,0,0,0,"REAL_PUBLIC_HKO",28,33,12,"Public HKO open-data design only; no health outcomes joined."
2017-05-20,24.8,22.7,23.9,0,0,0,2017,5,20,"2017-05",140,1601,"pre_covid",0,0,0,0,"REAL_PUBLIC_HKO",28,33,12,"Public HKO open-data design only; no health outcomes joined."
2017-05-21,24.9,23,23.9,0,0,0,2017,5,21,"2017-05",141,1602,"pre_covid",0,0,0,0,"REAL_PUBLIC_HKO",28,33,12,"Public HKO open-data design only; no health outcomes joined."
2017-05-22,25.2,23.8,24.6,0,0,0,2017,5,22,"2017-05",142,1603,"pre_covid",0,0,0,0,"REAL_PUBLIC_HKO",28,33,12,"Public HKO open-data design only; no health outcomes joined."
2017-05-23,28.5,24.6,26.1,0,0,0,2017,5,23,"2017-05",143,1604,"pre_covid",0,0,0,0,"REAL_PUBLIC_HKO",28,33,12,"Public HKO open-data design only; no health outcomes joined."
2017-05-24,26.2,24.2,25.3,0,0,0,2017,5,24,"2017-05",144,1605,"pre_covid",0,0,0,0,"REAL_PUBLIC_HKO",28,33,12,"Public HKO open-data design only; no health outcomes joined."
2017-05-25,28.5,23.9,25.5,0,0,0,2017,5,25,"2017-05",145,1606,"pre_covid",0,0,0,0,"REAL_PUBLIC_HKO",28,33,12,"Public HKO open-data design only; no health outcomes joined."
2017-05-26,26.8,23.9,25,0,0,0,2017,5,26,"2017-05",146,1607,"pre_covid",0,0,0,0,"REAL_PUBLIC_HKO",28,33,12,"Public HKO open-data design only; no health outcomes joined."
2017-05-27,30.4,24,26.1,0,0,0,2017,5,27,"2017-05",147,1608,"pre_covid",0,0,0,0,"REAL_PUBLIC_HKO",28,33,12,"Public HKO open-data design only; no health outcomes joined."
2017-05-28,30.5,24.8,26.7,0,0,0,2017,5,28,"2017-05",148,1609,"pre_covid",0,0,0,0,"REAL_PUBLIC_HKO",28,33,12,"Public HKO open-data design only; no health outcomes joined."
2017-05-29,30.3,24.9,26.6,0,0,0,2017,5,29,"2017-05",149,1610,"pre_covid",0,0,0,0,"REAL_PUBLIC_HKO",28,33,12,"Public HKO open-data design only; no health outcomes joined."
2017-05-30,30.9,25.1,27,0,0,0,2017,5,30,"2017-05",150,1611,"pre_covid",0,0,0,0,"REAL_PUBLIC_HKO",28,33,12,"Public HKO open-data design only; no health outcomes joined."
2017-05-31,31.3,25.6,28.2,0,0,0,2017,5,31,"2017-05",151,1612,"pre_covid",0,0,0,0,"REAL_PUBLIC_HKO",28,33,12,"Public HKO open-data design only; no health outcomes joined."
2017-06-01,30.6,27.8,29.1,0,0,0,2017,6,1,"2017-06",152,1613,"pre_covid",0,0,0,0,"REAL_PUBLIC_HKO",28,33,12,"Public HKO open-data design only; no health outcomes joined."
2017-06-02,30.6,28.6,29.4,1,0,0,2017,6,2,"2017-06",153,1614,"pre_covid",1,0,0.166666666666667,0,"REAL_PUBLIC_HKO",28,33,12,"Public HKO open-data design only; no health outcomes joined."
2017-06-03,32.5,28.5,30,1,0,0,2017,6,3,"2017-06",154,1615,"pre_covid",1,0,0.333333333333333,0,"REAL_PUBLIC_HKO",28,33,12,"Public HKO open-data design only; no health outcomes joined."
2017-06-04,31.2,29.3,30,1,0,0,2017,6,4,"2017-06",155,1616,"pre_covid",1,0,0.5,0,"REAL_PUBLIC_HKO",28,33,12,"Public HKO open-data design only; no health outcomes joined."
2017-06-05,33.5,28.8,30.3,1,1,0,2017,6,5,"2017-06",156,1617,"pre_covid",1,0,0.666666666666667,0,"REAL_PUBLIC_HKO",28,33,12,"Public HKO open-data design only; no health outcomes joined."
2017-06-06,33.8,28.5,30.4,1,1,0,2017,6,6,"2017-06",157,1618,"pre_covid",1,0,0.833333333333333,0,"REAL_PUBLIC_HKO",28,33,12,"Public HKO open-data design only; no health outcomes joined."
2017-06-07,34,27.2,30,0,1,0,2017,6,7,"2017-06",158,1619,"pre_covid",0,0,0.833333333333333,0,"REAL_PUBLIC_HKO",28,33,12,"Public HKO open-data design only; no health outcomes joined."
2017-06-08,32.5,28.3,29.8,1,0,0,2017,6,8,"2017-06",159,1620,"pre_covid",1,0,0.833333333333333,0,"REAL_PUBLIC_HKO",28,33,12,"Public HKO open-data design only; no health outcomes joined."
2017-06-09,31.9,28.1,29.5,1,0,0,2017,6,9,"2017-06",160,1621,"pre_covid",1,0,0.833333333333333,0,"REAL_PUBLIC_HKO",28,33,12,"Public HKO open-data design only; no health outcomes joined."
2017-06-10,33.8,28,29.9,1,1,0,2017,6,10,"2017-06",161,1622,"pre_covid",1,0,0.833333333333333,0,"REAL_PUBLIC_HKO",28,33,12,"Public HKO open-data design only; no health outcomes joined."
2017-06-11,34.1,28.1,29.8,1,1,0,2017,6,11,"2017-06",162,1623,"pre_covid",1,0,0.833333333333333,0,"REAL_PUBLIC_HKO",28,33,12,"Public HKO open-data design only; no health outcomes joined."
2017-06-12,30,25.3,27.6,0,0,0,2017,6,12,"2017-06",163,1624,"pre_covid",0,0,0.666666666666667,0,"REAL_PUBLIC_HKO",28,33,12,"Public HKO open-data design only; no health outcomes joined."
2017-06-13,28.9,24.3,26.4,0,0,0,2017,6,13,"2017-06",164,1625,"pre_covid",0,0,0.666666666666667,0,"REAL_PUBLIC_HKO",28,33,12,"Public HKO open-data design only; no health outcomes joined."
2017-06-14,29.5,25.5,28.3,0,0,0,2017,6,14,"2017-06",165,1626,"pre_covid",0,0,0.5,0,"REAL_PUBLIC_HKO",28,33,12,"Public HKO open-data design only; no health outcomes joined."
2017-06-15,31.1,26.8,29.2,0,0,0,2017,6,15,"2017-06",166,1627,"pre_covid",0,0,0.333333333333333,0,"REAL_PUBLIC_HKO",28,33,12,"Public HKO open-data design only; no health outcomes joined."
2017-06-16,29.6,27.8,29,0,0,0,2017,6,16,"2017-06",167,1628,"pre_covid",0,0,0.166666666666667,0,"REAL_PUBLIC_HKO",28,33,12,"Public HKO open-data design only; no health outcomes joined."
2017-06-17,28.4,24.4,25.5,0,0,0,2017,6,17,"2017-06",168,1629,"pre_covid",0,0,0,0,"REAL_PUBLIC_HKO",28,33,12,"Public HKO open-data design only; no health outcomes joined."
2017-06-18,27.3,24.7,26.2,0,0,0,2017,6,18,"2017-06",169,1630,"pre_covid",0,0,0,0,"REAL_PUBLIC_HKO",28,33,12,"Public HKO open-data design only; no health outcomes joined."
2017-06-19,28.3,25.3,26.2,0,0,0,2017,6,19,"2017-06",170,1631,"pre_covid",0,0,0,0,"REAL_PUBLIC_HKO",28,33,12,"Public HKO open-data design only; no health outcomes joined."
2017-06-20,28.2,25.2,26.5,0,0,0,2017,6,20,"2017-06",171,1632,"pre_covid",0,0,0,0,"REAL_PUBLIC_HKO",28,33,12,"Public HKO open-data design only; no health outcomes joined."
2017-06-21,29.2,25.2,27.4,0,0,0,2017,6,21,"2017-06",172,1633,"pre_covid",0,0,0,0,"REAL_PUBLIC_HKO",28,33,12,"Public HKO open-data design only; no health outcomes joined."
2017-06-22,32.4,28,29.3,1,0,0,2017,6,22,"2017-06",173,1634,"pre_covid",1,0,0.166666666666667,0,"REAL_PUBLIC_HKO",28,33,12,"Public HKO open-data design only; no health outcomes joined."
2017-06-23,31.6,27.5,28.9,0,0,0,2017,6,23,"2017-06",174,1635,"pre_covid",0,0,0.166666666666667,0,"REAL_PUBLIC_HKO",28,33,12,"Public HKO open-data design only; no health outcomes joined."
2017-06-24,30.8,26.4,28.5,0,0,0,2017,6,24,"2017-06",175,1636,"pre_covid",0,0,0.166666666666667,0,"REAL_PUBLIC_HKO",28,33,12,"Public HKO open-data design only; no health outcomes joined."
2017-06-25,31.5,26.8,29.2,0,0,0,2017,6,25,"2017-06",176,1637,"pre_covid",0,0,0.166666666666667,0,"REAL_PUBLIC_HKO",28,33,12,"Public HKO open-data design only; no health outcomes joined."
2017-06-26,32,28.6,29.8,1,0,0,2017,6,26,"2017-06",177,1638,"pre_covid",1,0,0.333333333333333,0,"REAL_PUBLIC_HKO",28,33,12,"Public HKO open-data design only; no health outcomes joined."
2017-06-27,31.5,28.6,29.5,1,0,0,2017,6,27,"2017-06",178,1639,"pre_covid",1,0,0.5,0,"REAL_PUBLIC_HKO",28,33,12,"Public HKO open-data design only; no health outcomes joined."
2017-06-28,32.3,28.2,29.7,1,0,0,2017,6,28,"2017-06",179,1640,"pre_covid",1,0,0.5,0,"REAL_PUBLIC_HKO",28,33,12,"Public HKO open-data design only; no health outcomes joined."
2017-06-29,32.8,27.9,29.6,0,0,0,2017,6,29,"2017-06",180,1641,"pre_covid",0,0,0.5,0,"REAL_PUBLIC_HKO",28,33,12,"Public HKO open-data design only; no health outcomes joined."
2017-06-30,33.7,27.6,29.9,0,1,0,2017,6,30,"2017-06",181,1642,"pre_covid",0,0,0.5,0,"REAL_PUBLIC_HKO",28,33,12,"Public HKO open-data design only; no health outcomes joined."
2017-07-01,31.7,26.7,29.2,0,0,0,2017,7,1,"2017-07",182,1643,"pre_covid",0,0,0.5,0,"REAL_PUBLIC_HKO",28,33,12,"Public HKO open-data design only; no health outcomes joined."
2017-07-02,30.3,26.2,28.9,0,0,0,2017,7,2,"2017-07",183,1644,"pre_covid",0,0,0.333333333333333,0,"REAL_PUBLIC_HKO",28,33,12,"Public HKO open-data design only; no health outcomes joined."
2017-07-03,30.7,26.7,28.5,0,0,0,2017,7,3,"2017-07",184,1645,"pre_covid",0,0,0.166666666666667,0,"REAL_PUBLIC_HKO",28,33,12,"Public HKO open-data design only; no health outcomes joined."
2017-07-04,28.6,25.3,26.5,0,0,0,2017,7,4,"2017-07",185,1646,"pre_covid",0,0,0,0,"REAL_PUBLIC_HKO",28,33,12,"Public HKO open-data design only; no health outcomes joined."
2017-07-05,31,26.5,27.8,0,0,0,2017,7,5,"2017-07",186,1647,"pre_covid",0,0,0,0,"REAL_PUBLIC_HKO",28,33,12,"Public HKO open-data design only; no health outcomes joined."
2017-07-06,28.7,25.8,27,0,0,0,2017,7,6,"2017-07",187,1648,"pre_covid",0,0,0,0,"REAL_PUBLIC_HKO",28,33,12,"Public HKO open-data design only; no health outcomes joined."
2017-07-07,29.8,26,27.3,0,0,0,2017,7,7,"2017-07",188,1649,"pre_covid",0,0,0,0,"REAL_PUBLIC_HKO",28,33,12,"Public HKO open-data design only; no health outcomes joined."
2017-07-08,28.9,26.3,27.5,0,0,0,2017,7,8,"2017-07",189,1650,"pre_covid",0,0,0,0,"REAL_PUBLIC_HKO",28,33,12,"Public HKO open-data design only; no health outcomes joined."
2017-07-09,32.3,27.1,29.3,0,0,0,2017,7,9,"2017-07",190,1651,"pre_covid",0,0,0,0,"REAL_PUBLIC_HKO",28,33,12,"Public HKO open-data design only; no health outcomes joined."
2017-07-10,32.1,27.5,29.4,0,0,0,2017,7,10,"2017-07",191,1652,"pre_covid",0,0,0,0,"REAL_PUBLIC_HKO",28,33,12,"Public HKO open-data design only; no health outcomes joined."
2017-07-11,32.7,27.6,29.5,0,0,0,2017,7,11,"2017-07",192,1653,"pre_covid",0,0,0,0,"REAL_PUBLIC_HKO",28,33,12,"Public HKO open-data design only; no health outcomes joined."
2017-07-12,32.9,27.9,29.6,0,0,0,2017,7,12,"2017-07",193,1654,"pre_covid",0,0,0,0,"REAL_PUBLIC_HKO",28,33,12,"Public HKO open-data design only; no health outcomes joined."
2017-07-13,33.5,28.2,30.2,1,1,0,2017,7,13,"2017-07",194,1655,"pre_covid",1,0,0.166666666666667,0,"REAL_PUBLIC_HKO",28,33,12,"Public HKO open-data design only; no health outcomes joined."
2017-07-14,32.8,27.4,29.3,0,0,0,2017,7,14,"2017-07",195,1656,"pre_covid",0,0,0.166666666666667,0,"REAL_PUBLIC_HKO",28,33,12,"Public HKO open-data design only; no health outcomes joined."
2017-07-15,32.1,27,28.7,0,0,0,2017,7,15,"2017-07",196,1657,"pre_covid",0,0,0.166666666666667,0,"REAL_PUBLIC_HKO",28,33,12,"Public HKO open-data design only; no health outcomes joined."
2017-07-16,28.5,26.1,27.4,0,0,0,2017,7,16,"2017-07",197,1658,"pre_covid",0,0,0.166666666666667,0,"REAL_PUBLIC_HKO",28,33,12,"Public HKO open-data design only; no health outcomes joined."
2017-07-17,28.8,24.4,26.2,0,0,0,2017,7,17,"2017-07",198,1659,"pre_covid",0,0,0.166666666666667,0,"REAL_PUBLIC_HKO",28,33,12,"Public HKO open-data design only; no health outcomes joined."
2017-07-18,27.8,24.6,25.7,0,0,0,2017,7,18,"2017-07",199,1660,"pre_covid",0,0,0.166666666666667,0,"REAL_PUBLIC_HKO",28,33,12,"Public HKO open-data design only; no health outcomes joined."
2017-07-19,30.8,24.5,27.4,0,0,0,2017,7,19,"2017-07",200,1661,"pre_covid",0,0,0,0,"REAL_PUBLIC_HKO",28,33,12,"Public HKO open-data design only; no health outcomes joined."
2017-07-20,30.8,27.2,28.6,0,0,0,2017,7,20,"2017-07",201,1662,"pre_covid",0,0,0,0,"REAL_PUBLIC_HKO",28,33,12,"Public HKO open-data design only; no health outcomes joined."
2017-07-21,32.2,27.6,29.3,0,0,0,2017,7,21,"2017-07",202,1663,"pre_covid",0,0,0,0,"REAL_PUBLIC_HKO",28,33,12,"Public HKO open-data design only; no health outcomes joined."
2017-07-22,33.1,26.5,29.2,0,1,0,2017,7,22,"2017-07",203,1664,"pre_covid",0,0,0,0,"REAL_PUBLIC_HKO",28,33,12,"Public HKO open-data design only; no health outcomes joined."
2017-07-23,28.8,25.6,27.2,0,0,0,2017,7,23,"2017-07",204,1665,"pre_covid",0,0,0,0,"REAL_PUBLIC_HKO",28,33,12,"Public HKO open-data design only; no health outcomes joined."
2017-07-24,31.2,25.8,27.9,0,0,0,2017,7,24,"2017-07",205,1666,"pre_covid",0,0,0,0,"REAL_PUBLIC_HKO",28,33,12,"Public HKO open-data design only; no health outcomes joined."
2017-07-25,33.1,27.7,29.6,0,1,0,2017,7,25,"2017-07",206,1667,"pre_covid",0,0,0,0,"REAL_PUBLIC_HKO",28,33,12,"Public HKO open-data design only; no health outcomes joined."
2017-07-26,34.4,27.1,29.8,0,1,0,2017,7,26,"2017-07",207,1668,"pre_covid",0,0,0,0,"REAL_PUBLIC_HKO",28,33,12,"Public HKO open-data design only; no health outcomes joined."
2017-07-27,30.6,28,29,1,0,0,2017,7,27,"2017-07",208,1669,"pre_covid",1,0,0.166666666666667,0,"REAL_PUBLIC_HKO",28,33,12,"Public HKO open-data design only; no health outcomes joined."
2017-07-28,34.4,28.1,30.3,1,1,0,2017,7,28,"2017-07",209,1670,"pre_covid",1,0,0.333333333333333,0,"REAL_PUBLIC_HKO",28,33,12,"Public HKO open-data design only; no health outcomes joined."
2017-07-29,33.8,28.8,30.8,1,1,0,2017,7,29,"2017-07",210,1671,"pre_covid",1,0,0.5,0,"REAL_PUBLIC_HKO",28,33,12,"Public HKO open-data design only; no health outcomes joined."
2017-07-30,34.8,29.6,31.8,1,1,0,2017,7,30,"2017-07",211,1672,"pre_covid",1,0,0.666666666666667,0,"REAL_PUBLIC_HKO",28,33,12,"Public HKO open-data design only; no health outcomes joined."
2017-07-31,32.4,29.8,30.7,1,0,0,2017,7,31,"2017-07",212,1673,"pre_covid",1,0,0.833333333333333,0,"REAL_PUBLIC_HKO",28,33,12,"Public HKO open-data design only; no health outcomes joined."
2017-08-01,33.2,28.3,30.5,1,1,0,2017,8,1,"2017-08",213,1674,"pre_covid",1,0,1,0,"REAL_PUBLIC_HKO",28,33,12,"Public HKO open-data design only; no health outcomes joined."
2017-08-02,31,27.3,29.3,0,0,0,2017,8,2,"2017-08",214,1675,"pre_covid",0,0,0.833333333333333,0,"REAL_PUBLIC_HKO",28,33,12,"Public HKO open-data design only; no health outcomes joined."
2017-08-03,29.8,25.3,27.8,0,0,0,2017,8,3,"2017-08",215,1676,"pre_covid",0,0,0.666666666666667,0,"REAL_PUBLIC_HKO",28,33,12,"Public HKO open-data design only; no health outcomes joined."
2017-08-04,29.3,25.9,27.6,0,0,0,2017,8,4,"2017-08",216,1677,"pre_covid",0,0,0.5,0,"REAL_PUBLIC_HKO",28,33,12,"Public HKO open-data design only; no health outcomes joined."
2017-08-05,34,27.1,30,0,1,0,2017,8,5,"2017-08",217,1678,"pre_covid",0,0,0.333333333333333,0,"REAL_PUBLIC_HKO",28,33,12,"Public HKO open-data design only; no health outcomes joined."
2017-08-06,32.9,28.5,30.3,1,0,0,2017,8,6,"2017-08",218,1679,"pre_covid",1,0,0.333333333333333,0,"REAL_PUBLIC_HKO",28,33,12,"Public HKO open-data design only; no health outcomes joined."
2017-08-07,33,27.3,30.5,0,1,0,2017,8,7,"2017-08",219,1680,"pre_covid",0,0,0.166666666666667,0,"REAL_PUBLIC_HKO",28,33,12,"Public HKO open-data design only; no health outcomes joined."
2017-08-08,32.8,28.4,30.4,1,0,0,2017,8,8,"2017-08",220,1681,"pre_covid",1,0,0.333333333333333,0,"REAL_PUBLIC_HKO",28,33,12,"Public HKO open-data design only; no health outcomes joined."
2017-08-09,31,26.3,29.6,0,0,0,2017,8,9,"2017-08",221,1682,"pre_covid",0,0,0.333333333333333,0,"REAL_PUBLIC_HKO",28,33,12,"Public HKO open-data design only; no health outcomes joined."
2017-08-10,31.4,27.6,29.6,0,0,0,2017,8,10,"2017-08",222,1683,"pre_covid",0,0,0.333333333333333,0,"REAL_PUBLIC_HKO",28,33,12,"Public HKO open-data design only; no health outcomes joined."
2017-08-11,31.6,28.9,30,1,0,0,2017,8,11,"2017-08",223,1684,"pre_covid",1,0,0.5,0,"REAL_PUBLIC_HKO",28,33,12,"Public HKO open-data design only; no health outcomes joined."
2017-08-12,32.5,29,30,1,0,0,2017,8,12,"2017-08",224,1685,"pre_covid",1,0,0.5,0,"REAL_PUBLIC_HKO",28,33,12,"Public HKO open-data design only; no health outcomes joined."
2017-08-13,32.4,28.6,29.8,1,0,0,2017,8,13,"2017-08",225,1686,"pre_covid",1,0,0.666666666666667,0,"REAL_PUBLIC_HKO",28,33,12,"Public HKO open-data design only; no health outcomes joined."
2017-08-14,32.5,28.8,29.9,1,0,0,2017,8,14,"2017-08",226,1687,"pre_covid",1,0,0.666666666666667,0,"REAL_PUBLIC_HKO",28,33,12,"Public HKO open-data design only; no health outcomes joined."
2017-08-15,32.9,28.1,29.8,1,0,0,2017,8,15,"2017-08",227,1688,"pre_covid",1,0,0.833333333333333,0,"REAL_PUBLIC_HKO",28,33,12,"Public HKO open-data design only; no health outcomes joined."
2017-08-16,31.2,28.2,29.3,1,0,0,2017,8,16,"2017-08",228,1689,"pre_covid",1,0,1,0,"REAL_PUBLIC_HKO",28,33,12,"Public HKO open-data design only; no health outcomes joined."
2017-08-17,33,27.9,29.9,0,1,0,2017,8,17,"2017-08",229,1690,"pre_covid",0,0,0.833333333333333,0,"REAL_PUBLIC_HKO",28,33,12,"Public HKO open-data design only; no health outcomes joined."
2017-08-18,34.3,28.1,30.4,1,1,0,2017,8,18,"2017-08",230,1691,"pre_covid",1,0,0.833333333333333,0,"REAL_PUBLIC_HKO",28,33,12,"Public HKO open-data design only; no health outcomes joined."
2017-08-19,34,28.4,30.6,1,1,0,2017,8,19,"2017-08",231,1692,"pre_covid",1,0,0.833333333333333,0,"REAL_PUBLIC_HKO",28,33,12,"Public HKO open-data design only; no health outcomes joined."
2017-08-20,33.4,28.5,30.5,1,1,0,2017,8,20,"2017-08",232,1693,"pre_covid",1,0,0.833333333333333,0,"REAL_PUBLIC_HKO",28,33,12,"Public HKO open-data design only; no health outcomes joined."
2017-08-21,34.5,28.6,31.3,1,1,0,2017,8,21,"2017-08",233,1694,"pre_covid",1,0,0.833333333333333,0,"REAL_PUBLIC_HKO",28,33,12,"Public HKO open-data design only; no health outcomes joined."
2017-08-22,36.6,28,30.9,1,1,0,2017,8,22,"2017-08",234,1695,"pre_covid",1,0,0.833333333333333,0,"REAL_PUBLIC_HKO",28,33,12,"Public HKO open-data design only; no health outcomes joined."
2017-08-23,29.5,25.4,26.9,0,0,0,2017,8,23,"2017-08",235,1696,"pre_covid",0,0,0.833333333333333,0,"REAL_PUBLIC_HKO",28,33,12,"Public HKO open-data design only; no health outcomes joined."
2017-08-24,31.5,27.3,29.1,0,0,0,2017,8,24,"2017-08",236,1697,"pre_covid",0,0,0.666666666666667,0,"REAL_PUBLIC_HKO",28,33,12,"Public HKO open-data design only; no health outcomes joined."
2017-08-25,32.7,27.8,29.2,0,0,0,2017,8,25,"2017-08",237,1698,"pre_covid",0,0,0.5,0,"REAL_PUBLIC_HKO",28,33,12,"Public HKO open-data design only; no health outcomes joined."
2017-08-26,34.3,26.2,29.8,0,1,0,2017,8,26,"2017-08",238,1699,"pre_covid",0,0,0.333333333333333,0,"REAL_PUBLIC_HKO",28,33,12,"Public HKO open-data design only; no health outcomes joined."
2017-08-27,26.9,24,25.6,0,0,0,2017,8,27,"2017-08",239,1700,"pre_covid",0,0,0.166666666666667,0,"REAL_PUBLIC_HKO",28,33,12,"Public HKO open-data design only; no health outcomes joined."
2017-08-28,26.3,24.5,25.2,0,0,0,2017,8,28,"2017-08",240,1701,"pre_covid",0,0,0,0,"REAL_PUBLIC_HKO",28,33,12,"Public HKO open-data design only; no health outcomes joined."
2017-08-29,31.4,24.6,28.2,0,0,0,2017,8,29,"2017-08",241,1702,"pre_covid",0,0,0,0,"REAL_PUBLIC_HKO",28,33,12,"Public HKO open-data design only; no health outcomes joined."
2017-08-30,31.6,27,28.9,0,0,0,2017,8,30,"2017-08",242,1703,"pre_covid",0,0,0,0,"REAL_PUBLIC_HKO",28,33,12,"Public HKO open-data design only; no health outcomes joined."
2017-08-31,32.8,26.2,28.9,0,0,0,2017,8,31,"2017-08",243,1704,"pre_covid",0,0,0,0,"REAL_PUBLIC_HKO",28,33,12,"Public HKO open-data design only; no health outcomes joined."
2017-09-01,31.7,26.1,27.9,0,0,0,2017,9,1,"2017-09",244,1705,"pre_covid",0,0,0,0,"REAL_PUBLIC_HKO",28,33,12,"Public HKO open-data design only; no health outcomes joined."
2017-09-02,30.4,26.4,27.9,0,0,0,2017,9,2,"2017-09",245,1706,"pre_covid",0,0,0,0,"REAL_PUBLIC_HKO",28,33,12,"Public HKO open-data design only; no health outcomes joined."
2017-09-03,29.9,25.6,27.3,0,0,0,2017,9,3,"2017-09",246,1707,"pre_covid",0,0,0,0,"REAL_PUBLIC_HKO",28,33,12,"Public HKO open-data design only; no health outcomes joined."
2017-09-04,27.6,25.3,26.4,0,0,0,2017,9,4,"2017-09",247,1708,"pre_covid",0,0,0,0,"REAL_PUBLIC_HKO",28,33,12,"Public HKO open-data design only; no health outcomes joined."
2017-09-05,30.7,25.9,28.3,0,0,0,2017,9,5,"2017-09",248,1709,"pre_covid",0,0,0,0,"REAL_PUBLIC_HKO",28,33,12,"Public HKO open-data design only; no health outcomes joined."
2017-09-06,32.3,27.3,29.1,0,0,0,2017,9,6,"2017-09",249,1710,"pre_covid",0,0,0,0,"REAL_PUBLIC_HKO",28,33,12,"Public HKO open-data design only; no health outcomes joined."
2017-09-07,30.7,27.5,28.5,0,0,0,2017,9,7,"2017-09",250,1711,"pre_covid",0,0,0,0,"REAL_PUBLIC_HKO",28,33,12,"Public HKO open-data design only; no health outcomes joined."
2017-09-08,30.9,26.9,28.4,0,0,0,2017,9,8,"2017-09",251,1712,"pre_covid",0,0,0,0,"REAL_PUBLIC_HKO",28,33,12,"Public HKO open-data design only; no health outcomes joined."
2017-09-09,32,26,28.1,0,0,0,2017,9,9,"2017-09",252,1713,"pre_covid",0,0,0,0,"REAL_PUBLIC_HKO",28,33,12,"Public HKO open-data design only; no health outcomes joined."
2017-09-10,32.2,26.7,29.1,0,0,0,2017,9,10,"2017-09",253,1714,"pre_covid",0,0,0,0,"REAL_PUBLIC_HKO",28,33,12,"Public HKO open-data design only; no health outcomes joined."
2017-09-11,32.4,27.6,29.8,0,0,0,2017,9,11,"2017-09",254,1715,"pre_covid",0,0,0,0,"REAL_PUBLIC_HKO",28,33,12,"Public HKO open-data design only; no health outcomes joined."
2017-09-12,32.8,27.9,29.9,0,0,0,2017,9,12,"2017-09",255,1716,"pre_covid",0,0,0,0,"REAL_PUBLIC_HKO",28,33,12,"Public HKO open-data design only; no health outcomes joined."
2017-09-13,34,28.3,30,1,1,0,2017,9,13,"2017-09",256,1717,"pre_covid",1,0,0.166666666666667,0,"REAL_PUBLIC_HKO",28,33,12,"Public HKO open-data design only; no health outcomes joined."
2017-09-14,31.5,27.6,29,0,0,0,2017,9,14,"2017-09",257,1718,"pre_covid",0,0,0.166666666666667,0,"REAL_PUBLIC_HKO",28,33,12,"Public HKO open-data design only; no health outcomes joined."
2017-09-15,33.2,27.8,29.4,0,1,0,2017,9,15,"2017-09",258,1719,"pre_covid",0,0,0.166666666666667,0,"REAL_PUBLIC_HKO",28,33,12,"Public HKO open-data design only; no health outcomes joined."
2017-09-16,32.6,27.7,29.9,0,0,0,2017,9,16,"2017-09",259,1720,"pre_covid",0,0,0.166666666666667,0,"REAL_PUBLIC_HKO",28,33,12,"Public HKO open-data design only; no health outcomes joined."
2017-09-17,32.6,28.5,30.1,1,0,0,2017,9,17,"2017-09",260,1721,"pre_covid",1,0,0.333333333333333,0,"REAL_PUBLIC_HKO",28,33,12,"Public HKO open-data design only; no health outcomes joined."
2017-09-18,32.9,27.8,29.7,0,0,0,2017,9,18,"2017-09",261,1722,"pre_covid",0,0,0.333333333333333,0,"REAL_PUBLIC_HKO",28,33,12,"Public HKO open-data design only; no health outcomes joined."
2017-09-19,32.2,27.6,29.1,0,0,0,2017,9,19,"2017-09",262,1723,"pre_covid",0,0,0.166666666666667,0,"REAL_PUBLIC_HKO",28,33,12,"Public HKO open-data design only; no health outcomes joined."
2017-09-20,32,27.6,29.3,0,0,0,2017,9,20,"2017-09",263,1724,"pre_covid",0,0,0.166666666666667,0,"REAL_PUBLIC_HKO",28,33,12,"Public HKO open-data design only; no health outcomes joined."
2017-09-21,32,27.9,29.4,0,0,0,2017,9,21,"2017-09",264,1725,"pre_covid",0,0,0.166666666666667,0,"REAL_PUBLIC_HKO",28,33,12,"Public HKO open-data design only; no health outcomes joined."
2017-09-22,32,26.1,29.1,0,0,0,2017,9,22,"2017-09",265,1726,"pre_covid",0,0,0.166666666666667,0,"REAL_PUBLIC_HKO",28,33,12,"Public HKO open-data design only; no health outcomes joined."
2017-09-23,31.4,26.7,29,0,0,0,2017,9,23,"2017-09",266,1727,"pre_covid",0,0,0,0,"REAL_PUBLIC_HKO",28,33,12,"Public HKO open-data design only; no health outcomes joined."
2017-09-24,30.5,27.1,28.8,0,0,0,2017,9,24,"2017-09",267,1728,"pre_covid",0,0,0,0,"REAL_PUBLIC_HKO",28,33,12,"Public HKO open-data design only; no health outcomes joined."
2017-09-25,31.9,27.7,29.4,0,0,0,2017,9,25,"2017-09",268,1729,"pre_covid",0,0,0,0,"REAL_PUBLIC_HKO",28,33,12,"Public HKO open-data design only; no health outcomes joined."
2017-09-26,32.9,27.8,29.7,0,0,0,2017,9,26,"2017-09",269,1730,"pre_covid",0,0,0,0,"REAL_PUBLIC_HKO",28,33,12,"Public HKO open-data design only; no health outcomes joined."
2017-09-27,33,27.7,29.9,0,1,0,2017,9,27,"2017-09",270,1731,"pre_covid",0,0,0,0,"REAL_PUBLIC_HKO",28,33,12,"Public HKO open-data design only; no health outcomes joined."
2017-09-28,34.1,28.2,30.3,1,1,0,2017,9,28,"2017-09",271,1732,"pre_covid",1,0,0.166666666666667,0,"REAL_PUBLIC_HKO",28,33,12,"Public HKO open-data design only; no health outcomes joined."
2017-09-29,33.1,28.8,30.2,1,1,0,2017,9,29,"2017-09",272,1733,"pre_covid",1,0,0.333333333333333,0,"REAL_PUBLIC_HKO",28,33,12,"Public HKO open-data design only; no health outcomes joined."
2017-09-30,30.3,25.9,28.3,0,0,0,2017,9,30,"2017-09",273,1734,"pre_covid",0,0,0.333333333333333,0,"REAL_PUBLIC_HKO",28,33,12,"Public HKO open-data design only; no health outcomes joined."
2017-10-01,30.1,27.6,28.4,0,0,0,2017,10,1,"2017-10",274,1735,"pre_covid",0,0,0.333333333333333,0,"REAL_PUBLIC_HKO",28,33,12,"Public HKO open-data design only; no health outcomes joined."
2017-10-02,32.7,26.4,29.2,0,0,0,2017,10,2,"2017-10",275,1736,"pre_covid",0,0,0.333333333333333,0,"REAL_PUBLIC_HKO",28,33,12,"Public HKO open-data design only; no health outcomes joined."
2017-10-03,33.5,28.3,30.1,1,1,0,2017,10,3,"2017-10",276,1737,"pre_covid",1,0,0.5,0,"REAL_PUBLIC_HKO",28,33,12,"Public HKO open-data design only; no health outcomes joined."
2017-10-04,31,27.5,28.7,0,0,0,2017,10,4,"2017-10",277,1738,"pre_covid",0,0,0.333333333333333,0,"REAL_PUBLIC_HKO",28,33,12,"Public HKO open-data design only; no health outcomes joined."
2017-10-05,30.3,27.5,28.5,0,0,0,2017,10,5,"2017-10",278,1739,"pre_covid",0,0,0.166666666666667,0,"REAL_PUBLIC_HKO",28,33,12,"Public HKO open-data design only; no health outcomes joined."
2017-10-06,31.1,27.4,28.9,0,0,0,2017,10,6,"2017-10",279,1740,"pre_covid",0,0,0.166666666666667,0,"REAL_PUBLIC_HKO",28,33,12,"Public HKO open-data design only; no health outcomes joined."
2017-10-07,31.7,27.9,29.3,0,0,0,2017,10,7,"2017-10",280,1741,"pre_covid",0,0,0.166666666666667,0,"REAL_PUBLIC_HKO",28,33,12,"Public HKO open-data design only; no health outcomes joined."
2017-10-08,31.5,27.3,28.9,0,0,0,2017,10,8,"2017-10",281,1742,"pre_covid",0,0,0.166666666666667,0,"REAL_PUBLIC_HKO",28,33,12,"Public HKO open-data design only; no health outcomes joined."
2017-10-09,30.9,28.1,29.4,1,0,0,2017,10,9,"2017-10",282,1743,"pre_covid",1,0,0.166666666666667,0,"REAL_PUBLIC_HKO",28,33,12,"Public HKO open-data design only; no health outcomes joined."
2017-10-10,32.3,28.6,29.8,1,0,0,2017,10,10,"2017-10",283,1744,"pre_covid",1,0,0.333333333333333,0,"REAL_PUBLIC_HKO",28,33,12,"Public HKO open-data design only; no health outcomes joined."
2017-10-11,32.5,28.3,29.8,1,0,0,2017,10,11,"2017-10",284,1745,"pre_covid",1,0,0.5,0,"REAL_PUBLIC_HKO",28,33,12,"Public HKO open-data design only; no health outcomes joined."
2017-10-12,32.7,27.6,29.5,0,0,0,2017,10,12,"2017-10",285,1746,"pre_covid",0,0,0.5,0,"REAL_PUBLIC_HKO",28,33,12,"Public HKO open-data design only; no health outcomes joined."
2017-10-13,30.6,24.5,27,0,0,0,2017,10,13,"2017-10",286,1747,"pre_covid",0,0,0.5,0,"REAL_PUBLIC_HKO",28,33,12,"Public HKO open-data design only; no health outcomes joined."
2017-10-14,25.6,21.9,24.5,0,0,0,2017,10,14,"2017-10",287,1748,"pre_covid",0,0,0.5,0,"REAL_PUBLIC_HKO",28,33,12,"Public HKO open-data design only; no health outcomes joined."
2017-10-15,26.9,20.4,23.3,0,0,0,2017,10,15,"2017-10",288,1749,"pre_covid",0,0,0.333333333333333,0,"REAL_PUBLIC_HKO",28,33,12,"Public HKO open-data design only; no health outcomes joined."
2017-10-16,27.5,25.6,26.7,0,0,0,2017,10,16,"2017-10",289,1750,"pre_covid",0,0,0.166666666666667,0,"REAL_PUBLIC_HKO",28,33,12,"Public HKO open-data design only; no health outcomes joined."
2017-10-17,27.6,24.7,25.8,0,0,0,2017,10,17,"2017-10",290,1751,"pre_covid",0,0,0,0,"REAL_PUBLIC_HKO",28,33,12,"Public HKO open-data design only; no health outcomes joined."
2017-10-18,29.5,24,26.2,0,0,0,2017,10,18,"2017-10",291,1752,"pre_covid",0,0,0,0,"REAL_PUBLIC_HKO",28,33,12,"Public HKO open-data design only; no health outcomes joined."
2017-10-19,27.9,23.4,25.4,0,0,0,2017,10,19,"2017-10",292,1753,"pre_covid",0,0,0,0,"REAL_PUBLIC_HKO",28,33,12,"Public HKO open-data design only; no health outcomes joined."
2017-10-20,27.8,22.3,24.1,0,0,0,2017,10,20,"2017-10",293,1754,"pre_covid",0,0,0,0,"REAL_PUBLIC_HKO",28,33,12,"Public HKO open-data design only; no health outcomes joined."
2017-10-21,27.2,21.6,23.6,0,0,0,2017,10,21,"2017-10",294,1755,"pre_covid",0,0,0,0,"REAL_PUBLIC_HKO",28,33,12,"Public HKO open-data design only; no health outcomes joined."
2017-10-22,26.3,20.2,22.9,0,0,0,2017,10,22,"2017-10",295,1756,"pre_covid",0,0,0,0,"REAL_PUBLIC_HKO",28,33,12,"Public HKO open-data design only; no health outcomes joined."
2017-10-23,27.7,20.8,23.7,0,0,0,2017,10,23,"2017-10",296,1757,"pre_covid",0,0,0,0,"REAL_PUBLIC_HKO",28,33,12,"Public HKO open-data design only; no health outcomes joined."
2017-10-24,27.3,22.5,24.4,0,0,0,2017,10,24,"2017-10",297,1758,"pre_covid",0,0,0,0,"REAL_PUBLIC_HKO",28,33,12,"Public HKO open-data design only; no health outcomes joined."
2017-10-25,26.4,22.7,24.1,0,0,0,2017,10,25,"2017-10",298,1759,"pre_covid",0,0,0,0,"REAL_PUBLIC_HKO",28,33,12,"Public HKO open-data design only; no health outcomes joined."
2017-10-26,28.1,22.1,24.4,0,0,0,2017,10,26,"2017-10",299,1760,"pre_covid",0,0,0,0,"REAL_PUBLIC_HKO",28,33,12,"Public HKO open-data design only; no health outcomes joined."
2017-10-27,28.6,22.1,24.9,0,0,0,2017,10,27,"2017-10",300,1761,"pre_covid",0,0,0,0,"REAL_PUBLIC_HKO",28,33,12,"Public HKO open-data design only; no health outcomes joined."
2017-10-28,28,22.5,24.8,0,0,0,2017,10,28,"2017-10",301,1762,"pre_covid",0,0,0,0,"REAL_PUBLIC_HKO",28,33,12,"Public HKO open-data design only; no health outcomes joined."
2017-10-29,27,21.7,24.1,0,0,0,2017,10,29,"2017-10",302,1763,"pre_covid",0,0,0,0,"REAL_PUBLIC_HKO",28,33,12,"Public HKO open-data design only; no health outcomes joined."
2017-10-30,25,20.5,22.7,0,0,0,2017,10,30,"2017-10",303,1764,"pre_covid",0,0,0,0,"REAL_PUBLIC_HKO",28,33,12,"Public HKO open-data design only; no health outcomes joined."
2017-10-31,25,19,22,0,0,0,2017,10,31,"2017-10",304,1765,"pre_covid",0,0,0,0,"REAL_PUBLIC_HKO",28,33,12,"Public HKO open-data design only; no health outcomes joined."
2017-11-01,26.4,20.5,23,0,0,0,2017,11,1,"2017-11",305,1766,"pre_covid",0,0,0,0,"REAL_PUBLIC_HKO",28,33,12,"Public HKO open-data design only; no health outcomes joined."
2017-11-02,27.8,20.9,23.8,0,0,0,2017,11,2,"2017-11",306,1767,"pre_covid",0,0,0,0,"REAL_PUBLIC_HKO",28,33,12,"Public HKO open-data design only; no health outcomes joined."
2017-11-03,27.6,22,24.5,0,0,0,2017,11,3,"2017-11",307,1768,"pre_covid",0,0,0,0,"REAL_PUBLIC_HKO",28,33,12,"Public HKO open-data design only; no health outcomes joined."
2017-11-04,25.8,20.7,23.6,0,0,0,2017,11,4,"2017-11",308,1769,"pre_covid",0,0,0,0,"REAL_PUBLIC_HKO",28,33,12,"Public HKO open-data design only; no health outcomes joined."
2017-11-05,25.6,20.3,23,0,0,0,2017,11,5,"2017-11",309,1770,"pre_covid",0,0,0,0,"REAL_PUBLIC_HKO",28,33,12,"Public HKO open-data design only; no health outcomes joined."
2017-11-06,25.8,21.3,23.3,0,0,0,2017,11,6,"2017-11",310,1771,"pre_covid",0,0,0,0,"REAL_PUBLIC_HKO",28,33,12,"Public HKO open-data design only; no health outcomes joined."
2017-11-07,26,21.8,23.6,0,0,0,2017,11,7,"2017-11",311,1772,"pre_covid",0,0,0,0,"REAL_PUBLIC_HKO",28,33,12,"Public HKO open-data design only; no health outcomes joined."
2017-11-08,27.3,23.1,24.6,0,0,0,2017,11,8,"2017-11",312,1773,"pre_covid",0,0,0,0,"REAL_PUBLIC_HKO",28,33,12,"Public HKO open-data design only; no health outcomes joined."
2017-11-09,26.8,22.8,24.4,0,0,0,2017,11,9,"2017-11",313,1774,"pre_covid",0,0,0,0,"REAL_PUBLIC_HKO",28,33,12,"Public HKO open-data design only; no health outcomes joined."
2017-11-10,28.4,22.9,25,0,0,0,2017,11,10,"2017-11",314,1775,"pre_covid",0,0,0,0,"REAL_PUBLIC_HKO",28,33,12,"Public HKO open-data design only; no health outcomes joined."
2017-11-11,26.5,23.4,24.7,0,0,0,2017,11,11,"2017-11",315,1776,"pre_covid",0,0,0,0,"REAL_PUBLIC_HKO",28,33,12,"Public HKO open-data design only; no health outcomes joined."
2017-11-12,23.5,21.1,22.1,0,0,0,2017,11,12,"2017-11",316,1777,"pre_covid",0,0,0,0,"REAL_PUBLIC_HKO",28,33,12,"Public HKO open-data design only; no health outcomes joined."
2017-11-13,22.7,21.5,21.9,0,0,0,2017,11,13,"2017-11",317,1778,"pre_covid",0,0,0,0,"REAL_PUBLIC_HKO",28,33,12,"Public HKO open-data design only; no health outcomes joined."
2017-11-14,24,22,23,0,0,0,2017,11,14,"2017-11",318,1779,"pre_covid",0,0,0,0,"REAL_PUBLIC_HKO",28,33,12,"Public HKO open-data design only; no health outcomes joined."
2017-11-15,23.9,22.6,23.2,0,0,0,2017,11,15,"2017-11",319,1780,"pre_covid",0,0,0,0,"REAL_PUBLIC_HKO",28,33,12,"Public HKO open-data design only; no health outcomes joined."
2017-11-16,26.2,22.2,23.4,0,0,0,2017,11,16,"2017-11",320,1781,"pre_covid",0,0,0,0,"REAL_PUBLIC_HKO",28,33,12,"Public HKO open-data design only; no health outcomes joined."
2017-11-17,26.2,22.9,24.2,0,0,0,2017,11,17,"2017-11",321,1782,"pre_covid",0,0,0,0,"REAL_PUBLIC_HKO",28,33,12,"Public HKO open-data design only; no health outcomes joined."
2017-11-18,26.5,20.1,23.9,0,0,0,2017,11,18,"2017-11",322,1783,"pre_covid",0,0,0,0,"REAL_PUBLIC_HKO",28,33,12,"Public HKO open-data design only; no health outcomes joined."
2017-11-19,20.2,19.4,19.9,0,0,0,2017,11,19,"2017-11",323,1784,"pre_covid",0,0,0,0,"REAL_PUBLIC_HKO",28,33,12,"Public HKO open-data design only; no health outcomes joined."
2017-11-20,20.3,17.9,19.3,0,0,0,2017,11,20,"2017-11",324,1785,"pre_covid",0,0,0,0,"REAL_PUBLIC_HKO",28,33,12,"Public HKO open-data design only; no health outcomes joined."
2017-11-21,21.4,17.5,19.3,0,0,0,2017,11,21,"2017-11",325,1786,"pre_covid",0,0,0,0,"REAL_PUBLIC_HKO",28,33,12,"Public HKO open-data design only; no health outcomes joined."
2017-11-22,22.9,17.3,19.8,0,0,0,2017,11,22,"2017-11",326,1787,"pre_covid",0,0,0,0,"REAL_PUBLIC_HKO",28,33,12,"Public HKO open-data design only; no health outcomes joined."
2017-11-23,20.3,15.5,17.8,0,0,0,2017,11,23,"2017-11",327,1788,"pre_covid",0,0,0,0,"REAL_PUBLIC_HKO",28,33,12,"Public HKO open-data design only; no health outcomes joined."
2017-11-24,20.8,16.5,18,0,0,0,2017,11,24,"2017-11",328,1789,"pre_covid",0,0,0,0,"REAL_PUBLIC_HKO",28,33,12,"Public HKO open-data design only; no health outcomes joined."
2017-11-25,19.1,16.9,18,0,0,0,2017,11,25,"2017-11",329,1790,"pre_covid",0,0,0,0,"REAL_PUBLIC_HKO",28,33,12,"Public HKO open-data design only; no health outcomes joined."
2017-11-26,22.4,18.1,19.7,0,0,0,2017,11,26,"2017-11",330,1791,"pre_covid",0,0,0,0,"REAL_PUBLIC_HKO",28,33,12,"Public HKO open-data design only; no health outcomes joined."
2017-11-27,22.1,18.5,20.3,0,0,0,2017,11,27,"2017-11",331,1792,"pre_covid",0,0,0,0,"REAL_PUBLIC_HKO",28,33,12,"Public HKO open-data design only; no health outcomes joined."
2017-11-28,24.6,20.6,22.2,0,0,0,2017,11,28,"2017-11",332,1793,"pre_covid",0,0,0,0,"REAL_PUBLIC_HKO",28,33,12,"Public HKO open-data design only; no health outcomes joined."
2017-11-29,26.4,21.6,23.8,0,0,0,2017,11,29,"2017-11",333,1794,"pre_covid",0,0,0,0,"REAL_PUBLIC_HKO",28,33,12,"Public HKO open-data design only; no health outcomes joined."
2017-11-30,23.2,21.8,22.3,0,0,0,2017,11,30,"2017-11",334,1795,"pre_covid",0,0,0,0,"REAL_PUBLIC_HKO",28,33,12,"Public HKO open-data design only; no health outcomes joined."
2017-12-01,23.2,19.7,21.2,0,0,0,2017,12,1,"2017-12",335,1796,"pre_covid",0,0,0,0,"REAL_PUBLIC_HKO",28,33,12,"Public HKO open-data design only; no health outcomes joined."
2017-12-02,22.9,17.5,20.1,0,0,0,2017,12,2,"2017-12",336,1797,"pre_covid",0,0,0,0,"REAL_PUBLIC_HKO",28,33,12,"Public HKO open-data design only; no health outcomes joined."
2017-12-03,22.9,18.9,20.6,0,0,0,2017,12,3,"2017-12",337,1798,"pre_covid",0,0,0,0,"REAL_PUBLIC_HKO",28,33,12,"Public HKO open-data design only; no health outcomes joined."
2017-12-04,22.3,18,20.1,0,0,0,2017,12,4,"2017-12",338,1799,"pre_covid",0,0,0,0,"REAL_PUBLIC_HKO",28,33,12,"Public HKO open-data design only; no health outcomes joined."
2017-12-05,20.4,17.7,18.9,0,0,0,2017,12,5,"2017-12",339,1800,"pre_covid",0,0,0,0,"REAL_PUBLIC_HKO",28,33,12,"Public HKO open-data design only; no health outcomes joined."
2017-12-06,21.1,17.5,18.8,0,0,0,2017,12,6,"2017-12",340,1801,"pre_covid",0,0,0,0,"REAL_PUBLIC_HKO",28,33,12,"Public HKO open-data design only; no health outcomes joined."
2017-12-07,21.8,17.8,19.4,0,0,0,2017,12,7,"2017-12",341,1802,"pre_covid",0,0,0,0,"REAL_PUBLIC_HKO",28,33,12,"Public HKO open-data design only; no health outcomes joined."
2017-12-08,19.4,15.3,17.6,0,0,0,2017,12,8,"2017-12",342,1803,"pre_covid",0,0,0,0,"REAL_PUBLIC_HKO",28,33,12,"Public HKO open-data design only; no health outcomes joined."
2017-12-09,18,13.3,15.5,0,0,0,2017,12,9,"2017-12",343,1804,"pre_covid",0,0,0,0,"REAL_PUBLIC_HKO",28,33,12,"Public HKO open-data design only; no health outcomes joined."
2017-12-10,20.4,14.9,17.8,0,0,0,2017,12,10,"2017-12",344,1805,"pre_covid",0,0,0,0,"REAL_PUBLIC_HKO",28,33,12,"Public HKO open-data design only; no health outcomes joined."
2017-12-11,21.1,17,18.9,0,0,0,2017,12,11,"2017-12",345,1806,"pre_covid",0,0,0,0,"REAL_PUBLIC_HKO",28,33,12,"Public HKO open-data design only; no health outcomes joined."
2017-12-12,20.6,17.4,18.6,0,0,0,2017,12,12,"2017-12",346,1807,"pre_covid",0,0,0,0,"REAL_PUBLIC_HKO",28,33,12,"Public HKO open-data design only; no health outcomes joined."
2017-12-13,19,17.9,18.4,0,0,0,2017,12,13,"2017-12",347,1808,"pre_covid",0,0,0,0,"REAL_PUBLIC_HKO",28,33,12,"Public HKO open-data design only; no health outcomes joined."
2017-12-14,21.1,18,19.3,0,0,0,2017,12,14,"2017-12",348,1809,"pre_covid",0,0,0,0,"REAL_PUBLIC_HKO",28,33,12,"Public HKO open-data design only; no health outcomes joined."
2017-12-15,21.3,18.5,19.6,0,0,0,2017,12,15,"2017-12",349,1810,"pre_covid",0,0,0,0,"REAL_PUBLIC_HKO",28,33,12,"Public HKO open-data design only; no health outcomes joined."
2017-12-16,19.5,12.2,15.8,0,0,0,2017,12,16,"2017-12",350,1811,"pre_covid",0,0,0,0,"REAL_PUBLIC_HKO",28,33,12,"Public HKO open-data design only; no health outcomes joined."
2017-12-17,14,10.8,12.3,0,0,1,2017,12,17,"2017-12",351,1812,"pre_covid",0,1,0,0.0454545454545455,"REAL_PUBLIC_HKO",28,33,12,"Public HKO open-data design only; no health outcomes joined."
2017-12-18,15.8,9.8,12.8,0,0,1,2017,12,18,"2017-12",352,1813,"pre_covid",0,1,0,0.0909090909090909,"REAL_PUBLIC_HKO",28,33,12,"Public HKO open-data design only; no health outcomes joined."
2017-12-19,16.5,10.7,13.6,0,0,1,2017,12,19,"2017-12",353,1814,"pre_covid",0,1,0,0.136363636363636,"REAL_PUBLIC_HKO",28,33,12,"Public HKO open-data design only; no health outcomes joined."
2017-12-20,17.8,12.4,15.2,0,0,0,2017,12,20,"2017-12",354,1815,"pre_covid",0,0,0,0.136363636363636,"REAL_PUBLIC_HKO",28,33,12,"Public HKO open-data design only; no health outcomes joined."
2017-12-21,17,12.4,15,0,0,0,2017,12,21,"2017-12",355,1816,"pre_covid",0,0,0,0.136363636363636,"REAL_PUBLIC_HKO",28,33,12,"Public HKO open-data design only; no health outcomes joined."
2017-12-22,19.1,14.5,16.8,0,0,0,2017,12,22,"2017-12",356,1817,"pre_covid",0,0,0,0.136363636363636,"REAL_PUBLIC_HKO",28,33,12,"Public HKO open-data design only; no health outcomes joined."
2017-12-23,21.1,17.1,19,0,0,0,2017,12,23,"2017-12",357,1818,"pre_covid",0,0,0,0.136363636363636,"REAL_PUBLIC_HKO",28,33,12,"Public HKO open-data design only; no health outcomes joined."
2017-12-24,23.1,18.1,20.2,0,0,0,2017,12,24,"2017-12",358,1819,"pre_covid",0,0,0,0.136363636363636,"REAL_PUBLIC_HKO",28,33,12,"Public HKO open-data design only; no health outcomes joined."
2017-12-25,19.7,16.3,17.7,0,0,0,2017,12,25,"2017-12",359,1820,"pre_covid",0,0,0,0.136363636363636,"REAL_PUBLIC_HKO",28,33,12,"Public HKO open-data design only; no health outcomes joined."
2017-12-26,19.7,16.3,17.6,0,0,0,2017,12,26,"2017-12",360,1821,"pre_covid",0,0,0,0.136363636363636,"REAL_PUBLIC_HKO",28,33,12,"Public HKO open-data design only; no health outcomes joined."
2017-12-27,19.4,16.2,17.6,0,0,0,2017,12,27,"2017-12",361,1822,"pre_covid",0,0,0,0.136363636363636,"REAL_PUBLIC_HKO",28,33,12,"Public HKO open-data design only; no health outcomes joined."
2017-12-28,20.6,17.1,18.5,0,0,0,2017,12,28,"2017-12",362,1823,"pre_covid",0,0,0,0.136363636363636,"REAL_PUBLIC_HKO",28,33,12,"Public HKO open-data design only; no health outcomes joined."
2017-12-29,21.5,17.7,19,0,0,0,2017,12,29,"2017-12",363,1824,"pre_covid",0,0,0,0.136363636363636,"REAL_PUBLIC_HKO",28,33,12,"Public HKO open-data design only; no health outcomes joined."
2017-12-30,22.6,17.6,19.5,0,0,0,2017,12,30,"2017-12",364,1825,"pre_covid",0,0,0,0.136363636363636,"REAL_PUBLIC_HKO",28,33,12,"Public HKO open-data design only; no health outcomes joined."
2017-12-31,21,15.9,18.1,0,0,0,2017,12,31,"2017-12",365,1826,"pre_covid",0,0,0,0.136363636363636,"REAL_PUBLIC_HKO",28,33,12,"Public HKO open-data design only; no health outcomes joined."
2018-01-01,19,16.3,17.3,0,0,0,2018,1,1,"2018-01",1,1827,"pre_covid",0,0,0,0.136363636363636,"REAL_PUBLIC_HKO",28,33,12,"Public HKO open-data design only; no health outcomes joined."
2018-01-02,19.2,16,17.8,0,0,0,2018,1,2,"2018-01",2,1828,"pre_covid",0,0,0,0.136363636363636,"REAL_PUBLIC_HKO",28,33,12,"Public HKO open-data design only; no health outcomes joined."
2018-01-03,22,18.2,19.4,0,0,0,2018,1,3,"2018-01",3,1829,"pre_covid",0,0,0,0.136363636363636,"REAL_PUBLIC_HKO",28,33,12,"Public HKO open-data design only; no health outcomes joined."
2018-01-04,20.5,18.1,18.8,0,0,0,2018,1,4,"2018-01",4,1830,"pre_covid",0,0,0,0.136363636363636,"REAL_PUBLIC_HKO",28,33,12,"Public HKO open-data design only; no health outcomes joined."
2018-01-05,22.8,17.2,19.3,0,0,0,2018,1,5,"2018-01",5,1831,"pre_covid",0,0,0,0.136363636363636,"REAL_PUBLIC_HKO",28,33,12,"Public HKO open-data design only; no health outcomes joined."
2018-01-06,17.3,15.9,16.2,0,0,0,2018,1,6,"2018-01",6,1832,"pre_covid",0,0,0,0.136363636363636,"REAL_PUBLIC_HKO",28,33,12,"Public HKO open-data design only; no health outcomes joined."
2018-01-07,17.6,15.7,16.8,0,0,0,2018,1,7,"2018-01",7,1833,"pre_covid",0,0,0,0.136363636363636,"REAL_PUBLIC_HKO",28,33,12,"Public HKO open-data design only; no health outcomes joined."
2018-01-08,18.7,9.5,15.1,0,0,1,2018,1,8,"2018-01",8,1834,"pre_covid",0,1,0,0.136363636363636,"REAL_PUBLIC_HKO",28,33,12,"Public HKO open-data design only; no health outcomes joined."
2018-01-09,10.7,7.9,9,0,0,1,2018,1,9,"2018-01",9,1835,"pre_covid",0,1,0,0.136363636363636,"REAL_PUBLIC_HKO",28,33,12,"Public HKO open-data design only; no health outcomes joined."
2018-01-10,15.2,10.5,12.8,0,0,1,2018,1,10,"2018-01",10,1836,"pre_covid",0,1,0,0.136363636363636,"REAL_PUBLIC_HKO",28,33,12,"Public HKO open-data design only; no health outcomes joined."
2018-01-11,16.1,12.1,13.8,0,0,0,2018,1,11,"2018-01",11,1837,"pre_covid",0,0,0,0.136363636363636,"REAL_PUBLIC_HKO",28,33,12,"Public HKO open-data design only; no health outcomes joined."
2018-01-12,15.3,10.5,12.8,0,0,1,2018,1,12,"2018-01",12,1838,"pre_covid",0,1,0,0.181818181818182,"REAL_PUBLIC_HKO",28,33,12,"Public HKO open-data design only; no health outcomes joined."
2018-01-13,14.6,11.3,12.9,0,0,1,2018,1,13,"2018-01",13,1839,"pre_covid",0,1,0,0.227272727272727,"REAL_PUBLIC_HKO",28,33,12,"Public HKO open-data design only; no health outcomes joined."
2018-01-14,17.2,12,14.2,0,0,1,2018,1,14,"2018-01",14,1840,"pre_covid",0,1,0,0.272727272727273,"REAL_PUBLIC_HKO",28,33,12,"Public HKO open-data design only; no health outcomes joined."
2018-01-15,18.2,13,15.3,0,0,0,2018,1,15,"2018-01",15,1841,"pre_covid",0,0,0,0.272727272727273,"REAL_PUBLIC_HKO",28,33,12,"Public HKO open-data design only; no health outcomes joined."
2018-01-16,22.6,14.8,17.8,0,0,0,2018,1,16,"2018-01",16,1842,"pre_covid",0,0,0,0.272727272727273,"REAL_PUBLIC_HKO",28,33,12,"Public HKO open-data design only; no health outcomes joined."
2018-01-17,25.5,15.9,19.8,0,0,0,2018,1,17,"2018-01",17,1843,"pre_covid",0,0,0,0.272727272727273,"REAL_PUBLIC_HKO",28,33,12,"Public HKO open-data design only; no health outcomes joined."
2018-01-18,24,15.9,19.2,0,0,0,2018,1,18,"2018-01",18,1844,"pre_covid",0,0,0,0.272727272727273,"REAL_PUBLIC_HKO",28,33,12,"Public HKO open-data design only; no health outcomes joined."
2018-01-19,19.3,17.9,18.6,0,0,0,2018,1,19,"2018-01",19,1845,"pre_covid",0,0,0,0.272727272727273,"REAL_PUBLIC_HKO",28,33,12,"Public HKO open-data design only; no health outcomes joined."
2018-01-20,22.7,17.4,19.1,0,0,0,2018,1,20,"2018-01",20,1846,"pre_covid",0,0,0,0.272727272727273,"REAL_PUBLIC_HKO",28,33,12,"Public HKO open-data design only; no health outcomes joined."
2018-01-21,21.5,16.8,18.7,0,0,0,2018,1,21,"2018-01",21,1847,"pre_covid",0,0,0,0.272727272727273,"REAL_PUBLIC_HKO",28,33,12,"Public HKO open-data design only; no health outcomes joined."
2018-01-22,24.8,17.1,20,0,0,0,2018,1,22,"2018-01",22,1848,"pre_covid",0,0,0,0.272727272727273,"REAL_PUBLIC_HKO",28,33,12,"Public HKO open-data design only; no health outcomes joined."
2018-01-23,22.8,17.2,19.2,0,0,0,2018,1,23,"2018-01",23,1849,"pre_covid",0,0,0,0.272727272727273,"REAL_PUBLIC_HKO",28,33,12,"Public HKO open-data design only; no health outcomes joined."
2018-01-24,18.6,16.6,17.7,0,0,0,2018,1,24,"2018-01",24,1850,"pre_covid",0,0,0,0.272727272727273,"REAL_PUBLIC_HKO",28,33,12,"Public HKO open-data design only; no health outcomes joined."
2018-01-25,18.8,16.1,17.2,0,0,0,2018,1,25,"2018-01",25,1851,"pre_covid",0,0,0,0.272727272727273,"REAL_PUBLIC_HKO",28,33,12,"Public HKO open-data design only; no health outcomes joined."
2018-01-26,18.3,15.6,17.1,0,0,0,2018,1,26,"2018-01",26,1852,"pre_covid",0,0,0,0.272727272727273,"REAL_PUBLIC_HKO",28,33,12,"Public HKO open-data design only; no health outcomes joined."
2018-01-27,17.1,14,15.5,0,0,0,2018,1,27,"2018-01",27,1853,"pre_covid",0,0,0,0.272727272727273,"REAL_PUBLIC_HKO",28,33,12,"Public HKO open-data design only; no health outcomes joined."
2018-01-28,18.4,12.6,16.5,0,0,0,2018,1,28,"2018-01",28,1854,"pre_covid",0,0,0,0.272727272727273,"REAL_PUBLIC_HKO",28,33,12,"Public HKO open-data design only; no health outcomes joined."
2018-01-29,12.9,8.9,10.5,0,0,1,2018,1,29,"2018-01",29,1855,"pre_covid",0,1,0,0.318181818181818,"REAL_PUBLIC_HKO",28,33,12,"Public HKO open-data design only; no health outcomes joined."
2018-01-30,11,8.9,10.1,0,0,1,2018,1,30,"2018-01",30,1856,"pre_covid",0,1,0,0.318181818181818,"REAL_PUBLIC_HKO",28,33,12,"Public HKO open-data design only; no health outcomes joined."
2018-01-31,10.6,7.8,9.4,0,0,1,2018,1,31,"2018-01",31,1857,"pre_covid",0,1,0,0.318181818181818,"REAL_PUBLIC_HKO",28,33,12,"Public HKO open-data design only; no health outcomes joined."
2018-02-01,12.3,6.8,10.2,0,0,1,2018,2,1,"2018-02",32,1858,"pre_covid",0,1,0,0.318181818181818,"REAL_PUBLIC_HKO",28,33,12,"Public HKO open-data design only; no health outcomes joined."
2018-02-02,12.3,9.3,11.1,0,0,1,2018,2,2,"2018-02",33,1859,"pre_covid",0,1,0,0.363636363636364,"REAL_PUBLIC_HKO",28,33,12,"Public HKO open-data design only; no health outcomes joined."
2018-02-03,11.8,8.8,10.2,0,0,1,2018,2,3,"2018-02",34,1860,"pre_covid",0,1,0,0.363636363636364,"REAL_PUBLIC_HKO",28,33,12,"Public HKO open-data design only; no health outcomes joined."
2018-02-04,11.7,9.1,10.2,0,0,1,2018,2,4,"2018-02",35,1861,"pre_covid",0,1,0,0.363636363636364,"REAL_PUBLIC_HKO",28,33,12,"Public HKO open-data design only; no health outcomes joined."
2018-02-05,11.8,8.1,9.8,0,0,1,2018,2,5,"2018-02",36,1862,"pre_covid",0,1,0,0.363636363636364,"REAL_PUBLIC_HKO",28,33,12,"Public HKO open-data design only; no health outcomes joined."
2018-02-06,14.2,7.9,11.1,0,0,1,2018,2,6,"2018-02",37,1863,"pre_covid",0,1,0,0.409090909090909,"REAL_PUBLIC_HKO",28,33,12,"Public HKO open-data design only; no health outcomes joined."
2018-02-07,15.3,10.5,12.7,0,0,1,2018,2,7,"2018-02",38,1864,"pre_covid",0,1,0,0.454545454545455,"REAL_PUBLIC_HKO",28,33,12,"Public HKO open-data design only; no health outcomes joined."
2018-02-08,16.7,11.3,14,0,0,1,2018,2,8,"2018-02",39,1865,"pre_covid",0,1,0,0.5,"REAL_PUBLIC_HKO",28,33,12,"Public HKO open-data design only; no health outcomes joined."
2018-02-09,17.1,13.7,15.5,0,0,0,2018,2,9,"2018-02",40,1866,"pre_covid",0,0,0,0.5,"REAL_PUBLIC_HKO",28,33,12,"Public HKO open-data design only; no health outcomes joined."
2018-02-10,22.1,15.9,18,0,0,0,2018,2,10,"2018-02",41,1867,"pre_covid",0,0,0,0.5,"REAL_PUBLIC_HKO",28,33,12,"Public HKO open-data design only; no health outcomes joined."
2018-02-11,19.7,14.5,16.1,0,0,0,2018,2,11,"2018-02",42,1868,"pre_covid",0,0,0,0.5,"REAL_PUBLIC_HKO",28,33,12,"Public HKO open-data design only; no health outcomes joined."
2018-02-12,19,11.9,14.9,0,0,1,2018,2,12,"2018-02",43,1869,"pre_covid",0,1,0,0.545454545454545,"REAL_PUBLIC_HKO",28,33,12,"Public HKO open-data design only; no health outcomes joined."
2018-02-13,18.4,12.8,15.2,0,0,0,2018,2,13,"2018-02",44,1870,"pre_covid",0,0,0,0.545454545454545,"REAL_PUBLIC_HKO",28,33,12,"Public HKO open-data design only; no health outcomes joined."
2018-02-14,18.6,14.6,16.8,0,0,0,2018,2,14,"2018-02",45,1871,"pre_covid",0,0,0,0.545454545454545,"REAL_PUBLIC_HKO",28,33,12,"Public HKO open-data design only; no health outcomes joined."
2018-02-15,24,17.2,19.8,0,0,0,2018,2,15,"2018-02",46,1872,"pre_covid",0,0,0,0.545454545454545,"REAL_PUBLIC_HKO",28,33,12,"Public HKO open-data design only; no health outcomes joined."
2018-02-16,24.8,17.5,20.6,0,0,0,2018,2,16,"2018-02",47,1873,"pre_covid",0,0,0,0.545454545454545,"REAL_PUBLIC_HKO",28,33,12,"Public HKO open-data design only; no health outcomes joined."
2018-02-17,20.2,16.6,17.7,0,0,0,2018,2,17,"2018-02",48,1874,"pre_covid",0,0,0,0.545454545454545,"REAL_PUBLIC_HKO",28,33,12,"Public HKO open-data design only; no health outcomes joined."
2018-02-18,20.2,16.5,18.3,0,0,0,2018,2,18,"2018-02",49,1875,"pre_covid",0,0,0,0.545454545454545,"REAL_PUBLIC_HKO",28,33,12,"Public HKO open-data design only; no health outcomes joined."
2018-02-19,24.4,19.5,21.4,0,0,0,2018,2,19,"2018-02",50,1876,"pre_covid",0,0,0,0.545454545454545,"REAL_PUBLIC_HKO",28,33,12,"Public HKO open-data design only; no health outcomes joined."
2018-02-20,25,18.8,21,0,0,0,2018,2,20,"2018-02",51,1877,"pre_covid",0,0,0,0.5,"REAL_PUBLIC_HKO",28,33,12,"Public HKO open-data design only; no health outcomes joined."
2018-02-21,19.4,16.7,18.2,0,0,0,2018,2,21,"2018-02",52,1878,"pre_covid",0,0,0,0.454545454545455,"REAL_PUBLIC_HKO",28,33,12,"Public HKO open-data design only; no health outcomes joined."
2018-02-22,16.8,13,15.1,0,0,0,2018,2,22,"2018-02",53,1879,"pre_covid",0,0,0,0.409090909090909,"REAL_PUBLIC_HKO",28,33,12,"Public HKO open-data design only; no health outcomes joined."
2018-02-23,16.5,12.8,14.8,0,0,0,2018,2,23,"2018-02",54,1880,"pre_covid",0,0,0,0.363636363636364,"REAL_PUBLIC_HKO",28,33,12,"Public HKO open-data design only; no health outcomes joined."
2018-02-24,20.8,15.5,18.3,0,0,0,2018,2,24,"2018-02",55,1881,"pre_covid",0,0,0,0.318181818181818,"REAL_PUBLIC_HKO",28,33,12,"Public HKO open-data design only; no health outcomes joined."
2018-02-25,23.5,18.4,20.4,0,0,0,2018,2,25,"2018-02",56,1882,"pre_covid",0,0,0,0.272727272727273,"REAL_PUBLIC_HKO",28,33,12,"Public HKO open-data design only; no health outcomes joined."
2018-02-26,18.7,16.5,17.3,0,0,0,2018,2,26,"2018-02",57,1883,"pre_covid",0,0,0,0.227272727272727,"REAL_PUBLIC_HKO",28,33,12,"Public HKO open-data design only; no health outcomes joined."
2018-02-27,23.2,15.8,19.1,0,0,0,2018,2,27,"2018-02",58,1884,"pre_covid",0,0,0,0.181818181818182,"REAL_PUBLIC_HKO",28,33,12,"Public HKO open-data design only; no health outcomes joined."
2018-02-28,26.2,18.5,21.4,0,0,0,2018,2,28,"2018-02",59,1885,"pre_covid",0,0,0,0.136363636363636,"REAL_PUBLIC_HKO",28,33,12,"Public HKO open-data design only; no health outcomes joined."
2018-03-01,24.8,19.4,21.3,0,0,0,2018,3,1,"2018-03",60,1886,"pre_covid",0,0,0,0.0909090909090909,"REAL_PUBLIC_HKO",28,33,12,"Public HKO open-data design only; no health outcomes joined."
2018-03-02,24.7,19.5,21.3,0,0,0,2018,3,2,"2018-03",61,1887,"pre_covid",0,0,0,0.0454545454545455,"REAL_PUBLIC_HKO",28,33,12,"Public HKO open-data design only; no health outcomes joined."
2018-03-03,23.6,21,22,0,0,0,2018,3,3,"2018-03",62,1888,"pre_covid",0,0,0,0.0454545454545455,"REAL_PUBLIC_HKO",28,33,12,"Public HKO open-data design only; no health outcomes joined."
2018-03-04,27.3,21.9,24,0,0,0,2018,3,4,"2018-03",63,1889,"pre_covid",0,0,0,0.0454545454545455,"REAL_PUBLIC_HKO",28,33,12,"Public HKO open-data design only; no health outcomes joined."
2018-03-05,27.8,23.4,25.1,0,0,0,2018,3,5,"2018-03",64,1890,"pre_covid",0,0,0,0.0454545454545455,"REAL_PUBLIC_HKO",28,33,12,"Public HKO open-data design only; no health outcomes joined."
2018-03-06,23.5,18.3,19.8,0,0,0,2018,3,6,"2018-03",65,1891,"pre_covid",0,0,0,0,"REAL_PUBLIC_HKO",28,33,12,"Public HKO open-data design only; no health outcomes joined."
2018-03-07,20.6,17.6,19.1,0,0,0,2018,3,7,"2018-03",66,1892,"pre_covid",0,0,0,0,"REAL_PUBLIC_HKO",28,33,12,"Public HKO open-data design only; no health outcomes joined."
2018-03-08,20.5,12.5,14.5,0,0,0,2018,3,8,"2018-03",67,1893,"pre_covid",0,0,0,0,"REAL_PUBLIC_HKO",28,33,12,"Public HKO open-data design only; no health outcomes joined."
2018-03-09,19.8,11.1,14.8,0,0,1,2018,3,9,"2018-03",68,1894,"pre_covid",0,1,0,0.0454545454545455,"REAL_PUBLIC_HKO",28,33,12,"Public HKO open-data design only; no health outcomes joined."
2018-03-10,20.3,13.7,16.7,0,0,0,2018,3,10,"2018-03",69,1895,"pre_covid",0,0,0,0.0454545454545455,"REAL_PUBLIC_HKO",28,33,12,"Public HKO open-data design only; no health outcomes joined."
2018-03-11,22.5,15.3,18,0,0,0,2018,3,11,"2018-03",70,1896,"pre_covid",0,0,0,0.0454545454545455,"REAL_PUBLIC_HKO",28,33,12,"Public HKO open-data design only; no health outcomes joined."
2018-03-12,23.3,16.9,19.6,0,0,0,2018,3,12,"2018-03",71,1897,"pre_covid",0,0,0,0.0454545454545455,"REAL_PUBLIC_HKO",28,33,12,"Public HKO open-data design only; no health outcomes joined."
2018-03-13,24.5,18.1,20.9,0,0,0,2018,3,13,"2018-03",72,1898,"pre_covid",0,0,0,0.0454545454545455,"REAL_PUBLIC_HKO",28,33,12,"Public HKO open-data design only; no health outcomes joined."
2018-03-14,20.8,19.4,20.2,0,0,0,2018,3,14,"2018-03",73,1899,"pre_covid",0,0,0,0.0454545454545455,"REAL_PUBLIC_HKO",28,33,12,"Public HKO open-data design only; no health outcomes joined."
2018-03-15,25.1,20.1,22.1,0,0,0,2018,3,15,"2018-03",74,1900,"pre_covid",0,0,0,0.0454545454545455,"REAL_PUBLIC_HKO",28,33,12,"Public HKO open-data design only; no health outcomes joined."
2018-03-16,26.3,20.3,22.7,0,0,0,2018,3,16,"2018-03",75,1901,"pre_covid",0,0,0,0.0454545454545455,"REAL_PUBLIC_HKO",28,33,12,"Public HKO open-data design only; no health outcomes joined."
2018-03-17,22,18.6,19.5,0,0,0,2018,3,17,"2018-03",76,1902,"pre_covid",0,0,0,0.0454545454545455,"REAL_PUBLIC_HKO",28,33,12,"Public HKO open-data design only; no health outcomes joined."
2018-03-18,24.1,19.2,20.8,0,0,0,2018,3,18,"2018-03",77,1903,"pre_covid",0,0,0,0.0454545454545455,"REAL_PUBLIC_HKO",28,33,12,"Public HKO open-data design only; no health outcomes joined."
2018-03-19,25.6,20.7,22.8,0,0,0,2018,3,19,"2018-03",78,1904,"pre_covid",0,0,0,0.0454545454545455,"REAL_PUBLIC_HKO",28,33,12,"Public HKO open-data design only; no health outcomes joined."
2018-03-20,25.3,16.9,21.4,0,0,0,2018,3,20,"2018-03",79,1905,"pre_covid",0,0,0,0.0454545454545455,"REAL_PUBLIC_HKO",28,33,12,"Public HKO open-data design only; no health outcomes joined."
2018-03-21,24.1,14.5,18.7,0,0,0,2018,3,21,"2018-03",80,1906,"pre_covid",0,0,0,0.0454545454545455,"REAL_PUBLIC_HKO",28,33,12,"Public HKO open-data design only; no health outcomes joined."
2018-03-22,24.1,16.2,19.5,0,0,0,2018,3,22,"2018-03",81,1907,"pre_covid",0,0,0,0.0454545454545455,"REAL_PUBLIC_HKO",28,33,12,"Public HKO open-data design only; no health outcomes joined."
2018-03-23,24.7,17.2,20.5,0,0,0,2018,3,23,"2018-03",82,1908,"pre_covid",0,0,0,0.0454545454545455,"REAL_PUBLIC_HKO",28,33,12,"Public HKO open-data design only; no health outcomes joined."
2018-03-24,23.8,19.6,21.1,0,0,0,2018,3,24,"2018-03",83,1909,"pre_covid",0,0,0,0.0454545454545455,"REAL_PUBLIC_HKO",28,33,12,"Public HKO open-data design only; no health outcomes joined."
2018-03-25,24.5,20.5,21.7,0,0,0,2018,3,25,"2018-03",84,1910,"pre_covid",0,0,0,0.0454545454545455,"REAL_PUBLIC_HKO",28,33,12,"Public HKO open-data design only; no health outcomes joined."
2018-03-26,26.5,20.4,22.6,0,0,0,2018,3,26,"2018-03",85,1911,"pre_covid",0,0,0,0.0454545454545455,"REAL_PUBLIC_HKO",28,33,12,"Public HKO open-data design only; no health outcomes joined."
2018-03-27,26,20.8,22.8,0,0,0,2018,3,27,"2018-03",86,1912,"pre_covid",0,0,0,0.0454545454545455,"REAL_PUBLIC_HKO",28,33,12,"Public HKO open-data design only; no health outcomes joined."
2018-03-28,26.7,21,22.7,0,0,0,2018,3,28,"2018-03",87,1913,"pre_covid",0,0,0,0.0454545454545455,"REAL_PUBLIC_HKO",28,33,12,"Public HKO open-data design only; no health outcomes joined."
2018-03-29,27,21.1,22.9,0,0,0,2018,3,29,"2018-03",88,1914,"pre_covid",0,0,0,0.0454545454545455,"REAL_PUBLIC_HKO",28,33,12,"Public HKO open-data design only; no health outcomes joined."
2018-03-30,27.9,21.2,23.5,0,0,0,2018,3,30,"2018-03",89,1915,"pre_covid",0,0,0,0.0454545454545455,"REAL_PUBLIC_HKO",28,33,12,"Public HKO open-data design only; no health outcomes joined."
2018-03-31,27.5,21.4,23.5,0,0,0,2018,3,31,"2018-03",90,1916,"pre_covid",0,0,0,0,"REAL_PUBLIC_HKO",28,33,12,"Public HKO open-data design only; no health outcomes joined."
2018-04-01,27.9,21.3,23.6,0,0,0,2018,4,1,"2018-04",91,1917,"pre_covid",0,0,0,0,"REAL_PUBLIC_HKO",28,33,12,"Public HKO open-data design only; no health outcomes joined."
2018-04-02,28.7,21.5,24.3,0,0,0,2018,4,2,"2018-04",92,1918,"pre_covid",0,0,0,0,"REAL_PUBLIC_HKO",28,33,12,"Public HKO open-data design only; no health outcomes joined."
2018-04-03,29.4,21.9,24.7,0,0,0,2018,4,3,"2018-04",93,1919,"pre_covid",0,0,0,0,"REAL_PUBLIC_HKO",28,33,12,"Public HKO open-data design only; no health outcomes joined."
2018-04-04,28.5,22.6,24.7,0,0,0,2018,4,4,"2018-04",94,1920,"pre_covid",0,0,0,0,"REAL_PUBLIC_HKO",28,33,12,"Public HKO open-data design only; no health outcomes joined."
2018-04-05,27.8,22.7,24.6,0,0,0,2018,4,5,"2018-04",95,1921,"pre_covid",0,0,0,0,"REAL_PUBLIC_HKO",28,33,12,"Public HKO open-data design only; no health outcomes joined."
2018-04-06,26.6,17.5,22.3,0,0,0,2018,4,6,"2018-04",96,1922,"pre_covid",0,0,0,0,"REAL_PUBLIC_HKO",28,33,12,"Public HKO open-data design only; no health outcomes joined."
2018-04-07,20.3,16.1,18,0,0,0,2018,4,7,"2018-04",97,1923,"pre_covid",0,0,0,0,"REAL_PUBLIC_HKO",28,33,12,"Public HKO open-data design only; no health outcomes joined."
2018-04-08,24.9,16.3,20.1,0,0,0,2018,4,8,"2018-04",98,1924,"pre_covid",0,0,0,0,"REAL_PUBLIC_HKO",28,33,12,"Public HKO open-data design only; no health outcomes joined."
2018-04-09,26.5,19,22,0,0,0,2018,4,9,"2018-04",99,1925,"pre_covid",0,0,0,0,"REAL_PUBLIC_HKO",28,33,12,"Public HKO open-data design only; no health outcomes joined."
2018-04-10,28.5,21.1,23.8,0,0,0,2018,4,10,"2018-04",100,1926,"pre_covid",0,0,0,0,"REAL_PUBLIC_HKO",28,33,12,"Public HKO open-data design only; no health outcomes joined."
2018-04-11,27.6,22.5,24.6,0,0,0,2018,4,11,"2018-04",101,1927,"pre_covid",0,0,0,0,"REAL_PUBLIC_HKO",28,33,12,"Public HKO open-data design only; no health outcomes joined."
2018-04-12,28.1,23.9,25.6,0,0,0,2018,4,12,"2018-04",102,1928,"pre_covid",0,0,0,0,"REAL_PUBLIC_HKO",28,33,12,"Public HKO open-data design only; no health outcomes joined."
2018-04-13,30.6,24.6,26.7,0,0,0,2018,4,13,"2018-04",103,1929,"pre_covid",0,0,0,0,"REAL_PUBLIC_HKO",28,33,12,"Public HKO open-data design only; no health outcomes joined."
2018-04-14,29.9,25.2,26.7,0,0,0,2018,4,14,"2018-04",104,1930,"pre_covid",0,0,0,0,"REAL_PUBLIC_HKO",28,33,12,"Public HKO open-data design only; no health outcomes joined."
2018-04-15,25.7,18.6,21,0,0,0,2018,4,15,"2018-04",105,1931,"pre_covid",0,0,0,0,"REAL_PUBLIC_HKO",28,33,12,"Public HKO open-data design only; no health outcomes joined."
2018-04-16,19.4,17.5,18.5,0,0,0,2018,4,16,"2018-04",106,1932,"pre_covid",0,0,0,0,"REAL_PUBLIC_HKO",28,33,12,"Public HKO open-data design only; no health outcomes joined."
2018-04-17,22.9,17.4,19.9,0,0,0,2018,4,17,"2018-04",107,1933,"pre_covid",0,0,0,0,"REAL_PUBLIC_HKO",28,33,12,"Public HKO open-data design only; no health outcomes joined."
2018-04-18,25.6,21.1,22.5,0,0,0,2018,4,18,"2018-04",108,1934,"pre_covid",0,0,0,0,"REAL_PUBLIC_HKO",28,33,12,"Public HKO open-data design only; no health outcomes joined."
2018-04-19,26.3,21.4,23.2,0,0,0,2018,4,19,"2018-04",109,1935,"pre_covid",0,0,0,0,"REAL_PUBLIC_HKO",28,33,12,"Public HKO open-data design only; no health outcomes joined."
2018-04-20,26.2,22.5,23.2,0,0,0,2018,4,20,"2018-04",110,1936,"pre_covid",0,0,0,0,"REAL_PUBLIC_HKO",28,33,12,"Public HKO open-data design only; no health outcomes joined."
2018-04-21,27.5,23,24.5,0,0,0,2018,4,21,"2018-04",111,1937,"pre_covid",0,0,0,0,"REAL_PUBLIC_HKO",28,33,12,"Public HKO open-data design only; no health outcomes joined."
2018-04-22,29,23.7,25.2,0,0,0,2018,4,22,"2018-04",112,1938,"pre_covid",0,0,0,0,"REAL_PUBLIC_HKO",28,33,12,"Public HKO open-data design only; no health outcomes joined."
2018-04-23,30.2,24.3,26.3,0,0,0,2018,4,23,"2018-04",113,1939,"pre_covid",0,0,0,0,"REAL_PUBLIC_HKO",28,33,12,"Public HKO open-data design only; no health outcomes joined."
2018-04-24,26.7,23.9,25.2,0,0,0,2018,4,24,"2018-04",114,1940,"pre_covid",0,0,0,0,"REAL_PUBLIC_HKO",28,33,12,"Public HKO open-data design only; no health outcomes joined."
2018-04-25,24.7,23.3,23.7,0,0,0,2018,4,25,"2018-04",115,1941,"pre_covid",0,0,0,0,"REAL_PUBLIC_HKO",28,33,12,"Public HKO open-data design only; no health outcomes joined."
2018-04-26,24.6,22.7,23.4,0,0,0,2018,4,26,"2018-04",116,1942,"pre_covid",0,0,0,0,"REAL_PUBLIC_HKO",28,33,12,"Public HKO open-data design only; no health outcomes joined."
2018-04-27,28.5,22.9,24.9,0,0,0,2018,4,27,"2018-04",117,1943,"pre_covid",0,0,0,0,"REAL_PUBLIC_HKO",28,33,12,"Public HKO open-data design only; no health outcomes joined."
2018-04-28,26.4,23.1,24.5,0,0,0,2018,4,28,"2018-04",118,1944,"pre_covid",0,0,0,0,"REAL_PUBLIC_HKO",28,33,12,"Public HKO open-data design only; no health outcomes joined."
2018-04-29,29.3,23.9,25.6,0,0,0,2018,4,29,"2018-04",119,1945,"pre_covid",0,0,0,0,"REAL_PUBLIC_HKO",28,33,12,"Public HKO open-data design only; no health outcomes joined."
2018-04-30,29.2,24.6,26.1,0,0,0,2018,4,30,"2018-04",120,1946,"pre_covid",0,0,0,0,"REAL_PUBLIC_HKO",28,33,12,"Public HKO open-data design only; no health outcomes joined."
2018-05-01,30.6,25.4,27.3,0,0,0,2018,5,1,"2018-05",121,1947,"pre_covid",0,0,0,0,"REAL_PUBLIC_HKO",28,33,12,"Public HKO open-data design only; no health outcomes joined."
2018-05-02,31.8,25.6,27.9,0,0,0,2018,5,2,"2018-05",122,1948,"pre_covid",0,0,0,0,"REAL_PUBLIC_HKO",28,33,12,"Public HKO open-data design only; no health outcomes joined."
2018-05-03,33.5,22.9,27.1,0,1,0,2018,5,3,"2018-05",123,1949,"pre_covid",0,0,0,0,"REAL_PUBLIC_HKO",28,33,12,"Public HKO open-data design only; no health outcomes joined."
2018-05-04,25.1,22.1,23.8,0,0,0,2018,5,4,"2018-05",124,1950,"pre_covid",0,0,0,0,"REAL_PUBLIC_HKO",28,33,12,"Public HKO open-data design only; no health outcomes joined."
2018-05-05,27.7,23.6,25.3,0,0,0,2018,5,5,"2018-05",125,1951,"pre_covid",0,0,0,0,"REAL_PUBLIC_HKO",28,33,12,"Public HKO open-data design only; no health outcomes joined."
2018-05-06,31,25.4,27.6,0,0,0,2018,5,6,"2018-05",126,1952,"pre_covid",0,0,0,0,"REAL_PUBLIC_HKO",28,33,12,"Public HKO open-data design only; no health outcomes joined."
2018-05-07,29.6,24.4,28,0,0,0,2018,5,7,"2018-05",127,1953,"pre_covid",0,0,0,0,"REAL_PUBLIC_HKO",28,33,12,"Public HKO open-data design only; no health outcomes joined."
2018-05-08,27.1,23.7,25.2,0,0,0,2018,5,8,"2018-05",128,1954,"pre_covid",0,0,0,0,"REAL_PUBLIC_HKO",28,33,12,"Public HKO open-data design only; no health outcomes joined."
2018-05-09,25.7,22.8,24.6,0,0,0,2018,5,9,"2018-05",129,1955,"pre_covid",0,0,0,0,"REAL_PUBLIC_HKO",28,33,12,"Public HKO open-data design only; no health outcomes joined."
2018-05-10,23.9,22.2,23,0,0,0,2018,5,10,"2018-05",130,1956,"pre_covid",0,0,0,0,"REAL_PUBLIC_HKO",28,33,12,"Public HKO open-data design only; no health outcomes joined."
2018-05-11,25.3,22.3,23.8,0,0,0,2018,5,11,"2018-05",131,1957,"pre_covid",0,0,0,0,"REAL_PUBLIC_HKO",28,33,12,"Public HKO open-data design only; no health outcomes joined."
2018-05-12,30.6,24.2,26.5,0,0,0,2018,5,12,"2018-05",132,1958,"pre_covid",0,0,0,0,"REAL_PUBLIC_HKO",28,33,12,"Public HKO open-data design only; no health outcomes joined."
2018-05-13,31.5,25.3,27.7,0,0,0,2018,5,13,"2018-05",133,1959,"pre_covid",0,0,0,0,"REAL_PUBLIC_HKO",28,33,12,"Public HKO open-data design only; no health outcomes joined."
2018-05-14,31.9,26.6,28.6,0,0,0,2018,5,14,"2018-05",134,1960,"pre_covid",0,0,0,0,"REAL_PUBLIC_HKO",28,33,12,"Public HKO open-data design only; no health outcomes joined."
2018-05-15,32.3,27.1,28.7,0,0,0,2018,5,15,"2018-05",135,1961,"pre_covid",0,0,0,0,"REAL_PUBLIC_HKO",28,33,12,"Public HKO open-data design only; no health outcomes joined."
2018-05-16,32.2,26.1,28.6,0,0,0,2018,5,16,"2018-05",136,1962,"pre_covid",0,0,0,0,"REAL_PUBLIC_HKO",28,33,12,"Public HKO open-data design only; no health outcomes joined."
2018-05-17,33.1,27.4,29.4,0,1,0,2018,5,17,"2018-05",137,1963,"pre_covid",0,0,0,0,"REAL_PUBLIC_HKO",28,33,12,"Public HKO open-data design only; no health outcomes joined."
2018-05-18,33.4,27.7,29.8,0,1,0,2018,5,18,"2018-05",138,1964,"pre_covid",0,0,0,0,"REAL_PUBLIC_HKO",28,33,12,"Public HKO open-data design only; no health outcomes joined."
2018-05-19,33.4,27.8,29.8,0,1,0,2018,5,19,"2018-05",139,1965,"pre_covid",0,0,0,0,"REAL_PUBLIC_HKO",28,33,12,"Public HKO open-data design only; no health outcomes joined."
2018-05-20,34.5,27.8,30.1,0,1,0,2018,5,20,"2018-05",140,1966,"pre_covid",0,0,0,0,"REAL_PUBLIC_HKO",28,33,12,"Public HKO open-data design only; no health outcomes joined."
2018-05-21,34.7,28.1,30.3,1,1,0,2018,5,21,"2018-05",141,1967,"pre_covid",1,0,0.166666666666667,0,"REAL_PUBLIC_HKO",28,33,12,"Public HKO open-data design only; no health outcomes joined."
2018-05-22,34.8,27.9,30.4,0,1,0,2018,5,22,"2018-05",142,1968,"pre_covid",0,0,0.166666666666667,0,"REAL_PUBLIC_HKO",28,33,12,"Public HKO open-data design only; no health outcomes joined."
2018-05-23,35.1,27.6,30.5,0,1,0,2018,5,23,"2018-05",143,1969,"pre_covid",0,0,0.166666666666667,0,"REAL_PUBLIC_HKO",28,33,12,"Public HKO open-data design only; no health outcomes joined."
2018-05-24,33.5,28.4,30,1,1,0,2018,5,24,"2018-05",144,1970,"pre_covid",1,0,0.333333333333333,0,"REAL_PUBLIC_HKO",28,33,12,"Public HKO open-data design only; no health outcomes joined."
2018-05-25,33.1,27.6,29.8,0,1,0,2018,5,25,"2018-05",145,1971,"pre_covid",0,0,0.333333333333333,0,"REAL_PUBLIC_HKO",28,33,12,"Public HKO open-data design only; no health outcomes joined."
2018-05-26,34.7,28.8,30.7,1,1,0,2018,5,26,"2018-05",146,1972,"pre_covid",1,0,0.5,0,"REAL_PUBLIC_HKO",28,33,12,"Public HKO open-data design only; no health outcomes joined."
2018-05-27,33.4,26.9,30,0,1,0,2018,5,27,"2018-05",147,1973,"pre_covid",0,0,0.333333333333333,0,"REAL_PUBLIC_HKO",28,33,12,"Public HKO open-data design only; no health outcomes joined."
2018-05-28,34.5,27.8,30.3,0,1,0,2018,5,28,"2018-05",148,1974,"pre_covid",0,0,0.333333333333333,0,"REAL_PUBLIC_HKO",28,33,12,"Public HKO open-data design only; no health outcomes joined."
2018-05-29,35.3,28.3,31.1,1,1,0,2018,5,29,"2018-05",149,1975,"pre_covid",1,0,0.5,0,"REAL_PUBLIC_HKO",28,33,12,"Public HKO open-data design only; no health outcomes joined."
2018-05-30,35.4,29,31.2,1,1,0,2018,5,30,"2018-05",150,1976,"pre_covid",1,0,0.5,0,"REAL_PUBLIC_HKO",28,33,12,"Public HKO open-data design only; no health outcomes joined."
2018-05-31,34.8,28.9,31.1,1,1,0,2018,5,31,"2018-05",151,1977,"pre_covid",1,0,0.666666666666667,0,"REAL_PUBLIC_HKO",28,33,12,"Public HKO open-data design only; no health outcomes joined."
2018-06-01,35.1,27.8,30.2,0,1,0,2018,6,1,"2018-06",152,1978,"pre_covid",0,0,0.5,0,"REAL_PUBLIC_HKO",28,33,12,"Public HKO open-data design only; no health outcomes joined."
2018-06-02,32.8,27.2,29.1,0,0,0,2018,6,2,"2018-06",153,1979,"pre_covid",0,0,0.5,0,"REAL_PUBLIC_HKO",28,33,12,"Public HKO open-data design only; no health outcomes joined."
2018-06-03,32.6,27.3,29.3,0,0,0,2018,6,3,"2018-06",154,1980,"pre_covid",0,0,0.5,0,"REAL_PUBLIC_HKO",28,33,12,"Public HKO open-data design only; no health outcomes joined."
2018-06-04,31.2,26.5,28,0,0,0,2018,6,4,"2018-06",155,1981,"pre_covid",0,0,0.333333333333333,0,"REAL_PUBLIC_HKO",28,33,12,"Public HKO open-data design only; no health outcomes joined."
2018-06-05,29.5,25.9,27.1,0,0,0,2018,6,5,"2018-06",156,1982,"pre_covid",0,0,0.166666666666667,0,"REAL_PUBLIC_HKO",28,33,12,"Public HKO open-data design only; no health outcomes joined."
2018-06-06,28.4,26,27.2,0,0,0,2018,6,6,"2018-06",157,1983,"pre_covid",0,0,0,0,"REAL_PUBLIC_HKO",28,33,12,"Public HKO open-data design only; no health outcomes joined."
2018-06-07,28.6,26,27.3,0,0,0,2018,6,7,"2018-06",158,1984,"pre_covid",0,0,0,0,"REAL_PUBLIC_HKO",28,33,12,"Public HKO open-data design only; no health outcomes joined."
2018-06-08,30.2,25.3,27.8,0,0,0,2018,6,8,"2018-06",159,1985,"pre_covid",0,0,0,0,"REAL_PUBLIC_HKO",28,33,12,"Public HKO open-data design only; no health outcomes joined."
2018-06-09,30.4,26.5,28.6,0,0,0,2018,6,9,"2018-06",160,1986,"pre_covid",0,0,0,0,"REAL_PUBLIC_HKO",28,33,12,"Public HKO open-data design only; no health outcomes joined."
2018-06-10,33.4,27.4,30,0,1,0,2018,6,10,"2018-06",161,1987,"pre_covid",0,0,0,0,"REAL_PUBLIC_HKO",28,33,12,"Public HKO open-data design only; no health outcomes joined."
2018-06-11,34.3,28,30.5,1,1,0,2018,6,11,"2018-06",162,1988,"pre_covid",1,0,0.166666666666667,0,"REAL_PUBLIC_HKO",28,33,12,"Public HKO open-data design only; no health outcomes joined."
2018-06-12,30.1,25.2,27.5,0,0,0,2018,6,12,"2018-06",163,1989,"pre_covid",0,0,0.166666666666667,0,"REAL_PUBLIC_HKO",28,33,12,"Public HKO open-data design only; no health outcomes joined."
2018-06-13,28.5,25.6,26.6,0,0,0,2018,6,13,"2018-06",164,1990,"pre_covid",0,0,0.166666666666667,0,"REAL_PUBLIC_HKO",28,33,12,"Public HKO open-data design only; no health outcomes joined."
2018-06-14,28.6,25.4,26.8,0,0,0,2018,6,14,"2018-06",165,1991,"pre_covid",0,0,0.166666666666667,0,"REAL_PUBLIC_HKO",28,33,12,"Public HKO open-data design only; no health outcomes joined."
2018-06-15,29.1,25.7,27.1,0,0,0,2018,6,15,"2018-06",166,1992,"pre_covid",0,0,0.166666666666667,0,"REAL_PUBLIC_HKO",28,33,12,"Public HKO open-data design only; no health outcomes joined."
2018-06-16,31.5,26.9,28.4,0,0,0,2018,6,16,"2018-06",167,1993,"pre_covid",0,0,0.166666666666667,0,"REAL_PUBLIC_HKO",28,33,12,"Public HKO open-data design only; no health outcomes joined."
2018-06-17,30.8,26.2,28.3,0,0,0,2018,6,17,"2018-06",168,1994,"pre_covid",0,0,0,0,"REAL_PUBLIC_HKO",28,33,12,"Public HKO open-data design only; no health outcomes joined."
2018-06-18,31.9,27.4,28.9,0,0,0,2018,6,18,"2018-06",169,1995,"pre_covid",0,0,0,0,"REAL_PUBLIC_HKO",28,33,12,"Public HKO open-data design only; no health outcomes joined."
2018-06-19,31.5,28.6,29.6,1,0,0,2018,6,19,"2018-06",170,1996,"pre_covid",1,0,0.166666666666667,0,"REAL_PUBLIC_HKO",28,33,12,"Public HKO open-data design only; no health outcomes joined."
2018-06-20,32.4,28.8,30.2,1,0,0,2018,6,20,"2018-06",171,1997,"pre_covid",1,0,0.333333333333333,0,"REAL_PUBLIC_HKO",28,33,12,"Public HKO open-data design only; no health outcomes joined."
2018-06-21,31.6,28.7,30,1,0,0,2018,6,21,"2018-06",172,1998,"pre_covid",1,0,0.5,0,"REAL_PUBLIC_HKO",28,33,12,"Public HKO open-data design only; no health outcomes joined."
2018-06-22,30.4,25.4,27.8,0,0,0,2018,6,22,"2018-06",173,1999,"pre_covid",0,0,0.5,0,"REAL_PUBLIC_HKO",28,33,12,"Public HKO open-data design only; no health outcomes joined."
2018-06-23,29.7,24.4,27,0,0,0,2018,6,23,"2018-06",174,2000,"pre_covid",0,0,0.5,0,"REAL_PUBLIC_HKO",28,33,12,"Public HKO open-data design only; no health outcomes joined."
2018-06-24,32.5,26.4,28.7,0,0,0,2018,6,24,"2018-06",175,2001,"pre_covid",0,0,0.5,0,"REAL_PUBLIC_HKO",28,33,12,"Public HKO open-data design only; no health outcomes joined."
2018-06-25,31.3,26,28.1,0,0,0,2018,6,25,"2018-06",176,2002,"pre_covid",0,0,0.333333333333333,0,"REAL_PUBLIC_HKO",28,33,12,"Public HKO open-data design only; no health outcomes joined."
2018-06-26,33.4,25.9,29.2,0,1,0,2018,6,26,"2018-06",177,2003,"pre_covid",0,0,0.166666666666667,0,"REAL_PUBLIC_HKO",28,33,12,"Public HKO open-data design only; no health outcomes joined."
2018-06-27,31.9,27.4,29.2,0,0,0,2018,6,27,"2018-06",178,2004,"pre_covid",0,0,0,0,"REAL_PUBLIC_HKO",28,33,12,"Public HKO open-data design only; no health outcomes joined."
2018-06-28,32.6,27.7,29.7,0,0,0,2018,6,28,"2018-06",179,2005,"pre_covid",0,0,0,0,"REAL_PUBLIC_HKO",28,33,12,"Public HKO open-data design only; no health outcomes joined."
2018-06-29,32.5,28.4,30.1,1,0,0,2018,6,29,"2018-06",180,2006,"pre_covid",1,0,0.166666666666667,0,"REAL_PUBLIC_HKO",28,33,12,"Public HKO open-data design only; no health outcomes joined."
2018-06-30,32.8,28.9,30.4,1,0,0,2018,6,30,"2018-06",181,2007,"pre_covid",1,0,0.333333333333333,0,"REAL_PUBLIC_HKO",28,33,12,"Public HKO open-data design only; no health outcomes joined."
2018-07-01,32.9,28,30.2,1,0,0,2018,7,1,"2018-07",182,2008,"pre_covid",1,0,0.5,0,"REAL_PUBLIC_HKO",28,33,12,"Public HKO open-data design only; no health outcomes joined."
2018-07-02,30.6,25.6,29.5,0,0,0,2018,7,2,"2018-07",183,2009,"pre_covid",0,0,0.5,0,"REAL_PUBLIC_HKO",28,33,12,"Public HKO open-data design only; no health outcomes joined."
2018-07-03,30.5,27,29.7,0,0,0,2018,7,3,"2018-07",184,2010,"pre_covid",0,0,0.5,0,"REAL_PUBLIC_HKO",28,33,12,"Public HKO open-data design only; no health outcomes joined."
2018-07-04,32.6,28.4,30.3,1,0,0,2018,7,4,"2018-07",185,2011,"pre_covid",1,0,0.666666666666667,0,"REAL_PUBLIC_HKO",28,33,12,"Public HKO open-data design only; no health outcomes joined."
2018-07-05,31.6,28.4,30,1,0,0,2018,7,5,"2018-07",186,2012,"pre_covid",1,0,0.666666666666667,0,"REAL_PUBLIC_HKO",28,33,12,"Public HKO open-data design only; no health outcomes joined."
2018-07-06,32.1,27.6,30.1,0,0,0,2018,7,6,"2018-07",187,2013,"pre_covid",0,0,0.5,0,"REAL_PUBLIC_HKO",28,33,12,"Public HKO open-data design only; no health outcomes joined."
2018-07-07,30,26.4,29,0,0,0,2018,7,7,"2018-07",188,2014,"pre_covid",0,0,0.333333333333333,0,"REAL_PUBLIC_HKO",28,33,12,"Public HKO open-data design only; no health outcomes joined."
2018-07-08,30.6,26.7,28.2,0,0,0,2018,7,8,"2018-07",189,2015,"pre_covid",0,0,0.333333333333333,0,"REAL_PUBLIC_HKO",28,33,12,"Public HKO open-data design only; no health outcomes joined."
2018-07-09,31.8,25.9,28.2,0,0,0,2018,7,9,"2018-07",190,2016,"pre_covid",0,0,0.333333333333333,0,"REAL_PUBLIC_HKO",28,33,12,"Public HKO open-data design only; no health outcomes joined."
2018-07-10,32.6,26.8,29,0,0,0,2018,7,10,"2018-07",191,2017,"pre_covid",0,0,0.166666666666667,0,"REAL_PUBLIC_HKO",28,33,12,"Public HKO open-data design only; no health outcomes joined."
2018-07-11,32.8,27.2,29.6,0,0,0,2018,7,11,"2018-07",192,2018,"pre_covid",0,0,0,0,"REAL_PUBLIC_HKO",28,33,12,"Public HKO open-data design only; no health outcomes joined."
2018-07-12,33.4,28.3,30,1,1,0,2018,7,12,"2018-07",193,2019,"pre_covid",1,0,0.166666666666667,0,"REAL_PUBLIC_HKO",28,33,12,"Public HKO open-data design only; no health outcomes joined."
2018-07-13,28.7,25.9,26.7,0,0,0,2018,7,13,"2018-07",194,2020,"pre_covid",0,0,0.166666666666667,0,"REAL_PUBLIC_HKO",28,33,12,"Public HKO open-data design only; no health outcomes joined."
2018-07-14,29.5,25.3,27,0,0,0,2018,7,14,"2018-07",195,2021,"pre_covid",0,0,0.166666666666667,0,"REAL_PUBLIC_HKO",28,33,12,"Public HKO open-data design only; no health outcomes joined."
2018-07-15,28.3,25,26.6,0,0,0,2018,7,15,"2018-07",196,2022,"pre_covid",0,0,0.166666666666667,0,"REAL_PUBLIC_HKO",28,33,12,"Public HKO open-data design only; no health outcomes joined."
2018-07-16,31.4,25.7,28.2,0,0,0,2018,7,16,"2018-07",197,2023,"pre_covid",0,0,0.166666666666667,0,"REAL_PUBLIC_HKO",28,33,12,"Public HKO open-data design only; no health outcomes joined."
2018-07-17,34.3,26.9,30,0,1,0,2018,7,17,"2018-07",198,2024,"pre_covid",0,0,0.166666666666667,0,"REAL_PUBLIC_HKO",28,33,12,"Public HKO open-data design only; no health outcomes joined."
2018-07-18,29.5,26.4,27.7,0,0,0,2018,7,18,"2018-07",199,2025,"pre_covid",0,0,0,0,"REAL_PUBLIC_HKO",28,33,12,"Public HKO open-data design only; no health outcomes joined."
2018-07-19,29.7,26.6,27.9,0,0,0,2018,7,19,"2018-07",200,2026,"pre_covid",0,0,0,0,"REAL_PUBLIC_HKO",28,33,12,"Public HKO open-data design only; no health outcomes joined."
2018-07-20,31.6,26,28.2,0,0,0,2018,7,20,"2018-07",201,2027,"pre_covid",0,0,0,0,"REAL_PUBLIC_HKO",28,33,12,"Public HKO open-data design only; no health outcomes joined."
2018-07-21,33.1,27.4,29.5,0,1,0,2018,7,21,"2018-07",202,2028,"pre_covid",0,0,0,0,"REAL_PUBLIC_HKO",28,33,12,"Public HKO open-data design only; no health outcomes joined."
2018-07-22,32.4,27.9,29,0,0,0,2018,7,22,"2018-07",203,2029,"pre_covid",0,0,0,0,"REAL_PUBLIC_HKO",28,33,12,"Public HKO open-data design only; no health outcomes joined."
2018-07-23,31.2,26.3,28.4,0,0,0,2018,7,23,"2018-07",204,2030,"pre_covid",0,0,0,0,"REAL_PUBLIC_HKO",28,33,12,"Public HKO open-data design only; no health outcomes joined."
2018-07-24,32,28,29.8,1,0,0,2018,7,24,"2018-07",205,2031,"pre_covid",1,0,0.166666666666667,0,"REAL_PUBLIC_HKO",28,33,12,"Public HKO open-data design only; no health outcomes joined."
2018-07-25,31.7,27,29.4,0,0,0,2018,7,25,"2018-07",206,2032,"pre_covid",0,0,0.166666666666667,0,"REAL_PUBLIC_HKO",28,33,12,"Public HKO open-data design only; no health outcomes joined."
2018-07-26,32.3,27.3,29.6,0,0,0,2018,7,26,"2018-07",207,2033,"pre_covid",0,0,0.166666666666667,0,"REAL_PUBLIC_HKO",28,33,12,"Public HKO open-data design only; no health outcomes joined."
2018-07-27,33,27.7,29.8,0,1,0,2018,7,27,"2018-07",208,2034,"pre_covid",0,0,0.166666666666667,0,"REAL_PUBLIC_HKO",28,33,12,"Public HKO open-data design only; no health outcomes joined."
2018-07-28,33.7,28.2,30.2,1,1,0,2018,7,28,"2018-07",209,2035,"pre_covid",1,0,0.333333333333333,0,"REAL_PUBLIC_HKO",28,33,12,"Public HKO open-data design only; no health outcomes joined."
2018-07-29,34.3,27.9,30.2,0,1,0,2018,7,29,"2018-07",210,2036,"pre_covid",0,0,0.333333333333333,0,"REAL_PUBLIC_HKO",28,33,12,"Public HKO open-data design only; no health outcomes joined."
2018-07-30,33.7,28.1,30.4,1,1,0,2018,7,30,"2018-07",211,2037,"pre_covid",1,0,0.333333333333333,0,"REAL_PUBLIC_HKO",28,33,12,"Public HKO open-data design only; no health outcomes joined."
2018-07-31,33.2,27.1,30.2,0,1,0,2018,7,31,"2018-07",212,2038,"pre_covid",0,0,0.333333333333333,0,"REAL_PUBLIC_HKO",28,33,12,"Public HKO open-data design only; no health outcomes joined."
2018-08-01,32.4,27.9,29.9,0,0,0,2018,8,1,"2018-08",213,2039,"pre_covid",0,0,0.333333333333333,0,"REAL_PUBLIC_HKO",28,33,12,"Public HKO open-data design only; no health outcomes joined."
2018-08-02,32.9,26.6,30,0,0,0,2018,8,2,"2018-08",214,2040,"pre_covid",0,0,0.333333333333333,0,"REAL_PUBLIC_HKO",28,33,12,"Public HKO open-data design only; no health outcomes joined."
2018-08-03,31.8,29.1,30.1,1,0,0,2018,8,3,"2018-08",215,2041,"pre_covid",1,0,0.333333333333333,0,"REAL_PUBLIC_HKO",28,33,12,"Public HKO open-data design only; no health outcomes joined."
2018-08-04,32.5,27.3,29.8,0,0,0,2018,8,4,"2018-08",216,2042,"pre_covid",0,0,0.333333333333333,0,"REAL_PUBLIC_HKO",28,33,12,"Public HKO open-data design only; no health outcomes joined."
2018-08-05,33.1,28.9,30.3,1,1,0,2018,8,5,"2018-08",217,2043,"pre_covid",1,0,0.333333333333333,0,"REAL_PUBLIC_HKO",28,33,12,"Public HKO open-data design only; no health outcomes joined."
2018-08-06,33.8,28.8,30.2,1,1,0,2018,8,6,"2018-08",218,2044,"pre_covid",1,0,0.5,0,"REAL_PUBLIC_HKO",28,33,12,"Public HKO open-data design only; no health outcomes joined."
2018-08-07,34.2,28.4,30,1,1,0,2018,8,7,"2018-08",219,2045,"pre_covid",1,0,0.666666666666667,0,"REAL_PUBLIC_HKO",28,33,12,"Public HKO open-data design only; no health outcomes joined."
2018-08-08,33.9,27.1,30.3,0,1,0,2018,8,8,"2018-08",220,2046,"pre_covid",0,0,0.666666666666667,0,"REAL_PUBLIC_HKO",28,33,12,"Public HKO open-data design only; no health outcomes joined."
2018-08-09,33.6,29.2,30.4,1,1,0,2018,8,9,"2018-08",221,2047,"pre_covid",1,0,0.666666666666667,0,"REAL_PUBLIC_HKO",28,33,12,"Public HKO open-data design only; no health outcomes joined."
2018-08-10,29.5,26,27.2,0,0,0,2018,8,10,"2018-08",222,2048,"pre_covid",0,0,0.666666666666667,0,"REAL_PUBLIC_HKO",28,33,12,"Public HKO open-data design only; no health outcomes joined."
2018-08-11,28.2,25.8,27,0,0,0,2018,8,11,"2018-08",223,2049,"pre_covid",0,0,0.5,0,"REAL_PUBLIC_HKO",28,33,12,"Public HKO open-data design only; no health outcomes joined."
2018-08-12,28.1,25.8,26.9,0,0,0,2018,8,12,"2018-08",224,2050,"pre_covid",0,0,0.333333333333333,0,"REAL_PUBLIC_HKO",28,33,12,"Public HKO open-data design only; no health outcomes joined."
2018-08-13,32.6,27.3,28.9,0,0,0,2018,8,13,"2018-08",225,2051,"pre_covid",0,0,0.166666666666667,0,"REAL_PUBLIC_HKO",28,33,12,"Public HKO open-data design only; no health outcomes joined."
2018-08-14,29.9,26.4,27.6,0,0,0,2018,8,14,"2018-08",226,2052,"pre_covid",0,0,0.166666666666667,0,"REAL_PUBLIC_HKO",28,33,12,"Public HKO open-data design only; no health outcomes joined."
2018-08-15,30.9,26.4,28.2,0,0,0,2018,8,15,"2018-08",227,2053,"pre_covid",0,0,0,0,"REAL_PUBLIC_HKO",28,33,12,"Public HKO open-data design only; no health outcomes joined."
2018-08-16,29,26.7,27.8,0,0,0,2018,8,16,"2018-08",228,2054,"pre_covid",0,0,0,0,"REAL_PUBLIC_HKO",28,33,12,"Public HKO open-data design only; no health outcomes joined."
2018-08-17,28.3,25.5,27.2,0,0,0,2018,8,17,"2018-08",229,2055,"pre_covid",0,0,0,0,"REAL_PUBLIC_HKO",28,33,12,"Public HKO open-data design only; no health outcomes joined."
2018-08-18,30.9,25.9,28.4,0,0,0,2018,8,18,"2018-08",230,2056,"pre_covid",0,0,0,0,"REAL_PUBLIC_HKO",28,33,12,"Public HKO open-data design only; no health outcomes joined."
2018-08-19,30.4,26.4,28.6,0,0,0,2018,8,19,"2018-08",231,2057,"pre_covid",0,0,0,0,"REAL_PUBLIC_HKO",28,33,12,"Public HKO open-data design only; no health outcomes joined."
2018-08-20,30.5,26.1,27.8,0,0,0,2018,8,20,"2018-08",232,2058,"pre_covid",0,0,0,0,"REAL_PUBLIC_HKO",28,33,12,"Public HKO open-data design only; no health outcomes joined."
2018-08-21,30.2,26.7,28.3,0,0,0,2018,8,21,"2018-08",233,2059,"pre_covid",0,0,0,0,"REAL_PUBLIC_HKO",28,33,12,"Public HKO open-data design only; no health outcomes joined."
2018-08-22,31.8,24.7,28.5,0,0,0,2018,8,22,"2018-08",234,2060,"pre_covid",0,0,0,0,"REAL_PUBLIC_HKO",28,33,12,"Public HKO open-data design only; no health outcomes joined."
2018-08-23,30.9,24.6,27.7,0,0,0,2018,8,23,"2018-08",235,2061,"pre_covid",0,0,0,0,"REAL_PUBLIC_HKO",28,33,12,"Public HKO open-data design only; no health outcomes joined."
2018-08-24,31.9,25.6,29.1,0,0,0,2018,8,24,"2018-08",236,2062,"pre_covid",0,0,0,0,"REAL_PUBLIC_HKO",28,33,12,"Public HKO open-data design only; no health outcomes joined."
2018-08-25,32.9,27.8,30.3,0,0,0,2018,8,25,"2018-08",237,2063,"pre_covid",0,0,0,0,"REAL_PUBLIC_HKO",28,33,12,"Public HKO open-data design only; no health outcomes joined."
2018-08-26,31.4,25.5,28.9,0,0,0,2018,8,26,"2018-08",238,2064,"pre_covid",0,0,0,0,"REAL_PUBLIC_HKO",28,33,12,"Public HKO open-data design only; no health outcomes joined."
2018-08-27,29.9,25.2,27,0,0,0,2018,8,27,"2018-08",239,2065,"pre_covid",0,0,0,0,"REAL_PUBLIC_HKO",28,33,12,"Public HKO open-data design only; no health outcomes joined."
2018-08-28,29.2,25.2,26.3,0,0,0,2018,8,28,"2018-08",240,2066,"pre_covid",0,0,0,0,"REAL_PUBLIC_HKO",28,33,12,"Public HKO open-data design only; no health outcomes joined."
2018-08-29,29.3,26.1,27.4,0,0,0,2018,8,29,"2018-08",241,2067,"pre_covid",0,0,0,0,"REAL_PUBLIC_HKO",28,33,12,"Public HKO open-data design only; no health outcomes joined."
2018-08-30,28.9,26.9,28,0,0,0,2018,8,30,"2018-08",242,2068,"pre_covid",0,0,0,0,"REAL_PUBLIC_HKO",28,33,12,"Public HKO open-data design only; no health outcomes joined."
2018-08-31,29,27,27.9,0,0,0,2018,8,31,"2018-08",243,2069,"pre_covid",0,0,0,0,"REAL_PUBLIC_HKO",28,33,12,"Public HKO open-data design only; no health outcomes joined."
2018-09-01,27.9,25,26.3,0,0,0,2018,9,1,"2018-09",244,2070,"pre_covid",0,0,0,0,"REAL_PUBLIC_HKO",28,33,12,"Public HKO open-data design only; no health outcomes joined."
2018-09-02,29.9,24.6,26.8,0,0,0,2018,9,2,"2018-09",245,2071,"pre_covid",0,0,0,0,"REAL_PUBLIC_HKO",28,33,12,"Public HKO open-data design only; no health outcomes joined."
2018-09-03,30.5,25.6,27.7,0,0,0,2018,9,3,"2018-09",246,2072,"pre_covid",0,0,0,0,"REAL_PUBLIC_HKO",28,33,12,"Public HKO open-data design only; no health outcomes joined."
2018-09-04,32,27,29.1,0,0,0,2018,9,4,"2018-09",247,2073,"pre_covid",0,0,0,0,"REAL_PUBLIC_HKO",28,33,12,"Public HKO open-data design only; no health outcomes joined."
2018-09-05,33.1,27.9,29.8,0,1,0,2018,9,5,"2018-09",248,2074,"pre_covid",0,0,0,0,"REAL_PUBLIC_HKO",28,33,12,"Public HKO open-data design only; no health outcomes joined."
2018-09-06,31.8,28.2,29.6,1,0,0,2018,9,6,"2018-09",249,2075,"pre_covid",1,0,0.166666666666667,0,"REAL_PUBLIC_HKO",28,33,12,"Public HKO open-data design only; no health outcomes joined."
2018-09-07,31.2,28,29.4,1,0,0,2018,9,7,"2018-09",250,2076,"pre_covid",1,0,0.333333333333333,0,"REAL_PUBLIC_HKO",28,33,12,"Public HKO open-data design only; no health outcomes joined."
2018-09-08,29.6,25.6,27.4,0,0,0,2018,9,8,"2018-09",251,2077,"pre_covid",0,0,0.333333333333333,0,"REAL_PUBLIC_HKO",28,33,12,"Public HKO open-data design only; no health outcomes joined."
2018-09-09,30.5,24.6,27.1,0,0,0,2018,9,9,"2018-09",252,2078,"pre_covid",0,0,0.333333333333333,0,"REAL_PUBLIC_HKO",28,33,12,"Public HKO open-data design only; no health outcomes joined."
2018-09-10,28.3,24.3,26.1,0,0,0,2018,9,10,"2018-09",253,2079,"pre_covid",0,0,0.333333333333333,0,"REAL_PUBLIC_HKO",28,33,12,"Public HKO open-data design only; no health outcomes joined."
2018-09-11,32.7,25.2,28.2,0,0,0,2018,9,11,"2018-09",254,2080,"pre_covid",0,0,0.333333333333333,0,"REAL_PUBLIC_HKO",28,33,12,"Public HKO open-data design only; no health outcomes joined."
2018-09-12,28.7,26.9,27.8,0,0,0,2018,9,12,"2018-09",255,2081,"pre_covid",0,0,0.166666666666667,0,"REAL_PUBLIC_HKO",28,33,12,"Public HKO open-data design only; no health outcomes joined."
2018-09-13,30.3,26.3,27.7,0,0,0,2018,9,13,"2018-09",256,2082,"pre_covid",0,0,0,0,"REAL_PUBLIC_HKO",28,33,12,"Public HKO open-data design only; no health outcomes joined."
2018-09-14,31.7,26.7,28.8,0,0,0,2018,9,14,"2018-09",257,2083,"pre_covid",0,0,0,0,"REAL_PUBLIC_HKO",28,33,12,"Public HKO open-data design only; no health outcomes joined."
2018-09-15,35.1,26.8,30.7,0,1,0,2018,9,15,"2018-09",258,2084,"pre_covid",0,0,0,0,"REAL_PUBLIC_HKO",28,33,12,"Public HKO open-data design only; no health outcomes joined."
2018-09-16,31.8,23.6,26.4,0,0,0,2018,9,16,"2018-09",259,2085,"pre_covid",0,0,0,0,"REAL_PUBLIC_HKO",28,33,12,"Public HKO open-data design only; no health outcomes joined."
2018-09-17,30.4,25.8,27.5,0,0,0,2018,9,17,"2018-09",260,2086,"pre_covid",0,0,0,0,"REAL_PUBLIC_HKO",28,33,12,"Public HKO open-data design only; no health outcomes joined."
2018-09-18,31.8,26.5,28.2,0,0,0,2018,9,18,"2018-09",261,2087,"pre_covid",0,0,0,0,"REAL_PUBLIC_HKO",28,33,12,"Public HKO open-data design only; no health outcomes joined."
2018-09-19,31.4,26.2,28.6,0,0,0,2018,9,19,"2018-09",262,2088,"pre_covid",0,0,0,0,"REAL_PUBLIC_HKO",28,33,12,"Public HKO open-data design only; no health outcomes joined."
2018-09-20,31.9,27,29,0,0,0,2018,9,20,"2018-09",263,2089,"pre_covid",0,0,0,0,"REAL_PUBLIC_HKO",28,33,12,"Public HKO open-data design only; no health outcomes joined."
2018-09-21,31.9,27.4,29.2,0,0,0,2018,9,21,"2018-09",264,2090,"pre_covid",0,0,0,0,"REAL_PUBLIC_HKO",28,33,12,"Public HKO open-data design only; no health outcomes joined."
2018-09-22,33.2,27,29.2,0,1,0,2018,9,22,"2018-09",265,2091,"pre_covid",0,0,0,0,"REAL_PUBLIC_HKO",28,33,12,"Public HKO open-data design only; no health outcomes joined."
2018-09-23,32.4,27.6,29,0,0,0,2018,9,23,"2018-09",266,2092,"pre_covid",0,0,0,0,"REAL_PUBLIC_HKO",28,33,12,"Public HKO open-data design only; no health outcomes joined."
2018-09-24,29.6,24.8,27,0,0,0,2018,9,24,"2018-09",267,2093,"pre_covid",0,0,0,0,"REAL_PUBLIC_HKO",28,33,12,"Public HKO open-data design only; no health outcomes joined."
2018-09-25,30.2,24.8,27,0,0,0,2018,9,25,"2018-09",268,2094,"pre_covid",0,0,0,0,"REAL_PUBLIC_HKO",28,33,12,"Public HKO open-data design only; no health outcomes joined."
2018-09-26,28.6,25.1,26.8,0,0,0,2018,9,26,"2018-09",269,2095,"pre_covid",0,0,0,0,"REAL_PUBLIC_HKO",28,33,12,"Public HKO open-data design only; no health outcomes joined."
2018-09-27,30.2,26,27.3,0,0,0,2018,9,27,"2018-09",270,2096,"pre_covid",0,0,0,0,"REAL_PUBLIC_HKO",28,33,12,"Public HKO open-data design only; no health outcomes joined."
2018-09-28,31.3,25.8,27.6,0,0,0,2018,9,28,"2018-09",271,2097,"pre_covid",0,0,0,0,"REAL_PUBLIC_HKO",28,33,12,"Public HKO open-data design only; no health outcomes joined."
2018-09-29,31.3,24.3,27.4,0,0,0,2018,9,29,"2018-09",272,2098,"pre_covid",0,0,0,0,"REAL_PUBLIC_HKO",28,33,12,"Public HKO open-data design only; no health outcomes joined."
2018-09-30,30.6,25,27.5,0,0,0,2018,9,30,"2018-09",273,2099,"pre_covid",0,0,0,0,"REAL_PUBLIC_HKO",28,33,12,"Public HKO open-data design only; no health outcomes joined."
2018-10-01,29.6,23.2,26.8,0,0,0,2018,10,1,"2018-10",274,2100,"pre_covid",0,0,0,0,"REAL_PUBLIC_HKO",28,33,12,"Public HKO open-data design only; no health outcomes joined."
2018-10-02,30.4,25.3,27.2,0,0,0,2018,10,2,"2018-10",275,2101,"pre_covid",0,0,0,0,"REAL_PUBLIC_HKO",28,33,12,"Public HKO open-data design only; no health outcomes joined."
2018-10-03,30.5,25,26.9,0,0,0,2018,10,3,"2018-10",276,2102,"pre_covid",0,0,0,0,"REAL_PUBLIC_HKO",28,33,12,"Public HKO open-data design only; no health outcomes joined."
2018-10-04,30.5,24.2,26.9,0,0,0,2018,10,4,"2018-10",277,2103,"pre_covid",0,0,0,0,"REAL_PUBLIC_HKO",28,33,12,"Public HKO open-data design only; no health outcomes joined."
2018-10-05,31.4,23.6,27.1,0,0,0,2018,10,5,"2018-10",278,2104,"pre_covid",0,0,0,0,"REAL_PUBLIC_HKO",28,33,12,"Public HKO open-data design only; no health outcomes joined."
2018-10-06,30.9,23.5,26.8,0,0,0,2018,10,6,"2018-10",279,2105,"pre_covid",0,0,0,0,"REAL_PUBLIC_HKO",28,33,12,"Public HKO open-data design only; no health outcomes joined."
2018-10-07,30.5,25.1,27.1,0,0,0,2018,10,7,"2018-10",280,2106,"pre_covid",0,0,0,0,"REAL_PUBLIC_HKO",28,33,12,"Public HKO open-data design only; no health outcomes joined."
2018-10-08,29.8,24.3,26.7,0,0,0,2018,10,8,"2018-10",281,2107,"pre_covid",0,0,0,0,"REAL_PUBLIC_HKO",28,33,12,"Public HKO open-data design only; no health outcomes joined."
2018-10-09,29.3,25.1,26.5,0,0,0,2018,10,9,"2018-10",282,2108,"pre_covid",0,0,0,0,"REAL_PUBLIC_HKO",28,33,12,"Public HKO open-data design only; no health outcomes joined."
2018-10-10,29.2,22.5,24.8,0,0,0,2018,10,10,"2018-10",283,2109,"pre_covid",0,0,0,0,"REAL_PUBLIC_HKO",28,33,12,"Public HKO open-data design only; no health outcomes joined."
2018-10-11,24.7,22.3,23.2,0,0,0,2018,10,11,"2018-10",284,2110,"pre_covid",0,0,0,0,"REAL_PUBLIC_HKO",28,33,12,"Public HKO open-data design only; no health outcomes joined."
2018-10-12,27.1,22,23.8,0,0,0,2018,10,12,"2018-10",285,2111,"pre_covid",0,0,0,0,"REAL_PUBLIC_HKO",28,33,12,"Public HKO open-data design only; no health outcomes joined."
2018-10-13,26.8,22.7,24.7,0,0,0,2018,10,13,"2018-10",286,2112,"pre_covid",0,0,0,0,"REAL_PUBLIC_HKO",28,33,12,"Public HKO open-data design only; no health outcomes joined."
2018-10-14,27.3,23.6,25.3,0,0,0,2018,10,14,"2018-10",287,2113,"pre_covid",0,0,0,0,"REAL_PUBLIC_HKO",28,33,12,"Public HKO open-data design only; no health outcomes joined."
2018-10-15,27.9,24.3,25.6,0,0,0,2018,10,15,"2018-10",288,2114,"pre_covid",0,0,0,0,"REAL_PUBLIC_HKO",28,33,12,"Public HKO open-data design only; no health outcomes joined."
2018-10-16,25.8,23.2,24.3,0,0,0,2018,10,16,"2018-10",289,2115,"pre_covid",0,0,0,0,"REAL_PUBLIC_HKO",28,33,12,"Public HKO open-data design only; no health outcomes joined."
2018-10-17,25.2,21.9,23.5,0,0,0,2018,10,17,"2018-10",290,2116,"pre_covid",0,0,0,0,"REAL_PUBLIC_HKO",28,33,12,"Public HKO open-data design only; no health outcomes joined."
2018-10-18,23.9,20.9,22.5,0,0,0,2018,10,18,"2018-10",291,2117,"pre_covid",0,0,0,0,"REAL_PUBLIC_HKO",28,33,12,"Public HKO open-data design only; no health outcomes joined."
2018-10-19,26,23,24.2,0,0,0,2018,10,19,"2018-10",292,2118,"pre_covid",0,0,0,0,"REAL_PUBLIC_HKO",28,33,12,"Public HKO open-data design only; no health outcomes joined."
2018-10-20,24.9,23.3,24,0,0,0,2018,10,20,"2018-10",293,2119,"pre_covid",0,0,0,0,"REAL_PUBLIC_HKO",28,33,12,"Public HKO open-data design only; no health outcomes joined."
2018-10-21,27.3,23.2,24.8,0,0,0,2018,10,21,"2018-10",294,2120,"pre_covid",0,0,0,0,"REAL_PUBLIC_HKO",28,33,12,"Public HKO open-data design only; no health outcomes joined."
2018-10-22,27.4,23.7,25,0,0,0,2018,10,22,"2018-10",295,2121,"pre_covid",0,0,0,0,"REAL_PUBLIC_HKO",28,33,12,"Public HKO open-data design only; no health outcomes joined."
2018-10-23,27.4,24.1,25.3,0,0,0,2018,10,23,"2018-10",296,2122,"pre_covid",0,0,0,0,"REAL_PUBLIC_HKO",28,33,12,"Public HKO open-data design only; no health outcomes joined."
2018-10-24,27.4,24,25.2,0,0,0,2018,10,24,"2018-10",297,2123,"pre_covid",0,0,0,0,"REAL_PUBLIC_HKO",28,33,12,"Public HKO open-data design only; no health outcomes joined."
2018-10-25,27.7,24.4,25.5,0,0,0,2018,10,25,"2018-10",298,2124,"pre_covid",0,0,0,0,"REAL_PUBLIC_HKO",28,33,12,"Public HKO open-data design only; no health outcomes joined."
2018-10-26,28.6,23.9,26.3,0,0,0,2018,10,26,"2018-10",299,2125,"pre_covid",0,0,0,0,"REAL_PUBLIC_HKO",28,33,12,"Public HKO open-data design only; no health outcomes joined."
2018-10-27,27.9,23.7,25.4,0,0,0,2018,10,27,"2018-10",300,2126,"pre_covid",0,0,0,0,"REAL_PUBLIC_HKO",28,33,12,"Public HKO open-data design only; no health outcomes joined."
2018-10-28,27.5,21.7,24.3,0,0,0,2018,10,28,"2018-10",301,2127,"pre_covid",0,0,0,0,"REAL_PUBLIC_HKO",28,33,12,"Public HKO open-data design only; no health outcomes joined."
2018-10-29,28.9,22.2,25.2,0,0,0,2018,10,29,"2018-10",302,2128,"pre_covid",0,0,0,0,"REAL_PUBLIC_HKO",28,33,12,"Public HKO open-data design only; no health outcomes joined."
2018-10-30,28.5,23.4,25.7,0,0,0,2018,10,30,"2018-10",303,2129,"pre_covid",0,0,0,0,"REAL_PUBLIC_HKO",28,33,12,"Public HKO open-data design only; no health outcomes joined."
2018-10-31,27.2,22.9,25,0,0,0,2018,10,31,"2018-10",304,2130,"pre_covid",0,0,0,0,"REAL_PUBLIC_HKO",28,33,12,"Public HKO open-data design only; no health outcomes joined."
2018-11-01,27.4,22.6,24.6,0,0,0,2018,11,1,"2018-11",305,2131,"pre_covid",0,0,0,0,"REAL_PUBLIC_HKO",28,33,12,"Public HKO open-data design only; no health outcomes joined."
2018-11-02,24.8,20.1,22.4,0,0,0,2018,11,2,"2018-11",306,2132,"pre_covid",0,0,0,0,"REAL_PUBLIC_HKO",28,33,12,"Public HKO open-data design only; no health outcomes joined."
2018-11-03,23.4,19.4,21.5,0,0,0,2018,11,3,"2018-11",307,2133,"pre_covid",0,0,0,0,"REAL_PUBLIC_HKO",28,33,12,"Public HKO open-data design only; no health outcomes joined."
2018-11-04,25.7,22.3,23.7,0,0,0,2018,11,4,"2018-11",308,2134,"pre_covid",0,0,0,0,"REAL_PUBLIC_HKO",28,33,12,"Public HKO open-data design only; no health outcomes joined."
2018-11-05,26.7,23.5,24.5,0,0,0,2018,11,5,"2018-11",309,2135,"pre_covid",0,0,0,0,"REAL_PUBLIC_HKO",28,33,12,"Public HKO open-data design only; no health outcomes joined."
2018-11-06,27.1,23.3,24.7,0,0,0,2018,11,6,"2018-11",310,2136,"pre_covid",0,0,0,0,"REAL_PUBLIC_HKO",28,33,12,"Public HKO open-data design only; no health outcomes joined."
2018-11-07,27.1,23.6,25,0,0,0,2018,11,7,"2018-11",311,2137,"pre_covid",0,0,0,0,"REAL_PUBLIC_HKO",28,33,12,"Public HKO open-data design only; no health outcomes joined."
2018-11-08,27.3,23.9,25.2,0,0,0,2018,11,8,"2018-11",312,2138,"pre_covid",0,0,0,0,"REAL_PUBLIC_HKO",28,33,12,"Public HKO open-data design only; no health outcomes joined."
2018-11-09,27.1,22.9,24.5,0,0,0,2018,11,9,"2018-11",313,2139,"pre_covid",0,0,0,0,"REAL_PUBLIC_HKO",28,33,12,"Public HKO open-data design only; no health outcomes joined."
2018-11-10,25.4,23.4,23.9,0,0,0,2018,11,10,"2018-11",314,2140,"pre_covid",0,0,0,0,"REAL_PUBLIC_HKO",28,33,12,"Public HKO open-data design only; no health outcomes joined."
2018-11-11,25.7,22.5,23.8,0,0,0,2018,11,11,"2018-11",315,2141,"pre_covid",0,0,0,0,"REAL_PUBLIC_HKO",28,33,12,"Public HKO open-data design only; no health outcomes joined."
2018-11-12,28,23.2,24.9,0,0,0,2018,11,12,"2018-11",316,2142,"pre_covid",0,0,0,0,"REAL_PUBLIC_HKO",28,33,12,"Public HKO open-data design only; no health outcomes joined."
2018-11-13,26.3,23.2,24.3,0,0,0,2018,11,13,"2018-11",317,2143,"pre_covid",0,0,0,0,"REAL_PUBLIC_HKO",28,33,12,"Public HKO open-data design only; no health outcomes joined."
2018-11-14,25.5,22.7,23.5,0,0,0,2018,11,14,"2018-11",318,2144,"pre_covid",0,0,0,0,"REAL_PUBLIC_HKO",28,33,12,"Public HKO open-data design only; no health outcomes joined."
2018-11-15,23.6,22.7,23.2,0,0,0,2018,11,15,"2018-11",319,2145,"pre_covid",0,0,0,0,"REAL_PUBLIC_HKO",28,33,12,"Public HKO open-data design only; no health outcomes joined."
2018-11-16,24.9,22.9,23.9,0,0,0,2018,11,16,"2018-11",320,2146,"pre_covid",0,0,0,0,"REAL_PUBLIC_HKO",28,33,12,"Public HKO open-data design only; no health outcomes joined."
2018-11-17,23.8,23.1,23.5,0,0,0,2018,11,17,"2018-11",321,2147,"pre_covid",0,0,0,0,"REAL_PUBLIC_HKO",28,33,12,"Public HKO open-data design only; no health outcomes joined."
2018-11-18,25.8,22.7,23.8,0,0,0,2018,11,18,"2018-11",322,2148,"pre_covid",0,0,0,0,"REAL_PUBLIC_HKO",28,33,12,"Public HKO open-data design only; no health outcomes joined."
2018-11-19,25.8,22,23.9,0,0,0,2018,11,19,"2018-11",323,2149,"pre_covid",0,0,0,0,"REAL_PUBLIC_HKO",28,33,12,"Public HKO open-data design only; no health outcomes joined."
2018-11-20,24,22,23.1,0,0,0,2018,11,20,"2018-11",324,2150,"pre_covid",0,0,0,0,"REAL_PUBLIC_HKO",28,33,12,"Public HKO open-data design only; no health outcomes joined."
2018-11-21,27.2,21.2,23.9,0,0,0,2018,11,21,"2018-11",325,2151,"pre_covid",0,0,0,0,"REAL_PUBLIC_HKO",28,33,12,"Public HKO open-data design only; no health outcomes joined."
2018-11-22,21.9,18.8,20.4,0,0,0,2018,11,22,"2018-11",326,2152,"pre_covid",0,0,0,0,"REAL_PUBLIC_HKO",28,33,12,"Public HKO open-data design only; no health outcomes joined."
2018-11-23,23.4,18.1,20.9,0,0,0,2018,11,23,"2018-11",327,2153,"pre_covid",0,0,0,0,"REAL_PUBLIC_HKO",28,33,12,"Public HKO open-data design only; no health outcomes joined."
2018-11-24,23.1,20.5,21.7,0,0,0,2018,11,24,"2018-11",328,2154,"pre_covid",0,0,0,0,"REAL_PUBLIC_HKO",28,33,12,"Public HKO open-data design only; no health outcomes joined."
2018-11-25,21.6,17.4,19.5,0,0,0,2018,11,25,"2018-11",329,2155,"pre_covid",0,0,0,0,"REAL_PUBLIC_HKO",28,33,12,"Public HKO open-data design only; no health outcomes joined."
2018-11-26,20.9,17,19,0,0,0,2018,11,26,"2018-11",330,2156,"pre_covid",0,0,0,0,"REAL_PUBLIC_HKO",28,33,12,"Public HKO open-data design only; no health outcomes joined."
2018-11-27,22.5,19,20.5,0,0,0,2018,11,27,"2018-11",331,2157,"pre_covid",0,0,0,0,"REAL_PUBLIC_HKO",28,33,12,"Public HKO open-data design only; no health outcomes joined."
2018-11-28,21.4,19.2,20.3,0,0,0,2018,11,28,"2018-11",332,2158,"pre_covid",0,0,0,0,"REAL_PUBLIC_HKO",28,33,12,"Public HKO open-data design only; no health outcomes joined."
2018-11-29,23.3,19.8,21.3,0,0,0,2018,11,29,"2018-11",333,2159,"pre_covid",0,0,0,0,"REAL_PUBLIC_HKO",28,33,12,"Public HKO open-data design only; no health outcomes joined."
2018-11-30,23.2,20.1,21.5,0,0,0,2018,11,30,"2018-11",334,2160,"pre_covid",0,0,0,0,"REAL_PUBLIC_HKO",28,33,12,"Public HKO open-data design only; no health outcomes joined."
2018-12-01,24.2,21.1,22.1,0,0,0,2018,12,1,"2018-12",335,2161,"pre_covid",0,0,0,0,"REAL_PUBLIC_HKO",28,33,12,"Public HKO open-data design only; no health outcomes joined."
2018-12-02,24.3,21.2,22.4,0,0,0,2018,12,2,"2018-12",336,2162,"pre_covid",0,0,0,0,"REAL_PUBLIC_HKO",28,33,12,"Public HKO open-data design only; no health outcomes joined."
2018-12-03,26,22,23.7,0,0,0,2018,12,3,"2018-12",337,2163,"pre_covid",0,0,0,0,"REAL_PUBLIC_HKO",28,33,12,"Public HKO open-data design only; no health outcomes joined."
2018-12-04,27.1,22.7,24.8,0,0,0,2018,12,4,"2018-12",338,2164,"pre_covid",0,0,0,0,"REAL_PUBLIC_HKO",28,33,12,"Public HKO open-data design only; no health outcomes joined."
2018-12-05,24.8,22.5,23.6,0,0,0,2018,12,5,"2018-12",339,2165,"pre_covid",0,0,0,0,"REAL_PUBLIC_HKO",28,33,12,"Public HKO open-data design only; no health outcomes joined."
2018-12-06,25.1,21.6,23.3,0,0,0,2018,12,6,"2018-12",340,2166,"pre_covid",0,0,0,0,"REAL_PUBLIC_HKO",28,33,12,"Public HKO open-data design only; no health outcomes joined."
2018-12-07,23.3,18.5,21.1,0,0,0,2018,12,7,"2018-12",341,2167,"pre_covid",0,0,0,0,"REAL_PUBLIC_HKO",28,33,12,"Public HKO open-data design only; no health outcomes joined."
2018-12-08,19.7,16.7,18,0,0,0,2018,12,8,"2018-12",342,2168,"pre_covid",0,0,0,0,"REAL_PUBLIC_HKO",28,33,12,"Public HKO open-data design only; no health outcomes joined."
2018-12-09,18.3,16.4,17,0,0,0,2018,12,9,"2018-12",343,2169,"pre_covid",0,0,0,0,"REAL_PUBLIC_HKO",28,33,12,"Public HKO open-data design only; no health outcomes joined."
2018-12-10,18.3,15.1,17,0,0,0,2018,12,10,"2018-12",344,2170,"pre_covid",0,0,0,0,"REAL_PUBLIC_HKO",28,33,12,"Public HKO open-data design only; no health outcomes joined."
2018-12-11,20.4,16.5,18,0,0,0,2018,12,11,"2018-12",345,2171,"pre_covid",0,0,0,0,"REAL_PUBLIC_HKO",28,33,12,"Public HKO open-data design only; no health outcomes joined."
2018-12-12,16.5,13.7,14.9,0,0,0,2018,12,12,"2018-12",346,2172,"pre_covid",0,0,0,0,"REAL_PUBLIC_HKO",28,33,12,"Public HKO open-data design only; no health outcomes joined."
2018-12-13,18.1,13.5,15.6,0,0,0,2018,12,13,"2018-12",347,2173,"pre_covid",0,0,0,0,"REAL_PUBLIC_HKO",28,33,12,"Public HKO open-data design only; no health outcomes joined."
2018-12-14,18.2,15.5,16.8,0,0,0,2018,12,14,"2018-12",348,2174,"pre_covid",0,0,0,0,"REAL_PUBLIC_HKO",28,33,12,"Public HKO open-data design only; no health outcomes joined."
2018-12-15,21.2,17.2,18.9,0,0,0,2018,12,15,"2018-12",349,2175,"pre_covid",0,0,0,0,"REAL_PUBLIC_HKO",28,33,12,"Public HKO open-data design only; no health outcomes joined."
2018-12-16,20.9,18,19.3,0,0,0,2018,12,16,"2018-12",350,2176,"pre_covid",0,0,0,0,"REAL_PUBLIC_HKO",28,33,12,"Public HKO open-data design only; no health outcomes joined."
2018-12-17,21,15.6,18,0,0,0,2018,12,17,"2018-12",351,2177,"pre_covid",0,0,0,0,"REAL_PUBLIC_HKO",28,33,12,"Public HKO open-data design only; no health outcomes joined."
2018-12-18,20.2,16.2,18.1,0,0,0,2018,12,18,"2018-12",352,2178,"pre_covid",0,0,0,0,"REAL_PUBLIC_HKO",28,33,12,"Public HKO open-data design only; no health outcomes joined."
2018-12-19,21.5,18.5,19.9,0,0,0,2018,12,19,"2018-12",353,2179,"pre_covid",0,0,0,0,"REAL_PUBLIC_HKO",28,33,12,"Public HKO open-data design only; no health outcomes joined."
2018-12-20,23.2,20.1,21.6,0,0,0,2018,12,20,"2018-12",354,2180,"pre_covid",0,0,0,0,"REAL_PUBLIC_HKO",28,33,12,"Public HKO open-data design only; no health outcomes joined."
2018-12-21,25,21.4,22.4,0,0,0,2018,12,21,"2018-12",355,2181,"pre_covid",0,0,0,0,"REAL_PUBLIC_HKO",28,33,12,"Public HKO open-data design only; no health outcomes joined."
2018-12-22,25.2,20,22.2,0,0,0,2018,12,22,"2018-12",356,2182,"pre_covid",0,0,0,0,"REAL_PUBLIC_HKO",28,33,12,"Public HKO open-data design only; no health outcomes joined."
2018-12-23,22.5,17.5,20.1,0,0,0,2018,12,23,"2018-12",357,2183,"pre_covid",0,0,0,0,"REAL_PUBLIC_HKO",28,33,12,"Public HKO open-data design only; no health outcomes joined."
2018-12-24,19,16.8,18,0,0,0,2018,12,24,"2018-12",358,2184,"pre_covid",0,0,0,0,"REAL_PUBLIC_HKO",28,33,12,"Public HKO open-data design only; no health outcomes joined."
2018-12-25,21.1,18.5,19.7,0,0,0,2018,12,25,"2018-12",359,2185,"pre_covid",0,0,0,0,"REAL_PUBLIC_HKO",28,33,12,"Public HKO open-data design only; no health outcomes joined."
2018-12-26,23.6,18.7,20.9,0,0,0,2018,12,26,"2018-12",360,2186,"pre_covid",0,0,0,0,"REAL_PUBLIC_HKO",28,33,12,"Public HKO open-data design only; no health outcomes joined."
2018-12-27,22.8,18.9,20.6,0,0,0,2018,12,27,"2018-12",361,2187,"pre_covid",0,0,0,0,"REAL_PUBLIC_HKO",28,33,12,"Public HKO open-data design only; no health outcomes joined."
2018-12-28,20.2,16.3,18.1,0,0,0,2018,12,28,"2018-12",362,2188,"pre_covid",0,0,0,0,"REAL_PUBLIC_HKO",28,33,12,"Public HKO open-data design only; no health outcomes joined."
2018-12-29,16.3,12.5,14,0,0,0,2018,12,29,"2018-12",363,2189,"pre_covid",0,0,0,0,"REAL_PUBLIC_HKO",28,33,12,"Public HKO open-data design only; no health outcomes joined."
2018-12-30,15.4,10.3,12.6,0,0,1,2018,12,30,"2018-12",364,2190,"pre_covid",0,1,0,0.0454545454545455,"REAL_PUBLIC_HKO",28,33,12,"Public HKO open-data design only; no health outcomes joined."
2018-12-31,15.6,11.8,13.2,0,0,1,2018,12,31,"2018-12",365,2191,"pre_covid",0,1,0,0.0909090909090909,"REAL_PUBLIC_HKO",28,33,12,"Public HKO open-data design only; no health outcomes joined."
2019-01-01,15.9,11.4,13.8,0,0,1,2019,1,1,"2019-01",1,2192,"pre_covid",0,1,0,0.136363636363636,"REAL_PUBLIC_HKO",28,33,12,"Public HKO open-data design only; no health outcomes joined."
2019-01-02,16.4,13.5,14.8,0,0,0,2019,1,2,"2019-01",2,2193,"pre_covid",0,0,0,0.136363636363636,"REAL_PUBLIC_HKO",28,33,12,"Public HKO open-data design only; no health outcomes joined."
2019-01-03,17.3,14.9,16.2,0,0,0,2019,1,3,"2019-01",3,2194,"pre_covid",0,0,0,0.136363636363636,"REAL_PUBLIC_HKO",28,33,12,"Public HKO open-data design only; no health outcomes joined."
2019-01-04,20.9,16.8,18.8,0,0,0,2019,1,4,"2019-01",4,2195,"pre_covid",0,0,0,0.136363636363636,"REAL_PUBLIC_HKO",28,33,12,"Public HKO open-data design only; no health outcomes joined."
2019-01-05,22.7,18.9,19.8,0,0,0,2019,1,5,"2019-01",5,2196,"pre_covid",0,0,0,0.136363636363636,"REAL_PUBLIC_HKO",28,33,12,"Public HKO open-data design only; no health outcomes joined."
2019-01-06,20,17.6,18.6,0,0,0,2019,1,6,"2019-01",6,2197,"pre_covid",0,0,0,0.136363636363636,"REAL_PUBLIC_HKO",28,33,12,"Public HKO open-data design only; no health outcomes joined."
2019-01-07,20,17.4,18.5,0,0,0,2019,1,7,"2019-01",7,2198,"pre_covid",0,0,0,0.136363636363636,"REAL_PUBLIC_HKO",28,33,12,"Public HKO open-data design only; no health outcomes joined."
2019-01-08,20.7,17.2,19.2,0,0,0,2019,1,8,"2019-01",8,2199,"pre_covid",0,0,0,0.136363636363636,"REAL_PUBLIC_HKO",28,33,12,"Public HKO open-data design only; no health outcomes joined."
2019-01-09,18.7,17.2,17.8,0,0,0,2019,1,9,"2019-01",9,2200,"pre_covid",0,0,0,0.136363636363636,"REAL_PUBLIC_HKO",28,33,12,"Public HKO open-data design only; no health outcomes joined."
2019-01-10,20.8,17.4,19.2,0,0,0,2019,1,10,"2019-01",10,2201,"pre_covid",0,0,0,0.136363636363636,"REAL_PUBLIC_HKO",28,33,12,"Public HKO open-data design only; no health outcomes joined."
2019-01-11,23.3,18.2,20.6,0,0,0,2019,1,11,"2019-01",11,2202,"pre_covid",0,0,0,0.136363636363636,"REAL_PUBLIC_HKO",28,33,12,"Public HKO open-data design only; no health outcomes joined."
2019-01-12,22.8,19.3,20.9,0,0,0,2019,1,12,"2019-01",12,2203,"pre_covid",0,0,0,0.136363636363636,"REAL_PUBLIC_HKO",28,33,12,"Public HKO open-data design only; no health outcomes joined."
2019-01-13,19.8,17.7,18.5,0,0,0,2019,1,13,"2019-01",13,2204,"pre_covid",0,0,0,0.136363636363636,"REAL_PUBLIC_HKO",28,33,12,"Public HKO open-data design only; no health outcomes joined."
2019-01-14,19.7,17.6,18.5,0,0,0,2019,1,14,"2019-01",14,2205,"pre_covid",0,0,0,0.136363636363636,"REAL_PUBLIC_HKO",28,33,12,"Public HKO open-data design only; no health outcomes joined."
2019-01-15,21.1,17,19,0,0,0,2019,1,15,"2019-01",15,2206,"pre_covid",0,0,0,0.136363636363636,"REAL_PUBLIC_HKO",28,33,12,"Public HKO open-data design only; no health outcomes joined."
2019-01-16,19.9,15.9,17.3,0,0,0,2019,1,16,"2019-01",16,2207,"pre_covid",0,0,0,0.136363636363636,"REAL_PUBLIC_HKO",28,33,12,"Public HKO open-data design only; no health outcomes joined."
2019-01-17,19.5,14.6,16.7,0,0,0,2019,1,17,"2019-01",17,2208,"pre_covid",0,0,0,0.136363636363636,"REAL_PUBLIC_HKO",28,33,12,"Public HKO open-data design only; no health outcomes joined."
2019-01-18,18.5,15.8,17.1,0,0,0,2019,1,18,"2019-01",18,2209,"pre_covid",0,0,0,0.136363636363636,"REAL_PUBLIC_HKO",28,33,12,"Public HKO open-data design only; no health outcomes joined."
2019-01-19,21.9,17.1,18.8,0,0,0,2019,1,19,"2019-01",19,2210,"pre_covid",0,0,0,0.136363636363636,"REAL_PUBLIC_HKO",28,33,12,"Public HKO open-data design only; no health outcomes joined."
2019-01-20,23.4,18.1,20.4,0,0,0,2019,1,20,"2019-01",20,2211,"pre_covid",0,0,0,0.136363636363636,"REAL_PUBLIC_HKO",28,33,12,"Public HKO open-data design only; no health outcomes joined."
2019-01-21,20,15.8,17.8,0,0,0,2019,1,21,"2019-01",21,2212,"pre_covid",0,0,0,0.0909090909090909,"REAL_PUBLIC_HKO",28,33,12,"Public HKO open-data design only; no health outcomes joined."
2019-01-22,19.1,13.1,16,0,0,0,2019,1,22,"2019-01",22,2213,"pre_covid",0,0,0,0.0454545454545455,"REAL_PUBLIC_HKO",28,33,12,"Public HKO open-data design only; no health outcomes joined."
2019-01-23,19.2,13.7,16.2,0,0,0,2019,1,23,"2019-01",23,2214,"pre_covid",0,0,0,0,"REAL_PUBLIC_HKO",28,33,12,"Public HKO open-data design only; no health outcomes joined."
2019-01-24,19.6,15,16.9,0,0,0,2019,1,24,"2019-01",24,2215,"pre_covid",0,0,0,0,"REAL_PUBLIC_HKO",28,33,12,"Public HKO open-data design only; no health outcomes joined."
2019-01-25,22.2,16.1,18.7,0,0,0,2019,1,25,"2019-01",25,2216,"pre_covid",0,0,0,0,"REAL_PUBLIC_HKO",28,33,12,"Public HKO open-data design only; no health outcomes joined."
2019-01-26,21.2,16.7,18.2,0,0,0,2019,1,26,"2019-01",26,2217,"pre_covid",0,0,0,0,"REAL_PUBLIC_HKO",28,33,12,"Public HKO open-data design only; no health outcomes joined."
2019-01-27,19.4,15.6,16.9,0,0,0,2019,1,27,"2019-01",27,2218,"pre_covid",0,0,0,0,"REAL_PUBLIC_HKO",28,33,12,"Public HKO open-data design only; no health outcomes joined."
2019-01-28,20.3,15.7,17.5,0,0,0,2019,1,28,"2019-01",28,2219,"pre_covid",0,0,0,0,"REAL_PUBLIC_HKO",28,33,12,"Public HKO open-data design only; no health outcomes joined."
2019-01-29,20.5,16.9,18.5,0,0,0,2019,1,29,"2019-01",29,2220,"pre_covid",0,0,0,0,"REAL_PUBLIC_HKO",28,33,12,"Public HKO open-data design only; no health outcomes joined."
2019-01-30,21.6,17.2,19.3,0,0,0,2019,1,30,"2019-01",30,2221,"pre_covid",0,0,0,0,"REAL_PUBLIC_HKO",28,33,12,"Public HKO open-data design only; no health outcomes joined."
2019-01-31,24.5,18.9,21.7,0,0,0,2019,1,31,"2019-01",31,2222,"pre_covid",0,0,0,0,"REAL_PUBLIC_HKO",28,33,12,"Public HKO open-data design only; no health outcomes joined."
2019-02-01,22,17.6,18.8,0,0,0,2019,2,1,"2019-02",32,2223,"pre_covid",0,0,0,0,"REAL_PUBLIC_HKO",28,33,12,"Public HKO open-data design only; no health outcomes joined."
2019-02-02,20.7,16.9,18.6,0,0,0,2019,2,2,"2019-02",33,2224,"pre_covid",0,0,0,0,"REAL_PUBLIC_HKO",28,33,12,"Public HKO open-data design only; no health outcomes joined."
2019-02-03,25.3,19.6,21.8,0,0,0,2019,2,3,"2019-02",34,2225,"pre_covid",0,0,0,0,"REAL_PUBLIC_HKO",28,33,12,"Public HKO open-data design only; no health outcomes joined."
2019-02-04,25.5,19.5,21.7,0,0,0,2019,2,4,"2019-02",35,2226,"pre_covid",0,0,0,0,"REAL_PUBLIC_HKO",28,33,12,"Public HKO open-data design only; no health outcomes joined."
2019-02-05,22.3,18.2,20.1,0,0,0,2019,2,5,"2019-02",36,2227,"pre_covid",0,0,0,0,"REAL_PUBLIC_HKO",28,33,12,"Public HKO open-data design only; no health outcomes joined."
2019-02-06,24.9,20.5,22.1,0,0,0,2019,2,6,"2019-02",37,2228,"pre_covid",0,0,0,0,"REAL_PUBLIC_HKO",28,33,12,"Public HKO open-data design only; no health outcomes joined."
2019-02-07,25.8,21.3,23,0,0,0,2019,2,7,"2019-02",38,2229,"pre_covid",0,0,0,0,"REAL_PUBLIC_HKO",28,33,12,"Public HKO open-data design only; no health outcomes joined."
2019-02-08,25.1,19.7,21.7,0,0,0,2019,2,8,"2019-02",39,2230,"pre_covid",0,0,0,0,"REAL_PUBLIC_HKO",28,33,12,"Public HKO open-data design only; no health outcomes joined."
2019-02-09,20.1,18.4,19.3,0,0,0,2019,2,9,"2019-02",40,2231,"pre_covid",0,0,0,0,"REAL_PUBLIC_HKO",28,33,12,"Public HKO open-data design only; no health outcomes joined."
2019-02-10,18.8,17.4,18,0,0,0,2019,2,10,"2019-02",41,2232,"pre_covid",0,0,0,0,"REAL_PUBLIC_HKO",28,33,12,"Public HKO open-data design only; no health outcomes joined."
2019-02-11,19.4,17.3,18.4,0,0,0,2019,2,11,"2019-02",42,2233,"pre_covid",0,0,0,0,"REAL_PUBLIC_HKO",28,33,12,"Public HKO open-data design only; no health outcomes joined."
2019-02-12,21.9,16.9,19,0,0,0,2019,2,12,"2019-02",43,2234,"pre_covid",0,0,0,0,"REAL_PUBLIC_HKO",28,33,12,"Public HKO open-data design only; no health outcomes joined."
2019-02-13,25.1,19,21.1,0,0,0,2019,2,13,"2019-02",44,2235,"pre_covid",0,0,0,0,"REAL_PUBLIC_HKO",28,33,12,"Public HKO open-data design only; no health outcomes joined."
2019-02-14,23.2,18.5,20.4,0,0,0,2019,2,14,"2019-02",45,2236,"pre_covid",0,0,0,0,"REAL_PUBLIC_HKO",28,33,12,"Public HKO open-data design only; no health outcomes joined."
2019-02-15,22.4,18.8,20.4,0,0,0,2019,2,15,"2019-02",46,2237,"pre_covid",0,0,0,0,"REAL_PUBLIC_HKO",28,33,12,"Public HKO open-data design only; no health outcomes joined."
2019-02-16,26,20.1,22.4,0,0,0,2019,2,16,"2019-02",47,2238,"pre_covid",0,0,0,0,"REAL_PUBLIC_HKO",28,33,12,"Public HKO open-data design only; no health outcomes joined."
2019-02-17,20.2,18,18.8,0,0,0,2019,2,17,"2019-02",48,2239,"pre_covid",0,0,0,0,"REAL_PUBLIC_HKO",28,33,12,"Public HKO open-data design only; no health outcomes joined."
2019-02-18,19.3,16.8,17.9,0,0,0,2019,2,18,"2019-02",49,2240,"pre_covid",0,0,0,0,"REAL_PUBLIC_HKO",28,33,12,"Public HKO open-data design only; no health outcomes joined."
2019-02-19,23.8,18.5,20.3,0,0,0,2019,2,19,"2019-02",50,2241,"pre_covid",0,0,0,0,"REAL_PUBLIC_HKO",28,33,12,"Public HKO open-data design only; no health outcomes joined."
2019-02-20,25.6,20.8,22.6,0,0,0,2019,2,20,"2019-02",51,2242,"pre_covid",0,0,0,0,"REAL_PUBLIC_HKO",28,33,12,"Public HKO open-data design only; no health outcomes joined."
2019-02-21,23.2,20.4,21.4,0,0,0,2019,2,21,"2019-02",52,2243,"pre_covid",0,0,0,0,"REAL_PUBLIC_HKO",28,33,12,"Public HKO open-data design only; no health outcomes joined."
2019-02-22,24.3,18.4,20.4,0,0,0,2019,2,22,"2019-02",53,2244,"pre_covid",0,0,0,0,"REAL_PUBLIC_HKO",28,33,12,"Public HKO open-data design only; no health outcomes joined."
2019-02-23,20.5,15.6,18.1,0,0,0,2019,2,23,"2019-02",54,2245,"pre_covid",0,0,0,0,"REAL_PUBLIC_HKO",28,33,12,"Public HKO open-data design only; no health outcomes joined."
2019-02-24,19.5,14.1,16.9,0,0,0,2019,2,24,"2019-02",55,2246,"pre_covid",0,0,0,0,"REAL_PUBLIC_HKO",28,33,12,"Public HKO open-data design only; no health outcomes joined."
2019-02-25,18.9,16.7,18,0,0,0,2019,2,25,"2019-02",56,2247,"pre_covid",0,0,0,0,"REAL_PUBLIC_HKO",28,33,12,"Public HKO open-data design only; no health outcomes joined."
2019-02-26,19.7,17.6,18.7,0,0,0,2019,2,26,"2019-02",57,2248,"pre_covid",0,0,0,0,"REAL_PUBLIC_HKO",28,33,12,"Public HKO open-data design only; no health outcomes joined."
2019-02-27,23.6,18.6,20.7,0,0,0,2019,2,27,"2019-02",58,2249,"pre_covid",0,0,0,0,"REAL_PUBLIC_HKO",28,33,12,"Public HKO open-data design only; no health outcomes joined."
2019-02-28,26.7,20.6,22.8,0,0,0,2019,2,28,"2019-02",59,2250,"pre_covid",0,0,0,0,"REAL_PUBLIC_HKO",28,33,12,"Public HKO open-data design only; no health outcomes joined."
2019-03-01,22.4,19.6,20.8,0,0,0,2019,3,1,"2019-03",60,2251,"pre_covid",0,0,0,0,"REAL_PUBLIC_HKO",28,33,12,"Public HKO open-data design only; no health outcomes joined."
2019-03-02,23.9,19.9,21.5,0,0,0,2019,3,2,"2019-03",61,2252,"pre_covid",0,0,0,0,"REAL_PUBLIC_HKO",28,33,12,"Public HKO open-data design only; no health outcomes joined."
2019-03-03,23.5,20,21.5,0,0,0,2019,3,3,"2019-03",62,2253,"pre_covid",0,0,0,0,"REAL_PUBLIC_HKO",28,33,12,"Public HKO open-data design only; no health outcomes joined."
2019-03-04,22.6,19.3,20.9,0,0,0,2019,3,4,"2019-03",63,2254,"pre_covid",0,0,0,0,"REAL_PUBLIC_HKO",28,33,12,"Public HKO open-data design only; no health outcomes joined."
2019-03-05,26.7,17.7,22.2,0,0,0,2019,3,5,"2019-03",64,2255,"pre_covid",0,0,0,0,"REAL_PUBLIC_HKO",28,33,12,"Public HKO open-data design only; no health outcomes joined."
2019-03-06,22,19.6,20.5,0,0,0,2019,3,6,"2019-03",65,2256,"pre_covid",0,0,0,0,"REAL_PUBLIC_HKO",28,33,12,"Public HKO open-data design only; no health outcomes joined."
2019-03-07,20.5,15.5,17.9,0,0,0,2019,3,7,"2019-03",66,2257,"pre_covid",0,0,0,0,"REAL_PUBLIC_HKO",28,33,12,"Public HKO open-data design only; no health outcomes joined."
2019-03-08,17.4,15.1,16.5,0,0,0,2019,3,8,"2019-03",67,2258,"pre_covid",0,0,0,0,"REAL_PUBLIC_HKO",28,33,12,"Public HKO open-data design only; no health outcomes joined."
2019-03-09,18.7,17,17.8,0,0,0,2019,3,9,"2019-03",68,2259,"pre_covid",0,0,0,0,"REAL_PUBLIC_HKO",28,33,12,"Public HKO open-data design only; no health outcomes joined."
2019-03-10,18.5,17,17.7,0,0,0,2019,3,10,"2019-03",69,2260,"pre_covid",0,0,0,0,"REAL_PUBLIC_HKO",28,33,12,"Public HKO open-data design only; no health outcomes joined."
2019-03-11,22.6,15.5,18.4,0,0,0,2019,3,11,"2019-03",70,2261,"pre_covid",0,0,0,0,"REAL_PUBLIC_HKO",28,33,12,"Public HKO open-data design only; no health outcomes joined."
2019-03-12,24.2,17.4,20.1,0,0,0,2019,3,12,"2019-03",71,2262,"pre_covid",0,0,0,0,"REAL_PUBLIC_HKO",28,33,12,"Public HKO open-data design only; no health outcomes joined."
2019-03-13,22.9,19.1,20.8,0,0,0,2019,3,13,"2019-03",72,2263,"pre_covid",0,0,0,0,"REAL_PUBLIC_HKO",28,33,12,"Public HKO open-data design only; no health outcomes joined."
2019-03-14,21.5,19.8,20.4,0,0,0,2019,3,14,"2019-03",73,2264,"pre_covid",0,0,0,0,"REAL_PUBLIC_HKO",28,33,12,"Public HKO open-data design only; no health outcomes joined."
2019-03-15,20,17.3,18.7,0,0,0,2019,3,15,"2019-03",74,2265,"pre_covid",0,0,0,0,"REAL_PUBLIC_HKO",28,33,12,"Public HKO open-data design only; no health outcomes joined."
2019-03-16,22.8,18.8,20.2,0,0,0,2019,3,16,"2019-03",75,2266,"pre_covid",0,0,0,0,"REAL_PUBLIC_HKO",28,33,12,"Public HKO open-data design only; no health outcomes joined."
2019-03-17,22.7,19.7,20.9,0,0,0,2019,3,17,"2019-03",76,2267,"pre_covid",0,0,0,0,"REAL_PUBLIC_HKO",28,33,12,"Public HKO open-data design only; no health outcomes joined."
2019-03-18,24.7,19.7,21.7,0,0,0,2019,3,18,"2019-03",77,2268,"pre_covid",0,0,0,0,"REAL_PUBLIC_HKO",28,33,12,"Public HKO open-data design only; no health outcomes joined."
2019-03-19,27.4,20.7,23.4,0,0,0,2019,3,19,"2019-03",78,2269,"pre_covid",0,0,0,0,"REAL_PUBLIC_HKO",28,33,12,"Public HKO open-data design only; no health outcomes joined."
2019-03-20,25,22.1,23.5,0,0,0,2019,3,20,"2019-03",79,2270,"pre_covid",0,0,0,0,"REAL_PUBLIC_HKO",28,33,12,"Public HKO open-data design only; no health outcomes joined."
2019-03-21,27.2,23.4,25.3,0,0,0,2019,3,21,"2019-03",80,2271,"pre_covid",0,0,0,0,"REAL_PUBLIC_HKO",28,33,12,"Public HKO open-data design only; no health outcomes joined."
2019-03-22,27.5,24.8,25.8,0,0,0,2019,3,22,"2019-03",81,2272,"pre_covid",0,0,0,0,"REAL_PUBLIC_HKO",28,33,12,"Public HKO open-data design only; no health outcomes joined."
2019-03-23,25,17.4,20,0,0,0,2019,3,23,"2019-03",82,2273,"pre_covid",0,0,0,0,"REAL_PUBLIC_HKO",28,33,12,"Public HKO open-data design only; no health outcomes joined."
2019-03-24,18.2,16.6,17.5,0,0,0,2019,3,24,"2019-03",83,2274,"pre_covid",0,0,0,0,"REAL_PUBLIC_HKO",28,33,12,"Public HKO open-data design only; no health outcomes joined."
2019-03-25,23.3,17.9,20.5,0,0,0,2019,3,25,"2019-03",84,2275,"pre_covid",0,0,0,0,"REAL_PUBLIC_HKO",28,33,12,"Public HKO open-data design only; no health outcomes joined."
2019-03-26,24.6,20.8,21.9,0,0,0,2019,3,26,"2019-03",85,2276,"pre_covid",0,0,0,0,"REAL_PUBLIC_HKO",28,33,12,"Public HKO open-data design only; no health outcomes joined."
2019-03-27,25.3,20.3,22.3,0,0,0,2019,3,27,"2019-03",86,2277,"pre_covid",0,0,0,0,"REAL_PUBLIC_HKO",28,33,12,"Public HKO open-data design only; no health outcomes joined."
2019-03-28,27.8,22.2,24.4,0,0,0,2019,3,28,"2019-03",87,2278,"pre_covid",0,0,0,0,"REAL_PUBLIC_HKO",28,33,12,"Public HKO open-data design only; no health outcomes joined."
2019-03-29,26.5,23.1,24.4,0,0,0,2019,3,29,"2019-03",88,2279,"pre_covid",0,0,0,0,"REAL_PUBLIC_HKO",28,33,12,"Public HKO open-data design only; no health outcomes joined."
2019-03-30,24,22.5,23.1,0,0,0,2019,3,30,"2019-03",89,2280,"pre_covid",0,0,0,0,"REAL_PUBLIC_HKO",28,33,12,"Public HKO open-data design only; no health outcomes joined."
2019-03-31,22.9,20.2,21.4,0,0,0,2019,3,31,"2019-03",90,2281,"pre_covid",0,0,0,0,"REAL_PUBLIC_HKO",28,33,12,"Public HKO open-data design only; no health outcomes joined."
2019-04-01,21.6,19.7,20.3,0,0,0,2019,4,1,"2019-04",91,2282,"pre_covid",0,0,0,0,"REAL_PUBLIC_HKO",28,33,12,"Public HKO open-data design only; no health outcomes joined."
2019-04-02,23,18.9,20.7,0,0,0,2019,4,2,"2019-04",92,2283,"pre_covid",0,0,0,0,"REAL_PUBLIC_HKO",28,33,12,"Public HKO open-data design only; no health outcomes joined."
2019-04-03,25.7,20.7,22.8,0,0,0,2019,4,3,"2019-04",93,2284,"pre_covid",0,0,0,0,"REAL_PUBLIC_HKO",28,33,12,"Public HKO open-data design only; no health outcomes joined."
2019-04-04,23.8,20.4,21.7,0,0,0,2019,4,4,"2019-04",94,2285,"pre_covid",0,0,0,0,"REAL_PUBLIC_HKO",28,33,12,"Public HKO open-data design only; no health outcomes joined."
2019-04-05,27.4,20.9,24,0,0,0,2019,4,5,"2019-04",95,2286,"pre_covid",0,0,0,0,"REAL_PUBLIC_HKO",28,33,12,"Public HKO open-data design only; no health outcomes joined."
2019-04-06,28.1,22.4,25.1,0,0,0,2019,4,6,"2019-04",96,2287,"pre_covid",0,0,0,0,"REAL_PUBLIC_HKO",28,33,12,"Public HKO open-data design only; no health outcomes joined."
2019-04-07,28,23.7,25.7,0,0,0,2019,4,7,"2019-04",97,2288,"pre_covid",0,0,0,0,"REAL_PUBLIC_HKO",28,33,12,"Public HKO open-data design only; no health outcomes joined."
2019-04-08,29.9,25.1,26.7,0,0,0,2019,4,8,"2019-04",98,2289,"pre_covid",0,0,0,0,"REAL_PUBLIC_HKO",28,33,12,"Public HKO open-data design only; no health outcomes joined."
2019-04-09,28.9,25.5,26.6,0,0,0,2019,4,9,"2019-04",99,2290,"pre_covid",0,0,0,0,"REAL_PUBLIC_HKO",28,33,12,"Public HKO open-data design only; no health outcomes joined."
2019-04-10,30.1,25.3,27.1,0,0,0,2019,4,10,"2019-04",100,2291,"pre_covid",0,0,0,0,"REAL_PUBLIC_HKO",28,33,12,"Public HKO open-data design only; no health outcomes joined."
2019-04-11,29.9,25.3,27.3,0,0,0,2019,4,11,"2019-04",101,2292,"pre_covid",0,0,0,0,"REAL_PUBLIC_HKO",28,33,12,"Public HKO open-data design only; no health outcomes joined."
2019-04-12,25.2,21,22.3,0,0,0,2019,4,12,"2019-04",102,2293,"pre_covid",0,0,0,0,"REAL_PUBLIC_HKO",28,33,12,"Public HKO open-data design only; no health outcomes joined."
2019-04-13,22.3,20.3,21.2,0,0,0,2019,4,13,"2019-04",103,2294,"pre_covid",0,0,0,0,"REAL_PUBLIC_HKO",28,33,12,"Public HKO open-data design only; no health outcomes joined."
2019-04-14,24.4,21.9,22.7,0,0,0,2019,4,14,"2019-04",104,2295,"pre_covid",0,0,0,0,"REAL_PUBLIC_HKO",28,33,12,"Public HKO open-data design only; no health outcomes joined."
2019-04-15,23.1,20.9,22.1,0,0,0,2019,4,15,"2019-04",105,2296,"pre_covid",0,0,0,0,"REAL_PUBLIC_HKO",28,33,12,"Public HKO open-data design only; no health outcomes joined."
2019-04-16,23.6,19.5,21.2,0,0,0,2019,4,16,"2019-04",106,2297,"pre_covid",0,0,0,0,"REAL_PUBLIC_HKO",28,33,12,"Public HKO open-data design only; no health outcomes joined."
2019-04-17,26.1,21.5,23.5,0,0,0,2019,4,17,"2019-04",107,2298,"pre_covid",0,0,0,0,"REAL_PUBLIC_HKO",28,33,12,"Public HKO open-data design only; no health outcomes joined."
2019-04-18,25,23,24,0,0,0,2019,4,18,"2019-04",108,2299,"pre_covid",0,0,0,0,"REAL_PUBLIC_HKO",28,33,12,"Public HKO open-data design only; no health outcomes joined."
2019-04-19,28.6,21.3,23.7,0,0,0,2019,4,19,"2019-04",109,2300,"pre_covid",0,0,0,0,"REAL_PUBLIC_HKO",28,33,12,"Public HKO open-data design only; no health outcomes joined."
2019-04-20,26.2,21.9,23.3,0,0,0,2019,4,20,"2019-04",110,2301,"pre_covid",0,0,0,0,"REAL_PUBLIC_HKO",28,33,12,"Public HKO open-data design only; no health outcomes joined."
2019-04-21,30.1,23.2,26.2,0,0,0,2019,4,21,"2019-04",111,2302,"pre_covid",0,0,0,0,"REAL_PUBLIC_HKO",28,33,12,"Public HKO open-data design only; no health outcomes joined."
2019-04-22,30.1,25.6,27.5,0,0,0,2019,4,22,"2019-04",112,2303,"pre_covid",0,0,0,0,"REAL_PUBLIC_HKO",28,33,12,"Public HKO open-data design only; no health outcomes joined."
2019-04-23,31,26,28,0,0,0,2019,4,23,"2019-04",113,2304,"pre_covid",0,0,0,0,"REAL_PUBLIC_HKO",28,33,12,"Public HKO open-data design only; no health outcomes joined."
2019-04-24,31.2,26.2,28,0,0,0,2019,4,24,"2019-04",114,2305,"pre_covid",0,0,0,0,"REAL_PUBLIC_HKO",28,33,12,"Public HKO open-data design only; no health outcomes joined."
2019-04-25,31.1,26.4,28.5,0,0,0,2019,4,25,"2019-04",115,2306,"pre_covid",0,0,0,0,"REAL_PUBLIC_HKO",28,33,12,"Public HKO open-data design only; no health outcomes joined."
2019-04-26,31.5,26.2,28.4,0,0,0,2019,4,26,"2019-04",116,2307,"pre_covid",0,0,0,0,"REAL_PUBLIC_HKO",28,33,12,"Public HKO open-data design only; no health outcomes joined."
2019-04-27,26.4,22.3,24.9,0,0,0,2019,4,27,"2019-04",117,2308,"pre_covid",0,0,0,0,"REAL_PUBLIC_HKO",28,33,12,"Public HKO open-data design only; no health outcomes joined."
2019-04-28,26.9,22.7,24.3,0,0,0,2019,4,28,"2019-04",118,2309,"pre_covid",0,0,0,0,"REAL_PUBLIC_HKO",28,33,12,"Public HKO open-data design only; no health outcomes joined."
2019-04-29,29.2,24.7,26.4,0,0,0,2019,4,29,"2019-04",119,2310,"pre_covid",0,0,0,0,"REAL_PUBLIC_HKO",28,33,12,"Public HKO open-data design only; no health outcomes joined."
2019-04-30,28.8,25.3,26.7,0,0,0,2019,4,30,"2019-04",120,2311,"pre_covid",0,0,0,0,"REAL_PUBLIC_HKO",28,33,12,"Public HKO open-data design only; no health outcomes joined."
2019-05-01,27.1,23.8,25.4,0,0,0,2019,5,1,"2019-05",121,2312,"pre_covid",0,0,0,0,"REAL_PUBLIC_HKO",28,33,12,"Public HKO open-data design only; no health outcomes joined."
2019-05-02,24.4,21.7,23,0,0,0,2019,5,2,"2019-05",122,2313,"pre_covid",0,0,0,0,"REAL_PUBLIC_HKO",28,33,12,"Public HKO open-data design only; no health outcomes joined."
2019-05-03,24,19.3,21.8,0,0,0,2019,5,3,"2019-05",123,2314,"pre_covid",0,0,0,0,"REAL_PUBLIC_HKO",28,33,12,"Public HKO open-data design only; no health outcomes joined."
2019-05-04,23.6,21,22.6,0,0,0,2019,5,4,"2019-05",124,2315,"pre_covid",0,0,0,0,"REAL_PUBLIC_HKO",28,33,12,"Public HKO open-data design only; no health outcomes joined."
2019-05-05,22.3,20.9,21.7,0,0,0,2019,5,5,"2019-05",125,2316,"pre_covid",0,0,0,0,"REAL_PUBLIC_HKO",28,33,12,"Public HKO open-data design only; no health outcomes joined."
2019-05-06,22.8,20,21.8,0,0,0,2019,5,6,"2019-05",126,2317,"pre_covid",0,0,0,0,"REAL_PUBLIC_HKO",28,33,12,"Public HKO open-data design only; no health outcomes joined."
2019-05-07,21.4,18.9,20.5,0,0,0,2019,5,7,"2019-05",127,2318,"pre_covid",0,0,0,0,"REAL_PUBLIC_HKO",28,33,12,"Public HKO open-data design only; no health outcomes joined."
2019-05-08,21.2,19.8,20.4,0,0,0,2019,5,8,"2019-05",128,2319,"pre_covid",0,0,0,0,"REAL_PUBLIC_HKO",28,33,12,"Public HKO open-data design only; no health outcomes joined."
2019-05-09,26.3,20.2,22.7,0,0,0,2019,5,9,"2019-05",129,2320,"pre_covid",0,0,0,0,"REAL_PUBLIC_HKO",28,33,12,"Public HKO open-data design only; no health outcomes joined."
2019-05-10,26.7,22.7,23.9,0,0,0,2019,5,10,"2019-05",130,2321,"pre_covid",0,0,0,0,"REAL_PUBLIC_HKO",28,33,12,"Public HKO open-data design only; no health outcomes joined."
2019-05-11,28.9,22.8,25.3,0,0,0,2019,5,11,"2019-05",131,2322,"pre_covid",0,0,0,0,"REAL_PUBLIC_HKO",28,33,12,"Public HKO open-data design only; no health outcomes joined."
2019-05-12,28.9,23.5,25.5,0,0,0,2019,5,12,"2019-05",132,2323,"pre_covid",0,0,0,0,"REAL_PUBLIC_HKO",28,33,12,"Public HKO open-data design only; no health outcomes joined."
2019-05-13,26.3,23.9,25.1,0,0,0,2019,5,13,"2019-05",133,2324,"pre_covid",0,0,0,0,"REAL_PUBLIC_HKO",28,33,12,"Public HKO open-data design only; no health outcomes joined."
2019-05-14,31.1,25.2,27.5,0,0,0,2019,5,14,"2019-05",134,2325,"pre_covid",0,0,0,0,"REAL_PUBLIC_HKO",28,33,12,"Public HKO open-data design only; no health outcomes joined."
2019-05-15,30.9,26.4,28.5,0,0,0,2019,5,15,"2019-05",135,2326,"pre_covid",0,0,0,0,"REAL_PUBLIC_HKO",28,33,12,"Public HKO open-data design only; no health outcomes joined."
2019-05-16,31.5,27.8,29.2,0,0,0,2019,5,16,"2019-05",136,2327,"pre_covid",0,0,0,0,"REAL_PUBLIC_HKO",28,33,12,"Public HKO open-data design only; no health outcomes joined."
2019-05-17,31.6,28.4,29.6,1,0,0,2019,5,17,"2019-05",137,2328,"pre_covid",1,0,0.166666666666667,0,"REAL_PUBLIC_HKO",28,33,12,"Public HKO open-data design only; no health outcomes joined."
2019-05-18,32.3,28.5,30,1,0,0,2019,5,18,"2019-05",138,2329,"pre_covid",1,0,0.333333333333333,0,"REAL_PUBLIC_HKO",28,33,12,"Public HKO open-data design only; no health outcomes joined."
2019-05-19,32.3,29.2,30.2,1,0,0,2019,5,19,"2019-05",139,2330,"pre_covid",1,0,0.5,0,"REAL_PUBLIC_HKO",28,33,12,"Public HKO open-data design only; no health outcomes joined."
2019-05-20,32,25,29.1,0,0,0,2019,5,20,"2019-05",140,2331,"pre_covid",0,0,0.5,0,"REAL_PUBLIC_HKO",28,33,12,"Public HKO open-data design only; no health outcomes joined."
2019-05-21,26.5,22.6,25,0,0,0,2019,5,21,"2019-05",141,2332,"pre_covid",0,0,0.5,0,"REAL_PUBLIC_HKO",28,33,12,"Public HKO open-data design only; no health outcomes joined."
2019-05-22,28.3,22.6,25.3,0,0,0,2019,5,22,"2019-05",142,2333,"pre_covid",0,0,0.5,0,"REAL_PUBLIC_HKO",28,33,12,"Public HKO open-data design only; no health outcomes joined."
2019-05-23,26.8,24.7,25.9,0,0,0,2019,5,23,"2019-05",143,2334,"pre_covid",0,0,0.333333333333333,0,"REAL_PUBLIC_HKO",28,33,12,"Public HKO open-data design only; no health outcomes joined."
2019-05-24,25.8,23.8,24.8,0,0,0,2019,5,24,"2019-05",144,2335,"pre_covid",0,0,0.166666666666667,0,"REAL_PUBLIC_HKO",28,33,12,"Public HKO open-data design only; no health outcomes joined."
2019-05-25,28.9,25.1,26.7,0,0,0,2019,5,25,"2019-05",145,2336,"pre_covid",0,0,0,0,"REAL_PUBLIC_HKO",28,33,12,"Public HKO open-data design only; no health outcomes joined."
2019-05-26,28.1,24.7,26.5,0,0,0,2019,5,26,"2019-05",146,2337,"pre_covid",0,0,0,0,"REAL_PUBLIC_HKO",28,33,12,"Public HKO open-data design only; no health outcomes joined."
2019-05-27,28,25.4,26.5,0,0,0,2019,5,27,"2019-05",147,2338,"pre_covid",0,0,0,0,"REAL_PUBLIC_HKO",28,33,12,"Public HKO open-data design only; no health outcomes joined."
2019-05-28,27.7,23.9,25.9,0,0,0,2019,5,28,"2019-05",148,2339,"pre_covid",0,0,0,0,"REAL_PUBLIC_HKO",28,33,12,"Public HKO open-data design only; no health outcomes joined."
2019-05-29,25.7,23.4,24.7,0,0,0,2019,5,29,"2019-05",149,2340,"pre_covid",0,0,0,0,"REAL_PUBLIC_HKO",28,33,12,"Public HKO open-data design only; no health outcomes joined."
2019-05-30,25.9,23.2,24.4,0,0,0,2019,5,30,"2019-05",150,2341,"pre_covid",0,0,0,0,"REAL_PUBLIC_HKO",28,33,12,"Public HKO open-data design only; no health outcomes joined."
2019-05-31,26.7,25,25.7,0,0,0,2019,5,31,"2019-05",151,2342,"pre_covid",0,0,0,0,"REAL_PUBLIC_HKO",28,33,12,"Public HKO open-data design only; no health outcomes joined."
2019-06-01,30.6,24.9,27.2,0,0,0,2019,6,1,"2019-06",152,2343,"pre_covid",0,0,0,0,"REAL_PUBLIC_HKO",28,33,12,"Public HKO open-data design only; no health outcomes joined."
2019-06-02,31.2,25.4,27.2,0,0,0,2019,6,2,"2019-06",153,2344,"pre_covid",0,0,0,0,"REAL_PUBLIC_HKO",28,33,12,"Public HKO open-data design only; no health outcomes joined."
2019-06-03,30.2,25.3,27.5,0,0,0,2019,6,3,"2019-06",154,2345,"pre_covid",0,0,0,0,"REAL_PUBLIC_HKO",28,33,12,"Public HKO open-data design only; no health outcomes joined."
2019-06-04,31.1,25.9,28,0,0,0,2019,6,4,"2019-06",155,2346,"pre_covid",0,0,0,0,"REAL_PUBLIC_HKO",28,33,12,"Public HKO open-data design only; no health outcomes joined."
2019-06-05,32.6,27.4,29.4,0,0,0,2019,6,5,"2019-06",156,2347,"pre_covid",0,0,0,0,"REAL_PUBLIC_HKO",28,33,12,"Public HKO open-data design only; no health outcomes joined."
2019-06-06,33,28.5,30.2,1,1,0,2019,6,6,"2019-06",157,2348,"pre_covid",1,0,0.166666666666667,0,"REAL_PUBLIC_HKO",28,33,12,"Public HKO open-data design only; no health outcomes joined."
2019-06-07,33.2,28.6,30.1,1,1,0,2019,6,7,"2019-06",158,2349,"pre_covid",1,0,0.333333333333333,0,"REAL_PUBLIC_HKO",28,33,12,"Public HKO open-data design only; no health outcomes joined."
2019-06-08,32.4,28.2,30.1,1,0,0,2019,6,8,"2019-06",159,2350,"pre_covid",1,0,0.5,0,"REAL_PUBLIC_HKO",28,33,12,"Public HKO open-data design only; no health outcomes joined."
2019-06-09,32.3,28.4,30.1,1,0,0,2019,6,9,"2019-06",160,2351,"pre_covid",1,0,0.666666666666667,0,"REAL_PUBLIC_HKO",28,33,12,"Public HKO open-data design only; no health outcomes joined."
2019-06-10,31.7,25.8,29.5,0,0,0,2019,6,10,"2019-06",161,2352,"pre_covid",0,0,0.666666666666667,0,"REAL_PUBLIC_HKO",28,33,12,"Public HKO open-data design only; no health outcomes joined."
2019-06-11,29.4,24.6,27.5,0,0,0,2019,6,11,"2019-06",162,2353,"pre_covid",0,0,0.666666666666667,0,"REAL_PUBLIC_HKO",28,33,12,"Public HKO open-data design only; no health outcomes joined."
2019-06-12,29.6,26.5,27.5,0,0,0,2019,6,12,"2019-06",163,2354,"pre_covid",0,0,0.5,0,"REAL_PUBLIC_HKO",28,33,12,"Public HKO open-data design only; no health outcomes joined."
2019-06-13,30.7,25.5,27.7,0,0,0,2019,6,13,"2019-06",164,2355,"pre_covid",0,0,0.333333333333333,0,"REAL_PUBLIC_HKO",28,33,12,"Public HKO open-data design only; no health outcomes joined."
2019-06-14,31.6,25.4,28.4,0,0,0,2019,6,14,"2019-06",165,2356,"pre_covid",0,0,0.166666666666667,0,"REAL_PUBLIC_HKO",28,33,12,"Public HKO open-data design only; no health outcomes joined."
2019-06-15,31.4,26.4,28.6,0,0,0,2019,6,15,"2019-06",166,2357,"pre_covid",0,0,0,0,"REAL_PUBLIC_HKO",28,33,12,"Public HKO open-data design only; no health outcomes joined."
2019-06-16,30.1,26.8,27.9,0,0,0,2019,6,16,"2019-06",167,2358,"pre_covid",0,0,0,0,"REAL_PUBLIC_HKO",28,33,12,"Public HKO open-data design only; no health outcomes joined."
2019-06-17,28.7,26.8,27.6,0,0,0,2019,6,17,"2019-06",168,2359,"pre_covid",0,0,0,0,"REAL_PUBLIC_HKO",28,33,12,"Public HKO open-data design only; no health outcomes joined."
2019-06-18,30,27.5,28.6,0,0,0,2019,6,18,"2019-06",169,2360,"pre_covid",0,0,0,0,"REAL_PUBLIC_HKO",28,33,12,"Public HKO open-data design only; no health outcomes joined."
2019-06-19,31.7,26.5,28.9,0,0,0,2019,6,19,"2019-06",170,2361,"pre_covid",0,0,0,0,"REAL_PUBLIC_HKO",28,33,12,"Public HKO open-data design only; no health outcomes joined."
2019-06-20,32.5,28.2,30.1,1,0,0,2019,6,20,"2019-06",171,2362,"pre_covid",1,0,0.166666666666667,0,"REAL_PUBLIC_HKO",28,33,12,"Public HKO open-data design only; no health outcomes joined."
2019-06-21,32.8,29.5,30.8,1,0,0,2019,6,21,"2019-06",172,2363,"pre_covid",1,0,0.333333333333333,0,"REAL_PUBLIC_HKO",28,33,12,"Public HKO open-data design only; no health outcomes joined."
2019-06-22,33,28.7,30.7,1,1,0,2019,6,22,"2019-06",173,2364,"pre_covid",1,0,0.5,0,"REAL_PUBLIC_HKO",28,33,12,"Public HKO open-data design only; no health outcomes joined."
2019-06-23,32.2,29.1,30.3,1,0,0,2019,6,23,"2019-06",174,2365,"pre_covid",1,0,0.666666666666667,0,"REAL_PUBLIC_HKO",28,33,12,"Public HKO open-data design only; no health outcomes joined."
2019-06-24,30.6,24.7,29.1,0,0,0,2019,6,24,"2019-06",175,2366,"pre_covid",0,0,0.666666666666667,0,"REAL_PUBLIC_HKO",28,33,12,"Public HKO open-data design only; no health outcomes joined."
2019-06-25,29.7,24.8,27.2,0,0,0,2019,6,25,"2019-06",176,2367,"pre_covid",0,0,0.666666666666667,0,"REAL_PUBLIC_HKO",28,33,12,"Public HKO open-data design only; no health outcomes joined."
2019-06-26,31.4,26.1,28.6,0,0,0,2019,6,26,"2019-06",177,2368,"pre_covid",0,0,0.5,0,"REAL_PUBLIC_HKO",28,33,12,"Public HKO open-data design only; no health outcomes joined."
2019-06-27,32.5,28.3,30.2,1,0,0,2019,6,27,"2019-06",178,2369,"pre_covid",1,0,0.5,0,"REAL_PUBLIC_HKO",28,33,12,"Public HKO open-data design only; no health outcomes joined."
2019-06-28,32.7,29.3,30.5,1,0,0,2019,6,28,"2019-06",179,2370,"pre_covid",1,0,0.5,0,"REAL_PUBLIC_HKO",28,33,12,"Public HKO open-data design only; no health outcomes joined."
2019-06-29,33.3,29.5,31,1,1,0,2019,6,29,"2019-06",180,2371,"pre_covid",1,0,0.5,0,"REAL_PUBLIC_HKO",28,33,12,"Public HKO open-data design only; no health outcomes joined."
2019-06-30,33,26.9,29.5,0,1,0,2019,6,30,"2019-06",181,2372,"pre_covid",0,0,0.5,0,"REAL_PUBLIC_HKO",28,33,12,"Public HKO open-data design only; no health outcomes joined."
2019-07-01,33.2,26.8,30,0,1,0,2019,7,1,"2019-07",182,2373,"pre_covid",0,0,0.5,0,"REAL_PUBLIC_HKO",28,33,12,"Public HKO open-data design only; no health outcomes joined."
2019-07-02,31.1,26.3,28.9,0,0,0,2019,7,2,"2019-07",183,2374,"pre_covid",0,0,0.5,0,"REAL_PUBLIC_HKO",28,33,12,"Public HKO open-data design only; no health outcomes joined."
2019-07-03,28.7,25.5,26.6,0,0,0,2019,7,3,"2019-07",184,2375,"pre_covid",0,0,0.333333333333333,0,"REAL_PUBLIC_HKO",28,33,12,"Public HKO open-data design only; no health outcomes joined."
2019-07-04,32.3,27,29.1,0,0,0,2019,7,4,"2019-07",185,2376,"pre_covid",0,0,0.166666666666667,0,"REAL_PUBLIC_HKO",28,33,12,"Public HKO open-data design only; no health outcomes joined."
2019-07-05,32,26.8,29.5,0,0,0,2019,7,5,"2019-07",186,2377,"pre_covid",0,0,0,0,"REAL_PUBLIC_HKO",28,33,12,"Public HKO open-data design only; no health outcomes joined."
2019-07-06,31.6,27.9,29.8,0,0,0,2019,7,6,"2019-07",187,2378,"pre_covid",0,0,0,0,"REAL_PUBLIC_HKO",28,33,12,"Public HKO open-data design only; no health outcomes joined."
2019-07-07,31.4,28.9,29.7,1,0,0,2019,7,7,"2019-07",188,2379,"pre_covid",1,0,0.166666666666667,0,"REAL_PUBLIC_HKO",28,33,12,"Public HKO open-data design only; no health outcomes joined."
2019-07-08,32.3,29.1,30.1,1,0,0,2019,7,8,"2019-07",189,2380,"pre_covid",1,0,0.333333333333333,0,"REAL_PUBLIC_HKO",28,33,12,"Public HKO open-data design only; no health outcomes joined."
2019-07-09,31.7,28.7,30,1,0,0,2019,7,9,"2019-07",190,2381,"pre_covid",1,0,0.5,0,"REAL_PUBLIC_HKO",28,33,12,"Public HKO open-data design only; no health outcomes joined."
2019-07-10,30.2,26.5,28.6,0,0,0,2019,7,10,"2019-07",191,2382,"pre_covid",0,0,0.5,0,"REAL_PUBLIC_HKO",28,33,12,"Public HKO open-data design only; no health outcomes joined."
2019-07-11,30.9,27.5,28.8,0,0,0,2019,7,11,"2019-07",192,2383,"pre_covid",0,0,0.5,0,"REAL_PUBLIC_HKO",28,33,12,"Public HKO open-data design only; no health outcomes joined."
2019-07-12,32.3,28.1,29.9,1,0,0,2019,7,12,"2019-07",193,2384,"pre_covid",1,0,0.666666666666667,0,"REAL_PUBLIC_HKO",28,33,12,"Public HKO open-data design only; no health outcomes joined."
2019-07-13,32.2,29.2,30.1,1,0,0,2019,7,13,"2019-07",194,2385,"pre_covid",1,0,0.666666666666667,0,"REAL_PUBLIC_HKO",28,33,12,"Public HKO open-data design only; no health outcomes joined."
2019-07-14,32.3,29.2,30.1,1,0,0,2019,7,14,"2019-07",195,2386,"pre_covid",1,0,0.666666666666667,0,"REAL_PUBLIC_HKO",28,33,12,"Public HKO open-data design only; no health outcomes joined."
2019-07-15,33.7,28.7,30.4,1,1,0,2019,7,15,"2019-07",196,2387,"pre_covid",1,0,0.666666666666667,0,"REAL_PUBLIC_HKO",28,33,12,"Public HKO open-data design only; no health outcomes joined."
2019-07-16,33.4,28.4,30.3,1,1,0,2019,7,16,"2019-07",197,2388,"pre_covid",1,0,0.833333333333333,0,"REAL_PUBLIC_HKO",28,33,12,"Public HKO open-data design only; no health outcomes joined."
2019-07-17,33.1,28.3,30.5,1,1,0,2019,7,17,"2019-07",198,2389,"pre_covid",1,0,1,0,"REAL_PUBLIC_HKO",28,33,12,"Public HKO open-data design only; no health outcomes joined."
2019-07-18,35,29.6,31.3,1,1,0,2019,7,18,"2019-07",199,2390,"pre_covid",1,0,1,0,"REAL_PUBLIC_HKO",28,33,12,"Public HKO open-data design only; no health outcomes joined."
2019-07-19,32.8,26.9,29.5,0,0,0,2019,7,19,"2019-07",200,2391,"pre_covid",0,0,0.833333333333333,0,"REAL_PUBLIC_HKO",28,33,12,"Public HKO open-data design only; no health outcomes joined."
2019-07-20,31.9,26.6,28.6,0,0,0,2019,7,20,"2019-07",201,2392,"pre_covid",0,0,0.666666666666667,0,"REAL_PUBLIC_HKO",28,33,12,"Public HKO open-data design only; no health outcomes joined."
2019-07-21,31.5,27.3,29.3,0,0,0,2019,7,21,"2019-07",202,2393,"pre_covid",0,0,0.5,0,"REAL_PUBLIC_HKO",28,33,12,"Public HKO open-data design only; no health outcomes joined."
2019-07-22,31.5,27.1,29.2,0,0,0,2019,7,22,"2019-07",203,2394,"pre_covid",0,0,0.333333333333333,0,"REAL_PUBLIC_HKO",28,33,12,"Public HKO open-data design only; no health outcomes joined."
2019-07-23,32.7,27.2,29.5,0,0,0,2019,7,23,"2019-07",204,2395,"pre_covid",0,0,0.166666666666667,0,"REAL_PUBLIC_HKO",28,33,12,"Public HKO open-data design only; no health outcomes joined."
2019-07-24,33.1,28.4,30,1,1,0,2019,7,24,"2019-07",205,2396,"pre_covid",1,0,0.166666666666667,0,"REAL_PUBLIC_HKO",28,33,12,"Public HKO open-data design only; no health outcomes joined."
2019-07-25,32.6,28.3,30.1,1,0,0,2019,7,25,"2019-07",206,2397,"pre_covid",1,0,0.333333333333333,0,"REAL_PUBLIC_HKO",28,33,12,"Public HKO open-data design only; no health outcomes joined."
2019-07-26,33.5,28.8,30.7,1,1,0,2019,7,26,"2019-07",207,2398,"pre_covid",1,0,0.5,0,"REAL_PUBLIC_HKO",28,33,12,"Public HKO open-data design only; no health outcomes joined."
2019-07-27,33.3,29,30.6,1,1,0,2019,7,27,"2019-07",208,2399,"pre_covid",1,0,0.666666666666667,0,"REAL_PUBLIC_HKO",28,33,12,"Public HKO open-data design only; no health outcomes joined."
2019-07-28,32.3,28,29.6,1,0,0,2019,7,28,"2019-07",209,2400,"pre_covid",1,0,0.833333333333333,0,"REAL_PUBLIC_HKO",28,33,12,"Public HKO open-data design only; no health outcomes joined."
2019-07-29,31.4,27.4,28.8,0,0,0,2019,7,29,"2019-07",210,2401,"pre_covid",0,0,0.833333333333333,0,"REAL_PUBLIC_HKO",28,33,12,"Public HKO open-data design only; no health outcomes joined."
2019-07-30,31.5,26.7,28.9,0,0,0,2019,7,30,"2019-07",211,2402,"pre_covid",0,0,0.666666666666667,0,"REAL_PUBLIC_HKO",28,33,12,"Public HKO open-data design only; no health outcomes joined."
2019-07-31,28.1,24.5,26.2,0,0,0,2019,7,31,"2019-07",212,2403,"pre_covid",0,0,0.5,0,"REAL_PUBLIC_HKO",28,33,12,"Public HKO open-data design only; no health outcomes joined."
2019-08-01,27.6,24.9,26.4,0,0,0,2019,8,1,"2019-08",213,2404,"pre_covid",0,0,0.333333333333333,0,"REAL_PUBLIC_HKO",28,33,12,"Public HKO open-data design only; no health outcomes joined."
2019-08-02,28.5,25.4,27,0,0,0,2019,8,2,"2019-08",214,2405,"pre_covid",0,0,0.166666666666667,0,"REAL_PUBLIC_HKO",28,33,12,"Public HKO open-data design only; no health outcomes joined."
2019-08-03,27.5,25.3,26.7,0,0,0,2019,8,3,"2019-08",215,2406,"pre_covid",0,0,0,0,"REAL_PUBLIC_HKO",28,33,12,"Public HKO open-data design only; no health outcomes joined."
2019-08-04,30.2,26.9,27.9,0,0,0,2019,8,4,"2019-08",216,2407,"pre_covid",0,0,0,0,"REAL_PUBLIC_HKO",28,33,12,"Public HKO open-data design only; no health outcomes joined."
2019-08-05,34.5,26.5,29.7,0,1,0,2019,8,5,"2019-08",217,2408,"pre_covid",0,0,0,0,"REAL_PUBLIC_HKO",28,33,12,"Public HKO open-data design only; no health outcomes joined."
2019-08-06,32.2,28.7,29.8,1,0,0,2019,8,6,"2019-08",218,2409,"pre_covid",1,0,0.166666666666667,0,"REAL_PUBLIC_HKO",28,33,12,"Public HKO open-data design only; no health outcomes joined."
2019-08-07,33.6,28,30.1,1,1,0,2019,8,7,"2019-08",219,2410,"pre_covid",1,0,0.333333333333333,0,"REAL_PUBLIC_HKO",28,33,12,"Public HKO open-data design only; no health outcomes joined."
2019-08-08,33.5,27.7,30.4,0,1,0,2019,8,8,"2019-08",220,2411,"pre_covid",0,0,0.333333333333333,0,"REAL_PUBLIC_HKO",28,33,12,"Public HKO open-data design only; no health outcomes joined."
2019-08-09,35.1,28.1,31.3,1,1,0,2019,8,9,"2019-08",221,2412,"pre_covid",1,0,0.5,0,"REAL_PUBLIC_HKO",28,33,12,"Public HKO open-data design only; no health outcomes joined."
2019-08-10,33.2,29.4,30.6,1,1,0,2019,8,10,"2019-08",222,2413,"pre_covid",1,0,0.666666666666667,0,"REAL_PUBLIC_HKO",28,33,12,"Public HKO open-data design only; no health outcomes joined."
2019-08-11,32.7,29.2,30.4,1,0,0,2019,8,11,"2019-08",223,2414,"pre_covid",1,0,0.833333333333333,0,"REAL_PUBLIC_HKO",28,33,12,"Public HKO open-data design only; no health outcomes joined."
2019-08-12,34,29.2,30.8,1,1,0,2019,8,12,"2019-08",224,2415,"pre_covid",1,0,0.833333333333333,0,"REAL_PUBLIC_HKO",28,33,12,"Public HKO open-data design only; no health outcomes joined."
2019-08-13,33.3,28.8,30.8,1,1,0,2019,8,13,"2019-08",225,2416,"pre_covid",1,0,0.833333333333333,0,"REAL_PUBLIC_HKO",28,33,12,"Public HKO open-data design only; no health outcomes joined."
2019-08-14,33.4,25.2,30,0,1,0,2019,8,14,"2019-08",226,2417,"pre_covid",0,0,0.833333333333333,0,"REAL_PUBLIC_HKO",28,33,12,"Public HKO open-data design only; no health outcomes joined."
2019-08-15,32.4,26.5,30,0,0,0,2019,8,15,"2019-08",227,2418,"pre_covid",0,0,0.666666666666667,0,"REAL_PUBLIC_HKO",28,33,12,"Public HKO open-data design only; no health outcomes joined."
2019-08-16,32,27.6,30,0,0,0,2019,8,16,"2019-08",228,2419,"pre_covid",0,0,0.5,0,"REAL_PUBLIC_HKO",28,33,12,"Public HKO open-data design only; no health outcomes joined."
2019-08-17,30.1,25.9,28,0,0,0,2019,8,17,"2019-08",229,2420,"pre_covid",0,0,0.333333333333333,0,"REAL_PUBLIC_HKO",28,33,12,"Public HKO open-data design only; no health outcomes joined."
2019-08-18,31.6,25,27.8,0,0,0,2019,8,18,"2019-08",230,2421,"pre_covid",0,0,0.166666666666667,0,"REAL_PUBLIC_HKO",28,33,12,"Public HKO open-data design only; no health outcomes joined."
2019-08-19,31.8,26.8,28.8,0,0,0,2019,8,19,"2019-08",231,2422,"pre_covid",0,0,0,0,"REAL_PUBLIC_HKO",28,33,12,"Public HKO open-data design only; no health outcomes joined."
2019-08-20,31.7,28,29.1,1,0,0,2019,8,20,"2019-08",232,2423,"pre_covid",1,0,0.166666666666667,0,"REAL_PUBLIC_HKO",28,33,12,"Public HKO open-data design only; no health outcomes joined."
2019-08-21,32.8,27.6,29.5,0,0,0,2019,8,21,"2019-08",233,2424,"pre_covid",0,0,0.166666666666667,0,"REAL_PUBLIC_HKO",28,33,12,"Public HKO open-data design only; no health outcomes joined."
2019-08-22,33,27.5,29.7,0,1,0,2019,8,22,"2019-08",234,2425,"pre_covid",0,0,0.166666666666667,0,"REAL_PUBLIC_HKO",28,33,12,"Public HKO open-data design only; no health outcomes joined."
2019-08-23,31.4,28.2,29.4,1,0,0,2019,8,23,"2019-08",235,2426,"pre_covid",1,0,0.333333333333333,0,"REAL_PUBLIC_HKO",28,33,12,"Public HKO open-data design only; no health outcomes joined."
2019-08-24,33.9,27.7,30.9,0,1,0,2019,8,24,"2019-08",236,2427,"pre_covid",0,0,0.333333333333333,0,"REAL_PUBLIC_HKO",28,33,12,"Public HKO open-data design only; no health outcomes joined."
2019-08-25,32.6,25.1,27.2,0,0,0,2019,8,25,"2019-08",237,2428,"pre_covid",0,0,0.333333333333333,0,"REAL_PUBLIC_HKO",28,33,12,"Public HKO open-data design only; no health outcomes joined."
2019-08-26,28.7,22.9,25.7,0,0,0,2019,8,26,"2019-08",238,2429,"pre_covid",0,0,0.166666666666667,0,"REAL_PUBLIC_HKO",28,33,12,"Public HKO open-data design only; no health outcomes joined."
2019-08-27,31.4,26.9,28.6,0,0,0,2019,8,27,"2019-08",239,2430,"pre_covid",0,0,0.166666666666667,0,"REAL_PUBLIC_HKO",28,33,12,"Public HKO open-data design only; no health outcomes joined."
2019-08-28,33.8,27.2,29.9,0,1,0,2019,8,28,"2019-08",240,2431,"pre_covid",0,0,0.166666666666667,0,"REAL_PUBLIC_HKO",28,33,12,"Public HKO open-data design only; no health outcomes joined."
2019-08-29,30.7,27.8,29,0,0,0,2019,8,29,"2019-08",241,2432,"pre_covid",0,0,0,0,"REAL_PUBLIC_HKO",28,33,12,"Public HKO open-data design only; no health outcomes joined."
2019-08-30,30.1,25,27.7,0,0,0,2019,8,30,"2019-08",242,2433,"pre_covid",0,0,0,0,"REAL_PUBLIC_HKO",28,33,12,"Public HKO open-data design only; no health outcomes joined."
2019-08-31,30.3,25,26.9,0,0,0,2019,8,31,"2019-08",243,2434,"pre_covid",0,0,0,0,"REAL_PUBLIC_HKO",28,33,12,"Public HKO open-data design only; no health outcomes joined."
2019-09-01,31,26.2,28.2,0,0,0,2019,9,1,"2019-09",244,2435,"pre_covid",0,0,0,0,"REAL_PUBLIC_HKO",28,33,12,"Public HKO open-data design only; no health outcomes joined."
2019-09-02,28.1,25.2,26.9,0,0,0,2019,9,2,"2019-09",245,2436,"pre_covid",0,0,0,0,"REAL_PUBLIC_HKO",28,33,12,"Public HKO open-data design only; no health outcomes joined."
2019-09-03,30.9,26.2,28.4,0,0,0,2019,9,3,"2019-09",246,2437,"pre_covid",0,0,0,0,"REAL_PUBLIC_HKO",28,33,12,"Public HKO open-data design only; no health outcomes joined."
2019-09-04,28.3,25.5,26.8,0,0,0,2019,9,4,"2019-09",247,2438,"pre_covid",0,0,0,0,"REAL_PUBLIC_HKO",28,33,12,"Public HKO open-data design only; no health outcomes joined."
2019-09-05,29.3,25.4,27.2,0,0,0,2019,9,5,"2019-09",248,2439,"pre_covid",0,0,0,0,"REAL_PUBLIC_HKO",28,33,12,"Public HKO open-data design only; no health outcomes joined."
2019-09-06,32.4,26.8,28.9,0,0,0,2019,9,6,"2019-09",249,2440,"pre_covid",0,0,0,0,"REAL_PUBLIC_HKO",28,33,12,"Public HKO open-data design only; no health outcomes joined."
2019-09-07,33.3,27.5,29.8,0,1,0,2019,9,7,"2019-09",250,2441,"pre_covid",0,0,0,0,"REAL_PUBLIC_HKO",28,33,12,"Public HKO open-data design only; no health outcomes joined."
2019-09-08,33,28,30,1,1,0,2019,9,8,"2019-09",251,2442,"pre_covid",1,0,0.166666666666667,0,"REAL_PUBLIC_HKO",28,33,12,"Public HKO open-data design only; no health outcomes joined."
2019-09-09,33.3,28.3,30,1,1,0,2019,9,9,"2019-09",252,2443,"pre_covid",1,0,0.333333333333333,0,"REAL_PUBLIC_HKO",28,33,12,"Public HKO open-data design only; no health outcomes joined."
2019-09-10,33.3,28.2,30.1,1,1,0,2019,9,10,"2019-09",253,2444,"pre_covid",1,0,0.5,0,"REAL_PUBLIC_HKO",28,33,12,"Public HKO open-data design only; no health outcomes joined."
2019-09-11,33.3,28.4,30.2,1,1,0,2019,9,11,"2019-09",254,2445,"pre_covid",1,0,0.666666666666667,0,"REAL_PUBLIC_HKO",28,33,12,"Public HKO open-data design only; no health outcomes joined."
2019-09-12,33.5,28.3,30.3,1,1,0,2019,9,12,"2019-09",255,2446,"pre_covid",1,0,0.833333333333333,0,"REAL_PUBLIC_HKO",28,33,12,"Public HKO open-data design only; no health outcomes joined."
2019-09-13,33,28.7,30.1,1,1,0,2019,9,13,"2019-09",256,2447,"pre_covid",1,0,1,0,"REAL_PUBLIC_HKO",28,33,12,"Public HKO open-data design only; no health outcomes joined."
2019-09-14,32.3,28.4,29.8,1,0,0,2019,9,14,"2019-09",257,2448,"pre_covid",1,0,1,0,"REAL_PUBLIC_HKO",28,33,12,"Public HKO open-data design only; no health outcomes joined."
2019-09-15,32.2,25.9,29.2,0,0,0,2019,9,15,"2019-09",258,2449,"pre_covid",0,0,0.833333333333333,0,"REAL_PUBLIC_HKO",28,33,12,"Public HKO open-data design only; no health outcomes joined."
2019-09-16,32.3,26.3,29.3,0,0,0,2019,9,16,"2019-09",259,2450,"pre_covid",0,0,0.666666666666667,0,"REAL_PUBLIC_HKO",28,33,12,"Public HKO open-data design only; no health outcomes joined."
2019-09-17,31.8,27.9,29.2,0,0,0,2019,9,17,"2019-09",260,2451,"pre_covid",0,0,0.5,0,"REAL_PUBLIC_HKO",28,33,12,"Public HKO open-data design only; no health outcomes joined."
2019-09-18,32,25.8,28.8,0,0,0,2019,9,18,"2019-09",261,2452,"pre_covid",0,0,0.333333333333333,0,"REAL_PUBLIC_HKO",28,33,12,"Public HKO open-data design only; no health outcomes joined."
2019-09-19,32.4,24.9,28,0,0,0,2019,9,19,"2019-09",262,2453,"pre_covid",0,0,0.166666666666667,0,"REAL_PUBLIC_HKO",28,33,12,"Public HKO open-data design only; no health outcomes joined."
2019-09-20,32.6,26.2,29,0,0,0,2019,9,20,"2019-09",263,2454,"pre_covid",0,0,0,0,"REAL_PUBLIC_HKO",28,33,12,"Public HKO open-data design only; no health outcomes joined."
2019-09-21,32.5,26.5,29.2,0,0,0,2019,9,21,"2019-09",264,2455,"pre_covid",0,0,0,0,"REAL_PUBLIC_HKO",28,33,12,"Public HKO open-data design only; no health outcomes joined."
2019-09-22,31.3,25.9,28.3,0,0,0,2019,9,22,"2019-09",265,2456,"pre_covid",0,0,0,0,"REAL_PUBLIC_HKO",28,33,12,"Public HKO open-data design only; no health outcomes joined."
2019-09-23,30.7,25.4,27.7,0,0,0,2019,9,23,"2019-09",266,2457,"pre_covid",0,0,0,0,"REAL_PUBLIC_HKO",28,33,12,"Public HKO open-data design only; no health outcomes joined."
2019-09-24,30.3,26.3,27.5,0,0,0,2019,9,24,"2019-09",267,2458,"pre_covid",0,0,0,0,"REAL_PUBLIC_HKO",28,33,12,"Public HKO open-data design only; no health outcomes joined."
2019-09-25,30.8,25.7,27.3,0,0,0,2019,9,25,"2019-09",268,2459,"pre_covid",0,0,0,0,"REAL_PUBLIC_HKO",28,33,12,"Public HKO open-data design only; no health outcomes joined."
2019-09-26,30.8,25.5,27.5,0,0,0,2019,9,26,"2019-09",269,2460,"pre_covid",0,0,0,0,"REAL_PUBLIC_HKO",28,33,12,"Public HKO open-data design only; no health outcomes joined."
2019-09-27,30.6,25.7,27.6,0,0,0,2019,9,27,"2019-09",270,2461,"pre_covid",0,0,0,0,"REAL_PUBLIC_HKO",28,33,12,"Public HKO open-data design only; no health outcomes joined."
2019-09-28,32.2,25.9,28.2,0,0,0,2019,9,28,"2019-09",271,2462,"pre_covid",0,0,0,0,"REAL_PUBLIC_HKO",28,33,12,"Public HKO open-data design only; no health outcomes joined."
2019-09-29,31.7,26.6,28.7,0,0,0,2019,9,29,"2019-09",272,2463,"pre_covid",0,0,0,0,"REAL_PUBLIC_HKO",28,33,12,"Public HKO open-data design only; no health outcomes joined."
2019-09-30,33.4,27.2,30.1,0,1,0,2019,9,30,"2019-09",273,2464,"pre_covid",0,0,0,0,"REAL_PUBLIC_HKO",28,33,12,"Public HKO open-data design only; no health outcomes joined."
2019-10-01,33.2,28.4,30.3,1,1,0,2019,10,1,"2019-10",274,2465,"pre_covid",1,0,0.166666666666667,0,"REAL_PUBLIC_HKO",28,33,12,"Public HKO open-data design only; no health outcomes joined."
2019-10-02,32.1,27.9,29.5,0,0,0,2019,10,2,"2019-10",275,2466,"pre_covid",0,0,0.166666666666667,0,"REAL_PUBLIC_HKO",28,33,12,"Public HKO open-data design only; no health outcomes joined."
2019-10-03,31.8,27.4,29,0,0,0,2019,10,3,"2019-10",276,2467,"pre_covid",0,0,0.166666666666667,0,"REAL_PUBLIC_HKO",28,33,12,"Public HKO open-data design only; no health outcomes joined."
2019-10-04,31.3,26.9,28.6,0,0,0,2019,10,4,"2019-10",277,2468,"pre_covid",0,0,0.166666666666667,0,"REAL_PUBLIC_HKO",28,33,12,"Public HKO open-data design only; no health outcomes joined."
2019-10-05,32.3,26.8,29.1,0,0,0,2019,10,5,"2019-10",278,2469,"pre_covid",0,0,0.166666666666667,0,"REAL_PUBLIC_HKO",28,33,12,"Public HKO open-data design only; no health outcomes joined."
2019-10-06,29.1,23.1,26.3,0,0,0,2019,10,6,"2019-10",279,2470,"pre_covid",0,0,0.166666666666667,0,"REAL_PUBLIC_HKO",28,33,12,"Public HKO open-data design only; no health outcomes joined."
2019-10-07,28.3,23.2,26.3,0,0,0,2019,10,7,"2019-10",280,2471,"pre_covid",0,0,0,0,"REAL_PUBLIC_HKO",28,33,12,"Public HKO open-data design only; no health outcomes joined."
2019-10-08,30.4,25.3,27.7,0,0,0,2019,10,8,"2019-10",281,2472,"pre_covid",0,0,0,0,"REAL_PUBLIC_HKO",28,33,12,"Public HKO open-data design only; no health outcomes joined."
2019-10-09,29.8,26.7,27.8,0,0,0,2019,10,9,"2019-10",282,2473,"pre_covid",0,0,0,0,"REAL_PUBLIC_HKO",28,33,12,"Public HKO open-data design only; no health outcomes joined."
2019-10-10,30.3,26.6,27.9,0,0,0,2019,10,10,"2019-10",283,2474,"pre_covid",0,0,0,0,"REAL_PUBLIC_HKO",28,33,12,"Public HKO open-data design only; no health outcomes joined."
2019-10-11,31.1,26.3,28.5,0,0,0,2019,10,11,"2019-10",284,2475,"pre_covid",0,0,0,0,"REAL_PUBLIC_HKO",28,33,12,"Public HKO open-data design only; no health outcomes joined."
2019-10-12,31.5,27.4,28.6,0,0,0,2019,10,12,"2019-10",285,2476,"pre_covid",0,0,0,0,"REAL_PUBLIC_HKO",28,33,12,"Public HKO open-data design only; no health outcomes joined."
2019-10-13,30.8,24.5,27.2,0,0,0,2019,10,13,"2019-10",286,2477,"pre_covid",0,0,0,0,"REAL_PUBLIC_HKO",28,33,12,"Public HKO open-data design only; no health outcomes joined."
2019-10-14,28.9,24.2,25.8,0,0,0,2019,10,14,"2019-10",287,2478,"pre_covid",0,0,0,0,"REAL_PUBLIC_HKO",28,33,12,"Public HKO open-data design only; no health outcomes joined."
2019-10-15,29.7,23.1,26,0,0,0,2019,10,15,"2019-10",288,2479,"pre_covid",0,0,0,0,"REAL_PUBLIC_HKO",28,33,12,"Public HKO open-data design only; no health outcomes joined."
2019-10-16,28.9,23.2,25.5,0,0,0,2019,10,16,"2019-10",289,2480,"pre_covid",0,0,0,0,"REAL_PUBLIC_HKO",28,33,12,"Public HKO open-data design only; no health outcomes joined."
2019-10-17,29.7,23.9,26.2,0,0,0,2019,10,17,"2019-10",290,2481,"pre_covid",0,0,0,0,"REAL_PUBLIC_HKO",28,33,12,"Public HKO open-data design only; no health outcomes joined."
2019-10-18,29,24.7,26.5,0,0,0,2019,10,18,"2019-10",291,2482,"pre_covid",0,0,0,0,"REAL_PUBLIC_HKO",28,33,12,"Public HKO open-data design only; no health outcomes joined."
2019-10-19,29.6,24.2,26.2,0,0,0,2019,10,19,"2019-10",292,2483,"pre_covid",0,0,0,0,"REAL_PUBLIC_HKO",28,33,12,"Public HKO open-data design only; no health outcomes joined."
2019-10-20,28.3,23.4,25.4,0,0,0,2019,10,20,"2019-10",293,2484,"pre_covid",0,0,0,0,"REAL_PUBLIC_HKO",28,33,12,"Public HKO open-data design only; no health outcomes joined."
2019-10-21,28.8,23.5,25.3,0,0,0,2019,10,21,"2019-10",294,2485,"pre_covid",0,0,0,0,"REAL_PUBLIC_HKO",28,33,12,"Public HKO open-data design only; no health outcomes joined."
2019-10-22,28,23.4,25,0,0,0,2019,10,22,"2019-10",295,2486,"pre_covid",0,0,0,0,"REAL_PUBLIC_HKO",28,33,12,"Public HKO open-data design only; no health outcomes joined."
2019-10-23,28.7,23.5,25.5,0,0,0,2019,10,23,"2019-10",296,2487,"pre_covid",0,0,0,0,"REAL_PUBLIC_HKO",28,33,12,"Public HKO open-data design only; no health outcomes joined."
2019-10-24,29.5,24.5,26.2,0,0,0,2019,10,24,"2019-10",297,2488,"pre_covid",0,0,0,0,"REAL_PUBLIC_HKO",28,33,12,"Public HKO open-data design only; no health outcomes joined."
2019-10-25,28.3,24.3,25.8,0,0,0,2019,10,25,"2019-10",298,2489,"pre_covid",0,0,0,0,"REAL_PUBLIC_HKO",28,33,12,"Public HKO open-data design only; no health outcomes joined."
2019-10-26,28.3,24.7,25.9,0,0,0,2019,10,26,"2019-10",299,2490,"pre_covid",0,0,0,0,"REAL_PUBLIC_HKO",28,33,12,"Public HKO open-data design only; no health outcomes joined."
2019-10-27,29,24,25.7,0,0,0,2019,10,27,"2019-10",300,2491,"pre_covid",0,0,0,0,"REAL_PUBLIC_HKO",28,33,12,"Public HKO open-data design only; no health outcomes joined."
2019-10-28,29,22.4,25.2,0,0,0,2019,10,28,"2019-10",301,2492,"pre_covid",0,0,0,0,"REAL_PUBLIC_HKO",28,33,12,"Public HKO open-data design only; no health outcomes joined."
2019-10-29,24.7,20.3,22.7,0,0,0,2019,10,29,"2019-10",302,2493,"pre_covid",0,0,0,0,"REAL_PUBLIC_HKO",28,33,12,"Public HKO open-data design only; no health outcomes joined."
2019-10-30,26.4,21.5,24,0,0,0,2019,10,30,"2019-10",303,2494,"pre_covid",0,0,0,0,"REAL_PUBLIC_HKO",28,33,12,"Public HKO open-data design only; no health outcomes joined."
2019-10-31,27.2,23.2,24.8,0,0,0,2019,10,31,"2019-10",304,2495,"pre_covid",0,0,0,0,"REAL_PUBLIC_HKO",28,33,12,"Public HKO open-data design only; no health outcomes joined."
2019-11-01,29.3,24,25.7,0,0,0,2019,11,1,"2019-11",305,2496,"pre_covid",0,0,0,0,"REAL_PUBLIC_HKO",28,33,12,"Public HKO open-data design only; no health outcomes joined."
2019-11-02,28.2,23.9,25.3,0,0,0,2019,11,2,"2019-11",306,2497,"pre_covid",0,0,0,0,"REAL_PUBLIC_HKO",28,33,12,"Public HKO open-data design only; no health outcomes joined."
2019-11-03,28.8,23.8,25.7,0,0,0,2019,11,3,"2019-11",307,2498,"pre_covid",0,0,0,0,"REAL_PUBLIC_HKO",28,33,12,"Public HKO open-data design only; no health outcomes joined."
2019-11-04,28.6,22.8,25,0,0,0,2019,11,4,"2019-11",308,2499,"pre_covid",0,0,0,0,"REAL_PUBLIC_HKO",28,33,12,"Public HKO open-data design only; no health outcomes joined."
2019-11-05,27.4,21.6,23.9,0,0,0,2019,11,5,"2019-11",309,2500,"pre_covid",0,0,0,0,"REAL_PUBLIC_HKO",28,33,12,"Public HKO open-data design only; no health outcomes joined."
2019-11-06,26.5,22.3,23.8,0,0,0,2019,11,6,"2019-11",310,2501,"pre_covid",0,0,0,0,"REAL_PUBLIC_HKO",28,33,12,"Public HKO open-data design only; no health outcomes joined."
2019-11-07,26.9,21.4,23.8,0,0,0,2019,11,7,"2019-11",311,2502,"pre_covid",0,0,0,0,"REAL_PUBLIC_HKO",28,33,12,"Public HKO open-data design only; no health outcomes joined."
2019-11-08,26.8,20.8,23.3,0,0,0,2019,11,8,"2019-11",312,2503,"pre_covid",0,0,0,0,"REAL_PUBLIC_HKO",28,33,12,"Public HKO open-data design only; no health outcomes joined."
2019-11-09,26,20.4,22.7,0,0,0,2019,11,9,"2019-11",313,2504,"pre_covid",0,0,0,0,"REAL_PUBLIC_HKO",28,33,12,"Public HKO open-data design only; no health outcomes joined."
2019-11-10,26.7,20.6,22.7,0,0,0,2019,11,10,"2019-11",314,2505,"pre_covid",0,0,0,0,"REAL_PUBLIC_HKO",28,33,12,"Public HKO open-data design only; no health outcomes joined."
2019-11-11,26.8,20.9,23.1,0,0,0,2019,11,11,"2019-11",315,2506,"pre_covid",0,0,0,0,"REAL_PUBLIC_HKO",28,33,12,"Public HKO open-data design only; no health outcomes joined."
2019-11-12,25.2,22.3,23.3,0,0,0,2019,11,12,"2019-11",316,2507,"pre_covid",0,0,0,0,"REAL_PUBLIC_HKO",28,33,12,"Public HKO open-data design only; no health outcomes joined."
2019-11-13,26.8,22.3,24.1,0,0,0,2019,11,13,"2019-11",317,2508,"pre_covid",0,0,0,0,"REAL_PUBLIC_HKO",28,33,12,"Public HKO open-data design only; no health outcomes joined."
2019-11-14,25.9,21.1,23,0,0,0,2019,11,14,"2019-11",318,2509,"pre_covid",0,0,0,0,"REAL_PUBLIC_HKO",28,33,12,"Public HKO open-data design only; no health outcomes joined."
2019-11-15,25.7,21.5,22.8,0,0,0,2019,11,15,"2019-11",319,2510,"pre_covid",0,0,0,0,"REAL_PUBLIC_HKO",28,33,12,"Public HKO open-data design only; no health outcomes joined."
2019-11-16,25.6,21.5,22.5,0,0,0,2019,11,16,"2019-11",320,2511,"pre_covid",0,0,0,0,"REAL_PUBLIC_HKO",28,33,12,"Public HKO open-data design only; no health outcomes joined."
2019-11-17,26.5,21.4,23.4,0,0,0,2019,11,17,"2019-11",321,2512,"pre_covid",0,0,0,0,"REAL_PUBLIC_HKO",28,33,12,"Public HKO open-data design only; no health outcomes joined."
2019-11-18,28.4,20.6,24.3,0,0,0,2019,11,18,"2019-11",322,2513,"pre_covid",0,0,0,0,"REAL_PUBLIC_HKO",28,33,12,"Public HKO open-data design only; no health outcomes joined."
2019-11-19,22.7,17.9,20.5,0,0,0,2019,11,19,"2019-11",323,2514,"pre_covid",0,0,0,0,"REAL_PUBLIC_HKO",28,33,12,"Public HKO open-data design only; no health outcomes joined."
2019-11-20,24,19.4,21.1,0,0,0,2019,11,20,"2019-11",324,2515,"pre_covid",0,0,0,0,"REAL_PUBLIC_HKO",28,33,12,"Public HKO open-data design only; no health outcomes joined."
2019-11-21,25.2,19.2,21.7,0,0,0,2019,11,21,"2019-11",325,2516,"pre_covid",0,0,0,0,"REAL_PUBLIC_HKO",28,33,12,"Public HKO open-data design only; no health outcomes joined."
2019-11-22,26.3,19.6,22.3,0,0,0,2019,11,22,"2019-11",326,2517,"pre_covid",0,0,0,0,"REAL_PUBLIC_HKO",28,33,12,"Public HKO open-data design only; no health outcomes joined."
2019-11-23,26.9,21.4,23.3,0,0,0,2019,11,23,"2019-11",327,2518,"pre_covid",0,0,0,0,"REAL_PUBLIC_HKO",28,33,12,"Public HKO open-data design only; no health outcomes joined."
2019-11-24,27.4,21.1,23.4,0,0,0,2019,11,24,"2019-11",328,2519,"pre_covid",0,0,0,0,"REAL_PUBLIC_HKO",28,33,12,"Public HKO open-data design only; no health outcomes joined."
2019-11-25,26.6,22.4,23.8,0,0,0,2019,11,25,"2019-11",329,2520,"pre_covid",0,0,0,0,"REAL_PUBLIC_HKO",28,33,12,"Public HKO open-data design only; no health outcomes joined."
2019-11-26,23.4,21,22,0,0,0,2019,11,26,"2019-11",330,2521,"pre_covid",0,0,0,0,"REAL_PUBLIC_HKO",28,33,12,"Public HKO open-data design only; no health outcomes joined."
2019-11-27,24.8,21.1,22.3,0,0,0,2019,11,27,"2019-11",331,2522,"pre_covid",0,0,0,0,"REAL_PUBLIC_HKO",28,33,12,"Public HKO open-data design only; no health outcomes joined."
2019-11-28,23.1,18,20.3,0,0,0,2019,11,28,"2019-11",332,2523,"pre_covid",0,0,0,0,"REAL_PUBLIC_HKO",28,33,12,"Public HKO open-data design only; no health outcomes joined."
2019-11-29,22.6,17,19.7,0,0,0,2019,11,29,"2019-11",333,2524,"pre_covid",0,0,0,0,"REAL_PUBLIC_HKO",28,33,12,"Public HKO open-data design only; no health outcomes joined."
2019-11-30,23.8,17.9,20.4,0,0,0,2019,11,30,"2019-11",334,2525,"pre_covid",0,0,0,0,"REAL_PUBLIC_HKO",28,33,12,"Public HKO open-data design only; no health outcomes joined."
2019-12-01,25.5,18.8,21.5,0,0,0,2019,12,1,"2019-12",335,2526,"pre_covid",0,0,0,0,"REAL_PUBLIC_HKO",28,33,12,"Public HKO open-data design only; no health outcomes joined."
2019-12-02,20.3,15.1,17.4,0,0,0,2019,12,2,"2019-12",336,2527,"pre_covid",0,0,0,0,"REAL_PUBLIC_HKO",28,33,12,"Public HKO open-data design only; no health outcomes joined."
2019-12-03,20.1,13.8,16.4,0,0,0,2019,12,3,"2019-12",337,2528,"pre_covid",0,0,0,0,"REAL_PUBLIC_HKO",28,33,12,"Public HKO open-data design only; no health outcomes joined."
2019-12-04,20.1,13.9,17.5,0,0,0,2019,12,4,"2019-12",338,2529,"pre_covid",0,0,0,0,"REAL_PUBLIC_HKO",28,33,12,"Public HKO open-data design only; no health outcomes joined."
2019-12-05,18.3,13.1,15.3,0,0,0,2019,12,5,"2019-12",339,2530,"pre_covid",0,0,0,0,"REAL_PUBLIC_HKO",28,33,12,"Public HKO open-data design only; no health outcomes joined."
2019-12-06,19.5,12.7,16.5,0,0,0,2019,12,6,"2019-12",340,2531,"pre_covid",0,0,0,0,"REAL_PUBLIC_HKO",28,33,12,"Public HKO open-data design only; no health outcomes joined."
2019-12-07,19.1,13.2,16.2,0,0,0,2019,12,7,"2019-12",341,2532,"pre_covid",0,0,0,0,"REAL_PUBLIC_HKO",28,33,12,"Public HKO open-data design only; no health outcomes joined."
2019-12-08,19.5,13,15.9,0,0,0,2019,12,8,"2019-12",342,2533,"pre_covid",0,0,0,0,"REAL_PUBLIC_HKO",28,33,12,"Public HKO open-data design only; no health outcomes joined."
2019-12-09,21.7,14.7,17.4,0,0,0,2019,12,9,"2019-12",343,2534,"pre_covid",0,0,0,0,"REAL_PUBLIC_HKO",28,33,12,"Public HKO open-data design only; no health outcomes joined."
2019-12-10,21.9,15.7,18.4,0,0,0,2019,12,10,"2019-12",344,2535,"pre_covid",0,0,0,0,"REAL_PUBLIC_HKO",28,33,12,"Public HKO open-data design only; no health outcomes joined."
2019-12-11,24,16.5,19.1,0,0,0,2019,12,11,"2019-12",345,2536,"pre_covid",0,0,0,0,"REAL_PUBLIC_HKO",28,33,12,"Public HKO open-data design only; no health outcomes joined."
2019-12-12,21.4,17.4,19.1,0,0,0,2019,12,12,"2019-12",346,2537,"pre_covid",0,0,0,0,"REAL_PUBLIC_HKO",28,33,12,"Public HKO open-data design only; no health outcomes joined."
2019-12-13,22,18,19.2,0,0,0,2019,12,13,"2019-12",347,2538,"pre_covid",0,0,0,0,"REAL_PUBLIC_HKO",28,33,12,"Public HKO open-data design only; no health outcomes joined."
2019-12-14,23.3,17.6,19.5,0,0,0,2019,12,14,"2019-12",348,2539,"pre_covid",0,0,0,0,"REAL_PUBLIC_HKO",28,33,12,"Public HKO open-data design only; no health outcomes joined."
2019-12-15,20.5,18.5,19.5,0,0,0,2019,12,15,"2019-12",349,2540,"pre_covid",0,0,0,0,"REAL_PUBLIC_HKO",28,33,12,"Public HKO open-data design only; no health outcomes joined."
2019-12-16,23.7,19.7,21.3,0,0,0,2019,12,16,"2019-12",350,2541,"pre_covid",0,0,0,0,"REAL_PUBLIC_HKO",28,33,12,"Public HKO open-data design only; no health outcomes joined."
2019-12-17,26.2,21.2,23.2,0,0,0,2019,12,17,"2019-12",351,2542,"pre_covid",0,0,0,0,"REAL_PUBLIC_HKO",28,33,12,"Public HKO open-data design only; no health outcomes joined."
2019-12-18,27.3,20,22.8,0,0,0,2019,12,18,"2019-12",352,2543,"pre_covid",0,0,0,0,"REAL_PUBLIC_HKO",28,33,12,"Public HKO open-data design only; no health outcomes joined."
2019-12-19,21.4,18.8,19.8,0,0,0,2019,12,19,"2019-12",353,2544,"pre_covid",0,0,0,0,"REAL_PUBLIC_HKO",28,33,12,"Public HKO open-data design only; no health outcomes joined."
2019-12-20,21.6,17.7,19.1,0,0,0,2019,12,20,"2019-12",354,2545,"pre_covid",0,0,0,0,"REAL_PUBLIC_HKO",28,33,12,"Public HKO open-data design only; no health outcomes joined."
2019-12-21,21.9,17,19.3,0,0,0,2019,12,21,"2019-12",355,2546,"pre_covid",0,0,0,0,"REAL_PUBLIC_HKO",28,33,12,"Public HKO open-data design only; no health outcomes joined."
2019-12-22,22.8,19.2,20.5,0,0,0,2019,12,22,"2019-12",356,2547,"pre_covid",0,0,0,0,"REAL_PUBLIC_HKO",28,33,12,"Public HKO open-data design only; no health outcomes joined."
2019-12-23,21.4,18.9,20,0,0,0,2019,12,23,"2019-12",357,2548,"pre_covid",0,0,0,0,"REAL_PUBLIC_HKO",28,33,12,"Public HKO open-data design only; no health outcomes joined."
2019-12-24,23.3,19,20.4,0,0,0,2019,12,24,"2019-12",358,2549,"pre_covid",0,0,0,0,"REAL_PUBLIC_HKO",28,33,12,"Public HKO open-data design only; no health outcomes joined."
2019-12-25,22.9,19,20.1,0,0,0,2019,12,25,"2019-12",359,2550,"pre_covid",0,0,0,0,"REAL_PUBLIC_HKO",28,33,12,"Public HKO open-data design only; no health outcomes joined."
2019-12-26,24.5,17.5,21,0,0,0,2019,12,26,"2019-12",360,2551,"pre_covid",0,0,0,0,"REAL_PUBLIC_HKO",28,33,12,"Public HKO open-data design only; no health outcomes joined."
2019-12-27,21.3,15.6,18,0,0,0,2019,12,27,"2019-12",361,2552,"pre_covid",0,0,0,0,"REAL_PUBLIC_HKO",28,33,12,"Public HKO open-data design only; no health outcomes joined."
2019-12-28,20.9,16.8,18.5,0,0,0,2019,12,28,"2019-12",362,2553,"pre_covid",0,0,0,0,"REAL_PUBLIC_HKO",28,33,12,"Public HKO open-data design only; no health outcomes joined."
2019-12-29,19.6,17.9,18.8,0,0,0,2019,12,29,"2019-12",363,2554,"pre_covid",0,0,0,0,"REAL_PUBLIC_HKO",28,33,12,"Public HKO open-data design only; no health outcomes joined."
2019-12-30,22.5,18.8,20.3,0,0,0,2019,12,30,"2019-12",364,2555,"pre_covid",0,0,0,0,"REAL_PUBLIC_HKO",28,33,12,"Public HKO open-data design only; no health outcomes joined."
2019-12-31,20.2,18,19.2,0,0,0,2019,12,31,"2019-12",365,2556,"pre_covid",0,0,0,0,"REAL_PUBLIC_HKO",28,33,12,"Public HKO open-data design only; no health outcomes joined."
2020-01-01,18.7,17.2,17.9,0,0,0,2020,1,1,"2020-01",1,2557,"pre_covid",0,0,0,0,"REAL_PUBLIC_HKO",28,33,12,"Public HKO open-data design only; no health outcomes joined."
2020-01-02,20.4,17.4,18.3,0,0,0,2020,1,2,"2020-01",2,2558,"pre_covid",0,0,0,0,"REAL_PUBLIC_HKO",28,33,12,"Public HKO open-data design only; no health outcomes joined."
2020-01-03,22,17.2,18.9,0,0,0,2020,1,3,"2020-01",3,2559,"pre_covid",0,0,0,0,"REAL_PUBLIC_HKO",28,33,12,"Public HKO open-data design only; no health outcomes joined."
2020-01-04,22,17.6,19.2,0,0,0,2020,1,4,"2020-01",4,2560,"pre_covid",0,0,0,0,"REAL_PUBLIC_HKO",28,33,12,"Public HKO open-data design only; no health outcomes joined."
2020-01-05,22.1,18.7,20,0,0,0,2020,1,5,"2020-01",5,2561,"pre_covid",0,0,0,0,"REAL_PUBLIC_HKO",28,33,12,"Public HKO open-data design only; no health outcomes joined."
2020-01-06,24,19.5,21,0,0,0,2020,1,6,"2020-01",6,2562,"pre_covid",0,0,0,0,"REAL_PUBLIC_HKO",28,33,12,"Public HKO open-data design only; no health outcomes joined."
2020-01-07,25.8,20.4,22.4,0,0,0,2020,1,7,"2020-01",7,2563,"pre_covid",0,0,0,0,"REAL_PUBLIC_HKO",28,33,12,"Public HKO open-data design only; no health outcomes joined."
2020-01-08,26,19.7,21.9,0,0,0,2020,1,8,"2020-01",8,2564,"pre_covid",0,0,0,0,"REAL_PUBLIC_HKO",28,33,12,"Public HKO open-data design only; no health outcomes joined."
2020-01-09,20.6,18.4,19.3,0,0,0,2020,1,9,"2020-01",9,2565,"pre_covid",0,0,0,0,"REAL_PUBLIC_HKO",28,33,12,"Public HKO open-data design only; no health outcomes joined."
2020-01-10,21.8,18.8,19.9,0,0,0,2020,1,10,"2020-01",10,2566,"pre_covid",0,0,0,0,"REAL_PUBLIC_HKO",28,33,12,"Public HKO open-data design only; no health outcomes joined."
2020-01-11,23.9,18.7,20.9,0,0,0,2020,1,11,"2020-01",11,2567,"pre_covid",0,0,0,0,"REAL_PUBLIC_HKO",28,33,12,"Public HKO open-data design only; no health outcomes joined."
2020-01-12,20.3,15.7,17.9,0,0,0,2020,1,12,"2020-01",12,2568,"pre_covid",0,0,0,0,"REAL_PUBLIC_HKO",28,33,12,"Public HKO open-data design only; no health outcomes joined."
2020-01-13,19.7,17.2,18.3,0,0,0,2020,1,13,"2020-01",13,2569,"pre_covid",0,0,0,0,"REAL_PUBLIC_HKO",28,33,12,"Public HKO open-data design only; no health outcomes joined."
2020-01-14,21.9,17.5,19,0,0,0,2020,1,14,"2020-01",14,2570,"pre_covid",0,0,0,0,"REAL_PUBLIC_HKO",28,33,12,"Public HKO open-data design only; no health outcomes joined."
2020-01-15,21.7,17.9,19.5,0,0,0,2020,1,15,"2020-01",15,2571,"pre_covid",0,0,0,0,"REAL_PUBLIC_HKO",28,33,12,"Public HKO open-data design only; no health outcomes joined."
2020-01-16,22.2,18.4,19.8,0,0,0,2020,1,16,"2020-01",16,2572,"pre_covid",0,0,0,0,"REAL_PUBLIC_HKO",28,33,12,"Public HKO open-data design only; no health outcomes joined."
2020-01-17,20,17.2,18.5,0,0,0,2020,1,17,"2020-01",17,2573,"pre_covid",0,0,0,0,"REAL_PUBLIC_HKO",28,33,12,"Public HKO open-data design only; no health outcomes joined."
2020-01-18,21,17.1,18.3,0,0,0,2020,1,18,"2020-01",18,2574,"pre_covid",0,0,0,0,"REAL_PUBLIC_HKO",28,33,12,"Public HKO open-data design only; no health outcomes joined."
2020-01-19,20.7,16.6,18.2,0,0,0,2020,1,19,"2020-01",19,2575,"pre_covid",0,0,0,0,"REAL_PUBLIC_HKO",28,33,12,"Public HKO open-data design only; no health outcomes joined."
2020-01-20,20.6,15.7,18,0,0,0,2020,1,20,"2020-01",20,2576,"pre_covid",0,0,0,0,"REAL_PUBLIC_HKO",28,33,12,"Public HKO open-data design only; no health outcomes joined."
2020-01-21,21.1,17.3,18.8,0,0,0,2020,1,21,"2020-01",21,2577,"pre_covid",0,0,0,0,"REAL_PUBLIC_HKO",28,33,12,"Public HKO open-data design only; no health outcomes joined."
2020-01-22,23.6,18,20.5,0,0,0,2020,1,22,"2020-01",22,2578,"pre_covid",0,0,0,0,"REAL_PUBLIC_HKO",28,33,12,"Public HKO open-data design only; no health outcomes joined."
2020-01-23,25.7,20.5,21.9,0,0,0,2020,1,23,"2020-01",23,2579,"pre_covid",0,0,0,0,"REAL_PUBLIC_HKO",28,33,12,"Public HKO open-data design only; no health outcomes joined."
2020-01-24,23.1,20.1,21.5,0,0,0,2020,1,24,"2020-01",24,2580,"pre_covid",0,0,0,0,"REAL_PUBLIC_HKO",28,33,12,"Public HKO open-data design only; no health outcomes joined."
2020-01-25,22.2,18.8,19.7,0,0,0,2020,1,25,"2020-01",25,2581,"pre_covid",0,0,0,0,"REAL_PUBLIC_HKO",28,33,12,"Public HKO open-data design only; no health outcomes joined."
2020-01-26,19.2,13.7,16.5,0,0,0,2020,1,26,"2020-01",26,2582,"pre_covid",0,0,0,0,"REAL_PUBLIC_HKO",28,33,12,"Public HKO open-data design only; no health outcomes joined."
2020-01-27,16,11.5,13,0,0,1,2020,1,27,"2020-01",27,2583,"pre_covid",0,1,0,0.0454545454545455,"REAL_PUBLIC_HKO",28,33,12,"Public HKO open-data design only; no health outcomes joined."
2020-01-28,16.1,10.8,13,0,0,1,2020,1,28,"2020-01",28,2584,"pre_covid",0,1,0,0.0909090909090909,"REAL_PUBLIC_HKO",28,33,12,"Public HKO open-data design only; no health outcomes joined."
2020-01-29,17.1,11,13.8,0,0,1,2020,1,29,"2020-01",29,2585,"pre_covid",0,1,0,0.136363636363636,"REAL_PUBLIC_HKO",28,33,12,"Public HKO open-data design only; no health outcomes joined."
2020-01-30,18.5,11.6,14.7,0,0,1,2020,1,30,"2020-01",30,2586,"pre_covid",0,1,0,0.181818181818182,"REAL_PUBLIC_HKO",28,33,12,"Public HKO open-data design only; no health outcomes joined."
2020-01-31,18.9,11.8,14.8,0,0,1,2020,1,31,"2020-01",31,2587,"pre_covid",0,1,0,0.227272727272727,"REAL_PUBLIC_HKO",28,33,12,"Public HKO open-data design only; no health outcomes joined."
2020-02-01,18.8,14.1,16,0,0,0,2020,2,1,"2020-02",32,2588,"early_covid",0,0,0,0.227272727272727,"REAL_PUBLIC_HKO",28,33,12,"Public HKO open-data design only; no health outcomes joined."
2020-02-02,19.5,15.9,17.1,0,0,0,2020,2,2,"2020-02",33,2589,"early_covid",0,0,0,0.227272727272727,"REAL_PUBLIC_HKO",28,33,12,"Public HKO open-data design only; no health outcomes joined."
2020-02-03,20.4,16.6,18.1,0,0,0,2020,2,3,"2020-02",34,2590,"early_covid",0,0,0,0.227272727272727,"REAL_PUBLIC_HKO",28,33,12,"Public HKO open-data design only; no health outcomes joined."
2020-02-04,19,15.4,17.3,0,0,0,2020,2,4,"2020-02",35,2591,"early_covid",0,0,0,0.227272727272727,"REAL_PUBLIC_HKO",28,33,12,"Public HKO open-data design only; no health outcomes joined."
2020-02-05,18.3,16.6,17.5,0,0,0,2020,2,5,"2020-02",36,2592,"early_covid",0,0,0,0.227272727272727,"REAL_PUBLIC_HKO",28,33,12,"Public HKO open-data design only; no health outcomes joined."
2020-02-06,18.6,15.9,17.1,0,0,0,2020,2,6,"2020-02",37,2593,"early_covid",0,0,0,0.227272727272727,"REAL_PUBLIC_HKO",28,33,12,"Public HKO open-data design only; no health outcomes joined."
2020-02-07,20.6,17.3,18.7,0,0,0,2020,2,7,"2020-02",38,2594,"early_covid",0,0,0,0.227272727272727,"REAL_PUBLIC_HKO",28,33,12,"Public HKO open-data design only; no health outcomes joined."
2020-02-08,19.6,16.7,17.8,0,0,0,2020,2,8,"2020-02",39,2595,"early_covid",0,0,0,0.227272727272727,"REAL_PUBLIC_HKO",28,33,12,"Public HKO open-data design only; no health outcomes joined."
2020-02-09,18.5,15,16.5,0,0,0,2020,2,9,"2020-02",40,2596,"early_covid",0,0,0,0.227272727272727,"REAL_PUBLIC_HKO",28,33,12,"Public HKO open-data design only; no health outcomes joined."
2020-02-10,18.6,15.5,16.9,0,0,0,2020,2,10,"2020-02",41,2597,"early_covid",0,0,0,0.227272727272727,"REAL_PUBLIC_HKO",28,33,12,"Public HKO open-data design only; no health outcomes joined."
2020-02-11,19.1,16.8,17.6,0,0,0,2020,2,11,"2020-02",42,2598,"early_covid",0,0,0,0.227272727272727,"REAL_PUBLIC_HKO",28,33,12,"Public HKO open-data design only; no health outcomes joined."
2020-02-12,24.7,18.4,20.6,0,0,0,2020,2,12,"2020-02",43,2599,"early_covid",0,0,0,0.227272727272727,"REAL_PUBLIC_HKO",28,33,12,"Public HKO open-data design only; no health outcomes joined."
2020-02-13,20.5,18.9,19.6,0,0,0,2020,2,13,"2020-02",44,2600,"early_covid",0,0,0,0.227272727272727,"REAL_PUBLIC_HKO",28,33,12,"Public HKO open-data design only; no health outcomes joined."
2020-02-14,22.5,19.5,20.4,0,0,0,2020,2,14,"2020-02",45,2601,"early_covid",0,0,0,0.227272727272727,"REAL_PUBLIC_HKO",28,33,12,"Public HKO open-data design only; no health outcomes joined."
2020-02-15,22.3,19.4,21,0,0,0,2020,2,15,"2020-02",46,2602,"early_covid",0,0,0,0.227272727272727,"REAL_PUBLIC_HKO",28,33,12,"Public HKO open-data design only; no health outcomes joined."
2020-02-16,22.4,10.6,14.2,0,0,1,2020,2,16,"2020-02",47,2603,"early_covid",0,1,0,0.272727272727273,"REAL_PUBLIC_HKO",28,33,12,"Public HKO open-data design only; no health outcomes joined."
2020-02-17,18,10.3,13.6,0,0,1,2020,2,17,"2020-02",48,2604,"early_covid",0,1,0,0.318181818181818,"REAL_PUBLIC_HKO",28,33,12,"Public HKO open-data design only; no health outcomes joined."
2020-02-18,18.4,11.6,14.7,0,0,1,2020,2,18,"2020-02",49,2605,"early_covid",0,1,0,0.318181818181818,"REAL_PUBLIC_HKO",28,33,12,"Public HKO open-data design only; no health outcomes joined."
2020-02-19,19.4,14,16.3,0,0,0,2020,2,19,"2020-02",50,2606,"early_covid",0,0,0,0.272727272727273,"REAL_PUBLIC_HKO",28,33,12,"Public HKO open-data design only; no health outcomes joined."
2020-02-20,21.2,15.4,17.7,0,0,0,2020,2,20,"2020-02",51,2607,"early_covid",0,0,0,0.227272727272727,"REAL_PUBLIC_HKO",28,33,12,"Public HKO open-data design only; no health outcomes joined."
2020-02-21,22.6,16.5,18.9,0,0,0,2020,2,21,"2020-02",52,2608,"early_covid",0,0,0,0.181818181818182,"REAL_PUBLIC_HKO",28,33,12,"Public HKO open-data design only; no health outcomes joined."
2020-02-22,25.5,17.1,20.1,0,0,0,2020,2,22,"2020-02",53,2609,"early_covid",0,0,0,0.136363636363636,"REAL_PUBLIC_HKO",28,33,12,"Public HKO open-data design only; no health outcomes joined."
2020-02-23,23.9,17.5,19.4,0,0,0,2020,2,23,"2020-02",54,2610,"early_covid",0,0,0,0.136363636363636,"REAL_PUBLIC_HKO",28,33,12,"Public HKO open-data design only; no health outcomes joined."
2020-02-24,22,17.5,19.6,0,0,0,2020,2,24,"2020-02",55,2611,"early_covid",0,0,0,0.136363636363636,"REAL_PUBLIC_HKO",28,33,12,"Public HKO open-data design only; no health outcomes joined."
2020-02-25,25,19.7,21.8,0,0,0,2020,2,25,"2020-02",56,2612,"early_covid",0,0,0,0.136363636363636,"REAL_PUBLIC_HKO",28,33,12,"Public HKO open-data design only; no health outcomes joined."
2020-02-26,28.1,20.6,23.3,0,0,0,2020,2,26,"2020-02",57,2613,"early_covid",0,0,0,0.136363636363636,"REAL_PUBLIC_HKO",28,33,12,"Public HKO open-data design only; no health outcomes joined."
2020-02-27,22.6,19.1,20.5,0,0,0,2020,2,27,"2020-02",58,2614,"early_covid",0,0,0,0.136363636363636,"REAL_PUBLIC_HKO",28,33,12,"Public HKO open-data design only; no health outcomes joined."
2020-02-28,25.3,18.1,20.8,0,0,0,2020,2,28,"2020-02",59,2615,"early_covid",0,0,0,0.136363636363636,"REAL_PUBLIC_HKO",28,33,12,"Public HKO open-data design only; no health outcomes joined."
2020-02-29,26.6,20.2,22.5,0,0,0,2020,2,29,"2020-02",60,2616,"early_covid",0,0,0,0.136363636363636,"REAL_PUBLIC_HKO",28,33,12,"Public HKO open-data design only; no health outcomes joined."
2020-03-01,26.6,20.4,22.8,0,0,0,2020,3,1,"2020-03",61,2617,"early_covid",0,0,0,0.136363636363636,"REAL_PUBLIC_HKO",28,33,12,"Public HKO open-data design only; no health outcomes joined."
2020-03-02,21.8,18.8,20.1,0,0,0,2020,3,2,"2020-03",62,2618,"early_covid",0,0,0,0.136363636363636,"REAL_PUBLIC_HKO",28,33,12,"Public HKO open-data design only; no health outcomes joined."
2020-03-03,21,18.2,19.4,0,0,0,2020,3,3,"2020-03",63,2619,"early_covid",0,0,0,0.136363636363636,"REAL_PUBLIC_HKO",28,33,12,"Public HKO open-data design only; no health outcomes joined."
2020-03-04,21.5,18.2,19.9,0,0,0,2020,3,4,"2020-03",64,2620,"early_covid",0,0,0,0.136363636363636,"REAL_PUBLIC_HKO",28,33,12,"Public HKO open-data design only; no health outcomes joined."
2020-03-05,20.7,16.5,18.2,0,0,0,2020,3,5,"2020-03",65,2621,"early_covid",0,0,0,0.136363636363636,"REAL_PUBLIC_HKO",28,33,12,"Public HKO open-data design only; no health outcomes joined."
2020-03-06,19.8,17.2,18.3,0,0,0,2020,3,6,"2020-03",66,2622,"early_covid",0,0,0,0.136363636363636,"REAL_PUBLIC_HKO",28,33,12,"Public HKO open-data design only; no health outcomes joined."
2020-03-07,24.3,18.8,20.6,0,0,0,2020,3,7,"2020-03",67,2623,"early_covid",0,0,0,0.136363636363636,"REAL_PUBLIC_HKO",28,33,12,"Public HKO open-data design only; no health outcomes joined."
2020-03-08,23.6,20.9,22.1,0,0,0,2020,3,8,"2020-03",68,2624,"early_covid",0,0,0,0.136363636363636,"REAL_PUBLIC_HKO",28,33,12,"Public HKO open-data design only; no health outcomes joined."
2020-03-09,26.8,20.8,23.4,0,0,0,2020,3,9,"2020-03",69,2625,"early_covid",0,0,0,0.0909090909090909,"REAL_PUBLIC_HKO",28,33,12,"Public HKO open-data design only; no health outcomes joined."
2020-03-10,26.7,20.7,23.4,0,0,0,2020,3,10,"2020-03",70,2626,"early_covid",0,0,0,0.0454545454545455,"REAL_PUBLIC_HKO",28,33,12,"Public HKO open-data design only; no health outcomes joined."
2020-03-11,20.8,17.9,19.2,0,0,0,2020,3,11,"2020-03",71,2627,"early_covid",0,0,0,0,"REAL_PUBLIC_HKO",28,33,12,"Public HKO open-data design only; no health outcomes joined."
2020-03-12,20.2,18,19.2,0,0,0,2020,3,12,"2020-03",72,2628,"early_covid",0,0,0,0,"REAL_PUBLIC_HKO",28,33,12,"Public HKO open-data design only; no health outcomes joined."
2020-03-13,25,19.3,21.4,0,0,0,2020,3,13,"2020-03",73,2629,"early_covid",0,0,0,0,"REAL_PUBLIC_HKO",28,33,12,"Public HKO open-data design only; no health outcomes joined."
2020-03-14,25.9,19.8,21.6,0,0,0,2020,3,14,"2020-03",74,2630,"early_covid",0,0,0,0,"REAL_PUBLIC_HKO",28,33,12,"Public HKO open-data design only; no health outcomes joined."
2020-03-15,23,18.9,20.2,0,0,0,2020,3,15,"2020-03",75,2631,"early_covid",0,0,0,0,"REAL_PUBLIC_HKO",28,33,12,"Public HKO open-data design only; no health outcomes joined."
2020-03-16,22.8,18.5,20.3,0,0,0,2020,3,16,"2020-03",76,2632,"early_covid",0,0,0,0,"REAL_PUBLIC_HKO",28,33,12,"Public HKO open-data design only; no health outcomes joined."
2020-03-17,21.7,19.5,20.3,0,0,0,2020,3,17,"2020-03",77,2633,"early_covid",0,0,0,0,"REAL_PUBLIC_HKO",28,33,12,"Public HKO open-data design only; no health outcomes joined."
2020-03-18,21.6,19.7,20.5,0,0,0,2020,3,18,"2020-03",78,2634,"early_covid",0,0,0,0,"REAL_PUBLIC_HKO",28,33,12,"Public HKO open-data design only; no health outcomes joined."
2020-03-19,23,20.3,21.1,0,0,0,2020,3,19,"2020-03",79,2635,"early_covid",0,0,0,0,"REAL_PUBLIC_HKO",28,33,12,"Public HKO open-data design only; no health outcomes joined."
2020-03-20,23,20.5,21.2,0,0,0,2020,3,20,"2020-03",80,2636,"early_covid",0,0,0,0,"REAL_PUBLIC_HKO",28,33,12,"Public HKO open-data design only; no health outcomes joined."
2020-03-21,23,20.2,21.2,0,0,0,2020,3,21,"2020-03",81,2637,"early_covid",0,0,0,0,"REAL_PUBLIC_HKO",28,33,12,"Public HKO open-data design only; no health outcomes joined."
2020-03-22,28.5,21.6,24.2,0,0,0,2020,3,22,"2020-03",82,2638,"early_covid",0,0,0,0,"REAL_PUBLIC_HKO",28,33,12,"Public HKO open-data design only; no health outcomes joined."
2020-03-23,28.5,22,24.6,0,0,0,2020,3,23,"2020-03",83,2639,"early_covid",0,0,0,0,"REAL_PUBLIC_HKO",28,33,12,"Public HKO open-data design only; no health outcomes joined."
2020-03-24,26.6,21,22.8,0,0,0,2020,3,24,"2020-03",84,2640,"early_covid",0,0,0,0,"REAL_PUBLIC_HKO",28,33,12,"Public HKO open-data design only; no health outcomes joined."
2020-03-25,26.5,21.2,22.8,0,0,0,2020,3,25,"2020-03",85,2641,"early_covid",0,0,0,0,"REAL_PUBLIC_HKO",28,33,12,"Public HKO open-data design only; no health outcomes joined."
2020-03-26,26.3,22,23.3,0,0,0,2020,3,26,"2020-03",86,2642,"early_covid",0,0,0,0,"REAL_PUBLIC_HKO",28,33,12,"Public HKO open-data design only; no health outcomes joined."
2020-03-27,27.7,22.4,24.4,0,0,0,2020,3,27,"2020-03",87,2643,"early_covid",0,0,0,0,"REAL_PUBLIC_HKO",28,33,12,"Public HKO open-data design only; no health outcomes joined."
2020-03-28,25.9,19.8,22.8,0,0,0,2020,3,28,"2020-03",88,2644,"early_covid",0,0,0,0,"REAL_PUBLIC_HKO",28,33,12,"Public HKO open-data design only; no health outcomes joined."
2020-03-29,21.9,19.1,20.2,0,0,0,2020,3,29,"2020-03",89,2645,"early_covid",0,0,0,0,"REAL_PUBLIC_HKO",28,33,12,"Public HKO open-data design only; no health outcomes joined."
2020-03-30,21.4,19.7,20.4,0,0,0,2020,3,30,"2020-03",90,2646,"early_covid",0,0,0,0,"REAL_PUBLIC_HKO",28,33,12,"Public HKO open-data design only; no health outcomes joined."
2020-03-31,21.3,19.2,20.3,0,0,0,2020,3,31,"2020-03",91,2647,"early_covid",0,0,0,0,"REAL_PUBLIC_HKO",28,33,12,"Public HKO open-data design only; no health outcomes joined."
2020-04-01,21.3,18.9,19.7,0,0,0,2020,4,1,"2020-04",92,2648,"early_covid",0,0,0,0,"REAL_PUBLIC_HKO",28,33,12,"Public HKO open-data design only; no health outcomes joined."
2020-04-02,20.7,19.3,19.9,0,0,0,2020,4,2,"2020-04",93,2649,"early_covid",0,0,0,0,"REAL_PUBLIC_HKO",28,33,12,"Public HKO open-data design only; no health outcomes joined."
2020-04-03,21.3,19.4,20.4,0,0,0,2020,4,3,"2020-04",94,2650,"early_covid",0,0,0,0,"REAL_PUBLIC_HKO",28,33,12,"Public HKO open-data design only; no health outcomes joined."
2020-04-04,24.1,19.7,20.8,0,0,0,2020,4,4,"2020-04",95,2651,"early_covid",0,0,0,0,"REAL_PUBLIC_HKO",28,33,12,"Public HKO open-data design only; no health outcomes joined."
2020-04-05,19.9,16.9,18.2,0,0,0,2020,4,5,"2020-04",96,2652,"early_covid",0,0,0,0,"REAL_PUBLIC_HKO",28,33,12,"Public HKO open-data design only; no health outcomes joined."
2020-04-06,17.9,16.1,17.1,0,0,0,2020,4,6,"2020-04",97,2653,"early_covid",0,0,0,0,"REAL_PUBLIC_HKO",28,33,12,"Public HKO open-data design only; no health outcomes joined."
2020-04-07,21.1,17.2,19.1,0,0,0,2020,4,7,"2020-04",98,2654,"early_covid",0,0,0,0,"REAL_PUBLIC_HKO",28,33,12,"Public HKO open-data design only; no health outcomes joined."
2020-04-08,24,18.7,20.6,0,0,0,2020,4,8,"2020-04",99,2655,"early_covid",0,0,0,0,"REAL_PUBLIC_HKO",28,33,12,"Public HKO open-data design only; no health outcomes joined."
2020-04-09,25.6,18.8,21.6,0,0,0,2020,4,9,"2020-04",100,2656,"early_covid",0,0,0,0,"REAL_PUBLIC_HKO",28,33,12,"Public HKO open-data design only; no health outcomes joined."
2020-04-10,24.6,19.9,21.7,0,0,0,2020,4,10,"2020-04",101,2657,"early_covid",0,0,0,0,"REAL_PUBLIC_HKO",28,33,12,"Public HKO open-data design only; no health outcomes joined."
2020-04-11,24.3,20.5,22.5,0,0,0,2020,4,11,"2020-04",102,2658,"early_covid",0,0,0,0,"REAL_PUBLIC_HKO",28,33,12,"Public HKO open-data design only; no health outcomes joined."
2020-04-12,25.6,18.1,20.8,0,0,0,2020,4,12,"2020-04",103,2659,"early_covid",0,0,0,0,"REAL_PUBLIC_HKO",28,33,12,"Public HKO open-data design only; no health outcomes joined."
2020-04-13,25.4,16.4,20.2,0,0,0,2020,4,13,"2020-04",104,2660,"early_covid",0,0,0,0,"REAL_PUBLIC_HKO",28,33,12,"Public HKO open-data design only; no health outcomes joined."
2020-04-14,24.1,19.6,21.1,0,0,0,2020,4,14,"2020-04",105,2661,"early_covid",0,0,0,0,"REAL_PUBLIC_HKO",28,33,12,"Public HKO open-data design only; no health outcomes joined."
2020-04-15,25.9,19,22.2,0,0,0,2020,4,15,"2020-04",106,2662,"early_covid",0,0,0,0,"REAL_PUBLIC_HKO",28,33,12,"Public HKO open-data design only; no health outcomes joined."
2020-04-16,28.3,20,23.3,0,0,0,2020,4,16,"2020-04",107,2663,"early_covid",0,0,0,0,"REAL_PUBLIC_HKO",28,33,12,"Public HKO open-data design only; no health outcomes joined."
2020-04-17,28.3,22,24.1,0,0,0,2020,4,17,"2020-04",108,2664,"early_covid",0,0,0,0,"REAL_PUBLIC_HKO",28,33,12,"Public HKO open-data design only; no health outcomes joined."
2020-04-18,27.8,22.4,24.4,0,0,0,2020,4,18,"2020-04",109,2665,"early_covid",0,0,0,0,"REAL_PUBLIC_HKO",28,33,12,"Public HKO open-data design only; no health outcomes joined."
2020-04-19,30,23.7,25.9,0,0,0,2020,4,19,"2020-04",110,2666,"early_covid",0,0,0,0,"REAL_PUBLIC_HKO",28,33,12,"Public HKO open-data design only; no health outcomes joined."
2020-04-20,29.4,24.6,26.4,0,0,0,2020,4,20,"2020-04",111,2667,"early_covid",0,0,0,0,"REAL_PUBLIC_HKO",28,33,12,"Public HKO open-data design only; no health outcomes joined."
2020-04-21,30,24.9,26.7,0,0,0,2020,4,21,"2020-04",112,2668,"early_covid",0,0,0,0,"REAL_PUBLIC_HKO",28,33,12,"Public HKO open-data design only; no health outcomes joined."
2020-04-22,25.7,19.4,22.1,0,0,0,2020,4,22,"2020-04",113,2669,"early_covid",0,0,0,0,"REAL_PUBLIC_HKO",28,33,12,"Public HKO open-data design only; no health outcomes joined."
2020-04-23,21.7,19.4,20.6,0,0,0,2020,4,23,"2020-04",114,2670,"early_covid",0,0,0,0,"REAL_PUBLIC_HKO",28,33,12,"Public HKO open-data design only; no health outcomes joined."
2020-04-24,21.4,18.1,19.4,0,0,0,2020,4,24,"2020-04",115,2671,"early_covid",0,0,0,0,"REAL_PUBLIC_HKO",28,33,12,"Public HKO open-data design only; no health outcomes joined."
2020-04-25,22.7,18.4,20.5,0,0,0,2020,4,25,"2020-04",116,2672,"early_covid",0,0,0,0,"REAL_PUBLIC_HKO",28,33,12,"Public HKO open-data design only; no health outcomes joined."
2020-04-26,27.8,19.9,23.1,0,0,0,2020,4,26,"2020-04",117,2673,"early_covid",0,0,0,0,"REAL_PUBLIC_HKO",28,33,12,"Public HKO open-data design only; no health outcomes joined."
2020-04-27,28.5,21.6,24.4,0,0,0,2020,4,27,"2020-04",118,2674,"early_covid",0,0,0,0,"REAL_PUBLIC_HKO",28,33,12,"Public HKO open-data design only; no health outcomes joined."
2020-04-28,27.9,22.4,24.3,0,0,0,2020,4,28,"2020-04",119,2675,"early_covid",0,0,0,0,"REAL_PUBLIC_HKO",28,33,12,"Public HKO open-data design only; no health outcomes joined."
2020-04-29,28.5,21.7,24.2,0,0,0,2020,4,29,"2020-04",120,2676,"early_covid",0,0,0,0,"REAL_PUBLIC_HKO",28,33,12,"Public HKO open-data design only; no health outcomes joined."
2020-04-30,30.3,22.2,25.3,0,0,0,2020,4,30,"2020-04",121,2677,"early_covid",0,0,0,0,"REAL_PUBLIC_HKO",28,33,12,"Public HKO open-data design only; no health outcomes joined."
2020-05-01,30.2,23.6,25.7,0,0,0,2020,5,1,"2020-05",122,2678,"early_covid",0,0,0,0,"REAL_PUBLIC_HKO",28,33,12,"Public HKO open-data design only; no health outcomes joined."
2020-05-02,30,23.9,26.3,0,0,0,2020,5,2,"2020-05",123,2679,"early_covid",0,0,0,0,"REAL_PUBLIC_HKO",28,33,12,"Public HKO open-data design only; no health outcomes joined."
2020-05-03,31.3,24.9,27.3,0,0,0,2020,5,3,"2020-05",124,2680,"early_covid",0,0,0,0,"REAL_PUBLIC_HKO",28,33,12,"Public HKO open-data design only; no health outcomes joined."
2020-05-04,31.5,25.9,27.8,0,0,0,2020,5,4,"2020-05",125,2681,"early_covid",0,0,0,0,"REAL_PUBLIC_HKO",28,33,12,"Public HKO open-data design only; no health outcomes joined."
2020-05-05,29.9,26.6,27.9,0,0,0,2020,5,5,"2020-05",126,2682,"early_covid",0,0,0,0,"REAL_PUBLIC_HKO",28,33,12,"Public HKO open-data design only; no health outcomes joined."
2020-05-06,31.4,27.2,28.7,0,0,0,2020,5,6,"2020-05",127,2683,"early_covid",0,0,0,0,"REAL_PUBLIC_HKO",28,33,12,"Public HKO open-data design only; no health outcomes joined."
2020-05-07,30.8,27.7,29,0,0,0,2020,5,7,"2020-05",128,2684,"early_covid",0,0,0,0,"REAL_PUBLIC_HKO",28,33,12,"Public HKO open-data design only; no health outcomes joined."
2020-05-08,32,28.2,29.3,1,0,0,2020,5,8,"2020-05",129,2685,"early_covid",1,0,0.166666666666667,0,"REAL_PUBLIC_HKO",28,33,12,"Public HKO open-data design only; no health outcomes joined."
2020-05-09,31.7,27.7,29.2,0,0,0,2020,5,9,"2020-05",130,2686,"early_covid",0,0,0.166666666666667,0,"REAL_PUBLIC_HKO",28,33,12,"Public HKO open-data design only; no health outcomes joined."
2020-05-10,32.4,26.4,29,0,0,0,2020,5,10,"2020-05",131,2687,"early_covid",0,0,0.166666666666667,0,"REAL_PUBLIC_HKO",28,33,12,"Public HKO open-data design only; no health outcomes joined."
2020-05-11,33.5,24.2,28.9,0,1,0,2020,5,11,"2020-05",132,2688,"early_covid",0,0,0.166666666666667,0,"REAL_PUBLIC_HKO",28,33,12,"Public HKO open-data design only; no health outcomes joined."
2020-05-12,30.4,24.4,27,0,0,0,2020,5,12,"2020-05",133,2689,"early_covid",0,0,0.166666666666667,0,"REAL_PUBLIC_HKO",28,33,12,"Public HKO open-data design only; no health outcomes joined."
2020-05-13,28,25.8,26.6,0,0,0,2020,5,13,"2020-05",134,2690,"early_covid",0,0,0.166666666666667,0,"REAL_PUBLIC_HKO",28,33,12,"Public HKO open-data design only; no health outcomes joined."
2020-05-14,29.8,25.1,27.1,0,0,0,2020,5,14,"2020-05",135,2691,"early_covid",0,0,0,0,"REAL_PUBLIC_HKO",28,33,12,"Public HKO open-data design only; no health outcomes joined."
2020-05-15,31.7,26.7,28.5,0,0,0,2020,5,15,"2020-05",136,2692,"early_covid",0,0,0,0,"REAL_PUBLIC_HKO",28,33,12,"Public HKO open-data design only; no health outcomes joined."
2020-05-16,32.9,26.5,28.9,0,0,0,2020,5,16,"2020-05",137,2693,"early_covid",0,0,0,0,"REAL_PUBLIC_HKO",28,33,12,"Public HKO open-data design only; no health outcomes joined."
2020-05-17,32.5,26.7,28.9,0,0,0,2020,5,17,"2020-05",138,2694,"early_covid",0,0,0,0,"REAL_PUBLIC_HKO",28,33,12,"Public HKO open-data design only; no health outcomes joined."
2020-05-18,28.6,24.1,25.8,0,0,0,2020,5,18,"2020-05",139,2695,"early_covid",0,0,0,0,"REAL_PUBLIC_HKO",28,33,12,"Public HKO open-data design only; no health outcomes joined."
2020-05-19,31.7,25.6,28,0,0,0,2020,5,19,"2020-05",140,2696,"early_covid",0,0,0,0,"REAL_PUBLIC_HKO",28,33,12,"Public HKO open-data design only; no health outcomes joined."
2020-05-20,28.5,26.7,27.6,0,0,0,2020,5,20,"2020-05",141,2697,"early_covid",0,0,0,0,"REAL_PUBLIC_HKO",28,33,12,"Public HKO open-data design only; no health outcomes joined."
2020-05-21,29.5,25.5,27.6,0,0,0,2020,5,21,"2020-05",142,2698,"early_covid",0,0,0,0,"REAL_PUBLIC_HKO",28,33,12,"Public HKO open-data design only; no health outcomes joined."
2020-05-22,29.4,27,27.9,0,0,0,2020,5,22,"2020-05",143,2699,"early_covid",0,0,0,0,"REAL_PUBLIC_HKO",28,33,12,"Public HKO open-data design only; no health outcomes joined."
2020-05-23,27,24.9,25.7,0,0,0,2020,5,23,"2020-05",144,2700,"early_covid",0,0,0,0,"REAL_PUBLIC_HKO",28,33,12,"Public HKO open-data design only; no health outcomes joined."
2020-05-24,29.4,25.2,26.7,0,0,0,2020,5,24,"2020-05",145,2701,"early_covid",0,0,0,0,"REAL_PUBLIC_HKO",28,33,12,"Public HKO open-data design only; no health outcomes joined."
2020-05-25,28.1,24.8,26.6,0,0,0,2020,5,25,"2020-05",146,2702,"early_covid",0,0,0,0,"REAL_PUBLIC_HKO",28,33,12,"Public HKO open-data design only; no health outcomes joined."
2020-05-26,31.1,26.6,28.3,0,0,0,2020,5,26,"2020-05",147,2703,"early_covid",0,0,0,0,"REAL_PUBLIC_HKO",28,33,12,"Public HKO open-data design only; no health outcomes joined."
2020-05-27,30.5,26.5,28.2,0,0,0,2020,5,27,"2020-05",148,2704,"early_covid",0,0,0,0,"REAL_PUBLIC_HKO",28,33,12,"Public HKO open-data design only; no health outcomes joined."
2020-05-28,29.5,26.7,27.7,0,0,0,2020,5,28,"2020-05",149,2705,"early_covid",0,0,0,0,"REAL_PUBLIC_HKO",28,33,12,"Public HKO open-data design only; no health outcomes joined."
2020-05-29,30.8,26.7,28.2,0,0,0,2020,5,29,"2020-05",150,2706,"early_covid",0,0,0,0,"REAL_PUBLIC_HKO",28,33,12,"Public HKO open-data design only; no health outcomes joined."
2020-05-30,28.5,24.4,26,0,0,0,2020,5,30,"2020-05",151,2707,"early_covid",0,0,0,0,"REAL_PUBLIC_HKO",28,33,12,"Public HKO open-data design only; no health outcomes joined."
2020-05-31,31,27.1,29.2,0,0,0,2020,5,31,"2020-05",152,2708,"early_covid",0,0,0,0,"REAL_PUBLIC_HKO",28,33,12,"Public HKO open-data design only; no health outcomes joined."
2020-06-01,32.2,28.7,29.9,1,0,0,2020,6,1,"2020-06",153,2709,"early_covid",1,0,0.166666666666667,0,"REAL_PUBLIC_HKO",28,33,12,"Public HKO open-data design only; no health outcomes joined."
2020-06-02,30.5,27.4,29,0,0,0,2020,6,2,"2020-06",154,2710,"early_covid",0,0,0.166666666666667,0,"REAL_PUBLIC_HKO",28,33,12,"Public HKO open-data design only; no health outcomes joined."
2020-06-03,32.1,28.7,29.8,1,0,0,2020,6,3,"2020-06",155,2711,"early_covid",1,0,0.333333333333333,0,"REAL_PUBLIC_HKO",28,33,12,"Public HKO open-data design only; no health outcomes joined."
2020-06-04,32.7,28.7,30.1,1,0,0,2020,6,4,"2020-06",156,2712,"early_covid",1,0,0.5,0,"REAL_PUBLIC_HKO",28,33,12,"Public HKO open-data design only; no health outcomes joined."
2020-06-05,32.3,27.5,30,0,0,0,2020,6,5,"2020-06",157,2713,"early_covid",0,0,0.5,0,"REAL_PUBLIC_HKO",28,33,12,"Public HKO open-data design only; no health outcomes joined."
2020-06-06,29.9,24.1,26.8,0,0,0,2020,6,6,"2020-06",158,2714,"early_covid",0,0,0.5,0,"REAL_PUBLIC_HKO",28,33,12,"Public HKO open-data design only; no health outcomes joined."
2020-06-07,29.4,24.6,27.7,0,0,0,2020,6,7,"2020-06",159,2715,"early_covid",0,0,0.333333333333333,0,"REAL_PUBLIC_HKO",28,33,12,"Public HKO open-data design only; no health outcomes joined."
2020-06-08,29.3,25.2,28.6,0,0,0,2020,6,8,"2020-06",160,2716,"early_covid",0,0,0.333333333333333,0,"REAL_PUBLIC_HKO",28,33,12,"Public HKO open-data design only; no health outcomes joined."
2020-06-09,31.4,28.1,29.4,1,0,0,2020,6,9,"2020-06",161,2717,"early_covid",1,0,0.333333333333333,0,"REAL_PUBLIC_HKO",28,33,12,"Public HKO open-data design only; no health outcomes joined."
2020-06-10,31.7,28.3,29.8,1,0,0,2020,6,10,"2020-06",162,2718,"early_covid",1,0,0.333333333333333,0,"REAL_PUBLIC_HKO",28,33,12,"Public HKO open-data design only; no health outcomes joined."
2020-06-11,33.9,28.1,30.2,1,1,0,2020,6,11,"2020-06",163,2719,"early_covid",1,0,0.5,0,"REAL_PUBLIC_HKO",28,33,12,"Public HKO open-data design only; no health outcomes joined."
2020-06-12,35,27.8,30.4,0,1,0,2020,6,12,"2020-06",164,2720,"early_covid",0,0,0.5,0,"REAL_PUBLIC_HKO",28,33,12,"Public HKO open-data design only; no health outcomes joined."
2020-06-13,33.7,27.6,29.8,0,1,0,2020,6,13,"2020-06",165,2721,"early_covid",0,0,0.5,0,"REAL_PUBLIC_HKO",28,33,12,"Public HKO open-data design only; no health outcomes joined."
2020-06-14,31.5,26,28,0,0,0,2020,6,14,"2020-06",166,2722,"early_covid",0,0,0.5,0,"REAL_PUBLIC_HKO",28,33,12,"Public HKO open-data design only; no health outcomes joined."
2020-06-15,32.6,26.3,29.3,0,0,0,2020,6,15,"2020-06",167,2723,"early_covid",0,0,0.333333333333333,0,"REAL_PUBLIC_HKO",28,33,12,"Public HKO open-data design only; no health outcomes joined."
2020-06-16,31.1,26.8,28.6,0,0,0,2020,6,16,"2020-06",168,2724,"early_covid",0,0,0.166666666666667,0,"REAL_PUBLIC_HKO",28,33,12,"Public HKO open-data design only; no health outcomes joined."
2020-06-17,31.7,27.5,29.1,0,0,0,2020,6,17,"2020-06",169,2725,"early_covid",0,0,0,0,"REAL_PUBLIC_HKO",28,33,12,"Public HKO open-data design only; no health outcomes joined."
2020-06-18,31.8,27.7,29.5,0,0,0,2020,6,18,"2020-06",170,2726,"early_covid",0,0,0,0,"REAL_PUBLIC_HKO",28,33,12,"Public HKO open-data design only; no health outcomes joined."
2020-06-19,32.4,28.2,29.9,1,0,0,2020,6,19,"2020-06",171,2727,"early_covid",1,0,0.166666666666667,0,"REAL_PUBLIC_HKO",28,33,12,"Public HKO open-data design only; no health outcomes joined."
2020-06-20,32.7,28.3,30,1,0,0,2020,6,20,"2020-06",172,2728,"early_covid",1,0,0.333333333333333,0,"REAL_PUBLIC_HKO",28,33,12,"Public HKO open-data design only; no health outcomes joined."
2020-06-21,32.6,28.7,30.2,1,0,0,2020,6,21,"2020-06",173,2729,"early_covid",1,0,0.5,0,"REAL_PUBLIC_HKO",28,33,12,"Public HKO open-data design only; no health outcomes joined."
2020-06-22,32.6,29.2,30.4,1,0,0,2020,6,22,"2020-06",174,2730,"early_covid",1,0,0.666666666666667,0,"REAL_PUBLIC_HKO",28,33,12,"Public HKO open-data design only; no health outcomes joined."
2020-06-23,32.6,29.1,30.3,1,0,0,2020,6,23,"2020-06",175,2731,"early_covid",1,0,0.833333333333333,0,"REAL_PUBLIC_HKO",28,33,12,"Public HKO open-data design only; no health outcomes joined."
2020-06-24,32.9,29,30.4,1,0,0,2020,6,24,"2020-06",176,2732,"early_covid",1,0,1,0,"REAL_PUBLIC_HKO",28,33,12,"Public HKO open-data design only; no health outcomes joined."
2020-06-25,32.4,29.1,30.2,1,0,0,2020,6,25,"2020-06",177,2733,"early_covid",1,0,1,0,"REAL_PUBLIC_HKO",28,33,12,"Public HKO open-data design only; no health outcomes joined."
2020-06-26,32,29.4,30.3,1,0,0,2020,6,26,"2020-06",178,2734,"early_covid",1,0,1,0,"REAL_PUBLIC_HKO",28,33,12,"Public HKO open-data design only; no health outcomes joined."
2020-06-27,32.5,28.5,30.2,1,0,0,2020,6,27,"2020-06",179,2735,"early_covid",1,0,1,0,"REAL_PUBLIC_HKO",28,33,12,"Public HKO open-data design only; no health outcomes joined."
2020-06-28,33,28.5,30.4,1,1,0,2020,6,28,"2020-06",180,2736,"early_covid",1,0,1,0,"REAL_PUBLIC_HKO",28,33,12,"Public HKO open-data design only; no health outcomes joined."
2020-06-29,34.2,28.2,30.5,1,1,0,2020,6,29,"2020-06",181,2737,"early_covid",1,0,1,0,"REAL_PUBLIC_HKO",28,33,12,"Public HKO open-data design only; no health outcomes joined."
2020-06-30,34.9,28.7,30.7,1,1,0,2020,6,30,"2020-06",182,2738,"early_covid",1,0,1,0,"REAL_PUBLIC_HKO",28,33,12,"Public HKO open-data design only; no health outcomes joined."
2020-07-01,32.7,28.9,30.2,1,0,0,2020,7,1,"2020-07",183,2739,"early_covid",1,0,1,0,"REAL_PUBLIC_HKO",28,33,12,"Public HKO open-data design only; no health outcomes joined."
2020-07-02,33.3,27.7,30.2,0,1,0,2020,7,2,"2020-07",184,2740,"early_covid",0,0,0.833333333333333,0,"REAL_PUBLIC_HKO",28,33,12,"Public HKO open-data design only; no health outcomes joined."
2020-07-03,33.1,27.3,29.2,0,1,0,2020,7,3,"2020-07",185,2741,"early_covid",0,0,0.666666666666667,0,"REAL_PUBLIC_HKO",28,33,12,"Public HKO open-data design only; no health outcomes joined."
2020-07-04,33.3,27.5,29.8,0,1,0,2020,7,4,"2020-07",186,2742,"early_covid",0,0,0.5,0,"REAL_PUBLIC_HKO",28,33,12,"Public HKO open-data design only; no health outcomes joined."
2020-07-05,32.9,28,30,1,0,0,2020,7,5,"2020-07",187,2743,"early_covid",1,0,0.5,0,"REAL_PUBLIC_HKO",28,33,12,"Public HKO open-data design only; no health outcomes joined."
2020-07-06,32.3,28.3,30.1,1,0,0,2020,7,6,"2020-07",188,2744,"early_covid",1,0,0.5,0,"REAL_PUBLIC_HKO",28,33,12,"Public HKO open-data design only; no health outcomes joined."
2020-07-07,32.7,28.5,30.1,1,0,0,2020,7,7,"2020-07",189,2745,"early_covid",1,0,0.5,0,"REAL_PUBLIC_HKO",28,33,12,"Public HKO open-data design only; no health outcomes joined."
2020-07-08,32.2,29,30,1,0,0,2020,7,8,"2020-07",190,2746,"early_covid",1,0,0.666666666666667,0,"REAL_PUBLIC_HKO",28,33,12,"Public HKO open-data design only; no health outcomes joined."
2020-07-09,31.9,29,30.1,1,0,0,2020,7,9,"2020-07",191,2747,"early_covid",1,0,0.833333333333333,0,"REAL_PUBLIC_HKO",28,33,12,"Public HKO open-data design only; no health outcomes joined."
2020-07-10,32.2,29.3,30.3,1,0,0,2020,7,10,"2020-07",192,2748,"early_covid",1,0,1,0,"REAL_PUBLIC_HKO",28,33,12,"Public HKO open-data design only; no health outcomes joined."
2020-07-11,33.4,29.2,30.4,1,1,0,2020,7,11,"2020-07",193,2749,"early_covid",1,0,1,0,"REAL_PUBLIC_HKO",28,33,12,"Public HKO open-data design only; no health outcomes joined."
2020-07-12,33.5,29.1,30.4,1,1,0,2020,7,12,"2020-07",194,2750,"early_covid",1,0,1,0,"REAL_PUBLIC_HKO",28,33,12,"Public HKO open-data design only; no health outcomes joined."
2020-07-13,33.2,28.7,30.5,1,1,0,2020,7,13,"2020-07",195,2751,"early_covid",1,0,1,0,"REAL_PUBLIC_HKO",28,33,12,"Public HKO open-data design only; no health outcomes joined."
2020-07-14,33.6,28.6,30.6,1,1,0,2020,7,14,"2020-07",196,2752,"early_covid",1,0,1,0,"REAL_PUBLIC_HKO",28,33,12,"Public HKO open-data design only; no health outcomes joined."
2020-07-15,33.9,28.8,30.5,1,1,0,2020,7,15,"2020-07",197,2753,"early_covid",1,0,1,0,"REAL_PUBLIC_HKO",28,33,12,"Public HKO open-data design only; no health outcomes joined."
2020-07-16,32.7,27.4,30.4,0,0,0,2020,7,16,"2020-07",198,2754,"early_covid",0,0,0.833333333333333,0,"REAL_PUBLIC_HKO",28,33,12,"Public HKO open-data design only; no health outcomes joined."
2020-07-17,33.4,27.8,30.3,0,1,0,2020,7,17,"2020-07",199,2755,"early_covid",0,0,0.666666666666667,0,"REAL_PUBLIC_HKO",28,33,12,"Public HKO open-data design only; no health outcomes joined."
2020-07-18,33.2,28.9,30.4,1,1,0,2020,7,18,"2020-07",200,2756,"early_covid",1,0,0.666666666666667,0,"REAL_PUBLIC_HKO",28,33,12,"Public HKO open-data design only; no health outcomes joined."
2020-07-19,32.9,28.8,30.3,1,0,0,2020,7,19,"2020-07",201,2757,"early_covid",1,0,0.666666666666667,0,"REAL_PUBLIC_HKO",28,33,12,"Public HKO open-data design only; no health outcomes joined."
2020-07-20,32.2,27.5,29.9,0,0,0,2020,7,20,"2020-07",202,2758,"early_covid",0,0,0.5,0,"REAL_PUBLIC_HKO",28,33,12,"Public HKO open-data design only; no health outcomes joined."
2020-07-21,34.7,28.1,30.4,1,1,0,2020,7,21,"2020-07",203,2759,"early_covid",1,0,0.5,0,"REAL_PUBLIC_HKO",28,33,12,"Public HKO open-data design only; no health outcomes joined."
2020-07-22,33.1,27.7,30,0,1,0,2020,7,22,"2020-07",204,2760,"early_covid",0,0,0.5,0,"REAL_PUBLIC_HKO",28,33,12,"Public HKO open-data design only; no health outcomes joined."
2020-07-23,35.3,28.6,31,1,1,0,2020,7,23,"2020-07",205,2761,"early_covid",1,0,0.666666666666667,0,"REAL_PUBLIC_HKO",28,33,12,"Public HKO open-data design only; no health outcomes joined."
2020-07-24,33.9,28.8,30.8,1,1,0,2020,7,24,"2020-07",206,2762,"early_covid",1,0,0.666666666666667,0,"REAL_PUBLIC_HKO",28,33,12,"Public HKO open-data design only; no health outcomes joined."
2020-07-25,34,28.8,30.7,1,1,0,2020,7,25,"2020-07",207,2763,"early_covid",1,0,0.666666666666667,0,"REAL_PUBLIC_HKO",28,33,12,"Public HKO open-data design only; no health outcomes joined."
2020-07-26,34.9,28.9,30.8,1,1,0,2020,7,26,"2020-07",208,2764,"early_covid",1,0,0.833333333333333,0,"REAL_PUBLIC_HKO",28,33,12,"Public HKO open-data design only; no health outcomes joined."
2020-07-27,33.5,28.4,30.5,1,1,0,2020,7,27,"2020-07",209,2765,"early_covid",1,0,0.833333333333333,0,"REAL_PUBLIC_HKO",28,33,12,"Public HKO open-data design only; no health outcomes joined."
2020-07-28,35,27.9,30.8,0,1,0,2020,7,28,"2020-07",210,2766,"early_covid",0,0,0.833333333333333,0,"REAL_PUBLIC_HKO",28,33,12,"Public HKO open-data design only; no health outcomes joined."
2020-07-29,34.9,28.6,30.5,1,1,0,2020,7,29,"2020-07",211,2767,"early_covid",1,0,0.833333333333333,0,"REAL_PUBLIC_HKO",28,33,12,"Public HKO open-data design only; no health outcomes joined."
2020-07-30,34.9,26,30.2,0,1,0,2020,7,30,"2020-07",212,2768,"early_covid",0,0,0.666666666666667,0,"REAL_PUBLIC_HKO",28,33,12,"Public HKO open-data design only; no health outcomes joined."
2020-07-31,29.7,25.9,27.9,0,0,0,2020,7,31,"2020-07",213,2769,"early_covid",0,0,0.5,0,"REAL_PUBLIC_HKO",28,33,12,"Public HKO open-data design only; no health outcomes joined."
2020-08-01,29.4,25.9,27.7,0,0,0,2020,8,1,"2020-08",214,2770,"early_covid",0,0,0.333333333333333,0,"REAL_PUBLIC_HKO",28,33,12,"Public HKO open-data design only; no health outcomes joined."
2020-08-02,29.4,26.2,27.5,0,0,0,2020,8,2,"2020-08",215,2771,"early_covid",0,0,0.166666666666667,0,"REAL_PUBLIC_HKO",28,33,12,"Public HKO open-data design only; no health outcomes joined."
2020-08-03,27.8,25.7,26.5,0,0,0,2020,8,3,"2020-08",216,2772,"early_covid",0,0,0.166666666666667,0,"REAL_PUBLIC_HKO",28,33,12,"Public HKO open-data design only; no health outcomes joined."
2020-08-04,30.1,26.1,27.5,0,0,0,2020,8,4,"2020-08",217,2773,"early_covid",0,0,0,0,"REAL_PUBLIC_HKO",28,33,12,"Public HKO open-data design only; no health outcomes joined."
2020-08-05,31.9,24.9,27.8,0,0,0,2020,8,5,"2020-08",218,2774,"early_covid",0,0,0,0,"REAL_PUBLIC_HKO",28,33,12,"Public HKO open-data design only; no health outcomes joined."
2020-08-06,33.5,25.2,29.1,0,1,0,2020,8,6,"2020-08",219,2775,"early_covid",0,0,0,0,"REAL_PUBLIC_HKO",28,33,12,"Public HKO open-data design only; no health outcomes joined."
2020-08-07,33.9,27.6,30.1,0,1,0,2020,8,7,"2020-08",220,2776,"early_covid",0,0,0,0,"REAL_PUBLIC_HKO",28,33,12,"Public HKO open-data design only; no health outcomes joined."
2020-08-08,34.4,28.4,30.5,1,1,0,2020,8,8,"2020-08",221,2777,"early_covid",1,0,0.166666666666667,0,"REAL_PUBLIC_HKO",28,33,12,"Public HKO open-data design only; no health outcomes joined."
2020-08-09,33.4,27.8,29.9,0,1,0,2020,8,9,"2020-08",222,2778,"early_covid",0,0,0.166666666666667,0,"REAL_PUBLIC_HKO",28,33,12,"Public HKO open-data design only; no health outcomes joined."
2020-08-10,33,28.3,30,1,1,0,2020,8,10,"2020-08",223,2779,"early_covid",1,0,0.333333333333333,0,"REAL_PUBLIC_HKO",28,33,12,"Public HKO open-data design only; no health outcomes joined."
2020-08-11,32.2,29,30.3,1,0,0,2020,8,11,"2020-08",224,2780,"early_covid",1,0,0.5,0,"REAL_PUBLIC_HKO",28,33,12,"Public HKO open-data design only; no health outcomes joined."
2020-08-12,29.5,26.6,27.8,0,0,0,2020,8,12,"2020-08",225,2781,"early_covid",0,0,0.5,0,"REAL_PUBLIC_HKO",28,33,12,"Public HKO open-data design only; no health outcomes joined."
2020-08-13,31.2,26,28.1,0,0,0,2020,8,13,"2020-08",226,2782,"early_covid",0,0,0.5,0,"REAL_PUBLIC_HKO",28,33,12,"Public HKO open-data design only; no health outcomes joined."
2020-08-14,33.4,26.2,29.3,0,1,0,2020,8,14,"2020-08",227,2783,"early_covid",0,0,0.333333333333333,0,"REAL_PUBLIC_HKO",28,33,12,"Public HKO open-data design only; no health outcomes joined."
2020-08-15,33,27.9,29.8,0,1,0,2020,8,15,"2020-08",228,2784,"early_covid",0,0,0.333333333333333,0,"REAL_PUBLIC_HKO",28,33,12,"Public HKO open-data design only; no health outcomes joined."
2020-08-16,33.8,26.8,30.1,0,1,0,2020,8,16,"2020-08",229,2785,"early_covid",0,0,0.166666666666667,0,"REAL_PUBLIC_HKO",28,33,12,"Public HKO open-data design only; no health outcomes joined."
2020-08-17,31.4,26.4,28.2,0,0,0,2020,8,17,"2020-08",230,2786,"early_covid",0,0,0,0,"REAL_PUBLIC_HKO",28,33,12,"Public HKO open-data design only; no health outcomes joined."
2020-08-18,29.9,25.6,27.3,0,0,0,2020,8,18,"2020-08",231,2787,"early_covid",0,0,0,0,"REAL_PUBLIC_HKO",28,33,12,"Public HKO open-data design only; no health outcomes joined."
2020-08-19,27.9,24.9,26.6,0,0,0,2020,8,19,"2020-08",232,2788,"early_covid",0,0,0,0,"REAL_PUBLIC_HKO",28,33,12,"Public HKO open-data design only; no health outcomes joined."
2020-08-20,32.2,27.2,29,0,0,0,2020,8,20,"2020-08",233,2789,"early_covid",0,0,0,0,"REAL_PUBLIC_HKO",28,33,12,"Public HKO open-data design only; no health outcomes joined."
2020-08-21,33.5,27.6,29.8,0,1,0,2020,8,21,"2020-08",234,2790,"early_covid",0,0,0,0,"REAL_PUBLIC_HKO",28,33,12,"Public HKO open-data design only; no health outcomes joined."
2020-08-22,33.3,27.2,29.7,0,1,0,2020,8,22,"2020-08",235,2791,"early_covid",0,0,0,0,"REAL_PUBLIC_HKO",28,33,12,"Public HKO open-data design only; no health outcomes joined."
2020-08-23,33.8,27.5,29.8,0,1,0,2020,8,23,"2020-08",236,2792,"early_covid",0,0,0,0,"REAL_PUBLIC_HKO",28,33,12,"Public HKO open-data design only; no health outcomes joined."
2020-08-24,33.4,27.9,30.2,0,1,0,2020,8,24,"2020-08",237,2793,"early_covid",0,0,0,0,"REAL_PUBLIC_HKO",28,33,12,"Public HKO open-data design only; no health outcomes joined."
2020-08-25,33.8,28.6,30.6,1,1,0,2020,8,25,"2020-08",238,2794,"early_covid",1,0,0.166666666666667,0,"REAL_PUBLIC_HKO",28,33,12,"Public HKO open-data design only; no health outcomes joined."
2020-08-26,32.7,26.5,29.7,0,0,0,2020,8,26,"2020-08",239,2795,"early_covid",0,0,0.166666666666667,0,"REAL_PUBLIC_HKO",28,33,12,"Public HKO open-data design only; no health outcomes joined."
2020-08-27,31,26.4,28.5,0,0,0,2020,8,27,"2020-08",240,2796,"early_covid",0,0,0.166666666666667,0,"REAL_PUBLIC_HKO",28,33,12,"Public HKO open-data design only; no health outcomes joined."
2020-08-28,34.2,25,28.9,0,1,0,2020,8,28,"2020-08",241,2797,"early_covid",0,0,0.166666666666667,0,"REAL_PUBLIC_HKO",28,33,12,"Public HKO open-data design only; no health outcomes joined."
2020-08-29,33.2,27.8,29.9,0,1,0,2020,8,29,"2020-08",242,2798,"early_covid",0,0,0.166666666666667,0,"REAL_PUBLIC_HKO",28,33,12,"Public HKO open-data design only; no health outcomes joined."
2020-08-30,32.4,28,29.6,1,0,0,2020,8,30,"2020-08",243,2799,"early_covid",1,0,0.333333333333333,0,"REAL_PUBLIC_HKO",28,33,12,"Public HKO open-data design only; no health outcomes joined."
2020-08-31,34.3,28.2,29.8,1,1,0,2020,8,31,"2020-08",244,2800,"early_covid",1,0,0.333333333333333,0,"REAL_PUBLIC_HKO",28,33,12,"Public HKO open-data design only; no health outcomes joined."
2020-09-01,33.6,28,30.3,1,1,0,2020,9,1,"2020-09",245,2801,"early_covid",1,0,0.5,0,"REAL_PUBLIC_HKO",28,33,12,"Public HKO open-data design only; no health outcomes joined."
2020-09-02,34.2,28,30,1,1,0,2020,9,2,"2020-09",246,2802,"early_covid",1,0,0.666666666666667,0,"REAL_PUBLIC_HKO",28,33,12,"Public HKO open-data design only; no health outcomes joined."
2020-09-03,33.6,28.5,30.2,1,1,0,2020,9,3,"2020-09",247,2803,"early_covid",1,0,0.833333333333333,0,"REAL_PUBLIC_HKO",28,33,12,"Public HKO open-data design only; no health outcomes joined."
2020-09-04,32.3,28.4,29.8,1,0,0,2020,9,4,"2020-09",248,2804,"early_covid",1,0,1,0,"REAL_PUBLIC_HKO",28,33,12,"Public HKO open-data design only; no health outcomes joined."
2020-09-05,30.6,25.2,28.4,0,0,0,2020,9,5,"2020-09",249,2805,"early_covid",0,0,0.833333333333333,0,"REAL_PUBLIC_HKO",28,33,12,"Public HKO open-data design only; no health outcomes joined."
2020-09-06,32.3,27.2,29.1,0,0,0,2020,9,6,"2020-09",250,2806,"early_covid",0,0,0.666666666666667,0,"REAL_PUBLIC_HKO",28,33,12,"Public HKO open-data design only; no health outcomes joined."
2020-09-07,33.3,26.8,29.4,0,1,0,2020,9,7,"2020-09",251,2807,"early_covid",0,0,0.5,0,"REAL_PUBLIC_HKO",28,33,12,"Public HKO open-data design only; no health outcomes joined."
2020-09-08,29,25.3,27.1,0,0,0,2020,9,8,"2020-09",252,2808,"early_covid",0,0,0.333333333333333,0,"REAL_PUBLIC_HKO",28,33,12,"Public HKO open-data design only; no health outcomes joined."
2020-09-09,30.7,26.8,27.9,0,0,0,2020,9,9,"2020-09",253,2809,"early_covid",0,0,0.166666666666667,0,"REAL_PUBLIC_HKO",28,33,12,"Public HKO open-data design only; no health outcomes joined."
2020-09-10,32.1,26,28.5,0,0,0,2020,9,10,"2020-09",254,2810,"early_covid",0,0,0,0,"REAL_PUBLIC_HKO",28,33,12,"Public HKO open-data design only; no health outcomes joined."
2020-09-11,30.4,27.2,28.9,0,0,0,2020,9,11,"2020-09",255,2811,"early_covid",0,0,0,0,"REAL_PUBLIC_HKO",28,33,12,"Public HKO open-data design only; no health outcomes joined."
2020-09-12,32.4,26.2,28.2,0,0,0,2020,9,12,"2020-09",256,2812,"early_covid",0,0,0,0,"REAL_PUBLIC_HKO",28,33,12,"Public HKO open-data design only; no health outcomes joined."
2020-09-13,32.5,25.8,28.4,0,0,0,2020,9,13,"2020-09",257,2813,"early_covid",0,0,0,0,"REAL_PUBLIC_HKO",28,33,12,"Public HKO open-data design only; no health outcomes joined."
2020-09-14,31,25.6,28.1,0,0,0,2020,9,14,"2020-09",258,2814,"early_covid",0,0,0,0,"REAL_PUBLIC_HKO",28,33,12,"Public HKO open-data design only; no health outcomes joined."
2020-09-15,28.8,26.4,27.3,0,0,0,2020,9,15,"2020-09",259,2815,"early_covid",0,0,0,0,"REAL_PUBLIC_HKO",28,33,12,"Public HKO open-data design only; no health outcomes joined."
2020-09-16,32.9,27.3,29.5,0,0,0,2020,9,16,"2020-09",260,2816,"early_covid",0,0,0,0,"REAL_PUBLIC_HKO",28,33,12,"Public HKO open-data design only; no health outcomes joined."
2020-09-17,31.4,26.8,28.7,0,0,0,2020,9,17,"2020-09",261,2817,"early_covid",0,0,0,0,"REAL_PUBLIC_HKO",28,33,12,"Public HKO open-data design only; no health outcomes joined."
2020-09-18,30.2,26.4,28.3,0,0,0,2020,9,18,"2020-09",262,2818,"early_covid",0,0,0,0,"REAL_PUBLIC_HKO",28,33,12,"Public HKO open-data design only; no health outcomes joined."
2020-09-19,30.3,25.9,27.2,0,0,0,2020,9,19,"2020-09",263,2819,"early_covid",0,0,0,0,"REAL_PUBLIC_HKO",28,33,12,"Public HKO open-data design only; no health outcomes joined."
2020-09-20,32.1,26.4,28.6,0,0,0,2020,9,20,"2020-09",264,2820,"early_covid",0,0,0,0,"REAL_PUBLIC_HKO",28,33,12,"Public HKO open-data design only; no health outcomes joined."
2020-09-21,29.7,25.5,27.4,0,0,0,2020,9,21,"2020-09",265,2821,"early_covid",0,0,0,0,"REAL_PUBLIC_HKO",28,33,12,"Public HKO open-data design only; no health outcomes joined."
2020-09-22,31.4,26.6,28.6,0,0,0,2020,9,22,"2020-09",266,2822,"early_covid",0,0,0,0,"REAL_PUBLIC_HKO",28,33,12,"Public HKO open-data design only; no health outcomes joined."
2020-09-23,31.9,27.4,29.1,0,0,0,2020,9,23,"2020-09",267,2823,"early_covid",0,0,0,0,"REAL_PUBLIC_HKO",28,33,12,"Public HKO open-data design only; no health outcomes joined."
2020-09-24,31.3,27.1,28.5,0,0,0,2020,9,24,"2020-09",268,2824,"early_covid",0,0,0,0,"REAL_PUBLIC_HKO",28,33,12,"Public HKO open-data design only; no health outcomes joined."
2020-09-25,31.4,26.6,28.3,0,0,0,2020,9,25,"2020-09",269,2825,"early_covid",0,0,0,0,"REAL_PUBLIC_HKO",28,33,12,"Public HKO open-data design only; no health outcomes joined."
2020-09-26,29.7,27.1,28,0,0,0,2020,9,26,"2020-09",270,2826,"early_covid",0,0,0,0,"REAL_PUBLIC_HKO",28,33,12,"Public HKO open-data design only; no health outcomes joined."
2020-09-27,29.4,26.2,27.7,0,0,0,2020,9,27,"2020-09",271,2827,"early_covid",0,0,0,0,"REAL_PUBLIC_HKO",28,33,12,"Public HKO open-data design only; no health outcomes joined."
2020-09-28,27.4,25.7,26.6,0,0,0,2020,9,28,"2020-09",272,2828,"early_covid",0,0,0,0,"REAL_PUBLIC_HKO",28,33,12,"Public HKO open-data design only; no health outcomes joined."
2020-09-29,28.9,26,26.9,0,0,0,2020,9,29,"2020-09",273,2829,"early_covid",0,0,0,0,"REAL_PUBLIC_HKO",28,33,12,"Public HKO open-data design only; no health outcomes joined."
2020-09-30,31.1,25.3,27.4,0,0,0,2020,9,30,"2020-09",274,2830,"early_covid",0,0,0,0,"REAL_PUBLIC_HKO",28,33,12,"Public HKO open-data design only; no health outcomes joined."
2020-10-01,28.8,25.3,26.7,0,0,0,2020,10,1,"2020-10",275,2831,"early_covid",0,0,0,0,"REAL_PUBLIC_HKO",28,33,12,"Public HKO open-data design only; no health outcomes joined."
2020-10-02,30.4,26.2,27.6,0,0,0,2020,10,2,"2020-10",276,2832,"early_covid",0,0,0,0,"REAL_PUBLIC_HKO",28,33,12,"Public HKO open-data design only; no health outcomes joined."
2020-10-03,31.9,26.7,28.3,0,0,0,2020,10,3,"2020-10",277,2833,"early_covid",0,0,0,0,"REAL_PUBLIC_HKO",28,33,12,"Public HKO open-data design only; no health outcomes joined."
2020-10-04,31.4,26.8,28.4,0,0,0,2020,10,4,"2020-10",278,2834,"early_covid",0,0,0,0,"REAL_PUBLIC_HKO",28,33,12,"Public HKO open-data design only; no health outcomes joined."
2020-10-05,30.6,25,28,0,0,0,2020,10,5,"2020-10",279,2835,"early_covid",0,0,0,0,"REAL_PUBLIC_HKO",28,33,12,"Public HKO open-data design only; no health outcomes joined."
2020-10-06,27.4,24.9,25.9,0,0,0,2020,10,6,"2020-10",280,2836,"early_covid",0,0,0,0,"REAL_PUBLIC_HKO",28,33,12,"Public HKO open-data design only; no health outcomes joined."
2020-10-07,26.3,24.1,24.9,0,0,0,2020,10,7,"2020-10",281,2837,"early_covid",0,0,0,0,"REAL_PUBLIC_HKO",28,33,12,"Public HKO open-data design only; no health outcomes joined."
2020-10-08,28.8,23.1,25.2,0,0,0,2020,10,8,"2020-10",282,2838,"early_covid",0,0,0,0,"REAL_PUBLIC_HKO",28,33,12,"Public HKO open-data design only; no health outcomes joined."
2020-10-09,30,23.3,26,0,0,0,2020,10,9,"2020-10",283,2839,"early_covid",0,0,0,0,"REAL_PUBLIC_HKO",28,33,12,"Public HKO open-data design only; no health outcomes joined."
2020-10-10,29.7,23.3,26.1,0,0,0,2020,10,10,"2020-10",284,2840,"early_covid",0,0,0,0,"REAL_PUBLIC_HKO",28,33,12,"Public HKO open-data design only; no health outcomes joined."
2020-10-11,30.4,24.7,27,0,0,0,2020,10,11,"2020-10",285,2841,"early_covid",0,0,0,0,"REAL_PUBLIC_HKO",28,33,12,"Public HKO open-data design only; no health outcomes joined."
2020-10-12,30.9,25.6,28,0,0,0,2020,10,12,"2020-10",286,2842,"early_covid",0,0,0,0,"REAL_PUBLIC_HKO",28,33,12,"Public HKO open-data design only; no health outcomes joined."
2020-10-13,26.5,23.8,24.9,0,0,0,2020,10,13,"2020-10",287,2843,"early_covid",0,0,0,0,"REAL_PUBLIC_HKO",28,33,12,"Public HKO open-data design only; no health outcomes joined."
2020-10-14,26.4,24.3,25.5,0,0,0,2020,10,14,"2020-10",288,2844,"early_covid",0,0,0,0,"REAL_PUBLIC_HKO",28,33,12,"Public HKO open-data design only; no health outcomes joined."
2020-10-15,29.4,24.8,26.5,0,0,0,2020,10,15,"2020-10",289,2845,"early_covid",0,0,0,0,"REAL_PUBLIC_HKO",28,33,12,"Public HKO open-data design only; no health outcomes joined."
2020-10-16,31.4,25.1,27,0,0,0,2020,10,16,"2020-10",290,2846,"early_covid",0,0,0,0,"REAL_PUBLIC_HKO",28,33,12,"Public HKO open-data design only; no health outcomes joined."
2020-10-17,28.9,23.8,25.6,0,0,0,2020,10,17,"2020-10",291,2847,"early_covid",0,0,0,0,"REAL_PUBLIC_HKO",28,33,12,"Public HKO open-data design only; no health outcomes joined."
2020-10-18,28.5,22.2,24.9,0,0,0,2020,10,18,"2020-10",292,2848,"early_covid",0,0,0,0,"REAL_PUBLIC_HKO",28,33,12,"Public HKO open-data design only; no health outcomes joined."
2020-10-19,27.9,22.3,24.6,0,0,0,2020,10,19,"2020-10",293,2849,"early_covid",0,0,0,0,"REAL_PUBLIC_HKO",28,33,12,"Public HKO open-data design only; no health outcomes joined."
2020-10-20,29,22.1,25,0,0,0,2020,10,20,"2020-10",294,2850,"early_covid",0,0,0,0,"REAL_PUBLIC_HKO",28,33,12,"Public HKO open-data design only; no health outcomes joined."
2020-10-21,28.4,21.7,24.5,0,0,0,2020,10,21,"2020-10",295,2851,"early_covid",0,0,0,0,"REAL_PUBLIC_HKO",28,33,12,"Public HKO open-data design only; no health outcomes joined."
2020-10-22,28.3,22.8,24.7,0,0,0,2020,10,22,"2020-10",296,2852,"early_covid",0,0,0,0,"REAL_PUBLIC_HKO",28,33,12,"Public HKO open-data design only; no health outcomes joined."
2020-10-23,24.8,21.9,23.5,0,0,0,2020,10,23,"2020-10",297,2853,"early_covid",0,0,0,0,"REAL_PUBLIC_HKO",28,33,12,"Public HKO open-data design only; no health outcomes joined."
2020-10-24,26.3,22.3,23.8,0,0,0,2020,10,24,"2020-10",298,2854,"early_covid",0,0,0,0,"REAL_PUBLIC_HKO",28,33,12,"Public HKO open-data design only; no health outcomes joined."
2020-10-25,28.1,23,24.2,0,0,0,2020,10,25,"2020-10",299,2855,"early_covid",0,0,0,0,"REAL_PUBLIC_HKO",28,33,12,"Public HKO open-data design only; no health outcomes joined."
2020-10-26,28.1,22.8,24.6,0,0,0,2020,10,26,"2020-10",300,2856,"early_covid",0,0,0,0,"REAL_PUBLIC_HKO",28,33,12,"Public HKO open-data design only; no health outcomes joined."
2020-10-27,28.6,22.9,25.1,0,0,0,2020,10,27,"2020-10",301,2857,"early_covid",0,0,0,0,"REAL_PUBLIC_HKO",28,33,12,"Public HKO open-data design only; no health outcomes joined."
2020-10-28,26.7,22.6,24.4,0,0,0,2020,10,28,"2020-10",302,2858,"early_covid",0,0,0,0,"REAL_PUBLIC_HKO",28,33,12,"Public HKO open-data design only; no health outcomes joined."
2020-10-29,26.7,22.6,24.7,0,0,0,2020,10,29,"2020-10",303,2859,"early_covid",0,0,0,0,"REAL_PUBLIC_HKO",28,33,12,"Public HKO open-data design only; no health outcomes joined."
2020-10-30,27,23.2,24.4,0,0,0,2020,10,30,"2020-10",304,2860,"early_covid",0,0,0,0,"REAL_PUBLIC_HKO",28,33,12,"Public HKO open-data design only; no health outcomes joined."
2020-10-31,26,22,23.4,0,0,0,2020,10,31,"2020-10",305,2861,"early_covid",0,0,0,0,"REAL_PUBLIC_HKO",28,33,12,"Public HKO open-data design only; no health outcomes joined."
2020-11-01,27.8,21.9,24,0,0,0,2020,11,1,"2020-11",306,2862,"early_covid",0,0,0,0,"REAL_PUBLIC_HKO",28,33,12,"Public HKO open-data design only; no health outcomes joined."
2020-11-02,29.5,22.6,25.3,0,0,0,2020,11,2,"2020-11",307,2863,"early_covid",0,0,0,0,"REAL_PUBLIC_HKO",28,33,12,"Public HKO open-data design only; no health outcomes joined."
2020-11-03,26.4,21.5,23.6,0,0,0,2020,11,3,"2020-11",308,2864,"early_covid",0,0,0,0,"REAL_PUBLIC_HKO",28,33,12,"Public HKO open-data design only; no health outcomes joined."
2020-11-04,26.1,21.2,23,0,0,0,2020,11,4,"2020-11",309,2865,"early_covid",0,0,0,0,"REAL_PUBLIC_HKO",28,33,12,"Public HKO open-data design only; no health outcomes joined."
2020-11-05,25.6,21.2,22.9,0,0,0,2020,11,5,"2020-11",310,2866,"early_covid",0,0,0,0,"REAL_PUBLIC_HKO",28,33,12,"Public HKO open-data design only; no health outcomes joined."
2020-11-06,28.6,21.3,24.7,0,0,0,2020,11,6,"2020-11",311,2867,"early_covid",0,0,0,0,"REAL_PUBLIC_HKO",28,33,12,"Public HKO open-data design only; no health outcomes joined."
2020-11-07,30.2,23.6,26.8,0,0,0,2020,11,7,"2020-11",312,2868,"early_covid",0,0,0,0,"REAL_PUBLIC_HKO",28,33,12,"Public HKO open-data design only; no health outcomes joined."
2020-11-08,27.5,23.9,25.7,0,0,0,2020,11,8,"2020-11",313,2869,"early_covid",0,0,0,0,"REAL_PUBLIC_HKO",28,33,12,"Public HKO open-data design only; no health outcomes joined."
2020-11-09,26.1,22.1,23.7,0,0,0,2020,11,9,"2020-11",314,2870,"early_covid",0,0,0,0,"REAL_PUBLIC_HKO",28,33,12,"Public HKO open-data design only; no health outcomes joined."
2020-11-10,24.5,21.6,22.9,0,0,0,2020,11,10,"2020-11",315,2871,"early_covid",0,0,0,0,"REAL_PUBLIC_HKO",28,33,12,"Public HKO open-data design only; no health outcomes joined."
2020-11-11,25.3,21.2,22.5,0,0,0,2020,11,11,"2020-11",316,2872,"early_covid",0,0,0,0,"REAL_PUBLIC_HKO",28,33,12,"Public HKO open-data design only; no health outcomes joined."
2020-11-12,25.9,19.9,22.2,0,0,0,2020,11,12,"2020-11",317,2873,"early_covid",0,0,0,0,"REAL_PUBLIC_HKO",28,33,12,"Public HKO open-data design only; no health outcomes joined."
2020-11-13,25.7,21,22.9,0,0,0,2020,11,13,"2020-11",318,2874,"early_covid",0,0,0,0,"REAL_PUBLIC_HKO",28,33,12,"Public HKO open-data design only; no health outcomes joined."
2020-11-14,25,22.5,23.3,0,0,0,2020,11,14,"2020-11",319,2875,"early_covid",0,0,0,0,"REAL_PUBLIC_HKO",28,33,12,"Public HKO open-data design only; no health outcomes joined."
2020-11-15,24.7,21.7,23,0,0,0,2020,11,15,"2020-11",320,2876,"early_covid",0,0,0,0,"REAL_PUBLIC_HKO",28,33,12,"Public HKO open-data design only; no health outcomes joined."
2020-11-16,27.7,21.9,24,0,0,0,2020,11,16,"2020-11",321,2877,"early_covid",0,0,0,0,"REAL_PUBLIC_HKO",28,33,12,"Public HKO open-data design only; no health outcomes joined."
2020-11-17,26.4,22.7,24.2,0,0,0,2020,11,17,"2020-11",322,2878,"early_covid",0,0,0,0,"REAL_PUBLIC_HKO",28,33,12,"Public HKO open-data design only; no health outcomes joined."
2020-11-18,28.5,23.4,24.9,0,0,0,2020,11,18,"2020-11",323,2879,"early_covid",0,0,0,0,"REAL_PUBLIC_HKO",28,33,12,"Public HKO open-data design only; no health outcomes joined."
2020-11-19,28.7,23.4,25.3,0,0,0,2020,11,19,"2020-11",324,2880,"early_covid",0,0,0,0,"REAL_PUBLIC_HKO",28,33,12,"Public HKO open-data design only; no health outcomes joined."
2020-11-20,29.5,24.2,25.9,0,0,0,2020,11,20,"2020-11",325,2881,"early_covid",0,0,0,0,"REAL_PUBLIC_HKO",28,33,12,"Public HKO open-data design only; no health outcomes joined."
2020-11-21,25.2,22.7,23.5,0,0,0,2020,11,21,"2020-11",326,2882,"early_covid",0,0,0,0,"REAL_PUBLIC_HKO",28,33,12,"Public HKO open-data design only; no health outcomes joined."
2020-11-22,28.2,22.6,24.8,0,0,0,2020,11,22,"2020-11",327,2883,"early_covid",0,0,0,0,"REAL_PUBLIC_HKO",28,33,12,"Public HKO open-data design only; no health outcomes joined."
2020-11-23,24,22.4,23,0,0,0,2020,11,23,"2020-11",328,2884,"early_covid",0,0,0,0,"REAL_PUBLIC_HKO",28,33,12,"Public HKO open-data design only; no health outcomes joined."
2020-11-24,25.9,22.2,23.3,0,0,0,2020,11,24,"2020-11",329,2885,"early_covid",0,0,0,0,"REAL_PUBLIC_HKO",28,33,12,"Public HKO open-data design only; no health outcomes joined."
2020-11-25,26.6,21.7,23.5,0,0,0,2020,11,25,"2020-11",330,2886,"early_covid",0,0,0,0,"REAL_PUBLIC_HKO",28,33,12,"Public HKO open-data design only; no health outcomes joined."
2020-11-26,28,21.9,24,0,0,0,2020,11,26,"2020-11",331,2887,"early_covid",0,0,0,0,"REAL_PUBLIC_HKO",28,33,12,"Public HKO open-data design only; no health outcomes joined."
2020-11-27,25.8,20.8,22.8,0,0,0,2020,11,27,"2020-11",332,2888,"early_covid",0,0,0,0,"REAL_PUBLIC_HKO",28,33,12,"Public HKO open-data design only; no health outcomes joined."
2020-11-28,22.7,18.4,20.4,0,0,0,2020,11,28,"2020-11",333,2889,"early_covid",0,0,0,0,"REAL_PUBLIC_HKO",28,33,12,"Public HKO open-data design only; no health outcomes joined."
2020-11-29,23,18,20,0,0,0,2020,11,29,"2020-11",334,2890,"early_covid",0,0,0,0,"REAL_PUBLIC_HKO",28,33,12,"Public HKO open-data design only; no health outcomes joined."
2020-11-30,22.3,16.4,19.2,0,0,0,2020,11,30,"2020-11",335,2891,"early_covid",0,0,0,0,"REAL_PUBLIC_HKO",28,33,12,"Public HKO open-data design only; no health outcomes joined."
2020-12-01,22.4,17,19.7,0,0,0,2020,12,1,"2020-12",336,2892,"early_covid",0,0,0,0,"REAL_PUBLIC_HKO",28,33,12,"Public HKO open-data design only; no health outcomes joined."
2020-12-02,22.7,17.4,19.9,0,0,0,2020,12,2,"2020-12",337,2893,"early_covid",0,0,0,0,"REAL_PUBLIC_HKO",28,33,12,"Public HKO open-data design only; no health outcomes joined."
2020-12-03,20.6,15.4,17.4,0,0,0,2020,12,3,"2020-12",338,2894,"early_covid",0,0,0,0,"REAL_PUBLIC_HKO",28,33,12,"Public HKO open-data design only; no health outcomes joined."
2020-12-04,18.5,13.8,15.9,0,0,0,2020,12,4,"2020-12",339,2895,"early_covid",0,0,0,0,"REAL_PUBLIC_HKO",28,33,12,"Public HKO open-data design only; no health outcomes joined."
2020-12-05,19.8,13.9,16.8,0,0,0,2020,12,5,"2020-12",340,2896,"early_covid",0,0,0,0,"REAL_PUBLIC_HKO",28,33,12,"Public HKO open-data design only; no health outcomes joined."
2020-12-06,21.6,15.4,18.2,0,0,0,2020,12,6,"2020-12",341,2897,"early_covid",0,0,0,0,"REAL_PUBLIC_HKO",28,33,12,"Public HKO open-data design only; no health outcomes joined."
2020-12-07,23.2,18.1,20.7,0,0,0,2020,12,7,"2020-12",342,2898,"early_covid",0,0,0,0,"REAL_PUBLIC_HKO",28,33,12,"Public HKO open-data design only; no health outcomes joined."
2020-12-08,21.9,17.8,19.9,0,0,0,2020,12,8,"2020-12",343,2899,"early_covid",0,0,0,0,"REAL_PUBLIC_HKO",28,33,12,"Public HKO open-data design only; no health outcomes joined."
2020-12-09,21.4,18.4,19.8,0,0,0,2020,12,9,"2020-12",344,2900,"early_covid",0,0,0,0,"REAL_PUBLIC_HKO",28,33,12,"Public HKO open-data design only; no health outcomes joined."
2020-12-10,23.5,18.7,20.9,0,0,0,2020,12,10,"2020-12",345,2901,"early_covid",0,0,0,0,"REAL_PUBLIC_HKO",28,33,12,"Public HKO open-data design only; no health outcomes joined."
2020-12-11,23.6,20.3,21.6,0,0,0,2020,12,11,"2020-12",346,2902,"early_covid",0,0,0,0,"REAL_PUBLIC_HKO",28,33,12,"Public HKO open-data design only; no health outcomes joined."
2020-12-12,22.1,20.2,20.9,0,0,0,2020,12,12,"2020-12",347,2903,"early_covid",0,0,0,0,"REAL_PUBLIC_HKO",28,33,12,"Public HKO open-data design only; no health outcomes joined."
2020-12-13,22.5,20.2,20.9,0,0,0,2020,12,13,"2020-12",348,2904,"early_covid",0,0,0,0,"REAL_PUBLIC_HKO",28,33,12,"Public HKO open-data design only; no health outcomes joined."
2020-12-14,22.1,15.5,19.5,0,0,0,2020,12,14,"2020-12",349,2905,"early_covid",0,0,0,0,"REAL_PUBLIC_HKO",28,33,12,"Public HKO open-data design only; no health outcomes joined."
2020-12-15,16.8,13.4,15.4,0,0,0,2020,12,15,"2020-12",350,2906,"early_covid",0,0,0,0,"REAL_PUBLIC_HKO",28,33,12,"Public HKO open-data design only; no health outcomes joined."
2020-12-16,16.5,13.3,14.8,0,0,0,2020,12,16,"2020-12",351,2907,"early_covid",0,0,0,0,"REAL_PUBLIC_HKO",28,33,12,"Public HKO open-data design only; no health outcomes joined."
2020-12-17,16.5,13.6,14.9,0,0,0,2020,12,17,"2020-12",352,2908,"early_covid",0,0,0,0,"REAL_PUBLIC_HKO",28,33,12,"Public HKO open-data design only; no health outcomes joined."
2020-12-18,19.3,14.7,16.4,0,0,0,2020,12,18,"2020-12",353,2909,"early_covid",0,0,0,0,"REAL_PUBLIC_HKO",28,33,12,"Public HKO open-data design only; no health outcomes joined."
2020-12-19,17.8,12.5,15,0,0,0,2020,12,19,"2020-12",354,2910,"early_covid",0,0,0,0,"REAL_PUBLIC_HKO",28,33,12,"Public HKO open-data design only; no health outcomes joined."
2020-12-20,18.5,11.9,14.9,0,0,1,2020,12,20,"2020-12",355,2911,"early_covid",0,1,0,0.0454545454545455,"REAL_PUBLIC_HKO",28,33,12,"Public HKO open-data design only; no health outcomes joined."
2020-12-21,19.6,13,16.5,0,0,0,2020,12,21,"2020-12",356,2912,"early_covid",0,0,0,0.0454545454545455,"REAL_PUBLIC_HKO",28,33,12,"Public HKO open-data design only; no health outcomes joined."
2020-12-22,19.6,14.7,17.4,0,0,0,2020,12,22,"2020-12",357,2913,"early_covid",0,0,0,0.0454545454545455,"REAL_PUBLIC_HKO",28,33,12,"Public HKO open-data design only; no health outcomes joined."
2020-12-23,19.7,16.9,18.4,0,0,0,2020,12,23,"2020-12",358,2914,"early_covid",0,0,0,0.0454545454545455,"REAL_PUBLIC_HKO",28,33,12,"Public HKO open-data design only; no health outcomes joined."
2020-12-24,22.5,18.3,20,0,0,0,2020,12,24,"2020-12",359,2915,"early_covid",0,0,0,0.0454545454545455,"REAL_PUBLIC_HKO",28,33,12,"Public HKO open-data design only; no health outcomes joined."
2020-12-25,20.9,17.4,18.9,0,0,0,2020,12,25,"2020-12",360,2916,"early_covid",0,0,0,0.0454545454545455,"REAL_PUBLIC_HKO",28,33,12,"Public HKO open-data design only; no health outcomes joined."
2020-12-26,21.1,17,18.7,0,0,0,2020,12,26,"2020-12",361,2917,"early_covid",0,0,0,0.0454545454545455,"REAL_PUBLIC_HKO",28,33,12,"Public HKO open-data design only; no health outcomes joined."
2020-12-27,24.5,17.6,20.4,0,0,0,2020,12,27,"2020-12",362,2918,"early_covid",0,0,0,0.0454545454545455,"REAL_PUBLIC_HKO",28,33,12,"Public HKO open-data design only; no health outcomes joined."
2020-12-28,23.7,18.7,20.6,0,0,0,2020,12,28,"2020-12",363,2919,"early_covid",0,0,0,0.0454545454545455,"REAL_PUBLIC_HKO",28,33,12,"Public HKO open-data design only; no health outcomes joined."
2020-12-29,24.5,18.7,21,0,0,0,2020,12,29,"2020-12",364,2920,"early_covid",0,0,0,0.0454545454545455,"REAL_PUBLIC_HKO",28,33,12,"Public HKO open-data design only; no health outcomes joined."
2020-12-30,21.6,10.6,15.1,0,0,1,2020,12,30,"2020-12",365,2921,"early_covid",0,1,0,0.0909090909090909,"REAL_PUBLIC_HKO",28,33,12,"Public HKO open-data design only; no health outcomes joined."
2020-12-31,14.2,8.1,10.9,0,0,1,2020,12,31,"2020-12",366,2922,"early_covid",0,1,0,0.136363636363636,"REAL_PUBLIC_HKO",28,33,12,"Public HKO open-data design only; no health outcomes joined."
2021-01-01,15,8.6,11.8,0,0,1,2021,1,1,"2021-01",1,2923,"early_covid",0,1,0,0.181818181818182,"REAL_PUBLIC_HKO",28,33,12,"Public HKO open-data design only; no health outcomes joined."
2021-01-02,17.8,10.4,14,0,0,1,2021,1,2,"2021-01",2,2924,"early_covid",0,1,0,0.227272727272727,"REAL_PUBLIC_HKO",28,33,12,"Public HKO open-data design only; no health outcomes joined."
2021-01-03,20.6,13.4,16.7,0,0,0,2021,1,3,"2021-01",3,2925,"early_covid",0,0,0,0.227272727272727,"REAL_PUBLIC_HKO",28,33,12,"Public HKO open-data design only; no health outcomes joined."
2021-01-04,20.7,16.9,18.3,0,0,0,2021,1,4,"2021-01",4,2926,"early_covid",0,0,0,0.227272727272727,"REAL_PUBLIC_HKO",28,33,12,"Public HKO open-data design only; no health outcomes joined."
2021-01-05,21.9,17.3,18.8,0,0,0,2021,1,5,"2021-01",5,2927,"early_covid",0,0,0,0.227272727272727,"REAL_PUBLIC_HKO",28,33,12,"Public HKO open-data design only; no health outcomes joined."
2021-01-06,19.6,16,17.1,0,0,0,2021,1,6,"2021-01",6,2928,"early_covid",0,0,0,0.227272727272727,"REAL_PUBLIC_HKO",28,33,12,"Public HKO open-data design only; no health outcomes joined."
2021-01-07,18.3,10.6,15.3,0,0,1,2021,1,7,"2021-01",7,2929,"early_covid",0,1,0,0.272727272727273,"REAL_PUBLIC_HKO",28,33,12,"Public HKO open-data design only; no health outcomes joined."
2021-01-08,10.7,7.7,9.1,0,0,1,2021,1,8,"2021-01",8,2930,"early_covid",0,1,0,0.318181818181818,"REAL_PUBLIC_HKO",28,33,12,"Public HKO open-data design only; no health outcomes joined."
2021-01-09,13.1,8,10.7,0,0,1,2021,1,9,"2021-01",9,2931,"early_covid",0,1,0,0.363636363636364,"REAL_PUBLIC_HKO",28,33,12,"Public HKO open-data design only; no health outcomes joined."
2021-01-10,15.2,11,12.8,0,0,1,2021,1,10,"2021-01",10,2932,"early_covid",0,1,0,0.409090909090909,"REAL_PUBLIC_HKO",28,33,12,"Public HKO open-data design only; no health outcomes joined."
2021-01-11,12.4,9.2,10.6,0,0,1,2021,1,11,"2021-01",11,2933,"early_covid",0,1,0,0.409090909090909,"REAL_PUBLIC_HKO",28,33,12,"Public HKO open-data design only; no health outcomes joined."
2021-01-12,15.7,8.6,11.9,0,0,1,2021,1,12,"2021-01",12,2934,"early_covid",0,1,0,0.454545454545455,"REAL_PUBLIC_HKO",28,33,12,"Public HKO open-data design only; no health outcomes joined."
2021-01-13,17.8,10.4,13.4,0,0,1,2021,1,13,"2021-01",13,2935,"early_covid",0,1,0,0.5,"REAL_PUBLIC_HKO",28,33,12,"Public HKO open-data design only; no health outcomes joined."
2021-01-14,19.5,11.8,15.2,0,0,1,2021,1,14,"2021-01",14,2936,"early_covid",0,1,0,0.545454545454545,"REAL_PUBLIC_HKO",28,33,12,"Public HKO open-data design only; no health outcomes joined."
2021-01-15,20.9,14.6,17.3,0,0,0,2021,1,15,"2021-01",15,2937,"early_covid",0,0,0,0.545454545454545,"REAL_PUBLIC_HKO",28,33,12,"Public HKO open-data design only; no health outcomes joined."
2021-01-16,20.3,15.8,17.6,0,0,0,2021,1,16,"2021-01",16,2938,"early_covid",0,0,0,0.545454545454545,"REAL_PUBLIC_HKO",28,33,12,"Public HKO open-data design only; no health outcomes joined."
2021-01-17,19.6,14.1,16.6,0,0,0,2021,1,17,"2021-01",17,2939,"early_covid",0,0,0,0.545454545454545,"REAL_PUBLIC_HKO",28,33,12,"Public HKO open-data design only; no health outcomes joined."
2021-01-18,17.3,11.7,14.2,0,0,1,2021,1,18,"2021-01",18,2940,"early_covid",0,1,0,0.590909090909091,"REAL_PUBLIC_HKO",28,33,12,"Public HKO open-data design only; no health outcomes joined."
2021-01-19,17.4,12.6,15.4,0,0,0,2021,1,19,"2021-01",19,2941,"early_covid",0,0,0,0.590909090909091,"REAL_PUBLIC_HKO",28,33,12,"Public HKO open-data design only; no health outcomes joined."
2021-01-20,21.4,16.1,18.2,0,0,0,2021,1,20,"2021-01",20,2942,"early_covid",0,0,0,0.590909090909091,"REAL_PUBLIC_HKO",28,33,12,"Public HKO open-data design only; no health outcomes joined."
2021-01-21,22.8,17.6,20.1,0,0,0,2021,1,21,"2021-01",21,2943,"early_covid",0,0,0,0.545454545454545,"REAL_PUBLIC_HKO",28,33,12,"Public HKO open-data design only; no health outcomes joined."
2021-01-22,24.5,18.2,20.3,0,0,0,2021,1,22,"2021-01",22,2944,"early_covid",0,0,0,0.5,"REAL_PUBLIC_HKO",28,33,12,"Public HKO open-data design only; no health outcomes joined."
2021-01-23,24.4,17.7,20.2,0,0,0,2021,1,23,"2021-01",23,2945,"early_covid",0,0,0,0.454545454545455,"REAL_PUBLIC_HKO",28,33,12,"Public HKO open-data design only; no health outcomes joined."
2021-01-24,20,17.3,18.4,0,0,0,2021,1,24,"2021-01",24,2946,"early_covid",0,0,0,0.409090909090909,"REAL_PUBLIC_HKO",28,33,12,"Public HKO open-data design only; no health outcomes joined."
2021-01-25,22.9,16.9,19.2,0,0,0,2021,1,25,"2021-01",25,2947,"early_covid",0,0,0,0.409090909090909,"REAL_PUBLIC_HKO",28,33,12,"Public HKO open-data design only; no health outcomes joined."
2021-01-26,23.5,17.4,19.6,0,0,0,2021,1,26,"2021-01",26,2948,"early_covid",0,0,0,0.409090909090909,"REAL_PUBLIC_HKO",28,33,12,"Public HKO open-data design only; no health outcomes joined."
2021-01-27,21.9,17.6,18.9,0,0,0,2021,1,27,"2021-01",27,2949,"early_covid",0,0,0,0.409090909090909,"REAL_PUBLIC_HKO",28,33,12,"Public HKO open-data design only; no health outcomes joined."
2021-01-28,22.8,16.5,19.1,0,0,0,2021,1,28,"2021-01",28,2950,"early_covid",0,0,0,0.409090909090909,"REAL_PUBLIC_HKO",28,33,12,"Public HKO open-data design only; no health outcomes joined."
2021-01-29,19.7,14.3,16.6,0,0,0,2021,1,29,"2021-01",29,2951,"early_covid",0,0,0,0.363636363636364,"REAL_PUBLIC_HKO",28,33,12,"Public HKO open-data design only; no health outcomes joined."
2021-01-30,19.5,14.8,16.7,0,0,0,2021,1,30,"2021-01",30,2952,"early_covid",0,0,0,0.318181818181818,"REAL_PUBLIC_HKO",28,33,12,"Public HKO open-data design only; no health outcomes joined."
2021-01-31,21.6,16,18.4,0,0,0,2021,1,31,"2021-01",31,2953,"early_covid",0,0,0,0.272727272727273,"REAL_PUBLIC_HKO",28,33,12,"Public HKO open-data design only; no health outcomes joined."
2021-02-01,25.1,17.2,20.3,0,0,0,2021,2,1,"2021-02",32,2954,"early_covid",0,0,0,0.227272727272727,"REAL_PUBLIC_HKO",28,33,12,"Public HKO open-data design only; no health outcomes joined."
2021-02-02,27.6,17.7,20.9,0,0,0,2021,2,2,"2021-02",33,2955,"early_covid",0,0,0,0.181818181818182,"REAL_PUBLIC_HKO",28,33,12,"Public HKO open-data design only; no health outcomes joined."
2021-02-03,21.7,16.7,18.4,0,0,0,2021,2,3,"2021-02",34,2956,"early_covid",0,0,0,0.136363636363636,"REAL_PUBLIC_HKO",28,33,12,"Public HKO open-data design only; no health outcomes joined."
2021-02-04,23.8,16.8,19.4,0,0,0,2021,2,4,"2021-02",35,2957,"early_covid",0,0,0,0.0909090909090909,"REAL_PUBLIC_HKO",28,33,12,"Public HKO open-data design only; no health outcomes joined."
2021-02-05,23.9,17.3,19.9,0,0,0,2021,2,5,"2021-02",36,2958,"early_covid",0,0,0,0.0454545454545455,"REAL_PUBLIC_HKO",28,33,12,"Public HKO open-data design only; no health outcomes joined."
2021-02-06,25.7,17.5,20.7,0,0,0,2021,2,6,"2021-02",37,2959,"early_covid",0,0,0,0.0454545454545455,"REAL_PUBLIC_HKO",28,33,12,"Public HKO open-data design only; no health outcomes joined."
2021-02-07,24.1,18.1,20.3,0,0,0,2021,2,7,"2021-02",38,2960,"early_covid",0,0,0,0.0454545454545455,"REAL_PUBLIC_HKO",28,33,12,"Public HKO open-data design only; no health outcomes joined."
2021-02-08,22.7,18.2,19.9,0,0,0,2021,2,8,"2021-02",39,2961,"early_covid",0,0,0,0.0454545454545455,"REAL_PUBLIC_HKO",28,33,12,"Public HKO open-data design only; no health outcomes joined."
2021-02-09,19.7,17.3,18.5,0,0,0,2021,2,9,"2021-02",40,2962,"early_covid",0,0,0,0,"REAL_PUBLIC_HKO",28,33,12,"Public HKO open-data design only; no health outcomes joined."
2021-02-10,17.4,15.8,16.5,0,0,0,2021,2,10,"2021-02",41,2963,"early_covid",0,0,0,0,"REAL_PUBLIC_HKO",28,33,12,"Public HKO open-data design only; no health outcomes joined."
2021-02-11,19.9,15.3,17.4,0,0,0,2021,2,11,"2021-02",42,2964,"early_covid",0,0,0,0,"REAL_PUBLIC_HKO",28,33,12,"Public HKO open-data design only; no health outcomes joined."
2021-02-12,22.3,15.5,18.4,0,0,0,2021,2,12,"2021-02",43,2965,"early_covid",0,0,0,0,"REAL_PUBLIC_HKO",28,33,12,"Public HKO open-data design only; no health outcomes joined."
2021-02-13,23.8,16.5,19.2,0,0,0,2021,2,13,"2021-02",44,2966,"early_covid",0,0,0,0,"REAL_PUBLIC_HKO",28,33,12,"Public HKO open-data design only; no health outcomes joined."
2021-02-14,22.8,17.4,19.9,0,0,0,2021,2,14,"2021-02",45,2967,"early_covid",0,0,0,0,"REAL_PUBLIC_HKO",28,33,12,"Public HKO open-data design only; no health outcomes joined."
2021-02-15,26.2,17.8,21.1,0,0,0,2021,2,15,"2021-02",46,2968,"early_covid",0,0,0,0,"REAL_PUBLIC_HKO",28,33,12,"Public HKO open-data design only; no health outcomes joined."
2021-02-16,24.2,18.2,20.3,0,0,0,2021,2,16,"2021-02",47,2969,"early_covid",0,0,0,0,"REAL_PUBLIC_HKO",28,33,12,"Public HKO open-data design only; no health outcomes joined."
2021-02-17,24.6,18.3,20.4,0,0,0,2021,2,17,"2021-02",48,2970,"early_covid",0,0,0,0,"REAL_PUBLIC_HKO",28,33,12,"Public HKO open-data design only; no health outcomes joined."
2021-02-18,22.9,16.7,18.5,0,0,0,2021,2,18,"2021-02",49,2971,"early_covid",0,0,0,0,"REAL_PUBLIC_HKO",28,33,12,"Public HKO open-data design only; no health outcomes joined."
2021-02-19,22.9,15.8,18.5,0,0,0,2021,2,19,"2021-02",50,2972,"early_covid",0,0,0,0,"REAL_PUBLIC_HKO",28,33,12,"Public HKO open-data design only; no health outcomes joined."
2021-02-20,23.9,16.7,19.6,0,0,0,2021,2,20,"2021-02",51,2973,"early_covid",0,0,0,0,"REAL_PUBLIC_HKO",28,33,12,"Public HKO open-data design only; no health outcomes joined."
2021-02-21,24.9,17.3,20.4,0,0,0,2021,2,21,"2021-02",52,2974,"early_covid",0,0,0,0,"REAL_PUBLIC_HKO",28,33,12,"Public HKO open-data design only; no health outcomes joined."
2021-02-22,26,18.4,21.4,0,0,0,2021,2,22,"2021-02",53,2975,"early_covid",0,0,0,0,"REAL_PUBLIC_HKO",28,33,12,"Public HKO open-data design only; no health outcomes joined."
2021-02-23,26.4,18.8,21.7,0,0,0,2021,2,23,"2021-02",54,2976,"early_covid",0,0,0,0,"REAL_PUBLIC_HKO",28,33,12,"Public HKO open-data design only; no health outcomes joined."
2021-02-24,22.9,18.9,20.3,0,0,0,2021,2,24,"2021-02",55,2977,"early_covid",0,0,0,0,"REAL_PUBLIC_HKO",28,33,12,"Public HKO open-data design only; no health outcomes joined."
2021-02-25,22.7,18.8,20.2,0,0,0,2021,2,25,"2021-02",56,2978,"early_covid",0,0,0,0,"REAL_PUBLIC_HKO",28,33,12,"Public HKO open-data design only; no health outcomes joined."
2021-02-26,25.1,20.4,22.3,0,0,0,2021,2,26,"2021-02",57,2979,"early_covid",0,0,0,0,"REAL_PUBLIC_HKO",28,33,12,"Public HKO open-data design only; no health outcomes joined."
2021-02-27,20.8,18.1,18.8,0,0,0,2021,2,27,"2021-02",58,2980,"early_covid",0,0,0,0,"REAL_PUBLIC_HKO",28,33,12,"Public HKO open-data design only; no health outcomes joined."
2021-02-28,22.8,18.1,19.9,0,0,0,2021,2,28,"2021-02",59,2981,"early_covid",0,0,0,0,"REAL_PUBLIC_HKO",28,33,12,"Public HKO open-data design only; no health outcomes joined."
2021-03-01,25,20,21.9,0,0,0,2021,3,1,"2021-03",60,2982,"early_covid",0,0,0,0,"REAL_PUBLIC_HKO",28,33,12,"Public HKO open-data design only; no health outcomes joined."
2021-03-02,25.6,19.1,21.4,0,0,0,2021,3,2,"2021-03",61,2983,"early_covid",0,0,0,0,"REAL_PUBLIC_HKO",28,33,12,"Public HKO open-data design only; no health outcomes joined."
2021-03-03,19.1,17.8,18.4,0,0,0,2021,3,3,"2021-03",62,2984,"early_covid",0,0,0,0,"REAL_PUBLIC_HKO",28,33,12,"Public HKO open-data design only; no health outcomes joined."
2021-03-04,19.4,18.3,18.9,0,0,0,2021,3,4,"2021-03",63,2985,"early_covid",0,0,0,0,"REAL_PUBLIC_HKO",28,33,12,"Public HKO open-data design only; no health outcomes joined."
2021-03-05,21.1,19.2,20.1,0,0,0,2021,3,5,"2021-03",64,2986,"early_covid",0,0,0,0,"REAL_PUBLIC_HKO",28,33,12,"Public HKO open-data design only; no health outcomes joined."
2021-03-06,21.7,19.6,20.5,0,0,0,2021,3,6,"2021-03",65,2987,"early_covid",0,0,0,0,"REAL_PUBLIC_HKO",28,33,12,"Public HKO open-data design only; no health outcomes joined."
2021-03-07,20.5,19.1,19.9,0,0,0,2021,3,7,"2021-03",66,2988,"early_covid",0,0,0,0,"REAL_PUBLIC_HKO",28,33,12,"Public HKO open-data design only; no health outcomes joined."
2021-03-08,22.6,18.3,19.7,0,0,0,2021,3,8,"2021-03",67,2989,"early_covid",0,0,0,0,"REAL_PUBLIC_HKO",28,33,12,"Public HKO open-data design only; no health outcomes joined."
2021-03-09,22.9,18.6,20.1,0,0,0,2021,3,9,"2021-03",68,2990,"early_covid",0,0,0,0,"REAL_PUBLIC_HKO",28,33,12,"Public HKO open-data design only; no health outcomes joined."
2021-03-10,21.7,19.2,19.8,0,0,0,2021,3,10,"2021-03",69,2991,"early_covid",0,0,0,0,"REAL_PUBLIC_HKO",28,33,12,"Public HKO open-data design only; no health outcomes joined."
2021-03-11,24.2,18.8,21,0,0,0,2021,3,11,"2021-03",70,2992,"early_covid",0,0,0,0,"REAL_PUBLIC_HKO",28,33,12,"Public HKO open-data design only; no health outcomes joined."
2021-03-12,27.7,20.2,23.2,0,0,0,2021,3,12,"2021-03",71,2993,"early_covid",0,0,0,0,"REAL_PUBLIC_HKO",28,33,12,"Public HKO open-data design only; no health outcomes joined."
2021-03-13,24.7,20.5,22,0,0,0,2021,3,13,"2021-03",72,2994,"early_covid",0,0,0,0,"REAL_PUBLIC_HKO",28,33,12,"Public HKO open-data design only; no health outcomes joined."
2021-03-14,23.6,20.1,21.3,0,0,0,2021,3,14,"2021-03",73,2995,"early_covid",0,0,0,0,"REAL_PUBLIC_HKO",28,33,12,"Public HKO open-data design only; no health outcomes joined."
2021-03-15,26.3,19.9,22.4,0,0,0,2021,3,15,"2021-03",74,2996,"early_covid",0,0,0,0,"REAL_PUBLIC_HKO",28,33,12,"Public HKO open-data design only; no health outcomes joined."
2021-03-16,28.8,21.1,24,0,0,0,2021,3,16,"2021-03",75,2997,"early_covid",0,0,0,0,"REAL_PUBLIC_HKO",28,33,12,"Public HKO open-data design only; no health outcomes joined."
2021-03-17,28.8,21.8,24.7,0,0,0,2021,3,17,"2021-03",76,2998,"early_covid",0,0,0,0,"REAL_PUBLIC_HKO",28,33,12,"Public HKO open-data design only; no health outcomes joined."
2021-03-18,26.2,22.2,23.4,0,0,0,2021,3,18,"2021-03",77,2999,"early_covid",0,0,0,0,"REAL_PUBLIC_HKO",28,33,12,"Public HKO open-data design only; no health outcomes joined."
2021-03-19,27.7,22.8,24.2,0,0,0,2021,3,19,"2021-03",78,3000,"early_covid",0,0,0,0,"REAL_PUBLIC_HKO",28,33,12,"Public HKO open-data design only; no health outcomes joined."
2021-03-20,29.7,22.3,25,0,0,0,2021,3,20,"2021-03",79,3001,"early_covid",0,0,0,0,"REAL_PUBLIC_HKO",28,33,12,"Public HKO open-data design only; no health outcomes joined."
2021-03-21,24.2,17.2,21.2,0,0,0,2021,3,21,"2021-03",80,3002,"early_covid",0,0,0,0,"REAL_PUBLIC_HKO",28,33,12,"Public HKO open-data design only; no health outcomes joined."
2021-03-22,20.9,15.8,17.8,0,0,0,2021,3,22,"2021-03",81,3003,"early_covid",0,0,0,0,"REAL_PUBLIC_HKO",28,33,12,"Public HKO open-data design only; no health outcomes joined."
2021-03-23,20,17.9,18.9,0,0,0,2021,3,23,"2021-03",82,3004,"early_covid",0,0,0,0,"REAL_PUBLIC_HKO",28,33,12,"Public HKO open-data design only; no health outcomes joined."
2021-03-24,23.5,18.4,20.7,0,0,0,2021,3,24,"2021-03",83,3005,"early_covid",0,0,0,0,"REAL_PUBLIC_HKO",28,33,12,"Public HKO open-data design only; no health outcomes joined."
2021-03-25,25.2,20.7,22.1,0,0,0,2021,3,25,"2021-03",84,3006,"early_covid",0,0,0,0,"REAL_PUBLIC_HKO",28,33,12,"Public HKO open-data design only; no health outcomes joined."
2021-03-26,25.2,19.5,21.6,0,0,0,2021,3,26,"2021-03",85,3007,"early_covid",0,0,0,0,"REAL_PUBLIC_HKO",28,33,12,"Public HKO open-data design only; no health outcomes joined."
2021-03-27,28.6,21.8,24.1,0,0,0,2021,3,27,"2021-03",86,3008,"early_covid",0,0,0,0,"REAL_PUBLIC_HKO",28,33,12,"Public HKO open-data design only; no health outcomes joined."
2021-03-28,28.1,22.6,24.8,0,0,0,2021,3,28,"2021-03",87,3009,"early_covid",0,0,0,0,"REAL_PUBLIC_HKO",28,33,12,"Public HKO open-data design only; no health outcomes joined."
2021-03-29,28.5,23.6,25.6,0,0,0,2021,3,29,"2021-03",88,3010,"early_covid",0,0,0,0,"REAL_PUBLIC_HKO",28,33,12,"Public HKO open-data design only; no health outcomes joined."
2021-03-30,29,25.3,26.6,0,0,0,2021,3,30,"2021-03",89,3011,"early_covid",0,0,0,0,"REAL_PUBLIC_HKO",28,33,12,"Public HKO open-data design only; no health outcomes joined."
2021-03-31,29,25.3,26.5,0,0,0,2021,3,31,"2021-03",90,3012,"early_covid",0,0,0,0,"REAL_PUBLIC_HKO",28,33,12,"Public HKO open-data design only; no health outcomes joined."
2021-04-01,29.4,25.2,26.7,0,0,0,2021,4,1,"2021-04",91,3013,"early_covid",0,0,0,0,"REAL_PUBLIC_HKO",28,33,12,"Public HKO open-data design only; no health outcomes joined."
2021-04-02,30.5,25,26.9,0,0,0,2021,4,2,"2021-04",92,3014,"early_covid",0,0,0,0,"REAL_PUBLIC_HKO",28,33,12,"Public HKO open-data design only; no health outcomes joined."
2021-04-03,30.6,24.4,26.9,0,0,0,2021,4,3,"2021-04",93,3015,"early_covid",0,0,0,0,"REAL_PUBLIC_HKO",28,33,12,"Public HKO open-data design only; no health outcomes joined."
2021-04-04,26.8,22.6,24.7,0,0,0,2021,4,4,"2021-04",94,3016,"early_covid",0,0,0,0,"REAL_PUBLIC_HKO",28,33,12,"Public HKO open-data design only; no health outcomes joined."
2021-04-05,23.2,21.6,22.4,0,0,0,2021,4,5,"2021-04",95,3017,"early_covid",0,0,0,0,"REAL_PUBLIC_HKO",28,33,12,"Public HKO open-data design only; no health outcomes joined."
2021-04-06,27.9,22.1,23.9,0,0,0,2021,4,6,"2021-04",96,3018,"early_covid",0,0,0,0,"REAL_PUBLIC_HKO",28,33,12,"Public HKO open-data design only; no health outcomes joined."
2021-04-07,26,21.8,23.1,0,0,0,2021,4,7,"2021-04",97,3019,"early_covid",0,0,0,0,"REAL_PUBLIC_HKO",28,33,12,"Public HKO open-data design only; no health outcomes joined."
2021-04-08,25.5,22.2,23.2,0,0,0,2021,4,8,"2021-04",98,3020,"early_covid",0,0,0,0,"REAL_PUBLIC_HKO",28,33,12,"Public HKO open-data design only; no health outcomes joined."
2021-04-09,22.4,19.7,21,0,0,0,2021,4,9,"2021-04",99,3021,"early_covid",0,0,0,0,"REAL_PUBLIC_HKO",28,33,12,"Public HKO open-data design only; no health outcomes joined."
2021-04-10,25.9,20.2,22.4,0,0,0,2021,4,10,"2021-04",100,3022,"early_covid",0,0,0,0,"REAL_PUBLIC_HKO",28,33,12,"Public HKO open-data design only; no health outcomes joined."
2021-04-11,27,20.9,23.1,0,0,0,2021,4,11,"2021-04",101,3023,"early_covid",0,0,0,0,"REAL_PUBLIC_HKO",28,33,12,"Public HKO open-data design only; no health outcomes joined."
2021-04-12,28.7,22.2,24.6,0,0,0,2021,4,12,"2021-04",102,3024,"early_covid",0,0,0,0,"REAL_PUBLIC_HKO",28,33,12,"Public HKO open-data design only; no health outcomes joined."
2021-04-13,31.2,23,25.9,0,0,0,2021,4,13,"2021-04",103,3025,"early_covid",0,0,0,0,"REAL_PUBLIC_HKO",28,33,12,"Public HKO open-data design only; no health outcomes joined."
2021-04-14,27,23.3,24.6,0,0,0,2021,4,14,"2021-04",104,3026,"early_covid",0,0,0,0,"REAL_PUBLIC_HKO",28,33,12,"Public HKO open-data design only; no health outcomes joined."
2021-04-15,23.4,21.5,22.2,0,0,0,2021,4,15,"2021-04",105,3027,"early_covid",0,0,0,0,"REAL_PUBLIC_HKO",28,33,12,"Public HKO open-data design only; no health outcomes joined."
2021-04-16,25.1,21.5,22.8,0,0,0,2021,4,16,"2021-04",106,3028,"early_covid",0,0,0,0,"REAL_PUBLIC_HKO",28,33,12,"Public HKO open-data design only; no health outcomes joined."
2021-04-17,23.1,22.3,22.8,0,0,0,2021,4,17,"2021-04",107,3029,"early_covid",0,0,0,0,"REAL_PUBLIC_HKO",28,33,12,"Public HKO open-data design only; no health outcomes joined."
2021-04-18,25.6,22.3,23.2,0,0,0,2021,4,18,"2021-04",108,3030,"early_covid",0,0,0,0,"REAL_PUBLIC_HKO",28,33,12,"Public HKO open-data design only; no health outcomes joined."
2021-04-19,24.9,21.2,22.5,0,0,0,2021,4,19,"2021-04",109,3031,"early_covid",0,0,0,0,"REAL_PUBLIC_HKO",28,33,12,"Public HKO open-data design only; no health outcomes joined."
2021-04-20,27.1,21.4,23.4,0,0,0,2021,4,20,"2021-04",110,3032,"early_covid",0,0,0,0,"REAL_PUBLIC_HKO",28,33,12,"Public HKO open-data design only; no health outcomes joined."
2021-04-21,28.7,22.1,24.5,0,0,0,2021,4,21,"2021-04",111,3033,"early_covid",0,0,0,0,"REAL_PUBLIC_HKO",28,33,12,"Public HKO open-data design only; no health outcomes joined."
2021-04-22,29.4,22.5,25.2,0,0,0,2021,4,22,"2021-04",112,3034,"early_covid",0,0,0,0,"REAL_PUBLIC_HKO",28,33,12,"Public HKO open-data design only; no health outcomes joined."
2021-04-23,32.6,23.9,27.3,0,0,0,2021,4,23,"2021-04",113,3035,"early_covid",0,0,0,0,"REAL_PUBLIC_HKO",28,33,12,"Public HKO open-data design only; no health outcomes joined."
2021-04-24,26.6,24.5,25.4,0,0,0,2021,4,24,"2021-04",114,3036,"early_covid",0,0,0,0,"REAL_PUBLIC_HKO",28,33,12,"Public HKO open-data design only; no health outcomes joined."
2021-04-25,26.5,22.4,24.7,0,0,0,2021,4,25,"2021-04",115,3037,"early_covid",0,0,0,0,"REAL_PUBLIC_HKO",28,33,12,"Public HKO open-data design only; no health outcomes joined."
2021-04-26,25.3,21.8,23.4,0,0,0,2021,4,26,"2021-04",116,3038,"early_covid",0,0,0,0,"REAL_PUBLIC_HKO",28,33,12,"Public HKO open-data design only; no health outcomes joined."
2021-04-27,23.7,22.7,23.2,0,0,0,2021,4,27,"2021-04",117,3039,"early_covid",0,0,0,0,"REAL_PUBLIC_HKO",28,33,12,"Public HKO open-data design only; no health outcomes joined."
2021-04-28,26.9,23,24.4,0,0,0,2021,4,28,"2021-04",118,3040,"early_covid",0,0,0,0,"REAL_PUBLIC_HKO",28,33,12,"Public HKO open-data design only; no health outcomes joined."
2021-04-29,28.2,21.7,24.1,0,0,0,2021,4,29,"2021-04",119,3041,"early_covid",0,0,0,0,"REAL_PUBLIC_HKO",28,33,12,"Public HKO open-data design only; no health outcomes joined."
2021-04-30,30.8,22.5,25.6,0,0,0,2021,4,30,"2021-04",120,3042,"early_covid",0,0,0,0,"REAL_PUBLIC_HKO",28,33,12,"Public HKO open-data design only; no health outcomes joined."
2021-05-01,30,23.8,26.3,0,0,0,2021,5,1,"2021-05",121,3043,"early_covid",0,0,0,0,"REAL_PUBLIC_HKO",28,33,12,"Public HKO open-data design only; no health outcomes joined."
2021-05-02,30.8,24.5,26.5,0,0,0,2021,5,2,"2021-05",122,3044,"early_covid",0,0,0,0,"REAL_PUBLIC_HKO",28,33,12,"Public HKO open-data design only; no health outcomes joined."
2021-05-03,25.4,23.5,24.3,0,0,0,2021,5,3,"2021-05",123,3045,"early_covid",0,0,0,0,"REAL_PUBLIC_HKO",28,33,12,"Public HKO open-data design only; no health outcomes joined."
2021-05-04,31.3,23.1,26.6,0,0,0,2021,5,4,"2021-05",124,3046,"early_covid",0,0,0,0,"REAL_PUBLIC_HKO",28,33,12,"Public HKO open-data design only; no health outcomes joined."
2021-05-05,31.7,23.3,26.6,0,0,0,2021,5,5,"2021-05",125,3047,"early_covid",0,0,0,0,"REAL_PUBLIC_HKO",28,33,12,"Public HKO open-data design only; no health outcomes joined."
2021-05-06,28.6,23.4,25.2,0,0,0,2021,5,6,"2021-05",126,3048,"early_covid",0,0,0,0,"REAL_PUBLIC_HKO",28,33,12,"Public HKO open-data design only; no health outcomes joined."
2021-05-07,30.5,24,26.6,0,0,0,2021,5,7,"2021-05",127,3049,"early_covid",0,0,0,0,"REAL_PUBLIC_HKO",28,33,12,"Public HKO open-data design only; no health outcomes joined."
2021-05-08,30.9,25.4,27.7,0,0,0,2021,5,8,"2021-05",128,3050,"early_covid",0,0,0,0,"REAL_PUBLIC_HKO",28,33,12,"Public HKO open-data design only; no health outcomes joined."
2021-05-09,31.7,26.8,28.3,0,0,0,2021,5,9,"2021-05",129,3051,"early_covid",0,0,0,0,"REAL_PUBLIC_HKO",28,33,12,"Public HKO open-data design only; no health outcomes joined."
2021-05-10,31.8,26.4,28.4,0,0,0,2021,5,10,"2021-05",130,3052,"early_covid",0,0,0,0,"REAL_PUBLIC_HKO",28,33,12,"Public HKO open-data design only; no health outcomes joined."
2021-05-11,31.4,27.7,29.2,0,0,0,2021,5,11,"2021-05",131,3053,"early_covid",0,0,0,0,"REAL_PUBLIC_HKO",28,33,12,"Public HKO open-data design only; no health outcomes joined."
2021-05-12,32.1,28.2,29.6,1,0,0,2021,5,12,"2021-05",132,3054,"early_covid",1,0,0.166666666666667,0,"REAL_PUBLIC_HKO",28,33,12,"Public HKO open-data design only; no health outcomes joined."
2021-05-13,32,28,29.5,1,0,0,2021,5,13,"2021-05",133,3055,"early_covid",1,0,0.333333333333333,0,"REAL_PUBLIC_HKO",28,33,12,"Public HKO open-data design only; no health outcomes joined."
2021-05-14,34,28.1,30,1,1,0,2021,5,14,"2021-05",134,3056,"early_covid",1,0,0.5,0,"REAL_PUBLIC_HKO",28,33,12,"Public HKO open-data design only; no health outcomes joined."
2021-05-15,33.8,27.9,29.9,0,1,0,2021,5,15,"2021-05",135,3057,"early_covid",0,0,0.5,0,"REAL_PUBLIC_HKO",28,33,12,"Public HKO open-data design only; no health outcomes joined."
2021-05-16,33.5,28.2,30.2,1,1,0,2021,5,16,"2021-05",136,3058,"early_covid",1,0,0.666666666666667,0,"REAL_PUBLIC_HKO",28,33,12,"Public HKO open-data design only; no health outcomes joined."
2021-05-17,33.3,28.8,30.4,1,1,0,2021,5,17,"2021-05",137,3059,"early_covid",1,0,0.833333333333333,0,"REAL_PUBLIC_HKO",28,33,12,"Public HKO open-data design only; no health outcomes joined."
2021-05-18,32.5,28.3,30.2,1,0,0,2021,5,18,"2021-05",138,3060,"early_covid",1,0,0.833333333333333,0,"REAL_PUBLIC_HKO",28,33,12,"Public HKO open-data design only; no health outcomes joined."
2021-05-19,33.5,28.8,30.3,1,1,0,2021,5,19,"2021-05",139,3061,"early_covid",1,0,0.833333333333333,0,"REAL_PUBLIC_HKO",28,33,12,"Public HKO open-data design only; no health outcomes joined."
2021-05-20,33.3,29.2,30.5,1,1,0,2021,5,20,"2021-05",140,3062,"early_covid",1,0,0.833333333333333,0,"REAL_PUBLIC_HKO",28,33,12,"Public HKO open-data design only; no health outcomes joined."
2021-05-21,34,29.5,30.7,1,1,0,2021,5,21,"2021-05",141,3063,"early_covid",1,0,1,0,"REAL_PUBLIC_HKO",28,33,12,"Public HKO open-data design only; no health outcomes joined."
2021-05-22,34.3,27.8,30.5,0,1,0,2021,5,22,"2021-05",142,3064,"early_covid",0,0,0.833333333333333,0,"REAL_PUBLIC_HKO",28,33,12,"Public HKO open-data design only; no health outcomes joined."
2021-05-23,36.1,28.9,31.4,1,1,0,2021,5,23,"2021-05",143,3065,"early_covid",1,0,0.833333333333333,0,"REAL_PUBLIC_HKO",28,33,12,"Public HKO open-data design only; no health outcomes joined."
2021-05-24,31.5,27.6,29.8,0,0,0,2021,5,24,"2021-05",144,3066,"early_covid",0,0,0.666666666666667,0,"REAL_PUBLIC_HKO",28,33,12,"Public HKO open-data design only; no health outcomes joined."
2021-05-25,30.1,27.5,28.8,0,0,0,2021,5,25,"2021-05",145,3067,"early_covid",0,0,0.5,0,"REAL_PUBLIC_HKO",28,33,12,"Public HKO open-data design only; no health outcomes joined."
2021-05-26,33.5,27.8,30.1,0,1,0,2021,5,26,"2021-05",146,3068,"early_covid",0,0,0.333333333333333,0,"REAL_PUBLIC_HKO",28,33,12,"Public HKO open-data design only; no health outcomes joined."
2021-05-27,33.2,28.2,30.3,1,1,0,2021,5,27,"2021-05",147,3069,"early_covid",1,0,0.333333333333333,0,"REAL_PUBLIC_HKO",28,33,12,"Public HKO open-data design only; no health outcomes joined."
2021-05-28,33.6,28.5,30.6,1,1,0,2021,5,28,"2021-05",148,3070,"early_covid",1,0,0.5,0,"REAL_PUBLIC_HKO",28,33,12,"Public HKO open-data design only; no health outcomes joined."
2021-05-29,32.8,28.8,30.2,1,0,0,2021,5,29,"2021-05",149,3071,"early_covid",1,0,0.5,0,"REAL_PUBLIC_HKO",28,33,12,"Public HKO open-data design only; no health outcomes joined."
2021-05-30,32.3,29.2,30.3,1,0,0,2021,5,30,"2021-05",150,3072,"early_covid",1,0,0.666666666666667,0,"REAL_PUBLIC_HKO",28,33,12,"Public HKO open-data design only; no health outcomes joined."
2021-05-31,32.4,26.7,29.6,0,0,0,2021,5,31,"2021-05",151,3073,"early_covid",0,0,0.666666666666667,0,"REAL_PUBLIC_HKO",28,33,12,"Public HKO open-data design only; no health outcomes joined."
2021-06-01,29.3,24.1,26.5,0,0,0,2021,6,1,"2021-06",152,3074,"early_covid",0,0,0.666666666666667,0,"REAL_PUBLIC_HKO",28,33,12,"Public HKO open-data design only; no health outcomes joined."
2021-06-02,31.3,25,28.3,0,0,0,2021,6,2,"2021-06",153,3075,"early_covid",0,0,0.5,0,"REAL_PUBLIC_HKO",28,33,12,"Public HKO open-data design only; no health outcomes joined."
2021-06-03,34,27.9,30.3,0,1,0,2021,6,3,"2021-06",154,3076,"early_covid",0,0,0.333333333333333,0,"REAL_PUBLIC_HKO",28,33,12,"Public HKO open-data design only; no health outcomes joined."
2021-06-04,29.8,26.7,28.4,0,0,0,2021,6,4,"2021-06",155,3077,"early_covid",0,0,0.166666666666667,0,"REAL_PUBLIC_HKO",28,33,12,"Public HKO open-data design only; no health outcomes joined."
2021-06-05,29.2,25.6,27.3,0,0,0,2021,6,5,"2021-06",156,3078,"early_covid",0,0,0,0,"REAL_PUBLIC_HKO",28,33,12,"Public HKO open-data design only; no health outcomes joined."
2021-06-06,31.4,26.4,28.2,0,0,0,2021,6,6,"2021-06",157,3079,"early_covid",0,0,0,0,"REAL_PUBLIC_HKO",28,33,12,"Public HKO open-data design only; no health outcomes joined."
2021-06-07,32.2,26.6,28.7,0,0,0,2021,6,7,"2021-06",158,3080,"early_covid",0,0,0,0,"REAL_PUBLIC_HKO",28,33,12,"Public HKO open-data design only; no health outcomes joined."
2021-06-08,33.5,26.5,29.3,0,1,0,2021,6,8,"2021-06",159,3081,"early_covid",0,0,0,0,"REAL_PUBLIC_HKO",28,33,12,"Public HKO open-data design only; no health outcomes joined."
2021-06-09,29.9,26.4,27.9,0,0,0,2021,6,9,"2021-06",160,3082,"early_covid",0,0,0,0,"REAL_PUBLIC_HKO",28,33,12,"Public HKO open-data design only; no health outcomes joined."
2021-06-10,32.8,25.5,28.8,0,0,0,2021,6,10,"2021-06",161,3083,"early_covid",0,0,0,0,"REAL_PUBLIC_HKO",28,33,12,"Public HKO open-data design only; no health outcomes joined."
2021-06-11,32.9,26.7,29.1,0,0,0,2021,6,11,"2021-06",162,3084,"early_covid",0,0,0,0,"REAL_PUBLIC_HKO",28,33,12,"Public HKO open-data design only; no health outcomes joined."
2021-06-12,29.5,26.2,27.7,0,0,0,2021,6,12,"2021-06",163,3085,"early_covid",0,0,0,0,"REAL_PUBLIC_HKO",28,33,12,"Public HKO open-data design only; no health outcomes joined."
2021-06-13,32,26,28.9,0,0,0,2021,6,13,"2021-06",164,3086,"early_covid",0,0,0,0,"REAL_PUBLIC_HKO",28,33,12,"Public HKO open-data design only; no health outcomes joined."
2021-06-14,31.1,27.8,29.3,0,0,0,2021,6,14,"2021-06",165,3087,"early_covid",0,0,0,0,"REAL_PUBLIC_HKO",28,33,12,"Public HKO open-data design only; no health outcomes joined."
2021-06-15,31.8,27.2,29.6,0,0,0,2021,6,15,"2021-06",166,3088,"early_covid",0,0,0,0,"REAL_PUBLIC_HKO",28,33,12,"Public HKO open-data design only; no health outcomes joined."
2021-06-16,33.3,29.1,30.6,1,1,0,2021,6,16,"2021-06",167,3089,"early_covid",1,0,0.166666666666667,0,"REAL_PUBLIC_HKO",28,33,12,"Public HKO open-data design only; no health outcomes joined."
2021-06-17,32.8,27.7,30.4,0,0,0,2021,6,17,"2021-06",168,3090,"early_covid",0,0,0.166666666666667,0,"REAL_PUBLIC_HKO",28,33,12,"Public HKO open-data design only; no health outcomes joined."
2021-06-18,32.8,29,30.6,1,0,0,2021,6,18,"2021-06",169,3091,"early_covid",1,0,0.333333333333333,0,"REAL_PUBLIC_HKO",28,33,12,"Public HKO open-data design only; no health outcomes joined."
2021-06-19,33,29.5,30.6,1,1,0,2021,6,19,"2021-06",170,3092,"early_covid",1,0,0.5,0,"REAL_PUBLIC_HKO",28,33,12,"Public HKO open-data design only; no health outcomes joined."
2021-06-20,32.8,29.4,30.7,1,0,0,2021,6,20,"2021-06",171,3093,"early_covid",1,0,0.666666666666667,0,"REAL_PUBLIC_HKO",28,33,12,"Public HKO open-data design only; no health outcomes joined."
2021-06-21,32.4,29.4,30.4,1,0,0,2021,6,21,"2021-06",172,3094,"early_covid",1,0,0.833333333333333,0,"REAL_PUBLIC_HKO",28,33,12,"Public HKO open-data design only; no health outcomes joined."
2021-06-22,30.2,24.7,27,0,0,0,2021,6,22,"2021-06",173,3095,"early_covid",0,0,0.666666666666667,0,"REAL_PUBLIC_HKO",28,33,12,"Public HKO open-data design only; no health outcomes joined."
2021-06-23,29,25.1,26.4,0,0,0,2021,6,23,"2021-06",174,3096,"early_covid",0,0,0.666666666666667,0,"REAL_PUBLIC_HKO",28,33,12,"Public HKO open-data design only; no health outcomes joined."
2021-06-24,26.7,25.1,26,0,0,0,2021,6,24,"2021-06",175,3097,"early_covid",0,0,0.5,0,"REAL_PUBLIC_HKO",28,33,12,"Public HKO open-data design only; no health outcomes joined."
2021-06-25,29,26,27.1,0,0,0,2021,6,25,"2021-06",176,3098,"early_covid",0,0,0.333333333333333,0,"REAL_PUBLIC_HKO",28,33,12,"Public HKO open-data design only; no health outcomes joined."
2021-06-26,29.9,25.9,27.9,0,0,0,2021,6,26,"2021-06",177,3099,"early_covid",0,0,0.166666666666667,0,"REAL_PUBLIC_HKO",28,33,12,"Public HKO open-data design only; no health outcomes joined."
2021-06-27,30,28.4,29.4,1,0,0,2021,6,27,"2021-06",178,3100,"early_covid",1,0,0.166666666666667,0,"REAL_PUBLIC_HKO",28,33,12,"Public HKO open-data design only; no health outcomes joined."
2021-06-28,29.6,24,27.7,0,0,0,2021,6,28,"2021-06",179,3101,"early_covid",0,0,0.166666666666667,0,"REAL_PUBLIC_HKO",28,33,12,"Public HKO open-data design only; no health outcomes joined."
2021-06-29,30.7,28.8,29.6,1,0,0,2021,6,29,"2021-06",180,3102,"early_covid",1,0,0.333333333333333,0,"REAL_PUBLIC_HKO",28,33,12,"Public HKO open-data design only; no health outcomes joined."
2021-06-30,32.6,29,30.1,1,0,0,2021,6,30,"2021-06",181,3103,"early_covid",1,0,0.5,0,"REAL_PUBLIC_HKO",28,33,12,"Public HKO open-data design only; no health outcomes joined."
2021-07-01,32.4,29.2,30.3,1,0,0,2021,7,1,"2021-07",182,3104,"early_covid",1,0,0.666666666666667,0,"REAL_PUBLIC_HKO",28,33,12,"Public HKO open-data design only; no health outcomes joined."
2021-07-02,32.8,29.3,30.6,1,0,0,2021,7,2,"2021-07",183,3105,"early_covid",1,0,0.833333333333333,0,"REAL_PUBLIC_HKO",28,33,12,"Public HKO open-data design only; no health outcomes joined."
2021-07-03,33,29.1,30.4,1,1,0,2021,7,3,"2021-07",184,3106,"early_covid",1,0,0.833333333333333,0,"REAL_PUBLIC_HKO",28,33,12,"Public HKO open-data design only; no health outcomes joined."
2021-07-04,33.2,28.9,30.4,1,1,0,2021,7,4,"2021-07",185,3107,"early_covid",1,0,1,0,"REAL_PUBLIC_HKO",28,33,12,"Public HKO open-data design only; no health outcomes joined."
2021-07-05,33.8,28,30.2,1,1,0,2021,7,5,"2021-07",186,3108,"early_covid",1,0,1,0,"REAL_PUBLIC_HKO",28,33,12,"Public HKO open-data design only; no health outcomes joined."
2021-07-06,32.7,26.7,29.4,0,0,0,2021,7,6,"2021-07",187,3109,"early_covid",0,0,0.833333333333333,0,"REAL_PUBLIC_HKO",28,33,12,"Public HKO open-data design only; no health outcomes joined."
2021-07-07,33.1,26.6,29.4,0,1,0,2021,7,7,"2021-07",188,3110,"early_covid",0,0,0.666666666666667,0,"REAL_PUBLIC_HKO",28,33,12,"Public HKO open-data design only; no health outcomes joined."
2021-07-08,32.8,28.4,29.8,1,0,0,2021,7,8,"2021-07",189,3111,"early_covid",1,0,0.666666666666667,0,"REAL_PUBLIC_HKO",28,33,12,"Public HKO open-data design only; no health outcomes joined."
2021-07-09,34.8,28.2,30.5,1,1,0,2021,7,9,"2021-07",190,3112,"early_covid",1,0,0.666666666666667,0,"REAL_PUBLIC_HKO",28,33,12,"Public HKO open-data design only; no health outcomes joined."
2021-07-10,34,28.2,30.5,1,1,0,2021,7,10,"2021-07",191,3113,"early_covid",1,0,0.666666666666667,0,"REAL_PUBLIC_HKO",28,33,12,"Public HKO open-data design only; no health outcomes joined."
2021-07-11,33.6,28.8,30.6,1,1,0,2021,7,11,"2021-07",192,3114,"early_covid",1,0,0.666666666666667,0,"REAL_PUBLIC_HKO",28,33,12,"Public HKO open-data design only; no health outcomes joined."
2021-07-12,34.8,28.7,30.9,1,1,0,2021,7,12,"2021-07",193,3115,"early_covid",1,0,0.833333333333333,0,"REAL_PUBLIC_HKO",28,33,12,"Public HKO open-data design only; no health outcomes joined."
2021-07-13,35.3,28.8,31.1,1,1,0,2021,7,13,"2021-07",194,3116,"early_covid",1,0,1,0,"REAL_PUBLIC_HKO",28,33,12,"Public HKO open-data design only; no health outcomes joined."
2021-07-14,34.1,29.1,30.7,1,1,0,2021,7,14,"2021-07",195,3117,"early_covid",1,0,1,0,"REAL_PUBLIC_HKO",28,33,12,"Public HKO open-data design only; no health outcomes joined."
2021-07-15,35.4,28.9,31.3,1,1,0,2021,7,15,"2021-07",196,3118,"early_covid",1,0,1,0,"REAL_PUBLIC_HKO",28,33,12,"Public HKO open-data design only; no health outcomes joined."
2021-07-16,30.9,28.7,29.6,1,0,0,2021,7,16,"2021-07",197,3119,"early_covid",1,0,1,0,"REAL_PUBLIC_HKO",28,33,12,"Public HKO open-data design only; no health outcomes joined."
2021-07-17,31.2,26.9,28.8,0,0,0,2021,7,17,"2021-07",198,3120,"early_covid",0,0,0.833333333333333,0,"REAL_PUBLIC_HKO",28,33,12,"Public HKO open-data design only; no health outcomes joined."
2021-07-18,28.8,24.9,26.9,0,0,0,2021,7,18,"2021-07",199,3121,"early_covid",0,0,0.666666666666667,0,"REAL_PUBLIC_HKO",28,33,12,"Public HKO open-data design only; no health outcomes joined."
2021-07-19,27.9,25,26.5,0,0,0,2021,7,19,"2021-07",200,3122,"early_covid",0,0,0.5,0,"REAL_PUBLIC_HKO",28,33,12,"Public HKO open-data design only; no health outcomes joined."
2021-07-20,27.1,25.3,26.2,0,0,0,2021,7,20,"2021-07",201,3123,"early_covid",0,0,0.333333333333333,0,"REAL_PUBLIC_HKO",28,33,12,"Public HKO open-data design only; no health outcomes joined."
2021-07-21,27.8,25.3,26.8,0,0,0,2021,7,21,"2021-07",202,3124,"early_covid",0,0,0.166666666666667,0,"REAL_PUBLIC_HKO",28,33,12,"Public HKO open-data design only; no health outcomes joined."
2021-07-22,32.8,26.9,29.3,0,0,0,2021,7,22,"2021-07",203,3125,"early_covid",0,0,0,0,"REAL_PUBLIC_HKO",28,33,12,"Public HKO open-data design only; no health outcomes joined."
2021-07-23,34.1,27.4,30.3,0,1,0,2021,7,23,"2021-07",204,3126,"early_covid",0,0,0,0,"REAL_PUBLIC_HKO",28,33,12,"Public HKO open-data design only; no health outcomes joined."
2021-07-24,33.2,26.5,29.8,0,1,0,2021,7,24,"2021-07",205,3127,"early_covid",0,0,0,0,"REAL_PUBLIC_HKO",28,33,12,"Public HKO open-data design only; no health outcomes joined."
2021-07-25,33.6,25.9,29.6,0,1,0,2021,7,25,"2021-07",206,3128,"early_covid",0,0,0,0,"REAL_PUBLIC_HKO",28,33,12,"Public HKO open-data design only; no health outcomes joined."
2021-07-26,33.9,28.7,30.7,1,1,0,2021,7,26,"2021-07",207,3129,"early_covid",1,0,0.166666666666667,0,"REAL_PUBLIC_HKO",28,33,12,"Public HKO open-data design only; no health outcomes joined."
2021-07-27,35.3,29.5,31.3,1,1,0,2021,7,27,"2021-07",208,3130,"early_covid",1,0,0.333333333333333,0,"REAL_PUBLIC_HKO",28,33,12,"Public HKO open-data design only; no health outcomes joined."
2021-07-28,34.1,29.1,30.8,1,1,0,2021,7,28,"2021-07",209,3131,"early_covid",1,0,0.5,0,"REAL_PUBLIC_HKO",28,33,12,"Public HKO open-data design only; no health outcomes joined."
2021-07-29,32.3,28.3,29.5,1,0,0,2021,7,29,"2021-07",210,3132,"early_covid",1,0,0.666666666666667,0,"REAL_PUBLIC_HKO",28,33,12,"Public HKO open-data design only; no health outcomes joined."
2021-07-30,30.5,26.5,28.8,0,0,0,2021,7,30,"2021-07",211,3133,"early_covid",0,0,0.666666666666667,0,"REAL_PUBLIC_HKO",28,33,12,"Public HKO open-data design only; no health outcomes joined."
2021-07-31,32.2,27,29.7,0,0,0,2021,7,31,"2021-07",212,3134,"early_covid",0,0,0.666666666666667,0,"REAL_PUBLIC_HKO",28,33,12,"Public HKO open-data design only; no health outcomes joined."
2021-08-01,32.5,27.1,29.4,0,0,0,2021,8,1,"2021-08",213,3135,"early_covid",0,0,0.5,0,"REAL_PUBLIC_HKO",28,33,12,"Public HKO open-data design only; no health outcomes joined."
2021-08-02,33.9,28.5,30,1,1,0,2021,8,2,"2021-08",214,3136,"early_covid",1,0,0.5,0,"REAL_PUBLIC_HKO",28,33,12,"Public HKO open-data design only; no health outcomes joined."
2021-08-03,29.7,27.1,28.2,0,0,0,2021,8,3,"2021-08",215,3137,"early_covid",0,0,0.333333333333333,0,"REAL_PUBLIC_HKO",28,33,12,"Public HKO open-data design only; no health outcomes joined."
2021-08-04,31.3,25.9,28.2,0,0,0,2021,8,4,"2021-08",216,3138,"early_covid",0,0,0.166666666666667,0,"REAL_PUBLIC_HKO",28,33,12,"Public HKO open-data design only; no health outcomes joined."
2021-08-05,28.6,26.2,27.6,0,0,0,2021,8,5,"2021-08",217,3139,"early_covid",0,0,0.166666666666667,0,"REAL_PUBLIC_HKO",28,33,12,"Public HKO open-data design only; no health outcomes joined."
2021-08-06,29.7,26.4,28.3,0,0,0,2021,8,6,"2021-08",218,3140,"early_covid",0,0,0.166666666666667,0,"REAL_PUBLIC_HKO",28,33,12,"Public HKO open-data design only; no health outcomes joined."
2021-08-07,30.9,27.6,28.8,0,0,0,2021,8,7,"2021-08",219,3141,"early_covid",0,0,0.166666666666667,0,"REAL_PUBLIC_HKO",28,33,12,"Public HKO open-data design only; no health outcomes joined."
2021-08-08,31.5,27.8,29.3,0,0,0,2021,8,8,"2021-08",220,3142,"early_covid",0,0,0,0,"REAL_PUBLIC_HKO",28,33,12,"Public HKO open-data design only; no health outcomes joined."
2021-08-09,31.3,27.2,29.1,0,0,0,2021,8,9,"2021-08",221,3143,"early_covid",0,0,0,0,"REAL_PUBLIC_HKO",28,33,12,"Public HKO open-data design only; no health outcomes joined."
2021-08-10,30.4,27.5,29,0,0,0,2021,8,10,"2021-08",222,3144,"early_covid",0,0,0,0,"REAL_PUBLIC_HKO",28,33,12,"Public HKO open-data design only; no health outcomes joined."
2021-08-11,32.1,27.1,29.5,0,0,0,2021,8,11,"2021-08",223,3145,"early_covid",0,0,0,0,"REAL_PUBLIC_HKO",28,33,12,"Public HKO open-data design only; no health outcomes joined."
2021-08-12,33,26.8,29,0,1,0,2021,8,12,"2021-08",224,3146,"early_covid",0,0,0,0,"REAL_PUBLIC_HKO",28,33,12,"Public HKO open-data design only; no health outcomes joined."
2021-08-13,30.7,26.6,28.6,0,0,0,2021,8,13,"2021-08",225,3147,"early_covid",0,0,0,0,"REAL_PUBLIC_HKO",28,33,12,"Public HKO open-data design only; no health outcomes joined."
2021-08-14,29.2,26.6,28,0,0,0,2021,8,14,"2021-08",226,3148,"early_covid",0,0,0,0,"REAL_PUBLIC_HKO",28,33,12,"Public HKO open-data design only; no health outcomes joined."
2021-08-15,30,25.7,27.3,0,0,0,2021,8,15,"2021-08",227,3149,"early_covid",0,0,0,0,"REAL_PUBLIC_HKO",28,33,12,"Public HKO open-data design only; no health outcomes joined."
2021-08-16,31,26.2,28.3,0,0,0,2021,8,16,"2021-08",228,3150,"early_covid",0,0,0,0,"REAL_PUBLIC_HKO",28,33,12,"Public HKO open-data design only; no health outcomes joined."
2021-08-17,32.5,27.4,29.5,0,0,0,2021,8,17,"2021-08",229,3151,"early_covid",0,0,0,0,"REAL_PUBLIC_HKO",28,33,12,"Public HKO open-data design only; no health outcomes joined."
2021-08-18,32.3,28.1,29.5,1,0,0,2021,8,18,"2021-08",230,3152,"early_covid",1,0,0.166666666666667,0,"REAL_PUBLIC_HKO",28,33,12,"Public HKO open-data design only; no health outcomes joined."
2021-08-19,31,26.2,28.6,0,0,0,2021,8,19,"2021-08",231,3153,"early_covid",0,0,0.166666666666667,0,"REAL_PUBLIC_HKO",28,33,12,"Public HKO open-data design only; no health outcomes joined."
2021-08-20,32.5,27.3,29.5,0,0,0,2021,8,20,"2021-08",232,3154,"early_covid",0,0,0.166666666666667,0,"REAL_PUBLIC_HKO",28,33,12,"Public HKO open-data design only; no health outcomes joined."
2021-08-21,32.5,28,29.8,1,0,0,2021,8,21,"2021-08",233,3155,"early_covid",1,0,0.333333333333333,0,"REAL_PUBLIC_HKO",28,33,12,"Public HKO open-data design only; no health outcomes joined."
2021-08-22,33.1,28.3,30.1,1,1,0,2021,8,22,"2021-08",234,3156,"early_covid",1,0,0.5,0,"REAL_PUBLIC_HKO",28,33,12,"Public HKO open-data design only; no health outcomes joined."
2021-08-23,33.2,28.4,30.2,1,1,0,2021,8,23,"2021-08",235,3157,"early_covid",1,0,0.666666666666667,0,"REAL_PUBLIC_HKO",28,33,12,"Public HKO open-data design only; no health outcomes joined."
2021-08-24,32.1,26.6,29.6,0,0,0,2021,8,24,"2021-08",236,3158,"early_covid",0,0,0.5,0,"REAL_PUBLIC_HKO",28,33,12,"Public HKO open-data design only; no health outcomes joined."
2021-08-25,34.4,28.2,29.7,1,1,0,2021,8,25,"2021-08",237,3159,"early_covid",1,0,0.666666666666667,0,"REAL_PUBLIC_HKO",28,33,12,"Public HKO open-data design only; no health outcomes joined."
2021-08-26,32.7,27.1,29.7,0,0,0,2021,8,26,"2021-08",238,3160,"early_covid",0,0,0.666666666666667,0,"REAL_PUBLIC_HKO",28,33,12,"Public HKO open-data design only; no health outcomes joined."
2021-08-27,29.2,23.4,25.6,0,0,0,2021,8,27,"2021-08",239,3161,"early_covid",0,0,0.5,0,"REAL_PUBLIC_HKO",28,33,12,"Public HKO open-data design only; no health outcomes joined."
2021-08-28,29.8,24.9,26.9,0,0,0,2021,8,28,"2021-08",240,3162,"early_covid",0,0,0.333333333333333,0,"REAL_PUBLIC_HKO",28,33,12,"Public HKO open-data design only; no health outcomes joined."
2021-08-29,29.9,25.3,27.8,0,0,0,2021,8,29,"2021-08",241,3163,"early_covid",0,0,0.166666666666667,0,"REAL_PUBLIC_HKO",28,33,12,"Public HKO open-data design only; no health outcomes joined."
2021-08-30,32.9,27.4,29.1,0,0,0,2021,8,30,"2021-08",242,3164,"early_covid",0,0,0.166666666666667,0,"REAL_PUBLIC_HKO",28,33,12,"Public HKO open-data design only; no health outcomes joined."
2021-08-31,29.1,25.2,27.3,0,0,0,2021,8,31,"2021-08",243,3165,"early_covid",0,0,0,0,"REAL_PUBLIC_HKO",28,33,12,"Public HKO open-data design only; no health outcomes joined."
2021-09-01,32.1,26.7,28.7,0,0,0,2021,9,1,"2021-09",244,3166,"early_covid",0,0,0,0,"REAL_PUBLIC_HKO",28,33,12,"Public HKO open-data design only; no health outcomes joined."
2021-09-02,33,27.7,29.5,0,1,0,2021,9,2,"2021-09",245,3167,"early_covid",0,0,0,0,"REAL_PUBLIC_HKO",28,33,12,"Public HKO open-data design only; no health outcomes joined."
2021-09-03,33.6,27.8,29.8,0,1,0,2021,9,3,"2021-09",246,3168,"early_covid",0,0,0,0,"REAL_PUBLIC_HKO",28,33,12,"Public HKO open-data design only; no health outcomes joined."
2021-09-04,33.6,27.9,29.8,0,1,0,2021,9,4,"2021-09",247,3169,"early_covid",0,0,0,0,"REAL_PUBLIC_HKO",28,33,12,"Public HKO open-data design only; no health outcomes joined."
2021-09-05,33.2,28.3,29.8,1,1,0,2021,9,5,"2021-09",248,3170,"early_covid",1,0,0.166666666666667,0,"REAL_PUBLIC_HKO",28,33,12,"Public HKO open-data design only; no health outcomes joined."
2021-09-06,32.5,28,29.7,1,0,0,2021,9,6,"2021-09",249,3171,"early_covid",1,0,0.333333333333333,0,"REAL_PUBLIC_HKO",28,33,12,"Public HKO open-data design only; no health outcomes joined."
2021-09-07,33.4,28.1,30.1,1,1,0,2021,9,7,"2021-09",250,3172,"early_covid",1,0,0.5,0,"REAL_PUBLIC_HKO",28,33,12,"Public HKO open-data design only; no health outcomes joined."
2021-09-08,34.3,28.2,30.6,1,1,0,2021,9,8,"2021-09",251,3173,"early_covid",1,0,0.666666666666667,0,"REAL_PUBLIC_HKO",28,33,12,"Public HKO open-data design only; no health outcomes joined."
2021-09-09,33.5,27.8,30.1,0,1,0,2021,9,9,"2021-09",252,3174,"early_covid",0,0,0.666666666666667,0,"REAL_PUBLIC_HKO",28,33,12,"Public HKO open-data design only; no health outcomes joined."
2021-09-10,33.7,28.6,30.5,1,1,0,2021,9,10,"2021-09",253,3175,"early_covid",1,0,0.833333333333333,0,"REAL_PUBLIC_HKO",28,33,12,"Public HKO open-data design only; no health outcomes joined."
2021-09-11,33.4,28.4,30.5,1,1,0,2021,9,11,"2021-09",254,3176,"early_covid",1,0,0.833333333333333,0,"REAL_PUBLIC_HKO",28,33,12,"Public HKO open-data design only; no health outcomes joined."
2021-09-12,34.5,29,31.2,1,1,0,2021,9,12,"2021-09",255,3177,"early_covid",1,0,0.833333333333333,0,"REAL_PUBLIC_HKO",28,33,12,"Public HKO open-data design only; no health outcomes joined."
2021-09-13,33.6,29.5,30.9,1,1,0,2021,9,13,"2021-09",256,3178,"early_covid",1,0,0.833333333333333,0,"REAL_PUBLIC_HKO",28,33,12,"Public HKO open-data design only; no health outcomes joined."
2021-09-14,30.2,26.7,29,0,0,0,2021,9,14,"2021-09",257,3179,"early_covid",0,0,0.666666666666667,0,"REAL_PUBLIC_HKO",28,33,12,"Public HKO open-data design only; no health outcomes joined."
2021-09-15,33,27.9,30.2,0,1,0,2021,9,15,"2021-09",258,3180,"early_covid",0,0,0.666666666666667,0,"REAL_PUBLIC_HKO",28,33,12,"Public HKO open-data design only; no health outcomes joined."
2021-09-16,31.9,26.8,29.2,0,0,0,2021,9,16,"2021-09",259,3181,"early_covid",0,0,0.5,0,"REAL_PUBLIC_HKO",28,33,12,"Public HKO open-data design only; no health outcomes joined."
2021-09-17,34.1,27.5,29.5,0,1,0,2021,9,17,"2021-09",260,3182,"early_covid",0,0,0.333333333333333,0,"REAL_PUBLIC_HKO",28,33,12,"Public HKO open-data design only; no health outcomes joined."
2021-09-18,33.2,28.3,30.2,1,1,0,2021,9,18,"2021-09",261,3183,"early_covid",1,0,0.333333333333333,0,"REAL_PUBLIC_HKO",28,33,12,"Public HKO open-data design only; no health outcomes joined."
2021-09-19,32.1,27.4,29.3,0,0,0,2021,9,19,"2021-09",262,3184,"early_covid",0,0,0.166666666666667,0,"REAL_PUBLIC_HKO",28,33,12,"Public HKO open-data design only; no health outcomes joined."
2021-09-20,32.3,27.9,29.3,0,0,0,2021,9,20,"2021-09",263,3185,"early_covid",0,0,0.166666666666667,0,"REAL_PUBLIC_HKO",28,33,12,"Public HKO open-data design only; no health outcomes joined."
2021-09-21,31.7,26.7,29,0,0,0,2021,9,21,"2021-09",264,3186,"early_covid",0,0,0.166666666666667,0,"REAL_PUBLIC_HKO",28,33,12,"Public HKO open-data design only; no health outcomes joined."
2021-09-22,34,27.9,30.3,0,1,0,2021,9,22,"2021-09",265,3187,"early_covid",0,0,0.166666666666667,0,"REAL_PUBLIC_HKO",28,33,12,"Public HKO open-data design only; no health outcomes joined."
2021-09-23,30.2,26,28,0,0,0,2021,9,23,"2021-09",266,3188,"early_covid",0,0,0.166666666666667,0,"REAL_PUBLIC_HKO",28,33,12,"Public HKO open-data design only; no health outcomes joined."
2021-09-24,32,27.8,29.4,0,0,0,2021,9,24,"2021-09",267,3189,"early_covid",0,0,0,0,"REAL_PUBLIC_HKO",28,33,12,"Public HKO open-data design only; no health outcomes joined."
2021-09-25,32.3,27.9,29.6,0,0,0,2021,9,25,"2021-09",268,3190,"early_covid",0,0,0,0,"REAL_PUBLIC_HKO",28,33,12,"Public HKO open-data design only; no health outcomes joined."
2021-09-26,31.6,27.8,29.1,0,0,0,2021,9,26,"2021-09",269,3191,"early_covid",0,0,0,0,"REAL_PUBLIC_HKO",28,33,12,"Public HKO open-data design only; no health outcomes joined."
2021-09-27,32.8,28.1,29.5,1,0,0,2021,9,27,"2021-09",270,3192,"early_covid",1,0,0.166666666666667,0,"REAL_PUBLIC_HKO",28,33,12,"Public HKO open-data design only; no health outcomes joined."
2021-09-28,32.2,27.9,29.6,0,0,0,2021,9,28,"2021-09",271,3193,"early_covid",0,0,0.166666666666667,0,"REAL_PUBLIC_HKO",28,33,12,"Public HKO open-data design only; no health outcomes joined."
2021-09-29,32.7,27.9,29.7,0,0,0,2021,9,29,"2021-09",272,3194,"early_covid",0,0,0.166666666666667,0,"REAL_PUBLIC_HKO",28,33,12,"Public HKO open-data design only; no health outcomes joined."
2021-09-30,32.9,28.4,30.3,1,0,0,2021,9,30,"2021-09",273,3195,"early_covid",1,0,0.333333333333333,0,"REAL_PUBLIC_HKO",28,33,12,"Public HKO open-data design only; no health outcomes joined."
2021-10-01,33.1,28.8,30.3,1,1,0,2021,10,1,"2021-10",274,3196,"early_covid",1,0,0.5,0,"REAL_PUBLIC_HKO",28,33,12,"Public HKO open-data design only; no health outcomes joined."
2021-10-02,32.9,28.3,30,1,0,0,2021,10,2,"2021-10",275,3197,"early_covid",1,0,0.666666666666667,0,"REAL_PUBLIC_HKO",28,33,12,"Public HKO open-data design only; no health outcomes joined."
2021-10-03,29.9,27,28.8,0,0,0,2021,10,3,"2021-10",276,3198,"early_covid",0,0,0.5,0,"REAL_PUBLIC_HKO",28,33,12,"Public HKO open-data design only; no health outcomes joined."
2021-10-04,32.7,28.1,29.8,1,0,0,2021,10,4,"2021-10",277,3199,"early_covid",1,0,0.666666666666667,0,"REAL_PUBLIC_HKO",28,33,12,"Public HKO open-data design only; no health outcomes joined."
2021-10-05,32.8,28.7,30.1,1,0,0,2021,10,5,"2021-10",278,3200,"early_covid",1,0,0.833333333333333,0,"REAL_PUBLIC_HKO",28,33,12,"Public HKO open-data design only; no health outcomes joined."
2021-10-06,31.7,27.6,29.5,0,0,0,2021,10,6,"2021-10",279,3201,"early_covid",0,0,0.666666666666667,0,"REAL_PUBLIC_HKO",28,33,12,"Public HKO open-data design only; no health outcomes joined."
2021-10-07,30.8,25,28.8,0,0,0,2021,10,7,"2021-10",280,3202,"early_covid",0,0,0.5,0,"REAL_PUBLIC_HKO",28,33,12,"Public HKO open-data design only; no health outcomes joined."
2021-10-08,26.8,24.7,25.5,0,0,0,2021,10,8,"2021-10",281,3203,"early_covid",0,0,0.333333333333333,0,"REAL_PUBLIC_HKO",28,33,12,"Public HKO open-data design only; no health outcomes joined."
2021-10-09,27.9,25.3,26.5,0,0,0,2021,10,9,"2021-10",282,3204,"early_covid",0,0,0.333333333333333,0,"REAL_PUBLIC_HKO",28,33,12,"Public HKO open-data design only; no health outcomes joined."
2021-10-10,27.9,25.3,26.8,0,0,0,2021,10,10,"2021-10",283,3205,"early_covid",0,0,0.166666666666667,0,"REAL_PUBLIC_HKO",28,33,12,"Public HKO open-data design only; no health outcomes joined."
2021-10-11,32.7,26,28.5,0,0,0,2021,10,11,"2021-10",284,3206,"early_covid",0,0,0,0,"REAL_PUBLIC_HKO",28,33,12,"Public HKO open-data design only; no health outcomes joined."
2021-10-12,26.4,23.6,25.1,0,0,0,2021,10,12,"2021-10",285,3207,"early_covid",0,0,0,0,"REAL_PUBLIC_HKO",28,33,12,"Public HKO open-data design only; no health outcomes joined."
2021-10-13,27.4,22.9,25.8,0,0,0,2021,10,13,"2021-10",286,3208,"early_covid",0,0,0,0,"REAL_PUBLIC_HKO",28,33,12,"Public HKO open-data design only; no health outcomes joined."
2021-10-14,30,26.1,27.8,0,0,0,2021,10,14,"2021-10",287,3209,"early_covid",0,0,0,0,"REAL_PUBLIC_HKO",28,33,12,"Public HKO open-data design only; no health outcomes joined."
2021-10-15,27.6,25.2,26.2,0,0,0,2021,10,15,"2021-10",288,3210,"early_covid",0,0,0,0,"REAL_PUBLIC_HKO",28,33,12,"Public HKO open-data design only; no health outcomes joined."
2021-10-16,30.3,24.3,26.8,0,0,0,2021,10,16,"2021-10",289,3211,"early_covid",0,0,0,0,"REAL_PUBLIC_HKO",28,33,12,"Public HKO open-data design only; no health outcomes joined."
2021-10-17,28,22.2,24.2,0,0,0,2021,10,17,"2021-10",290,3212,"early_covid",0,0,0,0,"REAL_PUBLIC_HKO",28,33,12,"Public HKO open-data design only; no health outcomes joined."
2021-10-18,27.7,20.9,23.9,0,0,0,2021,10,18,"2021-10",291,3213,"early_covid",0,0,0,0,"REAL_PUBLIC_HKO",28,33,12,"Public HKO open-data design only; no health outcomes joined."
2021-10-19,28.9,23.5,25.7,0,0,0,2021,10,19,"2021-10",292,3214,"early_covid",0,0,0,0,"REAL_PUBLIC_HKO",28,33,12,"Public HKO open-data design only; no health outcomes joined."
2021-10-20,29.8,25,26.8,0,0,0,2021,10,20,"2021-10",293,3215,"early_covid",0,0,0,0,"REAL_PUBLIC_HKO",28,33,12,"Public HKO open-data design only; no health outcomes joined."
2021-10-21,28.2,19.3,24.2,0,0,0,2021,10,21,"2021-10",294,3216,"early_covid",0,0,0,0,"REAL_PUBLIC_HKO",28,33,12,"Public HKO open-data design only; no health outcomes joined."
2021-10-22,20.5,18.2,19.3,0,0,0,2021,10,22,"2021-10",295,3217,"early_covid",0,0,0,0,"REAL_PUBLIC_HKO",28,33,12,"Public HKO open-data design only; no health outcomes joined."
2021-10-23,22.7,18.3,20.5,0,0,0,2021,10,23,"2021-10",296,3218,"early_covid",0,0,0,0,"REAL_PUBLIC_HKO",28,33,12,"Public HKO open-data design only; no health outcomes joined."
2021-10-24,26.6,19.8,22.1,0,0,0,2021,10,24,"2021-10",297,3219,"early_covid",0,0,0,0,"REAL_PUBLIC_HKO",28,33,12,"Public HKO open-data design only; no health outcomes joined."
2021-10-25,27.5,19.7,23.1,0,0,0,2021,10,25,"2021-10",298,3220,"early_covid",0,0,0,0,"REAL_PUBLIC_HKO",28,33,12,"Public HKO open-data design only; no health outcomes joined."
2021-10-26,28.3,22.7,25.1,0,0,0,2021,10,26,"2021-10",299,3221,"early_covid",0,0,0,0,"REAL_PUBLIC_HKO",28,33,12,"Public HKO open-data design only; no health outcomes joined."
2021-10-27,27,24.9,25.6,0,0,0,2021,10,27,"2021-10",300,3222,"early_covid",0,0,0,0,"REAL_PUBLIC_HKO",28,33,12,"Public HKO open-data design only; no health outcomes joined."
2021-10-28,28,24.2,25.7,0,0,0,2021,10,28,"2021-10",301,3223,"early_covid",0,0,0,0,"REAL_PUBLIC_HKO",28,33,12,"Public HKO open-data design only; no health outcomes joined."
2021-10-29,27.7,23.9,25.5,0,0,0,2021,10,29,"2021-10",302,3224,"early_covid",0,0,0,0,"REAL_PUBLIC_HKO",28,33,12,"Public HKO open-data design only; no health outcomes joined."
2021-10-30,26.2,23,24.4,0,0,0,2021,10,30,"2021-10",303,3225,"early_covid",0,0,0,0,"REAL_PUBLIC_HKO",28,33,12,"Public HKO open-data design only; no health outcomes joined."
2021-10-31,26.1,23.4,24.3,0,0,0,2021,10,31,"2021-10",304,3226,"early_covid",0,0,0,0,"REAL_PUBLIC_HKO",28,33,12,"Public HKO open-data design only; no health outcomes joined."
2021-11-01,27.6,23.7,25.2,0,0,0,2021,11,1,"2021-11",305,3227,"early_covid",0,0,0,0,"REAL_PUBLIC_HKO",28,33,12,"Public HKO open-data design only; no health outcomes joined."
2021-11-02,27.9,24.1,25.1,0,0,0,2021,11,2,"2021-11",306,3228,"early_covid",0,0,0,0,"REAL_PUBLIC_HKO",28,33,12,"Public HKO open-data design only; no health outcomes joined."
2021-11-03,27.4,24.1,25.2,0,0,0,2021,11,3,"2021-11",307,3229,"early_covid",0,0,0,0,"REAL_PUBLIC_HKO",28,33,12,"Public HKO open-data design only; no health outcomes joined."
2021-11-04,27.9,24.1,25.5,0,0,0,2021,11,4,"2021-11",308,3230,"early_covid",0,0,0,0,"REAL_PUBLIC_HKO",28,33,12,"Public HKO open-data design only; no health outcomes joined."
2021-11-05,27.8,24.6,25.6,0,0,0,2021,11,5,"2021-11",309,3231,"early_covid",0,0,0,0,"REAL_PUBLIC_HKO",28,33,12,"Public HKO open-data design only; no health outcomes joined."
2021-11-06,29.2,24,26.4,0,0,0,2021,11,6,"2021-11",310,3232,"early_covid",0,0,0,0,"REAL_PUBLIC_HKO",28,33,12,"Public HKO open-data design only; no health outcomes joined."
2021-11-07,29,24.8,26.1,0,0,0,2021,11,7,"2021-11",311,3233,"early_covid",0,0,0,0,"REAL_PUBLIC_HKO",28,33,12,"Public HKO open-data design only; no health outcomes joined."
2021-11-08,25.3,18.1,20.1,0,0,0,2021,11,8,"2021-11",312,3234,"early_covid",0,0,0,0,"REAL_PUBLIC_HKO",28,33,12,"Public HKO open-data design only; no health outcomes joined."
2021-11-09,23,16.9,19.5,0,0,0,2021,11,9,"2021-11",313,3235,"early_covid",0,0,0,0,"REAL_PUBLIC_HKO",28,33,12,"Public HKO open-data design only; no health outcomes joined."
2021-11-10,24.7,17.8,20.5,0,0,0,2021,11,10,"2021-11",314,3236,"early_covid",0,0,0,0,"REAL_PUBLIC_HKO",28,33,12,"Public HKO open-data design only; no health outcomes joined."
2021-11-11,25,18.9,21.5,0,0,0,2021,11,11,"2021-11",315,3237,"early_covid",0,0,0,0,"REAL_PUBLIC_HKO",28,33,12,"Public HKO open-data design only; no health outcomes joined."
2021-11-12,25.7,20,22.6,0,0,0,2021,11,12,"2021-11",316,3238,"early_covid",0,0,0,0,"REAL_PUBLIC_HKO",28,33,12,"Public HKO open-data design only; no health outcomes joined."
2021-11-13,25.4,20.1,22.3,0,0,0,2021,11,13,"2021-11",317,3239,"early_covid",0,0,0,0,"REAL_PUBLIC_HKO",28,33,12,"Public HKO open-data design only; no health outcomes joined."
2021-11-14,24.7,19.3,21.6,0,0,0,2021,11,14,"2021-11",318,3240,"early_covid",0,0,0,0,"REAL_PUBLIC_HKO",28,33,12,"Public HKO open-data design only; no health outcomes joined."
2021-11-15,25.5,20.4,22.1,0,0,0,2021,11,15,"2021-11",319,3241,"early_covid",0,0,0,0,"REAL_PUBLIC_HKO",28,33,12,"Public HKO open-data design only; no health outcomes joined."
2021-11-16,26.3,21,23.2,0,0,0,2021,11,16,"2021-11",320,3242,"early_covid",0,0,0,0,"REAL_PUBLIC_HKO",28,33,12,"Public HKO open-data design only; no health outcomes joined."
2021-11-17,26.5,22,23.5,0,0,0,2021,11,17,"2021-11",321,3243,"early_covid",0,0,0,0,"REAL_PUBLIC_HKO",28,33,12,"Public HKO open-data design only; no health outcomes joined."
2021-11-18,25.8,20.2,22.4,0,0,0,2021,11,18,"2021-11",322,3244,"early_covid",0,0,0,0,"REAL_PUBLIC_HKO",28,33,12,"Public HKO open-data design only; no health outcomes joined."
2021-11-19,25.7,21.3,23,0,0,0,2021,11,19,"2021-11",323,3245,"early_covid",0,0,0,0,"REAL_PUBLIC_HKO",28,33,12,"Public HKO open-data design only; no health outcomes joined."
2021-11-20,26.1,22.4,23.7,0,0,0,2021,11,20,"2021-11",324,3246,"early_covid",0,0,0,0,"REAL_PUBLIC_HKO",28,33,12,"Public HKO open-data design only; no health outcomes joined."
2021-11-21,25.6,22.7,23.5,0,0,0,2021,11,21,"2021-11",325,3247,"early_covid",0,0,0,0,"REAL_PUBLIC_HKO",28,33,12,"Public HKO open-data design only; no health outcomes joined."
2021-11-22,23.3,16.8,19.6,0,0,0,2021,11,22,"2021-11",326,3248,"early_covid",0,0,0,0,"REAL_PUBLIC_HKO",28,33,12,"Public HKO open-data design only; no health outcomes joined."
2021-11-23,17.4,14.3,16.1,0,0,0,2021,11,23,"2021-11",327,3249,"early_covid",0,0,0,0,"REAL_PUBLIC_HKO",28,33,12,"Public HKO open-data design only; no health outcomes joined."
2021-11-24,22.1,16.9,19,0,0,0,2021,11,24,"2021-11",328,3250,"early_covid",0,0,0,0,"REAL_PUBLIC_HKO",28,33,12,"Public HKO open-data design only; no health outcomes joined."
2021-11-25,23.7,18.4,20.6,0,0,0,2021,11,25,"2021-11",329,3251,"early_covid",0,0,0,0,"REAL_PUBLIC_HKO",28,33,12,"Public HKO open-data design only; no health outcomes joined."
2021-11-26,24.8,18.6,21.6,0,0,0,2021,11,26,"2021-11",330,3252,"early_covid",0,0,0,0,"REAL_PUBLIC_HKO",28,33,12,"Public HKO open-data design only; no health outcomes joined."
2021-11-27,24.3,18.7,21.2,0,0,0,2021,11,27,"2021-11",331,3253,"early_covid",0,0,0,0,"REAL_PUBLIC_HKO",28,33,12,"Public HKO open-data design only; no health outcomes joined."
2021-11-28,24.5,19.2,21.6,0,0,0,2021,11,28,"2021-11",332,3254,"early_covid",0,0,0,0,"REAL_PUBLIC_HKO",28,33,12,"Public HKO open-data design only; no health outcomes joined."
2021-11-29,26.1,19.4,22.4,0,0,0,2021,11,29,"2021-11",333,3255,"early_covid",0,0,0,0,"REAL_PUBLIC_HKO",28,33,12,"Public HKO open-data design only; no health outcomes joined."
2021-11-30,24.6,17.1,21.3,0,0,0,2021,11,30,"2021-11",334,3256,"early_covid",0,0,0,0,"REAL_PUBLIC_HKO",28,33,12,"Public HKO open-data design only; no health outcomes joined."
2021-12-01,20.1,14.8,17.3,0,0,0,2021,12,1,"2021-12",335,3257,"early_covid",0,0,0,0,"REAL_PUBLIC_HKO",28,33,12,"Public HKO open-data design only; no health outcomes joined."
2021-12-02,20.4,14.6,17.4,0,0,0,2021,12,2,"2021-12",336,3258,"early_covid",0,0,0,0,"REAL_PUBLIC_HKO",28,33,12,"Public HKO open-data design only; no health outcomes joined."
2021-12-03,21.3,14.7,18,0,0,0,2021,12,3,"2021-12",337,3259,"early_covid",0,0,0,0,"REAL_PUBLIC_HKO",28,33,12,"Public HKO open-data design only; no health outcomes joined."
2021-12-04,20.6,15.3,18.1,0,0,0,2021,12,4,"2021-12",338,3260,"early_covid",0,0,0,0,"REAL_PUBLIC_HKO",28,33,12,"Public HKO open-data design only; no health outcomes joined."
2021-12-05,22.2,16.7,19.1,0,0,0,2021,12,5,"2021-12",339,3261,"early_covid",0,0,0,0,"REAL_PUBLIC_HKO",28,33,12,"Public HKO open-data design only; no health outcomes joined."
2021-12-06,22.2,16.4,19.2,0,0,0,2021,12,6,"2021-12",340,3262,"early_covid",0,0,0,0,"REAL_PUBLIC_HKO",28,33,12,"Public HKO open-data design only; no health outcomes joined."
2021-12-07,22.5,17.1,19.9,0,0,0,2021,12,7,"2021-12",341,3263,"early_covid",0,0,0,0,"REAL_PUBLIC_HKO",28,33,12,"Public HKO open-data design only; no health outcomes joined."
2021-12-08,22.2,18.4,20.1,0,0,0,2021,12,8,"2021-12",342,3264,"early_covid",0,0,0,0,"REAL_PUBLIC_HKO",28,33,12,"Public HKO open-data design only; no health outcomes joined."
2021-12-09,22.9,18.7,20.2,0,0,0,2021,12,9,"2021-12",343,3265,"early_covid",0,0,0,0,"REAL_PUBLIC_HKO",28,33,12,"Public HKO open-data design only; no health outcomes joined."
2021-12-10,23.7,18.6,20.9,0,0,0,2021,12,10,"2021-12",344,3266,"early_covid",0,0,0,0,"REAL_PUBLIC_HKO",28,33,12,"Public HKO open-data design only; no health outcomes joined."
2021-12-11,24.4,20,21.4,0,0,0,2021,12,11,"2021-12",345,3267,"early_covid",0,0,0,0,"REAL_PUBLIC_HKO",28,33,12,"Public HKO open-data design only; no health outcomes joined."
2021-12-12,24.7,19.2,21.5,0,0,0,2021,12,12,"2021-12",346,3268,"early_covid",0,0,0,0,"REAL_PUBLIC_HKO",28,33,12,"Public HKO open-data design only; no health outcomes joined."
2021-12-13,21.5,17.4,19.4,0,0,0,2021,12,13,"2021-12",347,3269,"early_covid",0,0,0,0,"REAL_PUBLIC_HKO",28,33,12,"Public HKO open-data design only; no health outcomes joined."
2021-12-14,23.6,18.7,20.5,0,0,0,2021,12,14,"2021-12",348,3270,"early_covid",0,0,0,0,"REAL_PUBLIC_HKO",28,33,12,"Public HKO open-data design only; no health outcomes joined."
2021-12-15,23,19.9,21.5,0,0,0,2021,12,15,"2021-12",349,3271,"early_covid",0,0,0,0,"REAL_PUBLIC_HKO",28,33,12,"Public HKO open-data design only; no health outcomes joined."
2021-12-16,25.8,21.7,23.2,0,0,0,2021,12,16,"2021-12",350,3272,"early_covid",0,0,0,0,"REAL_PUBLIC_HKO",28,33,12,"Public HKO open-data design only; no health outcomes joined."
2021-12-17,23.8,18.9,21.7,0,0,0,2021,12,17,"2021-12",351,3273,"early_covid",0,0,0,0,"REAL_PUBLIC_HKO",28,33,12,"Public HKO open-data design only; no health outcomes joined."
2021-12-18,20,16.3,18.1,0,0,0,2021,12,18,"2021-12",352,3274,"early_covid",0,0,0,0,"REAL_PUBLIC_HKO",28,33,12,"Public HKO open-data design only; no health outcomes joined."
2021-12-19,19.7,16,17.9,0,0,0,2021,12,19,"2021-12",353,3275,"early_covid",0,0,0,0,"REAL_PUBLIC_HKO",28,33,12,"Public HKO open-data design only; no health outcomes joined."
2021-12-20,19.3,15.7,17.2,0,0,0,2021,12,20,"2021-12",354,3276,"early_covid",0,0,0,0,"REAL_PUBLIC_HKO",28,33,12,"Public HKO open-data design only; no health outcomes joined."
2021-12-21,19,16,17.3,0,0,0,2021,12,21,"2021-12",355,3277,"early_covid",0,0,0,0,"REAL_PUBLIC_HKO",28,33,12,"Public HKO open-data design only; no health outcomes joined."
2021-12-22,21.7,17.1,19.3,0,0,0,2021,12,22,"2021-12",356,3278,"early_covid",0,0,0,0,"REAL_PUBLIC_HKO",28,33,12,"Public HKO open-data design only; no health outcomes joined."
2021-12-23,21.9,18.7,19.9,0,0,0,2021,12,23,"2021-12",357,3279,"early_covid",0,0,0,0,"REAL_PUBLIC_HKO",28,33,12,"Public HKO open-data design only; no health outcomes joined."
2021-12-24,21.8,18.2,19.9,0,0,0,2021,12,24,"2021-12",358,3280,"early_covid",0,0,0,0,"REAL_PUBLIC_HKO",28,33,12,"Public HKO open-data design only; no health outcomes joined."
2021-12-25,21.5,17.9,19.6,0,0,0,2021,12,25,"2021-12",359,3281,"early_covid",0,0,0,0,"REAL_PUBLIC_HKO",28,33,12,"Public HKO open-data design only; no health outcomes joined."
2021-12-26,18.5,11.7,15,0,0,1,2021,12,26,"2021-12",360,3282,"early_covid",0,1,0,0.0454545454545455,"REAL_PUBLIC_HKO",28,33,12,"Public HKO open-data design only; no health outcomes joined."
2021-12-27,14.6,9.9,12,0,0,1,2021,12,27,"2021-12",361,3283,"early_covid",0,1,0,0.0909090909090909,"REAL_PUBLIC_HKO",28,33,12,"Public HKO open-data design only; no health outcomes joined."
2021-12-28,17.5,12.2,15.3,0,0,0,2021,12,28,"2021-12",362,3284,"early_covid",0,0,0,0.0909090909090909,"REAL_PUBLIC_HKO",28,33,12,"Public HKO open-data design only; no health outcomes joined."
2021-12-29,20.6,16.6,18.4,0,0,0,2021,12,29,"2021-12",363,3285,"early_covid",0,0,0,0.0909090909090909,"REAL_PUBLIC_HKO",28,33,12,"Public HKO open-data design only; no health outcomes joined."
2021-12-30,21.4,16.2,18.1,0,0,0,2021,12,30,"2021-12",364,3286,"early_covid",0,0,0,0.0909090909090909,"REAL_PUBLIC_HKO",28,33,12,"Public HKO open-data design only; no health outcomes joined."
2021-12-31,19.9,17.1,18,0,0,0,2021,12,31,"2021-12",365,3287,"early_covid",0,0,0,0.0909090909090909,"REAL_PUBLIC_HKO",28,33,12,"Public HKO open-data design only; no health outcomes joined."
2022-01-01,19.3,16.4,17.6,0,0,0,2022,1,1,"2022-01",1,3288,"fifth_wave",0,0,0,0.0909090909090909,"REAL_PUBLIC_HKO",28,33,12,"Public HKO open-data design only; no health outcomes joined."
2022-01-02,22,16,18.4,0,0,0,2022,1,2,"2022-01",2,3289,"fifth_wave",0,0,0,0.0909090909090909,"REAL_PUBLIC_HKO",28,33,12,"Public HKO open-data design only; no health outcomes joined."
2022-01-03,20.5,17,18.3,0,0,0,2022,1,3,"2022-01",3,3290,"fifth_wave",0,0,0,0.0909090909090909,"REAL_PUBLIC_HKO",28,33,12,"Public HKO open-data design only; no health outcomes joined."
2022-01-04,21.5,17.4,19.1,0,0,0,2022,1,4,"2022-01",4,3291,"fifth_wave",0,0,0,0.0909090909090909,"REAL_PUBLIC_HKO",28,33,12,"Public HKO open-data design only; no health outcomes joined."
2022-01-05,23.6,18.3,20.4,0,0,0,2022,1,5,"2022-01",5,3292,"fifth_wave",0,0,0,0.0909090909090909,"REAL_PUBLIC_HKO",28,33,12,"Public HKO open-data design only; no health outcomes joined."
2022-01-06,23.6,18.3,20.3,0,0,0,2022,1,6,"2022-01",6,3293,"fifth_wave",0,0,0,0.0909090909090909,"REAL_PUBLIC_HKO",28,33,12,"Public HKO open-data design only; no health outcomes joined."
2022-01-07,21.1,17.2,18.6,0,0,0,2022,1,7,"2022-01",7,3294,"fifth_wave",0,0,0,0.0909090909090909,"REAL_PUBLIC_HKO",28,33,12,"Public HKO open-data design only; no health outcomes joined."
2022-01-08,20.2,16,17.8,0,0,0,2022,1,8,"2022-01",8,3295,"fifth_wave",0,0,0,0.0909090909090909,"REAL_PUBLIC_HKO",28,33,12,"Public HKO open-data design only; no health outcomes joined."
2022-01-09,20.1,16.7,18,0,0,0,2022,1,9,"2022-01",9,3296,"fifth_wave",0,0,0,0.0909090909090909,"REAL_PUBLIC_HKO",28,33,12,"Public HKO open-data design only; no health outcomes joined."
2022-01-10,20.9,16.5,18.4,0,0,0,2022,1,10,"2022-01",10,3297,"fifth_wave",0,0,0,0.0909090909090909,"REAL_PUBLIC_HKO",28,33,12,"Public HKO open-data design only; no health outcomes joined."
2022-01-11,18.8,13.7,15.8,0,0,0,2022,1,11,"2022-01",11,3298,"fifth_wave",0,0,0,0.0909090909090909,"REAL_PUBLIC_HKO",28,33,12,"Public HKO open-data design only; no health outcomes joined."
2022-01-12,17.9,14.7,16.1,0,0,0,2022,1,12,"2022-01",12,3299,"fifth_wave",0,0,0,0.0909090909090909,"REAL_PUBLIC_HKO",28,33,12,"Public HKO open-data design only; no health outcomes joined."
2022-01-13,18.9,15.6,17,0,0,0,2022,1,13,"2022-01",13,3300,"fifth_wave",0,0,0,0.0909090909090909,"REAL_PUBLIC_HKO",28,33,12,"Public HKO open-data design only; no health outcomes joined."
2022-01-14,17.3,15.4,16.6,0,0,0,2022,1,14,"2022-01",14,3301,"fifth_wave",0,0,0,0.0909090909090909,"REAL_PUBLIC_HKO",28,33,12,"Public HKO open-data design only; no health outcomes joined."
2022-01-15,19.8,16.5,17.9,0,0,0,2022,1,15,"2022-01",15,3302,"fifth_wave",0,0,0,0.0909090909090909,"REAL_PUBLIC_HKO",28,33,12,"Public HKO open-data design only; no health outcomes joined."
2022-01-16,21.1,17.4,18.8,0,0,0,2022,1,16,"2022-01",16,3303,"fifth_wave",0,0,0,0.0909090909090909,"REAL_PUBLIC_HKO",28,33,12,"Public HKO open-data design only; no health outcomes joined."
2022-01-17,18.4,17.1,17.8,0,0,0,2022,1,17,"2022-01",17,3304,"fifth_wave",0,0,0,0.0454545454545455,"REAL_PUBLIC_HKO",28,33,12,"Public HKO open-data design only; no health outcomes joined."
2022-01-18,18.3,15.8,17.3,0,0,0,2022,1,18,"2022-01",18,3305,"fifth_wave",0,0,0,0,"REAL_PUBLIC_HKO",28,33,12,"Public HKO open-data design only; no health outcomes joined."
2022-01-19,20.3,14.9,17.1,0,0,0,2022,1,19,"2022-01",19,3306,"fifth_wave",0,0,0,0,"REAL_PUBLIC_HKO",28,33,12,"Public HKO open-data design only; no health outcomes joined."
2022-01-20,20.8,15.4,17.6,0,0,0,2022,1,20,"2022-01",20,3307,"fifth_wave",0,0,0,0,"REAL_PUBLIC_HKO",28,33,12,"Public HKO open-data design only; no health outcomes joined."
2022-01-21,19.7,16.5,17.9,0,0,0,2022,1,21,"2022-01",21,3308,"fifth_wave",0,0,0,0,"REAL_PUBLIC_HKO",28,33,12,"Public HKO open-data design only; no health outcomes joined."
2022-01-22,17.8,16.8,17.3,0,0,0,2022,1,22,"2022-01",22,3309,"fifth_wave",0,0,0,0,"REAL_PUBLIC_HKO",28,33,12,"Public HKO open-data design only; no health outcomes joined."
2022-01-23,21.8,17.5,19.4,0,0,0,2022,1,23,"2022-01",23,3310,"fifth_wave",0,0,0,0,"REAL_PUBLIC_HKO",28,33,12,"Public HKO open-data design only; no health outcomes joined."
2022-01-24,21.8,18.8,19.7,0,0,0,2022,1,24,"2022-01",24,3311,"fifth_wave",0,0,0,0,"REAL_PUBLIC_HKO",28,33,12,"Public HKO open-data design only; no health outcomes joined."
2022-01-25,20.9,17.5,18.6,0,0,0,2022,1,25,"2022-01",25,3312,"fifth_wave",0,0,0,0,"REAL_PUBLIC_HKO",28,33,12,"Public HKO open-data design only; no health outcomes joined."
2022-01-26,21.1,17.7,19.2,0,0,0,2022,1,26,"2022-01",26,3313,"fifth_wave",0,0,0,0,"REAL_PUBLIC_HKO",28,33,12,"Public HKO open-data design only; no health outcomes joined."
2022-01-27,22.1,18.4,19.8,0,0,0,2022,1,27,"2022-01",27,3314,"fifth_wave",0,0,0,0,"REAL_PUBLIC_HKO",28,33,12,"Public HKO open-data design only; no health outcomes joined."
2022-01-28,19.9,18.1,18.8,0,0,0,2022,1,28,"2022-01",28,3315,"fifth_wave",0,0,0,0,"REAL_PUBLIC_HKO",28,33,12,"Public HKO open-data design only; no health outcomes joined."
2022-01-29,20.2,16.3,18.1,0,0,0,2022,1,29,"2022-01",29,3316,"fifth_wave",0,0,0,0,"REAL_PUBLIC_HKO",28,33,12,"Public HKO open-data design only; no health outcomes joined."
2022-01-30,20,13.2,16,0,0,0,2022,1,30,"2022-01",30,3317,"fifth_wave",0,0,0,0,"REAL_PUBLIC_HKO",28,33,12,"Public HKO open-data design only; no health outcomes joined."
2022-01-31,15.5,13.6,14.6,0,0,0,2022,1,31,"2022-01",31,3318,"fifth_wave",0,0,0,0,"REAL_PUBLIC_HKO",28,33,12,"Public HKO open-data design only; no health outcomes joined."
2022-02-01,15.7,12.9,14.3,0,0,0,2022,2,1,"2022-02",32,3319,"fifth_wave",0,0,0,0,"REAL_PUBLIC_HKO",28,33,12,"Public HKO open-data design only; no health outcomes joined."
2022-02-02,17,14.5,15.6,0,0,0,2022,2,2,"2022-02",33,3320,"fifth_wave",0,0,0,0,"REAL_PUBLIC_HKO",28,33,12,"Public HKO open-data design only; no health outcomes joined."
2022-02-03,14.5,11.7,13.4,0,0,1,2022,2,3,"2022-02",34,3321,"fifth_wave",0,1,0,0.0454545454545455,"REAL_PUBLIC_HKO",28,33,12,"Public HKO open-data design only; no health outcomes joined."
2022-02-04,18.5,11.9,14.4,0,0,1,2022,2,4,"2022-02",35,3322,"fifth_wave",0,1,0,0.0909090909090909,"REAL_PUBLIC_HKO",28,33,12,"Public HKO open-data design only; no health outcomes joined."
2022-02-05,17.7,13.2,15.2,0,0,0,2022,2,5,"2022-02",36,3323,"fifth_wave",0,0,0,0.0909090909090909,"REAL_PUBLIC_HKO",28,33,12,"Public HKO open-data design only; no health outcomes joined."
2022-02-06,18.2,14.6,16,0,0,0,2022,2,6,"2022-02",37,3324,"fifth_wave",0,0,0,0.0909090909090909,"REAL_PUBLIC_HKO",28,33,12,"Public HKO open-data design only; no health outcomes joined."
2022-02-07,17.7,15.1,16.4,0,0,0,2022,2,7,"2022-02",38,3325,"fifth_wave",0,0,0,0.0909090909090909,"REAL_PUBLIC_HKO",28,33,12,"Public HKO open-data design only; no health outcomes joined."
2022-02-08,18.1,15.8,17.1,0,0,0,2022,2,8,"2022-02",39,3326,"fifth_wave",0,0,0,0.0909090909090909,"REAL_PUBLIC_HKO",28,33,12,"Public HKO open-data design only; no health outcomes joined."
2022-02-09,17.4,15.3,16.1,0,0,0,2022,2,9,"2022-02",40,3327,"fifth_wave",0,0,0,0.0909090909090909,"REAL_PUBLIC_HKO",28,33,12,"Public HKO open-data design only; no health outcomes joined."
2022-02-10,18.1,15.4,17,0,0,0,2022,2,10,"2022-02",41,3328,"fifth_wave",0,0,0,0.0909090909090909,"REAL_PUBLIC_HKO",28,33,12,"Public HKO open-data design only; no health outcomes joined."
2022-02-11,22,16.3,18.6,0,0,0,2022,2,11,"2022-02",42,3329,"fifth_wave",0,0,0,0.0909090909090909,"REAL_PUBLIC_HKO",28,33,12,"Public HKO open-data design only; no health outcomes joined."
2022-02-12,21.3,17,18.7,0,0,0,2022,2,12,"2022-02",43,3330,"fifth_wave",0,0,0,0.0909090909090909,"REAL_PUBLIC_HKO",28,33,12,"Public HKO open-data design only; no health outcomes joined."
2022-02-13,18.7,15.1,17.2,0,0,0,2022,2,13,"2022-02",44,3331,"fifth_wave",0,0,0,0.0909090909090909,"REAL_PUBLIC_HKO",28,33,12,"Public HKO open-data design only; no health outcomes joined."
2022-02-14,21.3,14.1,17,0,0,0,2022,2,14,"2022-02",45,3332,"fifth_wave",0,0,0,0.0909090909090909,"REAL_PUBLIC_HKO",28,33,12,"Public HKO open-data design only; no health outcomes joined."
2022-02-15,21.8,15.8,17.6,0,0,0,2022,2,15,"2022-02",46,3333,"fifth_wave",0,0,0,0.0909090909090909,"REAL_PUBLIC_HKO",28,33,12,"Public HKO open-data design only; no health outcomes joined."
2022-02-16,18.5,15.6,16.9,0,0,0,2022,2,16,"2022-02",47,3334,"fifth_wave",0,0,0,0.0909090909090909,"REAL_PUBLIC_HKO",28,33,12,"Public HKO open-data design only; no health outcomes joined."
2022-02-17,16.9,15,15.6,0,0,0,2022,2,17,"2022-02",48,3335,"fifth_wave",0,0,0,0.0909090909090909,"REAL_PUBLIC_HKO",28,33,12,"Public HKO open-data design only; no health outcomes joined."
2022-02-18,16.7,15.2,15.9,0,0,0,2022,2,18,"2022-02",49,3336,"fifth_wave",0,0,0,0.0909090909090909,"REAL_PUBLIC_HKO",28,33,12,"Public HKO open-data design only; no health outcomes joined."
2022-02-19,15.9,9.7,12.4,0,0,1,2022,2,19,"2022-02",50,3337,"fifth_wave",0,1,0,0.136363636363636,"REAL_PUBLIC_HKO",28,33,12,"Public HKO open-data design only; no health outcomes joined."
2022-02-20,9.8,8,8.5,0,0,1,2022,2,20,"2022-02",51,3338,"fifth_wave",0,1,0,0.181818181818182,"REAL_PUBLIC_HKO",28,33,12,"Public HKO open-data design only; no health outcomes joined."
2022-02-21,10.1,7.5,8.8,0,0,1,2022,2,21,"2022-02",52,3339,"fifth_wave",0,1,0,0.227272727272727,"REAL_PUBLIC_HKO",28,33,12,"Public HKO open-data design only; no health outcomes joined."
2022-02-22,12.2,9.2,10.7,0,0,1,2022,2,22,"2022-02",53,3340,"fifth_wave",0,1,0,0.272727272727273,"REAL_PUBLIC_HKO",28,33,12,"Public HKO open-data design only; no health outcomes joined."
2022-02-23,16.2,9.4,12.1,0,0,1,2022,2,23,"2022-02",54,3341,"fifth_wave",0,1,0,0.318181818181818,"REAL_PUBLIC_HKO",28,33,12,"Public HKO open-data design only; no health outcomes joined."
2022-02-24,14.9,10.7,12.6,0,0,1,2022,2,24,"2022-02",55,3342,"fifth_wave",0,1,0,0.363636363636364,"REAL_PUBLIC_HKO",28,33,12,"Public HKO open-data design only; no health outcomes joined."
2022-02-25,20.1,12.2,15.3,0,0,0,2022,2,25,"2022-02",56,3343,"fifth_wave",0,0,0,0.318181818181818,"REAL_PUBLIC_HKO",28,33,12,"Public HKO open-data design only; no health outcomes joined."
2022-02-26,21.4,13.6,16.8,0,0,0,2022,2,26,"2022-02",57,3344,"fifth_wave",0,0,0,0.272727272727273,"REAL_PUBLIC_HKO",28,33,12,"Public HKO open-data design only; no health outcomes joined."
2022-02-27,21.7,14.8,17.6,0,0,0,2022,2,27,"2022-02",58,3345,"fifth_wave",0,0,0,0.272727272727273,"REAL_PUBLIC_HKO",28,33,12,"Public HKO open-data design only; no health outcomes joined."
2022-02-28,22.5,16.4,18.9,0,0,0,2022,2,28,"2022-02",59,3346,"fifth_wave",0,0,0,0.272727272727273,"REAL_PUBLIC_HKO",28,33,12,"Public HKO open-data design only; no health outcomes joined."
2022-03-01,26.3,19.1,22,0,0,0,2022,3,1,"2022-03",60,3347,"fifth_wave",0,0,0,0.272727272727273,"REAL_PUBLIC_HKO",28,33,12,"Public HKO open-data design only; no health outcomes joined."
2022-03-02,26.1,18.1,20.7,0,0,0,2022,3,2,"2022-03",61,3348,"fifth_wave",0,0,0,0.272727272727273,"REAL_PUBLIC_HKO",28,33,12,"Public HKO open-data design only; no health outcomes joined."
2022-03-03,22.6,17.4,19.5,0,0,0,2022,3,3,"2022-03",62,3349,"fifth_wave",0,0,0,0.272727272727273,"REAL_PUBLIC_HKO",28,33,12,"Public HKO open-data design only; no health outcomes joined."
2022-03-04,26.6,18.8,21.3,0,0,0,2022,3,4,"2022-03",63,3350,"fifth_wave",0,0,0,0.272727272727273,"REAL_PUBLIC_HKO",28,33,12,"Public HKO open-data design only; no health outcomes joined."
2022-03-05,24.6,17.9,20.6,0,0,0,2022,3,5,"2022-03",64,3351,"fifth_wave",0,0,0,0.272727272727273,"REAL_PUBLIC_HKO",28,33,12,"Public HKO open-data design only; no health outcomes joined."
2022-03-06,21.3,17.6,19.1,0,0,0,2022,3,6,"2022-03",65,3352,"fifth_wave",0,0,0,0.272727272727273,"REAL_PUBLIC_HKO",28,33,12,"Public HKO open-data design only; no health outcomes joined."
2022-03-07,24.6,16.8,19.8,0,0,0,2022,3,7,"2022-03",66,3353,"fifth_wave",0,0,0,0.272727272727273,"REAL_PUBLIC_HKO",28,33,12,"Public HKO open-data design only; no health outcomes joined."
2022-03-08,21.6,15,17.5,0,0,0,2022,3,8,"2022-03",67,3354,"fifth_wave",0,0,0,0.272727272727273,"REAL_PUBLIC_HKO",28,33,12,"Public HKO open-data design only; no health outcomes joined."
2022-03-09,24.3,15.1,18.7,0,0,0,2022,3,9,"2022-03",68,3355,"fifth_wave",0,0,0,0.272727272727273,"REAL_PUBLIC_HKO",28,33,12,"Public HKO open-data design only; no health outcomes joined."
2022-03-10,25,17.9,20.7,0,0,0,2022,3,10,"2022-03",69,3356,"fifth_wave",0,0,0,0.272727272727273,"REAL_PUBLIC_HKO",28,33,12,"Public HKO open-data design only; no health outcomes joined."
2022-03-11,26.9,18.8,22.1,0,0,0,2022,3,11,"2022-03",70,3357,"fifth_wave",0,0,0,0.272727272727273,"REAL_PUBLIC_HKO",28,33,12,"Public HKO open-data design only; no health outcomes joined."
2022-03-12,26,19.8,22.3,0,0,0,2022,3,12,"2022-03",71,3358,"fifth_wave",0,0,0,0.272727272727273,"REAL_PUBLIC_HKO",28,33,12,"Public HKO open-data design only; no health outcomes joined."
2022-03-13,27.7,21,23.6,0,0,0,2022,3,13,"2022-03",72,3359,"fifth_wave",0,0,0,0.227272727272727,"REAL_PUBLIC_HKO",28,33,12,"Public HKO open-data design only; no health outcomes joined."
2022-03-14,29,21.4,24.1,0,0,0,2022,3,14,"2022-03",73,3360,"fifth_wave",0,0,0,0.181818181818182,"REAL_PUBLIC_HKO",28,33,12,"Public HKO open-data design only; no health outcomes joined."
2022-03-15,28.4,21.1,23.8,0,0,0,2022,3,15,"2022-03",74,3361,"fifth_wave",0,0,0,0.136363636363636,"REAL_PUBLIC_HKO",28,33,12,"Public HKO open-data design only; no health outcomes joined."
2022-03-16,24.7,21.2,22.3,0,0,0,2022,3,16,"2022-03",75,3362,"fifth_wave",0,0,0,0.0909090909090909,"REAL_PUBLIC_HKO",28,33,12,"Public HKO open-data design only; no health outcomes joined."
2022-03-17,27.7,22.1,24.3,0,0,0,2022,3,17,"2022-03",76,3363,"fifth_wave",0,0,0,0.0454545454545455,"REAL_PUBLIC_HKO",28,33,12,"Public HKO open-data design only; no health outcomes joined."
2022-03-18,28.7,21.3,24.4,0,0,0,2022,3,18,"2022-03",77,3364,"fifth_wave",0,0,0,0,"REAL_PUBLIC_HKO",28,33,12,"Public HKO open-data design only; no health outcomes joined."
2022-03-19,25.8,22.3,23.3,0,0,0,2022,3,19,"2022-03",78,3365,"fifth_wave",0,0,0,0,"REAL_PUBLIC_HKO",28,33,12,"Public HKO open-data design only; no health outcomes joined."
2022-03-20,22.9,19.9,21,0,0,0,2022,3,20,"2022-03",79,3366,"fifth_wave",0,0,0,0,"REAL_PUBLIC_HKO",28,33,12,"Public HKO open-data design only; no health outcomes joined."
2022-03-21,23.7,21,22.1,0,0,0,2022,3,21,"2022-03",80,3367,"fifth_wave",0,0,0,0,"REAL_PUBLIC_HKO",28,33,12,"Public HKO open-data design only; no health outcomes joined."
2022-03-22,25.1,21.2,23,0,0,0,2022,3,22,"2022-03",81,3368,"fifth_wave",0,0,0,0,"REAL_PUBLIC_HKO",28,33,12,"Public HKO open-data design only; no health outcomes joined."
2022-03-23,21.6,16.3,17.7,0,0,0,2022,3,23,"2022-03",82,3369,"fifth_wave",0,0,0,0,"REAL_PUBLIC_HKO",28,33,12,"Public HKO open-data design only; no health outcomes joined."
2022-03-24,18.5,16.3,17.6,0,0,0,2022,3,24,"2022-03",83,3370,"fifth_wave",0,0,0,0,"REAL_PUBLIC_HKO",28,33,12,"Public HKO open-data design only; no health outcomes joined."
2022-03-25,26.7,18.1,23.1,0,0,0,2022,3,25,"2022-03",84,3371,"fifth_wave",0,0,0,0,"REAL_PUBLIC_HKO",28,33,12,"Public HKO open-data design only; no health outcomes joined."
2022-03-26,28.7,24.9,26.4,0,0,0,2022,3,26,"2022-03",85,3372,"fifth_wave",0,0,0,0,"REAL_PUBLIC_HKO",28,33,12,"Public HKO open-data design only; no health outcomes joined."
2022-03-27,25.4,19.1,21.9,0,0,0,2022,3,27,"2022-03",86,3373,"fifth_wave",0,0,0,0,"REAL_PUBLIC_HKO",28,33,12,"Public HKO open-data design only; no health outcomes joined."
2022-03-28,19.2,16.4,17.5,0,0,0,2022,3,28,"2022-03",87,3374,"fifth_wave",0,0,0,0,"REAL_PUBLIC_HKO",28,33,12,"Public HKO open-data design only; no health outcomes joined."
2022-03-29,21.2,17.4,19.1,0,0,0,2022,3,29,"2022-03",88,3375,"fifth_wave",0,0,0,0,"REAL_PUBLIC_HKO",28,33,12,"Public HKO open-data design only; no health outcomes joined."
2022-03-30,26.1,19.5,22.4,0,0,0,2022,3,30,"2022-03",89,3376,"fifth_wave",0,0,0,0,"REAL_PUBLIC_HKO",28,33,12,"Public HKO open-data design only; no health outcomes joined."
2022-03-31,29.3,21.9,24.4,0,0,0,2022,3,31,"2022-03",90,3377,"fifth_wave",0,0,0,0,"REAL_PUBLIC_HKO",28,33,12,"Public HKO open-data design only; no health outcomes joined."
2022-04-01,22,15.7,19,0,0,0,2022,4,1,"2022-04",91,3378,"fifth_wave",0,0,0,0,"REAL_PUBLIC_HKO",28,33,12,"Public HKO open-data design only; no health outcomes joined."
2022-04-02,16.1,13.7,15,0,0,0,2022,4,2,"2022-04",92,3379,"fifth_wave",0,0,0,0,"REAL_PUBLIC_HKO",28,33,12,"Public HKO open-data design only; no health outcomes joined."
2022-04-03,23.9,15.2,18.7,0,0,0,2022,4,3,"2022-04",93,3380,"fifth_wave",0,0,0,0,"REAL_PUBLIC_HKO",28,33,12,"Public HKO open-data design only; no health outcomes joined."
2022-04-04,25.6,16.8,20.1,0,0,0,2022,4,4,"2022-04",94,3381,"fifth_wave",0,0,0,0,"REAL_PUBLIC_HKO",28,33,12,"Public HKO open-data design only; no health outcomes joined."
2022-04-05,26.9,18.1,21.3,0,0,0,2022,4,5,"2022-04",95,3382,"fifth_wave",0,0,0,0,"REAL_PUBLIC_HKO",28,33,12,"Public HKO open-data design only; no health outcomes joined."
2022-04-06,26.2,19.4,22.3,0,0,0,2022,4,6,"2022-04",96,3383,"fifth_wave",0,0,0,0,"REAL_PUBLIC_HKO",28,33,12,"Public HKO open-data design only; no health outcomes joined."
2022-04-07,26.7,20,22.8,0,0,0,2022,4,7,"2022-04",97,3384,"fifth_wave",0,0,0,0,"REAL_PUBLIC_HKO",28,33,12,"Public HKO open-data design only; no health outcomes joined."
2022-04-08,29.1,20.5,23.6,0,0,0,2022,4,8,"2022-04",98,3385,"fifth_wave",0,0,0,0,"REAL_PUBLIC_HKO",28,33,12,"Public HKO open-data design only; no health outcomes joined."
2022-04-09,27.6,20.3,23.1,0,0,0,2022,4,9,"2022-04",99,3386,"fifth_wave",0,0,0,0,"REAL_PUBLIC_HKO",28,33,12,"Public HKO open-data design only; no health outcomes joined."
2022-04-10,28.5,20.5,23.8,0,0,0,2022,4,10,"2022-04",100,3387,"fifth_wave",0,0,0,0,"REAL_PUBLIC_HKO",28,33,12,"Public HKO open-data design only; no health outcomes joined."
2022-04-11,30.3,22.6,25.5,0,0,0,2022,4,11,"2022-04",101,3388,"fifth_wave",0,0,0,0,"REAL_PUBLIC_HKO",28,33,12,"Public HKO open-data design only; no health outcomes joined."
2022-04-12,30.2,23,25.7,0,0,0,2022,4,12,"2022-04",102,3389,"fifth_wave",0,0,0,0,"REAL_PUBLIC_HKO",28,33,12,"Public HKO open-data design only; no health outcomes joined."
2022-04-13,28.1,23.9,25.3,0,0,0,2022,4,13,"2022-04",103,3390,"fifth_wave",0,0,0,0,"REAL_PUBLIC_HKO",28,33,12,"Public HKO open-data design only; no health outcomes joined."
2022-04-14,27.8,23,25.5,0,0,0,2022,4,14,"2022-04",104,3391,"fifth_wave",0,0,0,0,"REAL_PUBLIC_HKO",28,33,12,"Public HKO open-data design only; no health outcomes joined."
2022-04-15,27.6,22.8,24.3,0,0,0,2022,4,15,"2022-04",105,3392,"fifth_wave",0,0,0,0,"REAL_PUBLIC_HKO",28,33,12,"Public HKO open-data design only; no health outcomes joined."
2022-04-16,22.9,21.2,21.8,0,0,0,2022,4,16,"2022-04",106,3393,"fifth_wave",0,0,0,0,"REAL_PUBLIC_HKO",28,33,12,"Public HKO open-data design only; no health outcomes joined."
2022-04-17,24.9,19.2,21.4,0,0,0,2022,4,17,"2022-04",107,3394,"fifth_wave",0,0,0,0,"REAL_PUBLIC_HKO",28,33,12,"Public HKO open-data design only; no health outcomes joined."
2022-04-18,23.2,20.9,21.7,0,0,0,2022,4,18,"2022-04",108,3395,"fifth_wave",0,0,0,0,"REAL_PUBLIC_HKO",28,33,12,"Public HKO open-data design only; no health outcomes joined."
2022-04-19,21.1,19.1,20.1,0,0,0,2022,4,19,"2022-04",109,3396,"fifth_wave",0,0,0,0,"REAL_PUBLIC_HKO",28,33,12,"Public HKO open-data design only; no health outcomes joined."
2022-04-20,25.6,19.8,21.9,0,0,0,2022,4,20,"2022-04",110,3397,"fifth_wave",0,0,0,0,"REAL_PUBLIC_HKO",28,33,12,"Public HKO open-data design only; no health outcomes joined."
2022-04-21,28.4,21.4,23.9,0,0,0,2022,4,21,"2022-04",111,3398,"fifth_wave",0,0,0,0,"REAL_PUBLIC_HKO",28,33,12,"Public HKO open-data design only; no health outcomes joined."
2022-04-22,27.2,23.4,24.8,0,0,0,2022,4,22,"2022-04",112,3399,"fifth_wave",0,0,0,0,"REAL_PUBLIC_HKO",28,33,12,"Public HKO open-data design only; no health outcomes joined."
2022-04-23,30.3,24.1,26.4,0,0,0,2022,4,23,"2022-04",113,3400,"fifth_wave",0,0,0,0,"REAL_PUBLIC_HKO",28,33,12,"Public HKO open-data design only; no health outcomes joined."
2022-04-24,30.9,24.9,27.2,0,0,0,2022,4,24,"2022-04",114,3401,"fifth_wave",0,0,0,0,"REAL_PUBLIC_HKO",28,33,12,"Public HKO open-data design only; no health outcomes joined."
2022-04-25,31.4,26.3,27.9,0,0,0,2022,4,25,"2022-04",115,3402,"fifth_wave",0,0,0,0,"REAL_PUBLIC_HKO",28,33,12,"Public HKO open-data design only; no health outcomes joined."
2022-04-26,29.8,26.2,27.7,0,0,0,2022,4,26,"2022-04",116,3403,"fifth_wave",0,0,0,0,"REAL_PUBLIC_HKO",28,33,12,"Public HKO open-data design only; no health outcomes joined."
2022-04-27,31.6,26.1,28.4,0,0,0,2022,4,27,"2022-04",117,3404,"fifth_wave",0,0,0,0,"REAL_PUBLIC_HKO",28,33,12,"Public HKO open-data design only; no health outcomes joined."
2022-04-28,31.6,26.8,28.4,0,0,0,2022,4,28,"2022-04",118,3405,"fifth_wave",0,0,0,0,"REAL_PUBLIC_HKO",28,33,12,"Public HKO open-data design only; no health outcomes joined."
2022-04-29,32,26.2,28.2,0,0,0,2022,4,29,"2022-04",119,3406,"fifth_wave",0,0,0,0,"REAL_PUBLIC_HKO",28,33,12,"Public HKO open-data design only; no health outcomes joined."
2022-04-30,26.8,24.3,25.4,0,0,0,2022,4,30,"2022-04",120,3407,"fifth_wave",0,0,0,0,"REAL_PUBLIC_HKO",28,33,12,"Public HKO open-data design only; no health outcomes joined."
2022-05-01,24.6,17.1,20.7,0,0,0,2022,5,1,"2022-05",121,3408,"late_2022",0,0,0,0,"REAL_PUBLIC_HKO",28,33,12,"Public HKO open-data design only; no health outcomes joined."
2022-05-02,21.3,16.4,18.5,0,0,0,2022,5,2,"2022-05",122,3409,"late_2022",0,0,0,0,"REAL_PUBLIC_HKO",28,33,12,"Public HKO open-data design only; no health outcomes joined."
2022-05-03,26.6,18.8,22.3,0,0,0,2022,5,3,"2022-05",123,3410,"late_2022",0,0,0,0,"REAL_PUBLIC_HKO",28,33,12,"Public HKO open-data design only; no health outcomes joined."
2022-05-04,28.5,21.6,24.6,0,0,0,2022,5,4,"2022-05",124,3411,"late_2022",0,0,0,0,"REAL_PUBLIC_HKO",28,33,12,"Public HKO open-data design only; no health outcomes joined."
2022-05-05,29.3,23.2,25.2,0,0,0,2022,5,5,"2022-05",125,3412,"late_2022",0,0,0,0,"REAL_PUBLIC_HKO",28,33,12,"Public HKO open-data design only; no health outcomes joined."
2022-05-06,28.9,23.4,25.5,0,0,0,2022,5,6,"2022-05",126,3413,"late_2022",0,0,0,0,"REAL_PUBLIC_HKO",28,33,12,"Public HKO open-data design only; no health outcomes joined."
2022-05-07,29.7,23.6,25.4,0,0,0,2022,5,7,"2022-05",127,3414,"late_2022",0,0,0,0,"REAL_PUBLIC_HKO",28,33,12,"Public HKO open-data design only; no health outcomes joined."
2022-05-08,27.5,23.4,25,0,0,0,2022,5,8,"2022-05",128,3415,"late_2022",0,0,0,0,"REAL_PUBLIC_HKO",28,33,12,"Public HKO open-data design only; no health outcomes joined."
2022-05-09,29,24.3,25.6,0,0,0,2022,5,9,"2022-05",129,3416,"late_2022",0,0,0,0,"REAL_PUBLIC_HKO",28,33,12,"Public HKO open-data design only; no health outcomes joined."
2022-05-10,27.7,24.4,25.7,0,0,0,2022,5,10,"2022-05",130,3417,"late_2022",0,0,0,0,"REAL_PUBLIC_HKO",28,33,12,"Public HKO open-data design only; no health outcomes joined."
2022-05-11,25.9,24.2,25,0,0,0,2022,5,11,"2022-05",131,3418,"late_2022",0,0,0,0,"REAL_PUBLIC_HKO",28,33,12,"Public HKO open-data design only; no health outcomes joined."
2022-05-12,27,24.6,25.8,0,0,0,2022,5,12,"2022-05",132,3419,"late_2022",0,0,0,0,"REAL_PUBLIC_HKO",28,33,12,"Public HKO open-data design only; no health outcomes joined."
2022-05-13,26.9,24.3,25.5,0,0,0,2022,5,13,"2022-05",133,3420,"late_2022",0,0,0,0,"REAL_PUBLIC_HKO",28,33,12,"Public HKO open-data design only; no health outcomes joined."
2022-05-14,26.5,23.5,24.6,0,0,0,2022,5,14,"2022-05",134,3421,"late_2022",0,0,0,0,"REAL_PUBLIC_HKO",28,33,12,"Public HKO open-data design only; no health outcomes joined."
2022-05-15,24.9,20.8,22.6,0,0,0,2022,5,15,"2022-05",135,3422,"late_2022",0,0,0,0,"REAL_PUBLIC_HKO",28,33,12,"Public HKO open-data design only; no health outcomes joined."
2022-05-16,20.8,18.8,20,0,0,0,2022,5,16,"2022-05",136,3423,"late_2022",0,0,0,0,"REAL_PUBLIC_HKO",28,33,12,"Public HKO open-data design only; no health outcomes joined."
2022-05-17,26.3,19.6,22.4,0,0,0,2022,5,17,"2022-05",137,3424,"late_2022",0,0,0,0,"REAL_PUBLIC_HKO",28,33,12,"Public HKO open-data design only; no health outcomes joined."
2022-05-18,27.1,21.9,23.9,0,0,0,2022,5,18,"2022-05",138,3425,"late_2022",0,0,0,0,"REAL_PUBLIC_HKO",28,33,12,"Public HKO open-data design only; no health outcomes joined."
2022-05-19,30,23.5,25.8,0,0,0,2022,5,19,"2022-05",139,3426,"late_2022",0,0,0,0,"REAL_PUBLIC_HKO",28,33,12,"Public HKO open-data design only; no health outcomes joined."
2022-05-20,30.9,24.5,26.9,0,0,0,2022,5,20,"2022-05",140,3427,"late_2022",0,0,0,0,"REAL_PUBLIC_HKO",28,33,12,"Public HKO open-data design only; no health outcomes joined."
2022-05-21,30.7,24.6,26.9,0,0,0,2022,5,21,"2022-05",141,3428,"late_2022",0,0,0,0,"REAL_PUBLIC_HKO",28,33,12,"Public HKO open-data design only; no health outcomes joined."
2022-05-22,27.2,24.1,25,0,0,0,2022,5,22,"2022-05",142,3429,"late_2022",0,0,0,0,"REAL_PUBLIC_HKO",28,33,12,"Public HKO open-data design only; no health outcomes joined."
2022-05-23,24.8,23.1,24,0,0,0,2022,5,23,"2022-05",143,3430,"late_2022",0,0,0,0,"REAL_PUBLIC_HKO",28,33,12,"Public HKO open-data design only; no health outcomes joined."
2022-05-24,25,23.7,24.4,0,0,0,2022,5,24,"2022-05",144,3431,"late_2022",0,0,0,0,"REAL_PUBLIC_HKO",28,33,12,"Public HKO open-data design only; no health outcomes joined."
2022-05-25,27.4,23.8,25.3,0,0,0,2022,5,25,"2022-05",145,3432,"late_2022",0,0,0,0,"REAL_PUBLIC_HKO",28,33,12,"Public HKO open-data design only; no health outcomes joined."
2022-05-26,28.6,25.1,26.7,0,0,0,2022,5,26,"2022-05",146,3433,"late_2022",0,0,0,0,"REAL_PUBLIC_HKO",28,33,12,"Public HKO open-data design only; no health outcomes joined."
2022-05-27,28.5,26.1,27.4,0,0,0,2022,5,27,"2022-05",147,3434,"late_2022",0,0,0,0,"REAL_PUBLIC_HKO",28,33,12,"Public HKO open-data design only; no health outcomes joined."
2022-05-28,31.3,27.1,28.7,0,0,0,2022,5,28,"2022-05",148,3435,"late_2022",0,0,0,0,"REAL_PUBLIC_HKO",28,33,12,"Public HKO open-data design only; no health outcomes joined."
2022-05-29,32.2,27.8,29.1,0,0,0,2022,5,29,"2022-05",149,3436,"late_2022",0,0,0,0,"REAL_PUBLIC_HKO",28,33,12,"Public HKO open-data design only; no health outcomes joined."
2022-05-30,32.7,27.4,29.2,0,0,0,2022,5,30,"2022-05",150,3437,"late_2022",0,0,0,0,"REAL_PUBLIC_HKO",28,33,12,"Public HKO open-data design only; no health outcomes joined."
2022-05-31,30.7,27.4,28.2,0,0,0,2022,5,31,"2022-05",151,3438,"late_2022",0,0,0,0,"REAL_PUBLIC_HKO",28,33,12,"Public HKO open-data design only; no health outcomes joined."
2022-06-01,30.9,27,28.7,0,0,0,2022,6,1,"2022-06",152,3439,"late_2022",0,0,0,0,"REAL_PUBLIC_HKO",28,33,12,"Public HKO open-data design only; no health outcomes joined."
2022-06-02,31,26,28.8,0,0,0,2022,6,2,"2022-06",153,3440,"late_2022",0,0,0,0,"REAL_PUBLIC_HKO",28,33,12,"Public HKO open-data design only; no health outcomes joined."
2022-06-03,31.2,28,29.2,1,0,0,2022,6,3,"2022-06",154,3441,"late_2022",1,0,0.166666666666667,0,"REAL_PUBLIC_HKO",28,33,12,"Public HKO open-data design only; no health outcomes joined."
2022-06-04,32,28.6,29.6,1,0,0,2022,6,4,"2022-06",155,3442,"late_2022",1,0,0.333333333333333,0,"REAL_PUBLIC_HKO",28,33,12,"Public HKO open-data design only; no health outcomes joined."
2022-06-05,32,28.7,29.6,1,0,0,2022,6,5,"2022-06",156,3443,"late_2022",1,0,0.5,0,"REAL_PUBLIC_HKO",28,33,12,"Public HKO open-data design only; no health outcomes joined."
2022-06-06,30.6,27.6,28.9,0,0,0,2022,6,6,"2022-06",157,3444,"late_2022",0,0,0.5,0,"REAL_PUBLIC_HKO",28,33,12,"Public HKO open-data design only; no health outcomes joined."
2022-06-07,29.6,24.6,27.4,0,0,0,2022,6,7,"2022-06",158,3445,"late_2022",0,0,0.5,0,"REAL_PUBLIC_HKO",28,33,12,"Public HKO open-data design only; no health outcomes joined."
2022-06-08,28,24.7,25.8,0,0,0,2022,6,8,"2022-06",159,3446,"late_2022",0,0,0.5,0,"REAL_PUBLIC_HKO",28,33,12,"Public HKO open-data design only; no health outcomes joined."
2022-06-09,27.9,25,26.3,0,0,0,2022,6,9,"2022-06",160,3447,"late_2022",0,0,0.333333333333333,0,"REAL_PUBLIC_HKO",28,33,12,"Public HKO open-data design only; no health outcomes joined."
2022-06-10,27.3,25,26.1,0,0,0,2022,6,10,"2022-06",161,3448,"late_2022",0,0,0.166666666666667,0,"REAL_PUBLIC_HKO",28,33,12,"Public HKO open-data design only; no health outcomes joined."
2022-06-11,29.1,25.3,26.8,0,0,0,2022,6,11,"2022-06",162,3449,"late_2022",0,0,0,0,"REAL_PUBLIC_HKO",28,33,12,"Public HKO open-data design only; no health outcomes joined."
2022-06-12,30.3,25.6,28.4,0,0,0,2022,6,12,"2022-06",163,3450,"late_2022",0,0,0,0,"REAL_PUBLIC_HKO",28,33,12,"Public HKO open-data design only; no health outcomes joined."
2022-06-13,30.6,28.1,28.9,1,0,0,2022,6,13,"2022-06",164,3451,"late_2022",1,0,0.166666666666667,0,"REAL_PUBLIC_HKO",28,33,12,"Public HKO open-data design only; no health outcomes joined."
2022-06-14,29.3,24.8,27.4,0,0,0,2022,6,14,"2022-06",165,3452,"late_2022",0,0,0.166666666666667,0,"REAL_PUBLIC_HKO",28,33,12,"Public HKO open-data design only; no health outcomes joined."
2022-06-15,30.5,24,26.7,0,0,0,2022,6,15,"2022-06",166,3453,"late_2022",0,0,0.166666666666667,0,"REAL_PUBLIC_HKO",28,33,12,"Public HKO open-data design only; no health outcomes joined."
2022-06-16,30.5,24.3,27.6,0,0,0,2022,6,16,"2022-06",167,3454,"late_2022",0,0,0.166666666666667,0,"REAL_PUBLIC_HKO",28,33,12,"Public HKO open-data design only; no health outcomes joined."
2022-06-17,31,28,29,1,0,0,2022,6,17,"2022-06",168,3455,"late_2022",1,0,0.333333333333333,0,"REAL_PUBLIC_HKO",28,33,12,"Public HKO open-data design only; no health outcomes joined."
2022-06-18,29.8,27.5,28.8,0,0,0,2022,6,18,"2022-06",169,3456,"late_2022",0,0,0.333333333333333,0,"REAL_PUBLIC_HKO",28,33,12,"Public HKO open-data design only; no health outcomes joined."
2022-06-19,30.9,28,29.3,1,0,0,2022,6,19,"2022-06",170,3457,"late_2022",1,0,0.333333333333333,0,"REAL_PUBLIC_HKO",28,33,12,"Public HKO open-data design only; no health outcomes joined."
2022-06-20,30.4,27.6,29.2,0,0,0,2022,6,20,"2022-06",171,3458,"late_2022",0,0,0.333333333333333,0,"REAL_PUBLIC_HKO",28,33,12,"Public HKO open-data design only; no health outcomes joined."
2022-06-21,30.5,28.6,29.4,1,0,0,2022,6,21,"2022-06",172,3459,"late_2022",1,0,0.5,0,"REAL_PUBLIC_HKO",28,33,12,"Public HKO open-data design only; no health outcomes joined."
2022-06-22,31.8,28.1,29.5,1,0,0,2022,6,22,"2022-06",173,3460,"late_2022",1,0,0.666666666666667,0,"REAL_PUBLIC_HKO",28,33,12,"Public HKO open-data design only; no health outcomes joined."
2022-06-23,33.8,27.9,30,0,1,0,2022,6,23,"2022-06",174,3461,"late_2022",0,0,0.5,0,"REAL_PUBLIC_HKO",28,33,12,"Public HKO open-data design only; no health outcomes joined."
2022-06-24,33.4,27.8,30,0,1,0,2022,6,24,"2022-06",175,3462,"late_2022",0,0,0.5,0,"REAL_PUBLIC_HKO",28,33,12,"Public HKO open-data design only; no health outcomes joined."
2022-06-25,32.8,27.7,29.6,0,0,0,2022,6,25,"2022-06",176,3463,"late_2022",0,0,0.333333333333333,0,"REAL_PUBLIC_HKO",28,33,12,"Public HKO open-data design only; no health outcomes joined."
2022-06-26,33.9,26.8,30,0,1,0,2022,6,26,"2022-06",177,3464,"late_2022",0,0,0.333333333333333,0,"REAL_PUBLIC_HKO",28,33,12,"Public HKO open-data design only; no health outcomes joined."
2022-06-27,33.4,27.8,30.1,0,1,0,2022,6,27,"2022-06",178,3465,"late_2022",0,0,0.166666666666667,0,"REAL_PUBLIC_HKO",28,33,12,"Public HKO open-data design only; no health outcomes joined."
2022-06-28,34.4,28.2,30.6,1,1,0,2022,6,28,"2022-06",179,3466,"late_2022",1,0,0.166666666666667,0,"REAL_PUBLIC_HKO",28,33,12,"Public HKO open-data design only; no health outcomes joined."
2022-06-29,33.9,28.1,30.2,1,1,0,2022,6,29,"2022-06",180,3467,"late_2022",1,0,0.333333333333333,0,"REAL_PUBLIC_HKO",28,33,12,"Public HKO open-data design only; no health outcomes joined."
2022-06-30,29.6,25.9,27.5,0,0,0,2022,6,30,"2022-06",181,3468,"late_2022",0,0,0.333333333333333,0,"REAL_PUBLIC_HKO",28,33,12,"Public HKO open-data design only; no health outcomes joined."
2022-07-01,29.7,25.4,27.2,0,0,0,2022,7,1,"2022-07",182,3469,"late_2022",0,0,0.333333333333333,0,"REAL_PUBLIC_HKO",28,33,12,"Public HKO open-data design only; no health outcomes joined."
2022-07-02,28.4,25.6,26.9,0,0,0,2022,7,2,"2022-07",183,3470,"late_2022",0,0,0.333333333333333,0,"REAL_PUBLIC_HKO",28,33,12,"Public HKO open-data design only; no health outcomes joined."
2022-07-03,30.3,28.2,29,1,0,0,2022,7,3,"2022-07",184,3471,"late_2022",1,0,0.5,0,"REAL_PUBLIC_HKO",28,33,12,"Public HKO open-data design only; no health outcomes joined."
2022-07-04,29.4,27.9,28.8,0,0,0,2022,7,4,"2022-07",185,3472,"late_2022",0,0,0.333333333333333,0,"REAL_PUBLIC_HKO",28,33,12,"Public HKO open-data design only; no health outcomes joined."
2022-07-05,29.7,28.4,29,1,0,0,2022,7,5,"2022-07",186,3473,"late_2022",1,0,0.333333333333333,0,"REAL_PUBLIC_HKO",28,33,12,"Public HKO open-data design only; no health outcomes joined."
2022-07-06,30.3,28,28.8,1,0,0,2022,7,6,"2022-07",187,3474,"late_2022",1,0,0.5,0,"REAL_PUBLIC_HKO",28,33,12,"Public HKO open-data design only; no health outcomes joined."
2022-07-07,31.6,27.2,28.7,0,0,0,2022,7,7,"2022-07",188,3475,"late_2022",0,0,0.5,0,"REAL_PUBLIC_HKO",28,33,12,"Public HKO open-data design only; no health outcomes joined."
2022-07-08,33.8,27.7,30,0,1,0,2022,7,8,"2022-07",189,3476,"late_2022",0,0,0.5,0,"REAL_PUBLIC_HKO",28,33,12,"Public HKO open-data design only; no health outcomes joined."
2022-07-09,33.3,28.6,29.9,1,1,0,2022,7,9,"2022-07",190,3477,"late_2022",1,0,0.5,0,"REAL_PUBLIC_HKO",28,33,12,"Public HKO open-data design only; no health outcomes joined."
2022-07-10,34.2,28.6,30.5,1,1,0,2022,7,10,"2022-07",191,3478,"late_2022",1,0,0.666666666666667,0,"REAL_PUBLIC_HKO",28,33,12,"Public HKO open-data design only; no health outcomes joined."
2022-07-11,35.1,28.5,30.9,1,1,0,2022,7,11,"2022-07",192,3479,"late_2022",1,0,0.666666666666667,0,"REAL_PUBLIC_HKO",28,33,12,"Public HKO open-data design only; no health outcomes joined."
2022-07-12,35.2,28.6,31.1,1,1,0,2022,7,12,"2022-07",193,3480,"late_2022",1,0,0.666666666666667,0,"REAL_PUBLIC_HKO",28,33,12,"Public HKO open-data design only; no health outcomes joined."
2022-07-13,35.2,28.4,31,1,1,0,2022,7,13,"2022-07",194,3481,"late_2022",1,0,0.833333333333333,0,"REAL_PUBLIC_HKO",28,33,12,"Public HKO open-data design only; no health outcomes joined."
2022-07-14,33.1,28.5,30.4,1,1,0,2022,7,14,"2022-07",195,3482,"late_2022",1,0,1,0,"REAL_PUBLIC_HKO",28,33,12,"Public HKO open-data design only; no health outcomes joined."
2022-07-15,34.3,28.6,30.4,1,1,0,2022,7,15,"2022-07",196,3483,"late_2022",1,0,1,0,"REAL_PUBLIC_HKO",28,33,12,"Public HKO open-data design only; no health outcomes joined."
2022-07-16,33.3,28.8,30.5,1,1,0,2022,7,16,"2022-07",197,3484,"late_2022",1,0,1,0,"REAL_PUBLIC_HKO",28,33,12,"Public HKO open-data design only; no health outcomes joined."
2022-07-17,32.6,28.8,30.5,1,0,0,2022,7,17,"2022-07",198,3485,"late_2022",1,0,1,0,"REAL_PUBLIC_HKO",28,33,12,"Public HKO open-data design only; no health outcomes joined."
2022-07-18,32.7,28.5,30.4,1,0,0,2022,7,18,"2022-07",199,3486,"late_2022",1,0,1,0,"REAL_PUBLIC_HKO",28,33,12,"Public HKO open-data design only; no health outcomes joined."
2022-07-19,33.7,29.1,30.8,1,1,0,2022,7,19,"2022-07",200,3487,"late_2022",1,0,1,0,"REAL_PUBLIC_HKO",28,33,12,"Public HKO open-data design only; no health outcomes joined."
2022-07-20,34.2,29.2,30.8,1,1,0,2022,7,20,"2022-07",201,3488,"late_2022",1,0,1,0,"REAL_PUBLIC_HKO",28,33,12,"Public HKO open-data design only; no health outcomes joined."
2022-07-21,35.2,28.1,30.9,1,1,0,2022,7,21,"2022-07",202,3489,"late_2022",1,0,1,0,"REAL_PUBLIC_HKO",28,33,12,"Public HKO open-data design only; no health outcomes joined."
2022-07-22,35.6,28.2,31.2,1,1,0,2022,7,22,"2022-07",203,3490,"late_2022",1,0,1,0,"REAL_PUBLIC_HKO",28,33,12,"Public HKO open-data design only; no health outcomes joined."
2022-07-23,34.9,29.2,31.4,1,1,0,2022,7,23,"2022-07",204,3491,"late_2022",1,0,1,0,"REAL_PUBLIC_HKO",28,33,12,"Public HKO open-data design only; no health outcomes joined."
2022-07-24,36.1,29.5,32,1,1,0,2022,7,24,"2022-07",205,3492,"late_2022",1,0,1,0,"REAL_PUBLIC_HKO",28,33,12,"Public HKO open-data design only; no health outcomes joined."
2022-07-25,35.8,29.9,32,1,1,0,2022,7,25,"2022-07",206,3493,"late_2022",1,0,1,0,"REAL_PUBLIC_HKO",28,33,12,"Public HKO open-data design only; no health outcomes joined."
2022-07-26,35.2,29.1,31.2,1,1,0,2022,7,26,"2022-07",207,3494,"late_2022",1,0,1,0,"REAL_PUBLIC_HKO",28,33,12,"Public HKO open-data design only; no health outcomes joined."
2022-07-27,34.2,29,31,1,1,0,2022,7,27,"2022-07",208,3495,"late_2022",1,0,1,0,"REAL_PUBLIC_HKO",28,33,12,"Public HKO open-data design only; no health outcomes joined."
2022-07-28,35.3,28.8,31.2,1,1,0,2022,7,28,"2022-07",209,3496,"late_2022",1,0,1,0,"REAL_PUBLIC_HKO",28,33,12,"Public HKO open-data design only; no health outcomes joined."
2022-07-29,35.3,29.7,31.7,1,1,0,2022,7,29,"2022-07",210,3497,"late_2022",1,0,1,0,"REAL_PUBLIC_HKO",28,33,12,"Public HKO open-data design only; no health outcomes joined."
2022-07-30,31.2,26.5,29.5,0,0,0,2022,7,30,"2022-07",211,3498,"late_2022",0,0,0.833333333333333,0,"REAL_PUBLIC_HKO",28,33,12,"Public HKO open-data design only; no health outcomes joined."
2022-07-31,34,28.3,30.8,1,1,0,2022,7,31,"2022-07",212,3499,"late_2022",1,0,0.833333333333333,0,"REAL_PUBLIC_HKO",28,33,12,"Public HKO open-data design only; no health outcomes joined."
2022-08-01,35.7,29.1,31.4,1,1,0,2022,8,1,"2022-08",213,3500,"late_2022",1,0,0.833333333333333,0,"REAL_PUBLIC_HKO",28,33,12,"Public HKO open-data design only; no health outcomes joined."
2022-08-02,35.2,28,31.1,1,1,0,2022,8,2,"2022-08",214,3501,"late_2022",1,0,0.833333333333333,0,"REAL_PUBLIC_HKO",28,33,12,"Public HKO open-data design only; no health outcomes joined."
2022-08-03,30.8,25.6,28.2,0,0,0,2022,8,3,"2022-08",215,3502,"late_2022",0,0,0.666666666666667,0,"REAL_PUBLIC_HKO",28,33,12,"Public HKO open-data design only; no health outcomes joined."
2022-08-04,28.4,25.9,27.1,0,0,0,2022,8,4,"2022-08",216,3503,"late_2022",0,0,0.5,0,"REAL_PUBLIC_HKO",28,33,12,"Public HKO open-data design only; no health outcomes joined."
2022-08-05,28.6,24.5,26.1,0,0,0,2022,8,5,"2022-08",217,3504,"late_2022",0,0,0.5,0,"REAL_PUBLIC_HKO",28,33,12,"Public HKO open-data design only; no health outcomes joined."
2022-08-06,30.9,26.1,27.9,0,0,0,2022,8,6,"2022-08",218,3505,"late_2022",0,0,0.333333333333333,0,"REAL_PUBLIC_HKO",28,33,12,"Public HKO open-data design only; no health outcomes joined."
2022-08-07,32.6,27.6,29.6,0,0,0,2022,8,7,"2022-08",219,3506,"late_2022",0,0,0.166666666666667,0,"REAL_PUBLIC_HKO",28,33,12,"Public HKO open-data design only; no health outcomes joined."
2022-08-08,30.9,26.2,28.3,0,0,0,2022,8,8,"2022-08",220,3507,"late_2022",0,0,0,0,"REAL_PUBLIC_HKO",28,33,12,"Public HKO open-data design only; no health outcomes joined."
2022-08-09,28.5,25.4,26.7,0,0,0,2022,8,9,"2022-08",221,3508,"late_2022",0,0,0,0,"REAL_PUBLIC_HKO",28,33,12,"Public HKO open-data design only; no health outcomes joined."
2022-08-10,29.6,25.8,27.4,0,0,0,2022,8,10,"2022-08",222,3509,"late_2022",0,0,0,0,"REAL_PUBLIC_HKO",28,33,12,"Public HKO open-data design only; no health outcomes joined."
2022-08-11,28.8,25.5,26.7,0,0,0,2022,8,11,"2022-08",223,3510,"late_2022",0,0,0,0,"REAL_PUBLIC_HKO",28,33,12,"Public HKO open-data design only; no health outcomes joined."
2022-08-12,27.1,24.9,26.1,0,0,0,2022,8,12,"2022-08",224,3511,"late_2022",0,0,0,0,"REAL_PUBLIC_HKO",28,33,12,"Public HKO open-data design only; no health outcomes joined."
2022-08-13,32.6,25.8,28.7,0,0,0,2022,8,13,"2022-08",225,3512,"late_2022",0,0,0,0,"REAL_PUBLIC_HKO",28,33,12,"Public HKO open-data design only; no health outcomes joined."
2022-08-14,33.3,26.9,29.5,0,1,0,2022,8,14,"2022-08",226,3513,"late_2022",0,0,0,0,"REAL_PUBLIC_HKO",28,33,12,"Public HKO open-data design only; no health outcomes joined."
2022-08-15,33.6,28.1,30,1,1,0,2022,8,15,"2022-08",227,3514,"late_2022",1,0,0.166666666666667,0,"REAL_PUBLIC_HKO",28,33,12,"Public HKO open-data design only; no health outcomes joined."
2022-08-16,33.2,26.2,29.4,0,1,0,2022,8,16,"2022-08",228,3515,"late_2022",0,0,0.166666666666667,0,"REAL_PUBLIC_HKO",28,33,12,"Public HKO open-data design only; no health outcomes joined."
2022-08-17,32.3,26.2,28.2,0,0,0,2022,8,17,"2022-08",229,3516,"late_2022",0,0,0.166666666666667,0,"REAL_PUBLIC_HKO",28,33,12,"Public HKO open-data design only; no health outcomes joined."
2022-08-18,30.4,26.2,28.1,0,0,0,2022,8,18,"2022-08",230,3517,"late_2022",0,0,0.166666666666667,0,"REAL_PUBLIC_HKO",28,33,12,"Public HKO open-data design only; no health outcomes joined."
2022-08-19,32,26.4,28.3,0,0,0,2022,8,19,"2022-08",231,3518,"late_2022",0,0,0.166666666666667,0,"REAL_PUBLIC_HKO",28,33,12,"Public HKO open-data design only; no health outcomes joined."
2022-08-20,31.9,26.5,28.2,0,0,0,2022,8,20,"2022-08",232,3519,"late_2022",0,0,0.166666666666667,0,"REAL_PUBLIC_HKO",28,33,12,"Public HKO open-data design only; no health outcomes joined."
2022-08-21,32.9,26.6,29,0,0,0,2022,8,21,"2022-08",233,3520,"late_2022",0,0,0,0,"REAL_PUBLIC_HKO",28,33,12,"Public HKO open-data design only; no health outcomes joined."
2022-08-22,32.9,28.2,30.1,1,0,0,2022,8,22,"2022-08",234,3521,"late_2022",1,0,0.166666666666667,0,"REAL_PUBLIC_HKO",28,33,12,"Public HKO open-data design only; no health outcomes joined."
2022-08-23,34.5,28.6,31.1,1,1,0,2022,8,23,"2022-08",235,3522,"late_2022",1,0,0.333333333333333,0,"REAL_PUBLIC_HKO",28,33,12,"Public HKO open-data design only; no health outcomes joined."
2022-08-24,34.9,26.4,30.8,0,1,0,2022,8,24,"2022-08",236,3523,"late_2022",0,0,0.333333333333333,0,"REAL_PUBLIC_HKO",28,33,12,"Public HKO open-data design only; no health outcomes joined."
2022-08-25,29.8,25,27.2,0,0,0,2022,8,25,"2022-08",237,3524,"late_2022",0,0,0.333333333333333,0,"REAL_PUBLIC_HKO",28,33,12,"Public HKO open-data design only; no health outcomes joined."
2022-08-26,32.9,27.5,29.4,0,0,0,2022,8,26,"2022-08",238,3525,"late_2022",0,0,0.333333333333333,0,"REAL_PUBLIC_HKO",28,33,12,"Public HKO open-data design only; no health outcomes joined."
2022-08-27,33,27.4,29.7,0,1,0,2022,8,27,"2022-08",239,3526,"late_2022",0,0,0.333333333333333,0,"REAL_PUBLIC_HKO",28,33,12,"Public HKO open-data design only; no health outcomes joined."
2022-08-28,34.4,28.3,30.5,1,1,0,2022,8,28,"2022-08",240,3527,"late_2022",1,0,0.333333333333333,0,"REAL_PUBLIC_HKO",28,33,12,"Public HKO open-data design only; no health outcomes joined."
2022-08-29,34.6,28.6,30.1,1,1,0,2022,8,29,"2022-08",241,3528,"late_2022",1,0,0.333333333333333,0,"REAL_PUBLIC_HKO",28,33,12,"Public HKO open-data design only; no health outcomes joined."
2022-08-30,32.3,27.9,29.5,0,0,0,2022,8,30,"2022-08",242,3529,"late_2022",0,0,0.333333333333333,0,"REAL_PUBLIC_HKO",28,33,12,"Public HKO open-data design only; no health outcomes joined."
2022-08-31,31.7,28.1,29.7,1,0,0,2022,8,31,"2022-08",243,3530,"late_2022",1,0,0.5,0,"REAL_PUBLIC_HKO",28,33,12,"Public HKO open-data design only; no health outcomes joined."
2022-09-01,32.9,26.9,29.4,0,0,0,2022,9,1,"2022-09",244,3531,"late_2022",0,0,0.5,0,"REAL_PUBLIC_HKO",28,33,12,"Public HKO open-data design only; no health outcomes joined."
2022-09-02,32.3,27.3,29.5,0,0,0,2022,9,2,"2022-09",245,3532,"late_2022",0,0,0.5,0,"REAL_PUBLIC_HKO",28,33,12,"Public HKO open-data design only; no health outcomes joined."
2022-09-03,33.9,26.9,30,0,1,0,2022,9,3,"2022-09",246,3533,"late_2022",0,0,0.333333333333333,0,"REAL_PUBLIC_HKO",28,33,12,"Public HKO open-data design only; no health outcomes joined."
2022-09-04,34.7,27.7,30.8,0,1,0,2022,9,4,"2022-09",247,3534,"late_2022",0,0,0.166666666666667,0,"REAL_PUBLIC_HKO",28,33,12,"Public HKO open-data design only; no health outcomes joined."
2022-09-05,35.3,28.8,31.1,1,1,0,2022,9,5,"2022-09",248,3535,"late_2022",1,0,0.333333333333333,0,"REAL_PUBLIC_HKO",28,33,12,"Public HKO open-data design only; no health outcomes joined."
2022-09-06,34.5,28.4,30.8,1,1,0,2022,9,6,"2022-09",249,3536,"late_2022",1,0,0.333333333333333,0,"REAL_PUBLIC_HKO",28,33,12,"Public HKO open-data design only; no health outcomes joined."
2022-09-07,29.6,26.7,28.4,0,0,0,2022,9,7,"2022-09",250,3537,"late_2022",0,0,0.333333333333333,0,"REAL_PUBLIC_HKO",28,33,12,"Public HKO open-data design only; no health outcomes joined."
2022-09-08,32.8,27.8,29.5,0,0,0,2022,9,8,"2022-09",251,3538,"late_2022",0,0,0.333333333333333,0,"REAL_PUBLIC_HKO",28,33,12,"Public HKO open-data design only; no health outcomes joined."
2022-09-09,33.3,27.5,29.6,0,1,0,2022,9,9,"2022-09",252,3539,"late_2022",0,0,0.333333333333333,0,"REAL_PUBLIC_HKO",28,33,12,"Public HKO open-data design only; no health outcomes joined."
2022-09-10,31.4,27.6,28.9,0,0,0,2022,9,10,"2022-09",253,3540,"late_2022",0,0,0.333333333333333,0,"REAL_PUBLIC_HKO",28,33,12,"Public HKO open-data design only; no health outcomes joined."
2022-09-11,32.1,27.4,29.4,0,0,0,2022,9,11,"2022-09",254,3541,"late_2022",0,0,0.166666666666667,0,"REAL_PUBLIC_HKO",28,33,12,"Public HKO open-data design only; no health outcomes joined."
2022-09-12,33.7,28.2,30.8,1,1,0,2022,9,12,"2022-09",255,3542,"late_2022",1,0,0.166666666666667,0,"REAL_PUBLIC_HKO",28,33,12,"Public HKO open-data design only; no health outcomes joined."
2022-09-13,35.9,28.8,31.7,1,1,0,2022,9,13,"2022-09",256,3543,"late_2022",1,0,0.333333333333333,0,"REAL_PUBLIC_HKO",28,33,12,"Public HKO open-data design only; no health outcomes joined."
2022-09-14,35.5,29.6,31.7,1,1,0,2022,9,14,"2022-09",257,3544,"late_2022",1,0,0.5,0,"REAL_PUBLIC_HKO",28,33,12,"Public HKO open-data design only; no health outcomes joined."
2022-09-15,34.5,28.7,31.3,1,1,0,2022,9,15,"2022-09",258,3545,"late_2022",1,0,0.666666666666667,0,"REAL_PUBLIC_HKO",28,33,12,"Public HKO open-data design only; no health outcomes joined."
2022-09-16,33.8,28.6,30.8,1,1,0,2022,9,16,"2022-09",259,3546,"late_2022",1,0,0.833333333333333,0,"REAL_PUBLIC_HKO",28,33,12,"Public HKO open-data design only; no health outcomes joined."
2022-09-17,33.9,29.1,31.1,1,1,0,2022,9,17,"2022-09",260,3547,"late_2022",1,0,1,0,"REAL_PUBLIC_HKO",28,33,12,"Public HKO open-data design only; no health outcomes joined."
2022-09-18,34,27.4,30.1,0,1,0,2022,9,18,"2022-09",261,3548,"late_2022",0,0,0.833333333333333,0,"REAL_PUBLIC_HKO",28,33,12,"Public HKO open-data design only; no health outcomes joined."
2022-09-19,32.3,25.9,28.8,0,0,0,2022,9,19,"2022-09",262,3549,"late_2022",0,0,0.666666666666667,0,"REAL_PUBLIC_HKO",28,33,12,"Public HKO open-data design only; no health outcomes joined."
2022-09-20,30.7,26.2,28.9,0,0,0,2022,9,20,"2022-09",263,3550,"late_2022",0,0,0.5,0,"REAL_PUBLIC_HKO",28,33,12,"Public HKO open-data design only; no health outcomes joined."
2022-09-21,30.4,25.8,28.1,0,0,0,2022,9,21,"2022-09",264,3551,"late_2022",0,0,0.333333333333333,0,"REAL_PUBLIC_HKO",28,33,12,"Public HKO open-data design only; no health outcomes joined."
2022-09-22,31.2,26.9,28.5,0,0,0,2022,9,22,"2022-09",265,3552,"late_2022",0,0,0.166666666666667,0,"REAL_PUBLIC_HKO",28,33,12,"Public HKO open-data design only; no health outcomes joined."
2022-09-23,32.1,25.6,28.5,0,0,0,2022,9,23,"2022-09",266,3553,"late_2022",0,0,0,0,"REAL_PUBLIC_HKO",28,33,12,"Public HKO open-data design only; no health outcomes joined."
2022-09-24,31,25.8,28.3,0,0,0,2022,9,24,"2022-09",267,3554,"late_2022",0,0,0,0,"REAL_PUBLIC_HKO",28,33,12,"Public HKO open-data design only; no health outcomes joined."
2022-09-25,32.7,26.9,28.8,0,0,0,2022,9,25,"2022-09",268,3555,"late_2022",0,0,0,0,"REAL_PUBLIC_HKO",28,33,12,"Public HKO open-data design only; no health outcomes joined."
2022-09-26,33.7,27.2,29.4,0,1,0,2022,9,26,"2022-09",269,3556,"late_2022",0,0,0,0,"REAL_PUBLIC_HKO",28,33,12,"Public HKO open-data design only; no health outcomes joined."
2022-09-27,32.3,28.1,29.2,1,0,0,2022,9,27,"2022-09",270,3557,"late_2022",1,0,0.166666666666667,0,"REAL_PUBLIC_HKO",28,33,12,"Public HKO open-data design only; no health outcomes joined."
2022-09-28,31.2,27.7,28.8,0,0,0,2022,9,28,"2022-09",271,3558,"late_2022",0,0,0.166666666666667,0,"REAL_PUBLIC_HKO",28,33,12,"Public HKO open-data design only; no health outcomes joined."
2022-09-29,29.7,25,28,0,0,0,2022,9,29,"2022-09",272,3559,"late_2022",0,0,0.166666666666667,0,"REAL_PUBLIC_HKO",28,33,12,"Public HKO open-data design only; no health outcomes joined."
2022-09-30,28.3,24.8,26.4,0,0,0,2022,9,30,"2022-09",273,3560,"late_2022",0,0,0.166666666666667,0,"REAL_PUBLIC_HKO",28,33,12,"Public HKO open-data design only; no health outcomes joined."
2022-10-01,30.5,25.7,27.7,0,0,0,2022,10,1,"2022-10",274,3561,"late_2022",0,0,0.166666666666667,0,"REAL_PUBLIC_HKO",28,33,12,"Public HKO open-data design only; no health outcomes joined."
2022-10-02,31.9,27.7,28.9,0,0,0,2022,10,2,"2022-10",275,3562,"late_2022",0,0,0.166666666666667,0,"REAL_PUBLIC_HKO",28,33,12,"Public HKO open-data design only; no health outcomes joined."
2022-10-03,33,27.5,29.5,0,1,0,2022,10,3,"2022-10",276,3563,"late_2022",0,0,0,0,"REAL_PUBLIC_HKO",28,33,12,"Public HKO open-data design only; no health outcomes joined."
2022-10-04,33.5,27.5,29.4,0,1,0,2022,10,4,"2022-10",277,3564,"late_2022",0,0,0,0,"REAL_PUBLIC_HKO",28,33,12,"Public HKO open-data design only; no health outcomes joined."
2022-10-05,31.4,27.8,29.1,0,0,0,2022,10,5,"2022-10",278,3565,"late_2022",0,0,0,0,"REAL_PUBLIC_HKO",28,33,12,"Public HKO open-data design only; no health outcomes joined."
2022-10-06,32,27.3,28.9,0,0,0,2022,10,6,"2022-10",279,3566,"late_2022",0,0,0,0,"REAL_PUBLIC_HKO",28,33,12,"Public HKO open-data design only; no health outcomes joined."
2022-10-07,31.5,25.8,28.3,0,0,0,2022,10,7,"2022-10",280,3567,"late_2022",0,0,0,0,"REAL_PUBLIC_HKO",28,33,12,"Public HKO open-data design only; no health outcomes joined."
2022-10-08,30.4,26,27.7,0,0,0,2022,10,8,"2022-10",281,3568,"late_2022",0,0,0,0,"REAL_PUBLIC_HKO",28,33,12,"Public HKO open-data design only; no health outcomes joined."
2022-10-09,31,23.7,27.1,0,0,0,2022,10,9,"2022-10",282,3569,"late_2022",0,0,0,0,"REAL_PUBLIC_HKO",28,33,12,"Public HKO open-data design only; no health outcomes joined."
2022-10-10,26.6,21.6,24,0,0,0,2022,10,10,"2022-10",283,3570,"late_2022",0,0,0,0,"REAL_PUBLIC_HKO",28,33,12,"Public HKO open-data design only; no health outcomes joined."
2022-10-11,28.1,21.2,24.1,0,0,0,2022,10,11,"2022-10",284,3571,"late_2022",0,0,0,0,"REAL_PUBLIC_HKO",28,33,12,"Public HKO open-data design only; no health outcomes joined."
2022-10-12,29.6,21.9,25.2,0,0,0,2022,10,12,"2022-10",285,3572,"late_2022",0,0,0,0,"REAL_PUBLIC_HKO",28,33,12,"Public HKO open-data design only; no health outcomes joined."
2022-10-13,29.6,23.3,26,0,0,0,2022,10,13,"2022-10",286,3573,"late_2022",0,0,0,0,"REAL_PUBLIC_HKO",28,33,12,"Public HKO open-data design only; no health outcomes joined."
2022-10-14,31,24.9,26.9,0,0,0,2022,10,14,"2022-10",287,3574,"late_2022",0,0,0,0,"REAL_PUBLIC_HKO",28,33,12,"Public HKO open-data design only; no health outcomes joined."
2022-10-15,31.6,24.1,27.5,0,0,0,2022,10,15,"2022-10",288,3575,"late_2022",0,0,0,0,"REAL_PUBLIC_HKO",28,33,12,"Public HKO open-data design only; no health outcomes joined."
2022-10-16,31.3,25.6,28.3,0,0,0,2022,10,16,"2022-10",289,3576,"late_2022",0,0,0,0,"REAL_PUBLIC_HKO",28,33,12,"Public HKO open-data design only; no health outcomes joined."
2022-10-17,29,26.3,27.2,0,0,0,2022,10,17,"2022-10",290,3577,"late_2022",0,0,0,0,"REAL_PUBLIC_HKO",28,33,12,"Public HKO open-data design only; no health outcomes joined."
2022-10-18,26.7,17.3,20.9,0,0,0,2022,10,18,"2022-10",291,3578,"late_2022",0,0,0,0,"REAL_PUBLIC_HKO",28,33,12,"Public HKO open-data design only; no health outcomes joined."
2022-10-19,26.2,18.3,23,0,0,0,2022,10,19,"2022-10",292,3579,"late_2022",0,0,0,0,"REAL_PUBLIC_HKO",28,33,12,"Public HKO open-data design only; no health outcomes joined."
2022-10-20,27.2,22.7,24.3,0,0,0,2022,10,20,"2022-10",293,3580,"late_2022",0,0,0,0,"REAL_PUBLIC_HKO",28,33,12,"Public HKO open-data design only; no health outcomes joined."
2022-10-21,28.5,23.2,25.2,0,0,0,2022,10,21,"2022-10",294,3581,"late_2022",0,0,0,0,"REAL_PUBLIC_HKO",28,33,12,"Public HKO open-data design only; no health outcomes joined."
2022-10-22,30.3,22.8,26.6,0,0,0,2022,10,22,"2022-10",295,3582,"late_2022",0,0,0,0,"REAL_PUBLIC_HKO",28,33,12,"Public HKO open-data design only; no health outcomes joined."
2022-10-23,30.7,24.3,26.5,0,0,0,2022,10,23,"2022-10",296,3583,"late_2022",0,0,0,0,"REAL_PUBLIC_HKO",28,33,12,"Public HKO open-data design only; no health outcomes joined."
2022-10-24,27.1,23.8,25.2,0,0,0,2022,10,24,"2022-10",297,3584,"late_2022",0,0,0,0,"REAL_PUBLIC_HKO",28,33,12,"Public HKO open-data design only; no health outcomes joined."
2022-10-25,25.8,22.6,23.8,0,0,0,2022,10,25,"2022-10",298,3585,"late_2022",0,0,0,0,"REAL_PUBLIC_HKO",28,33,12,"Public HKO open-data design only; no health outcomes joined."
2022-10-26,26.7,22,23.9,0,0,0,2022,10,26,"2022-10",299,3586,"late_2022",0,0,0,0,"REAL_PUBLIC_HKO",28,33,12,"Public HKO open-data design only; no health outcomes joined."
2022-10-27,28.1,22.4,24.6,0,0,0,2022,10,27,"2022-10",300,3587,"late_2022",0,0,0,0,"REAL_PUBLIC_HKO",28,33,12,"Public HKO open-data design only; no health outcomes joined."
2022-10-28,30,23.3,25.5,0,0,0,2022,10,28,"2022-10",301,3588,"late_2022",0,0,0,0,"REAL_PUBLIC_HKO",28,33,12,"Public HKO open-data design only; no health outcomes joined."
2022-10-29,30,23.7,25.7,0,0,0,2022,10,29,"2022-10",302,3589,"late_2022",0,0,0,0,"REAL_PUBLIC_HKO",28,33,12,"Public HKO open-data design only; no health outcomes joined."
2022-10-30,28.2,22.6,25.4,0,0,0,2022,10,30,"2022-10",303,3590,"late_2022",0,0,0,0,"REAL_PUBLIC_HKO",28,33,12,"Public HKO open-data design only; no health outcomes joined."
2022-10-31,27.2,23.8,25.4,0,0,0,2022,10,31,"2022-10",304,3591,"late_2022",0,0,0,0,"REAL_PUBLIC_HKO",28,33,12,"Public HKO open-data design only; no health outcomes joined."
2022-11-01,25.3,18.9,22,0,0,0,2022,11,1,"2022-11",305,3592,"late_2022",0,0,0,0,"REAL_PUBLIC_HKO",28,33,12,"Public HKO open-data design only; no health outcomes joined."
2022-11-02,21.5,18.9,20.2,0,0,0,2022,11,2,"2022-11",306,3593,"late_2022",0,0,0,0,"REAL_PUBLIC_HKO",28,33,12,"Public HKO open-data design only; no health outcomes joined."
2022-11-03,23.2,20.9,22.1,0,0,0,2022,11,3,"2022-11",307,3594,"late_2022",0,0,0,0,"REAL_PUBLIC_HKO",28,33,12,"Public HKO open-data design only; no health outcomes joined."
2022-11-04,24,21.9,22.6,0,0,0,2022,11,4,"2022-11",308,3595,"late_2022",0,0,0,0,"REAL_PUBLIC_HKO",28,33,12,"Public HKO open-data design only; no health outcomes joined."
2022-11-05,22.2,20.8,21.5,0,0,0,2022,11,5,"2022-11",309,3596,"late_2022",0,0,0,0,"REAL_PUBLIC_HKO",28,33,12,"Public HKO open-data design only; no health outcomes joined."
2022-11-06,22.5,19.3,20.8,0,0,0,2022,11,6,"2022-11",310,3597,"late_2022",0,0,0,0,"REAL_PUBLIC_HKO",28,33,12,"Public HKO open-data design only; no health outcomes joined."
2022-11-07,23.5,19.7,21.5,0,0,0,2022,11,7,"2022-11",311,3598,"late_2022",0,0,0,0,"REAL_PUBLIC_HKO",28,33,12,"Public HKO open-data design only; no health outcomes joined."
2022-11-08,23.7,20.6,22.4,0,0,0,2022,11,8,"2022-11",312,3599,"late_2022",0,0,0,0,"REAL_PUBLIC_HKO",28,33,12,"Public HKO open-data design only; no health outcomes joined."
2022-11-09,26.7,21.6,23.8,0,0,0,2022,11,9,"2022-11",313,3600,"late_2022",0,0,0,0,"REAL_PUBLIC_HKO",28,33,12,"Public HKO open-data design only; no health outcomes joined."
2022-11-10,27.9,23,24.8,0,0,0,2022,11,10,"2022-11",314,3601,"late_2022",0,0,0,0,"REAL_PUBLIC_HKO",28,33,12,"Public HKO open-data design only; no health outcomes joined."
2022-11-11,28.1,23.5,25,0,0,0,2022,11,11,"2022-11",315,3602,"late_2022",0,0,0,0,"REAL_PUBLIC_HKO",28,33,12,"Public HKO open-data design only; no health outcomes joined."
2022-11-12,26.8,23.3,24.6,0,0,0,2022,11,12,"2022-11",316,3603,"late_2022",0,0,0,0,"REAL_PUBLIC_HKO",28,33,12,"Public HKO open-data design only; no health outcomes joined."
2022-11-13,28.5,22.9,24.8,0,0,0,2022,11,13,"2022-11",317,3604,"late_2022",0,0,0,0,"REAL_PUBLIC_HKO",28,33,12,"Public HKO open-data design only; no health outcomes joined."
2022-11-14,25.7,23.2,24.1,0,0,0,2022,11,14,"2022-11",318,3605,"late_2022",0,0,0,0,"REAL_PUBLIC_HKO",28,33,12,"Public HKO open-data design only; no health outcomes joined."
2022-11-15,26,23.4,24.3,0,0,0,2022,11,15,"2022-11",319,3606,"late_2022",0,0,0,0,"REAL_PUBLIC_HKO",28,33,12,"Public HKO open-data design only; no health outcomes joined."
2022-11-16,25.8,23.2,24.1,0,0,0,2022,11,16,"2022-11",320,3607,"late_2022",0,0,0,0,"REAL_PUBLIC_HKO",28,33,12,"Public HKO open-data design only; no health outcomes joined."
2022-11-17,27.2,22.9,24.5,0,0,0,2022,11,17,"2022-11",321,3608,"late_2022",0,0,0,0,"REAL_PUBLIC_HKO",28,33,12,"Public HKO open-data design only; no health outcomes joined."
2022-11-18,26.9,23.1,24.6,0,0,0,2022,11,18,"2022-11",322,3609,"late_2022",0,0,0,0,"REAL_PUBLIC_HKO",28,33,12,"Public HKO open-data design only; no health outcomes joined."
2022-11-19,27.6,23.7,25.1,0,0,0,2022,11,19,"2022-11",323,3610,"late_2022",0,0,0,0,"REAL_PUBLIC_HKO",28,33,12,"Public HKO open-data design only; no health outcomes joined."
2022-11-20,27.5,23.3,24.7,0,0,0,2022,11,20,"2022-11",324,3611,"late_2022",0,0,0,0,"REAL_PUBLIC_HKO",28,33,12,"Public HKO open-data design only; no health outcomes joined."
2022-11-21,25.3,23.1,23.9,0,0,0,2022,11,21,"2022-11",325,3612,"late_2022",0,0,0,0,"REAL_PUBLIC_HKO",28,33,12,"Public HKO open-data design only; no health outcomes joined."
2022-11-22,24.1,22.3,23.4,0,0,0,2022,11,22,"2022-11",326,3613,"late_2022",0,0,0,0,"REAL_PUBLIC_HKO",28,33,12,"Public HKO open-data design only; no health outcomes joined."
2022-11-23,24.8,22.5,23.4,0,0,0,2022,11,23,"2022-11",327,3614,"late_2022",0,0,0,0,"REAL_PUBLIC_HKO",28,33,12,"Public HKO open-data design only; no health outcomes joined."
2022-11-24,22.6,21.4,21.8,0,0,0,2022,11,24,"2022-11",328,3615,"late_2022",0,0,0,0,"REAL_PUBLIC_HKO",28,33,12,"Public HKO open-data design only; no health outcomes joined."
2022-11-25,23.4,21.3,22.3,0,0,0,2022,11,25,"2022-11",329,3616,"late_2022",0,0,0,0,"REAL_PUBLIC_HKO",28,33,12,"Public HKO open-data design only; no health outcomes joined."
2022-11-26,23.6,21.7,22.7,0,0,0,2022,11,26,"2022-11",330,3617,"late_2022",0,0,0,0,"REAL_PUBLIC_HKO",28,33,12,"Public HKO open-data design only; no health outcomes joined."
2022-11-27,23.7,22.1,23.1,0,0,0,2022,11,27,"2022-11",331,3618,"late_2022",0,0,0,0,"REAL_PUBLIC_HKO",28,33,12,"Public HKO open-data design only; no health outcomes joined."
2022-11-28,28.6,23.4,25.6,0,0,0,2022,11,28,"2022-11",332,3619,"late_2022",0,0,0,0,"REAL_PUBLIC_HKO",28,33,12,"Public HKO open-data design only; no health outcomes joined."
2022-11-29,27.8,24.3,25.5,0,0,0,2022,11,29,"2022-11",333,3620,"late_2022",0,0,0,0,"REAL_PUBLIC_HKO",28,33,12,"Public HKO open-data design only; no health outcomes joined."
2022-11-30,26.1,18.3,22.8,0,0,0,2022,11,30,"2022-11",334,3621,"late_2022",0,0,0,0,"REAL_PUBLIC_HKO",28,33,12,"Public HKO open-data design only; no health outcomes joined."
2022-12-01,18.4,14.8,16.5,0,0,0,2022,12,1,"2022-12",335,3622,"late_2022",0,0,0,0,"REAL_PUBLIC_HKO",28,33,12,"Public HKO open-data design only; no health outcomes joined."
2022-12-02,19.4,13.6,16.5,0,0,0,2022,12,2,"2022-12",336,3623,"late_2022",0,0,0,0,"REAL_PUBLIC_HKO",28,33,12,"Public HKO open-data design only; no health outcomes joined."
2022-12-03,21.5,16.9,19.2,0,0,0,2022,12,3,"2022-12",337,3624,"late_2022",0,0,0,0,"REAL_PUBLIC_HKO",28,33,12,"Public HKO open-data design only; no health outcomes joined."
2022-12-04,23.3,19.9,21.2,0,0,0,2022,12,4,"2022-12",338,3625,"late_2022",0,0,0,0,"REAL_PUBLIC_HKO",28,33,12,"Public HKO open-data design only; no health outcomes joined."
2022-12-05,20.7,15.7,17.9,0,0,0,2022,12,5,"2022-12",339,3626,"late_2022",0,0,0,0,"REAL_PUBLIC_HKO",28,33,12,"Public HKO open-data design only; no health outcomes joined."
2022-12-06,19.8,14.9,17.1,0,0,0,2022,12,6,"2022-12",340,3627,"late_2022",0,0,0,0,"REAL_PUBLIC_HKO",28,33,12,"Public HKO open-data design only; no health outcomes joined."
2022-12-07,21.5,16.6,18.7,0,0,0,2022,12,7,"2022-12",341,3628,"late_2022",0,0,0,0,"REAL_PUBLIC_HKO",28,33,12,"Public HKO open-data design only; no health outcomes joined."
2022-12-08,22.6,17.7,19.9,0,0,0,2022,12,8,"2022-12",342,3629,"late_2022",0,0,0,0,"REAL_PUBLIC_HKO",28,33,12,"Public HKO open-data design only; no health outcomes joined."
2022-12-09,22.7,17.4,19.6,0,0,0,2022,12,9,"2022-12",343,3630,"late_2022",0,0,0,0,"REAL_PUBLIC_HKO",28,33,12,"Public HKO open-data design only; no health outcomes joined."
2022-12-10,21.6,15.6,18.4,0,0,0,2022,12,10,"2022-12",344,3631,"late_2022",0,0,0,0,"REAL_PUBLIC_HKO",28,33,12,"Public HKO open-data design only; no health outcomes joined."
2022-12-11,19,15.3,16.7,0,0,0,2022,12,11,"2022-12",345,3632,"late_2022",0,0,0,0,"REAL_PUBLIC_HKO",28,33,12,"Public HKO open-data design only; no health outcomes joined."
2022-12-12,18,15,16.2,0,0,0,2022,12,12,"2022-12",346,3633,"late_2022",0,0,0,0,"REAL_PUBLIC_HKO",28,33,12,"Public HKO open-data design only; no health outcomes joined."
2022-12-13,16.7,12.9,14.5,0,0,0,2022,12,13,"2022-12",347,3634,"late_2022",0,0,0,0,"REAL_PUBLIC_HKO",28,33,12,"Public HKO open-data design only; no health outcomes joined."
2022-12-14,13.1,11.5,12.5,0,0,1,2022,12,14,"2022-12",348,3635,"late_2022",0,1,0,0.0454545454545455,"REAL_PUBLIC_HKO",28,33,12,"Public HKO open-data design only; no health outcomes joined."
2022-12-15,16.2,12.3,14.6,0,0,0,2022,12,15,"2022-12",349,3636,"late_2022",0,0,0,0.0454545454545455,"REAL_PUBLIC_HKO",28,33,12,"Public HKO open-data design only; no health outcomes joined."
2022-12-16,18.2,15.1,16.9,0,0,0,2022,12,16,"2022-12",350,3637,"late_2022",0,0,0,0.0454545454545455,"REAL_PUBLIC_HKO",28,33,12,"Public HKO open-data design only; no health outcomes joined."
2022-12-17,15.1,11.8,13.2,0,0,1,2022,12,17,"2022-12",351,3638,"late_2022",0,1,0,0.0909090909090909,"REAL_PUBLIC_HKO",28,33,12,"Public HKO open-data design only; no health outcomes joined."
2022-12-18,13.8,9.4,11.8,0,0,1,2022,12,18,"2022-12",352,3639,"late_2022",0,1,0,0.136363636363636,"REAL_PUBLIC_HKO",28,33,12,"Public HKO open-data design only; no health outcomes joined."
2022-12-19,16.6,10.6,13.7,0,0,1,2022,12,19,"2022-12",353,3640,"late_2022",0,1,0,0.181818181818182,"REAL_PUBLIC_HKO",28,33,12,"Public HKO open-data design only; no health outcomes joined."
2022-12-20,19.2,14.7,16.8,0,0,0,2022,12,20,"2022-12",354,3641,"late_2022",0,0,0,0.181818181818182,"REAL_PUBLIC_HKO",28,33,12,"Public HKO open-data design only; no health outcomes joined."
2022-12-21,19.8,15.5,17.5,0,0,0,2022,12,21,"2022-12",355,3642,"late_2022",0,0,0,0.181818181818182,"REAL_PUBLIC_HKO",28,33,12,"Public HKO open-data design only; no health outcomes joined."
2022-12-22,20.3,13.9,17.2,0,0,0,2022,12,22,"2022-12",356,3643,"late_2022",0,0,0,0.181818181818182,"REAL_PUBLIC_HKO",28,33,12,"Public HKO open-data design only; no health outcomes joined."
2022-12-23,20.2,14.7,17.1,0,0,0,2022,12,23,"2022-12",357,3644,"late_2022",0,0,0,0.181818181818182,"REAL_PUBLIC_HKO",28,33,12,"Public HKO open-data design only; no health outcomes joined."
2022-12-24,20.1,14.4,16.9,0,0,0,2022,12,24,"2022-12",358,3645,"late_2022",0,0,0,0.181818181818182,"REAL_PUBLIC_HKO",28,33,12,"Public HKO open-data design only; no health outcomes joined."
2022-12-25,18.5,14.1,16.2,0,0,0,2022,12,25,"2022-12",359,3646,"late_2022",0,0,0,0.181818181818182,"REAL_PUBLIC_HKO",28,33,12,"Public HKO open-data design only; no health outcomes joined."
2022-12-26,18.8,14.3,16.3,0,0,0,2022,12,26,"2022-12",360,3647,"late_2022",0,0,0,0.181818181818182,"REAL_PUBLIC_HKO",28,33,12,"Public HKO open-data design only; no health outcomes joined."
2022-12-27,18.8,14.9,16.9,0,0,0,2022,12,27,"2022-12",361,3648,"late_2022",0,0,0,0.181818181818182,"REAL_PUBLIC_HKO",28,33,12,"Public HKO open-data design only; no health outcomes joined."
2022-12-28,20.6,14.7,17.7,0,0,0,2022,12,28,"2022-12",362,3649,"late_2022",0,0,0,0.181818181818182,"REAL_PUBLIC_HKO",28,33,12,"Public HKO open-data design only; no health outcomes joined."
2022-12-29,18.9,14.5,16.8,0,0,0,2022,12,29,"2022-12",363,3650,"late_2022",0,0,0,0.181818181818182,"REAL_PUBLIC_HKO",28,33,12,"Public HKO open-data design only; no health outcomes joined."
2022-12-30,17.3,12.4,15,0,0,0,2022,12,30,"2022-12",364,3651,"late_2022",0,0,0,0.181818181818182,"REAL_PUBLIC_HKO",28,33,12,"Public HKO open-data design only; no health outcomes joined."
2022-12-31,18.7,12,15.5,0,0,1,2022,12,31,"2022-12",365,3652,"late_2022",0,1,0,0.227272727272727,"REAL_PUBLIC_HKO",28,33,12,"Public HKO open-data design only; no health outcomes joined."
2023-01-01,19.3,14.5,16.9,0,0,0,2023,1,1,"2023-01",1,3653,"post_reopening",0,0,0,0.227272727272727,"REAL_PUBLIC_HKO",28,33,12,"Public HKO open-data design only; no health outcomes joined."
2023-01-02,21.6,17.2,18.7,0,0,0,2023,1,2,"2023-01",2,3654,"post_reopening",0,0,0,0.227272727272727,"REAL_PUBLIC_HKO",28,33,12,"Public HKO open-data design only; no health outcomes joined."
2023-01-03,19.2,16.1,17.3,0,0,0,2023,1,3,"2023-01",3,3655,"post_reopening",0,0,0,0.227272727272727,"REAL_PUBLIC_HKO",28,33,12,"Public HKO open-data design only; no health outcomes joined."
2023-01-04,19.9,15.8,17.4,0,0,0,2023,1,4,"2023-01",4,3656,"post_reopening",0,0,0,0.227272727272727,"REAL_PUBLIC_HKO",28,33,12,"Public HKO open-data design only; no health outcomes joined."
2023-01-05,21.4,16.8,18.5,0,0,0,2023,1,5,"2023-01",5,3657,"post_reopening",0,0,0,0.181818181818182,"REAL_PUBLIC_HKO",28,33,12,"Public HKO open-data design only; no health outcomes joined."
2023-01-06,23.4,17,19.8,0,0,0,2023,1,6,"2023-01",6,3658,"post_reopening",0,0,0,0.181818181818182,"REAL_PUBLIC_HKO",28,33,12,"Public HKO open-data design only; no health outcomes joined."
2023-01-07,21.3,17.9,19.1,0,0,0,2023,1,7,"2023-01",7,3659,"post_reopening",0,0,0,0.181818181818182,"REAL_PUBLIC_HKO",28,33,12,"Public HKO open-data design only; no health outcomes joined."
2023-01-08,20,17,18.6,0,0,0,2023,1,8,"2023-01",8,3660,"post_reopening",0,0,0,0.136363636363636,"REAL_PUBLIC_HKO",28,33,12,"Public HKO open-data design only; no health outcomes joined."
2023-01-09,21.4,18.2,19.7,0,0,0,2023,1,9,"2023-01",9,3661,"post_reopening",0,0,0,0.0909090909090909,"REAL_PUBLIC_HKO",28,33,12,"Public HKO open-data design only; no health outcomes joined."
2023-01-10,19,17.6,18.2,0,0,0,2023,1,10,"2023-01",10,3662,"post_reopening",0,0,0,0.0454545454545455,"REAL_PUBLIC_HKO",28,33,12,"Public HKO open-data design only; no health outcomes joined."
2023-01-11,19.1,17,18.1,0,0,0,2023,1,11,"2023-01",11,3663,"post_reopening",0,0,0,0.0454545454545455,"REAL_PUBLIC_HKO",28,33,12,"Public HKO open-data design only; no health outcomes joined."
2023-01-12,19.6,17.5,18.8,0,0,0,2023,1,12,"2023-01",12,3664,"post_reopening",0,0,0,0.0454545454545455,"REAL_PUBLIC_HKO",28,33,12,"Public HKO open-data design only; no health outcomes joined."
2023-01-13,23.9,18.9,21.7,0,0,0,2023,1,13,"2023-01",13,3665,"post_reopening",0,0,0,0.0454545454545455,"REAL_PUBLIC_HKO",28,33,12,"Public HKO open-data design only; no health outcomes joined."
2023-01-14,24.7,20,22.7,0,0,0,2023,1,14,"2023-01",14,3666,"post_reopening",0,0,0,0.0454545454545455,"REAL_PUBLIC_HKO",28,33,12,"Public HKO open-data design only; no health outcomes joined."
2023-01-15,21.6,13,18.4,0,0,0,2023,1,15,"2023-01",15,3667,"post_reopening",0,0,0,0.0454545454545455,"REAL_PUBLIC_HKO",28,33,12,"Public HKO open-data design only; no health outcomes joined."
2023-01-16,13.2,11.3,12.3,0,0,1,2023,1,16,"2023-01",16,3668,"post_reopening",0,1,0,0.0909090909090909,"REAL_PUBLIC_HKO",28,33,12,"Public HKO open-data design only; no health outcomes joined."
2023-01-17,15.2,11,13.2,0,0,1,2023,1,17,"2023-01",17,3669,"post_reopening",0,1,0,0.136363636363636,"REAL_PUBLIC_HKO",28,33,12,"Public HKO open-data design only; no health outcomes joined."
2023-01-18,17.1,11.5,14.3,0,0,1,2023,1,18,"2023-01",18,3670,"post_reopening",0,1,0,0.181818181818182,"REAL_PUBLIC_HKO",28,33,12,"Public HKO open-data design only; no health outcomes joined."
2023-01-19,18.7,13.3,16.1,0,0,0,2023,1,19,"2023-01",19,3671,"post_reopening",0,0,0,0.181818181818182,"REAL_PUBLIC_HKO",28,33,12,"Public HKO open-data design only; no health outcomes joined."
2023-01-20,20.9,15.9,17.6,0,0,0,2023,1,20,"2023-01",20,3672,"post_reopening",0,0,0,0.181818181818182,"REAL_PUBLIC_HKO",28,33,12,"Public HKO open-data design only; no health outcomes joined."
2023-01-21,18.8,16,16.9,0,0,0,2023,1,21,"2023-01",21,3673,"post_reopening",0,0,0,0.181818181818182,"REAL_PUBLIC_HKO",28,33,12,"Public HKO open-data design only; no health outcomes joined."
2023-01-22,22.4,16.6,18.8,0,0,0,2023,1,22,"2023-01",22,3674,"post_reopening",0,0,0,0.136363636363636,"REAL_PUBLIC_HKO",28,33,12,"Public HKO open-data design only; no health outcomes joined."
2023-01-23,21.1,16.9,18.8,0,0,0,2023,1,23,"2023-01",23,3675,"post_reopening",0,0,0,0.136363636363636,"REAL_PUBLIC_HKO",28,33,12,"Public HKO open-data design only; no health outcomes joined."
2023-01-24,18.7,12,14.7,0,0,1,2023,1,24,"2023-01",24,3676,"post_reopening",0,1,0,0.181818181818182,"REAL_PUBLIC_HKO",28,33,12,"Public HKO open-data design only; no health outcomes joined."
2023-01-25,14.4,10.6,12.5,0,0,1,2023,1,25,"2023-01",25,3677,"post_reopening",0,1,0,0.227272727272727,"REAL_PUBLIC_HKO",28,33,12,"Public HKO open-data design only; no health outcomes joined."
2023-01-26,18.6,13,15.7,0,0,0,2023,1,26,"2023-01",26,3678,"post_reopening",0,0,0,0.227272727272727,"REAL_PUBLIC_HKO",28,33,12,"Public HKO open-data design only; no health outcomes joined."
2023-01-27,17.3,12.4,15.4,0,0,0,2023,1,27,"2023-01",27,3679,"post_reopening",0,0,0,0.227272727272727,"REAL_PUBLIC_HKO",28,33,12,"Public HKO open-data design only; no health outcomes joined."
2023-01-28,15.7,10.6,12.9,0,0,1,2023,1,28,"2023-01",28,3680,"post_reopening",0,1,0,0.272727272727273,"REAL_PUBLIC_HKO",28,33,12,"Public HKO open-data design only; no health outcomes joined."
2023-01-29,16,9.8,12.8,0,0,1,2023,1,29,"2023-01",29,3681,"post_reopening",0,1,0,0.318181818181818,"REAL_PUBLIC_HKO",28,33,12,"Public HKO open-data design only; no health outcomes joined."
2023-01-30,18.8,11.7,15,0,0,1,2023,1,30,"2023-01",30,3682,"post_reopening",0,1,0,0.363636363636364,"REAL_PUBLIC_HKO",28,33,12,"Public HKO open-data design only; no health outcomes joined."
2023-01-31,20.1,13.8,16.9,0,0,0,2023,1,31,"2023-01",31,3683,"post_reopening",0,0,0,0.363636363636364,"REAL_PUBLIC_HKO",28,33,12,"Public HKO open-data design only; no health outcomes joined."
2023-02-01,23.7,17.8,19.9,0,0,0,2023,2,1,"2023-02",32,3684,"post_reopening",0,0,0,0.363636363636364,"REAL_PUBLIC_HKO",28,33,12,"Public HKO open-data design only; no health outcomes joined."
2023-02-02,21.2,17.9,19.4,0,0,0,2023,2,2,"2023-02",33,3685,"post_reopening",0,0,0,0.363636363636364,"REAL_PUBLIC_HKO",28,33,12,"Public HKO open-data design only; no health outcomes joined."
2023-02-03,19.9,16.7,17.9,0,0,0,2023,2,3,"2023-02",34,3686,"post_reopening",0,0,0,0.363636363636364,"REAL_PUBLIC_HKO",28,33,12,"Public HKO open-data design only; no health outcomes joined."
2023-02-04,19.1,16.6,17.4,0,0,0,2023,2,4,"2023-02",35,3687,"post_reopening",0,0,0,0.363636363636364,"REAL_PUBLIC_HKO",28,33,12,"Public HKO open-data design only; no health outcomes joined."
2023-02-05,19.3,16.8,17.9,0,0,0,2023,2,5,"2023-02",36,3688,"post_reopening",0,0,0,0.363636363636364,"REAL_PUBLIC_HKO",28,33,12,"Public HKO open-data design only; no health outcomes joined."
2023-02-06,21.1,17.9,19.2,0,0,0,2023,2,6,"2023-02",37,3689,"post_reopening",0,0,0,0.363636363636364,"REAL_PUBLIC_HKO",28,33,12,"Public HKO open-data design only; no health outcomes joined."
2023-02-07,24.8,18.8,21,0,0,0,2023,2,7,"2023-02",38,3690,"post_reopening",0,0,0,0.318181818181818,"REAL_PUBLIC_HKO",28,33,12,"Public HKO open-data design only; no health outcomes joined."
2023-02-08,20.1,17.2,18.5,0,0,0,2023,2,8,"2023-02",39,3691,"post_reopening",0,0,0,0.272727272727273,"REAL_PUBLIC_HKO",28,33,12,"Public HKO open-data design only; no health outcomes joined."
2023-02-09,23.5,16.9,19.5,0,0,0,2023,2,9,"2023-02",40,3692,"post_reopening",0,0,0,0.227272727272727,"REAL_PUBLIC_HKO",28,33,12,"Public HKO open-data design only; no health outcomes joined."
2023-02-10,24.2,19.5,21.2,0,0,0,2023,2,10,"2023-02",41,3693,"post_reopening",0,0,0,0.227272727272727,"REAL_PUBLIC_HKO",28,33,12,"Public HKO open-data design only; no health outcomes joined."
2023-02-11,20.2,17.8,18.7,0,0,0,2023,2,11,"2023-02",42,3694,"post_reopening",0,0,0,0.227272727272727,"REAL_PUBLIC_HKO",28,33,12,"Public HKO open-data design only; no health outcomes joined."
2023-02-12,21.1,18.7,19.9,0,0,0,2023,2,12,"2023-02",43,3695,"post_reopening",0,0,0,0.227272727272727,"REAL_PUBLIC_HKO",28,33,12,"Public HKO open-data design only; no health outcomes joined."
2023-02-13,26.1,19.5,22.3,0,0,0,2023,2,13,"2023-02",44,3696,"post_reopening",0,0,0,0.227272727272727,"REAL_PUBLIC_HKO",28,33,12,"Public HKO open-data design only; no health outcomes joined."
2023-02-14,20.7,16.6,18.5,0,0,0,2023,2,14,"2023-02",45,3697,"post_reopening",0,0,0,0.227272727272727,"REAL_PUBLIC_HKO",28,33,12,"Public HKO open-data design only; no health outcomes joined."
2023-02-15,20.3,13.1,16.3,0,0,0,2023,2,15,"2023-02",46,3698,"post_reopening",0,0,0,0.181818181818182,"REAL_PUBLIC_HKO",28,33,12,"Public HKO open-data design only; no health outcomes joined."
2023-02-16,19.9,14.5,16.8,0,0,0,2023,2,16,"2023-02",47,3699,"post_reopening",0,0,0,0.136363636363636,"REAL_PUBLIC_HKO",28,33,12,"Public HKO open-data design only; no health outcomes joined."
2023-02-17,24,15.6,18.7,0,0,0,2023,2,17,"2023-02",48,3700,"post_reopening",0,0,0,0.136363636363636,"REAL_PUBLIC_HKO",28,33,12,"Public HKO open-data design only; no health outcomes joined."
2023-02-18,25.1,18,21,0,0,0,2023,2,18,"2023-02",49,3701,"post_reopening",0,0,0,0.136363636363636,"REAL_PUBLIC_HKO",28,33,12,"Public HKO open-data design only; no health outcomes joined."
2023-02-19,26.6,19.8,22.8,0,0,0,2023,2,19,"2023-02",50,3702,"post_reopening",0,0,0,0.0909090909090909,"REAL_PUBLIC_HKO",28,33,12,"Public HKO open-data design only; no health outcomes joined."
2023-02-20,24.1,18.2,20.1,0,0,0,2023,2,20,"2023-02",51,3703,"post_reopening",0,0,0,0.0454545454545455,"REAL_PUBLIC_HKO",28,33,12,"Public HKO open-data design only; no health outcomes joined."
2023-02-21,20.5,16.1,17.8,0,0,0,2023,2,21,"2023-02",52,3704,"post_reopening",0,0,0,0,"REAL_PUBLIC_HKO",28,33,12,"Public HKO open-data design only; no health outcomes joined."
2023-02-22,20.4,14.8,16.9,0,0,0,2023,2,22,"2023-02",53,3705,"post_reopening",0,0,0,0,"REAL_PUBLIC_HKO",28,33,12,"Public HKO open-data design only; no health outcomes joined."
2023-02-23,22.9,15.4,18.2,0,0,0,2023,2,23,"2023-02",54,3706,"post_reopening",0,0,0,0,"REAL_PUBLIC_HKO",28,33,12,"Public HKO open-data design only; no health outcomes joined."
2023-02-24,23.4,17,19.8,0,0,0,2023,2,24,"2023-02",55,3707,"post_reopening",0,0,0,0,"REAL_PUBLIC_HKO",28,33,12,"Public HKO open-data design only; no health outcomes joined."
2023-02-25,21,14.8,17.1,0,0,0,2023,2,25,"2023-02",56,3708,"post_reopening",0,0,0,0,"REAL_PUBLIC_HKO",28,33,12,"Public HKO open-data design only; no health outcomes joined."
2023-02-26,21.2,14.4,16.8,0,0,0,2023,2,26,"2023-02",57,3709,"post_reopening",0,0,0,0,"REAL_PUBLIC_HKO",28,33,12,"Public HKO open-data design only; no health outcomes joined."
2023-02-27,20.1,14.2,16.4,0,0,0,2023,2,27,"2023-02",58,3710,"post_reopening",0,0,0,0,"REAL_PUBLIC_HKO",28,33,12,"Public HKO open-data design only; no health outcomes joined."
2023-02-28,22.3,14.9,17.8,0,0,0,2023,2,28,"2023-02",59,3711,"post_reopening",0,0,0,0,"REAL_PUBLIC_HKO",28,33,12,"Public HKO open-data design only; no health outcomes joined."
2023-03-01,24.4,16.4,19.7,0,0,0,2023,3,1,"2023-03",60,3712,"post_reopening",0,0,0,0,"REAL_PUBLIC_HKO",28,33,12,"Public HKO open-data design only; no health outcomes joined."
2023-03-02,23.2,17.8,19.8,0,0,0,2023,3,2,"2023-03",61,3713,"post_reopening",0,0,0,0,"REAL_PUBLIC_HKO",28,33,12,"Public HKO open-data design only; no health outcomes joined."
2023-03-03,22.4,16.5,18.6,0,0,0,2023,3,3,"2023-03",62,3714,"post_reopening",0,0,0,0,"REAL_PUBLIC_HKO",28,33,12,"Public HKO open-data design only; no health outcomes joined."
2023-03-04,23.8,17.3,19.6,0,0,0,2023,3,4,"2023-03",63,3715,"post_reopening",0,0,0,0,"REAL_PUBLIC_HKO",28,33,12,"Public HKO open-data design only; no health outcomes joined."
2023-03-05,23.5,17.3,19.7,0,0,0,2023,3,5,"2023-03",64,3716,"post_reopening",0,0,0,0,"REAL_PUBLIC_HKO",28,33,12,"Public HKO open-data design only; no health outcomes joined."
2023-03-06,24.1,17.4,20,0,0,0,2023,3,6,"2023-03",65,3717,"post_reopening",0,0,0,0,"REAL_PUBLIC_HKO",28,33,12,"Public HKO open-data design only; no health outcomes joined."
2023-03-07,24.1,17.7,20.1,0,0,0,2023,3,7,"2023-03",66,3718,"post_reopening",0,0,0,0,"REAL_PUBLIC_HKO",28,33,12,"Public HKO open-data design only; no health outcomes joined."
2023-03-08,25.7,19.1,21.6,0,0,0,2023,3,8,"2023-03",67,3719,"post_reopening",0,0,0,0,"REAL_PUBLIC_HKO",28,33,12,"Public HKO open-data design only; no health outcomes joined."
2023-03-09,27,19.5,22.5,0,0,0,2023,3,9,"2023-03",68,3720,"post_reopening",0,0,0,0,"REAL_PUBLIC_HKO",28,33,12,"Public HKO open-data design only; no health outcomes joined."
2023-03-10,26.6,20.3,22.4,0,0,0,2023,3,10,"2023-03",69,3721,"post_reopening",0,0,0,0,"REAL_PUBLIC_HKO",28,33,12,"Public HKO open-data design only; no health outcomes joined."
2023-03-11,26,19.9,22.1,0,0,0,2023,3,11,"2023-03",70,3722,"post_reopening",0,0,0,0,"REAL_PUBLIC_HKO",28,33,12,"Public HKO open-data design only; no health outcomes joined."
2023-03-12,25.6,20.2,22.6,0,0,0,2023,3,12,"2023-03",71,3723,"post_reopening",0,0,0,0,"REAL_PUBLIC_HKO",28,33,12,"Public HKO open-data design only; no health outcomes joined."
2023-03-13,22.4,19.1,20.1,0,0,0,2023,3,13,"2023-03",72,3724,"post_reopening",0,0,0,0,"REAL_PUBLIC_HKO",28,33,12,"Public HKO open-data design only; no health outcomes joined."
2023-03-14,22.9,18.7,19.7,0,0,0,2023,3,14,"2023-03",73,3725,"post_reopening",0,0,0,0,"REAL_PUBLIC_HKO",28,33,12,"Public HKO open-data design only; no health outcomes joined."
2023-03-15,24.5,18.7,21,0,0,0,2023,3,15,"2023-03",74,3726,"post_reopening",0,0,0,0,"REAL_PUBLIC_HKO",28,33,12,"Public HKO open-data design only; no health outcomes joined."
2023-03-16,25.8,19.4,22,0,0,0,2023,3,16,"2023-03",75,3727,"post_reopening",0,0,0,0,"REAL_PUBLIC_HKO",28,33,12,"Public HKO open-data design only; no health outcomes joined."
2023-03-17,26.1,20,21.7,0,0,0,2023,3,17,"2023-03",76,3728,"post_reopening",0,0,0,0,"REAL_PUBLIC_HKO",28,33,12,"Public HKO open-data design only; no health outcomes joined."
2023-03-18,26.8,19.8,22.3,0,0,0,2023,3,18,"2023-03",77,3729,"post_reopening",0,0,0,0,"REAL_PUBLIC_HKO",28,33,12,"Public HKO open-data design only; no health outcomes joined."
2023-03-19,21.9,20,20.6,0,0,0,2023,3,19,"2023-03",78,3730,"post_reopening",0,0,0,0,"REAL_PUBLIC_HKO",28,33,12,"Public HKO open-data design only; no health outcomes joined."
2023-03-20,24.4,20.1,21.8,0,0,0,2023,3,20,"2023-03",79,3731,"post_reopening",0,0,0,0,"REAL_PUBLIC_HKO",28,33,12,"Public HKO open-data design only; no health outcomes joined."
2023-03-21,25.4,22.1,23.7,0,0,0,2023,3,21,"2023-03",80,3732,"post_reopening",0,0,0,0,"REAL_PUBLIC_HKO",28,33,12,"Public HKO open-data design only; no health outcomes joined."
2023-03-22,25.6,24.1,24.7,0,0,0,2023,3,22,"2023-03",81,3733,"post_reopening",0,0,0,0,"REAL_PUBLIC_HKO",28,33,12,"Public HKO open-data design only; no health outcomes joined."
2023-03-23,26.3,24.1,25,0,0,0,2023,3,23,"2023-03",82,3734,"post_reopening",0,0,0,0,"REAL_PUBLIC_HKO",28,33,12,"Public HKO open-data design only; no health outcomes joined."
2023-03-24,29,23.3,25.6,0,0,0,2023,3,24,"2023-03",83,3735,"post_reopening",0,0,0,0,"REAL_PUBLIC_HKO",28,33,12,"Public HKO open-data design only; no health outcomes joined."
2023-03-25,26.4,20.9,23.4,0,0,0,2023,3,25,"2023-03",84,3736,"post_reopening",0,0,0,0,"REAL_PUBLIC_HKO",28,33,12,"Public HKO open-data design only; no health outcomes joined."
2023-03-26,21.6,20,20.8,0,0,0,2023,3,26,"2023-03",85,3737,"post_reopening",0,0,0,0,"REAL_PUBLIC_HKO",28,33,12,"Public HKO open-data design only; no health outcomes joined."
2023-03-27,20,17.5,18.6,0,0,0,2023,3,27,"2023-03",86,3738,"post_reopening",0,0,0,0,"REAL_PUBLIC_HKO",28,33,12,"Public HKO open-data design only; no health outcomes joined."
2023-03-28,20.1,17.2,18.7,0,0,0,2023,3,28,"2023-03",87,3739,"post_reopening",0,0,0,0,"REAL_PUBLIC_HKO",28,33,12,"Public HKO open-data design only; no health outcomes joined."
2023-03-29,21.8,18.4,19.9,0,0,0,2023,3,29,"2023-03",88,3740,"post_reopening",0,0,0,0,"REAL_PUBLIC_HKO",28,33,12,"Public HKO open-data design only; no health outcomes joined."
2023-03-30,21.4,19.8,20.8,0,0,0,2023,3,30,"2023-03",89,3741,"post_reopening",0,0,0,0,"REAL_PUBLIC_HKO",28,33,12,"Public HKO open-data design only; no health outcomes joined."
2023-03-31,21.1,19.6,20.3,0,0,0,2023,3,31,"2023-03",90,3742,"post_reopening",0,0,0,0,"REAL_PUBLIC_HKO",28,33,12,"Public HKO open-data design only; no health outcomes joined."
2023-04-01,22.4,19.3,20.3,0,0,0,2023,4,1,"2023-04",91,3743,"post_reopening",0,0,0,0,"REAL_PUBLIC_HKO",28,33,12,"Public HKO open-data design only; no health outcomes joined."
2023-04-02,21.6,20.5,21.1,0,0,0,2023,4,2,"2023-04",92,3744,"post_reopening",0,0,0,0,"REAL_PUBLIC_HKO",28,33,12,"Public HKO open-data design only; no health outcomes joined."
2023-04-03,21.5,20.3,20.9,0,0,0,2023,4,3,"2023-04",93,3745,"post_reopening",0,0,0,0,"REAL_PUBLIC_HKO",28,33,12,"Public HKO open-data design only; no health outcomes joined."
2023-04-04,25.9,20.6,23.7,0,0,0,2023,4,4,"2023-04",94,3746,"post_reopening",0,0,0,0,"REAL_PUBLIC_HKO",28,33,12,"Public HKO open-data design only; no health outcomes joined."
2023-04-05,26.3,24.3,25.3,0,0,0,2023,4,5,"2023-04",95,3747,"post_reopening",0,0,0,0,"REAL_PUBLIC_HKO",28,33,12,"Public HKO open-data design only; no health outcomes joined."
2023-04-06,28.4,20.2,25.4,0,0,0,2023,4,6,"2023-04",96,3748,"post_reopening",0,0,0,0,"REAL_PUBLIC_HKO",28,33,12,"Public HKO open-data design only; no health outcomes joined."
2023-04-07,25.9,19.4,21.8,0,0,0,2023,4,7,"2023-04",97,3749,"post_reopening",0,0,0,0,"REAL_PUBLIC_HKO",28,33,12,"Public HKO open-data design only; no health outcomes joined."
2023-04-08,21.8,20.2,20.6,0,0,0,2023,4,8,"2023-04",98,3750,"post_reopening",0,0,0,0,"REAL_PUBLIC_HKO",28,33,12,"Public HKO open-data design only; no health outcomes joined."
2023-04-09,21.7,18,19.8,0,0,0,2023,4,9,"2023-04",99,3751,"post_reopening",0,0,0,0,"REAL_PUBLIC_HKO",28,33,12,"Public HKO open-data design only; no health outcomes joined."
2023-04-10,23.3,19.9,21.4,0,0,0,2023,4,10,"2023-04",100,3752,"post_reopening",0,0,0,0,"REAL_PUBLIC_HKO",28,33,12,"Public HKO open-data design only; no health outcomes joined."
2023-04-11,28.1,21.9,24.2,0,0,0,2023,4,11,"2023-04",101,3753,"post_reopening",0,0,0,0,"REAL_PUBLIC_HKO",28,33,12,"Public HKO open-data design only; no health outcomes joined."
2023-04-12,29.2,22,25,0,0,0,2023,4,12,"2023-04",102,3754,"post_reopening",0,0,0,0,"REAL_PUBLIC_HKO",28,33,12,"Public HKO open-data design only; no health outcomes joined."
2023-04-13,26.3,21.6,23.4,0,0,0,2023,4,13,"2023-04",103,3755,"post_reopening",0,0,0,0,"REAL_PUBLIC_HKO",28,33,12,"Public HKO open-data design only; no health outcomes joined."
2023-04-14,28.9,22.5,24.7,0,0,0,2023,4,14,"2023-04",104,3756,"post_reopening",0,0,0,0,"REAL_PUBLIC_HKO",28,33,12,"Public HKO open-data design only; no health outcomes joined."
2023-04-15,30.6,23.4,26.9,0,0,0,2023,4,15,"2023-04",105,3757,"post_reopening",0,0,0,0,"REAL_PUBLIC_HKO",28,33,12,"Public HKO open-data design only; no health outcomes joined."
2023-04-16,30.8,24.1,26.7,0,0,0,2023,4,16,"2023-04",106,3758,"post_reopening",0,0,0,0,"REAL_PUBLIC_HKO",28,33,12,"Public HKO open-data design only; no health outcomes joined."
2023-04-17,29.2,24,26.1,0,0,0,2023,4,17,"2023-04",107,3759,"post_reopening",0,0,0,0,"REAL_PUBLIC_HKO",28,33,12,"Public HKO open-data design only; no health outcomes joined."
2023-04-18,29.9,24.6,26.7,0,0,0,2023,4,18,"2023-04",108,3760,"post_reopening",0,0,0,0,"REAL_PUBLIC_HKO",28,33,12,"Public HKO open-data design only; no health outcomes joined."
2023-04-19,27.7,21.6,25.9,0,0,0,2023,4,19,"2023-04",109,3761,"post_reopening",0,0,0,0,"REAL_PUBLIC_HKO",28,33,12,"Public HKO open-data design only; no health outcomes joined."
2023-04-20,25.1,23.2,24,0,0,0,2023,4,20,"2023-04",110,3762,"post_reopening",0,0,0,0,"REAL_PUBLIC_HKO",28,33,12,"Public HKO open-data design only; no health outcomes joined."
2023-04-21,25.3,23.3,24.1,0,0,0,2023,4,21,"2023-04",111,3763,"post_reopening",0,0,0,0,"REAL_PUBLIC_HKO",28,33,12,"Public HKO open-data design only; no health outcomes joined."
2023-04-22,23.9,22.5,23.1,0,0,0,2023,4,22,"2023-04",112,3764,"post_reopening",0,0,0,0,"REAL_PUBLIC_HKO",28,33,12,"Public HKO open-data design only; no health outcomes joined."
2023-04-23,23.7,22.4,23,0,0,0,2023,4,23,"2023-04",113,3765,"post_reopening",0,0,0,0,"REAL_PUBLIC_HKO",28,33,12,"Public HKO open-data design only; no health outcomes joined."
2023-04-24,24.3,22.9,23.5,0,0,0,2023,4,24,"2023-04",114,3766,"post_reopening",0,0,0,0,"REAL_PUBLIC_HKO",28,33,12,"Public HKO open-data design only; no health outcomes joined."
2023-04-25,23.7,20.4,22.4,0,0,0,2023,4,25,"2023-04",115,3767,"post_reopening",0,0,0,0,"REAL_PUBLIC_HKO",28,33,12,"Public HKO open-data design only; no health outcomes joined."
2023-04-26,24.8,19.4,21.6,0,0,0,2023,4,26,"2023-04",116,3768,"post_reopening",0,0,0,0,"REAL_PUBLIC_HKO",28,33,12,"Public HKO open-data design only; no health outcomes joined."
2023-04-27,24.7,21.5,22.7,0,0,0,2023,4,27,"2023-04",117,3769,"post_reopening",0,0,0,0,"REAL_PUBLIC_HKO",28,33,12,"Public HKO open-data design only; no health outcomes joined."
2023-04-28,27.6,21.8,24.1,0,0,0,2023,4,28,"2023-04",118,3770,"post_reopening",0,0,0,0,"REAL_PUBLIC_HKO",28,33,12,"Public HKO open-data design only; no health outcomes joined."
2023-04-29,28.1,23.7,25.4,0,0,0,2023,4,29,"2023-04",119,3771,"post_reopening",0,0,0,0,"REAL_PUBLIC_HKO",28,33,12,"Public HKO open-data design only; no health outcomes joined."
2023-04-30,27.8,22.7,24.6,0,0,0,2023,4,30,"2023-04",120,3772,"post_reopening",0,0,0,0,"REAL_PUBLIC_HKO",28,33,12,"Public HKO open-data design only; no health outcomes joined."
2023-05-01,26.1,23,24.1,0,0,0,2023,5,1,"2023-05",121,3773,"post_reopening",0,0,0,0,"REAL_PUBLIC_HKO",28,33,12,"Public HKO open-data design only; no health outcomes joined."
2023-05-02,26.9,22.7,24.1,0,0,0,2023,5,2,"2023-05",122,3774,"post_reopening",0,0,0,0,"REAL_PUBLIC_HKO",28,33,12,"Public HKO open-data design only; no health outcomes joined."
2023-05-03,29.1,23.6,25.4,0,0,0,2023,5,3,"2023-05",123,3775,"post_reopening",0,0,0,0,"REAL_PUBLIC_HKO",28,33,12,"Public HKO open-data design only; no health outcomes joined."
2023-05-04,31,25.4,27,0,0,0,2023,5,4,"2023-05",124,3776,"post_reopening",0,0,0,0,"REAL_PUBLIC_HKO",28,33,12,"Public HKO open-data design only; no health outcomes joined."
2023-05-05,30.2,25.5,27.5,0,0,0,2023,5,5,"2023-05",125,3777,"post_reopening",0,0,0,0,"REAL_PUBLIC_HKO",28,33,12,"Public HKO open-data design only; no health outcomes joined."
2023-05-06,29.7,26.9,28.2,0,0,0,2023,5,6,"2023-05",126,3778,"post_reopening",0,0,0,0,"REAL_PUBLIC_HKO",28,33,12,"Public HKO open-data design only; no health outcomes joined."
2023-05-07,30.3,23.4,26.6,0,0,0,2023,5,7,"2023-05",127,3779,"post_reopening",0,0,0,0,"REAL_PUBLIC_HKO",28,33,12,"Public HKO open-data design only; no health outcomes joined."
2023-05-08,24.8,21.9,23.2,0,0,0,2023,5,8,"2023-05",128,3780,"post_reopening",0,0,0,0,"REAL_PUBLIC_HKO",28,33,12,"Public HKO open-data design only; no health outcomes joined."
2023-05-09,26.5,22.3,23.8,0,0,0,2023,5,9,"2023-05",129,3781,"post_reopening",0,0,0,0,"REAL_PUBLIC_HKO",28,33,12,"Public HKO open-data design only; no health outcomes joined."
2023-05-10,25.3,23,23.9,0,0,0,2023,5,10,"2023-05",130,3782,"post_reopening",0,0,0,0,"REAL_PUBLIC_HKO",28,33,12,"Public HKO open-data design only; no health outcomes joined."
2023-05-11,25.8,22.2,23.9,0,0,0,2023,5,11,"2023-05",131,3783,"post_reopening",0,0,0,0,"REAL_PUBLIC_HKO",28,33,12,"Public HKO open-data design only; no health outcomes joined."
2023-05-12,25.7,23.8,24.4,0,0,0,2023,5,12,"2023-05",132,3784,"post_reopening",0,0,0,0,"REAL_PUBLIC_HKO",28,33,12,"Public HKO open-data design only; no health outcomes joined."
2023-05-13,25.3,22.3,23.5,0,0,0,2023,5,13,"2023-05",133,3785,"post_reopening",0,0,0,0,"REAL_PUBLIC_HKO",28,33,12,"Public HKO open-data design only; no health outcomes joined."
2023-05-14,23.1,20.2,21.3,0,0,0,2023,5,14,"2023-05",134,3786,"post_reopening",0,0,0,0,"REAL_PUBLIC_HKO",28,33,12,"Public HKO open-data design only; no health outcomes joined."
2023-05-15,27.1,21.9,24.3,0,0,0,2023,5,15,"2023-05",135,3787,"post_reopening",0,0,0,0,"REAL_PUBLIC_HKO",28,33,12,"Public HKO open-data design only; no health outcomes joined."
2023-05-16,27.3,23.1,25.2,0,0,0,2023,5,16,"2023-05",136,3788,"post_reopening",0,0,0,0,"REAL_PUBLIC_HKO",28,33,12,"Public HKO open-data design only; no health outcomes joined."
2023-05-17,28.9,23.7,26.9,0,0,0,2023,5,17,"2023-05",137,3789,"post_reopening",0,0,0,0,"REAL_PUBLIC_HKO",28,33,12,"Public HKO open-data design only; no health outcomes joined."
2023-05-18,31.4,27.5,28.9,0,0,0,2023,5,18,"2023-05",138,3790,"post_reopening",0,0,0,0,"REAL_PUBLIC_HKO",28,33,12,"Public HKO open-data design only; no health outcomes joined."
2023-05-19,31.3,27.4,29.1,0,0,0,2023,5,19,"2023-05",139,3791,"post_reopening",0,0,0,0,"REAL_PUBLIC_HKO",28,33,12,"Public HKO open-data design only; no health outcomes joined."
2023-05-20,32.7,28,29.7,1,0,0,2023,5,20,"2023-05",140,3792,"post_reopening",1,0,0.166666666666667,0,"REAL_PUBLIC_HKO",28,33,12,"Public HKO open-data design only; no health outcomes joined."
2023-05-21,32.2,28,29.7,1,0,0,2023,5,21,"2023-05",141,3793,"post_reopening",1,0,0.333333333333333,0,"REAL_PUBLIC_HKO",28,33,12,"Public HKO open-data design only; no health outcomes joined."
2023-05-22,33,28.1,30,1,1,0,2023,5,22,"2023-05",142,3794,"post_reopening",1,0,0.5,0,"REAL_PUBLIC_HKO",28,33,12,"Public HKO open-data design only; no health outcomes joined."
2023-05-23,29.2,24.4,26.9,0,0,0,2023,5,23,"2023-05",143,3795,"post_reopening",0,0,0.5,0,"REAL_PUBLIC_HKO",28,33,12,"Public HKO open-data design only; no health outcomes joined."
2023-05-24,28.2,23.3,24.9,0,0,0,2023,5,24,"2023-05",144,3796,"post_reopening",0,0,0.5,0,"REAL_PUBLIC_HKO",28,33,12,"Public HKO open-data design only; no health outcomes joined."
2023-05-25,26.9,24.9,26.1,0,0,0,2023,5,25,"2023-05",145,3797,"post_reopening",0,0,0.5,0,"REAL_PUBLIC_HKO",28,33,12,"Public HKO open-data design only; no health outcomes joined."
2023-05-26,30.9,26.4,27.8,0,0,0,2023,5,26,"2023-05",146,3798,"post_reopening",0,0,0.333333333333333,0,"REAL_PUBLIC_HKO",28,33,12,"Public HKO open-data design only; no health outcomes joined."
2023-05-27,32.3,26.7,28.8,0,0,0,2023,5,27,"2023-05",147,3799,"post_reopening",0,0,0.166666666666667,0,"REAL_PUBLIC_HKO",28,33,12,"Public HKO open-data design only; no health outcomes joined."
2023-05-28,32.5,27,28.7,0,0,0,2023,5,28,"2023-05",148,3800,"post_reopening",0,0,0,0,"REAL_PUBLIC_HKO",28,33,12,"Public HKO open-data design only; no health outcomes joined."
2023-05-29,32.3,26.3,28.9,0,0,0,2023,5,29,"2023-05",149,3801,"post_reopening",0,0,0,0,"REAL_PUBLIC_HKO",28,33,12,"Public HKO open-data design only; no health outcomes joined."
2023-05-30,34.6,28,31.2,1,1,0,2023,5,30,"2023-05",150,3802,"post_reopening",1,0,0.166666666666667,0,"REAL_PUBLIC_HKO",28,33,12,"Public HKO open-data design only; no health outcomes joined."
2023-05-31,34.7,29.6,31.4,1,1,0,2023,5,31,"2023-05",151,3803,"post_reopening",1,0,0.333333333333333,0,"REAL_PUBLIC_HKO",28,33,12,"Public HKO open-data design only; no health outcomes joined."
2023-06-01,31.6,26.2,29.2,0,0,0,2023,6,1,"2023-06",152,3804,"post_reopening",0,0,0.333333333333333,0,"REAL_PUBLIC_HKO",28,33,12,"Public HKO open-data design only; no health outcomes joined."
2023-06-02,35.2,28.2,30.7,1,1,0,2023,6,2,"2023-06",153,3805,"post_reopening",1,0,0.5,0,"REAL_PUBLIC_HKO",28,33,12,"Public HKO open-data design only; no health outcomes joined."
2023-06-03,34.9,28.9,30.8,1,1,0,2023,6,3,"2023-06",154,3806,"post_reopening",1,0,0.666666666666667,0,"REAL_PUBLIC_HKO",28,33,12,"Public HKO open-data design only; no health outcomes joined."
2023-06-04,32.7,27.9,30,0,0,0,2023,6,4,"2023-06",155,3807,"post_reopening",0,0,0.666666666666667,0,"REAL_PUBLIC_HKO",28,33,12,"Public HKO open-data design only; no health outcomes joined."
2023-06-05,32.9,27.7,29.7,0,0,0,2023,6,5,"2023-06",156,3808,"post_reopening",0,0,0.5,0,"REAL_PUBLIC_HKO",28,33,12,"Public HKO open-data design only; no health outcomes joined."
2023-06-06,30.2,26.8,28.4,0,0,0,2023,6,6,"2023-06",157,3809,"post_reopening",0,0,0.333333333333333,0,"REAL_PUBLIC_HKO",28,33,12,"Public HKO open-data design only; no health outcomes joined."
2023-06-07,31.5,27,28.5,0,0,0,2023,6,7,"2023-06",158,3810,"post_reopening",0,0,0.333333333333333,0,"REAL_PUBLIC_HKO",28,33,12,"Public HKO open-data design only; no health outcomes joined."
2023-06-08,33.1,27.4,29.4,0,1,0,2023,6,8,"2023-06",159,3811,"post_reopening",0,0,0.166666666666667,0,"REAL_PUBLIC_HKO",28,33,12,"Public HKO open-data design only; no health outcomes joined."
2023-06-09,32,26.7,29,0,0,0,2023,6,9,"2023-06",160,3812,"post_reopening",0,0,0,0,"REAL_PUBLIC_HKO",28,33,12,"Public HKO open-data design only; no health outcomes joined."
2023-06-10,33,28,29.5,1,1,0,2023,6,10,"2023-06",161,3813,"post_reopening",1,0,0.166666666666667,0,"REAL_PUBLIC_HKO",28,33,12,"Public HKO open-data design only; no health outcomes joined."
2023-06-11,32.5,27.3,29.2,0,0,0,2023,6,11,"2023-06",162,3814,"post_reopening",0,0,0.166666666666667,0,"REAL_PUBLIC_HKO",28,33,12,"Public HKO open-data design only; no health outcomes joined."
2023-06-12,33.7,28.2,30.2,1,1,0,2023,6,12,"2023-06",163,3815,"post_reopening",1,0,0.333333333333333,0,"REAL_PUBLIC_HKO",28,33,12,"Public HKO open-data design only; no health outcomes joined."
2023-06-13,32.7,25.8,29.8,0,0,0,2023,6,13,"2023-06",164,3816,"post_reopening",0,0,0.333333333333333,0,"REAL_PUBLIC_HKO",28,33,12,"Public HKO open-data design only; no health outcomes joined."
2023-06-14,29.6,25.1,27.7,0,0,0,2023,6,14,"2023-06",165,3817,"post_reopening",0,0,0.333333333333333,0,"REAL_PUBLIC_HKO",28,33,12,"Public HKO open-data design only; no health outcomes joined."
2023-06-15,28.7,26.1,27.4,0,0,0,2023,6,15,"2023-06",166,3818,"post_reopening",0,0,0.333333333333333,0,"REAL_PUBLIC_HKO",28,33,12,"Public HKO open-data design only; no health outcomes joined."
2023-06-16,28.1,25.2,26.4,0,0,0,2023,6,16,"2023-06",167,3819,"post_reopening",0,0,0.166666666666667,0,"REAL_PUBLIC_HKO",28,33,12,"Public HKO open-data design only; no health outcomes joined."
2023-06-17,28,25.3,26.2,0,0,0,2023,6,17,"2023-06",168,3820,"post_reopening",0,0,0.166666666666667,0,"REAL_PUBLIC_HKO",28,33,12,"Public HKO open-data design only; no health outcomes joined."
2023-06-18,29.9,25.7,28,0,0,0,2023,6,18,"2023-06",169,3821,"post_reopening",0,0,0,0,"REAL_PUBLIC_HKO",28,33,12,"Public HKO open-data design only; no health outcomes joined."
2023-06-19,31.4,26.9,29.1,0,0,0,2023,6,19,"2023-06",170,3822,"post_reopening",0,0,0,0,"REAL_PUBLIC_HKO",28,33,12,"Public HKO open-data design only; no health outcomes joined."
2023-06-20,32.2,27.8,30,0,0,0,2023,6,20,"2023-06",171,3823,"post_reopening",0,0,0,0,"REAL_PUBLIC_HKO",28,33,12,"Public HKO open-data design only; no health outcomes joined."
2023-06-21,32.2,28.7,30.2,1,0,0,2023,6,21,"2023-06",172,3824,"post_reopening",1,0,0.166666666666667,0,"REAL_PUBLIC_HKO",28,33,12,"Public HKO open-data design only; no health outcomes joined."
2023-06-22,32.4,29,30.2,1,0,0,2023,6,22,"2023-06",173,3825,"post_reopening",1,0,0.333333333333333,0,"REAL_PUBLIC_HKO",28,33,12,"Public HKO open-data design only; no health outcomes joined."
2023-06-23,31.2,28,30,1,0,0,2023,6,23,"2023-06",174,3826,"post_reopening",1,0,0.5,0,"REAL_PUBLIC_HKO",28,33,12,"Public HKO open-data design only; no health outcomes joined."
2023-06-24,31,27.4,29.1,0,0,0,2023,6,24,"2023-06",175,3827,"post_reopening",0,0,0.5,0,"REAL_PUBLIC_HKO",28,33,12,"Public HKO open-data design only; no health outcomes joined."
2023-06-25,32.9,26.1,29.4,0,0,0,2023,6,25,"2023-06",176,3828,"post_reopening",0,0,0.5,0,"REAL_PUBLIC_HKO",28,33,12,"Public HKO open-data design only; no health outcomes joined."
2023-06-26,32.9,26.6,29.4,0,0,0,2023,6,26,"2023-06",177,3829,"post_reopening",0,0,0.5,0,"REAL_PUBLIC_HKO",28,33,12,"Public HKO open-data design only; no health outcomes joined."
2023-06-27,33.9,28.1,30.1,1,1,0,2023,6,27,"2023-06",178,3830,"post_reopening",1,0,0.5,0,"REAL_PUBLIC_HKO",28,33,12,"Public HKO open-data design only; no health outcomes joined."
2023-06-28,31.3,26.9,28.8,0,0,0,2023,6,28,"2023-06",179,3831,"post_reopening",0,0,0.333333333333333,0,"REAL_PUBLIC_HKO",28,33,12,"Public HKO open-data design only; no health outcomes joined."
2023-06-29,33.3,27.1,29.5,0,1,0,2023,6,29,"2023-06",180,3832,"post_reopening",0,0,0.166666666666667,0,"REAL_PUBLIC_HKO",28,33,12,"Public HKO open-data design only; no health outcomes joined."
2023-06-30,32.5,26.5,29.8,0,0,0,2023,6,30,"2023-06",181,3833,"post_reopening",0,0,0.166666666666667,0,"REAL_PUBLIC_HKO",28,33,12,"Public HKO open-data design only; no health outcomes joined."
2023-07-01,30.9,26.2,28.9,0,0,0,2023,7,1,"2023-07",182,3834,"post_reopening",0,0,0.166666666666667,0,"REAL_PUBLIC_HKO",28,33,12,"Public HKO open-data design only; no health outcomes joined."
2023-07-02,29.3,26.2,27.5,0,0,0,2023,7,2,"2023-07",183,3835,"post_reopening",0,0,0.166666666666667,0,"REAL_PUBLIC_HKO",28,33,12,"Public HKO open-data design only; no health outcomes joined."
2023-07-03,32.4,27,28.9,0,0,0,2023,7,3,"2023-07",184,3836,"post_reopening",0,0,0,0,"REAL_PUBLIC_HKO",28,33,12,"Public HKO open-data design only; no health outcomes joined."
2023-07-04,32,26.7,29.3,0,0,0,2023,7,4,"2023-07",185,3837,"post_reopening",0,0,0,0,"REAL_PUBLIC_HKO",28,33,12,"Public HKO open-data design only; no health outcomes joined."
2023-07-05,33,28.9,30.4,1,1,0,2023,7,5,"2023-07",186,3838,"post_reopening",1,0,0.166666666666667,0,"REAL_PUBLIC_HKO",28,33,12,"Public HKO open-data design only; no health outcomes joined."
2023-07-06,32.8,28.4,30.3,1,0,0,2023,7,6,"2023-07",187,3839,"post_reopening",1,0,0.333333333333333,0,"REAL_PUBLIC_HKO",28,33,12,"Public HKO open-data design only; no health outcomes joined."
2023-07-07,33.4,29,30.4,1,1,0,2023,7,7,"2023-07",188,3840,"post_reopening",1,0,0.5,0,"REAL_PUBLIC_HKO",28,33,12,"Public HKO open-data design only; no health outcomes joined."
2023-07-08,33.2,28.8,30.4,1,1,0,2023,7,8,"2023-07",189,3841,"post_reopening",1,0,0.666666666666667,0,"REAL_PUBLIC_HKO",28,33,12,"Public HKO open-data design only; no health outcomes joined."
2023-07-09,33.7,28.7,30.5,1,1,0,2023,7,9,"2023-07",190,3842,"post_reopening",1,0,0.833333333333333,0,"REAL_PUBLIC_HKO",28,33,12,"Public HKO open-data design only; no health outcomes joined."
2023-07-10,33.7,28.9,30.7,1,1,0,2023,7,10,"2023-07",191,3843,"post_reopening",1,0,1,0,"REAL_PUBLIC_HKO",28,33,12,"Public HKO open-data design only; no health outcomes joined."
2023-07-11,33.6,28.9,30.7,1,1,0,2023,7,11,"2023-07",192,3844,"post_reopening",1,0,1,0,"REAL_PUBLIC_HKO",28,33,12,"Public HKO open-data design only; no health outcomes joined."
2023-07-12,34.5,28.9,30.7,1,1,0,2023,7,12,"2023-07",193,3845,"post_reopening",1,0,1,0,"REAL_PUBLIC_HKO",28,33,12,"Public HKO open-data design only; no health outcomes joined."
2023-07-13,34.8,28.6,30.9,1,1,0,2023,7,13,"2023-07",194,3846,"post_reopening",1,0,1,0,"REAL_PUBLIC_HKO",28,33,12,"Public HKO open-data design only; no health outcomes joined."
2023-07-14,33.8,28.5,31.3,1,1,0,2023,7,14,"2023-07",195,3847,"post_reopening",1,0,1,0,"REAL_PUBLIC_HKO",28,33,12,"Public HKO open-data design only; no health outcomes joined."
2023-07-15,34.5,28.2,31.1,1,1,0,2023,7,15,"2023-07",196,3848,"post_reopening",1,0,1,0,"REAL_PUBLIC_HKO",28,33,12,"Public HKO open-data design only; no health outcomes joined."
2023-07-16,33.3,27.2,29.7,0,1,0,2023,7,16,"2023-07",197,3849,"post_reopening",0,0,0.833333333333333,0,"REAL_PUBLIC_HKO",28,33,12,"Public HKO open-data design only; no health outcomes joined."
2023-07-17,29.4,27.2,28.4,0,0,0,2023,7,17,"2023-07",198,3850,"post_reopening",0,0,0.666666666666667,0,"REAL_PUBLIC_HKO",28,33,12,"Public HKO open-data design only; no health outcomes joined."
2023-07-18,31.1,27.5,29.2,0,0,0,2023,7,18,"2023-07",199,3851,"post_reopening",0,0,0.5,0,"REAL_PUBLIC_HKO",28,33,12,"Public HKO open-data design only; no health outcomes joined."
2023-07-19,30.3,27.3,28.7,0,0,0,2023,7,19,"2023-07",200,3852,"post_reopening",0,0,0.333333333333333,0,"REAL_PUBLIC_HKO",28,33,12,"Public HKO open-data design only; no health outcomes joined."
2023-07-20,33.6,26.8,29.6,0,1,0,2023,7,20,"2023-07",201,3853,"post_reopening",0,0,0.166666666666667,0,"REAL_PUBLIC_HKO",28,33,12,"Public HKO open-data design only; no health outcomes joined."
2023-07-21,32.4,27.7,29.7,0,0,0,2023,7,21,"2023-07",202,3854,"post_reopening",0,0,0,0,"REAL_PUBLIC_HKO",28,33,12,"Public HKO open-data design only; no health outcomes joined."
2023-07-22,34,28.3,30.6,1,1,0,2023,7,22,"2023-07",203,3855,"post_reopening",1,0,0.166666666666667,0,"REAL_PUBLIC_HKO",28,33,12,"Public HKO open-data design only; no health outcomes joined."
2023-07-23,34.1,28.6,30.6,1,1,0,2023,7,23,"2023-07",204,3856,"post_reopening",1,0,0.333333333333333,0,"REAL_PUBLIC_HKO",28,33,12,"Public HKO open-data design only; no health outcomes joined."
2023-07-24,34.6,28.4,30.7,1,1,0,2023,7,24,"2023-07",205,3857,"post_reopening",1,0,0.5,0,"REAL_PUBLIC_HKO",28,33,12,"Public HKO open-data design only; no health outcomes joined."
2023-07-25,33.4,28.4,30.7,1,1,0,2023,7,25,"2023-07",206,3858,"post_reopening",1,0,0.666666666666667,0,"REAL_PUBLIC_HKO",28,33,12,"Public HKO open-data design only; no health outcomes joined."
2023-07-26,35.5,29.3,32,1,1,0,2023,7,26,"2023-07",207,3859,"post_reopening",1,0,0.833333333333333,0,"REAL_PUBLIC_HKO",28,33,12,"Public HKO open-data design only; no health outcomes joined."
2023-07-27,36.1,28.4,32.2,1,1,0,2023,7,27,"2023-07",208,3860,"post_reopening",1,0,1,0,"REAL_PUBLIC_HKO",28,33,12,"Public HKO open-data design only; no health outcomes joined."
2023-07-28,34.7,28.9,31.5,1,1,0,2023,7,28,"2023-07",209,3861,"post_reopening",1,0,1,0,"REAL_PUBLIC_HKO",28,33,12,"Public HKO open-data design only; no health outcomes joined."
2023-07-29,31.5,27.2,29.8,0,0,0,2023,7,29,"2023-07",210,3862,"post_reopening",0,0,0.833333333333333,0,"REAL_PUBLIC_HKO",28,33,12,"Public HKO open-data design only; no health outcomes joined."
2023-07-30,32.1,27.5,29.2,0,0,0,2023,7,30,"2023-07",211,3863,"post_reopening",0,0,0.666666666666667,0,"REAL_PUBLIC_HKO",28,33,12,"Public HKO open-data design only; no health outcomes joined."
2023-07-31,32.5,26.5,29.1,0,0,0,2023,7,31,"2023-07",212,3864,"post_reopening",0,0,0.5,0,"REAL_PUBLIC_HKO",28,33,12,"Public HKO open-data design only; no health outcomes joined."
2023-08-01,32.2,27.9,29.3,0,0,0,2023,8,1,"2023-08",213,3865,"post_reopening",0,0,0.333333333333333,0,"REAL_PUBLIC_HKO",28,33,12,"Public HKO open-data design only; no health outcomes joined."
2023-08-02,34.6,27.9,30.4,0,1,0,2023,8,2,"2023-08",214,3866,"post_reopening",0,0,0.166666666666667,0,"REAL_PUBLIC_HKO",28,33,12,"Public HKO open-data design only; no health outcomes joined."
2023-08-03,35.1,27.9,30.8,0,1,0,2023,8,3,"2023-08",215,3867,"post_reopening",0,0,0,0,"REAL_PUBLIC_HKO",28,33,12,"Public HKO open-data design only; no health outcomes joined."
2023-08-04,33.5,28.3,30.5,1,1,0,2023,8,4,"2023-08",216,3868,"post_reopening",1,0,0.166666666666667,0,"REAL_PUBLIC_HKO",28,33,12,"Public HKO open-data design only; no health outcomes joined."
2023-08-05,33,28.3,30.4,1,1,0,2023,8,5,"2023-08",217,3869,"post_reopening",1,0,0.333333333333333,0,"REAL_PUBLIC_HKO",28,33,12,"Public HKO open-data design only; no health outcomes joined."
2023-08-06,33,29.2,30.3,1,1,0,2023,8,6,"2023-08",218,3870,"post_reopening",1,0,0.5,0,"REAL_PUBLIC_HKO",28,33,12,"Public HKO open-data design only; no health outcomes joined."
2023-08-07,32.4,28,30.1,1,0,0,2023,8,7,"2023-08",219,3871,"post_reopening",1,0,0.666666666666667,0,"REAL_PUBLIC_HKO",28,33,12,"Public HKO open-data design only; no health outcomes joined."
2023-08-08,33.3,28.9,30.3,1,1,0,2023,8,8,"2023-08",220,3872,"post_reopening",1,0,0.833333333333333,0,"REAL_PUBLIC_HKO",28,33,12,"Public HKO open-data design only; no health outcomes joined."
2023-08-09,32.8,28.7,30.3,1,0,0,2023,8,9,"2023-08",221,3873,"post_reopening",1,0,1,0,"REAL_PUBLIC_HKO",28,33,12,"Public HKO open-data design only; no health outcomes joined."
2023-08-10,32.1,27.5,29.2,0,0,0,2023,8,10,"2023-08",222,3874,"post_reopening",0,0,0.833333333333333,0,"REAL_PUBLIC_HKO",28,33,12,"Public HKO open-data design only; no health outcomes joined."
2023-08-11,30.1,25.7,27.8,0,0,0,2023,8,11,"2023-08",223,3875,"post_reopening",0,0,0.666666666666667,0,"REAL_PUBLIC_HKO",28,33,12,"Public HKO open-data design only; no health outcomes joined."
2023-08-12,32.1,26.6,29,0,0,0,2023,8,12,"2023-08",224,3876,"post_reopening",0,0,0.5,0,"REAL_PUBLIC_HKO",28,33,12,"Public HKO open-data design only; no health outcomes joined."
2023-08-13,29.6,26.1,28.5,0,0,0,2023,8,13,"2023-08",225,3877,"post_reopening",0,0,0.333333333333333,0,"REAL_PUBLIC_HKO",28,33,12,"Public HKO open-data design only; no health outcomes joined."
2023-08-14,32.2,27,29.4,0,0,0,2023,8,14,"2023-08",226,3878,"post_reopening",0,0,0.166666666666667,0,"REAL_PUBLIC_HKO",28,33,12,"Public HKO open-data design only; no health outcomes joined."
2023-08-15,32.5,28.8,29.9,1,0,0,2023,8,15,"2023-08",227,3879,"post_reopening",1,0,0.166666666666667,0,"REAL_PUBLIC_HKO",28,33,12,"Public HKO open-data design only; no health outcomes joined."
2023-08-16,34,28.8,30.6,1,1,0,2023,8,16,"2023-08",228,3880,"post_reopening",1,0,0.333333333333333,0,"REAL_PUBLIC_HKO",28,33,12,"Public HKO open-data design only; no health outcomes joined."
2023-08-17,32,29,30,1,0,0,2023,8,17,"2023-08",229,3881,"post_reopening",1,0,0.5,0,"REAL_PUBLIC_HKO",28,33,12,"Public HKO open-data design only; no health outcomes joined."
2023-08-18,30.6,27.2,29.2,0,0,0,2023,8,18,"2023-08",230,3882,"post_reopening",0,0,0.5,0,"REAL_PUBLIC_HKO",28,33,12,"Public HKO open-data design only; no health outcomes joined."
2023-08-19,30.6,27.3,28.8,0,0,0,2023,8,19,"2023-08",231,3883,"post_reopening",0,0,0.5,0,"REAL_PUBLIC_HKO",28,33,12,"Public HKO open-data design only; no health outcomes joined."
2023-08-20,31.5,28.4,29.7,1,0,0,2023,8,20,"2023-08",232,3884,"post_reopening",1,0,0.666666666666667,0,"REAL_PUBLIC_HKO",28,33,12,"Public HKO open-data design only; no health outcomes joined."
2023-08-21,32.1,28.2,29.6,1,0,0,2023,8,21,"2023-08",233,3885,"post_reopening",1,0,0.666666666666667,0,"REAL_PUBLIC_HKO",28,33,12,"Public HKO open-data design only; no health outcomes joined."
2023-08-22,33,28,30,1,1,0,2023,8,22,"2023-08",234,3886,"post_reopening",1,0,0.666666666666667,0,"REAL_PUBLIC_HKO",28,33,12,"Public HKO open-data design only; no health outcomes joined."
2023-08-23,33.5,28.2,30.4,1,1,0,2023,8,23,"2023-08",235,3887,"post_reopening",1,0,0.666666666666667,0,"REAL_PUBLIC_HKO",28,33,12,"Public HKO open-data design only; no health outcomes joined."
2023-08-24,31.4,27.5,29.1,0,0,0,2023,8,24,"2023-08",236,3888,"post_reopening",0,0,0.666666666666667,0,"REAL_PUBLIC_HKO",28,33,12,"Public HKO open-data design only; no health outcomes joined."
2023-08-25,30.9,28.2,29.3,1,0,0,2023,8,25,"2023-08",237,3889,"post_reopening",1,0,0.833333333333333,0,"REAL_PUBLIC_HKO",28,33,12,"Public HKO open-data design only; no health outcomes joined."
2023-08-26,32.8,27.9,29.7,0,0,0,2023,8,26,"2023-08",238,3890,"post_reopening",0,0,0.666666666666667,0,"REAL_PUBLIC_HKO",28,33,12,"Public HKO open-data design only; no health outcomes joined."
2023-08-27,31.9,26.4,29.4,0,0,0,2023,8,27,"2023-08",239,3891,"post_reopening",0,0,0.5,0,"REAL_PUBLIC_HKO",28,33,12,"Public HKO open-data design only; no health outcomes joined."
2023-08-28,33.4,28.1,29.9,1,1,0,2023,8,28,"2023-08",240,3892,"post_reopening",1,0,0.5,0,"REAL_PUBLIC_HKO",28,33,12,"Public HKO open-data design only; no health outcomes joined."
2023-08-29,32.6,26.8,29,0,0,0,2023,8,29,"2023-08",241,3893,"post_reopening",0,0,0.333333333333333,0,"REAL_PUBLIC_HKO",28,33,12,"Public HKO open-data design only; no health outcomes joined."
2023-08-30,32,26.7,28.9,0,0,0,2023,8,30,"2023-08",242,3894,"post_reopening",0,0,0.333333333333333,0,"REAL_PUBLIC_HKO",28,33,12,"Public HKO open-data design only; no health outcomes joined."
2023-08-31,32.1,27.7,29.2,0,0,0,2023,8,31,"2023-08",243,3895,"post_reopening",0,0,0.166666666666667,0,"REAL_PUBLIC_HKO",28,33,12,"Public HKO open-data design only; no health outcomes joined."
2023-09-01,28.7,25,26.9,0,0,0,2023,9,1,"2023-09",244,3896,"post_reopening",0,0,0.166666666666667,0,"REAL_PUBLIC_HKO",28,33,12,"Public HKO open-data design only; no health outcomes joined."
2023-09-02,27.2,25.2,26.2,0,0,0,2023,9,2,"2023-09",245,3897,"post_reopening",0,0,0.166666666666667,0,"REAL_PUBLIC_HKO",28,33,12,"Public HKO open-data design only; no health outcomes joined."
2023-09-03,33.7,27,29.4,0,1,0,2023,9,3,"2023-09",246,3898,"post_reopening",0,0,0,0,"REAL_PUBLIC_HKO",28,33,12,"Public HKO open-data design only; no health outcomes joined."
2023-09-04,32.6,27.3,29.9,0,0,0,2023,9,4,"2023-09",247,3899,"post_reopening",0,0,0,0,"REAL_PUBLIC_HKO",28,33,12,"Public HKO open-data design only; no health outcomes joined."
2023-09-05,31,27.7,29.1,0,0,0,2023,9,5,"2023-09",248,3900,"post_reopening",0,0,0,0,"REAL_PUBLIC_HKO",28,33,12,"Public HKO open-data design only; no health outcomes joined."
2023-09-06,32.1,27.8,29.4,0,0,0,2023,9,6,"2023-09",249,3901,"post_reopening",0,0,0,0,"REAL_PUBLIC_HKO",28,33,12,"Public HKO open-data design only; no health outcomes joined."
2023-09-07,29.7,25.5,27.7,0,0,0,2023,9,7,"2023-09",250,3902,"post_reopening",0,0,0,0,"REAL_PUBLIC_HKO",28,33,12,"Public HKO open-data design only; no health outcomes joined."
2023-09-08,26.3,25,25.7,0,0,0,2023,9,8,"2023-09",251,3903,"post_reopening",0,0,0,0,"REAL_PUBLIC_HKO",28,33,12,"Public HKO open-data design only; no health outcomes joined."
2023-09-09,26.6,25.5,26.2,0,0,0,2023,9,9,"2023-09",252,3904,"post_reopening",0,0,0,0,"REAL_PUBLIC_HKO",28,33,12,"Public HKO open-data design only; no health outcomes joined."
2023-09-10,26.5,24.8,25.8,0,0,0,2023,9,10,"2023-09",253,3905,"post_reopening",0,0,0,0,"REAL_PUBLIC_HKO",28,33,12,"Public HKO open-data design only; no health outcomes joined."
2023-09-11,28.2,25.6,26.5,0,0,0,2023,9,11,"2023-09",254,3906,"post_reopening",0,0,0,0,"REAL_PUBLIC_HKO",28,33,12,"Public HKO open-data design only; no health outcomes joined."
2023-09-12,29.4,26,27,0,0,0,2023,9,12,"2023-09",255,3907,"post_reopening",0,0,0,0,"REAL_PUBLIC_HKO",28,33,12,"Public HKO open-data design only; no health outcomes joined."
2023-09-13,30.4,26.8,27.9,0,0,0,2023,9,13,"2023-09",256,3908,"post_reopening",0,0,0,0,"REAL_PUBLIC_HKO",28,33,12,"Public HKO open-data design only; no health outcomes joined."
2023-09-14,28.2,25.6,26.9,0,0,0,2023,9,14,"2023-09",257,3909,"post_reopening",0,0,0,0,"REAL_PUBLIC_HKO",28,33,12,"Public HKO open-data design only; no health outcomes joined."
2023-09-15,30.6,25.2,27.3,0,0,0,2023,9,15,"2023-09",258,3910,"post_reopening",0,0,0,0,"REAL_PUBLIC_HKO",28,33,12,"Public HKO open-data design only; no health outcomes joined."
2023-09-16,28.8,25.4,27.1,0,0,0,2023,9,16,"2023-09",259,3911,"post_reopening",0,0,0,0,"REAL_PUBLIC_HKO",28,33,12,"Public HKO open-data design only; no health outcomes joined."
2023-09-17,31.7,26.8,28.5,0,0,0,2023,9,17,"2023-09",260,3912,"post_reopening",0,0,0,0,"REAL_PUBLIC_HKO",28,33,12,"Public HKO open-data design only; no health outcomes joined."
2023-09-18,32.7,27.4,29.2,0,0,0,2023,9,18,"2023-09",261,3913,"post_reopening",0,0,0,0,"REAL_PUBLIC_HKO",28,33,12,"Public HKO open-data design only; no health outcomes joined."
2023-09-19,33.5,27.3,29.5,0,1,0,2023,9,19,"2023-09",262,3914,"post_reopening",0,0,0,0,"REAL_PUBLIC_HKO",28,33,12,"Public HKO open-data design only; no health outcomes joined."
2023-09-20,32.9,27.5,29.6,0,0,0,2023,9,20,"2023-09",263,3915,"post_reopening",0,0,0,0,"REAL_PUBLIC_HKO",28,33,12,"Public HKO open-data design only; no health outcomes joined."
2023-09-21,33.6,27.6,30,0,1,0,2023,9,21,"2023-09",264,3916,"post_reopening",0,0,0,0,"REAL_PUBLIC_HKO",28,33,12,"Public HKO open-data design only; no health outcomes joined."
2023-09-22,34.4,28.4,30.2,1,1,0,2023,9,22,"2023-09",265,3917,"post_reopening",1,0,0.166666666666667,0,"REAL_PUBLIC_HKO",28,33,12,"Public HKO open-data design only; no health outcomes joined."
2023-09-23,33.7,28.3,30.1,1,1,0,2023,9,23,"2023-09",266,3918,"post_reopening",1,0,0.333333333333333,0,"REAL_PUBLIC_HKO",28,33,12,"Public HKO open-data design only; no health outcomes joined."
2023-09-24,33.1,28.5,29.9,1,1,0,2023,9,24,"2023-09",267,3919,"post_reopening",1,0,0.5,0,"REAL_PUBLIC_HKO",28,33,12,"Public HKO open-data design only; no health outcomes joined."
2023-09-25,33.1,27.9,29.8,0,1,0,2023,9,25,"2023-09",268,3920,"post_reopening",0,0,0.5,0,"REAL_PUBLIC_HKO",28,33,12,"Public HKO open-data design only; no health outcomes joined."
2023-09-26,33.4,28.3,30,1,1,0,2023,9,26,"2023-09",269,3921,"post_reopening",1,0,0.666666666666667,0,"REAL_PUBLIC_HKO",28,33,12,"Public HKO open-data design only; no health outcomes joined."
2023-09-27,33.9,28.6,30.3,1,1,0,2023,9,27,"2023-09",270,3922,"post_reopening",1,0,0.833333333333333,0,"REAL_PUBLIC_HKO",28,33,12,"Public HKO open-data design only; no health outcomes joined."
2023-09-28,33.6,28.7,30.3,1,1,0,2023,9,28,"2023-09",271,3923,"post_reopening",1,0,0.833333333333333,0,"REAL_PUBLIC_HKO",28,33,12,"Public HKO open-data design only; no health outcomes joined."
2023-09-29,33.7,26.7,29.8,0,1,0,2023,9,29,"2023-09",272,3924,"post_reopening",0,0,0.666666666666667,0,"REAL_PUBLIC_HKO",28,33,12,"Public HKO open-data design only; no health outcomes joined."
2023-09-30,33.6,28.2,30,1,1,0,2023,9,30,"2023-09",273,3925,"post_reopening",1,0,0.666666666666667,0,"REAL_PUBLIC_HKO",28,33,12,"Public HKO open-data design only; no health outcomes joined."
2023-10-01,34,28,30,1,1,0,2023,10,1,"2023-10",274,3926,"post_reopening",1,0,0.833333333333333,0,"REAL_PUBLIC_HKO",28,33,12,"Public HKO open-data design only; no health outcomes joined."
2023-10-02,32.3,27.9,29.5,0,0,0,2023,10,2,"2023-10",275,3927,"post_reopening",0,0,0.666666666666667,0,"REAL_PUBLIC_HKO",28,33,12,"Public HKO open-data design only; no health outcomes joined."
2023-10-03,31.4,27.7,29.3,0,0,0,2023,10,3,"2023-10",276,3928,"post_reopening",0,0,0.5,0,"REAL_PUBLIC_HKO",28,33,12,"Public HKO open-data design only; no health outcomes joined."
2023-10-04,34.6,28.3,30.8,1,1,0,2023,10,4,"2023-10",277,3929,"post_reopening",1,0,0.5,0,"REAL_PUBLIC_HKO",28,33,12,"Public HKO open-data design only; no health outcomes joined."
2023-10-05,34.1,28.5,30.5,1,1,0,2023,10,5,"2023-10",278,3930,"post_reopening",1,0,0.666666666666667,0,"REAL_PUBLIC_HKO",28,33,12,"Public HKO open-data design only; no health outcomes joined."
2023-10-06,32.2,26.7,28.3,0,0,0,2023,10,6,"2023-10",279,3931,"post_reopening",0,0,0.5,0,"REAL_PUBLIC_HKO",28,33,12,"Public HKO open-data design only; no health outcomes joined."
2023-10-07,27.2,23.5,25.1,0,0,0,2023,10,7,"2023-10",280,3932,"post_reopening",0,0,0.333333333333333,0,"REAL_PUBLIC_HKO",28,33,12,"Public HKO open-data design only; no health outcomes joined."
2023-10-08,25.1,22.7,24.2,0,0,0,2023,10,8,"2023-10",281,3933,"post_reopening",0,0,0.333333333333333,0,"REAL_PUBLIC_HKO",28,33,12,"Public HKO open-data design only; no health outcomes joined."
2023-10-09,25,23.4,24.5,0,0,0,2023,10,9,"2023-10",282,3934,"post_reopening",0,0,0.333333333333333,0,"REAL_PUBLIC_HKO",28,33,12,"Public HKO open-data design only; no health outcomes joined."
2023-10-10,26.9,23.8,25.3,0,0,0,2023,10,10,"2023-10",283,3935,"post_reopening",0,0,0.166666666666667,0,"REAL_PUBLIC_HKO",28,33,12,"Public HKO open-data design only; no health outcomes joined."
2023-10-11,29.2,23.7,25.6,0,0,0,2023,10,11,"2023-10",284,3936,"post_reopening",0,0,0,0,"REAL_PUBLIC_HKO",28,33,12,"Public HKO open-data design only; no health outcomes joined."
2023-10-12,29.2,23.5,25.7,0,0,0,2023,10,12,"2023-10",285,3937,"post_reopening",0,0,0,0,"REAL_PUBLIC_HKO",28,33,12,"Public HKO open-data design only; no health outcomes joined."
2023-10-13,30.2,24.8,26.7,0,0,0,2023,10,13,"2023-10",286,3938,"post_reopening",0,0,0,0,"REAL_PUBLIC_HKO",28,33,12,"Public HKO open-data design only; no health outcomes joined."
2023-10-14,30,24.7,26.6,0,0,0,2023,10,14,"2023-10",287,3939,"post_reopening",0,0,0,0,"REAL_PUBLIC_HKO",28,33,12,"Public HKO open-data design only; no health outcomes joined."
2023-10-15,29.9,25.1,26.9,0,0,0,2023,10,15,"2023-10",288,3940,"post_reopening",0,0,0,0,"REAL_PUBLIC_HKO",28,33,12,"Public HKO open-data design only; no health outcomes joined."
2023-10-16,28.9,25.4,26.5,0,0,0,2023,10,16,"2023-10",289,3941,"post_reopening",0,0,0,0,"REAL_PUBLIC_HKO",28,33,12,"Public HKO open-data design only; no health outcomes joined."
2023-10-17,28.2,24.5,25.8,0,0,0,2023,10,17,"2023-10",290,3942,"post_reopening",0,0,0,0,"REAL_PUBLIC_HKO",28,33,12,"Public HKO open-data design only; no health outcomes joined."
2023-10-18,25.4,23.4,24.6,0,0,0,2023,10,18,"2023-10",291,3943,"post_reopening",0,0,0,0,"REAL_PUBLIC_HKO",28,33,12,"Public HKO open-data design only; no health outcomes joined."
2023-10-19,26,24.6,25.3,0,0,0,2023,10,19,"2023-10",292,3944,"post_reopening",0,0,0,0,"REAL_PUBLIC_HKO",28,33,12,"Public HKO open-data design only; no health outcomes joined."
2023-10-20,27.6,24.6,25.9,0,0,0,2023,10,20,"2023-10",293,3945,"post_reopening",0,0,0,0,"REAL_PUBLIC_HKO",28,33,12,"Public HKO open-data design only; no health outcomes joined."
2023-10-21,25.4,22,23.3,0,0,0,2023,10,21,"2023-10",294,3946,"post_reopening",0,0,0,0,"REAL_PUBLIC_HKO",28,33,12,"Public HKO open-data design only; no health outcomes joined."
2023-10-22,27.8,22.4,24.5,0,0,0,2023,10,22,"2023-10",295,3947,"post_reopening",0,0,0,0,"REAL_PUBLIC_HKO",28,33,12,"Public HKO open-data design only; no health outcomes joined."
2023-10-23,29.4,23.8,26,0,0,0,2023,10,23,"2023-10",296,3948,"post_reopening",0,0,0,0,"REAL_PUBLIC_HKO",28,33,12,"Public HKO open-data design only; no health outcomes joined."
2023-10-24,30.1,24.8,26.8,0,0,0,2023,10,24,"2023-10",297,3949,"post_reopening",0,0,0,0,"REAL_PUBLIC_HKO",28,33,12,"Public HKO open-data design only; no health outcomes joined."
2023-10-25,29.7,25.3,26.6,0,0,0,2023,10,25,"2023-10",298,3950,"post_reopening",0,0,0,0,"REAL_PUBLIC_HKO",28,33,12,"Public HKO open-data design only; no health outcomes joined."
2023-10-26,29.2,24.8,26.2,0,0,0,2023,10,26,"2023-10",299,3951,"post_reopening",0,0,0,0,"REAL_PUBLIC_HKO",28,33,12,"Public HKO open-data design only; no health outcomes joined."
2023-10-27,29.6,24.9,26.6,0,0,0,2023,10,27,"2023-10",300,3952,"post_reopening",0,0,0,0,"REAL_PUBLIC_HKO",28,33,12,"Public HKO open-data design only; no health outcomes joined."
2023-10-28,27.7,24.2,25.8,0,0,0,2023,10,28,"2023-10",301,3953,"post_reopening",0,0,0,0,"REAL_PUBLIC_HKO",28,33,12,"Public HKO open-data design only; no health outcomes joined."
2023-10-29,27.1,24.1,25.3,0,0,0,2023,10,29,"2023-10",302,3954,"post_reopening",0,0,0,0,"REAL_PUBLIC_HKO",28,33,12,"Public HKO open-data design only; no health outcomes joined."
2023-10-30,29.3,24.6,26.1,0,0,0,2023,10,30,"2023-10",303,3955,"post_reopening",0,0,0,0,"REAL_PUBLIC_HKO",28,33,12,"Public HKO open-data design only; no health outcomes joined."
2023-10-31,28.6,24.1,25.8,0,0,0,2023,10,31,"2023-10",304,3956,"post_reopening",0,0,0,0,"REAL_PUBLIC_HKO",28,33,12,"Public HKO open-data design only; no health outcomes joined."
2023-11-01,29.1,23.6,25.8,0,0,0,2023,11,1,"2023-11",305,3957,"post_reopening",0,0,0,0,"REAL_PUBLIC_HKO",28,33,12,"Public HKO open-data design only; no health outcomes joined."
2023-11-02,28.4,24.4,25.8,0,0,0,2023,11,2,"2023-11",306,3958,"post_reopening",0,0,0,0,"REAL_PUBLIC_HKO",28,33,12,"Public HKO open-data design only; no health outcomes joined."
2023-11-03,29.1,24.3,26,0,0,0,2023,11,3,"2023-11",307,3959,"post_reopening",0,0,0,0,"REAL_PUBLIC_HKO",28,33,12,"Public HKO open-data design only; no health outcomes joined."
2023-11-04,29.4,24.7,26.3,0,0,0,2023,11,4,"2023-11",308,3960,"post_reopening",0,0,0,0,"REAL_PUBLIC_HKO",28,33,12,"Public HKO open-data design only; no health outcomes joined."
2023-11-05,30.1,25,26.7,0,0,0,2023,11,5,"2023-11",309,3961,"post_reopening",0,0,0,0,"REAL_PUBLIC_HKO",28,33,12,"Public HKO open-data design only; no health outcomes joined."
2023-11-06,30.7,25.3,27.6,0,0,0,2023,11,6,"2023-11",310,3962,"post_reopening",0,0,0,0,"REAL_PUBLIC_HKO",28,33,12,"Public HKO open-data design only; no health outcomes joined."
2023-11-07,26.8,25.3,25.9,0,0,0,2023,11,7,"2023-11",311,3963,"post_reopening",0,0,0,0,"REAL_PUBLIC_HKO",28,33,12,"Public HKO open-data design only; no health outcomes joined."
2023-11-08,26,24.7,25.2,0,0,0,2023,11,8,"2023-11",312,3964,"post_reopening",0,0,0,0,"REAL_PUBLIC_HKO",28,33,12,"Public HKO open-data design only; no health outcomes joined."
2023-11-09,27.3,24.8,25.7,0,0,0,2023,11,9,"2023-11",313,3965,"post_reopening",0,0,0,0,"REAL_PUBLIC_HKO",28,33,12,"Public HKO open-data design only; no health outcomes joined."
2023-11-10,29.3,25.6,26.9,0,0,0,2023,11,10,"2023-11",314,3966,"post_reopening",0,0,0,0,"REAL_PUBLIC_HKO",28,33,12,"Public HKO open-data design only; no health outcomes joined."
2023-11-11,26.5,24.8,25.3,0,0,0,2023,11,11,"2023-11",315,3967,"post_reopening",0,0,0,0,"REAL_PUBLIC_HKO",28,33,12,"Public HKO open-data design only; no health outcomes joined."
2023-11-12,26.6,22,24,0,0,0,2023,11,12,"2023-11",316,3968,"post_reopening",0,0,0,0,"REAL_PUBLIC_HKO",28,33,12,"Public HKO open-data design only; no health outcomes joined."
2023-11-13,25.2,20.3,22,0,0,0,2023,11,13,"2023-11",317,3969,"post_reopening",0,0,0,0,"REAL_PUBLIC_HKO",28,33,12,"Public HKO open-data design only; no health outcomes joined."
2023-11-14,23.9,18.9,20.8,0,0,0,2023,11,14,"2023-11",318,3970,"post_reopening",0,0,0,0,"REAL_PUBLIC_HKO",28,33,12,"Public HKO open-data design only; no health outcomes joined."
2023-11-15,25.2,20.7,22.8,0,0,0,2023,11,15,"2023-11",319,3971,"post_reopening",0,0,0,0,"REAL_PUBLIC_HKO",28,33,12,"Public HKO open-data design only; no health outcomes joined."
2023-11-16,24,17.3,21.5,0,0,0,2023,11,16,"2023-11",320,3972,"post_reopening",0,0,0,0,"REAL_PUBLIC_HKO",28,33,12,"Public HKO open-data design only; no health outcomes joined."
2023-11-17,21.9,15.6,18.8,0,0,0,2023,11,17,"2023-11",321,3973,"post_reopening",0,0,0,0,"REAL_PUBLIC_HKO",28,33,12,"Public HKO open-data design only; no health outcomes joined."
2023-11-18,23,16.6,19.5,0,0,0,2023,11,18,"2023-11",322,3974,"post_reopening",0,0,0,0,"REAL_PUBLIC_HKO",28,33,12,"Public HKO open-data design only; no health outcomes joined."
2023-11-19,23.3,18.5,20.5,0,0,0,2023,11,19,"2023-11",323,3975,"post_reopening",0,0,0,0,"REAL_PUBLIC_HKO",28,33,12,"Public HKO open-data design only; no health outcomes joined."
2023-11-20,24.6,19,21.3,0,0,0,2023,11,20,"2023-11",324,3976,"post_reopening",0,0,0,0,"REAL_PUBLIC_HKO",28,33,12,"Public HKO open-data design only; no health outcomes joined."
2023-11-21,24.6,20.3,22,0,0,0,2023,11,21,"2023-11",325,3977,"post_reopening",0,0,0,0,"REAL_PUBLIC_HKO",28,33,12,"Public HKO open-data design only; no health outcomes joined."
2023-11-22,25.7,20.5,22.6,0,0,0,2023,11,22,"2023-11",326,3978,"post_reopening",0,0,0,0,"REAL_PUBLIC_HKO",28,33,12,"Public HKO open-data design only; no health outcomes joined."
2023-11-23,26.3,20.5,23,0,0,0,2023,11,23,"2023-11",327,3979,"post_reopening",0,0,0,0,"REAL_PUBLIC_HKO",28,33,12,"Public HKO open-data design only; no health outcomes joined."
2023-11-24,25,21.5,22.9,0,0,0,2023,11,24,"2023-11",328,3980,"post_reopening",0,0,0,0,"REAL_PUBLIC_HKO",28,33,12,"Public HKO open-data design only; no health outcomes joined."
2023-11-25,24.3,20,21.9,0,0,0,2023,11,25,"2023-11",329,3981,"post_reopening",0,0,0,0,"REAL_PUBLIC_HKO",28,33,12,"Public HKO open-data design only; no health outcomes joined."
2023-11-26,25.3,19.8,22.1,0,0,0,2023,11,26,"2023-11",330,3982,"post_reopening",0,0,0,0,"REAL_PUBLIC_HKO",28,33,12,"Public HKO open-data design only; no health outcomes joined."
2023-11-27,26.7,20.2,23,0,0,0,2023,11,27,"2023-11",331,3983,"post_reopening",0,0,0,0,"REAL_PUBLIC_HKO",28,33,12,"Public HKO open-data design only; no health outcomes joined."
2023-11-28,25.4,20.2,22.8,0,0,0,2023,11,28,"2023-11",332,3984,"post_reopening",0,0,0,0,"REAL_PUBLIC_HKO",28,33,12,"Public HKO open-data design only; no health outcomes joined."
2023-11-29,24,21.2,22.7,0,0,0,2023,11,29,"2023-11",333,3985,"post_reopening",0,0,0,0,"REAL_PUBLIC_HKO",28,33,12,"Public HKO open-data design only; no health outcomes joined."
2023-11-30,26,21.9,23.8,0,0,0,2023,11,30,"2023-11",334,3986,"post_reopening",0,0,0,0,"REAL_PUBLIC_HKO",28,33,12,"Public HKO open-data design only; no health outcomes joined."
2023-12-01,23.2,19.6,21.5,0,0,0,2023,12,1,"2023-12",335,3987,"post_reopening",0,0,0,0,"REAL_PUBLIC_HKO",28,33,12,"Public HKO open-data design only; no health outcomes joined."
2023-12-02,21.5,18.2,20,0,0,0,2023,12,2,"2023-12",336,3988,"post_reopening",0,0,0,0,"REAL_PUBLIC_HKO",28,33,12,"Public HKO open-data design only; no health outcomes joined."
2023-12-03,23.3,20.1,21.4,0,0,0,2023,12,3,"2023-12",337,3989,"post_reopening",0,0,0,0,"REAL_PUBLIC_HKO",28,33,12,"Public HKO open-data design only; no health outcomes joined."
2023-12-04,24.4,20.5,21.9,0,0,0,2023,12,4,"2023-12",338,3990,"post_reopening",0,0,0,0,"REAL_PUBLIC_HKO",28,33,12,"Public HKO open-data design only; no health outcomes joined."
2023-12-05,24.1,19.7,21.7,0,0,0,2023,12,5,"2023-12",339,3991,"post_reopening",0,0,0,0,"REAL_PUBLIC_HKO",28,33,12,"Public HKO open-data design only; no health outcomes joined."
2023-12-06,22.5,19.9,21.5,0,0,0,2023,12,6,"2023-12",340,3992,"post_reopening",0,0,0,0,"REAL_PUBLIC_HKO",28,33,12,"Public HKO open-data design only; no health outcomes joined."
2023-12-07,25.1,18.4,21,0,0,0,2023,12,7,"2023-12",341,3993,"post_reopening",0,0,0,0,"REAL_PUBLIC_HKO",28,33,12,"Public HKO open-data design only; no health outcomes joined."
2023-12-08,24,19.2,21.4,0,0,0,2023,12,8,"2023-12",342,3994,"post_reopening",0,0,0,0,"REAL_PUBLIC_HKO",28,33,12,"Public HKO open-data design only; no health outcomes joined."
2023-12-09,24.9,21.6,22.9,0,0,0,2023,12,9,"2023-12",343,3995,"post_reopening",0,0,0,0,"REAL_PUBLIC_HKO",28,33,12,"Public HKO open-data design only; no health outcomes joined."
2023-12-10,26.3,22.5,23.9,0,0,0,2023,12,10,"2023-12",344,3996,"post_reopening",0,0,0,0,"REAL_PUBLIC_HKO",28,33,12,"Public HKO open-data design only; no health outcomes joined."
2023-12-11,27.3,22.3,24.2,0,0,0,2023,12,11,"2023-12",345,3997,"post_reopening",0,0,0,0,"REAL_PUBLIC_HKO",28,33,12,"Public HKO open-data design only; no health outcomes joined."
2023-12-12,28.7,22.3,24.7,0,0,0,2023,12,12,"2023-12",346,3998,"post_reopening",0,0,0,0,"REAL_PUBLIC_HKO",28,33,12,"Public HKO open-data design only; no health outcomes joined."
2023-12-13,23.2,21.6,22.3,0,0,0,2023,12,13,"2023-12",347,3999,"post_reopening",0,0,0,0,"REAL_PUBLIC_HKO",28,33,12,"Public HKO open-data design only; no health outcomes joined."
2023-12-14,24.6,21.7,23.1,0,0,0,2023,12,14,"2023-12",348,4000,"post_reopening",0,0,0,0,"REAL_PUBLIC_HKO",28,33,12,"Public HKO open-data design only; no health outcomes joined."
2023-12-15,26.9,23.2,24.4,0,0,0,2023,12,15,"2023-12",349,4001,"post_reopening",0,0,0,0,"REAL_PUBLIC_HKO",28,33,12,"Public HKO open-data design only; no health outcomes joined."
2023-12-16,23.9,13.5,18.9,0,0,0,2023,12,16,"2023-12",350,4002,"post_reopening",0,0,0,0,"REAL_PUBLIC_HKO",28,33,12,"Public HKO open-data design only; no health outcomes joined."
2023-12-17,15.2,11.4,13.4,0,0,1,2023,12,17,"2023-12",351,4003,"post_reopening",0,1,0,0.0454545454545455,"REAL_PUBLIC_HKO",28,33,12,"Public HKO open-data design only; no health outcomes joined."
2023-12-18,19,14.8,17.3,0,0,0,2023,12,18,"2023-12",352,4004,"post_reopening",0,0,0,0.0454545454545455,"REAL_PUBLIC_HKO",28,33,12,"Public HKO open-data design only; no health outcomes joined."
2023-12-19,19,14.7,16.8,0,0,0,2023,12,19,"2023-12",353,4005,"post_reopening",0,0,0,0.0454545454545455,"REAL_PUBLIC_HKO",28,33,12,"Public HKO open-data design only; no health outcomes joined."
2023-12-20,15.6,10.8,13.6,0,0,1,2023,12,20,"2023-12",354,4006,"post_reopening",0,1,0,0.0909090909090909,"REAL_PUBLIC_HKO",28,33,12,"Public HKO open-data design only; no health outcomes joined."
2023-12-21,12.3,9.8,10.9,0,0,1,2023,12,21,"2023-12",355,4007,"post_reopening",0,1,0,0.136363636363636,"REAL_PUBLIC_HKO",28,33,12,"Public HKO open-data design only; no health outcomes joined."
2023-12-22,12.3,8.6,10.5,0,0,1,2023,12,22,"2023-12",356,4008,"post_reopening",0,1,0,0.181818181818182,"REAL_PUBLIC_HKO",28,33,12,"Public HKO open-data design only; no health outcomes joined."
2023-12-23,13.3,8.1,11,0,0,1,2023,12,23,"2023-12",357,4009,"post_reopening",0,1,0,0.227272727272727,"REAL_PUBLIC_HKO",28,33,12,"Public HKO open-data design only; no health outcomes joined."
2023-12-24,16.5,10.1,13.3,0,0,1,2023,12,24,"2023-12",358,4010,"post_reopening",0,1,0,0.272727272727273,"REAL_PUBLIC_HKO",28,33,12,"Public HKO open-data design only; no health outcomes joined."
2023-12-25,18.2,12.1,14.9,0,0,0,2023,12,25,"2023-12",359,4011,"post_reopening",0,0,0,0.272727272727273,"REAL_PUBLIC_HKO",28,33,12,"Public HKO open-data design only; no health outcomes joined."
2023-12-26,19.6,14.5,16.6,0,0,0,2023,12,26,"2023-12",360,4012,"post_reopening",0,0,0,0.272727272727273,"REAL_PUBLIC_HKO",28,33,12,"Public HKO open-data design only; no health outcomes joined."
2023-12-27,21.8,16.6,18.7,0,0,0,2023,12,27,"2023-12",361,4013,"post_reopening",0,0,0,0.272727272727273,"REAL_PUBLIC_HKO",28,33,12,"Public HKO open-data design only; no health outcomes joined."
2023-12-28,23.6,18.2,20.1,0,0,0,2023,12,28,"2023-12",362,4014,"post_reopening",0,0,0,0.272727272727273,"REAL_PUBLIC_HKO",28,33,12,"Public HKO open-data design only; no health outcomes joined."
2023-12-29,21,18.3,19.4,0,0,0,2023,12,29,"2023-12",363,4015,"post_reopening",0,0,0,0.272727272727273,"REAL_PUBLIC_HKO",28,33,12,"Public HKO open-data design only; no health outcomes joined."
2023-12-30,23,18.3,20.7,0,0,0,2023,12,30,"2023-12",364,4016,"post_reopening",0,0,0,0.272727272727273,"REAL_PUBLIC_HKO",28,33,12,"Public HKO open-data design only; no health outcomes joined."
2023-12-31,25.7,19,21.8,0,0,0,2023,12,31,"2023-12",365,4017,"post_reopening",0,0,0,0.272727272727273,"REAL_PUBLIC_HKO",28,33,12,"Public HKO open-data design only; no health outcomes joined."
