date,tmax,tmin,tmean,source,cell_id
2013-01-01,15.30,7.00,11.10,OPEN_METEO_ERA5_LAND,g_22.55_114.25
2013-01-02,19.90,9.00,13.90,OPEN_METEO_ERA5_LAND,g_22.55_114.25
2013-01-03,16.00,7.80,12.90,OPEN_METEO_ERA5_LAND,g_22.55_114.25
2013-01-04,13.20,6.80,9.20,OPEN_METEO_ERA5_LAND,g_22.55_114.25
2013-01-05,16.60,7.90,11.50,OPEN_METEO_ERA5_LAND,g_22.55_114.25
2013-01-06,16.50,7.90,11.60,OPEN_METEO_ERA5_LAND,g_22.55_114.25
2013-01-07,18.30,8.10,12.70,OPEN_METEO_ERA5_LAND,g_22.55_114.25
2013-01-08,19.40,11.30,14.60,OPEN_METEO_ERA5_LAND,g_22.55_114.25
2013-01-09,16.50,10.50,13.00,OPEN_METEO_ERA5_LAND,g_22.55_114.25
2013-01-10,16.40,9.90,12.90,OPEN_METEO_ERA5_LAND,g_22.55_114.25
2013-01-11,18.50,12.20,14.90,OPEN_METEO_ERA5_LAND,g_22.55_114.25
2013-01-12,19.20,11.30,14.80,OPEN_METEO_ERA5_LAND,g_22.55_114.25
2013-01-13,20.60,11.60,15.40,OPEN_METEO_ERA5_LAND,g_22.55_114.25
2013-01-14,18.20,9.60,13.50,OPEN_METEO_ERA5_LAND,g_22.55_114.25
2013-01-15,17.40,11.80,14.30,OPEN_METEO_ERA5_LAND,g_22.55_114.25
2013-01-16,20.70,11.20,15.60,OPEN_METEO_ERA5_LAND,g_22.55_114.25
2013-01-17,19.50,12.60,15.20,OPEN_METEO_ERA5_LAND,g_22.55_114.25
2013-01-18,16.60,11.50,13.70,OPEN_METEO_ERA5_LAND,g_22.55_114.25
2013-01-19,16.30,11.50,14.00,OPEN_METEO_ERA5_LAND,g_22.55_114.25
2013-01-20,20.40,14.90,17.30,OPEN_METEO_ERA5_LAND,g_22.55_114.25
2013-01-21,22.30,17.10,19.10,OPEN_METEO_ERA5_LAND,g_22.55_114.25
2013-01-22,24.50,15.90,19.50,OPEN_METEO_ERA5_LAND,g_22.55_114.25
2013-01-23,21.00,15.00,17.60,OPEN_METEO_ERA5_LAND,g_22.55_114.25
2013-01-24,21.60,15.00,18.20,OPEN_METEO_ERA5_LAND,g_22.55_114.25
2013-01-25,20.30,13.60,16.60,OPEN_METEO_ERA5_LAND,g_22.55_114.25
2013-01-26,19.90,15.20,17.00,OPEN_METEO_ERA5_LAND,g_22.55_114.25
2013-01-27,20.10,14.40,16.60,OPEN_METEO_ERA5_LAND,g_22.55_114.25
2013-01-28,18.80,13.80,16.10,OPEN_METEO_ERA5_LAND,g_22.55_114.25
2013-01-29,20.90,15.70,17.50,OPEN_METEO_ERA5_LAND,g_22.55_114.25
2013-01-30,20.50,14.40,17.30,OPEN_METEO_ERA5_LAND,g_22.55_114.25
2013-01-31,21.00,16.20,18.10,OPEN_METEO_ERA5_LAND,g_22.55_114.25
2013-02-01,24.30,15.30,19.80,OPEN_METEO_ERA5_LAND,g_22.55_114.25
2013-02-02,26.10,16.50,20.10,OPEN_METEO_ERA5_LAND,g_22.55_114.25
2013-02-03,21.10,18.50,19.50,OPEN_METEO_ERA5_LAND,g_22.55_114.25
2013-02-04,23.70,19.30,21.10,OPEN_METEO_ERA5_LAND,g_22.55_114.25
2013-02-05,24.50,19.20,21.20,OPEN_METEO_ERA5_LAND,g_22.55_114.25
2013-02-06,23.70,19.30,21.00,OPEN_METEO_ERA5_LAND,g_22.55_114.25
2013-02-07,22.30,19.10,20.20,OPEN_METEO_ERA5_LAND,g_22.55_114.25
2013-02-08,19.60,10.00,16.20,OPEN_METEO_ERA5_LAND,g_22.55_114.25
2013-02-09,14.00,9.20,11.40,OPEN_METEO_ERA5_LAND,g_22.55_114.25
2013-02-10,18.50,11.50,14.70,OPEN_METEO_ERA5_LAND,g_22.55_114.25
2013-02-11,20.40,15.60,17.10,OPEN_METEO_ERA5_LAND,g_22.55_114.25
2013-02-12,23.20,13.50,17.90,OPEN_METEO_ERA5_LAND,g_22.55_114.25
2013-02-13,19.90,12.30,15.70,OPEN_METEO_ERA5_LAND,g_22.55_114.25
2013-02-14,21.00,16.80,18.40,OPEN_METEO_ERA5_LAND,g_22.55_114.25
2013-02-15,25.10,17.20,20.40,OPEN_METEO_ERA5_LAND,g_22.55_114.25
2013-02-16,19.20,14.50,16.90,OPEN_METEO_ERA5_LAND,g_22.55_114.25
2013-02-17,21.50,16.60,18.50,OPEN_METEO_ERA5_LAND,g_22.55_114.25
2013-02-18,24.10,18.20,20.60,OPEN_METEO_ERA5_LAND,g_22.55_114.25
2013-02-19,26.00,15.10,19.90,OPEN_METEO_ERA5_LAND,g_22.55_114.25
2013-02-20,18.60,13.90,16.20,OPEN_METEO_ERA5_LAND,g_22.55_114.25
2013-02-21,20.60,14.70,17.10,OPEN_METEO_ERA5_LAND,g_22.55_114.25
2013-02-22,22.40,14.40,17.80,OPEN_METEO_ERA5_LAND,g_22.55_114.25
2013-02-23,21.00,14.20,17.10,OPEN_METEO_ERA5_LAND,g_22.55_114.25
2013-02-24,21.60,15.40,18.20,OPEN_METEO_ERA5_LAND,g_22.55_114.25
2013-02-25,22.20,18.30,19.70,OPEN_METEO_ERA5_LAND,g_22.55_114.25
2013-02-26,22.80,18.90,20.60,OPEN_METEO_ERA5_LAND,g_22.55_114.25
2013-02-27,25.70,19.60,22.10,OPEN_METEO_ERA5_LAND,g_22.55_114.25
2013-02-28,21.80,18.80,20.10,OPEN_METEO_ERA5_LAND,g_22.55_114.25
2013-03-01,24.30,19.80,21.60,OPEN_METEO_ERA5_LAND,g_22.55_114.25
2013-03-02,21.40,12.80,16.70,OPEN_METEO_ERA5_LAND,g_22.55_114.25
2013-03-03,16.70,11.00,13.30,OPEN_METEO_ERA5_LAND,g_22.55_114.25
2013-03-04,21.30,11.00,15.60,OPEN_METEO_ERA5_LAND,g_22.55_114.25
2013-03-05,21.60,14.40,17.70,OPEN_METEO_ERA5_LAND,g_22.55_114.25
2013-03-06,22.40,14.90,18.20,OPEN_METEO_ERA5_LAND,g_22.55_114.25
2013-03-07,24.90,14.50,19.40,OPEN_METEO_ERA5_LAND,g_22.55_114.25
2013-03-08,27.00,16.30,20.80,OPEN_METEO_ERA5_LAND,g_22.55_114.25
2013-03-09,24.80,16.70,20.50,OPEN_METEO_ERA5_LAND,g_22.55_114.25
2013-03-10,25.50,16.90,20.70,OPEN_METEO_ERA5_LAND,g_22.55_114.25
2013-03-11,23.60,16.30,19.80,OPEN_METEO_ERA5_LAND,g_22.55_114.25
2013-03-12,23.70,17.80,20.10,OPEN_METEO_ERA5_LAND,g_22.55_114.25
2013-03-13,27.00,18.90,22.40,OPEN_METEO_ERA5_LAND,g_22.55_114.25
2013-03-14,22.60,18.60,20.30,OPEN_METEO_ERA5_LAND,g_22.55_114.25
2013-03-15,21.80,18.00,19.40,OPEN_METEO_ERA5_LAND,g_22.55_114.25
2013-03-16,22.20,17.10,19.20,OPEN_METEO_ERA5_LAND,g_22.55_114.25
2013-03-17,24.60,18.60,21.30,OPEN_METEO_ERA5_LAND,g_22.55_114.25
2013-03-18,26.90,20.50,23.30,OPEN_METEO_ERA5_LAND,g_22.55_114.25
2013-03-19,27.40,21.80,24.00,OPEN_METEO_ERA5_LAND,g_22.55_114.25
2013-03-20,27.00,22.60,24.00,OPEN_METEO_ERA5_LAND,g_22.55_114.25
2013-03-21,23.40,20.20,22.00,OPEN_METEO_ERA5_LAND,g_22.55_114.25
2013-03-22,25.30,20.10,22.00,OPEN_METEO_ERA5_LAND,g_22.55_114.25
2013-03-23,26.80,19.40,22.80,OPEN_METEO_ERA5_LAND,g_22.55_114.25
2013-03-24,28.00,19.80,23.60,OPEN_METEO_ERA5_LAND,g_22.55_114.25
2013-03-25,22.70,20.40,21.60,OPEN_METEO_ERA5_LAND,g_22.55_114.25
2013-03-26,22.30,19.60,21.00,OPEN_METEO_ERA5_LAND,g_22.55_114.25
2013-03-27,23.60,17.40,20.70,OPEN_METEO_ERA5_LAND,g_22.55_114.25
2013-03-28,22.90,19.90,20.90,OPEN_METEO_ERA5_LAND,g_22.55_114.25
2013-03-29,23.80,19.60,21.20,OPEN_METEO_ERA5_LAND,g_22.55_114.25
2013-03-30,21.70,18.80,20.00,OPEN_METEO_ERA5_LAND,g_22.55_114.25
2013-03-31,22.80,19.60,20.80,OPEN_METEO_ERA5_LAND,g_22.55_114.25
2013-04-01,22.80,19.10,20.60,OPEN_METEO_ERA5_LAND,g_22.55_114.25
2013-04-02,23.70,19.60,21.10,OPEN_METEO_ERA5_LAND,g_22.55_114.25
2013-04-03,22.30,19.00,20.20,OPEN_METEO_ERA5_LAND,g_22.55_114.25
2013-04-04,22.20,19.40,20.90,OPEN_METEO_ERA5_LAND,g_22.55_114.25
2013-04-05,27.50,21.20,23.80,OPEN_METEO_ERA5_LAND,g_22.55_114.25
2013-04-06,22.00,15.60,19.00,OPEN_METEO_ERA5_LAND,g_22.55_114.25
2013-04-07,20.20,13.80,17.30,OPEN_METEO_ERA5_LAND,g_22.55_114.25
2013-04-08,21.10,17.90,19.30,OPEN_METEO_ERA5_LAND,g_22.55_114.25
2013-04-09,22.30,18.20,20.10,OPEN_METEO_ERA5_LAND,g_22.55_114.25
2013-04-10,22.10,18.50,19.80,OPEN_METEO_ERA5_LAND,g_22.55_114.25
2013-04-11,20.60,17.50,18.80,OPEN_METEO_ERA5_LAND,g_22.55_114.25
2013-04-12,20.20,17.20,18.30,OPEN_METEO_ERA5_LAND,g_22.55_114.25
2013-04-13,22.40,16.90,19.60,OPEN_METEO_ERA5_LAND,g_22.55_114.25
2013-04-14,25.80,18.40,21.50,OPEN_METEO_ERA5_LAND,g_22.55_114.25
2013-04-15,25.70,18.90,22.00,OPEN_METEO_ERA5_LAND,g_22.55_114.25
2013-04-16,26.00,20.40,23.40,OPEN_METEO_ERA5_LAND,g_22.55_114.25
2013-04-17,26.80,23.30,24.50,OPEN_METEO_ERA5_LAND,g_22.55_114.25
2013-04-18,27.00,22.90,24.70,OPEN_METEO_ERA5_LAND,g_22.55_114.25
2013-04-19,26.60,22.70,24.20,OPEN_METEO_ERA5_LAND,g_22.55_114.25
2013-04-20,25.70,22.60,23.90,OPEN_METEO_ERA5_LAND,g_22.55_114.25
2013-04-21,23.20,19.90,21.80,OPEN_METEO_ERA5_LAND,g_22.55_114.25
2013-04-22,22.40,20.10,21.10,OPEN_METEO_ERA5_LAND,g_22.55_114.25
2013-04-23,25.20,21.00,22.80,OPEN_METEO_ERA5_LAND,g_22.55_114.25
2013-04-24,27.70,20.70,24.20,OPEN_METEO_ERA5_LAND,g_22.55_114.25
2013-04-25,29.30,22.60,25.40,OPEN_METEO_ERA5_LAND,g_22.55_114.25
2013-04-26,23.50,21.20,22.40,OPEN_METEO_ERA5_LAND,g_22.55_114.25
2013-04-27,22.90,20.30,21.60,OPEN_METEO_ERA5_LAND,g_22.55_114.25
2013-04-28,24.90,21.60,22.80,OPEN_METEO_ERA5_LAND,g_22.55_114.25
2013-04-29,26.00,22.70,24.20,OPEN_METEO_ERA5_LAND,g_22.55_114.25
2013-04-30,27.90,23.10,25.10,OPEN_METEO_ERA5_LAND,g_22.55_114.25
2013-05-01,26.00,20.60,22.70,OPEN_METEO_ERA5_LAND,g_22.55_114.25
2013-05-02,23.40,18.80,20.40,OPEN_METEO_ERA5_LAND,g_22.55_114.25
2013-05-03,24.30,18.70,21.10,OPEN_METEO_ERA5_LAND,g_22.55_114.25
2013-05-04,23.20,19.20,21.00,OPEN_METEO_ERA5_LAND,g_22.55_114.25
2013-05-05,24.80,20.70,22.60,OPEN_METEO_ERA5_LAND,g_22.55_114.25
2013-05-06,25.70,22.00,23.10,OPEN_METEO_ERA5_LAND,g_22.55_114.25
2013-05-07,25.80,21.90,23.50,OPEN_METEO_ERA5_LAND,g_22.55_114.25
2013-05-08,25.20,22.70,23.80,OPEN_METEO_ERA5_LAND,g_22.55_114.25
2013-05-09,27.00,22.60,24.40,OPEN_METEO_ERA5_LAND,g_22.55_114.25
2013-05-10,28.40,23.20,25.20,OPEN_METEO_ERA5_LAND,g_22.55_114.25
2013-05-11,27.90,23.50,25.20,OPEN_METEO_ERA5_LAND,g_22.55_114.25
2013-05-12,28.00,23.10,25.00,OPEN_METEO_ERA5_LAND,g_22.55_114.25
2013-05-13,28.50,23.80,25.70,OPEN_METEO_ERA5_LAND,g_22.55_114.25
2013-05-14,28.70,24.60,26.50,OPEN_METEO_ERA5_LAND,g_22.55_114.25
2013-05-15,30.10,25.80,27.60,OPEN_METEO_ERA5_LAND,g_22.55_114.25
2013-05-16,28.80,25.30,27.20,OPEN_METEO_ERA5_LAND,g_22.55_114.25
2013-05-17,29.30,25.00,26.60,OPEN_METEO_ERA5_LAND,g_22.55_114.25
2013-05-18,30.40,25.10,27.60,OPEN_METEO_ERA5_LAND,g_22.55_114.25
2013-05-19,30.10,26.80,28.00,OPEN_METEO_ERA5_LAND,g_22.55_114.25
2013-05-20,30.60,25.60,27.90,OPEN_METEO_ERA5_LAND,g_22.55_114.25
2013-05-21,28.10,25.60,26.30,OPEN_METEO_ERA5_LAND,g_22.55_114.25
2013-05-22,29.20,25.20,26.30,OPEN_METEO_ERA5_LAND,g_22.55_114.25
2013-05-23,29.30,25.20,26.80,OPEN_METEO_ERA5_LAND,g_22.55_114.25
2013-05-24,30.10,24.50,27.00,OPEN_METEO_ERA5_LAND,g_22.55_114.25
2013-05-25,27.50,25.50,26.00,OPEN_METEO_ERA5_LAND,g_22.55_114.25
2013-05-26,29.40,25.50,27.40,OPEN_METEO_ERA5_LAND,g_22.55_114.25
2013-05-27,28.20,26.30,27.20,OPEN_METEO_ERA5_LAND,g_22.55_114.25
2013-05-28,30.30,26.10,28.10,OPEN_METEO_ERA5_LAND,g_22.55_114.25
2013-05-29,30.70,25.90,28.20,OPEN_METEO_ERA5_LAND,g_22.55_114.25
2013-05-30,31.10,26.10,28.30,OPEN_METEO_ERA5_LAND,g_22.55_114.25
2013-05-31,31.80,25.70,28.60,OPEN_METEO_ERA5_LAND,g_22.55_114.25
2013-06-01,31.60,26.70,28.90,OPEN_METEO_ERA5_LAND,g_22.55_114.25
2013-06-02,32.30,27.20,29.50,OPEN_METEO_ERA5_LAND,g_22.55_114.25
2013-06-03,32.40,27.50,29.40,OPEN_METEO_ERA5_LAND,g_22.55_114.25
2013-06-04,29.10,26.40,27.60,OPEN_METEO_ERA5_LAND,g_22.55_114.25
2013-06-05,29.20,25.20,26.80,OPEN_METEO_ERA5_LAND,g_22.55_114.25
2013-06-06,29.60,25.40,27.50,OPEN_METEO_ERA5_LAND,g_22.55_114.25
2013-06-07,30.90,26.00,28.60,OPEN_METEO_ERA5_LAND,g_22.55_114.25
2013-06-08,30.80,27.30,28.70,OPEN_METEO_ERA5_LAND,g_22.55_114.25
2013-06-09,30.90,26.90,28.50,OPEN_METEO_ERA5_LAND,g_22.55_114.25
2013-06-10,29.40,26.20,27.50,OPEN_METEO_ERA5_LAND,g_22.55_114.25
2013-06-11,26.50,22.50,24.00,OPEN_METEO_ERA5_LAND,g_22.55_114.25
2013-06-12,25.90,21.90,23.80,OPEN_METEO_ERA5_LAND,g_22.55_114.25
2013-06-13,27.20,22.90,24.70,OPEN_METEO_ERA5_LAND,g_22.55_114.25
2013-06-14,26.60,23.90,25.10,OPEN_METEO_ERA5_LAND,g_22.55_114.25
2013-06-15,26.80,25.10,25.90,OPEN_METEO_ERA5_LAND,g_22.55_114.25
2013-06-16,28.30,26.00,26.90,OPEN_METEO_ERA5_LAND,g_22.55_114.25
2013-06-17,29.10,26.00,27.40,OPEN_METEO_ERA5_LAND,g_22.55_114.25
2013-06-18,31.00,26.30,28.30,OPEN_METEO_ERA5_LAND,g_22.55_114.25
2013-06-19,31.90,25.80,29.00,OPEN_METEO_ERA5_LAND,g_22.55_114.25
2013-06-20,32.40,26.40,29.40,OPEN_METEO_ERA5_LAND,g_22.55_114.25
2013-06-21,30.40,27.00,28.40,OPEN_METEO_ERA5_LAND,g_22.55_114.25
2013-06-22,29.00,26.30,27.50,OPEN_METEO_ERA5_LAND,g_22.55_114.25
2013-06-23,28.70,25.80,27.00,OPEN_METEO_ERA5_LAND,g_22.55_114.25
2013-06-24,28.10,25.70,26.80,OPEN_METEO_ERA5_LAND,g_22.55_114.25
2013-06-25,29.30,25.20,27.60,OPEN_METEO_ERA5_LAND,g_22.55_114.25
2013-06-26,31.20,27.30,29.00,OPEN_METEO_ERA5_LAND,g_22.55_114.25
2013-06-27,31.50,27.40,29.20,OPEN_METEO_ERA5_LAND,g_22.55_114.25
2013-06-28,31.30,27.40,29.00,OPEN_METEO_ERA5_LAND,g_22.55_114.25
2013-06-29,31.40,27.60,29.10,OPEN_METEO_ERA5_LAND,g_22.55_114.25
2013-06-30,31.00,27.30,28.90,OPEN_METEO_ERA5_LAND,g_22.55_114.25
2013-07-01,29.30,26.50,27.40,OPEN_METEO_ERA5_LAND,g_22.55_114.25
2013-07-02,30.20,26.90,28.30,OPEN_METEO_ERA5_LAND,g_22.55_114.25
2013-07-03,30.70,26.80,28.60,OPEN_METEO_ERA5_LAND,g_22.55_114.25
2013-07-04,31.30,26.80,28.90,OPEN_METEO_ERA5_LAND,g_22.55_114.25
2013-07-05,31.40,26.70,28.80,OPEN_METEO_ERA5_LAND,g_22.55_114.25
2013-07-06,29.10,26.70,27.60,OPEN_METEO_ERA5_LAND,g_22.55_114.25
2013-07-07,29.20,26.30,27.30,OPEN_METEO_ERA5_LAND,g_22.55_114.25
2013-07-08,30.40,26.10,28.00,OPEN_METEO_ERA5_LAND,g_22.55_114.25
2013-07-09,29.90,25.80,27.60,OPEN_METEO_ERA5_LAND,g_22.55_114.25
2013-07-10,28.70,25.10,26.90,OPEN_METEO_ERA5_LAND,g_22.55_114.25
2013-07-11,30.40,25.70,27.90,OPEN_METEO_ERA5_LAND,g_22.55_114.25
2013-07-12,32.70,26.00,29.20,OPEN_METEO_ERA5_LAND,g_22.55_114.25
2013-07-13,33.20,27.40,29.90,OPEN_METEO_ERA5_LAND,g_22.55_114.25
2013-07-14,29.30,26.70,28.10,OPEN_METEO_ERA5_LAND,g_22.55_114.25
2013-07-15,28.90,25.90,27.00,OPEN_METEO_ERA5_LAND,g_22.55_114.25
2013-07-16,29.00,25.80,26.80,OPEN_METEO_ERA5_LAND,g_22.55_114.25
2013-07-17,28.30,25.50,26.30,OPEN_METEO_ERA5_LAND,g_22.55_114.25
2013-07-18,30.40,24.80,27.30,OPEN_METEO_ERA5_LAND,g_22.55_114.25
2013-07-19,28.70,25.70,26.80,OPEN_METEO_ERA5_LAND,g_22.55_114.25
2013-07-20,29.20,25.70,26.90,OPEN_METEO_ERA5_LAND,g_22.55_114.25
2013-07-21,29.00,26.20,27.10,OPEN_METEO_ERA5_LAND,g_22.55_114.25
2013-07-22,29.20,25.80,27.00,OPEN_METEO_ERA5_LAND,g_22.55_114.25
2013-07-23,29.80,25.90,27.40,OPEN_METEO_ERA5_LAND,g_22.55_114.25
2013-07-24,27.40,25.70,26.30,OPEN_METEO_ERA5_LAND,g_22.55_114.25
2013-07-25,27.10,25.20,26.00,OPEN_METEO_ERA5_LAND,g_22.55_114.25
2013-07-26,26.60,25.10,25.80,OPEN_METEO_ERA5_LAND,g_22.55_114.25
2013-07-27,27.20,25.00,25.90,OPEN_METEO_ERA5_LAND,g_22.55_114.25
2013-07-28,28.50,25.60,26.70,OPEN_METEO_ERA5_LAND,g_22.55_114.25
2013-07-29,30.90,25.60,27.80,OPEN_METEO_ERA5_LAND,g_22.55_114.25
2013-07-30,31.10,25.60,28.00,OPEN_METEO_ERA5_LAND,g_22.55_114.25
2013-07-31,30.40,26.70,28.20,OPEN_METEO_ERA5_LAND,g_22.55_114.25
2013-08-01,29.50,26.50,27.80,OPEN_METEO_ERA5_LAND,g_22.55_114.25
2013-08-02,28.10,26.00,27.00,OPEN_METEO_ERA5_LAND,g_22.55_114.25
2013-08-03,28.70,26.10,27.30,OPEN_METEO_ERA5_LAND,g_22.55_114.25
2013-08-04,30.60,26.20,28.10,OPEN_METEO_ERA5_LAND,g_22.55_114.25
2013-08-05,31.70,25.50,28.60,OPEN_METEO_ERA5_LAND,g_22.55_114.25
2013-08-06,30.80,26.20,28.40,OPEN_METEO_ERA5_LAND,g_22.55_114.25
2013-08-07,28.90,26.80,27.80,OPEN_METEO_ERA5_LAND,g_22.55_114.25
2013-08-08,31.00,26.10,28.10,OPEN_METEO_ERA5_LAND,g_22.55_114.25
2013-08-09,32.60,25.50,28.90,OPEN_METEO_ERA5_LAND,g_22.55_114.25
2013-08-10,32.30,26.40,29.30,OPEN_METEO_ERA5_LAND,g_22.55_114.25
2013-08-11,31.20,27.10,28.70,OPEN_METEO_ERA5_LAND,g_22.55_114.25
2013-08-12,32.70,26.60,29.20,OPEN_METEO_ERA5_LAND,g_22.55_114.25
2013-08-13,28.70,26.10,27.40,OPEN_METEO_ERA5_LAND,g_22.55_114.25
2013-08-14,29.40,26.20,27.30,OPEN_METEO_ERA5_LAND,g_22.55_114.25
2013-08-15,28.60,26.00,27.30,OPEN_METEO_ERA5_LAND,g_22.55_114.25
2013-08-16,26.60,25.80,26.30,OPEN_METEO_ERA5_LAND,g_22.55_114.25
2013-08-17,27.30,25.60,26.30,OPEN_METEO_ERA5_LAND,g_22.55_114.25
2013-08-18,28.40,25.70,26.60,OPEN_METEO_ERA5_LAND,g_22.55_114.25
2013-08-19,29.40,25.90,27.20,OPEN_METEO_ERA5_LAND,g_22.55_114.25
2013-08-20,32.20,25.90,28.30,OPEN_METEO_ERA5_LAND,g_22.55_114.25
2013-08-21,32.20,26.20,28.60,OPEN_METEO_ERA5_LAND,g_22.55_114.25
2013-08-22,30.60,26.90,28.20,OPEN_METEO_ERA5_LAND,g_22.55_114.25
2013-08-23,29.80,26.50,27.60,OPEN_METEO_ERA5_LAND,g_22.55_114.25
2013-08-24,29.00,26.00,27.20,OPEN_METEO_ERA5_LAND,g_22.55_114.25
2013-08-25,29.40,26.10,27.50,OPEN_METEO_ERA5_LAND,g_22.55_114.25
2013-08-26,30.80,26.40,28.20,OPEN_METEO_ERA5_LAND,g_22.55_114.25
2013-08-27,31.90,26.10,28.70,OPEN_METEO_ERA5_LAND,g_22.55_114.25
2013-08-28,32.10,26.20,28.90,OPEN_METEO_ERA5_LAND,g_22.55_114.25
2013-08-29,32.60,27.00,29.30,OPEN_METEO_ERA5_LAND,g_22.55_114.25
2013-08-30,29.50,27.10,28.10,OPEN_METEO_ERA5_LAND,g_22.55_114.25
2013-08-31,28.10,25.70,26.50,OPEN_METEO_ERA5_LAND,g_22.55_114.25
2013-09-01,29.20,25.70,27.10,OPEN_METEO_ERA5_LAND,g_22.55_114.25
2013-09-02,28.70,25.30,26.90,OPEN_METEO_ERA5_LAND,g_22.55_114.25
2013-09-03,28.30,25.10,26.40,OPEN_METEO_ERA5_LAND,g_22.55_114.25
2013-09-04,27.40,25.10,25.90,OPEN_METEO_ERA5_LAND,g_22.55_114.25
2013-09-05,26.80,24.90,25.60,OPEN_METEO_ERA5_LAND,g_22.55_114.25
2013-09-06,29.00,25.00,26.60,OPEN_METEO_ERA5_LAND,g_22.55_114.25
2013-09-07,29.90,25.00,27.20,OPEN_METEO_ERA5_LAND,g_22.55_114.25
2013-09-08,30.30,25.70,27.70,OPEN_METEO_ERA5_LAND,g_22.55_114.25
2013-09-09,30.00,25.90,27.70,OPEN_METEO_ERA5_LAND,g_22.55_114.25
2013-09-10,29.70,25.90,27.60,OPEN_METEO_ERA5_LAND,g_22.55_114.25
2013-09-11,29.70,26.00,27.60,OPEN_METEO_ERA5_LAND,g_22.55_114.25
2013-09-12,30.00,26.30,27.60,OPEN_METEO_ERA5_LAND,g_22.55_114.25
2013-09-13,28.40,25.60,26.90,OPEN_METEO_ERA5_LAND,g_22.55_114.25
2013-09-14,29.60,25.40,27.20,OPEN_METEO_ERA5_LAND,g_22.55_114.25
2013-09-15,30.60,25.40,27.70,OPEN_METEO_ERA5_LAND,g_22.55_114.25
2013-09-16,30.20,26.30,27.80,OPEN_METEO_ERA5_LAND,g_22.55_114.25
2013-09-17,29.40,25.60,27.30,OPEN_METEO_ERA5_LAND,g_22.55_114.25
2013-09-18,29.20,25.00,27.00,OPEN_METEO_ERA5_LAND,g_22.55_114.25
2013-09-19,30.70,24.80,27.70,OPEN_METEO_ERA5_LAND,g_22.55_114.25
2013-09-20,32.60,25.20,28.60,OPEN_METEO_ERA5_LAND,g_22.55_114.25
2013-09-21,33.10,26.80,29.50,OPEN_METEO_ERA5_LAND,g_22.55_114.25
2013-09-22,29.60,26.00,27.60,OPEN_METEO_ERA5_LAND,g_22.55_114.25
2013-09-23,28.10,25.80,26.80,OPEN_METEO_ERA5_LAND,g_22.55_114.25
2013-09-24,28.90,25.60,26.90,OPEN_METEO_ERA5_LAND,g_22.55_114.25
2013-09-25,30.00,26.00,27.50,OPEN_METEO_ERA5_LAND,g_22.55_114.25
2013-09-26,28.40,22.40,25.50,OPEN_METEO_ERA5_LAND,g_22.55_114.25
2013-09-27,28.40,21.70,25.10,OPEN_METEO_ERA5_LAND,g_22.55_114.25
2013-09-28,27.60,24.40,25.90,OPEN_METEO_ERA5_LAND,g_22.55_114.25
2013-09-29,25.20,22.80,24.00,OPEN_METEO_ERA5_LAND,g_22.55_114.25
2013-09-30,28.00,23.80,25.60,OPEN_METEO_ERA5_LAND,g_22.55_114.25
2013-10-01,29.60,24.20,26.50,OPEN_METEO_ERA5_LAND,g_22.55_114.25
2013-10-02,29.90,23.60,26.30,OPEN_METEO_ERA5_LAND,g_22.55_114.25
2013-10-03,28.60,22.00,25.10,OPEN_METEO_ERA5_LAND,g_22.55_114.25
2013-10-04,28.10,21.70,24.80,OPEN_METEO_ERA5_LAND,g_22.55_114.25
2013-10-05,28.20,21.70,24.80,OPEN_METEO_ERA5_LAND,g_22.55_114.25
2013-10-06,29.40,20.50,24.60,OPEN_METEO_ERA5_LAND,g_22.55_114.25
2013-10-07,31.30,22.90,26.40,OPEN_METEO_ERA5_LAND,g_22.55_114.25
2013-10-08,28.20,23.90,25.60,OPEN_METEO_ERA5_LAND,g_22.55_114.25
2013-10-09,28.40,23.20,25.50,OPEN_METEO_ERA5_LAND,g_22.55_114.25
2013-10-10,29.20,23.90,26.10,OPEN_METEO_ERA5_LAND,g_22.55_114.25
2013-10-11,30.60,23.70,26.90,OPEN_METEO_ERA5_LAND,g_22.55_114.25
2013-10-12,30.60,24.70,27.00,OPEN_METEO_ERA5_LAND,g_22.55_114.25
2013-10-13,28.80,25.10,26.40,OPEN_METEO_ERA5_LAND,g_22.55_114.25
2013-10-14,26.50,23.80,25.00,OPEN_METEO_ERA5_LAND,g_22.55_114.25
2013-10-15,28.80,24.50,26.00,OPEN_METEO_ERA5_LAND,g_22.55_114.25
2013-10-16,27.00,22.20,24.50,OPEN_METEO_ERA5_LAND,g_22.55_114.25
2013-10-17,26.00,22.50,23.90,OPEN_METEO_ERA5_LAND,g_22.55_114.25
2013-10-18,26.10,21.40,23.40,OPEN_METEO_ERA5_LAND,g_22.55_114.25
2013-10-19,27.70,20.60,23.70,OPEN_METEO_ERA5_LAND,g_22.55_114.25
2013-10-20,27.80,20.10,23.80,OPEN_METEO_ERA5_LAND,g_22.55_114.25
2013-10-21,27.50,21.00,24.00,OPEN_METEO_ERA5_LAND,g_22.55_114.25
2013-10-22,28.20,21.70,24.30,OPEN_METEO_ERA5_LAND,g_22.55_114.25
2013-10-23,27.20,20.20,23.20,OPEN_METEO_ERA5_LAND,g_22.55_114.25
2013-10-24,27.20,19.50,23.00,OPEN_METEO_ERA5_LAND,g_22.55_114.25
2013-10-25,26.40,20.40,22.70,OPEN_METEO_ERA5_LAND,g_22.55_114.25
2013-10-26,24.30,17.30,20.40,OPEN_METEO_ERA5_LAND,g_22.55_114.25
2013-10-27,23.90,18.40,20.80,OPEN_METEO_ERA5_LAND,g_22.55_114.25
2013-10-28,24.70,19.10,21.70,OPEN_METEO_ERA5_LAND,g_22.55_114.25
2013-10-29,25.10,20.10,22.50,OPEN_METEO_ERA5_LAND,g_22.55_114.25
2013-10-30,25.90,21.70,23.30,OPEN_METEO_ERA5_LAND,g_22.55_114.25
2013-10-31,28.00,21.20,24.30,OPEN_METEO_ERA5_LAND,g_22.55_114.25
2013-11-01,29.50,19.90,24.40,OPEN_METEO_ERA5_LAND,g_22.55_114.25
2013-11-02,27.90,22.70,25.10,OPEN_METEO_ERA5_LAND,g_22.55_114.25
2013-11-03,27.00,23.20,24.60,OPEN_METEO_ERA5_LAND,g_22.55_114.25
2013-11-04,24.30,20.90,22.40,OPEN_METEO_ERA5_LAND,g_22.55_114.25
2013-11-05,25.30,20.40,22.40,OPEN_METEO_ERA5_LAND,g_22.55_114.25
2013-11-06,26.80,21.50,23.40,OPEN_METEO_ERA5_LAND,g_22.55_114.25
2013-11-07,26.90,21.00,23.40,OPEN_METEO_ERA5_LAND,g_22.55_114.25
2013-11-08,26.80,21.40,23.70,OPEN_METEO_ERA5_LAND,g_22.55_114.25
2013-11-09,28.50,21.70,25.10,OPEN_METEO_ERA5_LAND,g_22.55_114.25
2013-11-10,25.60,24.10,24.80,OPEN_METEO_ERA5_LAND,g_22.55_114.25
2013-11-11,25.80,22.20,24.00,OPEN_METEO_ERA5_LAND,g_22.55_114.25
2013-11-12,23.90,20.60,22.40,OPEN_METEO_ERA5_LAND,g_22.55_114.25
2013-11-13,20.00,17.40,18.70,OPEN_METEO_ERA5_LAND,g_22.55_114.25
2013-11-14,21.80,16.70,19.10,OPEN_METEO_ERA5_LAND,g_22.55_114.25
2013-11-15,24.10,16.80,20.00,OPEN_METEO_ERA5_LAND,g_22.55_114.25
2013-11-16,24.90,16.60,20.30,OPEN_METEO_ERA5_LAND,g_22.55_114.25
2013-11-17,24.00,16.70,19.90,OPEN_METEO_ERA5_LAND,g_22.55_114.25
2013-11-18,23.30,15.90,19.40,OPEN_METEO_ERA5_LAND,g_22.55_114.25
2013-11-19,21.90,16.00,19.30,OPEN_METEO_ERA5_LAND,g_22.55_114.25
2013-11-20,21.10,17.70,19.30,OPEN_METEO_ERA5_LAND,g_22.55_114.25
2013-11-21,23.10,17.90,20.00,OPEN_METEO_ERA5_LAND,g_22.55_114.25
2013-11-22,22.90,18.50,20.40,OPEN_METEO_ERA5_LAND,g_22.55_114.25
2013-11-23,23.70,18.90,21.00,OPEN_METEO_ERA5_LAND,g_22.55_114.25
2013-11-24,25.50,18.50,21.40,OPEN_METEO_ERA5_LAND,g_22.55_114.25
2013-11-25,21.70,13.80,17.30,OPEN_METEO_ERA5_LAND,g_22.55_114.25
2013-11-26,20.90,13.90,17.80,OPEN_METEO_ERA5_LAND,g_22.55_114.25
2013-11-27,20.90,14.50,18.60,OPEN_METEO_ERA5_LAND,g_22.55_114.25
2013-11-28,18.90,12.60,15.00,OPEN_METEO_ERA5_LAND,g_22.55_114.25
2013-11-29,17.00,11.10,13.60,OPEN_METEO_ERA5_LAND,g_22.55_114.25
2013-11-30,18.70,9.60,13.80,OPEN_METEO_ERA5_LAND,g_22.55_114.25
2013-12-01,21.00,10.40,15.10,OPEN_METEO_ERA5_LAND,g_22.55_114.25
2013-12-02,21.90,10.20,15.80,OPEN_METEO_ERA5_LAND,g_22.55_114.25
2013-12-03,21.60,14.10,17.30,OPEN_METEO_ERA5_LAND,g_22.55_114.25
2013-12-04,23.60,12.20,17.80,OPEN_METEO_ERA5_LAND,g_22.55_114.25
2013-12-05,21.20,11.70,16.50,OPEN_METEO_ERA5_LAND,g_22.55_114.25
2013-12-06,22.40,10.20,16.10,OPEN_METEO_ERA5_LAND,g_22.55_114.25
2013-12-07,22.90,11.00,16.80,OPEN_METEO_ERA5_LAND,g_22.55_114.25
2013-12-08,20.90,13.30,17.50,OPEN_METEO_ERA5_LAND,g_22.55_114.25
2013-12-09,25.40,17.70,20.80,OPEN_METEO_ERA5_LAND,g_22.55_114.25
2013-12-10,21.00,16.00,18.20,OPEN_METEO_ERA5_LAND,g_22.55_114.25
2013-12-11,20.00,16.60,17.90,OPEN_METEO_ERA5_LAND,g_22.55_114.25
2013-12-12,19.20,15.00,16.90,OPEN_METEO_ERA5_LAND,g_22.55_114.25
2013-12-13,21.00,16.10,17.90,OPEN_METEO_ERA5_LAND,g_22.55_114.25
2013-12-14,18.90,15.60,16.80,OPEN_METEO_ERA5_LAND,g_22.55_114.25
2013-12-15,15.70,13.30,14.90,OPEN_METEO_ERA5_LAND,g_22.55_114.25
2013-12-16,12.90,10.30,11.30,OPEN_METEO_ERA5_LAND,g_22.55_114.25
2013-12-17,11.20,8.30,10.10,OPEN_METEO_ERA5_LAND,g_22.55_114.25
2013-12-18,12.80,6.50,9.40,OPEN_METEO_ERA5_LAND,g_22.55_114.25
2013-12-19,14.20,8.20,10.60,OPEN_METEO_ERA5_LAND,g_22.55_114.25
2013-12-20,15.00,8.80,11.80,OPEN_METEO_ERA5_LAND,g_22.55_114.25
2013-12-21,15.30,10.10,12.40,OPEN_METEO_ERA5_LAND,g_22.55_114.25
2013-12-22,15.10,7.10,10.70,OPEN_METEO_ERA5_LAND,g_22.55_114.25
2013-12-23,16.90,7.80,11.80,OPEN_METEO_ERA5_LAND,g_22.55_114.25
2013-12-24,16.90,8.40,12.20,OPEN_METEO_ERA5_LAND,g_22.55_114.25
2013-12-25,17.00,9.10,12.70,OPEN_METEO_ERA5_LAND,g_22.55_114.25
2013-12-26,16.40,9.00,12.20,OPEN_METEO_ERA5_LAND,g_22.55_114.25
2013-12-27,14.50,8.60,10.80,OPEN_METEO_ERA5_LAND,g_22.55_114.25
2013-12-28,13.70,5.80,9.40,OPEN_METEO_ERA5_LAND,g_22.55_114.25
2013-12-29,14.60,6.30,9.80,OPEN_METEO_ERA5_LAND,g_22.55_114.25
2013-12-30,16.90,5.50,10.70,OPEN_METEO_ERA5_LAND,g_22.55_114.25
2013-12-31,18.60,7.10,12.10,OPEN_METEO_ERA5_LAND,g_22.55_114.25
2014-01-01,18.70,7.20,12.60,OPEN_METEO_ERA5_LAND,g_22.55_114.25
2014-01-02,19.90,8.70,14.60,OPEN_METEO_ERA5_LAND,g_22.55_114.25
2014-01-03,24.20,14.10,18.50,OPEN_METEO_ERA5_LAND,g_22.55_114.25
2014-01-04,21.10,13.80,16.60,OPEN_METEO_ERA5_LAND,g_22.55_114.25
2014-01-05,18.50,9.90,14.60,OPEN_METEO_ERA5_LAND,g_22.55_114.25
2014-01-06,18.80,12.90,15.60,OPEN_METEO_ERA5_LAND,g_22.55_114.25
2014-01-07,19.70,16.00,17.40,OPEN_METEO_ERA5_LAND,g_22.55_114.25
2014-01-08,21.80,12.80,17.80,OPEN_METEO_ERA5_LAND,g_22.55_114.25
2014-01-09,16.80,11.80,13.90,OPEN_METEO_ERA5_LAND,g_22.55_114.25
2014-01-10,17.50,13.40,14.90,OPEN_METEO_ERA5_LAND,g_22.55_114.25
2014-01-11,20.10,13.80,16.20,OPEN_METEO_ERA5_LAND,g_22.55_114.25
2014-01-12,21.00,12.00,16.10,OPEN_METEO_ERA5_LAND,g_22.55_114.25
2014-01-13,15.20,9.50,11.70,OPEN_METEO_ERA5_LAND,g_22.55_114.25
2014-01-14,16.90,8.50,12.30,OPEN_METEO_ERA5_LAND,g_22.55_114.25
2014-01-15,16.20,8.20,12.10,OPEN_METEO_ERA5_LAND,g_22.55_114.25
2014-01-16,17.20,10.20,13.30,OPEN_METEO_ERA5_LAND,g_22.55_114.25
2014-01-17,20.50,9.70,14.60,OPEN_METEO_ERA5_LAND,g_22.55_114.25
2014-01-18,20.00,11.40,15.00,OPEN_METEO_ERA5_LAND,g_22.55_114.25
2014-01-19,16.20,10.10,13.10,OPEN_METEO_ERA5_LAND,g_22.55_114.25
2014-01-20,20.70,10.00,15.00,OPEN_METEO_ERA5_LAND,g_22.55_114.25
2014-01-21,18.20,10.50,13.80,OPEN_METEO_ERA5_LAND,g_22.55_114.25
2014-01-22,17.30,7.90,12.00,OPEN_METEO_ERA5_LAND,g_22.55_114.25
2014-01-23,15.90,8.50,12.10,OPEN_METEO_ERA5_LAND,g_22.55_114.25
2014-01-24,18.70,11.50,14.70,OPEN_METEO_ERA5_LAND,g_22.55_114.25
2014-01-25,21.00,13.80,17.10,OPEN_METEO_ERA5_LAND,g_22.55_114.25
2014-01-26,22.60,14.20,17.70,OPEN_METEO_ERA5_LAND,g_22.55_114.25
2014-01-27,19.20,14.80,16.40,OPEN_METEO_ERA5_LAND,g_22.55_114.25
2014-01-28,20.00,13.40,16.20,OPEN_METEO_ERA5_LAND,g_22.55_114.25
2014-01-29,21.20,11.70,16.10,OPEN_METEO_ERA5_LAND,g_22.55_114.25
2014-01-30,23.40,12.70,17.40,OPEN_METEO_ERA5_LAND,g_22.55_114.25
2014-01-31,22.70,12.90,18.00,OPEN_METEO_ERA5_LAND,g_22.55_114.25
2014-02-01,23.10,15.60,18.70,OPEN_METEO_ERA5_LAND,g_22.55_114.25
2014-02-02,25.00,14.90,19.30,OPEN_METEO_ERA5_LAND,g_22.55_114.25
2014-02-03,26.30,15.20,19.90,OPEN_METEO_ERA5_LAND,g_22.55_114.25
2014-02-04,20.30,15.50,18.00,OPEN_METEO_ERA5_LAND,g_22.55_114.25
2014-02-05,18.50,15.70,16.90,OPEN_METEO_ERA5_LAND,g_22.55_114.25
2014-02-06,22.50,16.90,19.10,OPEN_METEO_ERA5_LAND,g_22.55_114.25
2014-02-07,23.20,15.80,20.10,OPEN_METEO_ERA5_LAND,g_22.55_114.25
2014-02-08,17.80,13.20,15.60,OPEN_METEO_ERA5_LAND,g_22.55_114.25
2014-02-09,16.60,6.40,12.50,OPEN_METEO_ERA5_LAND,g_22.55_114.25
2014-02-10,8.10,5.40,6.80,OPEN_METEO_ERA5_LAND,g_22.55_114.25
2014-02-11,8.90,5.20,6.60,OPEN_METEO_ERA5_LAND,g_22.55_114.25
2014-02-12,9.00,6.30,7.50,OPEN_METEO_ERA5_LAND,g_22.55_114.25
2014-02-13,7.50,5.50,6.60,OPEN_METEO_ERA5_LAND,g_22.55_114.25
2014-02-14,14.80,5.50,9.70,OPEN_METEO_ERA5_LAND,g_22.55_114.25
2014-02-15,14.00,7.60,10.90,OPEN_METEO_ERA5_LAND,g_22.55_114.25
2014-02-16,19.00,13.60,16.20,OPEN_METEO_ERA5_LAND,g_22.55_114.25
2014-02-17,22.00,16.80,18.90,OPEN_METEO_ERA5_LAND,g_22.55_114.25
2014-02-18,22.30,9.40,16.30,OPEN_METEO_ERA5_LAND,g_22.55_114.25
2014-02-19,9.10,6.20,8.00,OPEN_METEO_ERA5_LAND,g_22.55_114.25
2014-02-20,17.00,5.20,11.00,OPEN_METEO_ERA5_LAND,g_22.55_114.25
2014-02-21,16.20,10.60,13.30,OPEN_METEO_ERA5_LAND,g_22.55_114.25
2014-02-22,16.70,12.70,14.40,OPEN_METEO_ERA5_LAND,g_22.55_114.25
2014-02-23,19.00,14.00,16.10,OPEN_METEO_ERA5_LAND,g_22.55_114.25
2014-02-24,19.90,14.80,17.30,OPEN_METEO_ERA5_LAND,g_22.55_114.25
2014-02-25,21.80,16.50,18.90,OPEN_METEO_ERA5_LAND,g_22.55_114.25
2014-02-26,24.10,17.80,20.30,OPEN_METEO_ERA5_LAND,g_22.55_114.25
2014-02-27,22.40,17.70,19.70,OPEN_METEO_ERA5_LAND,g_22.55_114.25
2014-02-28,20.80,17.80,19.40,OPEN_METEO_ERA5_LAND,g_22.55_114.25
2014-03-01,23.60,19.00,20.70,OPEN_METEO_ERA5_LAND,g_22.55_114.25
2014-03-02,20.60,15.30,18.40,OPEN_METEO_ERA5_LAND,g_22.55_114.25
2014-03-03,19.90,16.60,17.90,OPEN_METEO_ERA5_LAND,g_22.55_114.25
2014-03-04,21.90,16.70,18.80,OPEN_METEO_ERA5_LAND,g_22.55_114.25
2014-03-05,18.30,14.30,16.30,OPEN_METEO_ERA5_LAND,g_22.55_114.25
2014-03-06,19.50,16.10,17.60,OPEN_METEO_ERA5_LAND,g_22.55_114.25
2014-03-07,18.40,15.10,16.40,OPEN_METEO_ERA5_LAND,g_22.55_114.25
2014-03-08,19.60,15.50,17.00,OPEN_METEO_ERA5_LAND,g_22.55_114.25
2014-03-09,15.20,12.50,14.00,OPEN_METEO_ERA5_LAND,g_22.55_114.25
2014-03-10,15.70,14.00,14.80,OPEN_METEO_ERA5_LAND,g_22.55_114.25
2014-03-11,19.10,15.00,17.40,OPEN_METEO_ERA5_LAND,g_22.55_114.25
2014-03-12,25.00,18.10,21.10,OPEN_METEO_ERA5_LAND,g_22.55_114.25
2014-03-13,23.10,17.30,20.20,OPEN_METEO_ERA5_LAND,g_22.55_114.25
2014-03-14,18.60,15.70,17.30,OPEN_METEO_ERA5_LAND,g_22.55_114.25
2014-03-15,19.50,15.40,17.30,OPEN_METEO_ERA5_LAND,g_22.55_114.25
2014-03-16,22.30,17.00,19.20,OPEN_METEO_ERA5_LAND,g_22.55_114.25
2014-03-17,23.80,18.00,20.60,OPEN_METEO_ERA5_LAND,g_22.55_114.25
2014-03-18,24.50,19.10,21.60,OPEN_METEO_ERA5_LAND,g_22.55_114.25
2014-03-19,26.30,20.50,22.70,OPEN_METEO_ERA5_LAND,g_22.55_114.25
2014-03-20,27.60,16.00,21.60,OPEN_METEO_ERA5_LAND,g_22.55_114.25
2014-03-21,18.80,14.60,16.40,OPEN_METEO_ERA5_LAND,g_22.55_114.25
2014-03-22,20.70,14.90,17.40,OPEN_METEO_ERA5_LAND,g_22.55_114.25
2014-03-23,21.50,15.60,18.10,OPEN_METEO_ERA5_LAND,g_22.55_114.25
2014-03-24,22.70,16.40,19.30,OPEN_METEO_ERA5_LAND,g_22.55_114.25
2014-03-25,24.10,18.20,20.80,OPEN_METEO_ERA5_LAND,g_22.55_114.25
2014-03-26,27.10,17.90,21.90,OPEN_METEO_ERA5_LAND,g_22.55_114.25
2014-03-27,27.10,19.00,22.60,OPEN_METEO_ERA5_LAND,g_22.55_114.25
2014-03-28,25.60,21.20,22.90,OPEN_METEO_ERA5_LAND,g_22.55_114.25
2014-03-29,28.50,22.40,24.40,OPEN_METEO_ERA5_LAND,g_22.55_114.25
2014-03-30,26.10,21.20,23.30,OPEN_METEO_ERA5_LAND,g_22.55_114.25
2014-03-31,24.50,21.00,22.20,OPEN_METEO_ERA5_LAND,g_22.55_114.25
2014-04-01,22.10,21.00,21.50,OPEN_METEO_ERA5_LAND,g_22.55_114.25
2014-04-02,21.50,20.30,20.90,OPEN_METEO_ERA5_LAND,g_22.55_114.25
2014-04-03,23.40,19.20,20.70,OPEN_METEO_ERA5_LAND,g_22.55_114.25
2014-04-04,22.40,18.80,20.40,OPEN_METEO_ERA5_LAND,g_22.55_114.25
2014-04-05,23.40,18.10,20.50,OPEN_METEO_ERA5_LAND,g_22.55_114.25
2014-04-06,21.70,18.60,19.90,OPEN_METEO_ERA5_LAND,g_22.55_114.25
2014-04-07,21.60,18.00,19.40,OPEN_METEO_ERA5_LAND,g_22.55_114.25
2014-04-08,23.60,19.30,20.80,OPEN_METEO_ERA5_LAND,g_22.55_114.25
2014-04-09,25.50,19.60,22.00,OPEN_METEO_ERA5_LAND,g_22.55_114.25
2014-04-10,24.30,20.40,21.80,OPEN_METEO_ERA5_LAND,g_22.55_114.25
2014-04-11,24.80,20.10,22.20,OPEN_METEO_ERA5_LAND,g_22.55_114.25
2014-04-12,26.50,21.60,23.60,OPEN_METEO_ERA5_LAND,g_22.55_114.25
2014-04-13,29.10,21.60,25.30,OPEN_METEO_ERA5_LAND,g_22.55_114.25
2014-04-14,24.70,21.30,23.30,OPEN_METEO_ERA5_LAND,g_22.55_114.25
2014-04-15,23.60,20.30,21.70,OPEN_METEO_ERA5_LAND,g_22.55_114.25
2014-04-16,24.80,21.00,22.80,OPEN_METEO_ERA5_LAND,g_22.55_114.25
2014-04-17,26.90,22.10,24.00,OPEN_METEO_ERA5_LAND,g_22.55_114.25
2014-04-18,27.00,21.30,23.80,OPEN_METEO_ERA5_LAND,g_22.55_114.25
2014-04-19,26.80,21.10,24.00,OPEN_METEO_ERA5_LAND,g_22.55_114.25
2014-04-20,28.90,23.20,25.40,OPEN_METEO_ERA5_LAND,g_22.55_114.25
2014-04-21,26.70,23.50,24.70,OPEN_METEO_ERA5_LAND,g_22.55_114.25
2014-04-22,27.40,23.00,25.00,OPEN_METEO_ERA5_LAND,g_22.55_114.25
2014-04-23,24.80,22.50,23.50,OPEN_METEO_ERA5_LAND,g_22.55_114.25
2014-04-24,25.20,22.00,23.30,OPEN_METEO_ERA5_LAND,g_22.55_114.25
2014-04-25,25.90,22.80,24.00,OPEN_METEO_ERA5_LAND,g_22.55_114.25
2014-04-26,26.40,22.60,24.30,OPEN_METEO_ERA5_LAND,g_22.55_114.25
2014-04-27,29.70,21.90,25.10,OPEN_METEO_ERA5_LAND,g_22.55_114.25
2014-04-28,27.90,21.50,24.40,OPEN_METEO_ERA5_LAND,g_22.55_114.25
2014-04-29,26.10,21.10,23.50,OPEN_METEO_ERA5_LAND,g_22.55_114.25
2014-04-30,25.20,22.00,23.20,OPEN_METEO_ERA5_LAND,g_22.55_114.25
2014-05-01,23.30,21.10,22.00,OPEN_METEO_ERA5_LAND,g_22.55_114.25
2014-05-02,25.60,21.90,23.40,OPEN_METEO_ERA5_LAND,g_22.55_114.25
2014-05-03,26.10,22.30,24.00,OPEN_METEO_ERA5_LAND,g_22.55_114.25
2014-05-04,25.30,22.90,23.70,OPEN_METEO_ERA5_LAND,g_22.55_114.25
2014-05-05,23.20,19.70,21.60,OPEN_METEO_ERA5_LAND,g_22.55_114.25
2014-05-06,20.60,19.30,20.00,OPEN_METEO_ERA5_LAND,g_22.55_114.25
2014-05-07,21.40,19.70,20.70,OPEN_METEO_ERA5_LAND,g_22.55_114.25
2014-05-08,25.00,21.30,23.10,OPEN_METEO_ERA5_LAND,g_22.55_114.25
2014-05-09,24.60,22.70,23.40,OPEN_METEO_ERA5_LAND,g_22.55_114.25
2014-05-10,27.00,23.40,25.10,OPEN_METEO_ERA5_LAND,g_22.55_114.25
2014-05-11,25.50,23.50,24.10,OPEN_METEO_ERA5_LAND,g_22.55_114.25
2014-05-12,27.40,23.30,25.10,OPEN_METEO_ERA5_LAND,g_22.55_114.25
2014-05-13,27.80,24.00,25.70,OPEN_METEO_ERA5_LAND,g_22.55_114.25
2014-05-14,29.90,26.00,27.60,OPEN_METEO_ERA5_LAND,g_22.55_114.25
2014-05-15,29.70,25.60,27.50,OPEN_METEO_ERA5_LAND,g_22.55_114.25
2014-05-16,29.00,24.70,26.40,OPEN_METEO_ERA5_LAND,g_22.55_114.25
2014-05-17,29.20,25.70,27.20,OPEN_METEO_ERA5_LAND,g_22.55_114.25
2014-05-18,28.10,25.30,26.50,OPEN_METEO_ERA5_LAND,g_22.55_114.25
2014-05-19,29.30,25.50,27.40,OPEN_METEO_ERA5_LAND,g_22.55_114.25
2014-05-20,29.50,24.60,26.60,OPEN_METEO_ERA5_LAND,g_22.55_114.25
2014-05-21,30.30,24.40,27.30,OPEN_METEO_ERA5_LAND,g_22.55_114.25
2014-05-22,28.90,27.30,28.00,OPEN_METEO_ERA5_LAND,g_22.55_114.25
2014-05-23,28.30,25.40,26.80,OPEN_METEO_ERA5_LAND,g_22.55_114.25
2014-05-24,29.60,26.60,27.70,OPEN_METEO_ERA5_LAND,g_22.55_114.25
2014-05-25,31.10,26.10,28.40,OPEN_METEO_ERA5_LAND,g_22.55_114.25
2014-05-26,31.60,26.10,28.80,OPEN_METEO_ERA5_LAND,g_22.55_114.25
2014-05-27,32.10,26.80,29.00,OPEN_METEO_ERA5_LAND,g_22.55_114.25
2014-05-28,31.50,27.00,28.90,OPEN_METEO_ERA5_LAND,g_22.55_114.25
2014-05-29,30.90,27.00,28.60,OPEN_METEO_ERA5_LAND,g_22.55_114.25
2014-05-30,31.40,27.00,28.90,OPEN_METEO_ERA5_LAND,g_22.55_114.25
2014-05-31,31.60,27.40,29.20,OPEN_METEO_ERA5_LAND,g_22.55_114.25
2014-06-01,32.00,27.40,29.40,OPEN_METEO_ERA5_LAND,g_22.55_114.25
2014-06-02,32.00,27.60,29.40,OPEN_METEO_ERA5_LAND,g_22.55_114.25
2014-06-03,30.30,27.40,28.60,OPEN_METEO_ERA5_LAND,g_22.55_114.25
2014-06-04,32.10,26.20,29.10,OPEN_METEO_ERA5_LAND,g_22.55_114.25
2014-06-05,31.40,27.20,28.90,OPEN_METEO_ERA5_LAND,g_22.55_114.25
2014-06-06,31.00,26.90,28.20,OPEN_METEO_ERA5_LAND,g_22.55_114.25
2014-06-07,28.90,26.30,27.30,OPEN_METEO_ERA5_LAND,g_22.55_114.25
2014-06-08,31.60,25.70,28.00,OPEN_METEO_ERA5_LAND,g_22.55_114.25
2014-06-09,29.30,26.10,27.40,OPEN_METEO_ERA5_LAND,g_22.55_114.25
2014-06-10,29.70,26.50,27.60,OPEN_METEO_ERA5_LAND,g_22.55_114.25
2014-06-11,28.40,26.40,27.30,OPEN_METEO_ERA5_LAND,g_22.55_114.25
2014-06-12,30.60,25.90,27.70,OPEN_METEO_ERA5_LAND,g_22.55_114.25
2014-06-13,31.90,23.30,27.60,OPEN_METEO_ERA5_LAND,g_22.55_114.25
2014-06-14,32.80,25.50,28.70,OPEN_METEO_ERA5_LAND,g_22.55_114.25
2014-06-15,31.80,26.60,28.10,OPEN_METEO_ERA5_LAND,g_22.55_114.25
2014-06-16,32.60,27.60,29.40,OPEN_METEO_ERA5_LAND,g_22.55_114.25
2014-06-17,31.20,26.70,28.60,OPEN_METEO_ERA5_LAND,g_22.55_114.25
2014-06-18,30.80,26.90,28.50,OPEN_METEO_ERA5_LAND,g_22.55_114.25
2014-06-19,31.00,27.10,28.90,OPEN_METEO_ERA5_LAND,g_22.55_114.25
2014-06-20,30.70,27.50,28.50,OPEN_METEO_ERA5_LAND,g_22.55_114.25
2014-06-21,30.70,27.20,28.80,OPEN_METEO_ERA5_LAND,g_22.55_114.25
2014-06-22,29.70,27.00,27.80,OPEN_METEO_ERA5_LAND,g_22.55_114.25
2014-06-23,29.80,26.40,27.60,OPEN_METEO_ERA5_LAND,g_22.55_114.25
2014-06-24,30.10,26.40,28.00,OPEN_METEO_ERA5_LAND,g_22.55_114.25
2014-06-25,29.60,26.90,28.10,OPEN_METEO_ERA5_LAND,g_22.55_114.25
2014-06-26,31.30,26.90,29.00,OPEN_METEO_ERA5_LAND,g_22.55_114.25
2014-06-27,31.60,27.30,29.20,OPEN_METEO_ERA5_LAND,g_22.55_114.25
2014-06-28,31.90,27.80,29.50,OPEN_METEO_ERA5_LAND,g_22.55_114.25
2014-06-29,30.10,27.40,28.40,OPEN_METEO_ERA5_LAND,g_22.55_114.25
2014-06-30,30.60,26.80,28.10,OPEN_METEO_ERA5_LAND,g_22.55_114.25
2014-07-01,29.70,26.80,28.10,OPEN_METEO_ERA5_LAND,g_22.55_114.25
2014-07-02,31.60,26.60,28.90,OPEN_METEO_ERA5_LAND,g_22.55_114.25
2014-07-03,32.00,27.40,29.50,OPEN_METEO_ERA5_LAND,g_22.55_114.25
2014-07-04,32.30,27.60,29.80,OPEN_METEO_ERA5_LAND,g_22.55_114.25
2014-07-05,32.30,27.80,29.90,OPEN_METEO_ERA5_LAND,g_22.55_114.25
2014-07-06,32.90,27.60,29.70,OPEN_METEO_ERA5_LAND,g_22.55_114.25
2014-07-07,31.80,27.20,29.00,OPEN_METEO_ERA5_LAND,g_22.55_114.25
2014-07-08,32.00,27.90,29.40,OPEN_METEO_ERA5_LAND,g_22.55_114.25
2014-07-09,32.60,27.20,29.60,OPEN_METEO_ERA5_LAND,g_22.55_114.25
2014-07-10,30.20,27.10,28.60,OPEN_METEO_ERA5_LAND,g_22.55_114.25
2014-07-11,30.90,27.10,28.60,OPEN_METEO_ERA5_LAND,g_22.55_114.25
2014-07-12,29.70,27.10,28.30,OPEN_METEO_ERA5_LAND,g_22.55_114.25
2014-07-13,31.70,26.20,28.80,OPEN_METEO_ERA5_LAND,g_22.55_114.25
2014-07-14,31.90,26.90,29.10,OPEN_METEO_ERA5_LAND,g_22.55_114.25
2014-07-15,32.10,27.10,29.50,OPEN_METEO_ERA5_LAND,g_22.55_114.25
2014-07-16,31.70,26.50,29.40,OPEN_METEO_ERA5_LAND,g_22.55_114.25
2014-07-17,30.70,27.20,28.40,OPEN_METEO_ERA5_LAND,g_22.55_114.25
2014-07-18,28.30,26.50,27.20,OPEN_METEO_ERA5_LAND,g_22.55_114.25
2014-07-19,30.20,26.40,27.90,OPEN_METEO_ERA5_LAND,g_22.55_114.25
2014-07-20,30.40,26.40,28.10,OPEN_METEO_ERA5_LAND,g_22.55_114.25
2014-07-21,32.10,26.10,28.70,OPEN_METEO_ERA5_LAND,g_22.55_114.25
2014-07-22,33.50,26.60,29.70,OPEN_METEO_ERA5_LAND,g_22.55_114.25
2014-07-23,34.00,28.60,30.80,OPEN_METEO_ERA5_LAND,g_22.55_114.25
2014-07-24,31.70,28.60,29.70,OPEN_METEO_ERA5_LAND,g_22.55_114.25
2014-07-25,32.10,27.50,29.20,OPEN_METEO_ERA5_LAND,g_22.55_114.25
2014-07-26,29.00,26.20,27.60,OPEN_METEO_ERA5_LAND,g_22.55_114.25
2014-07-27,29.20,26.20,27.30,OPEN_METEO_ERA5_LAND,g_22.55_114.25
2014-07-28,31.60,25.50,28.40,OPEN_METEO_ERA5_LAND,g_22.55_114.25
2014-07-29,31.90,26.20,29.10,OPEN_METEO_ERA5_LAND,g_22.55_114.25
2014-07-30,32.10,26.50,29.30,OPEN_METEO_ERA5_LAND,g_22.55_114.25
2014-07-31,33.60,27.80,30.40,OPEN_METEO_ERA5_LAND,g_22.55_114.25
2014-08-01,34.50,27.80,30.70,OPEN_METEO_ERA5_LAND,g_22.55_114.25
2014-08-02,33.30,26.60,29.80,OPEN_METEO_ERA5_LAND,g_22.55_114.25
2014-08-03,32.50,27.10,29.40,OPEN_METEO_ERA5_LAND,g_22.55_114.25
2014-08-04,31.50,27.50,29.30,OPEN_METEO_ERA5_LAND,g_22.55_114.25
2014-08-05,30.70,27.40,28.80,OPEN_METEO_ERA5_LAND,g_22.55_114.25
2014-08-06,29.80,26.70,27.90,OPEN_METEO_ERA5_LAND,g_22.55_114.25
2014-08-07,30.80,26.60,28.00,OPEN_METEO_ERA5_LAND,g_22.55_114.25
2014-08-08,30.80,26.90,28.70,OPEN_METEO_ERA5_LAND,g_22.55_114.25
2014-08-09,31.20,26.50,28.40,OPEN_METEO_ERA5_LAND,g_22.55_114.25
2014-08-10,31.80,27.20,29.00,OPEN_METEO_ERA5_LAND,g_22.55_114.25
2014-08-11,31.50,27.90,29.20,OPEN_METEO_ERA5_LAND,g_22.55_114.25
2014-08-12,29.70,27.80,28.60,OPEN_METEO_ERA5_LAND,g_22.55_114.25
2014-08-13,28.10,26.60,27.50,OPEN_METEO_ERA5_LAND,g_22.55_114.25
2014-08-14,30.20,26.20,27.90,OPEN_METEO_ERA5_LAND,g_22.55_114.25
2014-08-15,31.60,26.60,28.80,OPEN_METEO_ERA5_LAND,g_22.55_114.25
2014-08-16,31.70,26.80,29.00,OPEN_METEO_ERA5_LAND,g_22.55_114.25
2014-08-17,31.70,27.00,29.00,OPEN_METEO_ERA5_LAND,g_22.55_114.25
2014-08-18,31.80,27.10,29.00,OPEN_METEO_ERA5_LAND,g_22.55_114.25
2014-08-19,29.60,26.00,27.20,OPEN_METEO_ERA5_LAND,g_22.55_114.25
2014-08-20,27.90,25.60,26.60,OPEN_METEO_ERA5_LAND,g_22.55_114.25
2014-08-21,29.90,25.40,27.40,OPEN_METEO_ERA5_LAND,g_22.55_114.25
2014-08-22,30.40,25.20,27.70,OPEN_METEO_ERA5_LAND,g_22.55_114.25
2014-08-23,31.00,26.00,28.20,OPEN_METEO_ERA5_LAND,g_22.55_114.25
2014-08-24,31.30,26.30,28.40,OPEN_METEO_ERA5_LAND,g_22.55_114.25
2014-08-25,30.90,25.80,28.10,OPEN_METEO_ERA5_LAND,g_22.55_114.25
2014-08-26,30.90,26.70,28.40,OPEN_METEO_ERA5_LAND,g_22.55_114.25
2014-08-27,28.60,26.10,27.30,OPEN_METEO_ERA5_LAND,g_22.55_114.25
2014-08-28,28.90,26.50,27.40,OPEN_METEO_ERA5_LAND,g_22.55_114.25
2014-08-29,31.10,26.10,28.30,OPEN_METEO_ERA5_LAND,g_22.55_114.25
2014-08-30,30.20,26.20,28.10,OPEN_METEO_ERA5_LAND,g_22.55_114.25
2014-08-31,30.00,26.10,27.80,OPEN_METEO_ERA5_LAND,g_22.55_114.25
2014-09-01,30.90,26.90,28.50,OPEN_METEO_ERA5_LAND,g_22.55_114.25
2014-09-02,31.60,25.70,28.60,OPEN_METEO_ERA5_LAND,g_22.55_114.25
2014-09-03,32.50,26.60,29.30,OPEN_METEO_ERA5_LAND,g_22.55_114.25
2014-09-04,32.60,26.80,29.30,OPEN_METEO_ERA5_LAND,g_22.55_114.25
2014-09-05,30.30,26.50,28.10,OPEN_METEO_ERA5_LAND,g_22.55_114.25
2014-09-06,31.60,26.10,28.60,OPEN_METEO_ERA5_LAND,g_22.55_114.25
2014-09-07,29.30,27.00,28.10,OPEN_METEO_ERA5_LAND,g_22.55_114.25
2014-09-08,29.60,26.60,27.70,OPEN_METEO_ERA5_LAND,g_22.55_114.25
2014-09-09,31.00,26.30,28.60,OPEN_METEO_ERA5_LAND,g_22.55_114.25
2014-09-10,30.70,26.60,28.60,OPEN_METEO_ERA5_LAND,g_22.55_114.25
2014-09-11,31.00,26.10,28.20,OPEN_METEO_ERA5_LAND,g_22.55_114.25
2014-09-12,28.90,26.10,27.20,OPEN_METEO_ERA5_LAND,g_22.55_114.25
2014-09-13,30.40,26.40,27.90,OPEN_METEO_ERA5_LAND,g_22.55_114.25
2014-09-14,31.40,26.80,28.60,OPEN_METEO_ERA5_LAND,g_22.55_114.25
2014-09-15,32.30,26.20,28.70,OPEN_METEO_ERA5_LAND,g_22.55_114.25
2014-09-16,27.00,26.20,26.60,OPEN_METEO_ERA5_LAND,g_22.55_114.25
2014-09-17,29.00,26.00,27.30,OPEN_METEO_ERA5_LAND,g_22.55_114.25
2014-09-18,31.00,25.80,28.30,OPEN_METEO_ERA5_LAND,g_22.55_114.25
2014-09-19,32.70,26.60,29.50,OPEN_METEO_ERA5_LAND,g_22.55_114.25
2014-09-20,30.80,25.10,27.70,OPEN_METEO_ERA5_LAND,g_22.55_114.25
2014-09-21,28.80,24.50,26.40,OPEN_METEO_ERA5_LAND,g_22.55_114.25
2014-09-22,29.30,23.90,26.20,OPEN_METEO_ERA5_LAND,g_22.55_114.25
2014-09-23,29.40,23.70,26.40,OPEN_METEO_ERA5_LAND,g_22.55_114.25
2014-09-24,29.90,23.90,27.20,OPEN_METEO_ERA5_LAND,g_22.55_114.25
2014-09-25,30.40,24.40,27.30,OPEN_METEO_ERA5_LAND,g_22.55_114.25
2014-09-26,30.10,25.60,27.80,OPEN_METEO_ERA5_LAND,g_22.55_114.25
2014-09-27,30.60,25.80,28.00,OPEN_METEO_ERA5_LAND,g_22.55_114.25
2014-09-28,30.70,25.70,27.90,OPEN_METEO_ERA5_LAND,g_22.55_114.25
2014-09-29,31.70,25.80,28.40,OPEN_METEO_ERA5_LAND,g_22.55_114.25
2014-09-30,33.40,25.90,29.20,OPEN_METEO_ERA5_LAND,g_22.55_114.25
2014-10-01,29.90,24.60,27.10,OPEN_METEO_ERA5_LAND,g_22.55_114.25
2014-10-02,30.80,25.10,27.60,OPEN_METEO_ERA5_LAND,g_22.55_114.25
2014-10-03,29.40,25.50,27.00,OPEN_METEO_ERA5_LAND,g_22.55_114.25
2014-10-04,27.70,24.60,26.10,OPEN_METEO_ERA5_LAND,g_22.55_114.25
2014-10-05,29.40,24.10,26.00,OPEN_METEO_ERA5_LAND,g_22.55_114.25
2014-10-06,28.50,22.70,25.40,OPEN_METEO_ERA5_LAND,g_22.55_114.25
2014-10-07,27.50,22.60,24.80,OPEN_METEO_ERA5_LAND,g_22.55_114.25
2014-10-08,27.90,22.40,24.60,OPEN_METEO_ERA5_LAND,g_22.55_114.25
2014-10-09,28.90,21.50,24.70,OPEN_METEO_ERA5_LAND,g_22.55_114.25
2014-10-10,29.10,21.70,25.30,OPEN_METEO_ERA5_LAND,g_22.55_114.25
2014-10-11,30.50,22.20,26.20,OPEN_METEO_ERA5_LAND,g_22.55_114.25
2014-10-12,30.00,22.20,25.50,OPEN_METEO_ERA5_LAND,g_22.55_114.25
2014-10-13,28.20,21.80,24.70,OPEN_METEO_ERA5_LAND,g_22.55_114.25
2014-10-14,27.20,20.80,23.70,OPEN_METEO_ERA5_LAND,g_22.55_114.25
2014-10-15,26.50,20.20,23.20,OPEN_METEO_ERA5_LAND,g_22.55_114.25
2014-10-16,26.10,22.30,23.90,OPEN_METEO_ERA5_LAND,g_22.55_114.25
2014-10-17,26.10,21.20,23.40,OPEN_METEO_ERA5_LAND,g_22.55_114.25
2014-10-18,26.80,21.10,23.80,OPEN_METEO_ERA5_LAND,g_22.55_114.25
2014-10-19,26.70,22.70,24.40,OPEN_METEO_ERA5_LAND,g_22.55_114.25
2014-10-20,27.40,22.80,24.80,OPEN_METEO_ERA5_LAND,g_22.55_114.25
2014-10-21,30.70,22.50,26.10,OPEN_METEO_ERA5_LAND,g_22.55_114.25
2014-10-22,30.10,23.90,26.20,OPEN_METEO_ERA5_LAND,g_22.55_114.25
2014-10-23,26.50,23.50,24.50,OPEN_METEO_ERA5_LAND,g_22.55_114.25
2014-10-24,26.20,23.20,24.30,OPEN_METEO_ERA5_LAND,g_22.55_114.25
2014-10-25,26.40,22.90,24.30,OPEN_METEO_ERA5_LAND,g_22.55_114.25
2014-10-26,26.80,22.90,24.40,OPEN_METEO_ERA5_LAND,g_22.55_114.25
2014-10-27,28.70,22.40,25.10,OPEN_METEO_ERA5_LAND,g_22.55_114.25
2014-10-28,26.60,22.90,24.50,OPEN_METEO_ERA5_LAND,g_22.55_114.25
2014-10-29,26.80,22.60,24.30,OPEN_METEO_ERA5_LAND,g_22.55_114.25
2014-10-30,26.70,23.10,24.40,OPEN_METEO_ERA5_LAND,g_22.55_114.25
2014-10-31,27.80,22.70,24.70,OPEN_METEO_ERA5_LAND,g_22.55_114.25
2014-11-01,28.40,21.80,25.00,OPEN_METEO_ERA5_LAND,g_22.55_114.25
2014-11-02,28.70,21.00,24.70,OPEN_METEO_ERA5_LAND,g_22.55_114.25
2014-11-03,21.70,19.60,20.70,OPEN_METEO_ERA5_LAND,g_22.55_114.25
2014-11-04,24.70,21.00,22.60,OPEN_METEO_ERA5_LAND,g_22.55_114.25
2014-11-05,25.00,21.90,23.20,OPEN_METEO_ERA5_LAND,g_22.55_114.25
2014-11-06,26.90,22.30,24.00,OPEN_METEO_ERA5_LAND,g_22.55_114.25
2014-11-07,24.40,21.80,22.90,OPEN_METEO_ERA5_LAND,g_22.55_114.25
2014-11-08,22.70,18.70,20.20,OPEN_METEO_ERA5_LAND,g_22.55_114.25
2014-11-09,24.40,18.60,20.90,OPEN_METEO_ERA5_LAND,g_22.55_114.25
2014-11-10,24.70,20.90,22.20,OPEN_METEO_ERA5_LAND,g_22.55_114.25
2014-11-11,24.90,20.30,22.20,OPEN_METEO_ERA5_LAND,g_22.55_114.25
2014-11-12,20.30,18.60,19.30,OPEN_METEO_ERA5_LAND,g_22.55_114.25
2014-11-13,21.00,16.90,18.50,OPEN_METEO_ERA5_LAND,g_22.55_114.25
2014-11-14,22.60,17.20,19.50,OPEN_METEO_ERA5_LAND,g_22.55_114.25
2014-11-15,24.50,18.00,20.80,OPEN_METEO_ERA5_LAND,g_22.55_114.25
2014-11-16,25.90,18.70,21.80,OPEN_METEO_ERA5_LAND,g_22.55_114.25
2014-11-17,23.80,16.20,19.50,OPEN_METEO_ERA5_LAND,g_22.55_114.25
2014-11-18,23.40,15.90,19.20,OPEN_METEO_ERA5_LAND,g_22.55_114.25
2014-11-19,23.80,16.00,19.30,OPEN_METEO_ERA5_LAND,g_22.55_114.25
2014-11-20,23.40,17.50,20.20,OPEN_METEO_ERA5_LAND,g_22.55_114.25
2014-11-21,24.90,18.70,21.00,OPEN_METEO_ERA5_LAND,g_22.55_114.25
2014-11-22,25.10,17.90,21.20,OPEN_METEO_ERA5_LAND,g_22.55_114.25
2014-11-23,24.40,20.60,22.00,OPEN_METEO_ERA5_LAND,g_22.55_114.25
2014-11-24,25.40,20.20,22.40,OPEN_METEO_ERA5_LAND,g_22.55_114.25
2014-11-25,27.20,18.90,22.60,OPEN_METEO_ERA5_LAND,g_22.55_114.25
2014-11-26,24.90,20.00,22.10,OPEN_METEO_ERA5_LAND,g_22.55_114.25
2014-11-27,23.40,20.20,21.70,OPEN_METEO_ERA5_LAND,g_22.55_114.25
2014-11-28,26.00,21.30,23.00,OPEN_METEO_ERA5_LAND,g_22.55_114.25
2014-11-29,24.50,22.50,23.30,OPEN_METEO_ERA5_LAND,g_22.55_114.25
2014-11-30,26.10,22.70,24.00,OPEN_METEO_ERA5_LAND,g_22.55_114.25
2014-12-01,22.50,15.10,18.00,OPEN_METEO_ERA5_LAND,g_22.55_114.25
2014-12-02,16.80,13.10,15.00,OPEN_METEO_ERA5_LAND,g_22.55_114.25
2014-12-03,20.10,16.00,17.70,OPEN_METEO_ERA5_LAND,g_22.55_114.25
2014-12-04,14.30,11.10,12.30,OPEN_METEO_ERA5_LAND,g_22.55_114.25
2014-12-05,15.70,12.10,13.20,OPEN_METEO_ERA5_LAND,g_22.55_114.25
2014-12-06,18.00,12.90,15.40,OPEN_METEO_ERA5_LAND,g_22.55_114.25
2014-12-07,16.00,14.60,15.20,OPEN_METEO_ERA5_LAND,g_22.55_114.25
2014-12-08,19.80,13.30,15.50,OPEN_METEO_ERA5_LAND,g_22.55_114.25
2014-12-09,21.60,15.40,18.20,OPEN_METEO_ERA5_LAND,g_22.55_114.25
2014-12-10,20.20,16.70,18.00,OPEN_METEO_ERA5_LAND,g_22.55_114.25
2014-12-11,18.50,13.30,15.90,OPEN_METEO_ERA5_LAND,g_22.55_114.25
2014-12-12,16.10,10.70,12.90,OPEN_METEO_ERA5_LAND,g_22.55_114.25
2014-12-13,17.50,8.80,12.50,OPEN_METEO_ERA5_LAND,g_22.55_114.25
2014-12-14,18.60,10.30,14.10,OPEN_METEO_ERA5_LAND,g_22.55_114.25
2014-12-15,21.00,14.50,17.10,OPEN_METEO_ERA5_LAND,g_22.55_114.25
2014-12-16,17.70,11.10,14.90,OPEN_METEO_ERA5_LAND,g_22.55_114.25
2014-12-17,15.50,8.50,11.50,OPEN_METEO_ERA5_LAND,g_22.55_114.25
2014-12-18,14.80,9.10,11.80,OPEN_METEO_ERA5_LAND,g_22.55_114.25
2014-12-19,12.10,10.40,11.10,OPEN_METEO_ERA5_LAND,g_22.55_114.25
2014-12-20,18.50,9.20,13.50,OPEN_METEO_ERA5_LAND,g_22.55_114.25
2014-12-21,18.60,11.10,14.70,OPEN_METEO_ERA5_LAND,g_22.55_114.25
2014-12-22,15.90,8.10,11.90,OPEN_METEO_ERA5_LAND,g_22.55_114.25
2014-12-23,17.60,12.90,14.50,OPEN_METEO_ERA5_LAND,g_22.55_114.25
2014-12-24,21.70,12.80,16.80,OPEN_METEO_ERA5_LAND,g_22.55_114.25
2014-12-25,17.90,14.60,16.60,OPEN_METEO_ERA5_LAND,g_22.55_114.25
2014-12-26,17.00,14.30,15.50,OPEN_METEO_ERA5_LAND,g_22.55_114.25
2014-12-27,15.70,12.60,14.60,OPEN_METEO_ERA5_LAND,g_22.55_114.25
2014-12-28,15.90,10.60,12.40,OPEN_METEO_ERA5_LAND,g_22.55_114.25
2014-12-29,17.90,8.60,12.90,OPEN_METEO_ERA5_LAND,g_22.55_114.25
2014-12-30,18.60,8.50,13.50,OPEN_METEO_ERA5_LAND,g_22.55_114.25
2014-12-31,21.60,10.50,15.00,OPEN_METEO_ERA5_LAND,g_22.55_114.25
2015-01-01,18.80,10.80,14.00,OPEN_METEO_ERA5_LAND,g_22.55_114.25
2015-01-02,17.40,10.30,13.60,OPEN_METEO_ERA5_LAND,g_22.55_114.25
2015-01-03,17.80,12.10,14.40,OPEN_METEO_ERA5_LAND,g_22.55_114.25
2015-01-04,19.80,13.30,16.20,OPEN_METEO_ERA5_LAND,g_22.55_114.25
2015-01-05,21.70,16.30,18.40,OPEN_METEO_ERA5_LAND,g_22.55_114.25
2015-01-06,23.60,16.90,19.80,OPEN_METEO_ERA5_LAND,g_22.55_114.25
2015-01-07,18.30,13.40,16.20,OPEN_METEO_ERA5_LAND,g_22.55_114.25
2015-01-08,18.50,11.80,14.30,OPEN_METEO_ERA5_LAND,g_22.55_114.25
2015-01-09,17.30,10.70,13.70,OPEN_METEO_ERA5_LAND,g_22.55_114.25
2015-01-10,19.20,11.30,14.70,OPEN_METEO_ERA5_LAND,g_22.55_114.25
2015-01-11,18.40,13.00,15.30,OPEN_METEO_ERA5_LAND,g_22.55_114.25
2015-01-12,15.80,11.90,13.40,OPEN_METEO_ERA5_LAND,g_22.55_114.25
2015-01-13,12.60,9.70,11.60,OPEN_METEO_ERA5_LAND,g_22.55_114.25
2015-01-14,16.90,8.30,12.00,OPEN_METEO_ERA5_LAND,g_22.55_114.25
2015-01-15,17.70,8.30,12.50,OPEN_METEO_ERA5_LAND,g_22.55_114.25
2015-01-16,20.10,11.70,15.50,OPEN_METEO_ERA5_LAND,g_22.55_114.25
2015-01-17,18.30,11.40,14.50,OPEN_METEO_ERA5_LAND,g_22.55_114.25
2015-01-18,19.10,11.80,14.90,OPEN_METEO_ERA5_LAND,g_22.55_114.25
2015-01-19,19.00,10.40,14.20,OPEN_METEO_ERA5_LAND,g_22.55_114.25
2015-01-20,18.80,13.20,15.20,OPEN_METEO_ERA5_LAND,g_22.55_114.25
2015-01-21,21.70,11.70,16.20,OPEN_METEO_ERA5_LAND,g_22.55_114.25
2015-01-22,20.60,11.90,15.70,OPEN_METEO_ERA5_LAND,g_22.55_114.25
2015-01-23,18.30,10.00,14.30,OPEN_METEO_ERA5_LAND,g_22.55_114.25
2015-01-24,18.90,14.40,16.30,OPEN_METEO_ERA5_LAND,g_22.55_114.25
2015-01-25,20.60,15.90,17.60,OPEN_METEO_ERA5_LAND,g_22.55_114.25
2015-01-26,22.30,14.80,18.00,OPEN_METEO_ERA5_LAND,g_22.55_114.25
2015-01-27,20.40,16.00,17.70,OPEN_METEO_ERA5_LAND,g_22.55_114.25
2015-01-28,18.10,15.30,16.40,OPEN_METEO_ERA5_LAND,g_22.55_114.25
2015-01-29,19.60,14.00,16.20,OPEN_METEO_ERA5_LAND,g_22.55_114.25
2015-01-30,19.40,12.30,15.40,OPEN_METEO_ERA5_LAND,g_22.55_114.25
2015-01-31,17.50,10.80,14.10,OPEN_METEO_ERA5_LAND,g_22.55_114.25
2015-02-01,18.10,11.20,14.30,OPEN_METEO_ERA5_LAND,g_22.55_114.25
2015-02-02,19.00,13.30,15.50,OPEN_METEO_ERA5_LAND,g_22.55_114.25
2015-02-03,21.10,15.00,17.20,OPEN_METEO_ERA5_LAND,g_22.55_114.25
2015-02-04,18.10,11.80,15.10,OPEN_METEO_ERA5_LAND,g_22.55_114.25
2015-02-05,14.10,10.10,11.60,OPEN_METEO_ERA5_LAND,g_22.55_114.25
2015-02-06,16.00,10.60,13.10,OPEN_METEO_ERA5_LAND,g_22.55_114.25
2015-02-07,17.80,13.20,14.90,OPEN_METEO_ERA5_LAND,g_22.55_114.25
2015-02-08,18.90,12.50,14.90,OPEN_METEO_ERA5_LAND,g_22.55_114.25
2015-02-09,17.80,11.00,14.10,OPEN_METEO_ERA5_LAND,g_22.55_114.25
2015-02-10,17.30,11.20,14.00,OPEN_METEO_ERA5_LAND,g_22.55_114.25
2015-02-11,19.30,12.40,15.80,OPEN_METEO_ERA5_LAND,g_22.55_114.25
2015-02-12,21.30,10.60,15.90,OPEN_METEO_ERA5_LAND,g_22.55_114.25
2015-02-13,20.90,11.00,16.10,OPEN_METEO_ERA5_LAND,g_22.55_114.25
2015-02-14,21.30,16.00,18.40,OPEN_METEO_ERA5_LAND,g_22.55_114.25
2015-02-15,20.60,17.20,18.80,OPEN_METEO_ERA5_LAND,g_22.55_114.25
2015-02-16,24.70,17.10,20.10,OPEN_METEO_ERA5_LAND,g_22.55_114.25
2015-02-17,22.30,15.20,18.40,OPEN_METEO_ERA5_LAND,g_22.55_114.25
2015-02-18,20.80,16.70,18.50,OPEN_METEO_ERA5_LAND,g_22.55_114.25
2015-02-19,19.70,16.70,17.90,OPEN_METEO_ERA5_LAND,g_22.55_114.25
2015-02-20,20.90,16.90,18.50,OPEN_METEO_ERA5_LAND,g_22.55_114.25
2015-02-21,23.70,18.50,20.50,OPEN_METEO_ERA5_LAND,g_22.55_114.25
2015-02-22,22.60,18.30,20.10,OPEN_METEO_ERA5_LAND,g_22.55_114.25
2015-02-23,21.10,18.90,19.70,OPEN_METEO_ERA5_LAND,g_22.55_114.25
2015-02-24,22.10,18.80,20.10,OPEN_METEO_ERA5_LAND,g_22.55_114.25
2015-02-25,22.70,19.60,20.90,OPEN_METEO_ERA5_LAND,g_22.55_114.25
2015-02-26,24.60,20.20,21.90,OPEN_METEO_ERA5_LAND,g_22.55_114.25
2015-02-27,21.40,19.40,20.40,OPEN_METEO_ERA5_LAND,g_22.55_114.25
2015-02-28,22.40,19.10,20.20,OPEN_METEO_ERA5_LAND,g_22.55_114.25
2015-03-01,20.10,13.90,17.30,OPEN_METEO_ERA5_LAND,g_22.55_114.25
2015-03-02,19.50,16.10,17.90,OPEN_METEO_ERA5_LAND,g_22.55_114.25
2015-03-03,22.40,15.10,19.40,OPEN_METEO_ERA5_LAND,g_22.55_114.25
2015-03-04,19.50,14.80,17.20,OPEN_METEO_ERA5_LAND,g_22.55_114.25
2015-03-05,20.40,16.80,18.40,OPEN_METEO_ERA5_LAND,g_22.55_114.25
2015-03-06,20.40,16.50,18.40,OPEN_METEO_ERA5_LAND,g_22.55_114.25
2015-03-07,21.50,15.40,18.30,OPEN_METEO_ERA5_LAND,g_22.55_114.25
2015-03-08,22.70,17.80,19.40,OPEN_METEO_ERA5_LAND,g_22.55_114.25
2015-03-09,25.30,17.40,21.00,OPEN_METEO_ERA5_LAND,g_22.55_114.25
2015-03-10,19.90,16.70,18.30,OPEN_METEO_ERA5_LAND,g_22.55_114.25
2015-03-11,18.40,15.10,16.70,OPEN_METEO_ERA5_LAND,g_22.55_114.25
2015-03-12,17.90,14.30,16.10,OPEN_METEO_ERA5_LAND,g_22.55_114.25
2015-03-13,20.80,16.70,18.60,OPEN_METEO_ERA5_LAND,g_22.55_114.25
2015-03-14,22.60,17.60,19.90,OPEN_METEO_ERA5_LAND,g_22.55_114.25
2015-03-15,24.50,19.50,21.60,OPEN_METEO_ERA5_LAND,g_22.55_114.25
2015-03-16,25.10,20.90,22.60,OPEN_METEO_ERA5_LAND,g_22.55_114.25
2015-03-17,26.20,21.60,23.20,OPEN_METEO_ERA5_LAND,g_22.55_114.25
2015-03-18,26.20,22.10,23.70,OPEN_METEO_ERA5_LAND,g_22.55_114.25
2015-03-19,27.20,22.60,24.40,OPEN_METEO_ERA5_LAND,g_22.55_114.25
2015-03-20,26.80,20.70,23.90,OPEN_METEO_ERA5_LAND,g_22.55_114.25
2015-03-21,26.30,19.80,22.80,OPEN_METEO_ERA5_LAND,g_22.55_114.25
2015-03-22,23.90,20.40,21.90,OPEN_METEO_ERA5_LAND,g_22.55_114.25
2015-03-23,23.30,19.10,20.50,OPEN_METEO_ERA5_LAND,g_22.55_114.25
2015-03-24,22.60,18.40,19.90,OPEN_METEO_ERA5_LAND,g_22.55_114.25
2015-03-25,19.90,17.60,18.60,OPEN_METEO_ERA5_LAND,g_22.55_114.25
2015-03-26,21.20,16.80,18.90,OPEN_METEO_ERA5_LAND,g_22.55_114.25
2015-03-27,24.90,18.00,20.90,OPEN_METEO_ERA5_LAND,g_22.55_114.25
2015-03-28,23.40,18.90,20.80,OPEN_METEO_ERA5_LAND,g_22.55_114.25
2015-03-29,24.80,17.50,21.20,OPEN_METEO_ERA5_LAND,g_22.55_114.25
2015-03-30,26.20,20.40,22.70,OPEN_METEO_ERA5_LAND,g_22.55_114.25
2015-03-31,27.10,21.30,23.60,OPEN_METEO_ERA5_LAND,g_22.55_114.25
2015-04-01,27.50,22.10,24.10,OPEN_METEO_ERA5_LAND,g_22.55_114.25
2015-04-02,28.10,22.80,25.10,OPEN_METEO_ERA5_LAND,g_22.55_114.25
2015-04-03,28.80,23.80,25.70,OPEN_METEO_ERA5_LAND,g_22.55_114.25
2015-04-04,29.00,24.30,26.00,OPEN_METEO_ERA5_LAND,g_22.55_114.25
2015-04-05,28.10,22.80,25.30,OPEN_METEO_ERA5_LAND,g_22.55_114.25
2015-04-06,30.50,23.20,26.30,OPEN_METEO_ERA5_LAND,g_22.55_114.25
2015-04-07,27.90,18.40,24.70,OPEN_METEO_ERA5_LAND,g_22.55_114.25
2015-04-08,18.20,15.60,16.80,OPEN_METEO_ERA5_LAND,g_22.55_114.25
2015-04-09,22.20,14.90,18.30,OPEN_METEO_ERA5_LAND,g_22.55_114.25
2015-04-10,18.20,15.60,16.80,OPEN_METEO_ERA5_LAND,g_22.55_114.25
2015-04-11,17.70,15.20,16.60,OPEN_METEO_ERA5_LAND,g_22.55_114.25
2015-04-12,24.30,16.50,19.90,OPEN_METEO_ERA5_LAND,g_22.55_114.25
2015-04-13,26.80,17.10,21.50,OPEN_METEO_ERA5_LAND,g_22.55_114.25
2015-04-14,24.70,16.20,20.00,OPEN_METEO_ERA5_LAND,g_22.55_114.25
2015-04-15,25.00,17.20,20.80,OPEN_METEO_ERA5_LAND,g_22.55_114.25
2015-04-16,27.00,18.30,22.20,OPEN_METEO_ERA5_LAND,g_22.55_114.25
2015-04-17,26.10,18.40,22.30,OPEN_METEO_ERA5_LAND,g_22.55_114.25
2015-04-18,27.80,21.80,24.80,OPEN_METEO_ERA5_LAND,g_22.55_114.25
2015-04-19,30.10,24.70,26.60,OPEN_METEO_ERA5_LAND,g_22.55_114.25
2015-04-20,30.90,20.90,25.90,OPEN_METEO_ERA5_LAND,g_22.55_114.25
2015-04-21,24.60,19.50,21.80,OPEN_METEO_ERA5_LAND,g_22.55_114.25
2015-04-22,25.10,20.50,22.50,OPEN_METEO_ERA5_LAND,g_22.55_114.25
2015-04-23,24.00,21.30,22.40,OPEN_METEO_ERA5_LAND,g_22.55_114.25
2015-04-24,26.70,20.90,23.30,OPEN_METEO_ERA5_LAND,g_22.55_114.25
2015-04-25,25.30,21.10,23.00,OPEN_METEO_ERA5_LAND,g_22.55_114.25
2015-04-26,25.50,21.50,23.10,OPEN_METEO_ERA5_LAND,g_22.55_114.25
2015-04-27,26.60,21.00,23.50,OPEN_METEO_ERA5_LAND,g_22.55_114.25
2015-04-28,28.60,21.40,25.10,OPEN_METEO_ERA5_LAND,g_22.55_114.25
2015-04-29,30.20,23.10,26.30,OPEN_METEO_ERA5_LAND,g_22.55_114.25
2015-04-30,29.60,23.80,26.60,OPEN_METEO_ERA5_LAND,g_22.55_114.25
2015-05-01,29.00,24.40,26.20,OPEN_METEO_ERA5_LAND,g_22.55_114.25
2015-05-02,30.00,24.80,27.00,OPEN_METEO_ERA5_LAND,g_22.55_114.25
2015-05-03,30.00,25.00,27.10,OPEN_METEO_ERA5_LAND,g_22.55_114.25
2015-05-04,30.00,24.90,27.00,OPEN_METEO_ERA5_LAND,g_22.55_114.25
2015-05-05,29.20,24.50,26.00,OPEN_METEO_ERA5_LAND,g_22.55_114.25
2015-05-06,28.60,24.60,26.60,OPEN_METEO_ERA5_LAND,g_22.55_114.25
2015-05-07,29.60,24.50,26.60,OPEN_METEO_ERA5_LAND,g_22.55_114.25
2015-05-08,29.60,25.90,27.40,OPEN_METEO_ERA5_LAND,g_22.55_114.25
2015-05-09,29.20,25.50,27.00,OPEN_METEO_ERA5_LAND,g_22.55_114.25
2015-05-10,27.90,25.40,26.20,OPEN_METEO_ERA5_LAND,g_22.55_114.25
2015-05-11,28.30,24.60,26.20,OPEN_METEO_ERA5_LAND,g_22.55_114.25
2015-05-12,28.50,20.30,24.50,OPEN_METEO_ERA5_LAND,g_22.55_114.25
2015-05-13,28.40,24.00,26.10,OPEN_METEO_ERA5_LAND,g_22.55_114.25
2015-05-14,30.30,25.60,27.60,OPEN_METEO_ERA5_LAND,g_22.55_114.25
2015-05-15,30.50,26.00,28.10,OPEN_METEO_ERA5_LAND,g_22.55_114.25
2015-05-16,29.40,25.80,27.30,OPEN_METEO_ERA5_LAND,g_22.55_114.25
2015-05-17,27.80,25.40,26.10,OPEN_METEO_ERA5_LAND,g_22.55_114.25
2015-05-18,29.20,25.30,26.90,OPEN_METEO_ERA5_LAND,g_22.55_114.25
2015-05-19,28.50,25.80,27.00,OPEN_METEO_ERA5_LAND,g_22.55_114.25
2015-05-20,27.10,25.40,26.20,OPEN_METEO_ERA5_LAND,g_22.55_114.25
2015-05-21,28.50,24.00,25.80,OPEN_METEO_ERA5_LAND,g_22.55_114.25
2015-05-22,25.50,23.30,24.40,OPEN_METEO_ERA5_LAND,g_22.55_114.25
2015-05-23,25.90,24.60,25.10,OPEN_METEO_ERA5_LAND,g_22.55_114.25
2015-05-24,26.40,24.40,25.30,OPEN_METEO_ERA5_LAND,g_22.55_114.25
2015-05-25,28.10,24.50,26.20,OPEN_METEO_ERA5_LAND,g_22.55_114.25
2015-05-26,27.50,25.00,25.90,OPEN_METEO_ERA5_LAND,g_22.55_114.25
2015-05-27,29.70,25.40,27.10,OPEN_METEO_ERA5_LAND,g_22.55_114.25
2015-05-28,30.40,27.10,28.50,OPEN_METEO_ERA5_LAND,g_22.55_114.25
2015-05-29,31.20,27.50,29.00,OPEN_METEO_ERA5_LAND,g_22.55_114.25
2015-05-30,30.40,26.70,28.70,OPEN_METEO_ERA5_LAND,g_22.55_114.25
2015-05-31,30.80,26.50,28.40,OPEN_METEO_ERA5_LAND,g_22.55_114.25
2015-06-01,30.00,26.50,28.10,OPEN_METEO_ERA5_LAND,g_22.55_114.25
2015-06-02,30.80,27.20,28.70,OPEN_METEO_ERA5_LAND,g_22.55_114.25
2015-06-03,31.20,27.20,29.00,OPEN_METEO_ERA5_LAND,g_22.55_114.25
2015-06-04,31.20,26.90,28.90,OPEN_METEO_ERA5_LAND,g_22.55_114.25
2015-06-05,29.70,26.10,27.60,OPEN_METEO_ERA5_LAND,g_22.55_114.25
2015-06-06,30.90,26.00,28.20,OPEN_METEO_ERA5_LAND,g_22.55_114.25
2015-06-07,31.00,27.10,28.90,OPEN_METEO_ERA5_LAND,g_22.55_114.25
2015-06-08,31.30,26.60,28.80,OPEN_METEO_ERA5_LAND,g_22.55_114.25
2015-06-09,31.40,26.90,29.00,OPEN_METEO_ERA5_LAND,g_22.55_114.25
2015-06-10,30.90,27.20,28.90,OPEN_METEO_ERA5_LAND,g_22.55_114.25
2015-06-11,31.40,26.80,28.90,OPEN_METEO_ERA5_LAND,g_22.55_114.25
2015-06-12,31.20,26.80,28.80,OPEN_METEO_ERA5_LAND,g_22.55_114.25
2015-06-13,30.70,27.60,28.80,OPEN_METEO_ERA5_LAND,g_22.55_114.25
2015-06-14,30.90,26.70,28.50,OPEN_METEO_ERA5_LAND,g_22.55_114.25
2015-06-15,31.30,26.40,28.90,OPEN_METEO_ERA5_LAND,g_22.55_114.25
2015-06-16,31.80,26.40,29.10,OPEN_METEO_ERA5_LAND,g_22.55_114.25
2015-06-17,32.00,27.10,29.30,OPEN_METEO_ERA5_LAND,g_22.55_114.25
2015-06-18,32.40,27.50,29.70,OPEN_METEO_ERA5_LAND,g_22.55_114.25
2015-06-19,32.60,27.20,29.80,OPEN_METEO_ERA5_LAND,g_22.55_114.25
2015-06-20,32.10,27.00,29.50,OPEN_METEO_ERA5_LAND,g_22.55_114.25
2015-06-21,30.20,27.30,28.50,OPEN_METEO_ERA5_LAND,g_22.55_114.25
2015-06-22,30.00,26.60,27.80,OPEN_METEO_ERA5_LAND,g_22.55_114.25
2015-06-23,29.80,26.40,27.70,OPEN_METEO_ERA5_LAND,g_22.55_114.25
2015-06-24,29.80,26.10,27.80,OPEN_METEO_ERA5_LAND,g_22.55_114.25
2015-06-25,30.60,26.40,28.50,OPEN_METEO_ERA5_LAND,g_22.55_114.25
2015-06-26,31.60,26.90,29.20,OPEN_METEO_ERA5_LAND,g_22.55_114.25
2015-06-27,31.90,27.90,29.70,OPEN_METEO_ERA5_LAND,g_22.55_114.25
2015-06-28,32.30,27.50,29.70,OPEN_METEO_ERA5_LAND,g_22.55_114.25
2015-06-29,32.30,27.80,29.80,OPEN_METEO_ERA5_LAND,g_22.55_114.25
2015-06-30,32.30,28.20,29.90,OPEN_METEO_ERA5_LAND,g_22.55_114.25
2015-07-01,32.70,28.30,30.20,OPEN_METEO_ERA5_LAND,g_22.55_114.25
2015-07-02,32.70,28.50,30.30,OPEN_METEO_ERA5_LAND,g_22.55_114.25
2015-07-03,32.20,28.20,29.90,OPEN_METEO_ERA5_LAND,g_22.55_114.25
2015-07-04,32.40,28.00,29.80,OPEN_METEO_ERA5_LAND,g_22.55_114.25
2015-07-05,30.80,27.10,28.60,OPEN_METEO_ERA5_LAND,g_22.55_114.25
2015-07-06,31.80,25.20,28.50,OPEN_METEO_ERA5_LAND,g_22.55_114.25
2015-07-07,30.90,25.60,28.10,OPEN_METEO_ERA5_LAND,g_22.55_114.25
2015-07-08,30.40,24.60,27.10,OPEN_METEO_ERA5_LAND,g_22.55_114.25
2015-07-09,29.00,24.80,26.10,OPEN_METEO_ERA5_LAND,g_22.55_114.25
2015-07-10,30.80,25.90,27.60,OPEN_METEO_ERA5_LAND,g_22.55_114.25
2015-07-11,33.00,26.10,29.40,OPEN_METEO_ERA5_LAND,g_22.55_114.25
2015-07-12,33.90,27.20,30.20,OPEN_METEO_ERA5_LAND,g_22.55_114.25
2015-07-13,32.50,27.50,29.60,OPEN_METEO_ERA5_LAND,g_22.55_114.25
2015-07-14,31.70,27.40,29.10,OPEN_METEO_ERA5_LAND,g_22.55_114.25
2015-07-15,31.30,26.70,28.60,OPEN_METEO_ERA5_LAND,g_22.55_114.25
2015-07-16,32.20,26.30,28.90,OPEN_METEO_ERA5_LAND,g_22.55_114.25
2015-07-17,30.60,26.70,28.10,OPEN_METEO_ERA5_LAND,g_22.55_114.25
2015-07-18,30.40,26.80,28.10,OPEN_METEO_ERA5_LAND,g_22.55_114.25
2015-07-19,29.90,26.70,27.90,OPEN_METEO_ERA5_LAND,g_22.55_114.25
2015-07-20,27.90,26.20,27.00,OPEN_METEO_ERA5_LAND,g_22.55_114.25
2015-07-21,27.00,25.80,26.40,OPEN_METEO_ERA5_LAND,g_22.55_114.25
2015-07-22,28.90,26.70,27.50,OPEN_METEO_ERA5_LAND,g_22.55_114.25
2015-07-23,28.40,26.60,27.50,OPEN_METEO_ERA5_LAND,g_22.55_114.25
2015-07-24,28.50,25.90,27.10,OPEN_METEO_ERA5_LAND,g_22.55_114.25
2015-07-25,29.00,26.20,27.40,OPEN_METEO_ERA5_LAND,g_22.55_114.25
2015-07-26,29.90,26.10,27.70,OPEN_METEO_ERA5_LAND,g_22.55_114.25
2015-07-27,30.60,25.50,27.60,OPEN_METEO_ERA5_LAND,g_22.55_114.25
2015-07-28,29.60,25.50,27.40,OPEN_METEO_ERA5_LAND,g_22.55_114.25
2015-07-29,28.70,25.10,27.10,OPEN_METEO_ERA5_LAND,g_22.55_114.25
2015-07-30,28.90,25.50,27.20,OPEN_METEO_ERA5_LAND,g_22.55_114.25
2015-07-31,29.90,25.00,27.60,OPEN_METEO_ERA5_LAND,g_22.55_114.25
2015-08-01,29.90,25.30,27.80,OPEN_METEO_ERA5_LAND,g_22.55_114.25
2015-08-02,30.70,25.90,28.10,OPEN_METEO_ERA5_LAND,g_22.55_114.25
2015-08-03,31.00,26.30,28.30,OPEN_METEO_ERA5_LAND,g_22.55_114.25
2015-08-04,31.00,26.20,28.50,OPEN_METEO_ERA5_LAND,g_22.55_114.25
2015-08-05,31.90,26.00,28.90,OPEN_METEO_ERA5_LAND,g_22.55_114.25
2015-08-06,32.20,26.00,29.10,OPEN_METEO_ERA5_LAND,g_22.55_114.25
2015-08-07,34.50,26.80,30.30,OPEN_METEO_ERA5_LAND,g_22.55_114.25
2015-08-08,34.70,28.90,31.50,OPEN_METEO_ERA5_LAND,g_22.55_114.25
2015-08-09,33.40,28.90,30.80,OPEN_METEO_ERA5_LAND,g_22.55_114.25
2015-08-10,29.20,26.40,27.60,OPEN_METEO_ERA5_LAND,g_22.55_114.25
2015-08-11,30.10,26.20,28.00,OPEN_METEO_ERA5_LAND,g_22.55_114.25
2015-08-12,30.70,26.30,28.20,OPEN_METEO_ERA5_LAND,g_22.55_114.25
2015-08-13,29.70,26.10,27.70,OPEN_METEO_ERA5_LAND,g_22.55_114.25
2015-08-14,29.50,26.20,27.50,OPEN_METEO_ERA5_LAND,g_22.55_114.25
2015-08-15,28.60,25.80,27.10,OPEN_METEO_ERA5_LAND,g_22.55_114.25
2015-08-16,30.30,26.50,28.50,OPEN_METEO_ERA5_LAND,g_22.55_114.25
2015-08-17,31.00,27.40,28.90,OPEN_METEO_ERA5_LAND,g_22.55_114.25
2015-08-18,31.90,27.50,29.30,OPEN_METEO_ERA5_LAND,g_22.55_114.25
2015-08-19,32.10,27.20,29.30,OPEN_METEO_ERA5_LAND,g_22.55_114.25
2015-08-20,30.80,27.10,28.70,OPEN_METEO_ERA5_LAND,g_22.55_114.25
2015-08-21,32.60,27.00,29.30,OPEN_METEO_ERA5_LAND,g_22.55_114.25
2015-08-22,32.20,27.40,29.50,OPEN_METEO_ERA5_LAND,g_22.55_114.25
2015-08-23,32.80,27.30,29.60,OPEN_METEO_ERA5_LAND,g_22.55_114.25
2015-08-24,32.60,27.40,29.90,OPEN_METEO_ERA5_LAND,g_22.55_114.25
2015-08-25,32.40,26.70,28.90,OPEN_METEO_ERA5_LAND,g_22.55_114.25
2015-08-26,29.40,25.60,27.60,OPEN_METEO_ERA5_LAND,g_22.55_114.25
2015-08-27,30.40,25.70,27.60,OPEN_METEO_ERA5_LAND,g_22.55_114.25
2015-08-28,29.20,25.50,27.00,OPEN_METEO_ERA5_LAND,g_22.55_114.25
2015-08-29,29.40,25.00,26.70,OPEN_METEO_ERA5_LAND,g_22.55_114.25
2015-08-30,27.50,25.20,26.10,OPEN_METEO_ERA5_LAND,g_22.55_114.25
2015-08-31,28.80,25.60,26.70,OPEN_METEO_ERA5_LAND,g_22.55_114.25
2015-09-01,27.90,25.20,26.40,OPEN_METEO_ERA5_LAND,g_22.55_114.25
2015-09-02,27.90,25.70,26.60,OPEN_METEO_ERA5_LAND,g_22.55_114.25
2015-09-03,29.30,25.70,27.20,OPEN_METEO_ERA5_LAND,g_22.55_114.25
2015-09-04,30.30,25.90,27.80,OPEN_METEO_ERA5_LAND,g_22.55_114.25
2015-09-05,31.30,25.90,28.40,OPEN_METEO_ERA5_LAND,g_22.55_114.25
2015-09-06,32.00,27.30,29.30,OPEN_METEO_ERA5_LAND,g_22.55_114.25
2015-09-07,29.40,26.40,27.60,OPEN_METEO_ERA5_LAND,g_22.55_114.25
2015-09-08,29.40,25.90,27.30,OPEN_METEO_ERA5_LAND,g_22.55_114.25
2015-09-09,29.50,26.00,27.40,OPEN_METEO_ERA5_LAND,g_22.55_114.25
2015-09-10,29.00,25.90,27.20,OPEN_METEO_ERA5_LAND,g_22.55_114.25
2015-09-11,28.70,25.60,26.80,OPEN_METEO_ERA5_LAND,g_22.55_114.25
2015-09-12,29.20,25.20,26.80,OPEN_METEO_ERA5_LAND,g_22.55_114.25
2015-09-13,29.20,24.40,26.60,OPEN_METEO_ERA5_LAND,g_22.55_114.25
2015-09-14,29.20,24.00,26.40,OPEN_METEO_ERA5_LAND,g_22.55_114.25
2015-09-15,29.20,25.50,27.10,OPEN_METEO_ERA5_LAND,g_22.55_114.25
2015-09-16,28.50,25.40,26.40,OPEN_METEO_ERA5_LAND,g_22.55_114.25
2015-09-17,28.70,25.20,26.80,OPEN_METEO_ERA5_LAND,g_22.55_114.25
2015-09-18,29.50,25.40,27.00,OPEN_METEO_ERA5_LAND,g_22.55_114.25
2015-09-19,29.90,25.30,27.60,OPEN_METEO_ERA5_LAND,g_22.55_114.25
2015-09-20,29.40,25.50,27.10,OPEN_METEO_ERA5_LAND,g_22.55_114.25
2015-09-21,29.10,24.70,26.40,OPEN_METEO_ERA5_LAND,g_22.55_114.25
2015-09-22,29.40,24.10,26.80,OPEN_METEO_ERA5_LAND,g_22.55_114.25
2015-09-23,30.30,25.80,27.60,OPEN_METEO_ERA5_LAND,g_22.55_114.25
2015-09-24,31.40,25.50,28.30,OPEN_METEO_ERA5_LAND,g_22.55_114.25
2015-09-25,31.90,26.20,28.90,OPEN_METEO_ERA5_LAND,g_22.55_114.25
2015-09-26,31.20,26.50,28.50,OPEN_METEO_ERA5_LAND,g_22.55_114.25
2015-09-27,30.20,26.00,27.90,OPEN_METEO_ERA5_LAND,g_22.55_114.25
2015-09-28,31.00,24.90,27.50,OPEN_METEO_ERA5_LAND,g_22.55_114.25
2015-09-29,30.40,24.90,27.50,OPEN_METEO_ERA5_LAND,g_22.55_114.25
2015-09-30,30.40,26.80,28.20,OPEN_METEO_ERA5_LAND,g_22.55_114.25
2015-10-01,30.40,25.60,27.60,OPEN_METEO_ERA5_LAND,g_22.55_114.25
2015-10-02,29.50,24.20,26.50,OPEN_METEO_ERA5_LAND,g_22.55_114.25
2015-10-03,27.60,24.90,25.90,OPEN_METEO_ERA5_LAND,g_22.55_114.25
2015-10-04,25.90,25.10,25.60,OPEN_METEO_ERA5_LAND,g_22.55_114.25
2015-10-05,26.60,24.90,25.60,OPEN_METEO_ERA5_LAND,g_22.55_114.25
2015-10-06,27.50,25.10,25.90,OPEN_METEO_ERA5_LAND,g_22.55_114.25
2015-10-07,28.00,24.80,26.00,OPEN_METEO_ERA5_LAND,g_22.55_114.25
2015-10-08,29.80,24.30,26.60,OPEN_METEO_ERA5_LAND,g_22.55_114.25
2015-10-09,28.60,23.30,25.50,OPEN_METEO_ERA5_LAND,g_22.55_114.25
2015-10-10,26.10,20.90,23.40,OPEN_METEO_ERA5_LAND,g_22.55_114.25
2015-10-11,20.30,18.00,19.10,OPEN_METEO_ERA5_LAND,g_22.55_114.25
2015-10-12,25.10,20.30,22.50,OPEN_METEO_ERA5_LAND,g_22.55_114.25
2015-10-13,26.40,21.80,23.50,OPEN_METEO_ERA5_LAND,g_22.55_114.25
2015-10-14,26.40,21.30,23.70,OPEN_METEO_ERA5_LAND,g_22.55_114.25
2015-10-15,27.40,21.10,24.00,OPEN_METEO_ERA5_LAND,g_22.55_114.25
2015-10-16,28.30,20.40,24.20,OPEN_METEO_ERA5_LAND,g_22.55_114.25
2015-10-17,28.80,20.40,24.20,OPEN_METEO_ERA5_LAND,g_22.55_114.25
2015-10-18,28.30,20.60,24.30,OPEN_METEO_ERA5_LAND,g_22.55_114.25
2015-10-19,27.60,19.00,23.70,OPEN_METEO_ERA5_LAND,g_22.55_114.25
2015-10-20,28.00,21.10,23.90,OPEN_METEO_ERA5_LAND,g_22.55_114.25
2015-10-21,28.70,21.90,24.90,OPEN_METEO_ERA5_LAND,g_22.55_114.25
2015-10-22,29.30,22.50,25.70,OPEN_METEO_ERA5_LAND,g_22.55_114.25
2015-10-23,29.60,23.40,25.90,OPEN_METEO_ERA5_LAND,g_22.55_114.25
2015-10-24,28.30,22.10,25.10,OPEN_METEO_ERA5_LAND,g_22.55_114.25
2015-10-25,27.30,24.10,25.30,OPEN_METEO_ERA5_LAND,g_22.55_114.25
2015-10-26,26.30,23.40,24.70,OPEN_METEO_ERA5_LAND,g_22.55_114.25
2015-10-27,28.50,23.30,25.70,OPEN_METEO_ERA5_LAND,g_22.55_114.25
2015-10-28,27.90,23.90,25.60,OPEN_METEO_ERA5_LAND,g_22.55_114.25
2015-10-29,26.80,24.20,25.20,OPEN_METEO_ERA5_LAND,g_22.55_114.25
2015-10-30,28.20,23.60,25.50,OPEN_METEO_ERA5_LAND,g_22.55_114.25
2015-10-31,27.10,22.50,24.40,OPEN_METEO_ERA5_LAND,g_22.55_114.25
2015-11-01,23.60,16.90,20.60,OPEN_METEO_ERA5_LAND,g_22.55_114.25
2015-11-02,24.50,16.30,19.90,OPEN_METEO_ERA5_LAND,g_22.55_114.25
2015-11-03,25.30,18.90,22.00,OPEN_METEO_ERA5_LAND,g_22.55_114.25
2015-11-04,26.60,20.90,23.40,OPEN_METEO_ERA5_LAND,g_22.55_114.25
2015-11-05,27.10,22.00,24.40,OPEN_METEO_ERA5_LAND,g_22.55_114.25
2015-11-06,27.00,23.40,24.80,OPEN_METEO_ERA5_LAND,g_22.55_114.25
2015-11-07,27.40,23.90,25.30,OPEN_METEO_ERA5_LAND,g_22.55_114.25
2015-11-08,27.90,23.70,25.60,OPEN_METEO_ERA5_LAND,g_22.55_114.25
2015-11-09,29.10,22.50,25.30,OPEN_METEO_ERA5_LAND,g_22.55_114.25
2015-11-10,25.60,21.50,23.50,OPEN_METEO_ERA5_LAND,g_22.55_114.25
2015-11-11,25.60,22.30,23.30,OPEN_METEO_ERA5_LAND,g_22.55_114.25
2015-11-12,25.40,22.30,23.60,OPEN_METEO_ERA5_LAND,g_22.55_114.25
2015-11-13,25.30,19.60,22.80,OPEN_METEO_ERA5_LAND,g_22.55_114.25
2015-11-14,26.20,19.80,22.50,OPEN_METEO_ERA5_LAND,g_22.55_114.25
2015-11-15,25.70,22.60,23.90,OPEN_METEO_ERA5_LAND,g_22.55_114.25
2015-11-16,26.30,23.20,24.30,OPEN_METEO_ERA5_LAND,g_22.55_114.25
2015-11-17,27.50,23.20,25.00,OPEN_METEO_ERA5_LAND,g_22.55_114.25
2015-11-18,29.10,23.10,25.30,OPEN_METEO_ERA5_LAND,g_22.55_114.25
2015-11-19,27.10,22.70,24.60,OPEN_METEO_ERA5_LAND,g_22.55_114.25
2015-11-20,26.90,23.00,24.50,OPEN_METEO_ERA5_LAND,g_22.55_114.25
2015-11-21,26.40,23.00,24.30,OPEN_METEO_ERA5_LAND,g_22.55_114.25
2015-11-22,27.40,22.10,24.40,OPEN_METEO_ERA5_LAND,g_22.55_114.25
2015-11-23,28.30,21.10,24.10,OPEN_METEO_ERA5_LAND,g_22.55_114.25
2015-11-24,26.20,21.60,23.40,OPEN_METEO_ERA5_LAND,g_22.55_114.25
2015-11-25,23.70,14.40,20.30,OPEN_METEO_ERA5_LAND,g_22.55_114.25
2015-11-26,20.50,13.50,16.10,OPEN_METEO_ERA5_LAND,g_22.55_114.25
2015-11-27,19.70,11.70,16.10,OPEN_METEO_ERA5_LAND,g_22.55_114.25
2015-11-28,22.10,16.70,19.10,OPEN_METEO_ERA5_LAND,g_22.55_114.25
2015-11-29,25.30,17.10,20.70,OPEN_METEO_ERA5_LAND,g_22.55_114.25
2015-11-30,24.40,16.50,20.20,OPEN_METEO_ERA5_LAND,g_22.55_114.25
2015-12-01,23.60,20.20,21.40,OPEN_METEO_ERA5_LAND,g_22.55_114.25
2015-12-02,25.10,18.60,21.80,OPEN_METEO_ERA5_LAND,g_22.55_114.25
2015-12-03,18.40,16.30,17.30,OPEN_METEO_ERA5_LAND,g_22.55_114.25
2015-12-04,20.50,15.60,17.40,OPEN_METEO_ERA5_LAND,g_22.55_114.25
2015-12-05,21.20,13.50,17.30,OPEN_METEO_ERA5_LAND,g_22.55_114.25
2015-12-06,16.00,11.60,13.70,OPEN_METEO_ERA5_LAND,g_22.55_114.25
2015-12-07,19.60,12.00,15.40,OPEN_METEO_ERA5_LAND,g_22.55_114.25
2015-12-08,17.50,14.40,15.70,OPEN_METEO_ERA5_LAND,g_22.55_114.25
2015-12-09,16.70,15.10,15.70,OPEN_METEO_ERA5_LAND,g_22.55_114.25
2015-12-10,21.70,14.70,17.30,OPEN_METEO_ERA5_LAND,g_22.55_114.25
2015-12-11,20.90,14.80,17.50,OPEN_METEO_ERA5_LAND,g_22.55_114.25
2015-12-12,20.80,17.70,19.00,OPEN_METEO_ERA5_LAND,g_22.55_114.25
2015-12-13,22.00,18.00,19.60,OPEN_METEO_ERA5_LAND,g_22.55_114.25
2015-12-14,20.10,15.10,18.10,OPEN_METEO_ERA5_LAND,g_22.55_114.25
2015-12-15,17.40,13.20,15.00,OPEN_METEO_ERA5_LAND,g_22.55_114.25
2015-12-16,15.30,10.60,12.60,OPEN_METEO_ERA5_LAND,g_22.55_114.25
2015-12-17,13.40,8.50,10.60,OPEN_METEO_ERA5_LAND,g_22.55_114.25
2015-12-18,15.40,7.70,11.10,OPEN_METEO_ERA5_LAND,g_22.55_114.25
2015-12-19,17.90,9.90,13.50,OPEN_METEO_ERA5_LAND,g_22.55_114.25
2015-12-20,16.70,12.70,15.10,OPEN_METEO_ERA5_LAND,g_22.55_114.25
2015-12-21,19.80,15.10,17.10,OPEN_METEO_ERA5_LAND,g_22.55_114.25
2015-12-22,21.60,17.80,19.50,OPEN_METEO_ERA5_LAND,g_22.55_114.25
2015-12-23,22.60,18.40,20.50,OPEN_METEO_ERA5_LAND,g_22.55_114.25
2015-12-24,24.20,16.60,21.30,OPEN_METEO_ERA5_LAND,g_22.55_114.25
2015-12-25,16.40,13.80,14.90,OPEN_METEO_ERA5_LAND,g_22.55_114.25
2015-12-26,17.60,13.30,15.00,OPEN_METEO_ERA5_LAND,g_22.55_114.25
2015-12-27,16.30,14.00,15.20,OPEN_METEO_ERA5_LAND,g_22.55_114.25
2015-12-28,19.40,14.40,16.60,OPEN_METEO_ERA5_LAND,g_22.55_114.25
2015-12-29,19.50,14.80,16.70,OPEN_METEO_ERA5_LAND,g_22.55_114.25
2015-12-30,19.10,12.80,15.50,OPEN_METEO_ERA5_LAND,g_22.55_114.25
2015-12-31,19.60,13.10,15.70,OPEN_METEO_ERA5_LAND,g_22.55_114.25
2016-01-01,20.70,14.30,16.70,OPEN_METEO_ERA5_LAND,g_22.55_114.25
2016-01-02,21.20,13.70,17.20,OPEN_METEO_ERA5_LAND,g_22.55_114.25
2016-01-03,20.80,17.70,18.70,OPEN_METEO_ERA5_LAND,g_22.55_114.25
2016-01-04,22.10,18.50,19.60,OPEN_METEO_ERA5_LAND,g_22.55_114.25
2016-01-05,21.40,18.50,19.60,OPEN_METEO_ERA5_LAND,g_22.55_114.25
2016-01-06,22.80,16.20,19.60,OPEN_METEO_ERA5_LAND,g_22.55_114.25
2016-01-07,20.40,14.40,16.90,OPEN_METEO_ERA5_LAND,g_22.55_114.25
2016-01-08,20.10,15.30,17.00,OPEN_METEO_ERA5_LAND,g_22.55_114.25
2016-01-09,18.60,15.20,16.70,OPEN_METEO_ERA5_LAND,g_22.55_114.25
2016-01-10,18.50,16.10,17.20,OPEN_METEO_ERA5_LAND,g_22.55_114.25
2016-01-11,18.00,14.10,16.40,OPEN_METEO_ERA5_LAND,g_22.55_114.25
2016-01-12,16.50,13.00,14.40,OPEN_METEO_ERA5_LAND,g_22.55_114.25
2016-01-13,18.20,11.50,14.50,OPEN_METEO_ERA5_LAND,g_22.55_114.25
2016-01-14,16.50,13.00,14.50,OPEN_METEO_ERA5_LAND,g_22.55_114.25
2016-01-15,14.50,12.70,13.90,OPEN_METEO_ERA5_LAND,g_22.55_114.25
2016-01-16,18.40,14.10,16.80,OPEN_METEO_ERA5_LAND,g_22.55_114.25
2016-01-17,19.50,12.90,17.00,OPEN_METEO_ERA5_LAND,g_22.55_114.25
2016-01-18,17.00,9.80,13.80,OPEN_METEO_ERA5_LAND,g_22.55_114.25
2016-01-19,15.80,14.20,15.20,OPEN_METEO_ERA5_LAND,g_22.55_114.25
2016-01-20,16.10,14.30,15.40,OPEN_METEO_ERA5_LAND,g_22.55_114.25
2016-01-21,15.80,11.30,14.20,OPEN_METEO_ERA5_LAND,g_22.55_114.25
2016-01-22,12.30,7.20,10.60,OPEN_METEO_ERA5_LAND,g_22.55_114.25
2016-01-23,6.90,5.50,5.90,OPEN_METEO_ERA5_LAND,g_22.55_114.25
2016-01-24,5.40,2.70,3.90,OPEN_METEO_ERA5_LAND,g_22.55_114.25
2016-01-25,9.50,1.60,5.30,OPEN_METEO_ERA5_LAND,g_22.55_114.25
2016-01-26,10.30,5.40,7.40,OPEN_METEO_ERA5_LAND,g_22.55_114.25
2016-01-27,15.40,7.50,11.10,OPEN_METEO_ERA5_LAND,g_22.55_114.25
2016-01-28,16.80,15.10,15.80,OPEN_METEO_ERA5_LAND,g_22.55_114.25
2016-01-29,18.10,14.70,16.60,OPEN_METEO_ERA5_LAND,g_22.55_114.25
2016-01-30,20.20,13.00,16.30,OPEN_METEO_ERA5_LAND,g_22.55_114.25
2016-01-31,16.60,14.10,15.60,OPEN_METEO_ERA5_LAND,g_22.55_114.25
2016-02-01,15.60,6.70,8.90,OPEN_METEO_ERA5_LAND,g_22.55_114.25
2016-02-02,8.70,6.30,7.40,OPEN_METEO_ERA5_LAND,g_22.55_114.25
2016-02-03,13.50,7.70,10.10,OPEN_METEO_ERA5_LAND,g_22.55_114.25
2016-02-04,19.40,10.00,14.20,OPEN_METEO_ERA5_LAND,g_22.55_114.25
2016-02-05,16.40,10.10,12.40,OPEN_METEO_ERA5_LAND,g_22.55_114.25
2016-02-06,15.20,9.00,11.50,OPEN_METEO_ERA5_LAND,g_22.55_114.25
2016-02-07,15.80,6.70,10.50,OPEN_METEO_ERA5_LAND,g_22.55_114.25
2016-02-08,18.30,5.90,12.10,OPEN_METEO_ERA5_LAND,g_22.55_114.25
2016-02-09,20.50,8.10,14.60,OPEN_METEO_ERA5_LAND,g_22.55_114.25
2016-02-10,20.00,15.50,17.20,OPEN_METEO_ERA5_LAND,g_22.55_114.25
2016-02-11,22.80,16.10,19.20,OPEN_METEO_ERA5_LAND,g_22.55_114.25
2016-02-12,23.30,19.20,20.90,OPEN_METEO_ERA5_LAND,g_22.55_114.25
2016-02-13,24.90,20.40,22.30,OPEN_METEO_ERA5_LAND,g_22.55_114.25
2016-02-14,21.70,12.10,18.70,OPEN_METEO_ERA5_LAND,g_22.55_114.25
2016-02-15,11.40,9.00,10.00,OPEN_METEO_ERA5_LAND,g_22.55_114.25
2016-02-16,12.70,8.50,10.40,OPEN_METEO_ERA5_LAND,g_22.55_114.25
2016-02-17,13.20,11.20,12.10,OPEN_METEO_ERA5_LAND,g_22.55_114.25
2016-02-18,16.40,11.80,13.80,OPEN_METEO_ERA5_LAND,g_22.55_114.25
2016-02-19,15.00,13.90,14.60,OPEN_METEO_ERA5_LAND,g_22.55_114.25
2016-02-20,19.50,12.20,15.10,OPEN_METEO_ERA5_LAND,g_22.55_114.25
2016-02-21,16.80,14.10,15.40,OPEN_METEO_ERA5_LAND,g_22.55_114.25
2016-02-22,21.10,15.90,18.30,OPEN_METEO_ERA5_LAND,g_22.55_114.25
2016-02-23,15.50,12.00,14.20,OPEN_METEO_ERA5_LAND,g_22.55_114.25
2016-02-24,13.60,10.80,12.10,OPEN_METEO_ERA5_LAND,g_22.55_114.25
2016-02-25,16.00,12.30,13.70,OPEN_METEO_ERA5_LAND,g_22.55_114.25
2016-02-26,15.50,12.50,13.70,OPEN_METEO_ERA5_LAND,g_22.55_114.25
2016-02-27,20.60,12.50,15.40,OPEN_METEO_ERA5_LAND,g_22.55_114.25
2016-02-28,21.00,9.80,15.60,OPEN_METEO_ERA5_LAND,g_22.55_114.25
2016-02-29,23.40,10.40,17.00,OPEN_METEO_ERA5_LAND,g_22.55_114.25
2016-03-01,19.50,14.20,16.40,OPEN_METEO_ERA5_LAND,g_22.55_114.25
2016-03-02,19.30,13.90,16.10,OPEN_METEO_ERA5_LAND,g_22.55_114.25
2016-03-03,21.80,13.60,17.40,OPEN_METEO_ERA5_LAND,g_22.55_114.25
2016-03-04,22.70,15.30,18.60,OPEN_METEO_ERA5_LAND,g_22.55_114.25
2016-03-05,22.60,18.30,20.10,OPEN_METEO_ERA5_LAND,g_22.55_114.25
2016-03-06,25.10,17.60,21.00,OPEN_METEO_ERA5_LAND,g_22.55_114.25
2016-03-07,22.70,16.70,19.80,OPEN_METEO_ERA5_LAND,g_22.55_114.25
2016-03-08,23.30,18.60,20.90,OPEN_METEO_ERA5_LAND,g_22.55_114.25
2016-03-09,23.30,20.10,21.60,OPEN_METEO_ERA5_LAND,g_22.55_114.25
2016-03-10,18.80,8.00,11.50,OPEN_METEO_ERA5_LAND,g_22.55_114.25
2016-03-11,12.70,7.60,10.20,OPEN_METEO_ERA5_LAND,g_22.55_114.25
2016-03-12,16.20,11.90,14.40,OPEN_METEO_ERA5_LAND,g_22.55_114.25
2016-03-13,19.50,14.70,16.90,OPEN_METEO_ERA5_LAND,g_22.55_114.25
2016-03-14,17.50,11.90,14.80,OPEN_METEO_ERA5_LAND,g_22.55_114.25
2016-03-15,15.80,14.50,15.30,OPEN_METEO_ERA5_LAND,g_22.55_114.25
2016-03-16,18.70,14.40,16.50,OPEN_METEO_ERA5_LAND,g_22.55_114.25
2016-03-17,20.20,16.90,18.60,OPEN_METEO_ERA5_LAND,g_22.55_114.25
2016-03-18,23.50,18.80,21.10,OPEN_METEO_ERA5_LAND,g_22.55_114.25
2016-03-19,25.50,20.60,22.50,OPEN_METEO_ERA5_LAND,g_22.55_114.25
2016-03-20,22.10,19.80,20.80,OPEN_METEO_ERA5_LAND,g_22.55_114.25
2016-03-21,20.80,18.00,19.40,OPEN_METEO_ERA5_LAND,g_22.55_114.25
2016-03-22,21.40,17.70,19.40,OPEN_METEO_ERA5_LAND,g_22.55_114.25
2016-03-23,23.40,17.00,20.10,OPEN_METEO_ERA5_LAND,g_22.55_114.25
2016-03-24,16.70,12.00,14.90,OPEN_METEO_ERA5_LAND,g_22.55_114.25
2016-03-25,17.40,11.30,13.80,OPEN_METEO_ERA5_LAND,g_22.55_114.25
2016-03-26,19.20,9.40,15.00,OPEN_METEO_ERA5_LAND,g_22.55_114.25
2016-03-27,20.50,11.90,16.20,OPEN_METEO_ERA5_LAND,g_22.55_114.25
2016-03-28,19.10,12.10,15.80,OPEN_METEO_ERA5_LAND,g_22.55_114.25
2016-03-29,21.40,14.90,18.10,OPEN_METEO_ERA5_LAND,g_22.55_114.25
2016-03-30,22.60,17.90,20.20,OPEN_METEO_ERA5_LAND,g_22.55_114.25
2016-03-31,25.90,19.00,22.00,OPEN_METEO_ERA5_LAND,g_22.55_114.25
2016-04-01,24.90,19.20,21.50,OPEN_METEO_ERA5_LAND,g_22.55_114.25
2016-04-02,24.40,20.10,21.70,OPEN_METEO_ERA5_LAND,g_22.55_114.25
2016-04-03,25.50,20.80,22.60,OPEN_METEO_ERA5_LAND,g_22.55_114.25
2016-04-04,26.20,20.60,23.40,OPEN_METEO_ERA5_LAND,g_22.55_114.25
2016-04-05,25.90,21.60,23.30,OPEN_METEO_ERA5_LAND,g_22.55_114.25
2016-04-06,27.00,22.00,24.00,OPEN_METEO_ERA5_LAND,g_22.55_114.25
2016-04-07,27.30,23.00,24.50,OPEN_METEO_ERA5_LAND,g_22.55_114.25
2016-04-08,27.90,23.40,25.10,OPEN_METEO_ERA5_LAND,g_22.55_114.25
2016-04-09,27.90,23.60,25.20,OPEN_METEO_ERA5_LAND,g_22.55_114.25
2016-04-10,26.60,23.90,25.00,OPEN_METEO_ERA5_LAND,g_22.55_114.25
2016-04-11,23.50,21.20,22.30,OPEN_METEO_ERA5_LAND,g_22.55_114.25
2016-04-12,23.60,20.90,22.10,OPEN_METEO_ERA5_LAND,g_22.55_114.25
2016-04-13,27.30,22.00,24.20,OPEN_METEO_ERA5_LAND,g_22.55_114.25
2016-04-14,27.90,22.80,25.10,OPEN_METEO_ERA5_LAND,g_22.55_114.25
2016-04-15,24.60,22.40,23.70,OPEN_METEO_ERA5_LAND,g_22.55_114.25
2016-04-16,28.40,23.30,25.60,OPEN_METEO_ERA5_LAND,g_22.55_114.25
2016-04-17,27.80,24.30,25.80,OPEN_METEO_ERA5_LAND,g_22.55_114.25
2016-04-18,25.80,19.80,23.60,OPEN_METEO_ERA5_LAND,g_22.55_114.25
2016-04-19,23.60,20.90,21.70,OPEN_METEO_ERA5_LAND,g_22.55_114.25
2016-04-20,25.00,20.90,22.90,OPEN_METEO_ERA5_LAND,g_22.55_114.25
2016-04-21,28.00,22.60,24.90,OPEN_METEO_ERA5_LAND,g_22.55_114.25
2016-04-22,28.60,23.00,25.40,OPEN_METEO_ERA5_LAND,g_22.55_114.25
2016-04-23,27.20,23.80,25.10,OPEN_METEO_ERA5_LAND,g_22.55_114.25
2016-04-24,26.20,22.50,24.10,OPEN_METEO_ERA5_LAND,g_22.55_114.25
2016-04-25,27.60,23.40,24.70,OPEN_METEO_ERA5_LAND,g_22.55_114.25
2016-04-26,28.60,23.90,25.90,OPEN_METEO_ERA5_LAND,g_22.55_114.25
2016-04-27,29.60,23.40,26.10,OPEN_METEO_ERA5_LAND,g_22.55_114.25
2016-04-28,29.10,23.90,26.00,OPEN_METEO_ERA5_LAND,g_22.55_114.25
2016-04-29,25.60,22.70,23.90,OPEN_METEO_ERA5_LAND,g_22.55_114.25
2016-04-30,24.30,22.20,23.00,OPEN_METEO_ERA5_LAND,g_22.55_114.25
2016-05-01,26.20,21.40,23.80,OPEN_METEO_ERA5_LAND,g_22.55_114.25
2016-05-02,28.90,23.70,26.20,OPEN_METEO_ERA5_LAND,g_22.55_114.25
2016-05-03,28.70,25.40,26.80,OPEN_METEO_ERA5_LAND,g_22.55_114.25
2016-05-04,28.20,23.70,26.10,OPEN_METEO_ERA5_LAND,g_22.55_114.25
2016-05-05,29.80,25.40,27.20,OPEN_METEO_ERA5_LAND,g_22.55_114.25
2016-05-06,29.90,25.60,27.50,OPEN_METEO_ERA5_LAND,g_22.55_114.25
2016-05-07,29.80,25.90,27.60,OPEN_METEO_ERA5_LAND,g_22.55_114.25
2016-05-08,29.30,26.10,27.50,OPEN_METEO_ERA5_LAND,g_22.55_114.25
2016-05-09,30.20,26.10,27.90,OPEN_METEO_ERA5_LAND,g_22.55_114.25
2016-05-10,27.10,23.90,25.90,OPEN_METEO_ERA5_LAND,g_22.55_114.25
2016-05-11,27.90,21.60,24.60,OPEN_METEO_ERA5_LAND,g_22.55_114.25
2016-05-12,27.10,22.90,24.90,OPEN_METEO_ERA5_LAND,g_22.55_114.25
2016-05-13,28.00,23.90,25.70,OPEN_METEO_ERA5_LAND,g_22.55_114.25
2016-05-14,27.40,24.60,25.70,OPEN_METEO_ERA5_LAND,g_22.55_114.25
2016-05-15,28.70,24.30,26.30,OPEN_METEO_ERA5_LAND,g_22.55_114.25
2016-05-16,27.10,19.30,23.10,OPEN_METEO_ERA5_LAND,g_22.55_114.25
2016-05-17,24.80,22.60,23.50,OPEN_METEO_ERA5_LAND,g_22.55_114.25
2016-05-18,26.30,22.80,24.00,OPEN_METEO_ERA5_LAND,g_22.55_114.25
2016-05-19,26.70,23.30,24.90,OPEN_METEO_ERA5_LAND,g_22.55_114.25
2016-05-20,26.00,23.90,24.60,OPEN_METEO_ERA5_LAND,g_22.55_114.25
2016-05-21,28.10,24.10,25.50,OPEN_METEO_ERA5_LAND,g_22.55_114.25
2016-05-22,29.70,23.50,26.00,OPEN_METEO_ERA5_LAND,g_22.55_114.25
2016-05-23,29.10,23.10,26.10,OPEN_METEO_ERA5_LAND,g_22.55_114.25
2016-05-24,29.30,24.40,26.90,OPEN_METEO_ERA5_LAND,g_22.55_114.25
2016-05-25,29.30,25.00,27.10,OPEN_METEO_ERA5_LAND,g_22.55_114.25
2016-05-26,29.10,25.50,27.10,OPEN_METEO_ERA5_LAND,g_22.55_114.25
2016-05-27,29.30,26.00,27.30,OPEN_METEO_ERA5_LAND,g_22.55_114.25
2016-05-28,29.90,26.20,27.20,OPEN_METEO_ERA5_LAND,g_22.55_114.25
2016-05-29,30.20,26.00,27.70,OPEN_METEO_ERA5_LAND,g_22.55_114.25
2016-05-30,30.80,26.80,28.50,OPEN_METEO_ERA5_LAND,g_22.55_114.25
2016-05-31,31.40,27.10,29.00,OPEN_METEO_ERA5_LAND,g_22.55_114.25
2016-06-01,32.10,27.70,29.50,OPEN_METEO_ERA5_LAND,g_22.55_114.25
2016-06-02,32.40,27.70,29.70,OPEN_METEO_ERA5_LAND,g_22.55_114.25
2016-06-03,32.10,27.90,29.80,OPEN_METEO_ERA5_LAND,g_22.55_114.25
2016-06-04,31.90,26.80,28.60,OPEN_METEO_ERA5_LAND,g_22.55_114.25
2016-06-05,28.20,25.70,27.10,OPEN_METEO_ERA5_LAND,g_22.55_114.25
2016-06-06,28.60,25.40,26.70,OPEN_METEO_ERA5_LAND,g_22.55_114.25
2016-06-07,30.30,24.90,27.50,OPEN_METEO_ERA5_LAND,g_22.55_114.25
2016-06-08,29.30,25.80,26.90,OPEN_METEO_ERA5_LAND,g_22.55_114.25
2016-06-09,28.40,25.70,26.80,OPEN_METEO_ERA5_LAND,g_22.55_114.25
2016-06-10,29.70,25.50,27.30,OPEN_METEO_ERA5_LAND,g_22.55_114.25
2016-06-11,27.70,25.70,26.70,OPEN_METEO_ERA5_LAND,g_22.55_114.25
2016-06-12,28.20,25.50,26.70,OPEN_METEO_ERA5_LAND,g_22.55_114.25
2016-06-13,30.80,26.00,27.50,OPEN_METEO_ERA5_LAND,g_22.55_114.25
2016-06-14,30.80,27.40,28.80,OPEN_METEO_ERA5_LAND,g_22.55_114.25
2016-06-15,31.40,27.30,29.00,OPEN_METEO_ERA5_LAND,g_22.55_114.25
2016-06-16,30.30,27.00,28.20,OPEN_METEO_ERA5_LAND,g_22.55_114.25
2016-06-17,30.20,26.60,28.50,OPEN_METEO_ERA5_LAND,g_22.55_114.25
2016-06-18,30.40,27.20,28.70,OPEN_METEO_ERA5_LAND,g_22.55_114.25
2016-06-19,31.70,27.10,29.10,OPEN_METEO_ERA5_LAND,g_22.55_114.25
2016-06-20,31.40,27.00,29.10,OPEN_METEO_ERA5_LAND,g_22.55_114.25
2016-06-21,31.40,26.80,29.30,OPEN_METEO_ERA5_LAND,g_22.55_114.25
2016-06-22,32.20,27.10,29.40,OPEN_METEO_ERA5_LAND,g_22.55_114.25
2016-06-23,31.80,26.90,29.40,OPEN_METEO_ERA5_LAND,g_22.55_114.25
2016-06-24,32.10,27.20,29.60,OPEN_METEO_ERA5_LAND,g_22.55_114.25
2016-06-25,32.40,27.40,29.50,OPEN_METEO_ERA5_LAND,g_22.55_114.25
2016-06-26,31.90,27.40,29.60,OPEN_METEO_ERA5_LAND,g_22.55_114.25
2016-06-27,31.60,27.90,29.50,OPEN_METEO_ERA5_LAND,g_22.55_114.25
2016-06-28,29.50,26.80,27.90,OPEN_METEO_ERA5_LAND,g_22.55_114.25
2016-06-29,29.30,26.60,27.90,OPEN_METEO_ERA5_LAND,g_22.55_114.25
2016-06-30,31.00,26.70,28.40,OPEN_METEO_ERA5_LAND,g_22.55_114.25
2016-07-01,30.60,26.90,28.70,OPEN_METEO_ERA5_LAND,g_22.55_114.25
2016-07-02,30.70,27.00,28.70,OPEN_METEO_ERA5_LAND,g_22.55_114.25
2016-07-03,29.80,27.20,28.10,OPEN_METEO_ERA5_LAND,g_22.55_114.25
2016-07-04,29.70,26.60,27.80,OPEN_METEO_ERA5_LAND,g_22.55_114.25
2016-07-05,29.30,26.60,27.70,OPEN_METEO_ERA5_LAND,g_22.55_114.25
2016-07-06,29.50,26.00,27.70,OPEN_METEO_ERA5_LAND,g_22.55_114.25
2016-07-07,32.50,26.90,29.20,OPEN_METEO_ERA5_LAND,g_22.55_114.25
2016-07-08,34.30,27.60,30.60,OPEN_METEO_ERA5_LAND,g_22.55_114.25
2016-07-09,35.10,28.60,31.60,OPEN_METEO_ERA5_LAND,g_22.55_114.25
2016-07-10,31.00,26.70,28.50,OPEN_METEO_ERA5_LAND,g_22.55_114.25
2016-07-11,31.50,26.90,28.50,OPEN_METEO_ERA5_LAND,g_22.55_114.25
2016-07-12,28.00,26.60,27.30,OPEN_METEO_ERA5_LAND,g_22.55_114.25
2016-07-13,29.90,26.20,27.80,OPEN_METEO_ERA5_LAND,g_22.55_114.25
2016-07-14,30.60,26.60,28.10,OPEN_METEO_ERA5_LAND,g_22.55_114.25
2016-07-15,31.60,27.30,29.10,OPEN_METEO_ERA5_LAND,g_22.55_114.25
2016-07-16,31.80,27.80,29.60,OPEN_METEO_ERA5_LAND,g_22.55_114.25
2016-07-17,32.10,28.10,29.90,OPEN_METEO_ERA5_LAND,g_22.55_114.25
2016-07-18,31.50,27.30,29.20,OPEN_METEO_ERA5_LAND,g_22.55_114.25
2016-07-19,30.80,26.70,28.50,OPEN_METEO_ERA5_LAND,g_22.55_114.25
2016-07-20,31.40,26.90,29.00,OPEN_METEO_ERA5_LAND,g_22.55_114.25
2016-07-21,31.50,26.90,28.90,OPEN_METEO_ERA5_LAND,g_22.55_114.25
2016-07-22,32.40,26.50,29.30,OPEN_METEO_ERA5_LAND,g_22.55_114.25
2016-07-23,32.80,27.50,29.70,OPEN_METEO_ERA5_LAND,g_22.55_114.25
2016-07-24,33.30,27.40,30.00,OPEN_METEO_ERA5_LAND,g_22.55_114.25
2016-07-25,33.00,27.00,29.70,OPEN_METEO_ERA5_LAND,g_22.55_114.25
2016-07-26,30.10,26.80,28.30,OPEN_METEO_ERA5_LAND,g_22.55_114.25
2016-07-27,31.30,26.30,28.90,OPEN_METEO_ERA5_LAND,g_22.55_114.25
2016-07-28,32.20,27.10,29.40,OPEN_METEO_ERA5_LAND,g_22.55_114.25
2016-07-29,33.80,27.20,30.10,OPEN_METEO_ERA5_LAND,g_22.55_114.25
2016-07-30,33.50,27.80,30.20,OPEN_METEO_ERA5_LAND,g_22.55_114.25
2016-07-31,31.90,27.20,29.40,OPEN_METEO_ERA5_LAND,g_22.55_114.25
2016-08-01,32.90,27.20,29.30,OPEN_METEO_ERA5_LAND,g_22.55_114.25
2016-08-02,27.30,26.10,26.90,OPEN_METEO_ERA5_LAND,g_22.55_114.25
2016-08-03,28.30,26.20,27.00,OPEN_METEO_ERA5_LAND,g_22.55_114.25
2016-08-04,29.70,26.00,27.30,OPEN_METEO_ERA5_LAND,g_22.55_114.25
2016-08-05,31.40,26.00,28.70,OPEN_METEO_ERA5_LAND,g_22.55_114.25
2016-08-06,33.20,27.30,29.90,OPEN_METEO_ERA5_LAND,g_22.55_114.25
2016-08-07,33.20,28.20,30.20,OPEN_METEO_ERA5_LAND,g_22.55_114.25
2016-08-08,33.00,27.70,29.90,OPEN_METEO_ERA5_LAND,g_22.55_114.25
2016-08-09,32.60,27.90,29.90,OPEN_METEO_ERA5_LAND,g_22.55_114.25
2016-08-10,28.50,26.10,26.90,OPEN_METEO_ERA5_LAND,g_22.55_114.25
2016-08-11,30.60,25.90,27.70,OPEN_METEO_ERA5_LAND,g_22.55_114.25
2016-08-12,29.60,26.50,27.50,OPEN_METEO_ERA5_LAND,g_22.55_114.25
2016-08-13,29.70,26.20,27.70,OPEN_METEO_ERA5_LAND,g_22.55_114.25
2016-08-14,28.30,26.00,26.80,OPEN_METEO_ERA5_LAND,g_22.55_114.25
2016-08-15,28.40,25.60,26.60,OPEN_METEO_ERA5_LAND,g_22.55_114.25
2016-08-16,28.30,25.90,26.70,OPEN_METEO_ERA5_LAND,g_22.55_114.25
2016-08-17,29.10,25.90,27.00,OPEN_METEO_ERA5_LAND,g_22.55_114.25
2016-08-18,29.80,26.60,27.70,OPEN_METEO_ERA5_LAND,g_22.55_114.25
2016-08-19,30.20,26.40,28.00,OPEN_METEO_ERA5_LAND,g_22.55_114.25
2016-08-20,32.10,26.90,28.90,OPEN_METEO_ERA5_LAND,g_22.55_114.25
2016-08-21,31.00,26.30,28.50,OPEN_METEO_ERA5_LAND,g_22.55_114.25
2016-08-22,30.60,27.00,28.60,OPEN_METEO_ERA5_LAND,g_22.55_114.25
2016-08-23,32.30,26.50,29.10,OPEN_METEO_ERA5_LAND,g_22.55_114.25
2016-08-24,32.20,26.70,29.40,OPEN_METEO_ERA5_LAND,g_22.55_114.25
2016-08-25,31.90,26.60,29.20,OPEN_METEO_ERA5_LAND,g_22.55_114.25
2016-08-26,33.50,26.80,30.10,OPEN_METEO_ERA5_LAND,g_22.55_114.25
2016-08-27,31.20,26.70,28.50,OPEN_METEO_ERA5_LAND,g_22.55_114.25
2016-08-28,30.30,26.30,28.00,OPEN_METEO_ERA5_LAND,g_22.55_114.25
2016-08-29,28.60,25.20,26.70,OPEN_METEO_ERA5_LAND,g_22.55_114.25
2016-08-30,30.20,24.40,27.40,OPEN_METEO_ERA5_LAND,g_22.55_114.25
2016-08-31,30.80,25.30,27.90,OPEN_METEO_ERA5_LAND,g_22.55_114.25
2016-09-01,29.10,25.90,27.60,OPEN_METEO_ERA5_LAND,g_22.55_114.25
2016-09-02,27.90,25.90,26.90,OPEN_METEO_ERA5_LAND,g_22.55_114.25
2016-09-03,27.50,25.60,26.40,OPEN_METEO_ERA5_LAND,g_22.55_114.25
2016-09-04,29.30,26.20,27.20,OPEN_METEO_ERA5_LAND,g_22.55_114.25
2016-09-05,28.80,26.20,27.20,OPEN_METEO_ERA5_LAND,g_22.55_114.25
2016-09-06,28.10,25.90,26.90,OPEN_METEO_ERA5_LAND,g_22.55_114.25
2016-09-07,28.90,26.00,26.80,OPEN_METEO_ERA5_LAND,g_22.55_114.25
2016-09-08,29.40,25.80,27.00,OPEN_METEO_ERA5_LAND,g_22.55_114.25
2016-09-09,29.60,25.60,27.10,OPEN_METEO_ERA5_LAND,g_22.55_114.25
2016-09-10,28.80,25.80,27.00,OPEN_METEO_ERA5_LAND,g_22.55_114.25
2016-09-11,30.60,25.20,27.30,OPEN_METEO_ERA5_LAND,g_22.55_114.25
2016-09-12,30.70,25.10,27.60,OPEN_METEO_ERA5_LAND,g_22.55_114.25
2016-09-13,29.90,25.80,27.60,OPEN_METEO_ERA5_LAND,g_22.55_114.25
2016-09-14,31.30,26.10,28.30,OPEN_METEO_ERA5_LAND,g_22.55_114.25
2016-09-15,31.70,26.40,28.70,OPEN_METEO_ERA5_LAND,g_22.55_114.25
2016-09-16,31.00,26.10,28.40,OPEN_METEO_ERA5_LAND,g_22.55_114.25
2016-09-17,31.00,25.90,28.30,OPEN_METEO_ERA5_LAND,g_22.55_114.25
2016-09-18,30.70,24.80,27.40,OPEN_METEO_ERA5_LAND,g_22.55_114.25
2016-09-19,30.30,25.40,27.20,OPEN_METEO_ERA5_LAND,g_22.55_114.25
2016-09-20,28.90,23.50,26.10,OPEN_METEO_ERA5_LAND,g_22.55_114.25
2016-09-21,29.30,24.80,26.80,OPEN_METEO_ERA5_LAND,g_22.55_114.25
2016-09-22,28.70,25.20,26.80,OPEN_METEO_ERA5_LAND,g_22.55_114.25
2016-09-23,28.40,25.40,26.70,OPEN_METEO_ERA5_LAND,g_22.55_114.25
2016-09-24,29.20,25.50,27.00,OPEN_METEO_ERA5_LAND,g_22.55_114.25
2016-09-25,30.10,25.70,27.50,OPEN_METEO_ERA5_LAND,g_22.55_114.25
2016-09-26,31.50,25.80,28.40,OPEN_METEO_ERA5_LAND,g_22.55_114.25
2016-09-27,34.20,26.80,30.10,OPEN_METEO_ERA5_LAND,g_22.55_114.25
2016-09-28,31.10,27.60,29.20,OPEN_METEO_ERA5_LAND,g_22.55_114.25
2016-09-29,27.40,22.50,24.50,OPEN_METEO_ERA5_LAND,g_22.55_114.25
2016-09-30,28.30,21.90,24.60,OPEN_METEO_ERA5_LAND,g_22.55_114.25
2016-10-01,28.30,24.30,26.10,OPEN_METEO_ERA5_LAND,g_22.55_114.25
2016-10-02,29.30,24.40,26.50,OPEN_METEO_ERA5_LAND,g_22.55_114.25
2016-10-03,30.00,25.10,26.70,OPEN_METEO_ERA5_LAND,g_22.55_114.25
2016-10-04,29.30,25.20,26.80,OPEN_METEO_ERA5_LAND,g_22.55_114.25
2016-10-05,29.80,25.40,27.20,OPEN_METEO_ERA5_LAND,g_22.55_114.25
2016-10-06,30.40,25.20,27.60,OPEN_METEO_ERA5_LAND,g_22.55_114.25
2016-10-07,30.40,25.60,27.50,OPEN_METEO_ERA5_LAND,g_22.55_114.25
2016-10-08,28.90,24.20,26.50,OPEN_METEO_ERA5_LAND,g_22.55_114.25
2016-10-09,26.50,23.10,24.20,OPEN_METEO_ERA5_LAND,g_22.55_114.25
2016-10-10,25.90,21.80,23.50,OPEN_METEO_ERA5_LAND,g_22.55_114.25
2016-10-11,24.60,22.00,23.00,OPEN_METEO_ERA5_LAND,g_22.55_114.25
2016-10-12,24.50,21.30,22.50,OPEN_METEO_ERA5_LAND,g_22.55_114.25
2016-10-13,28.20,21.20,24.30,OPEN_METEO_ERA5_LAND,g_22.55_114.25
2016-10-14,28.70,22.20,25.10,OPEN_METEO_ERA5_LAND,g_22.55_114.25
2016-10-15,29.40,22.40,25.70,OPEN_METEO_ERA5_LAND,g_22.55_114.25
2016-10-16,30.20,23.90,26.80,OPEN_METEO_ERA5_LAND,g_22.55_114.25
2016-10-17,29.00,24.60,26.30,OPEN_METEO_ERA5_LAND,g_22.55_114.25
2016-10-18,25.90,24.70,25.20,OPEN_METEO_ERA5_LAND,g_22.55_114.25
2016-10-19,26.30,24.60,25.50,OPEN_METEO_ERA5_LAND,g_22.55_114.25
2016-10-20,30.50,23.50,26.80,OPEN_METEO_ERA5_LAND,g_22.55_114.25
2016-10-21,27.00,25.00,25.80,OPEN_METEO_ERA5_LAND,g_22.55_114.25
2016-10-22,29.00,25.20,26.90,OPEN_METEO_ERA5_LAND,g_22.55_114.25
2016-10-23,28.90,24.00,26.20,OPEN_METEO_ERA5_LAND,g_22.55_114.25
2016-10-24,28.40,24.40,26.20,OPEN_METEO_ERA5_LAND,g_22.55_114.25
2016-10-25,28.20,25.30,26.40,OPEN_METEO_ERA5_LAND,g_22.55_114.25
2016-10-26,28.90,25.10,26.60,OPEN_METEO_ERA5_LAND,g_22.55_114.25
2016-10-27,30.00,24.60,26.80,OPEN_METEO_ERA5_LAND,g_22.55_114.25
2016-10-28,30.50,24.10,26.90,OPEN_METEO_ERA5_LAND,g_22.55_114.25
2016-10-29,26.90,20.30,24.20,OPEN_METEO_ERA5_LAND,g_22.55_114.25
2016-10-30,26.20,19.20,22.40,OPEN_METEO_ERA5_LAND,g_22.55_114.25
2016-10-31,27.20,20.30,23.40,OPEN_METEO_ERA5_LAND,g_22.55_114.25
2016-11-01,25.50,19.70,21.90,OPEN_METEO_ERA5_LAND,g_22.55_114.25
2016-11-02,24.70,18.50,20.80,OPEN_METEO_ERA5_LAND,g_22.55_114.25
2016-11-03,23.20,16.80,19.70,OPEN_METEO_ERA5_LAND,g_22.55_114.25
2016-11-04,24.40,17.30,20.60,OPEN_METEO_ERA5_LAND,g_22.55_114.25
2016-11-05,25.10,18.90,22.00,OPEN_METEO_ERA5_LAND,g_22.55_114.25
2016-11-06,25.50,19.20,22.60,OPEN_METEO_ERA5_LAND,g_22.55_114.25
2016-11-07,26.30,21.50,23.70,OPEN_METEO_ERA5_LAND,g_22.55_114.25
2016-11-08,25.70,18.20,22.90,OPEN_METEO_ERA5_LAND,g_22.55_114.25
2016-11-09,21.50,16.10,18.60,OPEN_METEO_ERA5_LAND,g_22.55_114.25
2016-11-10,15.70,13.70,14.40,OPEN_METEO_ERA5_LAND,g_22.55_114.25
2016-11-11,19.80,13.80,16.80,OPEN_METEO_ERA5_LAND,g_22.55_114.25
2016-11-12,25.20,19.40,22.10,OPEN_METEO_ERA5_LAND,g_22.55_114.25
2016-11-13,25.80,22.00,23.60,OPEN_METEO_ERA5_LAND,g_22.55_114.25
2016-11-14,27.80,21.50,24.00,OPEN_METEO_ERA5_LAND,g_22.55_114.25
2016-11-15,28.30,21.10,23.90,OPEN_METEO_ERA5_LAND,g_22.55_114.25
2016-11-16,25.70,22.10,23.50,OPEN_METEO_ERA5_LAND,g_22.55_114.25
2016-11-17,25.90,21.50,23.40,OPEN_METEO_ERA5_LAND,g_22.55_114.25
2016-11-18,26.10,22.10,23.80,OPEN_METEO_ERA5_LAND,g_22.55_114.25
2016-11-19,26.80,23.10,24.70,OPEN_METEO_ERA5_LAND,g_22.55_114.25
2016-11-20,26.30,23.60,24.50,OPEN_METEO_ERA5_LAND,g_22.55_114.25
2016-11-21,25.00,23.00,23.80,OPEN_METEO_ERA5_LAND,g_22.55_114.25
2016-11-22,23.40,21.80,22.80,OPEN_METEO_ERA5_LAND,g_22.55_114.25
2016-11-23,21.80,12.60,18.10,OPEN_METEO_ERA5_LAND,g_22.55_114.25
2016-11-24,17.40,11.80,13.90,OPEN_METEO_ERA5_LAND,g_22.55_114.25
2016-11-25,19.80,13.40,16.40,OPEN_METEO_ERA5_LAND,g_22.55_114.25
2016-11-26,17.30,11.10,13.70,OPEN_METEO_ERA5_LAND,g_22.55_114.25
2016-11-27,18.00,10.30,13.70,OPEN_METEO_ERA5_LAND,g_22.55_114.25
2016-11-28,19.40,11.90,15.50,OPEN_METEO_ERA5_LAND,g_22.55_114.25
2016-11-29,20.90,15.10,17.50,OPEN_METEO_ERA5_LAND,g_22.55_114.25
2016-11-30,20.60,15.00,17.60,OPEN_METEO_ERA5_LAND,g_22.55_114.25
2016-12-01,20.70,13.50,16.70,OPEN_METEO_ERA5_LAND,g_22.55_114.25
2016-12-02,21.20,14.90,17.70,OPEN_METEO_ERA5_LAND,g_22.55_114.25
2016-12-03,22.10,16.60,18.90,OPEN_METEO_ERA5_LAND,g_22.55_114.25
2016-12-04,23.50,17.70,19.80,OPEN_METEO_ERA5_LAND,g_22.55_114.25
2016-12-05,25.40,16.80,20.70,OPEN_METEO_ERA5_LAND,g_22.55_114.25
2016-12-06,20.60,16.70,18.70,OPEN_METEO_ERA5_LAND,g_22.55_114.25
2016-12-07,21.20,15.30,17.70,OPEN_METEO_ERA5_LAND,g_22.55_114.25
2016-12-08,20.60,13.90,16.80,OPEN_METEO_ERA5_LAND,g_22.55_114.25
2016-12-09,21.60,11.20,16.40,OPEN_METEO_ERA5_LAND,g_22.55_114.25
2016-12-10,22.70,13.90,18.40,OPEN_METEO_ERA5_LAND,g_22.55_114.25
2016-12-11,22.10,17.60,19.40,OPEN_METEO_ERA5_LAND,g_22.55_114.25
2016-12-12,23.10,17.50,19.90,OPEN_METEO_ERA5_LAND,g_22.55_114.25
2016-12-13,25.50,17.20,21.00,OPEN_METEO_ERA5_LAND,g_22.55_114.25
2016-12-14,21.00,15.10,17.90,OPEN_METEO_ERA5_LAND,g_22.55_114.25
2016-12-15,17.60,12.70,14.90,OPEN_METEO_ERA5_LAND,g_22.55_114.25
2016-12-16,16.30,9.90,12.90,OPEN_METEO_ERA5_LAND,g_22.55_114.25
2016-12-17,18.00,10.90,14.80,OPEN_METEO_ERA5_LAND,g_22.55_114.25
2016-12-18,21.60,15.80,18.00,OPEN_METEO_ERA5_LAND,g_22.55_114.25
2016-12-19,22.30,16.60,19.00,OPEN_METEO_ERA5_LAND,g_22.55_114.25
2016-12-20,23.10,18.10,20.40,OPEN_METEO_ERA5_LAND,g_22.55_114.25
2016-12-21,23.10,20.20,21.40,OPEN_METEO_ERA5_LAND,g_22.55_114.25
2016-12-22,22.80,16.20,19.70,OPEN_METEO_ERA5_LAND,g_22.55_114.25
2016-12-23,20.40,15.30,17.80,OPEN_METEO_ERA5_LAND,g_22.55_114.25
2016-12-24,18.60,15.80,17.40,OPEN_METEO_ERA5_LAND,g_22.55_114.25
2016-12-25,21.50,17.40,18.80,OPEN_METEO_ERA5_LAND,g_22.55_114.25
2016-12-26,24.40,17.40,20.20,OPEN_METEO_ERA5_LAND,g_22.55_114.25
2016-12-27,16.50,10.90,13.90,OPEN_METEO_ERA5_LAND,g_22.55_114.25
2016-12-28,13.90,8.50,11.40,OPEN_METEO_ERA5_LAND,g_22.55_114.25
2016-12-29,15.20,10.60,13.20,OPEN_METEO_ERA5_LAND,g_22.55_114.25
2016-12-30,17.40,11.30,14.10,OPEN_METEO_ERA5_LAND,g_22.55_114.25
2016-12-31,20.70,13.90,16.70,OPEN_METEO_ERA5_LAND,g_22.55_114.25
2017-01-01,21.60,15.00,17.90,OPEN_METEO_ERA5_LAND,g_22.55_114.25
2017-01-02,23.60,16.00,19.00,OPEN_METEO_ERA5_LAND,g_22.55_114.25
2017-01-03,22.90,15.20,19.00,OPEN_METEO_ERA5_LAND,g_22.55_114.25
2017-01-04,22.20,16.70,18.60,OPEN_METEO_ERA5_LAND,g_22.55_114.25
2017-01-05,24.90,16.00,19.60,OPEN_METEO_ERA5_LAND,g_22.55_114.25
2017-01-06,25.00,15.90,20.00,OPEN_METEO_ERA5_LAND,g_22.55_114.25
2017-01-07,21.80,17.70,19.40,OPEN_METEO_ERA5_LAND,g_22.55_114.25
2017-01-08,25.20,16.60,20.40,OPEN_METEO_ERA5_LAND,g_22.55_114.25
2017-01-09,22.30,14.20,17.80,OPEN_METEO_ERA5_LAND,g_22.55_114.25
2017-01-10,20.10,15.90,17.90,OPEN_METEO_ERA5_LAND,g_22.55_114.25
2017-01-11,22.00,17.00,18.80,OPEN_METEO_ERA5_LAND,g_22.55_114.25
2017-01-12,19.90,12.70,16.10,OPEN_METEO_ERA5_LAND,g_22.55_114.25
2017-01-13,13.60,11.20,12.20,OPEN_METEO_ERA5_LAND,g_22.55_114.25
2017-01-14,13.60,10.80,12.40,OPEN_METEO_ERA5_LAND,g_22.55_114.25
2017-01-15,14.00,11.60,12.70,OPEN_METEO_ERA5_LAND,g_22.55_114.25
2017-01-16,16.30,11.30,13.50,OPEN_METEO_ERA5_LAND,g_22.55_114.25
2017-01-17,18.10,13.50,16.10,OPEN_METEO_ERA5_LAND,g_22.55_114.25
2017-01-18,20.70,14.80,17.70,OPEN_METEO_ERA5_LAND,g_22.55_114.25
2017-01-19,20.30,16.00,17.90,OPEN_METEO_ERA5_LAND,g_22.55_114.25
2017-01-20,16.90,11.20,13.90,OPEN_METEO_ERA5_LAND,g_22.55_114.25
2017-01-21,18.80,10.40,14.30,OPEN_METEO_ERA5_LAND,g_22.55_114.25
2017-01-22,18.60,10.10,13.90,OPEN_METEO_ERA5_LAND,g_22.55_114.25
2017-01-23,19.30,9.80,14.40,OPEN_METEO_ERA5_LAND,g_22.55_114.25
2017-01-24,18.40,13.30,15.60,OPEN_METEO_ERA5_LAND,g_22.55_114.25
2017-01-25,22.00,13.60,16.50,OPEN_METEO_ERA5_LAND,g_22.55_114.25
2017-01-26,19.50,11.40,14.80,OPEN_METEO_ERA5_LAND,g_22.55_114.25
2017-01-27,21.50,11.90,15.90,OPEN_METEO_ERA5_LAND,g_22.55_114.25
2017-01-28,19.40,13.40,16.20,OPEN_METEO_ERA5_LAND,g_22.55_114.25
2017-01-29,21.90,16.70,18.90,OPEN_METEO_ERA5_LAND,g_22.55_114.25
2017-01-30,21.70,17.00,19.00,OPEN_METEO_ERA5_LAND,g_22.55_114.25
2017-01-31,18.80,13.20,15.90,OPEN_METEO_ERA5_LAND,g_22.55_114.25
2017-02-01,22.40,14.40,17.30,OPEN_METEO_ERA5_LAND,g_22.55_114.25
2017-02-02,19.70,12.40,15.70,OPEN_METEO_ERA5_LAND,g_22.55_114.25
2017-02-03,19.10,13.60,15.80,OPEN_METEO_ERA5_LAND,g_22.55_114.25
2017-02-04,20.90,14.90,17.40,OPEN_METEO_ERA5_LAND,g_22.55_114.25
2017-02-05,21.60,16.20,18.10,OPEN_METEO_ERA5_LAND,g_22.55_114.25
2017-02-06,20.80,15.70,17.60,OPEN_METEO_ERA5_LAND,g_22.55_114.25
2017-02-07,16.80,14.80,15.80,OPEN_METEO_ERA5_LAND,g_22.55_114.25
2017-02-08,17.80,12.30,15.70,OPEN_METEO_ERA5_LAND,g_22.55_114.25
2017-02-09,15.20,7.30,10.60,OPEN_METEO_ERA5_LAND,g_22.55_114.25
2017-02-10,14.40,6.90,10.30,OPEN_METEO_ERA5_LAND,g_22.55_114.25
2017-02-11,16.70,7.50,12.20,OPEN_METEO_ERA5_LAND,g_22.55_114.25
2017-02-12,17.90,8.00,12.80,OPEN_METEO_ERA5_LAND,g_22.55_114.25
2017-02-13,19.30,9.40,14.60,OPEN_METEO_ERA5_LAND,g_22.55_114.25
2017-02-14,19.90,13.10,16.00,OPEN_METEO_ERA5_LAND,g_22.55_114.25
2017-02-15,19.20,12.80,15.90,OPEN_METEO_ERA5_LAND,g_22.55_114.25
2017-02-16,22.00,11.90,16.70,OPEN_METEO_ERA5_LAND,g_22.55_114.25
2017-02-17,24.40,12.40,18.20,OPEN_METEO_ERA5_LAND,g_22.55_114.25
2017-02-18,25.00,13.70,19.00,OPEN_METEO_ERA5_LAND,g_22.55_114.25
2017-02-19,20.30,15.60,17.40,OPEN_METEO_ERA5_LAND,g_22.55_114.25
2017-02-20,23.60,16.50,19.20,OPEN_METEO_ERA5_LAND,g_22.55_114.25
2017-02-21,19.70,16.60,18.70,OPEN_METEO_ERA5_LAND,g_22.55_114.25
2017-02-22,22.50,16.80,19.10,OPEN_METEO_ERA5_LAND,g_22.55_114.25
2017-02-23,19.70,10.70,14.40,OPEN_METEO_ERA5_LAND,g_22.55_114.25
2017-02-24,10.40,8.70,9.70,OPEN_METEO_ERA5_LAND,g_22.55_114.25
2017-02-25,11.50,8.60,9.80,OPEN_METEO_ERA5_LAND,g_22.55_114.25
2017-02-26,18.50,8.40,13.00,OPEN_METEO_ERA5_LAND,g_22.55_114.25
2017-02-27,18.50,12.20,15.40,OPEN_METEO_ERA5_LAND,g_22.55_114.25
2017-02-28,19.90,14.00,16.60,OPEN_METEO_ERA5_LAND,g_22.55_114.25
2017-03-01,22.70,14.30,18.00,OPEN_METEO_ERA5_LAND,g_22.55_114.25
2017-03-02,21.90,13.80,17.30,OPEN_METEO_ERA5_LAND,g_22.55_114.25
2017-03-03,19.60,13.70,16.40,OPEN_METEO_ERA5_LAND,g_22.55_114.25
2017-03-04,21.40,15.80,18.20,OPEN_METEO_ERA5_LAND,g_22.55_114.25
2017-03-05,24.00,17.50,20.20,OPEN_METEO_ERA5_LAND,g_22.55_114.25
2017-03-06,23.40,15.10,19.10,OPEN_METEO_ERA5_LAND,g_22.55_114.25
2017-03-07,19.70,15.30,17.40,OPEN_METEO_ERA5_LAND,g_22.55_114.25
2017-03-08,17.50,13.60,15.30,OPEN_METEO_ERA5_LAND,g_22.55_114.25
2017-03-09,18.60,14.90,16.60,OPEN_METEO_ERA5_LAND,g_22.55_114.25
2017-03-10,22.10,17.10,19.30,OPEN_METEO_ERA5_LAND,g_22.55_114.25
2017-03-11,19.90,16.70,18.30,OPEN_METEO_ERA5_LAND,g_22.55_114.25
2017-03-12,21.20,18.30,19.50,OPEN_METEO_ERA5_LAND,g_22.55_114.25
2017-03-13,25.90,18.00,21.60,OPEN_METEO_ERA5_LAND,g_22.55_114.25
2017-03-14,21.10,15.20,17.70,OPEN_METEO_ERA5_LAND,g_22.55_114.25
2017-03-15,18.80,15.00,16.80,OPEN_METEO_ERA5_LAND,g_22.55_114.25
2017-03-16,20.10,16.20,18.00,OPEN_METEO_ERA5_LAND,g_22.55_114.25
2017-03-17,20.90,17.90,19.10,OPEN_METEO_ERA5_LAND,g_22.55_114.25
2017-03-18,21.70,18.30,19.50,OPEN_METEO_ERA5_LAND,g_22.55_114.25
2017-03-19,20.30,18.40,19.60,OPEN_METEO_ERA5_LAND,g_22.55_114.25
2017-03-20,25.10,19.20,21.10,OPEN_METEO_ERA5_LAND,g_22.55_114.25
2017-03-21,26.50,19.60,21.80,OPEN_METEO_ERA5_LAND,g_22.55_114.25
2017-03-22,19.80,18.30,19.00,OPEN_METEO_ERA5_LAND,g_22.55_114.25
2017-03-23,22.70,18.40,20.20,OPEN_METEO_ERA5_LAND,g_22.55_114.25
2017-03-24,22.50,19.00,20.40,OPEN_METEO_ERA5_LAND,g_22.55_114.25
2017-03-25,19.50,13.60,17.10,OPEN_METEO_ERA5_LAND,g_22.55_114.25
2017-03-26,16.00,11.10,13.80,OPEN_METEO_ERA5_LAND,g_22.55_114.25
2017-03-27,21.80,11.90,17.10,OPEN_METEO_ERA5_LAND,g_22.55_114.25
2017-03-28,22.90,17.50,19.80,OPEN_METEO_ERA5_LAND,g_22.55_114.25
2017-03-29,24.30,18.80,21.10,OPEN_METEO_ERA5_LAND,g_22.55_114.25
2017-03-30,23.90,19.70,21.60,OPEN_METEO_ERA5_LAND,g_22.55_114.25
2017-03-31,22.20,14.70,18.80,OPEN_METEO_ERA5_LAND,g_22.55_114.25
2017-04-01,21.80,12.20,16.60,OPEN_METEO_ERA5_LAND,g_22.55_114.25
2017-04-02,21.00,12.80,17.40,OPEN_METEO_ERA5_LAND,g_22.55_114.25
2017-04-03,21.70,15.30,18.70,OPEN_METEO_ERA5_LAND,g_22.55_114.25
2017-04-04,23.00,17.00,19.80,OPEN_METEO_ERA5_LAND,g_22.55_114.25
2017-04-05,24.70,17.50,21.10,OPEN_METEO_ERA5_LAND,g_22.55_114.25
2017-04-06,23.80,20.50,21.90,OPEN_METEO_ERA5_LAND,g_22.55_114.25
2017-04-07,26.30,21.40,23.10,OPEN_METEO_ERA5_LAND,g_22.55_114.25
2017-04-08,26.50,21.00,23.20,OPEN_METEO_ERA5_LAND,g_22.55_114.25
2017-04-09,27.70,22.10,24.70,OPEN_METEO_ERA5_LAND,g_22.55_114.25
2017-04-10,28.80,24.10,25.80,OPEN_METEO_ERA5_LAND,g_22.55_114.25
2017-04-11,28.50,20.30,24.90,OPEN_METEO_ERA5_LAND,g_22.55_114.25
2017-04-12,20.40,16.00,18.10,OPEN_METEO_ERA5_LAND,g_22.55_114.25
2017-04-13,21.60,15.80,18.40,OPEN_METEO_ERA5_LAND,g_22.55_114.25
2017-04-14,23.40,17.50,20.30,OPEN_METEO_ERA5_LAND,g_22.55_114.25
2017-04-15,25.20,20.30,22.50,OPEN_METEO_ERA5_LAND,g_22.55_114.25
2017-04-16,26.70,21.50,23.50,OPEN_METEO_ERA5_LAND,g_22.55_114.25
2017-04-17,30.10,20.90,25.10,OPEN_METEO_ERA5_LAND,g_22.55_114.25
2017-04-18,31.20,22.00,26.20,OPEN_METEO_ERA5_LAND,g_22.55_114.25
2017-04-19,30.10,22.60,26.00,OPEN_METEO_ERA5_LAND,g_22.55_114.25
2017-04-20,27.70,23.30,24.60,OPEN_METEO_ERA5_LAND,g_22.55_114.25
2017-04-21,26.70,20.00,24.70,OPEN_METEO_ERA5_LAND,g_22.55_114.25
2017-04-22,21.30,16.80,18.90,OPEN_METEO_ERA5_LAND,g_22.55_114.25
2017-04-23,22.10,18.80,20.00,OPEN_METEO_ERA5_LAND,g_22.55_114.25
2017-04-24,23.20,19.60,21.10,OPEN_METEO_ERA5_LAND,g_22.55_114.25
2017-04-25,23.70,20.60,21.80,OPEN_METEO_ERA5_LAND,g_22.55_114.25
2017-04-26,26.70,20.90,23.20,OPEN_METEO_ERA5_LAND,g_22.55_114.25
2017-04-27,22.20,18.90,20.10,OPEN_METEO_ERA5_LAND,g_22.55_114.25
2017-04-28,23.20,17.70,19.70,OPEN_METEO_ERA5_LAND,g_22.55_114.25
2017-04-29,24.40,18.40,21.10,OPEN_METEO_ERA5_LAND,g_22.55_114.25
2017-04-30,24.70,18.50,22.00,OPEN_METEO_ERA5_LAND,g_22.55_114.25
2017-05-01,26.30,20.50,23.30,OPEN_METEO_ERA5_LAND,g_22.55_114.25
2017-05-02,28.40,22.20,24.70,OPEN_METEO_ERA5_LAND,g_22.55_114.25
2017-05-03,27.30,23.70,25.20,OPEN_METEO_ERA5_LAND,g_22.55_114.25
2017-05-04,26.20,22.40,24.40,OPEN_METEO_ERA5_LAND,g_22.55_114.25
2017-05-05,28.70,21.30,25.10,OPEN_METEO_ERA5_LAND,g_22.55_114.25
2017-05-06,29.30,23.00,25.60,OPEN_METEO_ERA5_LAND,g_22.55_114.25
2017-05-07,26.10,23.10,24.30,OPEN_METEO_ERA5_LAND,g_22.55_114.25
2017-05-08,27.10,23.30,24.80,OPEN_METEO_ERA5_LAND,g_22.55_114.25
2017-05-09,28.10,22.60,25.30,OPEN_METEO_ERA5_LAND,g_22.55_114.25
2017-05-10,30.00,23.10,25.60,OPEN_METEO_ERA5_LAND,g_22.55_114.25
2017-05-11,28.30,23.50,25.30,OPEN_METEO_ERA5_LAND,g_22.55_114.25
2017-05-12,30.90,24.40,26.60,OPEN_METEO_ERA5_LAND,g_22.55_114.25
2017-05-13,26.30,22.90,24.50,OPEN_METEO_ERA5_LAND,g_22.55_114.25
2017-05-14,27.80,22.40,25.10,OPEN_METEO_ERA5_LAND,g_22.55_114.25
2017-05-15,25.90,23.40,24.40,OPEN_METEO_ERA5_LAND,g_22.55_114.25
2017-05-16,25.20,21.20,23.70,OPEN_METEO_ERA5_LAND,g_22.55_114.25
2017-05-17,27.90,21.30,24.30,OPEN_METEO_ERA5_LAND,g_22.55_114.25
2017-05-18,24.90,22.40,23.50,OPEN_METEO_ERA5_LAND,g_22.55_114.25
2017-05-19,25.30,22.60,23.50,OPEN_METEO_ERA5_LAND,g_22.55_114.25
2017-05-20,24.80,22.10,23.40,OPEN_METEO_ERA5_LAND,g_22.55_114.25
2017-05-21,25.90,23.00,24.20,OPEN_METEO_ERA5_LAND,g_22.55_114.25
2017-05-22,26.20,23.80,24.70,OPEN_METEO_ERA5_LAND,g_22.55_114.25
2017-05-23,27.60,23.80,25.40,OPEN_METEO_ERA5_LAND,g_22.55_114.25
2017-05-24,26.20,23.00,24.50,OPEN_METEO_ERA5_LAND,g_22.55_114.25
2017-05-25,27.80,22.30,24.30,OPEN_METEO_ERA5_LAND,g_22.55_114.25
2017-05-26,24.90,21.60,23.30,OPEN_METEO_ERA5_LAND,g_22.55_114.25
2017-05-27,27.90,21.40,24.20,OPEN_METEO_ERA5_LAND,g_22.55_114.25
2017-05-28,28.10,22.50,24.70,OPEN_METEO_ERA5_LAND,g_22.55_114.25
2017-05-29,27.20,22.60,24.50,OPEN_METEO_ERA5_LAND,g_22.55_114.25
2017-05-30,27.80,22.80,24.90,OPEN_METEO_ERA5_LAND,g_22.55_114.25
2017-05-31,31.20,23.30,26.70,OPEN_METEO_ERA5_LAND,g_22.55_114.25
2017-06-01,30.50,25.80,27.80,OPEN_METEO_ERA5_LAND,g_22.55_114.25
2017-06-02,30.10,26.90,28.10,OPEN_METEO_ERA5_LAND,g_22.55_114.25
2017-06-03,32.70,26.40,28.80,OPEN_METEO_ERA5_LAND,g_22.55_114.25
2017-06-04,31.10,26.90,28.30,OPEN_METEO_ERA5_LAND,g_22.55_114.25
2017-06-05,30.00,26.30,27.90,OPEN_METEO_ERA5_LAND,g_22.55_114.25
2017-06-06,30.20,26.30,27.60,OPEN_METEO_ERA5_LAND,g_22.55_114.25
2017-06-07,30.50,25.80,27.80,OPEN_METEO_ERA5_LAND,g_22.55_114.25
2017-06-08,30.00,26.10,27.80,OPEN_METEO_ERA5_LAND,g_22.55_114.25
2017-06-09,30.20,25.10,27.80,OPEN_METEO_ERA5_LAND,g_22.55_114.25
2017-06-10,30.70,26.50,28.40,OPEN_METEO_ERA5_LAND,g_22.55_114.25
2017-06-11,31.90,26.30,28.60,OPEN_METEO_ERA5_LAND,g_22.55_114.25
2017-06-12,28.70,25.00,26.80,OPEN_METEO_ERA5_LAND,g_22.55_114.25
2017-06-13,27.90,24.70,25.70,OPEN_METEO_ERA5_LAND,g_22.55_114.25
2017-06-14,28.90,24.90,26.80,OPEN_METEO_ERA5_LAND,g_22.55_114.25
2017-06-15,29.40,25.10,27.10,OPEN_METEO_ERA5_LAND,g_22.55_114.25
2017-06-16,28.60,25.70,26.80,OPEN_METEO_ERA5_LAND,g_22.55_114.25
2017-06-17,26.50,24.10,25.30,OPEN_METEO_ERA5_LAND,g_22.55_114.25
2017-06-18,26.80,24.00,25.10,OPEN_METEO_ERA5_LAND,g_22.55_114.25
2017-06-19,26.60,24.60,25.60,OPEN_METEO_ERA5_LAND,g_22.55_114.25
2017-06-20,28.20,24.40,26.20,OPEN_METEO_ERA5_LAND,g_22.55_114.25
2017-06-21,28.50,25.20,26.60,OPEN_METEO_ERA5_LAND,g_22.55_114.25
2017-06-22,29.90,25.80,27.50,OPEN_METEO_ERA5_LAND,g_22.55_114.25
2017-06-23,30.30,26.20,27.80,OPEN_METEO_ERA5_LAND,g_22.55_114.25
2017-06-24,30.00,26.20,27.70,OPEN_METEO_ERA5_LAND,g_22.55_114.25
2017-06-25,30.80,26.30,27.90,OPEN_METEO_ERA5_LAND,g_22.55_114.25
2017-06-26,30.40,25.90,28.00,OPEN_METEO_ERA5_LAND,g_22.55_114.25
2017-06-27,31.10,25.40,28.10,OPEN_METEO_ERA5_LAND,g_22.55_114.25
2017-06-28,31.30,25.70,28.20,OPEN_METEO_ERA5_LAND,g_22.55_114.25
2017-06-29,30.90,25.40,28.00,OPEN_METEO_ERA5_LAND,g_22.55_114.25
2017-06-30,29.70,25.10,27.40,OPEN_METEO_ERA5_LAND,g_22.55_114.25
2017-07-01,30.40,25.00,27.50,OPEN_METEO_ERA5_LAND,g_22.55_114.25
2017-07-02,29.00,26.20,27.30,OPEN_METEO_ERA5_LAND,g_22.55_114.25
2017-07-03,28.50,25.40,26.60,OPEN_METEO_ERA5_LAND,g_22.55_114.25
2017-07-04,28.80,25.10,26.70,OPEN_METEO_ERA5_LAND,g_22.55_114.25
2017-07-05,28.30,25.30,26.50,OPEN_METEO_ERA5_LAND,g_22.55_114.25
2017-07-06,28.50,25.50,26.40,OPEN_METEO_ERA5_LAND,g_22.55_114.25
2017-07-07,27.70,24.90,26.30,OPEN_METEO_ERA5_LAND,g_22.55_114.25
2017-07-08,28.40,24.80,26.20,OPEN_METEO_ERA5_LAND,g_22.55_114.25
2017-07-09,30.60,25.40,27.80,OPEN_METEO_ERA5_LAND,g_22.55_114.25
2017-07-10,30.00,25.60,27.70,OPEN_METEO_ERA5_LAND,g_22.55_114.25
2017-07-11,30.20,25.30,27.70,OPEN_METEO_ERA5_LAND,g_22.55_114.25
2017-07-12,29.30,25.20,27.40,OPEN_METEO_ERA5_LAND,g_22.55_114.25
2017-07-13,29.70,25.70,27.60,OPEN_METEO_ERA5_LAND,g_22.55_114.25
2017-07-14,29.90,25.90,27.60,OPEN_METEO_ERA5_LAND,g_22.55_114.25
2017-07-15,28.70,25.60,26.60,OPEN_METEO_ERA5_LAND,g_22.55_114.25
2017-07-16,28.40,25.00,26.30,OPEN_METEO_ERA5_LAND,g_22.55_114.25
2017-07-17,27.30,24.80,25.60,OPEN_METEO_ERA5_LAND,g_22.55_114.25
2017-07-18,26.00,24.90,25.30,OPEN_METEO_ERA5_LAND,g_22.55_114.25
2017-07-19,27.70,25.00,26.20,OPEN_METEO_ERA5_LAND,g_22.55_114.25
2017-07-20,28.50,25.60,26.40,OPEN_METEO_ERA5_LAND,g_22.55_114.25
2017-07-21,29.30,25.40,26.60,OPEN_METEO_ERA5_LAND,g_22.55_114.25
2017-07-22,30.20,25.60,27.50,OPEN_METEO_ERA5_LAND,g_22.55_114.25
2017-07-23,27.60,24.90,25.90,OPEN_METEO_ERA5_LAND,g_22.55_114.25
2017-07-24,28.40,25.30,26.80,OPEN_METEO_ERA5_LAND,g_22.55_114.25
2017-07-25,29.80,26.40,27.70,OPEN_METEO_ERA5_LAND,g_22.55_114.25
2017-07-26,30.70,25.20,27.60,OPEN_METEO_ERA5_LAND,g_22.55_114.25
2017-07-27,30.00,25.90,27.40,OPEN_METEO_ERA5_LAND,g_22.55_114.25
2017-07-28,32.20,25.80,28.60,OPEN_METEO_ERA5_LAND,g_22.55_114.25
2017-07-29,32.80,26.40,29.50,OPEN_METEO_ERA5_LAND,g_22.55_114.25
2017-07-30,34.30,27.20,30.30,OPEN_METEO_ERA5_LAND,g_22.55_114.25
2017-07-31,32.20,27.80,29.30,OPEN_METEO_ERA5_LAND,g_22.55_114.25
2017-08-01,31.30,26.30,28.70,OPEN_METEO_ERA5_LAND,g_22.55_114.25
2017-08-02,31.70,26.40,28.20,OPEN_METEO_ERA5_LAND,g_22.55_114.25
2017-08-03,28.10,25.60,27.00,OPEN_METEO_ERA5_LAND,g_22.55_114.25
2017-08-04,29.00,25.30,27.10,OPEN_METEO_ERA5_LAND,g_22.55_114.25
2017-08-05,30.70,25.80,28.00,OPEN_METEO_ERA5_LAND,g_22.55_114.25
2017-08-06,32.20,25.60,28.80,OPEN_METEO_ERA5_LAND,g_22.55_114.25
2017-08-07,31.80,26.80,29.00,OPEN_METEO_ERA5_LAND,g_22.55_114.25
2017-08-08,31.60,27.20,28.90,OPEN_METEO_ERA5_LAND,g_22.55_114.25
2017-08-09,30.80,27.10,28.70,OPEN_METEO_ERA5_LAND,g_22.55_114.25
2017-08-10,30.80,27.20,28.40,OPEN_METEO_ERA5_LAND,g_22.55_114.25
2017-08-11,30.70,27.10,28.50,OPEN_METEO_ERA5_LAND,g_22.55_114.25
2017-08-12,31.30,27.00,28.70,OPEN_METEO_ERA5_LAND,g_22.55_114.25
2017-08-13,31.60,26.40,28.40,OPEN_METEO_ERA5_LAND,g_22.55_114.25
2017-08-14,31.10,26.50,28.40,OPEN_METEO_ERA5_LAND,g_22.55_114.25
2017-08-15,31.60,25.70,28.30,OPEN_METEO_ERA5_LAND,g_22.55_114.25
2017-08-16,31.00,25.90,28.10,OPEN_METEO_ERA5_LAND,g_22.55_114.25
2017-08-17,31.50,25.90,28.40,OPEN_METEO_ERA5_LAND,g_22.55_114.25
2017-08-18,32.10,25.00,28.60,OPEN_METEO_ERA5_LAND,g_22.55_114.25
2017-08-19,32.30,25.80,28.90,OPEN_METEO_ERA5_LAND,g_22.55_114.25
2017-08-20,33.10,25.30,29.10,OPEN_METEO_ERA5_LAND,g_22.55_114.25
2017-08-21,34.50,27.10,30.20,OPEN_METEO_ERA5_LAND,g_22.55_114.25
2017-08-22,34.70,26.90,29.40,OPEN_METEO_ERA5_LAND,g_22.55_114.25
2017-08-23,27.20,25.80,26.40,OPEN_METEO_ERA5_LAND,g_22.55_114.25
2017-08-24,29.70,25.60,27.30,OPEN_METEO_ERA5_LAND,g_22.55_114.25
2017-08-25,28.50,25.80,26.70,OPEN_METEO_ERA5_LAND,g_22.55_114.25
2017-08-26,31.60,25.20,27.90,OPEN_METEO_ERA5_LAND,g_22.55_114.25
2017-08-27,27.10,24.80,25.60,OPEN_METEO_ERA5_LAND,g_22.55_114.25
2017-08-28,25.80,24.50,24.90,OPEN_METEO_ERA5_LAND,g_22.55_114.25
2017-08-29,31.30,23.80,27.40,OPEN_METEO_ERA5_LAND,g_22.55_114.25
2017-08-30,31.60,24.40,27.80,OPEN_METEO_ERA5_LAND,g_22.55_114.25
2017-08-31,31.10,24.90,27.60,OPEN_METEO_ERA5_LAND,g_22.55_114.25
2017-09-01,30.20,24.80,27.20,OPEN_METEO_ERA5_LAND,g_22.55_114.25
2017-09-02,28.60,25.70,26.90,OPEN_METEO_ERA5_LAND,g_22.55_114.25
2017-09-03,29.70,25.10,26.90,OPEN_METEO_ERA5_LAND,g_22.55_114.25
2017-09-04,27.40,25.30,26.10,OPEN_METEO_ERA5_LAND,g_22.55_114.25
2017-09-05,29.40,25.60,27.10,OPEN_METEO_ERA5_LAND,g_22.55_114.25
2017-09-06,30.50,25.30,27.50,OPEN_METEO_ERA5_LAND,g_22.55_114.25
2017-09-07,29.50,25.50,27.20,OPEN_METEO_ERA5_LAND,g_22.55_114.25
2017-09-08,30.20,25.40,27.40,OPEN_METEO_ERA5_LAND,g_22.55_114.25
2017-09-09,29.30,25.50,26.90,OPEN_METEO_ERA5_LAND,g_22.55_114.25
2017-09-10,29.80,25.40,27.10,OPEN_METEO_ERA5_LAND,g_22.55_114.25
2017-09-11,30.80,24.90,27.50,OPEN_METEO_ERA5_LAND,g_22.55_114.25
2017-09-12,32.20,25.70,28.40,OPEN_METEO_ERA5_LAND,g_22.55_114.25
2017-09-13,30.60,25.60,27.70,OPEN_METEO_ERA5_LAND,g_22.55_114.25
2017-09-14,30.20,25.60,27.60,OPEN_METEO_ERA5_LAND,g_22.55_114.25
2017-09-15,30.50,25.80,27.70,OPEN_METEO_ERA5_LAND,g_22.55_114.25
2017-09-16,31.60,25.40,28.20,OPEN_METEO_ERA5_LAND,g_22.55_114.25
2017-09-17,32.20,25.90,28.80,OPEN_METEO_ERA5_LAND,g_22.55_114.25
2017-09-18,29.80,24.70,28.00,OPEN_METEO_ERA5_LAND,g_22.55_114.25
2017-09-19,29.20,25.00,27.30,OPEN_METEO_ERA5_LAND,g_22.55_114.25
2017-09-20,29.30,25.20,27.40,OPEN_METEO_ERA5_LAND,g_22.55_114.25
2017-09-21,30.50,25.70,27.60,OPEN_METEO_ERA5_LAND,g_22.55_114.25
2017-09-22,29.00,25.10,26.90,OPEN_METEO_ERA5_LAND,g_22.55_114.25
2017-09-23,29.70,25.50,27.40,OPEN_METEO_ERA5_LAND,g_22.55_114.25
2017-09-24,29.60,26.00,27.40,OPEN_METEO_ERA5_LAND,g_22.55_114.25
2017-09-25,28.90,26.40,27.30,OPEN_METEO_ERA5_LAND,g_22.55_114.25
2017-09-26,30.50,26.40,28.10,OPEN_METEO_ERA5_LAND,g_22.55_114.25
2017-09-27,32.60,25.20,28.30,OPEN_METEO_ERA5_LAND,g_22.55_114.25
2017-09-28,31.60,25.70,28.40,OPEN_METEO_ERA5_LAND,g_22.55_114.25
2017-09-29,30.10,26.30,27.90,OPEN_METEO_ERA5_LAND,g_22.55_114.25
2017-09-30,28.20,25.40,26.50,OPEN_METEO_ERA5_LAND,g_22.55_114.25
2017-10-01,28.50,25.80,26.70,OPEN_METEO_ERA5_LAND,g_22.55_114.25
2017-10-02,28.80,25.80,27.10,OPEN_METEO_ERA5_LAND,g_22.55_114.25
2017-10-03,30.30,26.10,27.80,OPEN_METEO_ERA5_LAND,g_22.55_114.25
2017-10-04,28.60,25.30,26.70,OPEN_METEO_ERA5_LAND,g_22.55_114.25
2017-10-05,29.20,24.80,26.80,OPEN_METEO_ERA5_LAND,g_22.55_114.25
2017-10-06,29.80,25.10,27.10,OPEN_METEO_ERA5_LAND,g_22.55_114.25
2017-10-07,30.00,24.80,27.20,OPEN_METEO_ERA5_LAND,g_22.55_114.25
2017-10-08,30.30,25.00,27.20,OPEN_METEO_ERA5_LAND,g_22.55_114.25
2017-10-09,30.50,25.10,27.60,OPEN_METEO_ERA5_LAND,g_22.55_114.25
2017-10-10,31.00,26.70,28.20,OPEN_METEO_ERA5_LAND,g_22.55_114.25
2017-10-11,30.10,26.40,28.00,OPEN_METEO_ERA5_LAND,g_22.55_114.25
2017-10-12,29.80,23.20,26.60,OPEN_METEO_ERA5_LAND,g_22.55_114.25
2017-10-13,27.00,20.50,23.70,OPEN_METEO_ERA5_LAND,g_22.55_114.25
2017-10-14,24.80,20.30,22.30,OPEN_METEO_ERA5_LAND,g_22.55_114.25
2017-10-15,25.20,18.20,20.40,OPEN_METEO_ERA5_LAND,g_22.55_114.25
2017-10-16,26.70,21.50,24.70,OPEN_METEO_ERA5_LAND,g_22.55_114.25
2017-10-17,26.80,19.80,23.10,OPEN_METEO_ERA5_LAND,g_22.55_114.25
2017-10-18,28.10,20.60,23.60,OPEN_METEO_ERA5_LAND,g_22.55_114.25
2017-10-19,26.00,19.20,22.20,OPEN_METEO_ERA5_LAND,g_22.55_114.25
2017-10-20,25.70,19.00,21.50,OPEN_METEO_ERA5_LAND,g_22.55_114.25
2017-10-21,25.20,18.20,21.00,OPEN_METEO_ERA5_LAND,g_22.55_114.25
2017-10-22,23.80,17.40,20.40,OPEN_METEO_ERA5_LAND,g_22.55_114.25
2017-10-23,24.70,17.10,21.20,OPEN_METEO_ERA5_LAND,g_22.55_114.25
2017-10-24,25.10,18.30,21.90,OPEN_METEO_ERA5_LAND,g_22.55_114.25
2017-10-25,24.80,20.30,22.20,OPEN_METEO_ERA5_LAND,g_22.55_114.25
2017-10-26,26.20,19.10,22.30,OPEN_METEO_ERA5_LAND,g_22.55_114.25
2017-10-27,26.10,19.30,22.20,OPEN_METEO_ERA5_LAND,g_22.55_114.25
2017-10-28,25.90,19.20,22.00,OPEN_METEO_ERA5_LAND,g_22.55_114.25
2017-10-29,25.50,18.30,21.80,OPEN_METEO_ERA5_LAND,g_22.55_114.25
2017-10-30,24.50,17.30,20.50,OPEN_METEO_ERA5_LAND,g_22.55_114.25
2017-10-31,23.40,15.10,19.10,OPEN_METEO_ERA5_LAND,g_22.55_114.25
2017-11-01,24.80,16.80,20.60,OPEN_METEO_ERA5_LAND,g_22.55_114.25
2017-11-02,26.80,17.20,21.50,OPEN_METEO_ERA5_LAND,g_22.55_114.25
2017-11-03,27.00,18.70,22.00,OPEN_METEO_ERA5_LAND,g_22.55_114.25
2017-11-04,23.10,19.70,21.30,OPEN_METEO_ERA5_LAND,g_22.55_114.25
2017-11-05,23.60,17.60,20.80,OPEN_METEO_ERA5_LAND,g_22.55_114.25
2017-11-06,24.90,18.60,21.30,OPEN_METEO_ERA5_LAND,g_22.55_114.25
2017-11-07,24.60,18.60,21.20,OPEN_METEO_ERA5_LAND,g_22.55_114.25
2017-11-08,26.40,19.70,22.50,OPEN_METEO_ERA5_LAND,g_22.55_114.25
2017-11-09,26.40,20.20,22.80,OPEN_METEO_ERA5_LAND,g_22.55_114.25
2017-11-10,28.50,21.10,23.80,OPEN_METEO_ERA5_LAND,g_22.55_114.25
2017-11-11,27.70,21.50,23.70,OPEN_METEO_ERA5_LAND,g_22.55_114.25
2017-11-12,24.30,20.50,22.00,OPEN_METEO_ERA5_LAND,g_22.55_114.25
2017-11-13,23.80,20.50,21.70,OPEN_METEO_ERA5_LAND,g_22.55_114.25
2017-11-14,24.30,21.00,22.30,OPEN_METEO_ERA5_LAND,g_22.55_114.25
2017-11-15,23.10,20.60,21.80,OPEN_METEO_ERA5_LAND,g_22.55_114.25
2017-11-16,24.50,20.50,22.20,OPEN_METEO_ERA5_LAND,g_22.55_114.25
2017-11-17,25.50,20.40,22.60,OPEN_METEO_ERA5_LAND,g_22.55_114.25
2017-11-18,24.10,18.70,21.50,OPEN_METEO_ERA5_LAND,g_22.55_114.25
2017-11-19,19.60,15.60,17.60,OPEN_METEO_ERA5_LAND,g_22.55_114.25
2017-11-20,17.30,13.50,15.20,OPEN_METEO_ERA5_LAND,g_22.55_114.25
2017-11-21,20.80,13.00,16.20,OPEN_METEO_ERA5_LAND,g_22.55_114.25
2017-11-22,20.10,13.80,16.30,OPEN_METEO_ERA5_LAND,g_22.55_114.25
2017-11-23,17.30,12.20,14.50,OPEN_METEO_ERA5_LAND,g_22.55_114.25
2017-11-24,15.50,12.60,14.00,OPEN_METEO_ERA5_LAND,g_22.55_114.25
2017-11-25,16.60,13.10,14.40,OPEN_METEO_ERA5_LAND,g_22.55_114.25
2017-11-26,17.90,14.10,15.90,OPEN_METEO_ERA5_LAND,g_22.55_114.25
2017-11-27,20.90,13.70,17.60,OPEN_METEO_ERA5_LAND,g_22.55_114.25
2017-11-28,24.40,18.60,21.00,OPEN_METEO_ERA5_LAND,g_22.55_114.25
2017-11-29,26.10,18.80,22.40,OPEN_METEO_ERA5_LAND,g_22.55_114.25
2017-11-30,24.90,18.60,21.40,OPEN_METEO_ERA5_LAND,g_22.55_114.25
2017-12-01,21.20,14.30,17.60,OPEN_METEO_ERA5_LAND,g_22.55_114.25
2017-12-02,21.40,13.90,17.30,OPEN_METEO_ERA5_LAND,g_22.55_114.25
2017-12-03,23.20,14.30,18.50,OPEN_METEO_ERA5_LAND,g_22.55_114.25
2017-12-04,20.90,15.20,17.60,OPEN_METEO_ERA5_LAND,g_22.55_114.25
2017-12-05,18.80,14.90,16.40,OPEN_METEO_ERA5_LAND,g_22.55_114.25
2017-12-06,20.60,14.10,16.70,OPEN_METEO_ERA5_LAND,g_22.55_114.25
2017-12-07,22.40,13.60,17.70,OPEN_METEO_ERA5_LAND,g_22.55_114.25
2017-12-08,18.40,12.70,15.30,OPEN_METEO_ERA5_LAND,g_22.55_114.25
2017-12-09,17.50,9.20,13.50,OPEN_METEO_ERA5_LAND,g_22.55_114.25
2017-12-10,20.70,10.10,15.70,OPEN_METEO_ERA5_LAND,g_22.55_114.25
2017-12-11,20.60,11.50,16.10,OPEN_METEO_ERA5_LAND,g_22.55_114.25
2017-12-12,19.40,13.20,16.30,OPEN_METEO_ERA5_LAND,g_22.55_114.25
2017-12-13,18.70,16.00,17.40,OPEN_METEO_ERA5_LAND,g_22.55_114.25
2017-12-14,20.70,16.30,18.00,OPEN_METEO_ERA5_LAND,g_22.55_114.25
2017-12-15,20.80,14.00,17.40,OPEN_METEO_ERA5_LAND,g_22.55_114.25
2017-12-16,15.60,9.20,12.40,OPEN_METEO_ERA5_LAND,g_22.55_114.25
2017-12-17,12.30,8.20,9.70,OPEN_METEO_ERA5_LAND,g_22.55_114.25
2017-12-18,15.70,7.10,10.70,OPEN_METEO_ERA5_LAND,g_22.55_114.25
2017-12-19,15.60,7.00,11.30,OPEN_METEO_ERA5_LAND,g_22.55_114.25
2017-12-20,17.60,9.00,12.70,OPEN_METEO_ERA5_LAND,g_22.55_114.25
2017-12-21,17.90,8.20,12.80,OPEN_METEO_ERA5_LAND,g_22.55_114.25
2017-12-22,19.50,10.90,15.20,OPEN_METEO_ERA5_LAND,g_22.55_114.25
2017-12-23,21.50,15.10,18.00,OPEN_METEO_ERA5_LAND,g_22.55_114.25
2017-12-24,22.80,15.80,18.90,OPEN_METEO_ERA5_LAND,g_22.55_114.25
2017-12-25,20.60,12.00,15.70,OPEN_METEO_ERA5_LAND,g_22.55_114.25
2017-12-26,20.70,13.20,16.20,OPEN_METEO_ERA5_LAND,g_22.55_114.25
2017-12-27,18.60,12.10,15.90,OPEN_METEO_ERA5_LAND,g_22.55_114.25
2017-12-28,18.20,16.10,17.00,OPEN_METEO_ERA5_LAND,g_22.55_114.25
2017-12-29,21.60,13.40,16.80,OPEN_METEO_ERA5_LAND,g_22.55_114.25
2017-12-30,23.00,13.60,17.90,OPEN_METEO_ERA5_LAND,g_22.55_114.25
2017-12-31,20.50,11.90,15.70,OPEN_METEO_ERA5_LAND,g_22.55_114.25
2018-01-01,19.00,11.20,15.40,OPEN_METEO_ERA5_LAND,g_22.55_114.25
2018-01-02,19.80,15.00,17.10,OPEN_METEO_ERA5_LAND,g_22.55_114.25
2018-01-03,22.00,16.70,18.60,OPEN_METEO_ERA5_LAND,g_22.55_114.25
2018-01-04,19.50,16.80,17.70,OPEN_METEO_ERA5_LAND,g_22.55_114.25
2018-01-05,20.80,15.90,18.00,OPEN_METEO_ERA5_LAND,g_22.55_114.25
2018-01-06,17.10,15.00,15.70,OPEN_METEO_ERA5_LAND,g_22.55_114.25
2018-01-07,17.90,14.70,16.40,OPEN_METEO_ERA5_LAND,g_22.55_114.25
2018-01-08,18.90,7.10,12.90,OPEN_METEO_ERA5_LAND,g_22.55_114.25
2018-01-09,9.60,5.40,7.10,OPEN_METEO_ERA5_LAND,g_22.55_114.25
2018-01-10,12.20,8.20,10.50,OPEN_METEO_ERA5_LAND,g_22.55_114.25
2018-01-11,14.70,8.70,11.50,OPEN_METEO_ERA5_LAND,g_22.55_114.25
2018-01-12,14.10,6.30,9.90,OPEN_METEO_ERA5_LAND,g_22.55_114.25
2018-01-13,14.10,5.80,10.30,OPEN_METEO_ERA5_LAND,g_22.55_114.25
2018-01-14,16.20,9.80,12.60,OPEN_METEO_ERA5_LAND,g_22.55_114.25
2018-01-15,17.30,9.50,13.30,OPEN_METEO_ERA5_LAND,g_22.55_114.25
2018-01-16,21.90,12.20,16.00,OPEN_METEO_ERA5_LAND,g_22.55_114.25
2018-01-17,23.10,12.10,16.70,OPEN_METEO_ERA5_LAND,g_22.55_114.25
2018-01-18,23.00,12.20,17.40,OPEN_METEO_ERA5_LAND,g_22.55_114.25
2018-01-19,19.20,17.60,18.30,OPEN_METEO_ERA5_LAND,g_22.55_114.25
2018-01-20,20.90,16.20,18.00,OPEN_METEO_ERA5_LAND,g_22.55_114.25
2018-01-21,20.00,15.20,17.30,OPEN_METEO_ERA5_LAND,g_22.55_114.25
2018-01-22,24.10,15.40,18.60,OPEN_METEO_ERA5_LAND,g_22.55_114.25
2018-01-23,21.70,15.00,17.40,OPEN_METEO_ERA5_LAND,g_22.55_114.25
2018-01-24,18.50,14.90,16.60,OPEN_METEO_ERA5_LAND,g_22.55_114.25
2018-01-25,18.10,15.00,16.40,OPEN_METEO_ERA5_LAND,g_22.55_114.25
2018-01-26,19.80,11.90,16.00,OPEN_METEO_ERA5_LAND,g_22.55_114.25
2018-01-27,15.70,10.20,13.30,OPEN_METEO_ERA5_LAND,g_22.55_114.25
2018-01-28,15.50,6.80,12.30,OPEN_METEO_ERA5_LAND,g_22.55_114.25
2018-01-29,6.60,4.80,5.60,OPEN_METEO_ERA5_LAND,g_22.55_114.25
2018-01-30,7.00,4.40,5.80,OPEN_METEO_ERA5_LAND,g_22.55_114.25
2018-01-31,7.00,5.20,6.40,OPEN_METEO_ERA5_LAND,g_22.55_114.25
2018-02-01,12.50,4.00,8.20,OPEN_METEO_ERA5_LAND,g_22.55_114.25
2018-02-02,10.60,7.20,8.20,OPEN_METEO_ERA5_LAND,g_22.55_114.25
2018-02-03,13.00,5.50,8.60,OPEN_METEO_ERA5_LAND,g_22.55_114.25
2018-02-04,12.90,4.70,8.20,OPEN_METEO_ERA5_LAND,g_22.55_114.25
2018-02-05,12.20,5.30,8.10,OPEN_METEO_ERA5_LAND,g_22.55_114.25
2018-02-06,14.10,4.20,8.90,OPEN_METEO_ERA5_LAND,g_22.55_114.25
2018-02-07,15.10,5.70,10.30,OPEN_METEO_ERA5_LAND,g_22.55_114.25
2018-02-08,16.20,8.10,12.40,OPEN_METEO_ERA5_LAND,g_22.55_114.25
2018-02-09,18.60,13.60,15.60,OPEN_METEO_ERA5_LAND,g_22.55_114.25
2018-02-10,24.40,13.90,17.70,OPEN_METEO_ERA5_LAND,g_22.55_114.25
2018-02-11,18.40,10.50,14.10,OPEN_METEO_ERA5_LAND,g_22.55_114.25
2018-02-12,18.20,8.30,13.00,OPEN_METEO_ERA5_LAND,g_22.55_114.25
2018-02-13,17.90,8.20,13.60,OPEN_METEO_ERA5_LAND,g_22.55_114.25
2018-02-14,19.90,12.20,16.20,OPEN_METEO_ERA5_LAND,g_22.55_114.25
2018-02-15,24.40,14.80,18.80,OPEN_METEO_ERA5_LAND,g_22.55_114.25
2018-02-16,27.70,14.60,20.70,OPEN_METEO_ERA5_LAND,g_22.55_114.25
2018-02-17,20.30,14.60,17.40,OPEN_METEO_ERA5_LAND,g_22.55_114.25
2018-02-18,22.30,16.90,18.80,OPEN_METEO_ERA5_LAND,g_22.55_114.25
2018-02-19,22.30,16.50,19.60,OPEN_METEO_ERA5_LAND,g_22.55_114.25
2018-02-20,23.70,18.20,20.30,OPEN_METEO_ERA5_LAND,g_22.55_114.25
2018-02-21,19.90,16.90,18.30,OPEN_METEO_ERA5_LAND,g_22.55_114.25
2018-02-22,17.20,11.20,13.80,OPEN_METEO_ERA5_LAND,g_22.55_114.25
2018-02-23,17.70,11.10,14.40,OPEN_METEO_ERA5_LAND,g_22.55_114.25
2018-02-24,21.10,15.50,17.80,OPEN_METEO_ERA5_LAND,g_22.55_114.25
2018-02-25,22.80,15.70,18.90,OPEN_METEO_ERA5_LAND,g_22.55_114.25
2018-02-26,20.40,14.10,16.50,OPEN_METEO_ERA5_LAND,g_22.55_114.25
2018-02-27,20.90,14.40,17.10,OPEN_METEO_ERA5_LAND,g_22.55_114.25
2018-02-28,25.90,16.90,20.20,OPEN_METEO_ERA5_LAND,g_22.55_114.25
2018-03-01,24.40,16.40,19.90,OPEN_METEO_ERA5_LAND,g_22.55_114.25
2018-03-02,23.80,18.00,20.30,OPEN_METEO_ERA5_LAND,g_22.55_114.25
2018-03-03,25.00,19.00,21.70,OPEN_METEO_ERA5_LAND,g_22.55_114.25
2018-03-04,24.90,21.20,22.60,OPEN_METEO_ERA5_LAND,g_22.55_114.25
2018-03-05,28.10,21.50,23.80,OPEN_METEO_ERA5_LAND,g_22.55_114.25
2018-03-06,21.70,17.50,19.00,OPEN_METEO_ERA5_LAND,g_22.55_114.25
2018-03-07,21.60,16.30,18.80,OPEN_METEO_ERA5_LAND,g_22.55_114.25
2018-03-08,14.30,10.90,12.00,OPEN_METEO_ERA5_LAND,g_22.55_114.25
2018-03-09,18.70,8.20,13.10,OPEN_METEO_ERA5_LAND,g_22.55_114.25
2018-03-10,19.30,10.10,14.90,OPEN_METEO_ERA5_LAND,g_22.55_114.25
2018-03-11,21.30,12.90,16.30,OPEN_METEO_ERA5_LAND,g_22.55_114.25
2018-03-12,23.10,13.30,17.90,OPEN_METEO_ERA5_LAND,g_22.55_114.25
2018-03-13,23.70,14.80,19.10,OPEN_METEO_ERA5_LAND,g_22.55_114.25
2018-03-14,21.20,17.50,19.20,OPEN_METEO_ERA5_LAND,g_22.55_114.25
2018-03-15,24.80,17.40,20.00,OPEN_METEO_ERA5_LAND,g_22.55_114.25
2018-03-16,26.20,17.50,21.00,OPEN_METEO_ERA5_LAND,g_22.55_114.25
2018-03-17,21.70,17.40,19.20,OPEN_METEO_ERA5_LAND,g_22.55_114.25
2018-03-18,23.50,18.60,20.50,OPEN_METEO_ERA5_LAND,g_22.55_114.25
2018-03-19,25.10,19.00,21.60,OPEN_METEO_ERA5_LAND,g_22.55_114.25
2018-03-20,21.90,14.40,18.60,OPEN_METEO_ERA5_LAND,g_22.55_114.25
2018-03-21,21.30,10.70,15.90,OPEN_METEO_ERA5_LAND,g_22.55_114.25
2018-03-22,21.10,11.80,16.50,OPEN_METEO_ERA5_LAND,g_22.55_114.25
2018-03-23,22.90,13.60,18.00,OPEN_METEO_ERA5_LAND,g_22.55_114.25
2018-03-24,22.20,16.20,19.30,OPEN_METEO_ERA5_LAND,g_22.55_114.25
2018-03-25,21.30,17.40,19.50,OPEN_METEO_ERA5_LAND,g_22.55_114.25
2018-03-26,25.60,16.60,20.80,OPEN_METEO_ERA5_LAND,g_22.55_114.25
2018-03-27,23.90,18.10,20.70,OPEN_METEO_ERA5_LAND,g_22.55_114.25
2018-03-28,24.10,17.40,20.50,OPEN_METEO_ERA5_LAND,g_22.55_114.25
2018-03-29,24.20,18.80,21.20,OPEN_METEO_ERA5_LAND,g_22.55_114.25
2018-03-30,25.80,18.40,22.00,OPEN_METEO_ERA5_LAND,g_22.55_114.25
2018-03-31,26.00,18.90,22.20,OPEN_METEO_ERA5_LAND,g_22.55_114.25
2018-04-01,26.20,18.90,22.20,OPEN_METEO_ERA5_LAND,g_22.55_114.25
2018-04-02,27.10,18.90,22.70,OPEN_METEO_ERA5_LAND,g_22.55_114.25
2018-04-03,27.60,18.50,23.10,OPEN_METEO_ERA5_LAND,g_22.55_114.25
2018-04-04,27.20,19.90,23.10,OPEN_METEO_ERA5_LAND,g_22.55_114.25
2018-04-05,26.30,19.70,22.90,OPEN_METEO_ERA5_LAND,g_22.55_114.25
2018-04-06,24.60,14.60,20.20,OPEN_METEO_ERA5_LAND,g_22.55_114.25
2018-04-07,22.90,13.10,17.10,OPEN_METEO_ERA5_LAND,g_22.55_114.25
2018-04-08,23.20,12.40,17.60,OPEN_METEO_ERA5_LAND,g_22.55_114.25
2018-04-09,24.80,14.10,20.30,OPEN_METEO_ERA5_LAND,g_22.55_114.25
2018-04-10,25.70,18.40,22.10,OPEN_METEO_ERA5_LAND,g_22.55_114.25
2018-04-11,27.40,19.30,22.90,OPEN_METEO_ERA5_LAND,g_22.55_114.25
2018-04-12,28.80,21.50,24.40,OPEN_METEO_ERA5_LAND,g_22.55_114.25
2018-04-13,28.80,22.10,24.80,OPEN_METEO_ERA5_LAND,g_22.55_114.25
2018-04-14,30.70,22.40,25.60,OPEN_METEO_ERA5_LAND,g_22.55_114.25
2018-04-15,21.40,17.20,18.30,OPEN_METEO_ERA5_LAND,g_22.55_114.25
2018-04-16,19.90,15.60,17.40,OPEN_METEO_ERA5_LAND,g_22.55_114.25
2018-04-17,23.00,15.90,18.60,OPEN_METEO_ERA5_LAND,g_22.55_114.25
2018-04-18,24.20,19.10,21.10,OPEN_METEO_ERA5_LAND,g_22.55_114.25
2018-04-19,24.40,20.10,21.90,OPEN_METEO_ERA5_LAND,g_22.55_114.25
2018-04-20,25.10,20.90,22.50,OPEN_METEO_ERA5_LAND,g_22.55_114.25
2018-04-21,25.60,21.60,23.10,OPEN_METEO_ERA5_LAND,g_22.55_114.25
2018-04-22,26.70,21.90,23.90,OPEN_METEO_ERA5_LAND,g_22.55_114.25
2018-04-23,29.20,22.80,25.00,OPEN_METEO_ERA5_LAND,g_22.55_114.25
2018-04-24,25.30,22.60,23.40,OPEN_METEO_ERA5_LAND,g_22.55_114.25
2018-04-25,24.40,20.50,22.10,OPEN_METEO_ERA5_LAND,g_22.55_114.25
2018-04-26,23.00,21.60,22.00,OPEN_METEO_ERA5_LAND,g_22.55_114.25
2018-04-27,26.30,21.40,23.60,OPEN_METEO_ERA5_LAND,g_22.55_114.25
2018-04-28,25.90,21.60,23.30,OPEN_METEO_ERA5_LAND,g_22.55_114.25
2018-04-29,26.80,21.80,23.90,OPEN_METEO_ERA5_LAND,g_22.55_114.25
2018-04-30,27.00,22.20,24.10,OPEN_METEO_ERA5_LAND,g_22.55_114.25
2018-05-01,29.40,23.50,25.60,OPEN_METEO_ERA5_LAND,g_22.55_114.25
2018-05-02,30.30,23.20,26.40,OPEN_METEO_ERA5_LAND,g_22.55_114.25
2018-05-03,30.60,22.50,25.20,OPEN_METEO_ERA5_LAND,g_22.55_114.25
2018-05-04,25.30,21.10,23.00,OPEN_METEO_ERA5_LAND,g_22.55_114.25
2018-05-05,26.50,22.90,24.50,OPEN_METEO_ERA5_LAND,g_22.55_114.25
2018-05-06,28.30,23.80,25.60,OPEN_METEO_ERA5_LAND,g_22.55_114.25
2018-05-07,26.60,23.60,25.00,OPEN_METEO_ERA5_LAND,g_22.55_114.25
2018-05-08,27.00,23.00,24.50,OPEN_METEO_ERA5_LAND,g_22.55_114.25
2018-05-09,24.10,21.90,23.20,OPEN_METEO_ERA5_LAND,g_22.55_114.25
2018-05-10,25.30,21.70,23.00,OPEN_METEO_ERA5_LAND,g_22.55_114.25
2018-05-11,25.10,22.80,23.70,OPEN_METEO_ERA5_LAND,g_22.55_114.25
2018-05-12,26.80,22.50,24.60,OPEN_METEO_ERA5_LAND,g_22.55_114.25
2018-05-13,29.60,22.80,26.00,OPEN_METEO_ERA5_LAND,g_22.55_114.25
2018-05-14,30.70,23.80,26.80,OPEN_METEO_ERA5_LAND,g_22.55_114.25
2018-05-15,29.50,23.90,26.60,OPEN_METEO_ERA5_LAND,g_22.55_114.25
2018-05-16,29.60,24.00,26.60,OPEN_METEO_ERA5_LAND,g_22.55_114.25
2018-05-17,29.70,24.00,27.00,OPEN_METEO_ERA5_LAND,g_22.55_114.25
2018-05-18,30.70,24.30,27.40,OPEN_METEO_ERA5_LAND,g_22.55_114.25
2018-05-19,31.60,24.50,27.80,OPEN_METEO_ERA5_LAND,g_22.55_114.25
2018-05-20,31.50,24.40,27.80,OPEN_METEO_ERA5_LAND,g_22.55_114.25
2018-05-21,31.00,24.70,27.90,OPEN_METEO_ERA5_LAND,g_22.55_114.25
2018-05-22,30.40,25.30,27.80,OPEN_METEO_ERA5_LAND,g_22.55_114.25
2018-05-23,32.70,24.70,28.60,OPEN_METEO_ERA5_LAND,g_22.55_114.25
2018-05-24,30.20,24.90,27.30,OPEN_METEO_ERA5_LAND,g_22.55_114.25
2018-05-25,31.90,25.00,28.30,OPEN_METEO_ERA5_LAND,g_22.55_114.25
2018-05-26,32.20,25.90,28.70,OPEN_METEO_ERA5_LAND,g_22.55_114.25
2018-05-27,32.00,26.40,28.60,OPEN_METEO_ERA5_LAND,g_22.55_114.25
2018-05-28,32.90,25.60,28.50,OPEN_METEO_ERA5_LAND,g_22.55_114.25
2018-05-29,34.30,26.30,29.60,OPEN_METEO_ERA5_LAND,g_22.55_114.25
2018-05-30,34.70,26.50,29.70,OPEN_METEO_ERA5_LAND,g_22.55_114.25
2018-05-31,35.20,26.00,30.10,OPEN_METEO_ERA5_LAND,g_22.55_114.25
2018-06-01,32.40,25.30,28.40,OPEN_METEO_ERA5_LAND,g_22.55_114.25
2018-06-02,29.80,25.80,27.50,OPEN_METEO_ERA5_LAND,g_22.55_114.25
2018-06-03,29.90,25.80,27.70,OPEN_METEO_ERA5_LAND,g_22.55_114.25
2018-06-04,29.50,25.80,27.00,OPEN_METEO_ERA5_LAND,g_22.55_114.25
2018-06-05,28.00,25.00,26.00,OPEN_METEO_ERA5_LAND,g_22.55_114.25
2018-06-06,28.40,25.30,26.20,OPEN_METEO_ERA5_LAND,g_22.55_114.25
2018-06-07,27.10,25.00,25.80,OPEN_METEO_ERA5_LAND,g_22.55_114.25
2018-06-08,26.20,25.00,25.50,OPEN_METEO_ERA5_LAND,g_22.55_114.25
2018-06-09,30.30,25.10,27.30,OPEN_METEO_ERA5_LAND,g_22.55_114.25
2018-06-10,30.60,25.20,27.90,OPEN_METEO_ERA5_LAND,g_22.55_114.25
2018-06-11,31.60,24.20,27.70,OPEN_METEO_ERA5_LAND,g_22.55_114.25
2018-06-12,29.10,25.20,26.40,OPEN_METEO_ERA5_LAND,g_22.55_114.25
2018-06-13,26.40,24.50,25.40,OPEN_METEO_ERA5_LAND,g_22.55_114.25
2018-06-14,28.00,23.50,25.70,OPEN_METEO_ERA5_LAND,g_22.55_114.25
2018-06-15,27.20,23.00,25.30,OPEN_METEO_ERA5_LAND,g_22.55_114.25
2018-06-16,28.50,25.40,26.60,OPEN_METEO_ERA5_LAND,g_22.55_114.25
2018-06-17,30.60,24.20,26.70,OPEN_METEO_ERA5_LAND,g_22.55_114.25
2018-06-18,30.70,24.60,27.10,OPEN_METEO_ERA5_LAND,g_22.55_114.25
2018-06-19,29.70,26.00,27.50,OPEN_METEO_ERA5_LAND,g_22.55_114.25
2018-06-20,31.10,26.20,28.10,OPEN_METEO_ERA5_LAND,g_22.55_114.25
2018-06-21,29.70,25.90,27.70,OPEN_METEO_ERA5_LAND,g_22.55_114.25
2018-06-22,27.90,25.60,26.60,OPEN_METEO_ERA5_LAND,g_22.55_114.25
2018-06-23,27.50,25.20,26.40,OPEN_METEO_ERA5_LAND,g_22.55_114.25
2018-06-24,29.20,25.30,27.10,OPEN_METEO_ERA5_LAND,g_22.55_114.25
2018-06-25,28.00,25.10,26.00,OPEN_METEO_ERA5_LAND,g_22.55_114.25
2018-06-26,29.00,25.40,26.80,OPEN_METEO_ERA5_LAND,g_22.55_114.25
2018-06-27,29.40,24.20,27.00,OPEN_METEO_ERA5_LAND,g_22.55_114.25
2018-06-28,30.80,24.60,27.60,OPEN_METEO_ERA5_LAND,g_22.55_114.25
2018-06-29,30.90,25.90,28.20,OPEN_METEO_ERA5_LAND,g_22.55_114.25
2018-06-30,30.50,26.30,27.90,OPEN_METEO_ERA5_LAND,g_22.55_114.25
2018-07-01,29.90,26.40,27.90,OPEN_METEO_ERA5_LAND,g_22.55_114.25
2018-07-02,30.50,26.00,27.70,OPEN_METEO_ERA5_LAND,g_22.55_114.25
2018-07-03,29.70,26.60,27.90,OPEN_METEO_ERA5_LAND,g_22.55_114.25
2018-07-04,31.10,26.30,28.40,OPEN_METEO_ERA5_LAND,g_22.55_114.25
2018-07-05,30.30,26.80,28.30,OPEN_METEO_ERA5_LAND,g_22.55_114.25
2018-07-06,30.00,26.90,28.10,OPEN_METEO_ERA5_LAND,g_22.55_114.25
2018-07-07,28.60,26.10,27.00,OPEN_METEO_ERA5_LAND,g_22.55_114.25
2018-07-08,28.30,26.10,26.90,OPEN_METEO_ERA5_LAND,g_22.55_114.25
2018-07-09,28.60,25.40,26.60,OPEN_METEO_ERA5_LAND,g_22.55_114.25
2018-07-10,29.70,25.40,27.20,OPEN_METEO_ERA5_LAND,g_22.55_114.25
2018-07-11,31.90,24.50,28.30,OPEN_METEO_ERA5_LAND,g_22.55_114.25
2018-07-12,28.90,25.90,27.20,OPEN_METEO_ERA5_LAND,g_22.55_114.25
2018-07-13,26.70,25.00,25.60,OPEN_METEO_ERA5_LAND,g_22.55_114.25
2018-07-14,27.10,24.60,25.80,OPEN_METEO_ERA5_LAND,g_22.55_114.25
2018-07-15,26.30,24.90,25.50,OPEN_METEO_ERA5_LAND,g_22.55_114.25
2018-07-16,29.70,24.80,27.00,OPEN_METEO_ERA5_LAND,g_22.55_114.25
2018-07-17,31.80,25.80,28.30,OPEN_METEO_ERA5_LAND,g_22.55_114.25
2018-07-18,29.60,25.80,27.20,OPEN_METEO_ERA5_LAND,g_22.55_114.25
2018-07-19,28.00,25.50,26.60,OPEN_METEO_ERA5_LAND,g_22.55_114.25
2018-07-20,29.10,25.20,27.10,OPEN_METEO_ERA5_LAND,g_22.55_114.25
2018-07-21,31.30,25.30,28.00,OPEN_METEO_ERA5_LAND,g_22.55_114.25
2018-07-22,31.40,25.60,28.20,OPEN_METEO_ERA5_LAND,g_22.55_114.25
2018-07-23,28.30,25.90,27.00,OPEN_METEO_ERA5_LAND,g_22.55_114.25
2018-07-24,29.50,25.70,27.10,OPEN_METEO_ERA5_LAND,g_22.55_114.25
2018-07-25,29.20,25.40,26.90,OPEN_METEO_ERA5_LAND,g_22.55_114.25
2018-07-26,28.50,25.80,27.10,OPEN_METEO_ERA5_LAND,g_22.55_114.25
2018-07-27,29.70,25.00,27.40,OPEN_METEO_ERA5_LAND,g_22.55_114.25
2018-07-28,30.20,25.40,27.70,OPEN_METEO_ERA5_LAND,g_22.55_114.25
2018-07-29,30.80,24.70,27.90,OPEN_METEO_ERA5_LAND,g_22.55_114.25
2018-07-30,30.80,25.60,28.00,OPEN_METEO_ERA5_LAND,g_22.55_114.25
2018-07-31,31.80,25.60,28.50,OPEN_METEO_ERA5_LAND,g_22.55_114.25
2018-08-01,30.80,26.10,28.30,OPEN_METEO_ERA5_LAND,g_22.55_114.25
2018-08-02,29.60,26.10,27.60,OPEN_METEO_ERA5_LAND,g_22.55_114.25
2018-08-03,29.60,25.70,27.50,OPEN_METEO_ERA5_LAND,g_22.55_114.25
2018-08-04,30.10,24.80,27.20,OPEN_METEO_ERA5_LAND,g_22.55_114.25
2018-08-05,30.80,26.30,27.90,OPEN_METEO_ERA5_LAND,g_22.55_114.25
2018-08-06,30.90,26.00,28.00,OPEN_METEO_ERA5_LAND,g_22.55_114.25
2018-08-07,30.30,24.90,27.90,OPEN_METEO_ERA5_LAND,g_22.55_114.25
2018-08-08,30.20,25.90,28.00,OPEN_METEO_ERA5_LAND,g_22.55_114.25
2018-08-09,30.30,26.30,28.10,OPEN_METEO_ERA5_LAND,g_22.55_114.25
2018-08-10,28.20,25.50,26.50,OPEN_METEO_ERA5_LAND,g_22.55_114.25
2018-08-11,27.30,25.40,26.20,OPEN_METEO_ERA5_LAND,g_22.55_114.25
2018-08-12,27.30,25.40,26.30,OPEN_METEO_ERA5_LAND,g_22.55_114.25
2018-08-13,29.30,26.00,27.50,OPEN_METEO_ERA5_LAND,g_22.55_114.25
2018-08-14,28.30,25.90,26.80,OPEN_METEO_ERA5_LAND,g_22.55_114.25
2018-08-15,27.80,25.60,26.80,OPEN_METEO_ERA5_LAND,g_22.55_114.25
2018-08-16,27.20,25.60,26.30,OPEN_METEO_ERA5_LAND,g_22.55_114.25
2018-08-17,28.40,25.40,26.50,OPEN_METEO_ERA5_LAND,g_22.55_114.25
2018-08-18,30.00,24.90,27.20,OPEN_METEO_ERA5_LAND,g_22.55_114.25
2018-08-19,29.30,25.50,26.90,OPEN_METEO_ERA5_LAND,g_22.55_114.25
2018-08-20,28.70,24.40,26.50,OPEN_METEO_ERA5_LAND,g_22.55_114.25
2018-08-21,29.50,24.60,26.90,OPEN_METEO_ERA5_LAND,g_22.55_114.25
2018-08-22,31.00,25.00,27.40,OPEN_METEO_ERA5_LAND,g_22.55_114.25
2018-08-23,31.80,26.00,28.20,OPEN_METEO_ERA5_LAND,g_22.55_114.25
2018-08-24,31.50,25.80,27.90,OPEN_METEO_ERA5_LAND,g_22.55_114.25
2018-08-25,32.50,25.80,28.70,OPEN_METEO_ERA5_LAND,g_22.55_114.25
2018-08-26,31.00,24.60,27.10,OPEN_METEO_ERA5_LAND,g_22.55_114.25
2018-08-27,29.40,25.10,26.30,OPEN_METEO_ERA5_LAND,g_22.55_114.25
2018-08-28,27.70,24.90,25.70,OPEN_METEO_ERA5_LAND,g_22.55_114.25
2018-08-29,28.00,24.60,25.90,OPEN_METEO_ERA5_LAND,g_22.55_114.25
2018-08-30,27.20,24.50,25.60,OPEN_METEO_ERA5_LAND,g_22.55_114.25
2018-08-31,27.00,24.50,25.70,OPEN_METEO_ERA5_LAND,g_22.55_114.25
2018-09-01,26.80,24.70,25.70,OPEN_METEO_ERA5_LAND,g_22.55_114.25
2018-09-02,27.70,23.80,25.40,OPEN_METEO_ERA5_LAND,g_22.55_114.25
2018-09-03,29.00,23.90,26.20,OPEN_METEO_ERA5_LAND,g_22.55_114.25
2018-09-04,31.10,24.90,27.70,OPEN_METEO_ERA5_LAND,g_22.55_114.25
2018-09-05,31.40,26.10,28.00,OPEN_METEO_ERA5_LAND,g_22.55_114.25
2018-09-06,29.60,25.60,27.30,OPEN_METEO_ERA5_LAND,g_22.55_114.25
2018-09-07,29.30,24.90,26.80,OPEN_METEO_ERA5_LAND,g_22.55_114.25
2018-09-08,27.80,23.60,25.50,OPEN_METEO_ERA5_LAND,g_22.55_114.25
2018-09-09,29.00,22.50,25.50,OPEN_METEO_ERA5_LAND,g_22.55_114.25
2018-09-10,27.80,24.10,25.50,OPEN_METEO_ERA5_LAND,g_22.55_114.25
2018-09-11,29.80,22.80,26.20,OPEN_METEO_ERA5_LAND,g_22.55_114.25
2018-09-12,28.30,24.20,25.90,OPEN_METEO_ERA5_LAND,g_22.55_114.25
2018-09-13,27.40,24.30,25.90,OPEN_METEO_ERA5_LAND,g_22.55_114.25
2018-09-14,30.80,24.30,27.10,OPEN_METEO_ERA5_LAND,g_22.55_114.25
2018-09-15,32.40,25.20,28.60,OPEN_METEO_ERA5_LAND,g_22.55_114.25
2018-09-16,29.10,24.30,25.80,OPEN_METEO_ERA5_LAND,g_22.55_114.25
2018-09-17,27.70,24.80,25.80,OPEN_METEO_ERA5_LAND,g_22.55_114.25
2018-09-18,28.70,25.10,26.70,OPEN_METEO_ERA5_LAND,g_22.55_114.25
2018-09-19,31.30,24.70,27.40,OPEN_METEO_ERA5_LAND,g_22.55_114.25
2018-09-20,30.10,25.20,27.30,OPEN_METEO_ERA5_LAND,g_22.55_114.25
2018-09-21,30.70,24.40,27.40,OPEN_METEO_ERA5_LAND,g_22.55_114.25
2018-09-22,29.60,24.30,26.90,OPEN_METEO_ERA5_LAND,g_22.55_114.25
2018-09-23,28.90,24.60,26.10,OPEN_METEO_ERA5_LAND,g_22.55_114.25
2018-09-24,27.60,24.10,25.30,OPEN_METEO_ERA5_LAND,g_22.55_114.25
2018-09-25,27.70,23.60,25.60,OPEN_METEO_ERA5_LAND,g_22.55_114.25
2018-09-26,28.10,24.00,25.60,OPEN_METEO_ERA5_LAND,g_22.55_114.25
2018-09-27,26.70,23.70,25.30,OPEN_METEO_ERA5_LAND,g_22.55_114.25
2018-09-28,28.10,22.20,25.40,OPEN_METEO_ERA5_LAND,g_22.55_114.25
2018-09-29,27.80,22.10,24.90,OPEN_METEO_ERA5_LAND,g_22.55_114.25
2018-09-30,28.20,21.90,24.90,OPEN_METEO_ERA5_LAND,g_22.55_114.25
2018-10-01,27.00,21.80,24.30,OPEN_METEO_ERA5_LAND,g_22.55_114.25
2018-10-02,27.50,21.40,24.40,OPEN_METEO_ERA5_LAND,g_22.55_114.25
2018-10-03,27.30,20.60,24.00,OPEN_METEO_ERA5_LAND,g_22.55_114.25
2018-10-04,27.20,20.50,23.90,OPEN_METEO_ERA5_LAND,g_22.55_114.25
2018-10-05,26.80,19.20,23.00,OPEN_METEO_ERA5_LAND,g_22.55_114.25
2018-10-06,27.40,19.80,23.50,OPEN_METEO_ERA5_LAND,g_22.55_114.25
2018-10-07,28.20,21.10,24.30,OPEN_METEO_ERA5_LAND,g_22.55_114.25
2018-10-08,28.00,22.40,24.70,OPEN_METEO_ERA5_LAND,g_22.55_114.25
2018-10-09,27.50,22.40,24.90,OPEN_METEO_ERA5_LAND,g_22.55_114.25
2018-10-10,27.40,20.90,24.40,OPEN_METEO_ERA5_LAND,g_22.55_114.25
2018-10-11,24.40,18.70,21.10,OPEN_METEO_ERA5_LAND,g_22.55_114.25
2018-10-12,24.00,19.30,21.40,OPEN_METEO_ERA5_LAND,g_22.55_114.25
2018-10-13,25.60,20.90,23.10,OPEN_METEO_ERA5_LAND,g_22.55_114.25
2018-10-14,25.80,22.20,23.80,OPEN_METEO_ERA5_LAND,g_22.55_114.25
2018-10-15,26.70,23.20,24.40,OPEN_METEO_ERA5_LAND,g_22.55_114.25
2018-10-16,25.40,20.50,22.70,OPEN_METEO_ERA5_LAND,g_22.55_114.25
2018-10-17,22.80,19.00,20.80,OPEN_METEO_ERA5_LAND,g_22.55_114.25
2018-10-18,23.30,19.40,21.00,OPEN_METEO_ERA5_LAND,g_22.55_114.25
2018-10-19,24.90,21.00,22.80,OPEN_METEO_ERA5_LAND,g_22.55_114.25
2018-10-20,24.10,20.90,22.60,OPEN_METEO_ERA5_LAND,g_22.55_114.25
2018-10-21,24.90,21.80,23.10,OPEN_METEO_ERA5_LAND,g_22.55_114.25
2018-10-22,25.70,21.70,23.50,OPEN_METEO_ERA5_LAND,g_22.55_114.25
2018-10-23,26.40,19.90,22.90,OPEN_METEO_ERA5_LAND,g_22.55_114.25
2018-10-24,25.40,20.60,23.00,OPEN_METEO_ERA5_LAND,g_22.55_114.25
2018-10-25,25.80,21.90,23.60,OPEN_METEO_ERA5_LAND,g_22.55_114.25
2018-10-26,28.00,21.60,24.50,OPEN_METEO_ERA5_LAND,g_22.55_114.25
2018-10-27,25.60,19.80,22.50,OPEN_METEO_ERA5_LAND,g_22.55_114.25
2018-10-28,24.20,17.80,20.70,OPEN_METEO_ERA5_LAND,g_22.55_114.25
2018-10-29,25.10,17.50,21.00,OPEN_METEO_ERA5_LAND,g_22.55_114.25
2018-10-30,25.20,18.00,21.60,OPEN_METEO_ERA5_LAND,g_22.55_114.25
2018-10-31,24.70,18.60,21.90,OPEN_METEO_ERA5_LAND,g_22.55_114.25
2018-11-01,23.70,18.10,21.30,OPEN_METEO_ERA5_LAND,g_22.55_114.25
2018-11-02,21.30,17.30,19.20,OPEN_METEO_ERA5_LAND,g_22.55_114.25
2018-11-03,23.00,17.80,20.30,OPEN_METEO_ERA5_LAND,g_22.55_114.25
2018-11-04,25.30,19.50,22.10,OPEN_METEO_ERA5_LAND,g_22.55_114.25
2018-11-05,26.20,21.60,23.30,OPEN_METEO_ERA5_LAND,g_22.55_114.25
2018-11-06,26.00,21.10,23.10,OPEN_METEO_ERA5_LAND,g_22.55_114.25
2018-11-07,27.00,21.00,23.50,OPEN_METEO_ERA5_LAND,g_22.55_114.25
2018-11-08,25.60,19.30,22.80,OPEN_METEO_ERA5_LAND,g_22.55_114.25
2018-11-09,25.60,17.50,21.50,OPEN_METEO_ERA5_LAND,g_22.55_114.25
2018-11-10,25.10,21.40,22.80,OPEN_METEO_ERA5_LAND,g_22.55_114.25
2018-11-11,26.00,19.80,22.80,OPEN_METEO_ERA5_LAND,g_22.55_114.25
2018-11-12,27.80,20.80,23.70,OPEN_METEO_ERA5_LAND,g_22.55_114.25
2018-11-13,26.10,17.70,21.90,OPEN_METEO_ERA5_LAND,g_22.55_114.25
2018-11-14,24.60,20.10,22.20,OPEN_METEO_ERA5_LAND,g_22.55_114.25
2018-11-15,24.00,21.00,22.40,OPEN_METEO_ERA5_LAND,g_22.55_114.25
2018-11-16,24.70,21.90,23.10,OPEN_METEO_ERA5_LAND,g_22.55_114.25
2018-11-17,24.90,20.30,22.50,OPEN_METEO_ERA5_LAND,g_22.55_114.25
2018-11-18,25.40,19.80,22.90,OPEN_METEO_ERA5_LAND,g_22.55_114.25
2018-11-19,24.40,16.50,20.60,OPEN_METEO_ERA5_LAND,g_22.55_114.25
2018-11-20,23.50,18.10,21.00,OPEN_METEO_ERA5_LAND,g_22.55_114.25
2018-11-21,26.70,17.60,21.70,OPEN_METEO_ERA5_LAND,g_22.55_114.25
2018-11-22,20.20,14.80,17.40,OPEN_METEO_ERA5_LAND,g_22.55_114.25
2018-11-23,23.60,14.00,18.60,OPEN_METEO_ERA5_LAND,g_22.55_114.25
2018-11-24,25.10,16.60,20.00,OPEN_METEO_ERA5_LAND,g_22.55_114.25
2018-11-25,19.00,16.90,17.90,OPEN_METEO_ERA5_LAND,g_22.55_114.25
2018-11-26,21.80,16.30,18.90,OPEN_METEO_ERA5_LAND,g_22.55_114.25
2018-11-27,19.80,16.80,18.30,OPEN_METEO_ERA5_LAND,g_22.55_114.25
2018-11-28,20.60,18.00,19.40,OPEN_METEO_ERA5_LAND,g_22.55_114.25
2018-11-29,23.10,16.00,19.30,OPEN_METEO_ERA5_LAND,g_22.55_114.25
2018-11-30,21.20,17.70,19.40,OPEN_METEO_ERA5_LAND,g_22.55_114.25
2018-12-01,22.40,18.50,20.20,OPEN_METEO_ERA5_LAND,g_22.55_114.25
2018-12-02,22.80,19.10,20.60,OPEN_METEO_ERA5_LAND,g_22.55_114.25
2018-12-03,24.60,19.30,21.60,OPEN_METEO_ERA5_LAND,g_22.55_114.25
2018-12-04,26.10,18.70,22.40,OPEN_METEO_ERA5_LAND,g_22.55_114.25
2018-12-05,23.40,18.90,21.60,OPEN_METEO_ERA5_LAND,g_22.55_114.25
2018-12-06,24.00,20.10,21.80,OPEN_METEO_ERA5_LAND,g_22.55_114.25
2018-12-07,19.10,13.50,16.80,OPEN_METEO_ERA5_LAND,g_22.55_114.25
2018-12-08,17.30,11.80,13.70,OPEN_METEO_ERA5_LAND,g_22.55_114.25
2018-12-09,12.20,9.20,10.60,OPEN_METEO_ERA5_LAND,g_22.55_114.25
2018-12-10,16.20,9.60,12.90,OPEN_METEO_ERA5_LAND,g_22.55_114.25
2018-12-11,17.00,10.00,13.30,OPEN_METEO_ERA5_LAND,g_22.55_114.25
2018-12-12,13.00,7.30,9.80,OPEN_METEO_ERA5_LAND,g_22.55_114.25
2018-12-13,14.90,8.30,11.10,OPEN_METEO_ERA5_LAND,g_22.55_114.25
2018-12-14,17.60,8.80,13.00,OPEN_METEO_ERA5_LAND,g_22.55_114.25
2018-12-15,20.30,10.30,15.40,OPEN_METEO_ERA5_LAND,g_22.55_114.25
2018-12-16,17.10,12.90,15.20,OPEN_METEO_ERA5_LAND,g_22.55_114.25
2018-12-17,18.80,10.60,13.90,OPEN_METEO_ERA5_LAND,g_22.55_114.25
2018-12-18,19.00,9.30,14.70,OPEN_METEO_ERA5_LAND,g_22.55_114.25
2018-12-19,20.80,15.50,18.20,OPEN_METEO_ERA5_LAND,g_22.55_114.25
2018-12-20,23.50,17.60,20.10,OPEN_METEO_ERA5_LAND,g_22.55_114.25
2018-12-21,23.90,18.50,20.60,OPEN_METEO_ERA5_LAND,g_22.55_114.25
2018-12-22,25.10,17.10,20.40,OPEN_METEO_ERA5_LAND,g_22.55_114.25
2018-12-23,20.50,14.80,18.00,OPEN_METEO_ERA5_LAND,g_22.55_114.25
2018-12-24,17.70,13.20,15.30,OPEN_METEO_ERA5_LAND,g_22.55_114.25
2018-12-25,20.70,14.50,17.40,OPEN_METEO_ERA5_LAND,g_22.55_114.25
2018-12-26,24.60,15.90,19.50,OPEN_METEO_ERA5_LAND,g_22.55_114.25
2018-12-27,21.00,13.60,17.30,OPEN_METEO_ERA5_LAND,g_22.55_114.25
2018-12-28,18.60,10.60,14.50,OPEN_METEO_ERA5_LAND,g_22.55_114.25
2018-12-29,12.60,6.70,9.40,OPEN_METEO_ERA5_LAND,g_22.55_114.25
2018-12-30,11.00,5.10,8.10,OPEN_METEO_ERA5_LAND,g_22.55_114.25
2018-12-31,11.50,5.90,8.20,OPEN_METEO_ERA5_LAND,g_22.55_114.25
2019-01-01,13.10,5.10,9.30,OPEN_METEO_ERA5_LAND,g_22.55_114.25
2019-01-02,13.10,7.40,10.20,OPEN_METEO_ERA5_LAND,g_22.55_114.25
2019-01-03,16.30,9.30,12.50,OPEN_METEO_ERA5_LAND,g_22.55_114.25
2019-01-04,20.80,14.60,17.70,OPEN_METEO_ERA5_LAND,g_22.55_114.25
2019-01-05,21.60,15.70,18.40,OPEN_METEO_ERA5_LAND,g_22.55_114.25
2019-01-06,18.20,12.70,15.20,OPEN_METEO_ERA5_LAND,g_22.55_114.25
2019-01-07,18.50,13.70,16.70,OPEN_METEO_ERA5_LAND,g_22.55_114.25
2019-01-08,18.90,13.70,16.80,OPEN_METEO_ERA5_LAND,g_22.55_114.25
2019-01-09,19.10,11.70,15.30,OPEN_METEO_ERA5_LAND,g_22.55_114.25
2019-01-10,20.90,15.00,17.80,OPEN_METEO_ERA5_LAND,g_22.55_114.25
2019-01-11,22.60,15.40,18.50,OPEN_METEO_ERA5_LAND,g_22.55_114.25
2019-01-12,24.20,14.70,19.40,OPEN_METEO_ERA5_LAND,g_22.55_114.25
2019-01-13,21.00,16.60,18.30,OPEN_METEO_ERA5_LAND,g_22.55_114.25
2019-01-14,20.50,15.00,17.50,OPEN_METEO_ERA5_LAND,g_22.55_114.25
2019-01-15,18.50,15.10,17.20,OPEN_METEO_ERA5_LAND,g_22.55_114.25
2019-01-16,17.50,10.40,13.60,OPEN_METEO_ERA5_LAND,g_22.55_114.25
2019-01-17,18.70,9.40,13.50,OPEN_METEO_ERA5_LAND,g_22.55_114.25
2019-01-18,19.20,9.20,14.40,OPEN_METEO_ERA5_LAND,g_22.55_114.25
2019-01-19,21.90,13.50,17.20,OPEN_METEO_ERA5_LAND,g_22.55_114.25
2019-01-20,23.70,14.60,18.90,OPEN_METEO_ERA5_LAND,g_22.55_114.25
2019-01-21,18.30,10.10,13.80,OPEN_METEO_ERA5_LAND,g_22.55_114.25
2019-01-22,18.10,8.90,13.10,OPEN_METEO_ERA5_LAND,g_22.55_114.25
2019-01-23,17.70,7.80,13.10,OPEN_METEO_ERA5_LAND,g_22.55_114.25
2019-01-24,19.00,10.40,14.60,OPEN_METEO_ERA5_LAND,g_22.55_114.25
2019-01-25,23.80,10.30,17.00,OPEN_METEO_ERA5_LAND,g_22.55_114.25
2019-01-26,21.30,12.90,16.50,OPEN_METEO_ERA5_LAND,g_22.55_114.25
2019-01-27,18.50,11.80,15.10,OPEN_METEO_ERA5_LAND,g_22.55_114.25
2019-01-28,20.00,13.60,16.00,OPEN_METEO_ERA5_LAND,g_22.55_114.25
2019-01-29,20.30,11.80,16.00,OPEN_METEO_ERA5_LAND,g_22.55_114.25
2019-01-30,21.50,14.30,17.50,OPEN_METEO_ERA5_LAND,g_22.55_114.25
2019-01-31,25.40,14.80,20.20,OPEN_METEO_ERA5_LAND,g_22.55_114.25
2019-02-01,19.20,11.10,15.60,OPEN_METEO_ERA5_LAND,g_22.55_114.25
2019-02-02,20.50,15.30,17.30,OPEN_METEO_ERA5_LAND,g_22.55_114.25
2019-02-03,25.50,17.00,20.80,OPEN_METEO_ERA5_LAND,g_22.55_114.25
2019-02-04,25.10,17.70,20.60,OPEN_METEO_ERA5_LAND,g_22.55_114.25
2019-02-05,21.90,16.70,19.00,OPEN_METEO_ERA5_LAND,g_22.55_114.25
2019-02-06,23.80,17.50,20.40,OPEN_METEO_ERA5_LAND,g_22.55_114.25
2019-02-07,24.50,18.30,21.40,OPEN_METEO_ERA5_LAND,g_22.55_114.25
2019-02-08,24.00,18.60,20.20,OPEN_METEO_ERA5_LAND,g_22.55_114.25
2019-02-09,20.90,18.00,19.10,OPEN_METEO_ERA5_LAND,g_22.55_114.25
2019-02-10,20.70,16.80,18.40,OPEN_METEO_ERA5_LAND,g_22.55_114.25
2019-02-11,21.70,11.60,16.30,OPEN_METEO_ERA5_LAND,g_22.55_114.25
2019-02-12,21.40,14.50,17.40,OPEN_METEO_ERA5_LAND,g_22.55_114.25
2019-02-13,24.20,16.10,19.50,OPEN_METEO_ERA5_LAND,g_22.55_114.25
2019-02-14,22.50,17.10,19.30,OPEN_METEO_ERA5_LAND,g_22.55_114.25
2019-02-15,21.30,17.30,18.80,OPEN_METEO_ERA5_LAND,g_22.55_114.25
2019-02-16,24.60,16.70,20.30,OPEN_METEO_ERA5_LAND,g_22.55_114.25
2019-02-17,20.30,17.50,18.60,OPEN_METEO_ERA5_LAND,g_22.55_114.25
2019-02-18,19.10,16.20,17.70,OPEN_METEO_ERA5_LAND,g_22.55_114.25
2019-02-19,20.90,17.30,19.20,OPEN_METEO_ERA5_LAND,g_22.55_114.25
2019-02-20,25.20,19.50,21.80,OPEN_METEO_ERA5_LAND,g_22.55_114.25
2019-02-21,23.00,19.80,20.90,OPEN_METEO_ERA5_LAND,g_22.55_114.25
2019-02-22,21.80,12.40,17.60,OPEN_METEO_ERA5_LAND,g_22.55_114.25
2019-02-23,19.10,10.60,15.20,OPEN_METEO_ERA5_LAND,g_22.55_114.25
2019-02-24,19.90,10.00,14.20,OPEN_METEO_ERA5_LAND,g_22.55_114.25
2019-02-25,18.60,12.10,15.40,OPEN_METEO_ERA5_LAND,g_22.55_114.25
2019-02-26,20.00,14.90,17.70,OPEN_METEO_ERA5_LAND,g_22.55_114.25
2019-02-27,22.50,16.90,19.50,OPEN_METEO_ERA5_LAND,g_22.55_114.25
2019-02-28,24.30,16.50,20.70,OPEN_METEO_ERA5_LAND,g_22.55_114.25
2019-03-01,22.40,18.20,19.80,OPEN_METEO_ERA5_LAND,g_22.55_114.25
2019-03-02,22.50,18.80,20.30,OPEN_METEO_ERA5_LAND,g_22.55_114.25
2019-03-03,22.50,17.20,20.00,OPEN_METEO_ERA5_LAND,g_22.55_114.25
2019-03-04,22.10,14.80,18.60,OPEN_METEO_ERA5_LAND,g_22.55_114.25
2019-03-05,23.90,18.00,20.40,OPEN_METEO_ERA5_LAND,g_22.55_114.25
2019-03-06,21.80,16.70,19.40,OPEN_METEO_ERA5_LAND,g_22.55_114.25
2019-03-07,18.30,14.40,16.20,OPEN_METEO_ERA5_LAND,g_22.55_114.25
2019-03-08,17.30,13.90,15.60,OPEN_METEO_ERA5_LAND,g_22.55_114.25
2019-03-09,20.40,16.00,17.60,OPEN_METEO_ERA5_LAND,g_22.55_114.25
2019-03-10,18.10,13.90,15.80,OPEN_METEO_ERA5_LAND,g_22.55_114.25
2019-03-11,22.00,12.90,16.80,OPEN_METEO_ERA5_LAND,g_22.55_114.25
2019-03-12,21.50,14.10,17.50,OPEN_METEO_ERA5_LAND,g_22.55_114.25
2019-03-13,21.90,15.40,18.80,OPEN_METEO_ERA5_LAND,g_22.55_114.25
2019-03-14,20.60,16.30,18.60,OPEN_METEO_ERA5_LAND,g_22.55_114.25
2019-03-15,21.30,14.60,17.00,OPEN_METEO_ERA5_LAND,g_22.55_114.25
2019-03-16,20.50,15.90,18.30,OPEN_METEO_ERA5_LAND,g_22.55_114.25
2019-03-17,21.50,17.40,19.30,OPEN_METEO_ERA5_LAND,g_22.55_114.25
2019-03-18,22.30,17.70,19.50,OPEN_METEO_ERA5_LAND,g_22.55_114.25
2019-03-19,24.70,17.70,21.20,OPEN_METEO_ERA5_LAND,g_22.55_114.25
2019-03-20,25.60,20.50,22.10,OPEN_METEO_ERA5_LAND,g_22.55_114.25
2019-03-21,27.00,21.40,23.70,OPEN_METEO_ERA5_LAND,g_22.55_114.25
2019-03-22,27.10,21.10,23.80,OPEN_METEO_ERA5_LAND,g_22.55_114.25
2019-03-23,21.20,14.20,18.30,OPEN_METEO_ERA5_LAND,g_22.55_114.25
2019-03-24,19.10,12.80,16.10,OPEN_METEO_ERA5_LAND,g_22.55_114.25
2019-03-25,21.90,16.10,19.30,OPEN_METEO_ERA5_LAND,g_22.55_114.25
2019-03-26,23.20,18.40,20.90,OPEN_METEO_ERA5_LAND,g_22.55_114.25
2019-03-27,24.00,18.60,20.90,OPEN_METEO_ERA5_LAND,g_22.55_114.25
2019-03-28,26.30,18.90,22.40,OPEN_METEO_ERA5_LAND,g_22.55_114.25
2019-03-29,26.80,20.40,23.30,OPEN_METEO_ERA5_LAND,g_22.55_114.25
2019-03-30,23.80,18.90,21.60,OPEN_METEO_ERA5_LAND,g_22.55_114.25
2019-03-31,22.90,19.50,20.90,OPEN_METEO_ERA5_LAND,g_22.55_114.25
2019-04-01,20.50,18.00,19.10,OPEN_METEO_ERA5_LAND,g_22.55_114.25
2019-04-02,22.40,17.50,19.70,OPEN_METEO_ERA5_LAND,g_22.55_114.25
2019-04-03,24.10,19.70,21.40,OPEN_METEO_ERA5_LAND,g_22.55_114.25
2019-04-04,22.70,18.90,20.60,OPEN_METEO_ERA5_LAND,g_22.55_114.25
2019-04-05,27.10,18.30,22.50,OPEN_METEO_ERA5_LAND,g_22.55_114.25
2019-04-06,27.80,18.90,23.20,OPEN_METEO_ERA5_LAND,g_22.55_114.25
2019-04-07,28.10,20.00,24.00,OPEN_METEO_ERA5_LAND,g_22.55_114.25
2019-04-08,28.10,21.70,24.70,OPEN_METEO_ERA5_LAND,g_22.55_114.25
2019-04-09,28.60,23.00,25.10,OPEN_METEO_ERA5_LAND,g_22.55_114.25
2019-04-10,29.40,21.20,25.30,OPEN_METEO_ERA5_LAND,g_22.55_114.25
2019-04-11,28.90,21.10,25.30,OPEN_METEO_ERA5_LAND,g_22.55_114.25
2019-04-12,23.00,19.40,21.10,OPEN_METEO_ERA5_LAND,g_22.55_114.25
2019-04-13,23.80,20.10,21.90,OPEN_METEO_ERA5_LAND,g_22.55_114.25
2019-04-14,25.30,21.20,22.60,OPEN_METEO_ERA5_LAND,g_22.55_114.25
2019-04-15,23.40,20.10,21.50,OPEN_METEO_ERA5_LAND,g_22.55_114.25
2019-04-16,21.70,19.60,20.50,OPEN_METEO_ERA5_LAND,g_22.55_114.25
2019-04-17,25.20,18.90,22.20,OPEN_METEO_ERA5_LAND,g_22.55_114.25
2019-04-18,25.10,21.60,22.90,OPEN_METEO_ERA5_LAND,g_22.55_114.25
2019-04-19,25.60,21.40,23.00,OPEN_METEO_ERA5_LAND,g_22.55_114.25
2019-04-20,25.30,22.40,23.20,OPEN_METEO_ERA5_LAND,g_22.55_114.25
2019-04-21,27.70,22.60,24.70,OPEN_METEO_ERA5_LAND,g_22.55_114.25
2019-04-22,29.20,22.80,25.60,OPEN_METEO_ERA5_LAND,g_22.55_114.25
2019-04-23,29.50,22.80,26.00,OPEN_METEO_ERA5_LAND,g_22.55_114.25
2019-04-24,29.20,24.10,26.20,OPEN_METEO_ERA5_LAND,g_22.55_114.25
2019-04-25,29.90,22.50,26.20,OPEN_METEO_ERA5_LAND,g_22.55_114.25
2019-04-26,28.50,22.90,25.60,OPEN_METEO_ERA5_LAND,g_22.55_114.25
2019-04-27,26.00,22.70,24.30,OPEN_METEO_ERA5_LAND,g_22.55_114.25
2019-04-28,25.70,22.60,23.90,OPEN_METEO_ERA5_LAND,g_22.55_114.25
2019-04-29,26.80,23.00,24.80,OPEN_METEO_ERA5_LAND,g_22.55_114.25
2019-04-30,27.50,23.70,24.90,OPEN_METEO_ERA5_LAND,g_22.55_114.25
2019-05-01,26.80,20.50,23.20,OPEN_METEO_ERA5_LAND,g_22.55_114.25
2019-05-02,24.10,20.00,21.80,OPEN_METEO_ERA5_LAND,g_22.55_114.25
2019-05-03,22.90,19.00,21.10,OPEN_METEO_ERA5_LAND,g_22.55_114.25
2019-05-04,22.90,20.00,21.70,OPEN_METEO_ERA5_LAND,g_22.55_114.25
2019-05-05,23.20,20.50,22.00,OPEN_METEO_ERA5_LAND,g_22.55_114.25
2019-05-06,24.10,20.00,21.90,OPEN_METEO_ERA5_LAND,g_22.55_114.25
2019-05-07,22.90,18.60,20.60,OPEN_METEO_ERA5_LAND,g_22.55_114.25
2019-05-08,22.70,17.90,19.90,OPEN_METEO_ERA5_LAND,g_22.55_114.25
2019-05-09,25.10,19.20,22.00,OPEN_METEO_ERA5_LAND,g_22.55_114.25
2019-05-10,26.60,22.10,23.70,OPEN_METEO_ERA5_LAND,g_22.55_114.25
2019-05-11,26.60,21.40,23.90,OPEN_METEO_ERA5_LAND,g_22.55_114.25
2019-05-12,26.50,22.30,24.10,OPEN_METEO_ERA5_LAND,g_22.55_114.25
2019-05-13,26.00,23.10,24.40,OPEN_METEO_ERA5_LAND,g_22.55_114.25
2019-05-14,28.40,23.30,25.70,OPEN_METEO_ERA5_LAND,g_22.55_114.25
2019-05-15,28.70,24.40,26.20,OPEN_METEO_ERA5_LAND,g_22.55_114.25
2019-05-16,29.80,25.40,27.40,OPEN_METEO_ERA5_LAND,g_22.55_114.25
2019-05-17,29.10,25.80,27.50,OPEN_METEO_ERA5_LAND,g_22.55_114.25
2019-05-18,30.50,26.70,28.00,OPEN_METEO_ERA5_LAND,g_22.55_114.25
2019-05-19,30.90,26.50,28.30,OPEN_METEO_ERA5_LAND,g_22.55_114.25
2019-05-20,30.30,24.20,27.10,OPEN_METEO_ERA5_LAND,g_22.55_114.25
2019-05-21,25.90,23.10,24.30,OPEN_METEO_ERA5_LAND,g_22.55_114.25
2019-05-22,26.40,22.90,24.30,OPEN_METEO_ERA5_LAND,g_22.55_114.25
2019-05-23,26.90,23.90,25.00,OPEN_METEO_ERA5_LAND,g_22.55_114.25
2019-05-24,26.30,24.00,24.90,OPEN_METEO_ERA5_LAND,g_22.55_114.25
2019-05-25,27.20,24.40,25.40,OPEN_METEO_ERA5_LAND,g_22.55_114.25
2019-05-26,27.10,24.20,25.30,OPEN_METEO_ERA5_LAND,g_22.55_114.25
2019-05-27,28.00,23.90,25.50,OPEN_METEO_ERA5_LAND,g_22.55_114.25
2019-05-28,26.80,24.20,25.30,OPEN_METEO_ERA5_LAND,g_22.55_114.25
2019-05-29,24.40,23.00,23.60,OPEN_METEO_ERA5_LAND,g_22.55_114.25
2019-05-30,25.10,22.60,23.50,OPEN_METEO_ERA5_LAND,g_22.55_114.25
2019-05-31,26.20,23.60,24.80,OPEN_METEO_ERA5_LAND,g_22.55_114.25
2019-06-01,27.80,24.00,25.60,OPEN_METEO_ERA5_LAND,g_22.55_114.25
2019-06-02,28.30,24.90,26.20,OPEN_METEO_ERA5_LAND,g_22.55_114.25
2019-06-03,28.10,24.30,25.60,OPEN_METEO_ERA5_LAND,g_22.55_114.25
2019-06-04,30.10,23.70,26.40,OPEN_METEO_ERA5_LAND,g_22.55_114.25
2019-06-05,29.10,25.10,27.00,OPEN_METEO_ERA5_LAND,g_22.55_114.25
2019-06-06,30.40,25.80,27.60,OPEN_METEO_ERA5_LAND,g_22.55_114.25
2019-06-07,31.00,25.80,28.10,OPEN_METEO_ERA5_LAND,g_22.55_114.25
2019-06-08,30.70,26.20,28.20,OPEN_METEO_ERA5_LAND,g_22.55_114.25
2019-06-09,30.20,26.50,28.00,OPEN_METEO_ERA5_LAND,g_22.55_114.25
2019-06-10,29.60,25.40,27.60,OPEN_METEO_ERA5_LAND,g_22.55_114.25
2019-06-11,28.90,24.90,26.50,OPEN_METEO_ERA5_LAND,g_22.55_114.25
2019-06-12,29.30,25.40,26.60,OPEN_METEO_ERA5_LAND,g_22.55_114.25
2019-06-13,29.50,25.20,26.80,OPEN_METEO_ERA5_LAND,g_22.55_114.25
2019-06-14,30.10,23.30,26.60,OPEN_METEO_ERA5_LAND,g_22.55_114.25
2019-06-15,28.90,23.20,26.10,OPEN_METEO_ERA5_LAND,g_22.55_114.25
2019-06-16,27.80,25.10,26.30,OPEN_METEO_ERA5_LAND,g_22.55_114.25
2019-06-17,27.30,24.80,26.20,OPEN_METEO_ERA5_LAND,g_22.55_114.25
2019-06-18,29.10,25.80,27.30,OPEN_METEO_ERA5_LAND,g_22.55_114.25
2019-06-19,30.10,26.10,27.90,OPEN_METEO_ERA5_LAND,g_22.55_114.25
2019-06-20,30.80,26.40,28.30,OPEN_METEO_ERA5_LAND,g_22.55_114.25
2019-06-21,31.00,27.00,28.70,OPEN_METEO_ERA5_LAND,g_22.55_114.25
2019-06-22,31.50,27.00,28.90,OPEN_METEO_ERA5_LAND,g_22.55_114.25
2019-06-23,31.80,27.20,28.90,OPEN_METEO_ERA5_LAND,g_22.55_114.25
2019-06-24,29.20,25.90,27.10,OPEN_METEO_ERA5_LAND,g_22.55_114.25
2019-06-25,29.60,25.10,26.90,OPEN_METEO_ERA5_LAND,g_22.55_114.25
2019-06-26,29.80,24.30,26.40,OPEN_METEO_ERA5_LAND,g_22.55_114.25
2019-06-27,30.40,24.80,28.00,OPEN_METEO_ERA5_LAND,g_22.55_114.25
2019-06-28,30.50,27.10,28.50,OPEN_METEO_ERA5_LAND,g_22.55_114.25
2019-06-29,30.40,27.30,28.50,OPEN_METEO_ERA5_LAND,g_22.55_114.25
2019-06-30,30.60,26.60,28.00,OPEN_METEO_ERA5_LAND,g_22.55_114.25
2019-07-01,29.80,26.20,28.00,OPEN_METEO_ERA5_LAND,g_22.55_114.25
2019-07-02,29.40,25.90,27.50,OPEN_METEO_ERA5_LAND,g_22.55_114.25
2019-07-03,28.50,25.60,26.70,OPEN_METEO_ERA5_LAND,g_22.55_114.25
2019-07-04,30.40,25.80,27.80,OPEN_METEO_ERA5_LAND,g_22.55_114.25
2019-07-05,30.90,26.20,28.10,OPEN_METEO_ERA5_LAND,g_22.55_114.25
2019-07-06,30.70,26.50,28.20,OPEN_METEO_ERA5_LAND,g_22.55_114.25
2019-07-07,31.10,26.00,28.00,OPEN_METEO_ERA5_LAND,g_22.55_114.25
2019-07-08,30.00,26.30,28.10,OPEN_METEO_ERA5_LAND,g_22.55_114.25
2019-07-09,30.30,27.00,28.20,OPEN_METEO_ERA5_LAND,g_22.55_114.25
2019-07-10,28.30,25.90,26.80,OPEN_METEO_ERA5_LAND,g_22.55_114.25
2019-07-11,28.90,25.40,26.60,OPEN_METEO_ERA5_LAND,g_22.55_114.25
2019-07-12,30.20,25.20,27.70,OPEN_METEO_ERA5_LAND,g_22.55_114.25
2019-07-13,30.10,27.00,28.30,OPEN_METEO_ERA5_LAND,g_22.55_114.25
2019-07-14,30.40,27.00,28.20,OPEN_METEO_ERA5_LAND,g_22.55_114.25
2019-07-15,31.10,26.20,28.40,OPEN_METEO_ERA5_LAND,g_22.55_114.25
2019-07-16,30.90,25.60,28.30,OPEN_METEO_ERA5_LAND,g_22.55_114.25
2019-07-17,33.60,25.80,29.50,OPEN_METEO_ERA5_LAND,g_22.55_114.25
2019-07-18,32.20,27.20,29.30,OPEN_METEO_ERA5_LAND,g_22.55_114.25
2019-07-19,32.70,26.40,28.80,OPEN_METEO_ERA5_LAND,g_22.55_114.25
2019-07-20,29.90,26.60,28.00,OPEN_METEO_ERA5_LAND,g_22.55_114.25
2019-07-21,30.00,26.40,27.90,OPEN_METEO_ERA5_LAND,g_22.55_114.25
2019-07-22,28.80,25.90,27.00,OPEN_METEO_ERA5_LAND,g_22.55_114.25
2019-07-23,29.10,25.80,27.20,OPEN_METEO_ERA5_LAND,g_22.55_114.25
2019-07-24,28.80,25.40,27.40,OPEN_METEO_ERA5_LAND,g_22.55_114.25
2019-07-25,30.70,25.90,28.20,OPEN_METEO_ERA5_LAND,g_22.55_114.25
2019-07-26,31.60,25.80,28.60,OPEN_METEO_ERA5_LAND,g_22.55_114.25
2019-07-27,31.20,26.60,28.70,OPEN_METEO_ERA5_LAND,g_22.55_114.25
2019-07-28,28.70,25.60,27.30,OPEN_METEO_ERA5_LAND,g_22.55_114.25
2019-07-29,28.90,25.60,26.70,OPEN_METEO_ERA5_LAND,g_22.55_114.25
2019-07-30,28.80,25.60,26.90,OPEN_METEO_ERA5_LAND,g_22.55_114.25
2019-07-31,26.40,24.90,25.70,OPEN_METEO_ERA5_LAND,g_22.55_114.25
2019-08-01,25.90,25.00,25.40,OPEN_METEO_ERA5_LAND,g_22.55_114.25
2019-08-02,27.60,25.00,26.00,OPEN_METEO_ERA5_LAND,g_22.55_114.25
2019-08-03,26.60,24.70,25.70,OPEN_METEO_ERA5_LAND,g_22.55_114.25
2019-08-04,30.20,25.30,27.20,OPEN_METEO_ERA5_LAND,g_22.55_114.25
2019-08-05,31.00,24.90,27.90,OPEN_METEO_ERA5_LAND,g_22.55_114.25
2019-08-06,31.20,25.80,27.90,OPEN_METEO_ERA5_LAND,g_22.55_114.25
2019-08-07,30.60,25.40,28.20,OPEN_METEO_ERA5_LAND,g_22.55_114.25
2019-08-08,32.80,25.70,29.00,OPEN_METEO_ERA5_LAND,g_22.55_114.25
2019-08-09,34.60,26.70,30.40,OPEN_METEO_ERA5_LAND,g_22.55_114.25
2019-08-10,32.20,27.40,29.40,OPEN_METEO_ERA5_LAND,g_22.55_114.25
2019-08-11,31.80,26.00,28.70,OPEN_METEO_ERA5_LAND,g_22.55_114.25
2019-08-12,31.40,26.20,28.70,OPEN_METEO_ERA5_LAND,g_22.55_114.25
2019-08-13,32.20,25.40,28.50,OPEN_METEO_ERA5_LAND,g_22.55_114.25
2019-08-14,32.20,26.40,28.60,OPEN_METEO_ERA5_LAND,g_22.55_114.25
2019-08-15,30.40,26.00,28.20,OPEN_METEO_ERA5_LAND,g_22.55_114.25
2019-08-16,29.80,26.70,27.80,OPEN_METEO_ERA5_LAND,g_22.55_114.25
2019-08-17,29.70,26.20,27.30,OPEN_METEO_ERA5_LAND,g_22.55_114.25
2019-08-18,28.20,25.50,26.50,OPEN_METEO_ERA5_LAND,g_22.55_114.25
2019-08-19,30.30,25.30,26.80,OPEN_METEO_ERA5_LAND,g_22.55_114.25
2019-08-20,29.40,25.20,27.00,OPEN_METEO_ERA5_LAND,g_22.55_114.25
2019-08-21,30.40,24.70,27.50,OPEN_METEO_ERA5_LAND,g_22.55_114.25
2019-08-22,30.90,25.20,28.00,OPEN_METEO_ERA5_LAND,g_22.55_114.25
2019-08-23,30.00,24.90,27.50,OPEN_METEO_ERA5_LAND,g_22.55_114.25
2019-08-24,33.70,25.60,29.70,OPEN_METEO_ERA5_LAND,g_22.55_114.25
2019-08-25,30.10,25.90,27.70,OPEN_METEO_ERA5_LAND,g_22.55_114.25
2019-08-26,29.20,25.20,27.20,OPEN_METEO_ERA5_LAND,g_22.55_114.25
2019-08-27,29.30,25.90,27.50,OPEN_METEO_ERA5_LAND,g_22.55_114.25
2019-08-28,33.00,25.00,28.60,OPEN_METEO_ERA5_LAND,g_22.55_114.25
2019-08-29,29.40,26.20,27.30,OPEN_METEO_ERA5_LAND,g_22.55_114.25
2019-08-30,28.00,25.10,26.40,OPEN_METEO_ERA5_LAND,g_22.55_114.25
2019-08-31,26.80,24.70,25.70,OPEN_METEO_ERA5_LAND,g_22.55_114.25
2019-09-01,29.00,24.60,25.90,OPEN_METEO_ERA5_LAND,g_22.55_114.25
2019-09-02,26.80,24.70,25.80,OPEN_METEO_ERA5_LAND,g_22.55_114.25
2019-09-03,29.60,24.30,26.40,OPEN_METEO_ERA5_LAND,g_22.55_114.25
2019-09-04,26.90,24.80,25.60,OPEN_METEO_ERA5_LAND,g_22.55_114.25
2019-09-05,27.10,24.60,25.60,OPEN_METEO_ERA5_LAND,g_22.55_114.25
2019-09-06,30.00,24.90,27.20,OPEN_METEO_ERA5_LAND,g_22.55_114.25
2019-09-07,32.10,24.70,27.90,OPEN_METEO_ERA5_LAND,g_22.55_114.25
2019-09-08,32.00,25.30,28.30,OPEN_METEO_ERA5_LAND,g_22.55_114.25
2019-09-09,29.70,25.60,27.70,OPEN_METEO_ERA5_LAND,g_22.55_114.25
2019-09-10,29.90,26.00,27.70,OPEN_METEO_ERA5_LAND,g_22.55_114.25
2019-09-11,30.30,26.30,28.00,OPEN_METEO_ERA5_LAND,g_22.55_114.25
2019-09-12,31.20,25.20,28.20,OPEN_METEO_ERA5_LAND,g_22.55_114.25
2019-09-13,30.60,25.00,27.70,OPEN_METEO_ERA5_LAND,g_22.55_114.25
2019-09-14,30.00,25.40,27.50,OPEN_METEO_ERA5_LAND,g_22.55_114.25
2019-09-15,30.50,24.10,27.20,OPEN_METEO_ERA5_LAND,g_22.55_114.25
2019-09-16,29.90,25.10,27.20,OPEN_METEO_ERA5_LAND,g_22.55_114.25
2019-09-17,29.60,25.00,26.90,OPEN_METEO_ERA5_LAND,g_22.55_114.25
2019-09-18,30.40,25.40,27.50,OPEN_METEO_ERA5_LAND,g_22.55_114.25
2019-09-19,29.90,23.90,26.80,OPEN_METEO_ERA5_LAND,g_22.55_114.25
2019-09-20,29.30,23.10,25.60,OPEN_METEO_ERA5_LAND,g_22.55_114.25
2019-09-21,29.40,21.70,25.10,OPEN_METEO_ERA5_LAND,g_22.55_114.25
2019-09-22,27.70,21.60,24.90,OPEN_METEO_ERA5_LAND,g_22.55_114.25
2019-09-23,28.30,21.80,24.90,OPEN_METEO_ERA5_LAND,g_22.55_114.25
2019-09-24,28.80,22.50,25.30,OPEN_METEO_ERA5_LAND,g_22.55_114.25
2019-09-25,28.90,22.10,25.00,OPEN_METEO_ERA5_LAND,g_22.55_114.25
2019-09-26,28.10,21.80,24.90,OPEN_METEO_ERA5_LAND,g_22.55_114.25
2019-09-27,30.20,22.10,25.60,OPEN_METEO_ERA5_LAND,g_22.55_114.25
2019-09-28,30.60,21.80,26.40,OPEN_METEO_ERA5_LAND,g_22.55_114.25
2019-09-29,32.00,22.70,27.30,OPEN_METEO_ERA5_LAND,g_22.55_114.25
2019-09-30,32.70,23.60,28.20,OPEN_METEO_ERA5_LAND,g_22.55_114.25
2019-10-01,33.20,25.10,28.20,OPEN_METEO_ERA5_LAND,g_22.55_114.25
2019-10-02,32.40,24.70,28.00,OPEN_METEO_ERA5_LAND,g_22.55_114.25
2019-10-03,31.20,23.60,27.00,OPEN_METEO_ERA5_LAND,g_22.55_114.25
2019-10-04,30.00,23.00,26.60,OPEN_METEO_ERA5_LAND,g_22.55_114.25
2019-10-05,32.10,24.00,27.80,OPEN_METEO_ERA5_LAND,g_22.55_114.25
2019-10-06,29.90,23.90,26.80,OPEN_METEO_ERA5_LAND,g_22.55_114.25
2019-10-07,28.40,24.30,26.00,OPEN_METEO_ERA5_LAND,g_22.55_114.25
2019-10-08,29.00,23.90,26.10,OPEN_METEO_ERA5_LAND,g_22.55_114.25
2019-10-09,28.40,24.00,26.10,OPEN_METEO_ERA5_LAND,g_22.55_114.25
2019-10-10,28.00,24.20,25.70,OPEN_METEO_ERA5_LAND,g_22.55_114.25
2019-10-11,30.80,23.60,26.80,OPEN_METEO_ERA5_LAND,g_22.55_114.25
2019-10-12,30.10,24.50,26.80,OPEN_METEO_ERA5_LAND,g_22.55_114.25
2019-10-13,27.10,23.60,24.90,OPEN_METEO_ERA5_LAND,g_22.55_114.25
2019-10-14,27.60,22.70,24.30,OPEN_METEO_ERA5_LAND,g_22.55_114.25
2019-10-15,27.00,21.90,24.20,OPEN_METEO_ERA5_LAND,g_22.55_114.25
2019-10-16,26.30,21.80,23.60,OPEN_METEO_ERA5_LAND,g_22.55_114.25
2019-10-17,27.20,20.30,23.70,OPEN_METEO_ERA5_LAND,g_22.55_114.25
2019-10-18,27.70,19.90,23.90,OPEN_METEO_ERA5_LAND,g_22.55_114.25
2019-10-19,27.30,21.00,23.70,OPEN_METEO_ERA5_LAND,g_22.55_114.25
2019-10-20,25.80,21.40,23.40,OPEN_METEO_ERA5_LAND,g_22.55_114.25
2019-10-21,26.00,20.50,22.90,OPEN_METEO_ERA5_LAND,g_22.55_114.25
2019-10-22,24.60,20.40,22.50,OPEN_METEO_ERA5_LAND,g_22.55_114.25
2019-10-23,25.90,20.90,23.40,OPEN_METEO_ERA5_LAND,g_22.55_114.25
2019-10-24,27.20,21.50,24.10,OPEN_METEO_ERA5_LAND,g_22.55_114.25
2019-10-25,26.90,21.40,24.30,OPEN_METEO_ERA5_LAND,g_22.55_114.25
2019-10-26,26.70,23.10,24.50,OPEN_METEO_ERA5_LAND,g_22.55_114.25
2019-10-27,27.10,19.40,23.20,OPEN_METEO_ERA5_LAND,g_22.55_114.25
2019-10-28,27.00,19.30,23.20,OPEN_METEO_ERA5_LAND,g_22.55_114.25
2019-10-29,25.30,16.90,20.90,OPEN_METEO_ERA5_LAND,g_22.55_114.25
2019-10-30,26.60,18.10,21.90,OPEN_METEO_ERA5_LAND,g_22.55_114.25
2019-10-31,24.70,20.00,22.30,OPEN_METEO_ERA5_LAND,g_22.55_114.25
2019-11-01,27.50,20.70,23.80,OPEN_METEO_ERA5_LAND,g_22.55_114.25
2019-11-02,27.30,21.10,23.80,OPEN_METEO_ERA5_LAND,g_22.55_114.25
2019-11-03,29.40,20.00,24.60,OPEN_METEO_ERA5_LAND,g_22.55_114.25
2019-11-04,27.90,20.70,23.70,OPEN_METEO_ERA5_LAND,g_22.55_114.25
2019-11-05,26.80,18.60,22.30,OPEN_METEO_ERA5_LAND,g_22.55_114.25
2019-11-06,26.40,17.40,21.80,OPEN_METEO_ERA5_LAND,g_22.55_114.25
2019-11-07,26.30,18.10,22.10,OPEN_METEO_ERA5_LAND,g_22.55_114.25
2019-11-08,26.10,17.90,21.60,OPEN_METEO_ERA5_LAND,g_22.55_114.25
2019-11-09,25.40,17.00,20.70,OPEN_METEO_ERA5_LAND,g_22.55_114.25
2019-11-10,25.70,16.30,20.60,OPEN_METEO_ERA5_LAND,g_22.55_114.25
2019-11-11,25.00,16.30,21.20,OPEN_METEO_ERA5_LAND,g_22.55_114.25
2019-11-12,24.70,19.80,22.00,OPEN_METEO_ERA5_LAND,g_22.55_114.25
2019-11-13,26.80,19.30,22.80,OPEN_METEO_ERA5_LAND,g_22.55_114.25
2019-11-14,26.00,18.10,21.70,OPEN_METEO_ERA5_LAND,g_22.55_114.25
2019-11-15,24.30,18.40,21.10,OPEN_METEO_ERA5_LAND,g_22.55_114.25
2019-11-16,23.50,19.30,20.90,OPEN_METEO_ERA5_LAND,g_22.55_114.25
2019-11-17,25.50,19.30,21.70,OPEN_METEO_ERA5_LAND,g_22.55_114.25
2019-11-18,27.80,16.00,21.90,OPEN_METEO_ERA5_LAND,g_22.55_114.25
2019-11-19,22.30,12.50,17.60,OPEN_METEO_ERA5_LAND,g_22.55_114.25
2019-11-20,23.80,14.40,18.90,OPEN_METEO_ERA5_LAND,g_22.55_114.25
2019-11-21,24.90,15.10,19.90,OPEN_METEO_ERA5_LAND,g_22.55_114.25
2019-11-22,25.50,16.20,20.20,OPEN_METEO_ERA5_LAND,g_22.55_114.25
2019-11-23,27.10,17.30,21.40,OPEN_METEO_ERA5_LAND,g_22.55_114.25
2019-11-24,26.20,17.60,21.30,OPEN_METEO_ERA5_LAND,g_22.55_114.25
2019-11-25,27.40,20.10,22.70,OPEN_METEO_ERA5_LAND,g_22.55_114.25
2019-11-26,23.60,15.50,19.90,OPEN_METEO_ERA5_LAND,g_22.55_114.25
2019-11-27,25.30,17.10,21.20,OPEN_METEO_ERA5_LAND,g_22.55_114.25
2019-11-28,20.50,12.60,16.50,OPEN_METEO_ERA5_LAND,g_22.55_114.25
2019-11-29,21.90,11.80,16.50,OPEN_METEO_ERA5_LAND,g_22.55_114.25
2019-11-30,23.10,12.60,17.80,OPEN_METEO_ERA5_LAND,g_22.55_114.25
2019-12-01,26.10,15.40,19.70,OPEN_METEO_ERA5_LAND,g_22.55_114.25
2019-12-02,18.50,10.70,14.70,OPEN_METEO_ERA5_LAND,g_22.55_114.25
2019-12-03,18.30,10.10,14.00,OPEN_METEO_ERA5_LAND,g_22.55_114.25
2019-12-04,20.30,10.10,15.50,OPEN_METEO_ERA5_LAND,g_22.55_114.25
2019-12-05,16.10,12.20,13.80,OPEN_METEO_ERA5_LAND,g_22.55_114.25
2019-12-06,18.60,12.20,14.90,OPEN_METEO_ERA5_LAND,g_22.55_114.25
2019-12-07,19.50,9.80,14.50,OPEN_METEO_ERA5_LAND,g_22.55_114.25
2019-12-08,19.20,9.40,14.10,OPEN_METEO_ERA5_LAND,g_22.55_114.25
2019-12-09,20.30,9.40,14.70,OPEN_METEO_ERA5_LAND,g_22.55_114.25
2019-12-10,20.90,10.50,15.90,OPEN_METEO_ERA5_LAND,g_22.55_114.25
2019-12-11,22.80,11.70,16.70,OPEN_METEO_ERA5_LAND,g_22.55_114.25
2019-12-12,21.80,12.00,17.30,OPEN_METEO_ERA5_LAND,g_22.55_114.25
2019-12-13,22.10,15.50,18.20,OPEN_METEO_ERA5_LAND,g_22.55_114.25
2019-12-14,23.10,13.40,17.80,OPEN_METEO_ERA5_LAND,g_22.55_114.25
2019-12-15,21.40,16.30,18.70,OPEN_METEO_ERA5_LAND,g_22.55_114.25
2019-12-16,23.60,18.00,20.20,OPEN_METEO_ERA5_LAND,g_22.55_114.25
2019-12-17,25.20,17.40,21.10,OPEN_METEO_ERA5_LAND,g_22.55_114.25
2019-12-18,26.40,18.10,21.30,OPEN_METEO_ERA5_LAND,g_22.55_114.25
2019-12-19,22.70,15.40,18.40,OPEN_METEO_ERA5_LAND,g_22.55_114.25
2019-12-20,21.70,11.90,16.80,OPEN_METEO_ERA5_LAND,g_22.55_114.25
2019-12-21,20.70,14.40,17.30,OPEN_METEO_ERA5_LAND,g_22.55_114.25
2019-12-22,25.70,15.50,19.60,OPEN_METEO_ERA5_LAND,g_22.55_114.25
2019-12-23,21.70,14.10,18.10,OPEN_METEO_ERA5_LAND,g_22.55_114.25
2019-12-24,22.60,16.70,19.10,OPEN_METEO_ERA5_LAND,g_22.55_114.25
2019-12-25,21.90,16.30,18.50,OPEN_METEO_ERA5_LAND,g_22.55_114.25
2019-12-26,25.10,14.50,19.30,OPEN_METEO_ERA5_LAND,g_22.55_114.25
2019-12-27,20.40,10.70,15.20,OPEN_METEO_ERA5_LAND,g_22.55_114.25
2019-12-28,19.70,11.20,15.90,OPEN_METEO_ERA5_LAND,g_22.55_114.25
2019-12-29,19.40,16.20,17.80,OPEN_METEO_ERA5_LAND,g_22.55_114.25
2019-12-30,22.00,17.10,19.10,OPEN_METEO_ERA5_LAND,g_22.55_114.25
2019-12-31,21.10,15.60,18.20,OPEN_METEO_ERA5_LAND,g_22.55_114.25
2020-01-01,18.90,14.10,16.40,OPEN_METEO_ERA5_LAND,g_22.55_114.25
2020-01-02,20.10,14.90,16.80,OPEN_METEO_ERA5_LAND,g_22.55_114.25
2020-01-03,21.90,14.80,17.50,OPEN_METEO_ERA5_LAND,g_22.55_114.25
2020-01-04,22.60,14.10,17.80,OPEN_METEO_ERA5_LAND,g_22.55_114.25
2020-01-05,21.50,16.50,18.60,OPEN_METEO_ERA5_LAND,g_22.55_114.25
2020-01-06,22.90,17.70,19.60,OPEN_METEO_ERA5_LAND,g_22.55_114.25
2020-01-07,25.00,16.60,20.80,OPEN_METEO_ERA5_LAND,g_22.55_114.25
2020-01-08,25.10,16.70,20.00,OPEN_METEO_ERA5_LAND,g_22.55_114.25
2020-01-09,19.20,16.50,17.80,OPEN_METEO_ERA5_LAND,g_22.55_114.25
2020-01-10,21.50,16.80,18.50,OPEN_METEO_ERA5_LAND,g_22.55_114.25
2020-01-11,24.30,14.20,19.40,OPEN_METEO_ERA5_LAND,g_22.55_114.25
2020-01-12,19.80,10.10,15.00,OPEN_METEO_ERA5_LAND,g_22.55_114.25
2020-01-13,20.30,11.60,15.80,OPEN_METEO_ERA5_LAND,g_22.55_114.25
2020-01-14,20.70,14.30,17.20,OPEN_METEO_ERA5_LAND,g_22.55_114.25
2020-01-15,21.50,15.90,18.10,OPEN_METEO_ERA5_LAND,g_22.55_114.25
2020-01-16,22.20,16.20,18.80,OPEN_METEO_ERA5_LAND,g_22.55_114.25
2020-01-17,19.80,11.80,15.70,OPEN_METEO_ERA5_LAND,g_22.55_114.25
2020-01-18,19.10,10.50,15.10,OPEN_METEO_ERA5_LAND,g_22.55_114.25
2020-01-19,17.10,13.00,14.90,OPEN_METEO_ERA5_LAND,g_22.55_114.25
2020-01-20,19.50,11.40,15.40,OPEN_METEO_ERA5_LAND,g_22.55_114.25
2020-01-21,19.30,13.50,16.80,OPEN_METEO_ERA5_LAND,g_22.55_114.25
2020-01-22,23.00,16.90,19.30,OPEN_METEO_ERA5_LAND,g_22.55_114.25
2020-01-23,24.50,17.10,20.20,OPEN_METEO_ERA5_LAND,g_22.55_114.25
2020-01-24,23.90,18.50,20.80,OPEN_METEO_ERA5_LAND,g_22.55_114.25
2020-01-25,23.80,15.00,19.00,OPEN_METEO_ERA5_LAND,g_22.55_114.25
2020-01-26,15.30,11.10,13.10,OPEN_METEO_ERA5_LAND,g_22.55_114.25
2020-01-27,16.40,7.30,11.40,OPEN_METEO_ERA5_LAND,g_22.55_114.25
2020-01-28,15.80,7.60,10.90,OPEN_METEO_ERA5_LAND,g_22.55_114.25
2020-01-29,16.60,7.60,11.50,OPEN_METEO_ERA5_LAND,g_22.55_114.25
2020-01-30,17.40,7.90,12.40,OPEN_METEO_ERA5_LAND,g_22.55_114.25
2020-01-31,16.80,7.80,12.40,OPEN_METEO_ERA5_LAND,g_22.55_114.25
2020-02-01,16.40,10.80,13.80,OPEN_METEO_ERA5_LAND,g_22.55_114.25
2020-02-02,18.60,13.50,15.80,OPEN_METEO_ERA5_LAND,g_22.55_114.25
2020-02-03,19.90,13.90,16.80,OPEN_METEO_ERA5_LAND,g_22.55_114.25
2020-02-04,20.10,13.10,16.20,OPEN_METEO_ERA5_LAND,g_22.55_114.25
2020-02-05,19.90,13.80,16.40,OPEN_METEO_ERA5_LAND,g_22.55_114.25
2020-02-06,18.70,14.40,16.40,OPEN_METEO_ERA5_LAND,g_22.55_114.25
2020-02-07,21.30,15.50,18.20,OPEN_METEO_ERA5_LAND,g_22.55_114.25
2020-02-08,20.90,12.40,15.90,OPEN_METEO_ERA5_LAND,g_22.55_114.25
2020-02-09,19.70,11.10,14.70,OPEN_METEO_ERA5_LAND,g_22.55_114.25
2020-02-10,18.60,11.50,15.40,OPEN_METEO_ERA5_LAND,g_22.55_114.25
2020-02-11,20.00,15.60,17.50,OPEN_METEO_ERA5_LAND,g_22.55_114.25
2020-02-12,24.60,15.60,19.90,OPEN_METEO_ERA5_LAND,g_22.55_114.25
2020-02-13,21.00,16.80,18.70,OPEN_METEO_ERA5_LAND,g_22.55_114.25
2020-02-14,21.40,17.70,19.20,OPEN_METEO_ERA5_LAND,g_22.55_114.25
2020-02-15,23.00,18.70,20.30,OPEN_METEO_ERA5_LAND,g_22.55_114.25
2020-02-16,14.80,8.90,11.10,OPEN_METEO_ERA5_LAND,g_22.55_114.25
2020-02-17,15.20,7.20,10.90,OPEN_METEO_ERA5_LAND,g_22.55_114.25
2020-02-18,15.70,7.60,11.80,OPEN_METEO_ERA5_LAND,g_22.55_114.25
2020-02-19,18.10,11.10,14.10,OPEN_METEO_ERA5_LAND,g_22.55_114.25
2020-02-20,18.90,12.10,15.90,OPEN_METEO_ERA5_LAND,g_22.55_114.25
2020-02-21,21.00,14.70,17.30,OPEN_METEO_ERA5_LAND,g_22.55_114.25
2020-02-22,23.30,14.00,18.40,OPEN_METEO_ERA5_LAND,g_22.55_114.25
2020-02-23,22.30,15.50,18.10,OPEN_METEO_ERA5_LAND,g_22.55_114.25
2020-02-24,21.10,16.30,18.30,OPEN_METEO_ERA5_LAND,g_22.55_114.25
2020-02-25,24.00,16.50,20.10,OPEN_METEO_ERA5_LAND,g_22.55_114.25
2020-02-26,25.70,17.20,21.50,OPEN_METEO_ERA5_LAND,g_22.55_114.25
2020-02-27,22.00,17.20,19.20,OPEN_METEO_ERA5_LAND,g_22.55_114.25
2020-02-28,22.70,16.30,18.90,OPEN_METEO_ERA5_LAND,g_22.55_114.25
2020-02-29,25.30,16.10,20.10,OPEN_METEO_ERA5_LAND,g_22.55_114.25
2020-03-01,27.30,16.90,22.10,OPEN_METEO_ERA5_LAND,g_22.55_114.25
2020-03-02,21.40,17.30,19.20,OPEN_METEO_ERA5_LAND,g_22.55_114.25
2020-03-03,22.10,16.40,18.70,OPEN_METEO_ERA5_LAND,g_22.55_114.25
2020-03-04,22.40,14.80,18.70,OPEN_METEO_ERA5_LAND,g_22.55_114.25
2020-03-05,20.30,12.90,16.10,OPEN_METEO_ERA5_LAND,g_22.55_114.25
2020-03-06,19.20,15.80,17.30,OPEN_METEO_ERA5_LAND,g_22.55_114.25
2020-03-07,23.30,17.80,20.00,OPEN_METEO_ERA5_LAND,g_22.55_114.25
2020-03-08,23.90,19.40,21.20,OPEN_METEO_ERA5_LAND,g_22.55_114.25
2020-03-09,25.50,20.60,22.50,OPEN_METEO_ERA5_LAND,g_22.55_114.25
2020-03-10,23.00,16.70,20.10,OPEN_METEO_ERA5_LAND,g_22.55_114.25
2020-03-11,19.90,14.50,16.90,OPEN_METEO_ERA5_LAND,g_22.55_114.25
2020-03-12,21.20,17.90,19.40,OPEN_METEO_ERA5_LAND,g_22.55_114.25
2020-03-13,24.00,19.70,21.20,OPEN_METEO_ERA5_LAND,g_22.55_114.25
2020-03-14,24.10,16.40,19.30,OPEN_METEO_ERA5_LAND,g_22.55_114.25
2020-03-15,21.40,14.60,18.00,OPEN_METEO_ERA5_LAND,g_22.55_114.25
2020-03-16,20.70,16.30,18.60,OPEN_METEO_ERA5_LAND,g_22.55_114.25
2020-03-17,22.70,17.90,19.70,OPEN_METEO_ERA5_LAND,g_22.55_114.25
2020-03-18,23.10,17.40,19.60,OPEN_METEO_ERA5_LAND,g_22.55_114.25
2020-03-19,23.10,17.70,20.30,OPEN_METEO_ERA5_LAND,g_22.55_114.25
2020-03-20,22.80,19.60,20.60,OPEN_METEO_ERA5_LAND,g_22.55_114.25
2020-03-21,23.00,20.00,21.20,OPEN_METEO_ERA5_LAND,g_22.55_114.25
2020-03-22,26.00,20.50,22.70,OPEN_METEO_ERA5_LAND,g_22.55_114.25
2020-03-23,28.00,19.60,23.00,OPEN_METEO_ERA5_LAND,g_22.55_114.25
2020-03-24,23.80,19.80,20.90,OPEN_METEO_ERA5_LAND,g_22.55_114.25
2020-03-25,24.30,19.80,21.30,OPEN_METEO_ERA5_LAND,g_22.55_114.25
2020-03-26,25.00,20.40,22.10,OPEN_METEO_ERA5_LAND,g_22.55_114.25
2020-03-27,26.20,20.60,22.70,OPEN_METEO_ERA5_LAND,g_22.55_114.25
2020-03-28,26.40,17.80,22.20,OPEN_METEO_ERA5_LAND,g_22.55_114.25
2020-03-29,22.80,17.30,20.10,OPEN_METEO_ERA5_LAND,g_22.55_114.25
2020-03-30,22.10,18.30,20.30,OPEN_METEO_ERA5_LAND,g_22.55_114.25
2020-03-31,23.70,17.60,20.80,OPEN_METEO_ERA5_LAND,g_22.55_114.25
2020-04-01,21.40,15.50,18.20,OPEN_METEO_ERA5_LAND,g_22.55_114.25
2020-04-02,22.30,18.20,20.20,OPEN_METEO_ERA5_LAND,g_22.55_114.25
2020-04-03,22.70,19.00,20.50,OPEN_METEO_ERA5_LAND,g_22.55_114.25
2020-04-04,24.00,17.10,20.00,OPEN_METEO_ERA5_LAND,g_22.55_114.25
2020-04-05,18.20,15.70,17.30,OPEN_METEO_ERA5_LAND,g_22.55_114.25
2020-04-06,17.20,15.80,16.50,OPEN_METEO_ERA5_LAND,g_22.55_114.25
2020-04-07,22.50,15.00,18.30,OPEN_METEO_ERA5_LAND,g_22.55_114.25
2020-04-08,21.70,17.90,19.30,OPEN_METEO_ERA5_LAND,g_22.55_114.25
2020-04-09,23.10,16.80,19.60,OPEN_METEO_ERA5_LAND,g_22.55_114.25
2020-04-10,22.10,18.00,20.00,OPEN_METEO_ERA5_LAND,g_22.55_114.25
2020-04-11,24.00,18.40,21.50,OPEN_METEO_ERA5_LAND,g_22.55_114.25
2020-04-12,20.80,14.10,17.80,OPEN_METEO_ERA5_LAND,g_22.55_114.25
2020-04-13,21.80,12.90,17.30,OPEN_METEO_ERA5_LAND,g_22.55_114.25
2020-04-14,21.80,17.50,19.50,OPEN_METEO_ERA5_LAND,g_22.55_114.25
2020-04-15,24.50,16.30,20.30,OPEN_METEO_ERA5_LAND,g_22.55_114.25
2020-04-16,25.20,16.60,20.80,OPEN_METEO_ERA5_LAND,g_22.55_114.25
2020-04-17,26.30,18.60,22.10,OPEN_METEO_ERA5_LAND,g_22.55_114.25
2020-04-18,25.80,18.90,22.70,OPEN_METEO_ERA5_LAND,g_22.55_114.25
2020-04-19,28.10,20.30,24.20,OPEN_METEO_ERA5_LAND,g_22.55_114.25
2020-04-20,29.90,21.50,25.20,OPEN_METEO_ERA5_LAND,g_22.55_114.25
2020-04-21,26.40,23.00,24.50,OPEN_METEO_ERA5_LAND,g_22.55_114.25
2020-04-22,23.20,19.00,21.90,OPEN_METEO_ERA5_LAND,g_22.55_114.25
2020-04-23,20.90,18.10,19.60,OPEN_METEO_ERA5_LAND,g_22.55_114.25
2020-04-24,21.60,16.40,18.20,OPEN_METEO_ERA5_LAND,g_22.55_114.25
2020-04-25,22.30,16.90,19.10,OPEN_METEO_ERA5_LAND,g_22.55_114.25
2020-04-26,26.10,17.50,21.30,OPEN_METEO_ERA5_LAND,g_22.55_114.25
2020-04-27,26.00,18.70,22.10,OPEN_METEO_ERA5_LAND,g_22.55_114.25
2020-04-28,26.50,18.90,22.50,OPEN_METEO_ERA5_LAND,g_22.55_114.25
2020-04-29,25.40,19.60,22.10,OPEN_METEO_ERA5_LAND,g_22.55_114.25
2020-04-30,26.90,18.90,22.80,OPEN_METEO_ERA5_LAND,g_22.55_114.25
2020-05-01,28.10,20.40,23.90,OPEN_METEO_ERA5_LAND,g_22.55_114.25
2020-05-02,29.70,20.90,24.90,OPEN_METEO_ERA5_LAND,g_22.55_114.25
2020-05-03,33.40,21.40,26.60,OPEN_METEO_ERA5_LAND,g_22.55_114.25
2020-05-04,33.30,23.30,27.30,OPEN_METEO_ERA5_LAND,g_22.55_114.25
2020-05-05,31.30,24.70,27.50,OPEN_METEO_ERA5_LAND,g_22.55_114.25
2020-05-06,32.30,25.20,27.90,OPEN_METEO_ERA5_LAND,g_22.55_114.25
2020-05-07,31.80,25.30,27.80,OPEN_METEO_ERA5_LAND,g_22.55_114.25
2020-05-08,31.30,25.60,27.90,OPEN_METEO_ERA5_LAND,g_22.55_114.25
2020-05-09,32.20,25.50,28.20,OPEN_METEO_ERA5_LAND,g_22.55_114.25
2020-05-10,32.70,25.40,28.20,OPEN_METEO_ERA5_LAND,g_22.55_114.25
2020-05-11,30.90,24.50,27.00,OPEN_METEO_ERA5_LAND,g_22.55_114.25
2020-05-12,29.90,23.50,26.00,OPEN_METEO_ERA5_LAND,g_22.55_114.25
2020-05-13,27.30,24.30,25.40,OPEN_METEO_ERA5_LAND,g_22.55_114.25
2020-05-14,28.00,24.50,26.00,OPEN_METEO_ERA5_LAND,g_22.55_114.25
2020-05-15,29.40,25.10,26.80,OPEN_METEO_ERA5_LAND,g_22.55_114.25
2020-05-16,29.30,24.60,26.80,OPEN_METEO_ERA5_LAND,g_22.55_114.25
2020-05-17,31.20,24.40,27.50,OPEN_METEO_ERA5_LAND,g_22.55_114.25
2020-05-18,27.70,24.20,25.80,OPEN_METEO_ERA5_LAND,g_22.55_114.25
2020-05-19,28.90,23.50,25.80,OPEN_METEO_ERA5_LAND,g_22.55_114.25
2020-05-20,28.10,23.60,25.60,OPEN_METEO_ERA5_LAND,g_22.55_114.25
2020-05-21,27.80,24.70,26.10,OPEN_METEO_ERA5_LAND,g_22.55_114.25
2020-05-22,28.60,24.30,26.20,OPEN_METEO_ERA5_LAND,g_22.55_114.25
2020-05-23,26.70,24.20,25.10,OPEN_METEO_ERA5_LAND,g_22.55_114.25
2020-05-24,27.20,23.90,25.40,OPEN_METEO_ERA5_LAND,g_22.55_114.25
2020-05-25,27.70,24.50,25.90,OPEN_METEO_ERA5_LAND,g_22.55_114.25
2020-05-26,29.70,24.30,26.70,OPEN_METEO_ERA5_LAND,g_22.55_114.25
2020-05-27,28.10,24.70,26.00,OPEN_METEO_ERA5_LAND,g_22.55_114.25
2020-05-28,27.80,24.00,25.90,OPEN_METEO_ERA5_LAND,g_22.55_114.25
2020-05-29,28.80,24.30,26.30,OPEN_METEO_ERA5_LAND,g_22.55_114.25
2020-05-30,27.00,24.00,25.40,OPEN_METEO_ERA5_LAND,g_22.55_114.25
2020-05-31,27.70,24.50,25.80,OPEN_METEO_ERA5_LAND,g_22.55_114.25
2020-06-01,29.50,25.30,26.80,OPEN_METEO_ERA5_LAND,g_22.55_114.25
2020-06-02,29.70,25.00,27.10,OPEN_METEO_ERA5_LAND,g_22.55_114.25
2020-06-03,30.70,25.40,27.60,OPEN_METEO_ERA5_LAND,g_22.55_114.25
2020-06-04,30.20,25.40,27.40,OPEN_METEO_ERA5_LAND,g_22.55_114.25
2020-06-05,30.00,26.20,27.70,OPEN_METEO_ERA5_LAND,g_22.55_114.25
2020-06-06,29.20,24.30,26.30,OPEN_METEO_ERA5_LAND,g_22.55_114.25
2020-06-07,25.90,24.40,25.10,OPEN_METEO_ERA5_LAND,g_22.55_114.25
2020-06-08,27.70,24.70,25.70,OPEN_METEO_ERA5_LAND,g_22.55_114.25
2020-06-09,28.20,25.20,26.70,OPEN_METEO_ERA5_LAND,g_22.55_114.25
2020-06-10,30.50,24.90,27.60,OPEN_METEO_ERA5_LAND,g_22.55_114.25
2020-06-11,30.60,25.40,27.80,OPEN_METEO_ERA5_LAND,g_22.55_114.25
2020-06-12,30.00,24.80,27.20,OPEN_METEO_ERA5_LAND,g_22.55_114.25
2020-06-13,29.80,26.00,27.80,OPEN_METEO_ERA5_LAND,g_22.55_114.25
2020-06-14,28.90,25.40,27.00,OPEN_METEO_ERA5_LAND,g_22.55_114.25
2020-06-15,29.80,25.00,26.90,OPEN_METEO_ERA5_LAND,g_22.55_114.25
2020-06-16,30.10,25.60,27.40,OPEN_METEO_ERA5_LAND,g_22.55_114.25
2020-06-17,30.30,25.30,27.60,OPEN_METEO_ERA5_LAND,g_22.55_114.25
2020-06-18,30.50,26.00,27.80,OPEN_METEO_ERA5_LAND,g_22.55_114.25
2020-06-19,31.50,25.90,28.40,OPEN_METEO_ERA5_LAND,g_22.55_114.25
2020-06-20,31.70,25.20,28.30,OPEN_METEO_ERA5_LAND,g_22.55_114.25
2020-06-21,31.50,26.20,28.40,OPEN_METEO_ERA5_LAND,g_22.55_114.25
2020-06-22,31.40,26.80,28.70,OPEN_METEO_ERA5_LAND,g_22.55_114.25
2020-06-23,32.00,26.50,28.80,OPEN_METEO_ERA5_LAND,g_22.55_114.25
2020-06-24,31.50,26.70,28.80,OPEN_METEO_ERA5_LAND,g_22.55_114.25
2020-06-25,30.60,26.70,28.30,OPEN_METEO_ERA5_LAND,g_22.55_114.25
2020-06-26,31.20,26.50,28.30,OPEN_METEO_ERA5_LAND,g_22.55_114.25
2020-06-27,30.70,26.60,28.30,OPEN_METEO_ERA5_LAND,g_22.55_114.25
2020-06-28,31.50,26.10,28.50,OPEN_METEO_ERA5_LAND,g_22.55_114.25
2020-06-29,31.20,26.30,28.30,OPEN_METEO_ERA5_LAND,g_22.55_114.25
2020-06-30,31.90,26.70,28.90,OPEN_METEO_ERA5_LAND,g_22.55_114.25
2020-07-01,30.00,26.70,28.00,OPEN_METEO_ERA5_LAND,g_22.55_114.25
2020-07-02,29.90,26.70,28.00,OPEN_METEO_ERA5_LAND,g_22.55_114.25
2020-07-03,29.70,25.90,27.30,OPEN_METEO_ERA5_LAND,g_22.55_114.25
2020-07-04,29.50,26.40,27.60,OPEN_METEO_ERA5_LAND,g_22.55_114.25
2020-07-05,30.90,26.00,28.00,OPEN_METEO_ERA5_LAND,g_22.55_114.25
2020-07-06,31.30,26.20,28.40,OPEN_METEO_ERA5_LAND,g_22.55_114.25
2020-07-07,31.30,26.40,28.70,OPEN_METEO_ERA5_LAND,g_22.55_114.25
2020-07-08,31.00,26.50,28.50,OPEN_METEO_ERA5_LAND,g_22.55_114.25
2020-07-09,31.60,27.50,29.10,OPEN_METEO_ERA5_LAND,g_22.55_114.25
2020-07-10,30.70,27.40,28.70,OPEN_METEO_ERA5_LAND,g_22.55_114.25
2020-07-11,31.90,27.10,29.00,OPEN_METEO_ERA5_LAND,g_22.55_114.25
2020-07-12,32.50,26.00,28.80,OPEN_METEO_ERA5_LAND,g_22.55_114.25
2020-07-13,32.70,25.90,29.10,OPEN_METEO_ERA5_LAND,g_22.55_114.25
2020-07-14,34.70,26.60,30.20,OPEN_METEO_ERA5_LAND,g_22.55_114.25
2020-07-15,34.20,27.30,29.80,OPEN_METEO_ERA5_LAND,g_22.55_114.25
2020-07-16,32.90,27.10,29.40,OPEN_METEO_ERA5_LAND,g_22.55_114.25
2020-07-17,32.50,26.50,29.10,OPEN_METEO_ERA5_LAND,g_22.55_114.25
2020-07-18,33.80,27.10,29.60,OPEN_METEO_ERA5_LAND,g_22.55_114.25
2020-07-19,32.50,26.90,29.30,OPEN_METEO_ERA5_LAND,g_22.55_114.25
2020-07-20,32.80,26.80,29.40,OPEN_METEO_ERA5_LAND,g_22.55_114.25
2020-07-21,31.70,26.30,28.80,OPEN_METEO_ERA5_LAND,g_22.55_114.25
2020-07-22,31.50,26.90,28.70,OPEN_METEO_ERA5_LAND,g_22.55_114.25
2020-07-23,33.30,26.80,29.70,OPEN_METEO_ERA5_LAND,g_22.55_114.25
2020-07-24,34.70,26.30,29.90,OPEN_METEO_ERA5_LAND,g_22.55_114.25
2020-07-25,35.90,26.50,30.40,OPEN_METEO_ERA5_LAND,g_22.55_114.25
2020-07-26,34.30,27.00,30.00,OPEN_METEO_ERA5_LAND,g_22.55_114.25
2020-07-27,33.40,27.20,29.50,OPEN_METEO_ERA5_LAND,g_22.55_114.25
2020-07-28,32.60,26.90,29.30,OPEN_METEO_ERA5_LAND,g_22.55_114.25
2020-07-29,32.60,26.80,29.20,OPEN_METEO_ERA5_LAND,g_22.55_114.25
2020-07-30,32.20,25.90,28.60,OPEN_METEO_ERA5_LAND,g_22.55_114.25
2020-07-31,27.80,25.60,26.60,OPEN_METEO_ERA5_LAND,g_22.55_114.25
2020-08-01,27.10,25.20,25.90,OPEN_METEO_ERA5_LAND,g_22.55_114.25
2020-08-02,26.40,25.20,25.60,OPEN_METEO_ERA5_LAND,g_22.55_114.25
2020-08-03,26.90,25.10,25.70,OPEN_METEO_ERA5_LAND,g_22.55_114.25
2020-08-04,27.60,24.90,26.00,OPEN_METEO_ERA5_LAND,g_22.55_114.25
2020-08-05,28.10,24.70,25.90,OPEN_METEO_ERA5_LAND,g_22.55_114.25
2020-08-06,29.00,25.90,27.20,OPEN_METEO_ERA5_LAND,g_22.55_114.25
2020-08-07,29.80,25.60,27.50,OPEN_METEO_ERA5_LAND,g_22.55_114.25
2020-08-08,30.00,26.20,27.90,OPEN_METEO_ERA5_LAND,g_22.55_114.25
2020-08-09,31.40,25.20,28.20,OPEN_METEO_ERA5_LAND,g_22.55_114.25
2020-08-10,32.00,26.00,28.40,OPEN_METEO_ERA5_LAND,g_22.55_114.25
2020-08-11,30.80,25.80,28.00,OPEN_METEO_ERA5_LAND,g_22.55_114.25
2020-08-12,27.30,25.20,26.10,OPEN_METEO_ERA5_LAND,g_22.55_114.25
2020-08-13,28.40,25.20,26.50,OPEN_METEO_ERA5_LAND,g_22.55_114.25
2020-08-14,29.60,25.40,27.10,OPEN_METEO_ERA5_LAND,g_22.55_114.25
2020-08-15,29.80,25.10,27.50,OPEN_METEO_ERA5_LAND,g_22.55_114.25
2020-08-16,29.40,25.70,27.00,OPEN_METEO_ERA5_LAND,g_22.55_114.25
2020-08-17,28.60,25.10,26.30,OPEN_METEO_ERA5_LAND,g_22.55_114.25
2020-08-18,29.00,24.60,26.10,OPEN_METEO_ERA5_LAND,g_22.55_114.25
2020-08-19,26.60,24.90,25.70,OPEN_METEO_ERA5_LAND,g_22.55_114.25
2020-08-20,28.80,25.70,26.90,OPEN_METEO_ERA5_LAND,g_22.55_114.25
2020-08-21,29.70,25.60,27.30,OPEN_METEO_ERA5_LAND,g_22.55_114.25
2020-08-22,30.60,24.80,27.70,OPEN_METEO_ERA5_LAND,g_22.55_114.25
2020-08-23,31.10,25.50,28.10,OPEN_METEO_ERA5_LAND,g_22.55_114.25
2020-08-24,32.20,26.10,28.80,OPEN_METEO_ERA5_LAND,g_22.55_114.25
2020-08-25,31.70,26.60,28.60,OPEN_METEO_ERA5_LAND,g_22.55_114.25
2020-08-26,29.70,25.60,27.40,OPEN_METEO_ERA5_LAND,g_22.55_114.25
2020-08-27,28.50,25.10,26.60,OPEN_METEO_ERA5_LAND,g_22.55_114.25
2020-08-28,31.80,24.50,27.70,OPEN_METEO_ERA5_LAND,g_22.55_114.25
2020-08-29,31.60,25.10,28.20,OPEN_METEO_ERA5_LAND,g_22.55_114.25
2020-08-30,30.70,25.10,28.00,OPEN_METEO_ERA5_LAND,g_22.55_114.25
2020-08-31,31.00,25.80,28.10,OPEN_METEO_ERA5_LAND,g_22.55_114.25
2020-09-01,32.20,25.40,28.20,OPEN_METEO_ERA5_LAND,g_22.55_114.25
2020-09-02,32.40,26.10,28.70,OPEN_METEO_ERA5_LAND,g_22.55_114.25
2020-09-03,32.60,26.00,28.90,OPEN_METEO_ERA5_LAND,g_22.55_114.25
2020-09-04,29.00,25.40,27.30,OPEN_METEO_ERA5_LAND,g_22.55_114.25
2020-09-05,28.50,25.20,26.80,OPEN_METEO_ERA5_LAND,g_22.55_114.25
2020-09-06,27.90,25.50,26.70,OPEN_METEO_ERA5_LAND,g_22.55_114.25
2020-09-07,26.90,24.90,26.00,OPEN_METEO_ERA5_LAND,g_22.55_114.25
2020-09-08,27.60,25.10,26.10,OPEN_METEO_ERA5_LAND,g_22.55_114.25
2020-09-09,27.80,24.90,26.40,OPEN_METEO_ERA5_LAND,g_22.55_114.25
2020-09-10,27.00,24.90,25.90,OPEN_METEO_ERA5_LAND,g_22.55_114.25
2020-09-11,29.70,25.20,27.30,OPEN_METEO_ERA5_LAND,g_22.55_114.25
2020-09-12,30.90,24.90,26.70,OPEN_METEO_ERA5_LAND,g_22.55_114.25
2020-09-13,28.60,24.70,26.10,OPEN_METEO_ERA5_LAND,g_22.55_114.25
2020-09-14,28.60,24.70,26.40,OPEN_METEO_ERA5_LAND,g_22.55_114.25
2020-09-15,26.90,25.20,26.00,OPEN_METEO_ERA5_LAND,g_22.55_114.25
2020-09-16,29.70,25.60,27.40,OPEN_METEO_ERA5_LAND,g_22.55_114.25
2020-09-17,28.90,25.60,26.90,OPEN_METEO_ERA5_LAND,g_22.55_114.25
2020-09-18,27.80,25.50,26.40,OPEN_METEO_ERA5_LAND,g_22.55_114.25
2020-09-19,27.80,25.10,26.10,OPEN_METEO_ERA5_LAND,g_22.55_114.25
2020-09-20,28.60,25.30,26.80,OPEN_METEO_ERA5_LAND,g_22.55_114.25
2020-09-21,27.90,25.10,26.20,OPEN_METEO_ERA5_LAND,g_22.55_114.25
2020-09-22,28.70,25.40,26.90,OPEN_METEO_ERA5_LAND,g_22.55_114.25
2020-09-23,29.00,25.50,27.20,OPEN_METEO_ERA5_LAND,g_22.55_114.25
2020-09-24,28.30,23.00,25.80,OPEN_METEO_ERA5_LAND,g_22.55_114.25
2020-09-25,28.50,22.20,25.10,OPEN_METEO_ERA5_LAND,g_22.55_114.25
2020-09-26,27.60,24.50,26.00,OPEN_METEO_ERA5_LAND,g_22.55_114.25
2020-09-27,27.60,24.40,25.90,OPEN_METEO_ERA5_LAND,g_22.55_114.25
2020-09-28,27.40,23.90,25.70,OPEN_METEO_ERA5_LAND,g_22.55_114.25
2020-09-29,26.60,24.00,25.40,OPEN_METEO_ERA5_LAND,g_22.55_114.25
2020-09-30,28.40,24.30,25.90,OPEN_METEO_ERA5_LAND,g_22.55_114.25
2020-10-01,26.50,23.50,25.10,OPEN_METEO_ERA5_LAND,g_22.55_114.25
2020-10-02,27.10,24.30,25.70,OPEN_METEO_ERA5_LAND,g_22.55_114.25
2020-10-03,28.10,24.40,26.00,OPEN_METEO_ERA5_LAND,g_22.55_114.25
2020-10-04,29.20,24.40,26.80,OPEN_METEO_ERA5_LAND,g_22.55_114.25
2020-10-05,29.00,23.10,25.70,OPEN_METEO_ERA5_LAND,g_22.55_114.25
2020-10-06,27.20,20.50,23.40,OPEN_METEO_ERA5_LAND,g_22.55_114.25
2020-10-07,26.30,19.10,22.30,OPEN_METEO_ERA5_LAND,g_22.55_114.25
2020-10-08,26.10,18.80,22.10,OPEN_METEO_ERA5_LAND,g_22.55_114.25
2020-10-09,26.30,19.80,23.00,OPEN_METEO_ERA5_LAND,g_22.55_114.25
2020-10-10,27.20,20.20,23.50,OPEN_METEO_ERA5_LAND,g_22.55_114.25
2020-10-11,28.60,21.50,24.60,OPEN_METEO_ERA5_LAND,g_22.55_114.25
2020-10-12,29.70,22.20,25.80,OPEN_METEO_ERA5_LAND,g_22.55_114.25
2020-10-13,26.30,23.20,23.70,OPEN_METEO_ERA5_LAND,g_22.55_114.25
2020-10-14,27.10,22.50,24.50,OPEN_METEO_ERA5_LAND,g_22.55_114.25
2020-10-15,27.00,23.10,24.80,OPEN_METEO_ERA5_LAND,g_22.55_114.25
2020-10-16,28.60,21.70,24.70,OPEN_METEO_ERA5_LAND,g_22.55_114.25
2020-10-17,27.20,19.80,22.70,OPEN_METEO_ERA5_LAND,g_22.55_114.25
2020-10-18,26.70,18.20,22.00,OPEN_METEO_ERA5_LAND,g_22.55_114.25
2020-10-19,25.60,18.50,21.90,OPEN_METEO_ERA5_LAND,g_22.55_114.25
2020-10-20,26.00,18.30,22.20,OPEN_METEO_ERA5_LAND,g_22.55_114.25
2020-10-21,25.70,18.70,22.00,OPEN_METEO_ERA5_LAND,g_22.55_114.25
2020-10-22,25.10,19.20,21.80,OPEN_METEO_ERA5_LAND,g_22.55_114.25
2020-10-23,25.20,19.20,21.90,OPEN_METEO_ERA5_LAND,g_22.55_114.25
2020-10-24,23.50,18.00,21.20,OPEN_METEO_ERA5_LAND,g_22.55_114.25
2020-10-25,25.80,20.70,22.90,OPEN_METEO_ERA5_LAND,g_22.55_114.25
2020-10-26,26.70,21.00,23.20,OPEN_METEO_ERA5_LAND,g_22.55_114.25
2020-10-27,28.40,21.00,23.90,OPEN_METEO_ERA5_LAND,g_22.55_114.25
2020-10-28,24.90,21.80,22.80,OPEN_METEO_ERA5_LAND,g_22.55_114.25
2020-10-29,25.00,20.90,22.60,OPEN_METEO_ERA5_LAND,g_22.55_114.25
2020-10-30,25.00,19.30,22.10,OPEN_METEO_ERA5_LAND,g_22.55_114.25
2020-10-31,23.10,20.30,21.40,OPEN_METEO_ERA5_LAND,g_22.55_114.25
2020-11-01,25.60,18.20,21.60,OPEN_METEO_ERA5_LAND,g_22.55_114.25
2020-11-02,26.00,19.50,22.70,OPEN_METEO_ERA5_LAND,g_22.55_114.25
2020-11-03,25.20,18.40,21.50,OPEN_METEO_ERA5_LAND,g_22.55_114.25
2020-11-04,23.50,19.40,21.20,OPEN_METEO_ERA5_LAND,g_22.55_114.25
2020-11-05,24.00,18.70,20.90,OPEN_METEO_ERA5_LAND,g_22.55_114.25
2020-11-06,27.10,17.60,22.20,OPEN_METEO_ERA5_LAND,g_22.55_114.25
2020-11-07,27.60,20.40,24.10,OPEN_METEO_ERA5_LAND,g_22.55_114.25
2020-11-08,26.70,20.90,23.60,OPEN_METEO_ERA5_LAND,g_22.55_114.25
2020-11-09,25.50,19.20,22.00,OPEN_METEO_ERA5_LAND,g_22.55_114.25
2020-11-10,21.30,19.00,20.30,OPEN_METEO_ERA5_LAND,g_22.55_114.25
2020-11-11,24.40,16.90,20.10,OPEN_METEO_ERA5_LAND,g_22.55_114.25
2020-11-12,25.50,16.00,20.00,OPEN_METEO_ERA5_LAND,g_22.55_114.25
2020-11-13,25.00,17.20,20.50,OPEN_METEO_ERA5_LAND,g_22.55_114.25
2020-11-14,22.60,18.90,20.70,OPEN_METEO_ERA5_LAND,g_22.55_114.25
2020-11-15,22.00,19.80,20.60,OPEN_METEO_ERA5_LAND,g_22.55_114.25
2020-11-16,26.20,18.80,21.90,OPEN_METEO_ERA5_LAND,g_22.55_114.25
2020-11-17,25.50,20.30,22.50,OPEN_METEO_ERA5_LAND,g_22.55_114.25
2020-11-18,27.10,20.90,23.40,OPEN_METEO_ERA5_LAND,g_22.55_114.25
2020-11-19,26.60,22.10,23.60,OPEN_METEO_ERA5_LAND,g_22.55_114.25
2020-11-20,28.30,21.60,24.10,OPEN_METEO_ERA5_LAND,g_22.55_114.25
2020-11-21,25.20,21.70,23.00,OPEN_METEO_ERA5_LAND,g_22.55_114.25
2020-11-22,27.70,21.80,23.80,OPEN_METEO_ERA5_LAND,g_22.55_114.25
2020-11-23,25.70,18.90,21.80,OPEN_METEO_ERA5_LAND,g_22.55_114.25
2020-11-24,25.70,16.70,21.20,OPEN_METEO_ERA5_LAND,g_22.55_114.25
2020-11-25,26.60,17.60,21.70,OPEN_METEO_ERA5_LAND,g_22.55_114.25
2020-11-26,27.30,18.30,22.70,OPEN_METEO_ERA5_LAND,g_22.55_114.25
2020-11-27,24.80,15.10,19.70,OPEN_METEO_ERA5_LAND,g_22.55_114.25
2020-11-28,22.70,13.50,17.70,OPEN_METEO_ERA5_LAND,g_22.55_114.25
2020-11-29,20.60,12.40,16.70,OPEN_METEO_ERA5_LAND,g_22.55_114.25
2020-11-30,21.60,12.50,16.50,OPEN_METEO_ERA5_LAND,g_22.55_114.25
2020-12-01,21.70,12.10,16.90,OPEN_METEO_ERA5_LAND,g_22.55_114.25
2020-12-02,22.10,12.70,17.50,OPEN_METEO_ERA5_LAND,g_22.55_114.25
2020-12-03,20.20,11.90,15.60,OPEN_METEO_ERA5_LAND,g_22.55_114.25
2020-12-04,18.60,9.80,14.00,OPEN_METEO_ERA5_LAND,g_22.55_114.25
2020-12-05,19.70,8.90,14.00,OPEN_METEO_ERA5_LAND,g_22.55_114.25
2020-12-06,21.50,10.70,15.80,OPEN_METEO_ERA5_LAND,g_22.55_114.25
2020-12-07,22.90,13.70,18.00,OPEN_METEO_ERA5_LAND,g_22.55_114.25
2020-12-08,21.80,13.20,17.50,OPEN_METEO_ERA5_LAND,g_22.55_114.25
2020-12-09,19.10,13.60,16.60,OPEN_METEO_ERA5_LAND,g_22.55_114.25
2020-12-10,22.80,15.80,19.60,OPEN_METEO_ERA5_LAND,g_22.55_114.25
2020-12-11,22.90,16.30,20.00,OPEN_METEO_ERA5_LAND,g_22.55_114.25
2020-12-12,22.60,16.00,19.30,OPEN_METEO_ERA5_LAND,g_22.55_114.25
2020-12-13,22.00,18.00,19.40,OPEN_METEO_ERA5_LAND,g_22.55_114.25
2020-12-14,18.90,10.50,15.80,OPEN_METEO_ERA5_LAND,g_22.55_114.25
2020-12-15,16.40,8.60,12.00,OPEN_METEO_ERA5_LAND,g_22.55_114.25
2020-12-16,15.80,8.50,11.60,OPEN_METEO_ERA5_LAND,g_22.55_114.25
2020-12-17,18.00,8.00,12.50,OPEN_METEO_ERA5_LAND,g_22.55_114.25
2020-12-18,18.40,9.50,13.30,OPEN_METEO_ERA5_LAND,g_22.55_114.25
2020-12-19,17.00,7.50,11.50,OPEN_METEO_ERA5_LAND,g_22.55_114.25
2020-12-20,16.70,8.30,12.10,OPEN_METEO_ERA5_LAND,g_22.55_114.25
2020-12-21,18.40,9.40,13.70,OPEN_METEO_ERA5_LAND,g_22.55_114.25
2020-12-22,19.10,11.20,15.20,OPEN_METEO_ERA5_LAND,g_22.55_114.25
2020-12-23,19.00,15.40,17.20,OPEN_METEO_ERA5_LAND,g_22.55_114.25
2020-12-24,22.80,14.20,18.20,OPEN_METEO_ERA5_LAND,g_22.55_114.25
2020-12-25,19.40,14.60,16.40,OPEN_METEO_ERA5_LAND,g_22.55_114.25
2020-12-26,20.40,15.40,17.60,OPEN_METEO_ERA5_LAND,g_22.55_114.25
2020-12-27,26.00,14.20,19.20,OPEN_METEO_ERA5_LAND,g_22.55_114.25
2020-12-28,23.20,13.80,18.60,OPEN_METEO_ERA5_LAND,g_22.55_114.25
2020-12-29,25.00,16.40,20.20,OPEN_METEO_ERA5_LAND,g_22.55_114.25
2020-12-30,18.50,7.60,11.70,OPEN_METEO_ERA5_LAND,g_22.55_114.25
2020-12-31,12.40,4.20,8.30,OPEN_METEO_ERA5_LAND,g_22.55_114.25
2021-01-01,14.40,3.80,9.10,OPEN_METEO_ERA5_LAND,g_22.55_114.25
2021-01-02,16.80,6.30,11.50,OPEN_METEO_ERA5_LAND,g_22.55_114.25
2021-01-03,20.00,8.90,14.50,OPEN_METEO_ERA5_LAND,g_22.55_114.25
2021-01-04,19.70,13.40,16.30,OPEN_METEO_ERA5_LAND,g_22.55_114.25
2021-01-05,21.80,14.60,17.30,OPEN_METEO_ERA5_LAND,g_22.55_114.25
2021-01-06,18.80,10.10,14.70,OPEN_METEO_ERA5_LAND,g_22.55_114.25
2021-01-07,16.20,7.20,12.30,OPEN_METEO_ERA5_LAND,g_22.55_114.25
2021-01-08,9.70,4.30,6.90,OPEN_METEO_ERA5_LAND,g_22.55_114.25
2021-01-09,12.50,4.20,8.50,OPEN_METEO_ERA5_LAND,g_22.55_114.25
2021-01-10,14.20,8.40,11.00,OPEN_METEO_ERA5_LAND,g_22.55_114.25
2021-01-11,9.80,6.60,8.30,OPEN_METEO_ERA5_LAND,g_22.55_114.25
2021-01-12,15.30,5.80,9.70,OPEN_METEO_ERA5_LAND,g_22.55_114.25
2021-01-13,16.00,4.70,10.30,OPEN_METEO_ERA5_LAND,g_22.55_114.25
2021-01-14,19.10,7.20,13.40,OPEN_METEO_ERA5_LAND,g_22.55_114.25
2021-01-15,20.30,10.80,15.00,OPEN_METEO_ERA5_LAND,g_22.55_114.25
2021-01-16,20.30,10.90,16.20,OPEN_METEO_ERA5_LAND,g_22.55_114.25
2021-01-17,18.10,11.50,14.60,OPEN_METEO_ERA5_LAND,g_22.55_114.25
2021-01-18,17.70,8.60,12.50,OPEN_METEO_ERA5_LAND,g_22.55_114.25
2021-01-19,17.90,8.80,13.70,OPEN_METEO_ERA5_LAND,g_22.55_114.25
2021-01-20,20.80,14.40,17.10,OPEN_METEO_ERA5_LAND,g_22.55_114.25
2021-01-21,22.90,14.60,19.10,OPEN_METEO_ERA5_LAND,g_22.55_114.25
2021-01-22,25.20,16.50,20.40,OPEN_METEO_ERA5_LAND,g_22.55_114.25
2021-01-23,25.40,15.30,19.50,OPEN_METEO_ERA5_LAND,g_22.55_114.25
2021-01-24,18.60,15.00,16.80,OPEN_METEO_ERA5_LAND,g_22.55_114.25
2021-01-25,21.90,15.20,17.80,OPEN_METEO_ERA5_LAND,g_22.55_114.25
2021-01-26,24.00,14.00,18.60,OPEN_METEO_ERA5_LAND,g_22.55_114.25
2021-01-27,20.50,13.70,16.80,OPEN_METEO_ERA5_LAND,g_22.55_114.25
2021-01-28,22.40,13.80,17.50,OPEN_METEO_ERA5_LAND,g_22.55_114.25
2021-01-29,19.20,10.70,14.60,OPEN_METEO_ERA5_LAND,g_22.55_114.25
2021-01-30,18.70,12.10,15.20,OPEN_METEO_ERA5_LAND,g_22.55_114.25
2021-01-31,21.00,12.60,16.50,OPEN_METEO_ERA5_LAND,g_22.55_114.25
2021-02-01,23.40,12.90,18.00,OPEN_METEO_ERA5_LAND,g_22.55_114.25
2021-02-02,26.00,14.50,19.00,OPEN_METEO_ERA5_LAND,g_22.55_114.25
2021-02-03,22.00,14.60,17.50,OPEN_METEO_ERA5_LAND,g_22.55_114.25
2021-02-04,22.90,13.20,17.70,OPEN_METEO_ERA5_LAND,g_22.55_114.25
2021-02-05,22.00,14.90,17.90,OPEN_METEO_ERA5_LAND,g_22.55_114.25
2021-02-06,25.90,15.50,19.40,OPEN_METEO_ERA5_LAND,g_22.55_114.25
2021-02-07,23.10,16.60,19.20,OPEN_METEO_ERA5_LAND,g_22.55_114.25
2021-02-08,22.90,14.20,18.40,OPEN_METEO_ERA5_LAND,g_22.55_114.25
2021-02-09,20.80,16.90,18.10,OPEN_METEO_ERA5_LAND,g_22.55_114.25
2021-02-10,17.00,14.50,15.60,OPEN_METEO_ERA5_LAND,g_22.55_114.25
2021-02-11,20.80,12.90,16.60,OPEN_METEO_ERA5_LAND,g_22.55_114.25
2021-02-12,20.50,12.20,16.30,OPEN_METEO_ERA5_LAND,g_22.55_114.25
2021-02-13,20.60,13.00,17.00,OPEN_METEO_ERA5_LAND,g_22.55_114.25
2021-02-14,23.30,14.10,18.10,OPEN_METEO_ERA5_LAND,g_22.55_114.25
2021-02-15,24.10,13.70,18.20,OPEN_METEO_ERA5_LAND,g_22.55_114.25
2021-02-16,21.00,15.40,18.20,OPEN_METEO_ERA5_LAND,g_22.55_114.25
2021-02-17,22.50,14.20,17.90,OPEN_METEO_ERA5_LAND,g_22.55_114.25
2021-02-18,19.80,12.30,15.80,OPEN_METEO_ERA5_LAND,g_22.55_114.25
2021-02-19,20.40,12.50,16.00,OPEN_METEO_ERA5_LAND,g_22.55_114.25
2021-02-20,21.60,12.40,17.00,OPEN_METEO_ERA5_LAND,g_22.55_114.25
2021-02-21,21.80,14.20,17.90,OPEN_METEO_ERA5_LAND,g_22.55_114.25
2021-02-22,24.90,15.70,19.80,OPEN_METEO_ERA5_LAND,g_22.55_114.25
2021-02-23,24.80,15.40,19.80,OPEN_METEO_ERA5_LAND,g_22.55_114.25
2021-02-24,21.80,17.20,19.00,OPEN_METEO_ERA5_LAND,g_22.55_114.25
2021-02-25,21.80,18.20,19.40,OPEN_METEO_ERA5_LAND,g_22.55_114.25
2021-02-26,23.90,16.70,20.20,OPEN_METEO_ERA5_LAND,g_22.55_114.25
2021-02-27,18.60,13.60,15.80,OPEN_METEO_ERA5_LAND,g_22.55_114.25
2021-02-28,21.30,15.90,18.50,OPEN_METEO_ERA5_LAND,g_22.55_114.25
2021-03-01,23.40,16.90,20.40,OPEN_METEO_ERA5_LAND,g_22.55_114.25
2021-03-02,22.00,13.90,18.20,OPEN_METEO_ERA5_LAND,g_22.55_114.25
2021-03-03,18.80,15.80,17.50,OPEN_METEO_ERA5_LAND,g_22.55_114.25
2021-03-04,18.80,16.40,17.50,OPEN_METEO_ERA5_LAND,g_22.55_114.25
2021-03-05,21.00,17.70,19.40,OPEN_METEO_ERA5_LAND,g_22.55_114.25
2021-03-06,21.90,19.30,20.30,OPEN_METEO_ERA5_LAND,g_22.55_114.25
2021-03-07,21.30,16.60,18.90,OPEN_METEO_ERA5_LAND,g_22.55_114.25
2021-03-08,20.60,15.60,18.00,OPEN_METEO_ERA5_LAND,g_22.55_114.25
2021-03-09,21.40,16.40,18.50,OPEN_METEO_ERA5_LAND,g_22.55_114.25
2021-03-10,21.10,17.20,18.90,OPEN_METEO_ERA5_LAND,g_22.55_114.25
2021-03-11,22.50,17.40,19.40,OPEN_METEO_ERA5_LAND,g_22.55_114.25
2021-03-12,26.70,17.10,21.20,OPEN_METEO_ERA5_LAND,g_22.55_114.25
2021-03-13,23.40,18.60,20.40,OPEN_METEO_ERA5_LAND,g_22.55_114.25
2021-03-14,22.40,17.40,19.70,OPEN_METEO_ERA5_LAND,g_22.55_114.25
2021-03-15,23.40,18.10,20.60,OPEN_METEO_ERA5_LAND,g_22.55_114.25
2021-03-16,26.00,19.50,22.10,OPEN_METEO_ERA5_LAND,g_22.55_114.25
2021-03-17,27.20,19.00,22.50,OPEN_METEO_ERA5_LAND,g_22.55_114.25
2021-03-18,25.30,21.10,22.60,OPEN_METEO_ERA5_LAND,g_22.55_114.25
2021-03-19,25.80,21.30,22.90,OPEN_METEO_ERA5_LAND,g_22.55_114.25
2021-03-20,27.90,20.80,23.90,OPEN_METEO_ERA5_LAND,g_22.55_114.25
2021-03-21,21.90,13.70,18.60,OPEN_METEO_ERA5_LAND,g_22.55_114.25
2021-03-22,18.80,12.80,15.50,OPEN_METEO_ERA5_LAND,g_22.55_114.25
2021-03-23,20.70,15.20,17.70,OPEN_METEO_ERA5_LAND,g_22.55_114.25
2021-03-24,25.50,15.50,19.30,OPEN_METEO_ERA5_LAND,g_22.55_114.25
2021-03-25,23.30,17.00,20.10,OPEN_METEO_ERA5_LAND,g_22.55_114.25
2021-03-26,23.10,17.50,20.10,OPEN_METEO_ERA5_LAND,g_22.55_114.25
2021-03-27,25.50,20.00,22.50,OPEN_METEO_ERA5_LAND,g_22.55_114.25
2021-03-28,29.20,20.10,24.20,OPEN_METEO_ERA5_LAND,g_22.55_114.25
2021-03-29,28.40,21.00,24.50,OPEN_METEO_ERA5_LAND,g_22.55_114.25
2021-03-30,29.70,23.40,25.60,OPEN_METEO_ERA5_LAND,g_22.55_114.25
2021-03-31,28.70,23.40,25.30,OPEN_METEO_ERA5_LAND,g_22.55_114.25
2021-04-01,28.80,23.00,25.20,OPEN_METEO_ERA5_LAND,g_22.55_114.25
2021-04-02,29.60,21.80,25.30,OPEN_METEO_ERA5_LAND,g_22.55_114.25
2021-04-03,31.20,21.70,25.90,OPEN_METEO_ERA5_LAND,g_22.55_114.25
2021-04-04,26.30,22.20,24.00,OPEN_METEO_ERA5_LAND,g_22.55_114.25
2021-04-05,24.10,19.00,21.70,OPEN_METEO_ERA5_LAND,g_22.55_114.25
2021-04-06,26.00,20.50,22.70,OPEN_METEO_ERA5_LAND,g_22.55_114.25
2021-04-07,24.30,20.60,22.00,OPEN_METEO_ERA5_LAND,g_22.55_114.25
2021-04-08,24.40,19.80,22.00,OPEN_METEO_ERA5_LAND,g_22.55_114.25
2021-04-09,22.10,17.90,19.60,OPEN_METEO_ERA5_LAND,g_22.55_114.25
2021-04-10,23.40,18.20,20.60,OPEN_METEO_ERA5_LAND,g_22.55_114.25
2021-04-11,25.00,18.80,21.40,OPEN_METEO_ERA5_LAND,g_22.55_114.25
2021-04-12,26.90,19.80,22.90,OPEN_METEO_ERA5_LAND,g_22.55_114.25
2021-04-13,29.20,20.20,24.40,OPEN_METEO_ERA5_LAND,g_22.55_114.25
2021-04-14,26.20,21.40,23.40,OPEN_METEO_ERA5_LAND,g_22.55_114.25
2021-04-15,24.30,21.30,22.40,OPEN_METEO_ERA5_LAND,g_22.55_114.25
2021-04-16,25.20,21.20,22.50,OPEN_METEO_ERA5_LAND,g_22.55_114.25
2021-04-17,23.10,20.60,21.90,OPEN_METEO_ERA5_LAND,g_22.55_114.25
2021-04-18,24.60,21.20,22.50,OPEN_METEO_ERA5_LAND,g_22.55_114.25
2021-04-19,23.20,19.80,21.20,OPEN_METEO_ERA5_LAND,g_22.55_114.25
2021-04-20,24.00,20.50,21.80,OPEN_METEO_ERA5_LAND,g_22.55_114.25
2021-04-21,25.90,20.30,22.90,OPEN_METEO_ERA5_LAND,g_22.55_114.25
2021-04-22,29.20,20.10,24.10,OPEN_METEO_ERA5_LAND,g_22.55_114.25
2021-04-23,30.60,21.70,25.80,OPEN_METEO_ERA5_LAND,g_22.55_114.25
2021-04-24,27.10,22.60,24.10,OPEN_METEO_ERA5_LAND,g_22.55_114.25
2021-04-25,25.30,21.80,23.30,OPEN_METEO_ERA5_LAND,g_22.55_114.25
2021-04-26,25.30,21.20,22.50,OPEN_METEO_ERA5_LAND,g_22.55_114.25
2021-04-27,23.00,21.70,22.20,OPEN_METEO_ERA5_LAND,g_22.55_114.25
2021-04-28,25.00,21.00,23.00,OPEN_METEO_ERA5_LAND,g_22.55_114.25
2021-04-29,27.10,18.70,22.50,OPEN_METEO_ERA5_LAND,g_22.55_114.25
2021-04-30,27.40,20.30,23.50,OPEN_METEO_ERA5_LAND,g_22.55_114.25
2021-05-01,29.20,20.60,24.60,OPEN_METEO_ERA5_LAND,g_22.55_114.25
2021-05-02,28.50,20.90,24.70,OPEN_METEO_ERA5_LAND,g_22.55_114.25
2021-05-03,24.30,19.90,22.70,OPEN_METEO_ERA5_LAND,g_22.55_114.25
2021-05-04,28.90,23.40,25.40,OPEN_METEO_ERA5_LAND,g_22.55_114.25
2021-05-05,29.50,22.60,25.60,OPEN_METEO_ERA5_LAND,g_22.55_114.25
2021-05-06,26.30,22.20,23.80,OPEN_METEO_ERA5_LAND,g_22.55_114.25
2021-05-07,29.20,22.10,25.30,OPEN_METEO_ERA5_LAND,g_22.55_114.25
2021-05-08,32.00,22.30,26.60,OPEN_METEO_ERA5_LAND,g_22.55_114.25
2021-05-09,31.60,23.90,27.40,OPEN_METEO_ERA5_LAND,g_22.55_114.25
2021-05-10,31.30,24.00,27.40,OPEN_METEO_ERA5_LAND,g_22.55_114.25
2021-05-11,31.50,25.40,27.80,OPEN_METEO_ERA5_LAND,g_22.55_114.25
2021-05-12,30.70,25.10,27.80,OPEN_METEO_ERA5_LAND,g_22.55_114.25
2021-05-13,31.80,25.60,28.20,OPEN_METEO_ERA5_LAND,g_22.55_114.25
2021-05-14,30.40,26.10,27.70,OPEN_METEO_ERA5_LAND,g_22.55_114.25
2021-05-15,32.10,25.80,28.50,OPEN_METEO_ERA5_LAND,g_22.55_114.25
2021-05-16,32.70,25.60,28.80,OPEN_METEO_ERA5_LAND,g_22.55_114.25
2021-05-17,32.70,26.00,28.40,OPEN_METEO_ERA5_LAND,g_22.55_114.25
2021-05-18,31.10,25.90,28.10,OPEN_METEO_ERA5_LAND,g_22.55_114.25
2021-05-19,32.30,26.20,28.80,OPEN_METEO_ERA5_LAND,g_22.55_114.25
2021-05-20,32.80,26.40,28.90,OPEN_METEO_ERA5_LAND,g_22.55_114.25
2021-05-21,32.10,26.30,28.70,OPEN_METEO_ERA5_LAND,g_22.55_114.25
2021-05-22,33.70,26.20,29.30,OPEN_METEO_ERA5_LAND,g_22.55_114.25
2021-05-23,32.50,26.70,29.30,OPEN_METEO_ERA5_LAND,g_22.55_114.25
2021-05-24,33.30,26.80,29.30,OPEN_METEO_ERA5_LAND,g_22.55_114.25
2021-05-25,29.10,25.30,27.00,OPEN_METEO_ERA5_LAND,g_22.55_114.25
2021-05-26,30.40,25.40,27.50,OPEN_METEO_ERA5_LAND,g_22.55_114.25
2021-05-27,32.60,25.70,28.70,OPEN_METEO_ERA5_LAND,g_22.55_114.25
2021-05-28,33.20,26.00,29.40,OPEN_METEO_ERA5_LAND,g_22.55_114.25
2021-05-29,33.10,26.80,29.30,OPEN_METEO_ERA5_LAND,g_22.55_114.25
2021-05-30,32.20,27.40,29.70,OPEN_METEO_ERA5_LAND,g_22.55_114.25
2021-05-31,31.20,25.10,27.70,OPEN_METEO_ERA5_LAND,g_22.55_114.25
2021-06-01,29.30,24.90,26.50,OPEN_METEO_ERA5_LAND,g_22.55_114.25
2021-06-02,28.20,25.30,26.80,OPEN_METEO_ERA5_LAND,g_22.55_114.25
2021-06-03,31.10,26.20,28.50,OPEN_METEO_ERA5_LAND,g_22.55_114.25
2021-06-04,29.70,24.20,27.00,OPEN_METEO_ERA5_LAND,g_22.55_114.25
2021-06-05,30.30,22.40,26.00,OPEN_METEO_ERA5_LAND,g_22.55_114.25
2021-06-06,29.80,24.20,26.70,OPEN_METEO_ERA5_LAND,g_22.55_114.25
2021-06-07,28.90,24.60,26.60,OPEN_METEO_ERA5_LAND,g_22.55_114.25
2021-06-08,28.50,25.10,26.60,OPEN_METEO_ERA5_LAND,g_22.55_114.25
2021-06-09,28.50,24.50,26.40,OPEN_METEO_ERA5_LAND,g_22.55_114.25
2021-06-10,29.40,25.60,27.10,OPEN_METEO_ERA5_LAND,g_22.55_114.25
2021-06-11,29.80,25.30,26.90,OPEN_METEO_ERA5_LAND,g_22.55_114.25
2021-06-12,27.90,25.20,26.30,OPEN_METEO_ERA5_LAND,g_22.55_114.25
2021-06-13,28.90,25.10,26.50,OPEN_METEO_ERA5_LAND,g_22.55_114.25
2021-06-14,30.00,25.60,27.40,OPEN_METEO_ERA5_LAND,g_22.55_114.25
2021-06-15,30.60,26.10,28.00,OPEN_METEO_ERA5_LAND,g_22.55_114.25
2021-06-16,30.50,26.70,28.20,OPEN_METEO_ERA5_LAND,g_22.55_114.25
2021-06-17,31.40,26.70,28.60,OPEN_METEO_ERA5_LAND,g_22.55_114.25
2021-06-18,32.40,26.70,29.00,OPEN_METEO_ERA5_LAND,g_22.55_114.25
2021-06-19,32.20,27.00,29.10,OPEN_METEO_ERA5_LAND,g_22.55_114.25
2021-06-20,32.00,27.20,29.30,OPEN_METEO_ERA5_LAND,g_22.55_114.25
2021-06-21,31.70,27.60,29.00,OPEN_METEO_ERA5_LAND,g_22.55_114.25
2021-06-22,28.40,25.40,26.80,OPEN_METEO_ERA5_LAND,g_22.55_114.25
2021-06-23,27.10,24.30,25.70,OPEN_METEO_ERA5_LAND,g_22.55_114.25
2021-06-24,26.70,24.40,25.30,OPEN_METEO_ERA5_LAND,g_22.55_114.25
2021-06-25,28.30,24.70,26.20,OPEN_METEO_ERA5_LAND,g_22.55_114.25
2021-06-26,29.10,25.40,26.80,OPEN_METEO_ERA5_LAND,g_22.55_114.25
2021-06-27,29.50,25.90,27.60,OPEN_METEO_ERA5_LAND,g_22.55_114.25
2021-06-28,28.40,26.10,27.00,OPEN_METEO_ERA5_LAND,g_22.55_114.25
2021-06-29,29.30,26.60,27.90,OPEN_METEO_ERA5_LAND,g_22.55_114.25
2021-06-30,30.30,25.30,27.90,OPEN_METEO_ERA5_LAND,g_22.55_114.25
2021-07-01,30.80,25.80,28.20,OPEN_METEO_ERA5_LAND,g_22.55_114.25
2021-07-02,31.10,26.60,28.40,OPEN_METEO_ERA5_LAND,g_22.55_114.25
2021-07-03,30.70,26.80,28.50,OPEN_METEO_ERA5_LAND,g_22.55_114.25
2021-07-04,30.30,26.50,28.00,OPEN_METEO_ERA5_LAND,g_22.55_114.25
2021-07-05,29.60,26.20,27.70,OPEN_METEO_ERA5_LAND,g_22.55_114.25
2021-07-06,29.70,26.20,27.40,OPEN_METEO_ERA5_LAND,g_22.55_114.25
2021-07-07,29.60,25.60,27.20,OPEN_METEO_ERA5_LAND,g_22.55_114.25
2021-07-08,30.10,25.50,27.70,OPEN_METEO_ERA5_LAND,g_22.55_114.25
2021-07-09,31.10,25.20,28.30,OPEN_METEO_ERA5_LAND,g_22.55_114.25
2021-07-10,30.70,25.80,28.20,OPEN_METEO_ERA5_LAND,g_22.55_114.25
2021-07-11,30.70,26.40,28.40,OPEN_METEO_ERA5_LAND,g_22.55_114.25
2021-07-12,31.20,26.80,28.90,OPEN_METEO_ERA5_LAND,g_22.55_114.25
2021-07-13,32.10,26.00,29.00,OPEN_METEO_ERA5_LAND,g_22.55_114.25
2021-07-14,32.10,26.20,29.10,OPEN_METEO_ERA5_LAND,g_22.55_114.25
2021-07-15,32.10,26.50,29.40,OPEN_METEO_ERA5_LAND,g_22.55_114.25
2021-07-16,30.90,26.60,28.00,OPEN_METEO_ERA5_LAND,g_22.55_114.25
2021-07-17,29.30,25.50,27.30,OPEN_METEO_ERA5_LAND,g_22.55_114.25
2021-07-18,29.10,25.10,26.70,OPEN_METEO_ERA5_LAND,g_22.55_114.25
2021-07-19,26.90,25.10,25.70,OPEN_METEO_ERA5_LAND,g_22.55_114.25
2021-07-20,27.10,25.10,25.90,OPEN_METEO_ERA5_LAND,g_22.55_114.25
2021-07-21,26.70,24.80,25.90,OPEN_METEO_ERA5_LAND,g_22.55_114.25
2021-07-22,30.40,25.70,27.90,OPEN_METEO_ERA5_LAND,g_22.55_114.25
2021-07-23,33.90,26.10,29.60,OPEN_METEO_ERA5_LAND,g_22.55_114.25
2021-07-24,32.70,26.30,28.60,OPEN_METEO_ERA5_LAND,g_22.55_114.25
2021-07-25,31.80,26.60,28.50,OPEN_METEO_ERA5_LAND,g_22.55_114.25
2021-07-26,33.10,26.20,29.00,OPEN_METEO_ERA5_LAND,g_22.55_114.25
2021-07-27,33.80,26.70,29.90,OPEN_METEO_ERA5_LAND,g_22.55_114.25
2021-07-28,31.90,28.00,29.60,OPEN_METEO_ERA5_LAND,g_22.55_114.25
2021-07-29,30.20,25.10,27.60,OPEN_METEO_ERA5_LAND,g_22.55_114.25
2021-07-30,30.10,25.80,27.10,OPEN_METEO_ERA5_LAND,g_22.55_114.25
2021-07-31,29.60,25.80,27.40,OPEN_METEO_ERA5_LAND,g_22.55_114.25
2021-08-01,30.30,26.40,27.90,OPEN_METEO_ERA5_LAND,g_22.55_114.25
2021-08-02,30.10,26.00,27.90,OPEN_METEO_ERA5_LAND,g_22.55_114.25
2021-08-03,27.60,25.80,26.70,OPEN_METEO_ERA5_LAND,g_22.55_114.25
2021-08-04,29.90,25.50,27.00,OPEN_METEO_ERA5_LAND,g_22.55_114.25
2021-08-05,28.40,25.50,26.70,OPEN_METEO_ERA5_LAND,g_22.55_114.25
2021-08-06,29.70,25.20,26.90,OPEN_METEO_ERA5_LAND,g_22.55_114.25
2021-08-07,30.40,25.20,27.50,OPEN_METEO_ERA5_LAND,g_22.55_114.25
2021-08-08,29.70,25.60,27.30,OPEN_METEO_ERA5_LAND,g_22.55_114.25
2021-08-09,29.30,26.10,27.50,OPEN_METEO_ERA5_LAND,g_22.55_114.25
2021-08-10,28.80,25.60,27.00,OPEN_METEO_ERA5_LAND,g_22.55_114.25
2021-08-11,29.60,25.50,27.20,OPEN_METEO_ERA5_LAND,g_22.55_114.25
2021-08-12,28.90,25.50,27.10,OPEN_METEO_ERA5_LAND,g_22.55_114.25
2021-08-13,29.30,25.50,27.10,OPEN_METEO_ERA5_LAND,g_22.55_114.25
2021-08-14,27.80,25.10,26.10,OPEN_METEO_ERA5_LAND,g_22.55_114.25
2021-08-15,28.10,25.00,26.10,OPEN_METEO_ERA5_LAND,g_22.55_114.25
2021-08-16,29.20,24.60,26.70,OPEN_METEO_ERA5_LAND,g_22.55_114.25
2021-08-17,31.10,25.10,28.10,OPEN_METEO_ERA5_LAND,g_22.55_114.25
2021-08-18,30.10,26.00,27.20,OPEN_METEO_ERA5_LAND,g_22.55_114.25
2021-08-19,29.00,25.20,27.10,OPEN_METEO_ERA5_LAND,g_22.55_114.25
2021-08-20,30.40,24.90,27.60,OPEN_METEO_ERA5_LAND,g_22.55_114.25
2021-08-21,31.70,25.60,28.20,OPEN_METEO_ERA5_LAND,g_22.55_114.25
2021-08-22,31.30,26.10,28.10,OPEN_METEO_ERA5_LAND,g_22.55_114.25
2021-08-23,30.60,25.80,27.90,OPEN_METEO_ERA5_LAND,g_22.55_114.25
2021-08-24,29.50,25.70,27.30,OPEN_METEO_ERA5_LAND,g_22.55_114.25
2021-08-25,28.80,25.70,26.90,OPEN_METEO_ERA5_LAND,g_22.55_114.25
2021-08-26,29.40,25.60,27.30,OPEN_METEO_ERA5_LAND,g_22.55_114.25
2021-08-27,27.70,24.70,26.20,OPEN_METEO_ERA5_LAND,g_22.55_114.25
2021-08-28,28.70,24.30,26.30,OPEN_METEO_ERA5_LAND,g_22.55_114.25
2021-08-29,29.40,24.90,27.00,OPEN_METEO_ERA5_LAND,g_22.55_114.25
2021-08-30,29.80,24.80,27.20,OPEN_METEO_ERA5_LAND,g_22.55_114.25
2021-08-31,28.70,24.30,26.30,OPEN_METEO_ERA5_LAND,g_22.55_114.25
2021-09-01,28.00,25.00,26.20,OPEN_METEO_ERA5_LAND,g_22.55_114.25
2021-09-02,28.60,25.80,27.00,OPEN_METEO_ERA5_LAND,g_22.55_114.25
2021-09-03,30.10,25.20,27.50,OPEN_METEO_ERA5_LAND,g_22.55_114.25
2021-09-04,29.30,25.20,27.20,OPEN_METEO_ERA5_LAND,g_22.55_114.25
2021-09-05,29.20,25.60,27.30,OPEN_METEO_ERA5_LAND,g_22.55_114.25
2021-09-06,30.50,25.50,27.80,OPEN_METEO_ERA5_LAND,g_22.55_114.25
2021-09-07,30.00,25.90,27.60,OPEN_METEO_ERA5_LAND,g_22.55_114.25
2021-09-08,30.90,25.50,27.90,OPEN_METEO_ERA5_LAND,g_22.55_114.25
2021-09-09,31.30,24.90,28.20,OPEN_METEO_ERA5_LAND,g_22.55_114.25
2021-09-10,31.30,25.80,28.40,OPEN_METEO_ERA5_LAND,g_22.55_114.25
2021-09-11,32.20,26.00,28.70,OPEN_METEO_ERA5_LAND,g_22.55_114.25
2021-09-12,33.00,26.80,30.10,OPEN_METEO_ERA5_LAND,g_22.55_114.25
2021-09-13,33.10,27.10,29.40,OPEN_METEO_ERA5_LAND,g_22.55_114.25
2021-09-14,31.30,26.00,27.90,OPEN_METEO_ERA5_LAND,g_22.55_114.25
2021-09-15,32.40,26.00,28.70,OPEN_METEO_ERA5_LAND,g_22.55_114.25
2021-09-16,30.90,25.20,27.50,OPEN_METEO_ERA5_LAND,g_22.55_114.25
2021-09-17,30.80,25.30,27.60,OPEN_METEO_ERA5_LAND,g_22.55_114.25
2021-09-18,30.00,25.20,27.50,OPEN_METEO_ERA5_LAND,g_22.55_114.25
2021-09-19,29.30,25.40,27.40,OPEN_METEO_ERA5_LAND,g_22.55_114.25
2021-09-20,28.80,25.30,27.30,OPEN_METEO_ERA5_LAND,g_22.55_114.25
2021-09-21,29.80,25.60,27.70,OPEN_METEO_ERA5_LAND,g_22.55_114.25
2021-09-22,29.90,25.70,27.40,OPEN_METEO_ERA5_LAND,g_22.55_114.25
2021-09-23,28.60,24.90,26.60,OPEN_METEO_ERA5_LAND,g_22.55_114.25
2021-09-24,29.50,25.40,27.50,OPEN_METEO_ERA5_LAND,g_22.55_114.25
2021-09-25,30.10,26.00,27.70,OPEN_METEO_ERA5_LAND,g_22.55_114.25
2021-09-26,29.40,25.50,27.20,OPEN_METEO_ERA5_LAND,g_22.55_114.25
2021-09-27,30.40,25.20,27.50,OPEN_METEO_ERA5_LAND,g_22.55_114.25
2021-09-28,30.60,25.30,27.60,OPEN_METEO_ERA5_LAND,g_22.55_114.25
2021-09-29,30.60,25.10,27.90,OPEN_METEO_ERA5_LAND,g_22.55_114.25
2021-09-30,32.20,25.50,28.60,OPEN_METEO_ERA5_LAND,g_22.55_114.25
2021-10-01,31.20,25.70,28.20,OPEN_METEO_ERA5_LAND,g_22.55_114.25
2021-10-02,29.30,25.60,27.50,OPEN_METEO_ERA5_LAND,g_22.55_114.25
2021-10-03,28.00,24.70,26.80,OPEN_METEO_ERA5_LAND,g_22.55_114.25
2021-10-04,29.90,25.70,27.70,OPEN_METEO_ERA5_LAND,g_22.55_114.25
2021-10-05,30.80,25.40,27.90,OPEN_METEO_ERA5_LAND,g_22.55_114.25
2021-10-06,31.40,23.90,27.80,OPEN_METEO_ERA5_LAND,g_22.55_114.25
2021-10-07,30.20,25.00,27.30,OPEN_METEO_ERA5_LAND,g_22.55_114.25
2021-10-08,25.50,24.50,25.00,OPEN_METEO_ERA5_LAND,g_22.55_114.25
2021-10-09,26.80,25.00,25.60,OPEN_METEO_ERA5_LAND,g_22.55_114.25
2021-10-10,28.40,24.80,26.10,OPEN_METEO_ERA5_LAND,g_22.55_114.25
2021-10-11,29.00,23.30,26.20,OPEN_METEO_ERA5_LAND,g_22.55_114.25
2021-10-12,24.80,20.90,22.60,OPEN_METEO_ERA5_LAND,g_22.55_114.25
2021-10-13,25.50,21.30,23.80,OPEN_METEO_ERA5_LAND,g_22.55_114.25
2021-10-14,27.80,23.80,25.60,OPEN_METEO_ERA5_LAND,g_22.55_114.25
2021-10-15,26.40,23.00,24.60,OPEN_METEO_ERA5_LAND,g_22.55_114.25
2021-10-16,27.00,21.10,23.50,OPEN_METEO_ERA5_LAND,g_22.55_114.25
2021-10-17,24.70,18.30,21.10,OPEN_METEO_ERA5_LAND,g_22.55_114.25
2021-10-18,23.30,16.80,20.10,OPEN_METEO_ERA5_LAND,g_22.55_114.25
2021-10-19,26.20,19.10,22.80,OPEN_METEO_ERA5_LAND,g_22.55_114.25
2021-10-20,26.90,22.50,24.90,OPEN_METEO_ERA5_LAND,g_22.55_114.25
2021-10-21,23.80,16.40,21.20,OPEN_METEO_ERA5_LAND,g_22.55_114.25
2021-10-22,17.90,14.90,16.50,OPEN_METEO_ERA5_LAND,g_22.55_114.25
2021-10-23,20.70,16.50,18.40,OPEN_METEO_ERA5_LAND,g_22.55_114.25
2021-10-24,23.90,16.60,19.30,OPEN_METEO_ERA5_LAND,g_22.55_114.25
2021-10-25,23.90,16.90,20.10,OPEN_METEO_ERA5_LAND,g_22.55_114.25
2021-10-26,26.20,18.00,22.30,OPEN_METEO_ERA5_LAND,g_22.55_114.25
2021-10-27,25.70,21.30,23.10,OPEN_METEO_ERA5_LAND,g_22.55_114.25
2021-10-28,25.30,20.90,23.30,OPEN_METEO_ERA5_LAND,g_22.55_114.25
2021-10-29,25.90,20.80,23.40,OPEN_METEO_ERA5_LAND,g_22.55_114.25
2021-10-30,24.70,20.20,22.20,OPEN_METEO_ERA5_LAND,g_22.55_114.25
2021-10-31,25.00,19.30,22.20,OPEN_METEO_ERA5_LAND,g_22.55_114.25
2021-11-01,25.70,19.80,22.90,OPEN_METEO_ERA5_LAND,g_22.55_114.25
2021-11-02,26.20,21.30,23.40,OPEN_METEO_ERA5_LAND,g_22.55_114.25
2021-11-03,26.60,19.90,23.10,OPEN_METEO_ERA5_LAND,g_22.55_114.25
2021-11-04,26.40,21.70,23.70,OPEN_METEO_ERA5_LAND,g_22.55_114.25
2021-11-05,26.30,22.70,24.10,OPEN_METEO_ERA5_LAND,g_22.55_114.25
2021-11-06,29.00,21.50,24.90,OPEN_METEO_ERA5_LAND,g_22.55_114.25
2021-11-07,26.90,21.60,24.50,OPEN_METEO_ERA5_LAND,g_22.55_114.25
2021-11-08,23.10,13.00,16.40,OPEN_METEO_ERA5_LAND,g_22.55_114.25
2021-11-09,20.40,12.50,16.10,OPEN_METEO_ERA5_LAND,g_22.55_114.25
2021-11-10,21.30,14.30,17.50,OPEN_METEO_ERA5_LAND,g_22.55_114.25
2021-11-11,22.70,14.10,18.60,OPEN_METEO_ERA5_LAND,g_22.55_114.25
2021-11-12,23.60,16.20,19.70,OPEN_METEO_ERA5_LAND,g_22.55_114.25
2021-11-13,23.60,15.60,19.50,OPEN_METEO_ERA5_LAND,g_22.55_114.25
2021-11-14,23.30,15.70,19.40,OPEN_METEO_ERA5_LAND,g_22.55_114.25
2021-11-15,23.20,16.90,20.10,OPEN_METEO_ERA5_LAND,g_22.55_114.25
2021-11-16,25.80,17.00,21.10,OPEN_METEO_ERA5_LAND,g_22.55_114.25
2021-11-17,24.80,17.50,21.20,OPEN_METEO_ERA5_LAND,g_22.55_114.25
2021-11-18,25.30,16.30,20.50,OPEN_METEO_ERA5_LAND,g_22.55_114.25
2021-11-19,24.30,17.00,21.00,OPEN_METEO_ERA5_LAND,g_22.55_114.25
2021-11-20,24.80,20.40,22.30,OPEN_METEO_ERA5_LAND,g_22.55_114.25
2021-11-21,25.40,20.00,22.50,OPEN_METEO_ERA5_LAND,g_22.55_114.25
2021-11-22,21.50,14.10,17.70,OPEN_METEO_ERA5_LAND,g_22.55_114.25
2021-11-23,16.10,12.20,14.10,OPEN_METEO_ERA5_LAND,g_22.55_114.25
2021-11-24,21.50,12.70,17.10,OPEN_METEO_ERA5_LAND,g_22.55_114.25
2021-11-25,23.90,14.10,19.00,OPEN_METEO_ERA5_LAND,g_22.55_114.25
2021-11-26,24.70,15.10,19.50,OPEN_METEO_ERA5_LAND,g_22.55_114.25
2021-11-27,24.50,15.30,19.60,OPEN_METEO_ERA5_LAND,g_22.55_114.25
2021-11-28,24.90,15.50,19.80,OPEN_METEO_ERA5_LAND,g_22.55_114.25
2021-11-29,26.00,16.40,20.80,OPEN_METEO_ERA5_LAND,g_22.55_114.25
2021-11-30,24.10,15.10,19.70,OPEN_METEO_ERA5_LAND,g_22.55_114.25
2021-12-01,19.40,11.60,15.30,OPEN_METEO_ERA5_LAND,g_22.55_114.25
2021-12-02,20.10,10.20,14.90,OPEN_METEO_ERA5_LAND,g_22.55_114.25
2021-12-03,20.90,11.00,15.80,OPEN_METEO_ERA5_LAND,g_22.55_114.25
2021-12-04,20.80,11.20,16.20,OPEN_METEO_ERA5_LAND,g_22.55_114.25
2021-12-05,21.80,13.60,17.10,OPEN_METEO_ERA5_LAND,g_22.55_114.25
2021-12-06,22.00,12.10,16.80,OPEN_METEO_ERA5_LAND,g_22.55_114.25
2021-12-07,23.10,12.90,17.70,OPEN_METEO_ERA5_LAND,g_22.55_114.25
2021-12-08,22.90,15.30,18.80,OPEN_METEO_ERA5_LAND,g_22.55_114.25
2021-12-09,24.10,15.70,18.90,OPEN_METEO_ERA5_LAND,g_22.55_114.25
2021-12-10,23.40,13.40,18.50,OPEN_METEO_ERA5_LAND,g_22.55_114.25
2021-12-11,24.10,15.90,19.50,OPEN_METEO_ERA5_LAND,g_22.55_114.25
2021-12-12,25.20,14.80,19.70,OPEN_METEO_ERA5_LAND,g_22.55_114.25
2021-12-13,21.40,12.80,17.00,OPEN_METEO_ERA5_LAND,g_22.55_114.25
2021-12-14,23.20,13.70,18.40,OPEN_METEO_ERA5_LAND,g_22.55_114.25
2021-12-15,22.70,17.50,20.00,OPEN_METEO_ERA5_LAND,g_22.55_114.25
2021-12-16,24.50,19.50,21.50,OPEN_METEO_ERA5_LAND,g_22.55_114.25
2021-12-17,21.20,14.80,18.70,OPEN_METEO_ERA5_LAND,g_22.55_114.25
2021-12-18,19.20,12.30,15.20,OPEN_METEO_ERA5_LAND,g_22.55_114.25
2021-12-19,17.70,11.60,14.90,OPEN_METEO_ERA5_LAND,g_22.55_114.25
2021-12-20,17.70,13.40,15.10,OPEN_METEO_ERA5_LAND,g_22.55_114.25
2021-12-21,15.50,13.40,14.40,OPEN_METEO_ERA5_LAND,g_22.55_114.25
2021-12-22,20.30,13.00,16.40,OPEN_METEO_ERA5_LAND,g_22.55_114.25
2021-12-23,20.60,15.90,17.90,OPEN_METEO_ERA5_LAND,g_22.55_114.25
2021-12-24,21.50,16.40,18.40,OPEN_METEO_ERA5_LAND,g_22.55_114.25
2021-12-25,20.50,13.90,17.20,OPEN_METEO_ERA5_LAND,g_22.55_114.25
2021-12-26,13.90,7.20,11.30,OPEN_METEO_ERA5_LAND,g_22.55_114.25
2021-12-27,10.30,5.00,7.90,OPEN_METEO_ERA5_LAND,g_22.55_114.25
2021-12-28,17.00,7.80,12.30,OPEN_METEO_ERA5_LAND,g_22.55_114.25
2021-12-29,20.40,13.00,15.70,OPEN_METEO_ERA5_LAND,g_22.55_114.25
2021-12-30,19.20,10.20,14.40,OPEN_METEO_ERA5_LAND,g_22.55_114.25
2021-12-31,18.60,10.90,15.00,OPEN_METEO_ERA5_LAND,g_22.55_114.25
2022-01-01,19.10,12.90,15.90,OPEN_METEO_ERA5_LAND,g_22.55_114.25
2022-01-02,20.90,11.90,16.00,OPEN_METEO_ERA5_LAND,g_22.55_114.25
2022-01-03,19.80,12.50,15.80,OPEN_METEO_ERA5_LAND,g_22.55_114.25
2022-01-04,21.10,12.70,16.70,OPEN_METEO_ERA5_LAND,g_22.55_114.25
2022-01-05,22.70,15.90,18.60,OPEN_METEO_ERA5_LAND,g_22.55_114.25
2022-01-06,22.60,14.60,17.80,OPEN_METEO_ERA5_LAND,g_22.55_114.25
2022-01-07,21.20,12.40,16.50,OPEN_METEO_ERA5_LAND,g_22.55_114.25
2022-01-08,19.30,10.90,14.90,OPEN_METEO_ERA5_LAND,g_22.55_114.25
2022-01-09,20.50,12.10,16.00,OPEN_METEO_ERA5_LAND,g_22.55_114.25
2022-01-10,19.20,10.80,15.40,OPEN_METEO_ERA5_LAND,g_22.55_114.25
2022-01-11,17.30,10.50,13.70,OPEN_METEO_ERA5_LAND,g_22.55_114.25
2022-01-12,16.70,10.70,13.70,OPEN_METEO_ERA5_LAND,g_22.55_114.25
2022-01-13,19.50,13.70,15.70,OPEN_METEO_ERA5_LAND,g_22.55_114.25
2022-01-14,17.60,10.70,14.70,OPEN_METEO_ERA5_LAND,g_22.55_114.25
2022-01-15,19.20,14.00,16.30,OPEN_METEO_ERA5_LAND,g_22.55_114.25
2022-01-16,20.60,13.90,17.10,OPEN_METEO_ERA5_LAND,g_22.55_114.25
2022-01-17,21.40,14.90,17.20,OPEN_METEO_ERA5_LAND,g_22.55_114.25
2022-01-18,18.20,12.90,15.40,OPEN_METEO_ERA5_LAND,g_22.55_114.25
2022-01-19,20.30,10.50,14.80,OPEN_METEO_ERA5_LAND,g_22.55_114.25
2022-01-20,20.00,10.40,15.20,OPEN_METEO_ERA5_LAND,g_22.55_114.25
2022-01-21,19.90,14.60,16.90,OPEN_METEO_ERA5_LAND,g_22.55_114.25
2022-01-22,18.10,15.00,16.50,OPEN_METEO_ERA5_LAND,g_22.55_114.25
2022-01-23,21.70,16.00,18.40,OPEN_METEO_ERA5_LAND,g_22.55_114.25
2022-01-24,22.20,16.40,18.70,OPEN_METEO_ERA5_LAND,g_22.55_114.25
2022-01-25,20.90,13.60,17.40,OPEN_METEO_ERA5_LAND,g_22.55_114.25
2022-01-26,20.40,16.10,17.90,OPEN_METEO_ERA5_LAND,g_22.55_114.25
2022-01-27,22.50,15.80,18.80,OPEN_METEO_ERA5_LAND,g_22.55_114.25
2022-01-28,20.30,16.00,17.80,OPEN_METEO_ERA5_LAND,g_22.55_114.25
2022-01-29,21.10,13.40,17.00,OPEN_METEO_ERA5_LAND,g_22.55_114.25
2022-01-30,17.30,8.40,12.60,OPEN_METEO_ERA5_LAND,g_22.55_114.25
2022-01-31,15.20,9.00,11.30,OPEN_METEO_ERA5_LAND,g_22.55_114.25
2022-02-01,12.60,9.80,11.20,OPEN_METEO_ERA5_LAND,g_22.55_114.25
2022-02-02,17.40,11.20,13.20,OPEN_METEO_ERA5_LAND,g_22.55_114.25
2022-02-03,14.50,8.50,10.70,OPEN_METEO_ERA5_LAND,g_22.55_114.25
2022-02-04,15.90,8.20,11.30,OPEN_METEO_ERA5_LAND,g_22.55_114.25
2022-02-05,15.70,8.60,12.00,OPEN_METEO_ERA5_LAND,g_22.55_114.25
2022-02-06,17.60,10.70,14.30,OPEN_METEO_ERA5_LAND,g_22.55_114.25
2022-02-07,18.60,13.70,15.70,OPEN_METEO_ERA5_LAND,g_22.55_114.25
2022-02-08,16.20,9.80,13.10,OPEN_METEO_ERA5_LAND,g_22.55_114.25
2022-02-09,16.90,10.70,13.30,OPEN_METEO_ERA5_LAND,g_22.55_114.25
2022-02-10,18.80,11.40,14.90,OPEN_METEO_ERA5_LAND,g_22.55_114.25
2022-02-11,20.10,14.90,17.20,OPEN_METEO_ERA5_LAND,g_22.55_114.25
2022-02-12,21.80,14.80,17.60,OPEN_METEO_ERA5_LAND,g_22.55_114.25
2022-02-13,17.70,11.70,14.80,OPEN_METEO_ERA5_LAND,g_22.55_114.25
2022-02-14,19.50,9.80,14.00,OPEN_METEO_ERA5_LAND,g_22.55_114.25
2022-02-15,19.10,12.00,15.30,OPEN_METEO_ERA5_LAND,g_22.55_114.25
2022-02-16,18.10,13.80,15.80,OPEN_METEO_ERA5_LAND,g_22.55_114.25
2022-02-17,16.40,14.10,15.60,OPEN_METEO_ERA5_LAND,g_22.55_114.25
2022-02-18,17.90,14.60,15.70,OPEN_METEO_ERA5_LAND,g_22.55_114.25
2022-02-19,14.50,6.70,9.40,OPEN_METEO_ERA5_LAND,g_22.55_114.25
2022-02-20,6.80,5.90,6.40,OPEN_METEO_ERA5_LAND,g_22.55_114.25
2022-02-21,7.90,5.50,6.70,OPEN_METEO_ERA5_LAND,g_22.55_114.25
2022-02-22,9.10,6.30,7.80,OPEN_METEO_ERA5_LAND,g_22.55_114.25
2022-02-23,15.70,6.10,9.70,OPEN_METEO_ERA5_LAND,g_22.55_114.25
2022-02-24,15.10,6.60,10.30,OPEN_METEO_ERA5_LAND,g_22.55_114.25
2022-02-25,17.70,8.40,12.80,OPEN_METEO_ERA5_LAND,g_22.55_114.25
2022-02-26,20.20,9.80,15.00,OPEN_METEO_ERA5_LAND,g_22.55_114.25
2022-02-27,19.90,11.70,16.10,OPEN_METEO_ERA5_LAND,g_22.55_114.25
2022-02-28,20.90,15.90,18.00,OPEN_METEO_ERA5_LAND,g_22.55_114.25
2022-03-01,25.10,15.70,20.30,OPEN_METEO_ERA5_LAND,g_22.55_114.25
2022-03-02,24.60,16.30,19.70,OPEN_METEO_ERA5_LAND,g_22.55_114.25
2022-03-03,20.60,16.50,18.10,OPEN_METEO_ERA5_LAND,g_22.55_114.25
2022-03-04,23.80,15.60,19.20,OPEN_METEO_ERA5_LAND,g_22.55_114.25
2022-03-05,25.70,15.80,20.10,OPEN_METEO_ERA5_LAND,g_22.55_114.25
2022-03-06,21.00,17.00,18.50,OPEN_METEO_ERA5_LAND,g_22.55_114.25
2022-03-07,21.20,15.40,18.20,OPEN_METEO_ERA5_LAND,g_22.55_114.25
2022-03-08,18.10,10.70,14.80,OPEN_METEO_ERA5_LAND,g_22.55_114.25
2022-03-09,21.20,11.50,16.10,OPEN_METEO_ERA5_LAND,g_22.55_114.25
2022-03-10,22.30,13.10,17.70,OPEN_METEO_ERA5_LAND,g_22.55_114.25
2022-03-11,23.20,14.50,18.80,OPEN_METEO_ERA5_LAND,g_22.55_114.25
2022-03-12,24.00,15.60,19.50,OPEN_METEO_ERA5_LAND,g_22.55_114.25
2022-03-13,24.30,16.40,20.20,OPEN_METEO_ERA5_LAND,g_22.55_114.25
2022-03-14,28.20,18.10,22.40,OPEN_METEO_ERA5_LAND,g_22.55_114.25
2022-03-15,26.90,18.70,21.80,OPEN_METEO_ERA5_LAND,g_22.55_114.25
2022-03-16,24.40,19.00,21.10,OPEN_METEO_ERA5_LAND,g_22.55_114.25
2022-03-17,28.00,20.90,23.60,OPEN_METEO_ERA5_LAND,g_22.55_114.25
2022-03-18,28.10,19.50,23.70,OPEN_METEO_ERA5_LAND,g_22.55_114.25
2022-03-19,25.50,20.40,22.00,OPEN_METEO_ERA5_LAND,g_22.55_114.25
2022-03-20,21.70,19.80,20.90,OPEN_METEO_ERA5_LAND,g_22.55_114.25
2022-03-21,24.90,20.70,22.40,OPEN_METEO_ERA5_LAND,g_22.55_114.25
2022-03-22,27.20,21.20,23.30,OPEN_METEO_ERA5_LAND,g_22.55_114.25
2022-03-23,21.70,13.40,15.30,OPEN_METEO_ERA5_LAND,g_22.55_114.25
2022-03-24,18.80,14.10,16.80,OPEN_METEO_ERA5_LAND,g_22.55_114.25
2022-03-25,24.70,19.50,22.30,OPEN_METEO_ERA5_LAND,g_22.55_114.25
2022-03-26,27.10,22.80,24.50,OPEN_METEO_ERA5_LAND,g_22.55_114.25
2022-03-27,20.50,16.00,18.60,OPEN_METEO_ERA5_LAND,g_22.55_114.25
2022-03-28,16.50,14.30,15.30,OPEN_METEO_ERA5_LAND,g_22.55_114.25
2022-03-29,19.80,15.60,17.70,OPEN_METEO_ERA5_LAND,g_22.55_114.25
2022-03-30,24.60,18.40,21.10,OPEN_METEO_ERA5_LAND,g_22.55_114.25
2022-03-31,26.30,19.80,22.70,OPEN_METEO_ERA5_LAND,g_22.55_114.25
2022-04-01,21.30,14.20,17.90,OPEN_METEO_ERA5_LAND,g_22.55_114.25
2022-04-02,14.10,12.30,13.10,OPEN_METEO_ERA5_LAND,g_22.55_114.25
2022-04-03,21.40,12.60,16.40,OPEN_METEO_ERA5_LAND,g_22.55_114.25
2022-04-04,22.00,13.60,17.30,OPEN_METEO_ERA5_LAND,g_22.55_114.25
2022-04-05,24.60,13.80,18.70,OPEN_METEO_ERA5_LAND,g_22.55_114.25
2022-04-06,24.30,16.10,19.60,OPEN_METEO_ERA5_LAND,g_22.55_114.25
2022-04-07,24.80,16.50,20.40,OPEN_METEO_ERA5_LAND,g_22.55_114.25
2022-04-08,26.60,16.10,20.50,OPEN_METEO_ERA5_LAND,g_22.55_114.25
2022-04-09,25.10,17.20,20.40,OPEN_METEO_ERA5_LAND,g_22.55_114.25
2022-04-10,25.40,16.00,20.70,OPEN_METEO_ERA5_LAND,g_22.55_114.25
2022-04-11,27.60,18.80,22.70,OPEN_METEO_ERA5_LAND,g_22.55_114.25
2022-04-12,27.00,19.30,23.00,OPEN_METEO_ERA5_LAND,g_22.55_114.25
2022-04-13,28.00,21.10,23.90,OPEN_METEO_ERA5_LAND,g_22.55_114.25
2022-04-14,30.20,19.10,24.20,OPEN_METEO_ERA5_LAND,g_22.55_114.25
2022-04-15,25.50,21.00,22.70,OPEN_METEO_ERA5_LAND,g_22.55_114.25
2022-04-16,23.10,20.20,21.30,OPEN_METEO_ERA5_LAND,g_22.55_114.25
2022-04-17,23.10,18.00,20.40,OPEN_METEO_ERA5_LAND,g_22.55_114.25
2022-04-18,23.30,18.10,20.50,OPEN_METEO_ERA5_LAND,g_22.55_114.25
2022-04-19,21.80,16.30,18.50,OPEN_METEO_ERA5_LAND,g_22.55_114.25
2022-04-20,23.80,17.80,20.20,OPEN_METEO_ERA5_LAND,g_22.55_114.25
2022-04-21,25.60,19.40,22.20,OPEN_METEO_ERA5_LAND,g_22.55_114.25
2022-04-22,26.30,21.80,23.70,OPEN_METEO_ERA5_LAND,g_22.55_114.25
2022-04-23,28.40,22.60,25.10,OPEN_METEO_ERA5_LAND,g_22.55_114.25
2022-04-24,28.60,22.10,25.20,OPEN_METEO_ERA5_LAND,g_22.55_114.25
2022-04-25,29.80,23.50,26.10,OPEN_METEO_ERA5_LAND,g_22.55_114.25
2022-04-26,30.20,24.00,26.50,OPEN_METEO_ERA5_LAND,g_22.55_114.25
2022-04-27,30.50,22.90,26.60,OPEN_METEO_ERA5_LAND,g_22.55_114.25
2022-04-28,29.40,24.60,26.20,OPEN_METEO_ERA5_LAND,g_22.55_114.25
2022-04-29,29.80,24.30,26.60,OPEN_METEO_ERA5_LAND,g_22.55_114.25
2022-04-30,26.00,22.40,24.20,OPEN_METEO_ERA5_LAND,g_22.55_114.25
2022-05-01,23.20,15.90,18.50,OPEN_METEO_ERA5_LAND,g_22.55_114.25
2022-05-02,18.30,14.80,16.60,OPEN_METEO_ERA5_LAND,g_22.55_114.25
2022-05-03,24.50,16.50,20.20,OPEN_METEO_ERA5_LAND,g_22.55_114.25
2022-05-04,25.90,17.70,22.10,OPEN_METEO_ERA5_LAND,g_22.55_114.25
2022-05-05,25.90,21.30,23.20,OPEN_METEO_ERA5_LAND,g_22.55_114.25
2022-05-06,26.10,21.20,23.40,OPEN_METEO_ERA5_LAND,g_22.55_114.25
2022-05-07,27.00,21.20,23.50,OPEN_METEO_ERA5_LAND,g_22.55_114.25
2022-05-08,25.50,21.20,23.10,OPEN_METEO_ERA5_LAND,g_22.55_114.25
2022-05-09,25.40,21.70,23.20,OPEN_METEO_ERA5_LAND,g_22.55_114.25
2022-05-10,26.30,22.50,24.10,OPEN_METEO_ERA5_LAND,g_22.55_114.25
2022-05-11,25.00,22.00,23.40,OPEN_METEO_ERA5_LAND,g_22.55_114.25
2022-05-12,25.10,23.10,24.00,OPEN_METEO_ERA5_LAND,g_22.55_114.25
2022-05-13,26.60,23.00,24.20,OPEN_METEO_ERA5_LAND,g_22.55_114.25
2022-05-14,28.10,21.20,24.20,OPEN_METEO_ERA5_LAND,g_22.55_114.25
2022-05-15,23.80,20.00,22.10,OPEN_METEO_ERA5_LAND,g_22.55_114.25
2022-05-16,20.90,17.40,18.80,OPEN_METEO_ERA5_LAND,g_22.55_114.25
2022-05-17,25.00,16.50,20.50,OPEN_METEO_ERA5_LAND,g_22.55_114.25
2022-05-18,25.10,19.10,22.10,OPEN_METEO_ERA5_LAND,g_22.55_114.25
2022-05-19,26.70,21.40,23.70,OPEN_METEO_ERA5_LAND,g_22.55_114.25
2022-05-20,27.90,21.70,24.80,OPEN_METEO_ERA5_LAND,g_22.55_114.25
2022-05-21,27.40,21.80,24.40,OPEN_METEO_ERA5_LAND,g_22.55_114.25
2022-05-22,25.60,23.00,23.90,OPEN_METEO_ERA5_LAND,g_22.55_114.25
2022-05-23,26.10,23.20,24.10,OPEN_METEO_ERA5_LAND,g_22.55_114.25
2022-05-24,25.60,23.60,24.10,OPEN_METEO_ERA5_LAND,g_22.55_114.25
2022-05-25,25.40,23.50,24.20,OPEN_METEO_ERA5_LAND,g_22.55_114.25
2022-05-26,28.80,23.20,25.40,OPEN_METEO_ERA5_LAND,g_22.55_114.25
2022-05-27,26.60,23.90,25.30,OPEN_METEO_ERA5_LAND,g_22.55_114.25
2022-05-28,28.30,24.30,26.00,OPEN_METEO_ERA5_LAND,g_22.55_114.25
2022-05-29,30.10,25.00,26.80,OPEN_METEO_ERA5_LAND,g_22.55_114.25
2022-05-30,29.20,25.10,26.60,OPEN_METEO_ERA5_LAND,g_22.55_114.25
2022-05-31,27.60,25.20,26.00,OPEN_METEO_ERA5_LAND,g_22.55_114.25
2022-06-01,29.00,25.10,26.70,OPEN_METEO_ERA5_LAND,g_22.55_114.25
2022-06-02,29.40,25.30,26.70,OPEN_METEO_ERA5_LAND,g_22.55_114.25
2022-06-03,28.30,24.40,26.00,OPEN_METEO_ERA5_LAND,g_22.55_114.25
2022-06-04,29.90,24.90,27.30,OPEN_METEO_ERA5_LAND,g_22.55_114.25
2022-06-05,30.20,26.40,27.80,OPEN_METEO_ERA5_LAND,g_22.55_114.25
2022-06-06,31.10,24.80,27.30,OPEN_METEO_ERA5_LAND,g_22.55_114.25
2022-06-07,28.10,24.50,25.70,OPEN_METEO_ERA5_LAND,g_22.55_114.25
2022-06-08,26.30,23.60,24.70,OPEN_METEO_ERA5_LAND,g_22.55_114.25
2022-06-09,27.70,23.50,25.10,OPEN_METEO_ERA5_LAND,g_22.55_114.25
2022-06-10,26.10,24.30,25.10,OPEN_METEO_ERA5_LAND,g_22.55_114.25
2022-06-11,27.40,23.60,25.10,OPEN_METEO_ERA5_LAND,g_22.55_114.25
2022-06-12,27.90,24.40,26.00,OPEN_METEO_ERA5_LAND,g_22.55_114.25
2022-06-13,29.60,25.20,27.10,OPEN_METEO_ERA5_LAND,g_22.55_114.25
2022-06-14,28.00,24.30,25.90,OPEN_METEO_ERA5_LAND,g_22.55_114.25
2022-06-15,29.20,22.60,25.30,OPEN_METEO_ERA5_LAND,g_22.55_114.25
2022-06-16,28.20,24.20,25.50,OPEN_METEO_ERA5_LAND,g_22.55_114.25
2022-06-17,29.20,24.80,26.60,OPEN_METEO_ERA5_LAND,g_22.55_114.25
2022-06-18,29.20,25.80,27.10,OPEN_METEO_ERA5_LAND,g_22.55_114.25
2022-06-19,29.30,25.00,27.10,OPEN_METEO_ERA5_LAND,g_22.55_114.25
2022-06-20,29.30,25.20,27.00,OPEN_METEO_ERA5_LAND,g_22.55_114.25
2022-06-21,29.50,26.10,27.20,OPEN_METEO_ERA5_LAND,g_22.55_114.25
2022-06-22,30.50,25.80,27.70,OPEN_METEO_ERA5_LAND,g_22.55_114.25
2022-06-23,31.10,25.00,27.80,OPEN_METEO_ERA5_LAND,g_22.55_114.25
2022-06-24,30.80,24.10,27.60,OPEN_METEO_ERA5_LAND,g_22.55_114.25
2022-06-25,30.60,24.90,27.60,OPEN_METEO_ERA5_LAND,g_22.55_114.25
2022-06-26,30.00,25.10,27.60,OPEN_METEO_ERA5_LAND,g_22.55_114.25
2022-06-27,30.00,25.50,27.60,OPEN_METEO_ERA5_LAND,g_22.55_114.25
2022-06-28,31.40,25.40,28.40,OPEN_METEO_ERA5_LAND,g_22.55_114.25
2022-06-29,29.00,25.90,27.20,OPEN_METEO_ERA5_LAND,g_22.55_114.25
2022-06-30,28.40,25.10,26.40,OPEN_METEO_ERA5_LAND,g_22.55_114.25
2022-07-01,28.10,24.80,26.00,OPEN_METEO_ERA5_LAND,g_22.55_114.25
2022-07-02,26.30,25.20,25.70,OPEN_METEO_ERA5_LAND,g_22.55_114.25
2022-07-03,29.70,25.00,26.70,OPEN_METEO_ERA5_LAND,g_22.55_114.25
2022-07-04,28.40,25.50,26.70,OPEN_METEO_ERA5_LAND,g_22.55_114.25
2022-07-05,28.40,25.40,26.80,OPEN_METEO_ERA5_LAND,g_22.55_114.25
2022-07-06,28.00,24.90,26.30,OPEN_METEO_ERA5_LAND,g_22.55_114.25
2022-07-07,27.60,24.50,26.20,OPEN_METEO_ERA5_LAND,g_22.55_114.25
2022-07-08,29.40,25.70,27.30,OPEN_METEO_ERA5_LAND,g_22.55_114.25
2022-07-09,29.90,25.70,27.60,OPEN_METEO_ERA5_LAND,g_22.55_114.25
2022-07-10,30.20,26.40,28.10,OPEN_METEO_ERA5_LAND,g_22.55_114.25
2022-07-11,30.80,26.40,28.20,OPEN_METEO_ERA5_LAND,g_22.55_114.25
2022-07-12,30.70,26.00,28.20,OPEN_METEO_ERA5_LAND,g_22.55_114.25
2022-07-13,31.10,25.60,28.40,OPEN_METEO_ERA5_LAND,g_22.55_114.25
2022-07-14,32.10,25.60,28.90,OPEN_METEO_ERA5_LAND,g_22.55_114.25
2022-07-15,32.10,26.80,28.80,OPEN_METEO_ERA5_LAND,g_22.55_114.25
2022-07-16,30.90,27.00,28.70,OPEN_METEO_ERA5_LAND,g_22.55_114.25
2022-07-17,32.20,27.00,29.10,OPEN_METEO_ERA5_LAND,g_22.55_114.25
2022-07-18,32.00,27.10,29.00,OPEN_METEO_ERA5_LAND,g_22.55_114.25
2022-07-19,30.80,26.70,28.40,OPEN_METEO_ERA5_LAND,g_22.55_114.25
2022-07-20,30.90,27.10,28.60,OPEN_METEO_ERA5_LAND,g_22.55_114.25
2022-07-21,31.20,27.10,28.80,OPEN_METEO_ERA5_LAND,g_22.55_114.25
2022-07-22,34.00,25.10,29.70,OPEN_METEO_ERA5_LAND,g_22.55_114.25
2022-07-23,34.20,25.90,29.90,OPEN_METEO_ERA5_LAND,g_22.55_114.25
2022-07-24,35.00,27.00,30.60,OPEN_METEO_ERA5_LAND,g_22.55_114.25
2022-07-25,34.40,27.10,30.40,OPEN_METEO_ERA5_LAND,g_22.55_114.25
2022-07-26,33.40,26.60,29.80,OPEN_METEO_ERA5_LAND,g_22.55_114.25
2022-07-27,34.70,25.50,29.80,OPEN_METEO_ERA5_LAND,g_22.55_114.25
2022-07-28,35.00,25.90,30.10,OPEN_METEO_ERA5_LAND,g_22.55_114.25
2022-07-29,34.30,27.30,30.30,OPEN_METEO_ERA5_LAND,g_22.55_114.25
2022-07-30,32.70,25.50,28.50,OPEN_METEO_ERA5_LAND,g_22.55_114.25
2022-07-31,33.60,26.20,29.50,OPEN_METEO_ERA5_LAND,g_22.55_114.25
2022-08-01,33.70,26.10,29.90,OPEN_METEO_ERA5_LAND,g_22.55_114.25
2022-08-02,33.00,26.40,29.10,OPEN_METEO_ERA5_LAND,g_22.55_114.25
2022-08-03,28.50,25.60,26.60,OPEN_METEO_ERA5_LAND,g_22.55_114.25
2022-08-04,26.60,24.40,25.40,OPEN_METEO_ERA5_LAND,g_22.55_114.25
2022-08-05,27.70,24.20,25.60,OPEN_METEO_ERA5_LAND,g_22.55_114.25
2022-08-06,28.90,25.60,27.10,OPEN_METEO_ERA5_LAND,g_22.55_114.25
2022-08-07,30.00,26.90,28.20,OPEN_METEO_ERA5_LAND,g_22.55_114.25
2022-08-08,29.00,23.90,26.20,OPEN_METEO_ERA5_LAND,g_22.55_114.25
2022-08-09,26.20,24.40,25.20,OPEN_METEO_ERA5_LAND,g_22.55_114.25
2022-08-10,27.20,24.00,25.40,OPEN_METEO_ERA5_LAND,g_22.55_114.25
2022-08-11,27.70,24.40,26.10,OPEN_METEO_ERA5_LAND,g_22.55_114.25
2022-08-12,27.60,25.20,26.10,OPEN_METEO_ERA5_LAND,g_22.55_114.25
2022-08-13,29.10,25.00,26.80,OPEN_METEO_ERA5_LAND,g_22.55_114.25
2022-08-14,30.50,25.10,27.40,OPEN_METEO_ERA5_LAND,g_22.55_114.25
2022-08-15,30.80,25.40,28.00,OPEN_METEO_ERA5_LAND,g_22.55_114.25
2022-08-16,28.60,24.70,26.80,OPEN_METEO_ERA5_LAND,g_22.55_114.25
2022-08-17,28.30,25.60,26.60,OPEN_METEO_ERA5_LAND,g_22.55_114.25
2022-08-18,29.10,25.50,27.10,OPEN_METEO_ERA5_LAND,g_22.55_114.25
2022-08-19,28.00,25.70,26.70,OPEN_METEO_ERA5_LAND,g_22.55_114.25
2022-08-20,29.00,24.80,26.60,OPEN_METEO_ERA5_LAND,g_22.55_114.25
2022-08-21,30.10,25.40,27.50,OPEN_METEO_ERA5_LAND,g_22.55_114.25
2022-08-22,32.40,25.30,28.60,OPEN_METEO_ERA5_LAND,g_22.55_114.25
2022-08-23,33.60,26.30,29.60,OPEN_METEO_ERA5_LAND,g_22.55_114.25
2022-08-24,32.40,26.60,28.80,OPEN_METEO_ERA5_LAND,g_22.55_114.25
2022-08-25,28.00,24.80,26.40,OPEN_METEO_ERA5_LAND,g_22.55_114.25
2022-08-26,29.50,25.20,27.10,OPEN_METEO_ERA5_LAND,g_22.55_114.25
2022-08-27,32.70,24.80,28.60,OPEN_METEO_ERA5_LAND,g_22.55_114.25
2022-08-28,32.50,26.60,28.70,OPEN_METEO_ERA5_LAND,g_22.55_114.25
2022-08-29,29.30,26.10,27.50,OPEN_METEO_ERA5_LAND,g_22.55_114.25
2022-08-30,30.20,25.80,27.50,OPEN_METEO_ERA5_LAND,g_22.55_114.25
2022-08-31,30.40,25.20,27.60,OPEN_METEO_ERA5_LAND,g_22.55_114.25
2022-09-01,30.70,24.90,26.90,OPEN_METEO_ERA5_LAND,g_22.55_114.25
2022-09-02,31.50,24.60,27.30,OPEN_METEO_ERA5_LAND,g_22.55_114.25
2022-09-03,30.80,23.50,27.00,OPEN_METEO_ERA5_LAND,g_22.55_114.25
2022-09-04,31.30,24.20,27.50,OPEN_METEO_ERA5_LAND,g_22.55_114.25
2022-09-05,31.70,24.90,28.10,OPEN_METEO_ERA5_LAND,g_22.55_114.25
2022-09-06,31.70,24.90,28.10,OPEN_METEO_ERA5_LAND,g_22.55_114.25
2022-09-07,28.30,24.80,26.40,OPEN_METEO_ERA5_LAND,g_22.55_114.25
2022-09-08,30.10,22.70,26.70,OPEN_METEO_ERA5_LAND,g_22.55_114.25
2022-09-09,31.40,22.30,26.70,OPEN_METEO_ERA5_LAND,g_22.55_114.25
2022-09-10,29.60,24.90,27.10,OPEN_METEO_ERA5_LAND,g_22.55_114.25
2022-09-11,32.10,25.00,28.40,OPEN_METEO_ERA5_LAND,g_22.55_114.25
2022-09-12,33.10,25.10,29.10,OPEN_METEO_ERA5_LAND,g_22.55_114.25
2022-09-13,33.60,24.50,28.80,OPEN_METEO_ERA5_LAND,g_22.55_114.25
2022-09-14,32.70,24.40,28.60,OPEN_METEO_ERA5_LAND,g_22.55_114.25
2022-09-15,33.10,24.20,28.60,OPEN_METEO_ERA5_LAND,g_22.55_114.25
2022-09-16,33.60,25.40,29.20,OPEN_METEO_ERA5_LAND,g_22.55_114.25
2022-09-17,33.10,25.20,28.50,OPEN_METEO_ERA5_LAND,g_22.55_114.25
2022-09-18,33.40,24.60,27.90,OPEN_METEO_ERA5_LAND,g_22.55_114.25
2022-09-19,33.50,25.40,28.30,OPEN_METEO_ERA5_LAND,g_22.55_114.25
2022-09-20,29.60,25.50,27.60,OPEN_METEO_ERA5_LAND,g_22.55_114.25
2022-09-21,29.50,24.50,27.00,OPEN_METEO_ERA5_LAND,g_22.55_114.25
2022-09-22,28.70,25.20,26.90,OPEN_METEO_ERA5_LAND,g_22.55_114.25
2022-09-23,30.90,23.20,26.70,OPEN_METEO_ERA5_LAND,g_22.55_114.25
2022-09-24,29.80,24.10,26.80,OPEN_METEO_ERA5_LAND,g_22.55_114.25
2022-09-25,31.00,24.10,27.30,OPEN_METEO_ERA5_LAND,g_22.55_114.25
2022-09-26,32.70,24.50,28.00,OPEN_METEO_ERA5_LAND,g_22.55_114.25
2022-09-27,31.20,26.20,28.10,OPEN_METEO_ERA5_LAND,g_22.55_114.25
2022-09-28,30.30,26.00,27.70,OPEN_METEO_ERA5_LAND,g_22.55_114.25
2022-09-29,29.40,25.00,27.00,OPEN_METEO_ERA5_LAND,g_22.55_114.25
2022-09-30,26.20,24.30,25.20,OPEN_METEO_ERA5_LAND,g_22.55_114.25
2022-10-01,28.20,24.80,26.20,OPEN_METEO_ERA5_LAND,g_22.55_114.25
2022-10-02,29.80,25.10,27.00,OPEN_METEO_ERA5_LAND,g_22.55_114.25
2022-10-03,30.30,25.80,27.60,OPEN_METEO_ERA5_LAND,g_22.55_114.25
2022-10-04,30.60,24.80,27.50,OPEN_METEO_ERA5_LAND,g_22.55_114.25
2022-10-05,30.20,25.20,27.40,OPEN_METEO_ERA5_LAND,g_22.55_114.25
2022-10-06,29.40,25.10,26.80,OPEN_METEO_ERA5_LAND,g_22.55_114.25
2022-10-07,30.70,23.20,26.70,OPEN_METEO_ERA5_LAND,g_22.55_114.25
2022-10-08,29.80,21.10,25.60,OPEN_METEO_ERA5_LAND,g_22.55_114.25
2022-10-09,30.80,21.60,26.00,OPEN_METEO_ERA5_LAND,g_22.55_114.25
2022-10-10,26.00,18.90,22.40,OPEN_METEO_ERA5_LAND,g_22.55_114.25
2022-10-11,26.50,17.90,22.10,OPEN_METEO_ERA5_LAND,g_22.55_114.25
2022-10-12,27.40,18.70,22.90,OPEN_METEO_ERA5_LAND,g_22.55_114.25
2022-10-13,29.30,20.10,24.40,OPEN_METEO_ERA5_LAND,g_22.55_114.25
2022-10-14,29.70,21.30,25.40,OPEN_METEO_ERA5_LAND,g_22.55_114.25
2022-10-15,30.40,21.30,25.80,OPEN_METEO_ERA5_LAND,g_22.55_114.25
2022-10-16,31.30,23.10,27.30,OPEN_METEO_ERA5_LAND,g_22.55_114.25
2022-10-17,28.20,24.60,26.00,OPEN_METEO_ERA5_LAND,g_22.55_114.25
2022-10-18,25.40,15.90,20.20,OPEN_METEO_ERA5_LAND,g_22.55_114.25
2022-10-19,24.70,18.00,21.30,OPEN_METEO_ERA5_LAND,g_22.55_114.25
2022-10-20,24.90,20.50,22.60,OPEN_METEO_ERA5_LAND,g_22.55_114.25
2022-10-21,27.10,20.90,23.20,OPEN_METEO_ERA5_LAND,g_22.55_114.25
2022-10-22,29.90,19.30,24.10,OPEN_METEO_ERA5_LAND,g_22.55_114.25
2022-10-23,26.90,21.10,23.60,OPEN_METEO_ERA5_LAND,g_22.55_114.25
2022-10-24,26.30,22.20,23.80,OPEN_METEO_ERA5_LAND,g_22.55_114.25
2022-10-25,24.80,20.40,22.40,OPEN_METEO_ERA5_LAND,g_22.55_114.25
2022-10-26,24.80,20.20,22.40,OPEN_METEO_ERA5_LAND,g_22.55_114.25
2022-10-27,27.40,21.00,23.40,OPEN_METEO_ERA5_LAND,g_22.55_114.25
2022-10-28,29.60,20.70,24.10,OPEN_METEO_ERA5_LAND,g_22.55_114.25
2022-10-29,29.40,20.20,23.80,OPEN_METEO_ERA5_LAND,g_22.55_114.25
2022-10-30,29.00,19.80,24.20,OPEN_METEO_ERA5_LAND,g_22.55_114.25
2022-10-31,27.20,20.80,24.20,OPEN_METEO_ERA5_LAND,g_22.55_114.25
2022-11-01,23.40,18.60,21.00,OPEN_METEO_ERA5_LAND,g_22.55_114.25
2022-11-02,20.00,16.50,18.40,OPEN_METEO_ERA5_LAND,g_22.55_114.25
2022-11-03,21.70,20.30,21.10,OPEN_METEO_ERA5_LAND,g_22.55_114.25
2022-11-04,23.10,19.30,21.30,OPEN_METEO_ERA5_LAND,g_22.55_114.25
2022-11-05,21.80,17.80,19.70,OPEN_METEO_ERA5_LAND,g_22.55_114.25
2022-11-06,20.00,17.90,18.70,OPEN_METEO_ERA5_LAND,g_22.55_114.25
2022-11-07,21.90,17.80,19.70,OPEN_METEO_ERA5_LAND,g_22.55_114.25
2022-11-08,22.70,18.90,20.40,OPEN_METEO_ERA5_LAND,g_22.55_114.25
2022-11-09,26.30,19.00,22.00,OPEN_METEO_ERA5_LAND,g_22.55_114.25
2022-11-10,26.90,19.80,22.60,OPEN_METEO_ERA5_LAND,g_22.55_114.25
2022-11-11,26.10,19.70,22.30,OPEN_METEO_ERA5_LAND,g_22.55_114.25
2022-11-12,25.60,19.70,22.20,OPEN_METEO_ERA5_LAND,g_22.55_114.25
2022-11-13,27.30,19.70,22.70,OPEN_METEO_ERA5_LAND,g_22.55_114.25
2022-11-14,25.70,21.10,22.90,OPEN_METEO_ERA5_LAND,g_22.55_114.25
2022-11-15,26.10,21.50,23.00,OPEN_METEO_ERA5_LAND,g_22.55_114.25
2022-11-16,24.50,21.30,22.50,OPEN_METEO_ERA5_LAND,g_22.55_114.25
2022-11-17,25.20,20.80,22.40,OPEN_METEO_ERA5_LAND,g_22.55_114.25
2022-11-18,26.00,20.80,22.90,OPEN_METEO_ERA5_LAND,g_22.55_114.25
2022-11-19,27.20,20.50,23.30,OPEN_METEO_ERA5_LAND,g_22.55_114.25
2022-11-20,27.20,19.30,22.50,OPEN_METEO_ERA5_LAND,g_22.55_114.25
2022-11-21,25.30,20.90,22.80,OPEN_METEO_ERA5_LAND,g_22.55_114.25
2022-11-22,23.60,21.40,22.50,OPEN_METEO_ERA5_LAND,g_22.55_114.25
2022-11-23,24.30,21.90,22.60,OPEN_METEO_ERA5_LAND,g_22.55_114.25
2022-11-24,22.00,21.00,21.40,OPEN_METEO_ERA5_LAND,g_22.55_114.25
2022-11-25,23.20,20.50,21.70,OPEN_METEO_ERA5_LAND,g_22.55_114.25
2022-11-26,23.00,20.10,21.50,OPEN_METEO_ERA5_LAND,g_22.55_114.25
2022-11-27,23.40,21.40,22.40,OPEN_METEO_ERA5_LAND,g_22.55_114.25
2022-11-28,26.00,22.50,23.70,OPEN_METEO_ERA5_LAND,g_22.55_114.25
2022-11-29,26.00,22.10,23.80,OPEN_METEO_ERA5_LAND,g_22.55_114.25
2022-11-30,22.70,13.60,18.20,OPEN_METEO_ERA5_LAND,g_22.55_114.25
2022-12-01,14.30,9.50,11.70,OPEN_METEO_ERA5_LAND,g_22.55_114.25
2022-12-02,15.80,8.20,11.60,OPEN_METEO_ERA5_LAND,g_22.55_114.25
2022-12-03,18.70,11.90,15.20,OPEN_METEO_ERA5_LAND,g_22.55_114.25
2022-12-04,19.70,14.80,16.80,OPEN_METEO_ERA5_LAND,g_22.55_114.25
2022-12-05,16.40,10.90,13.40,OPEN_METEO_ERA5_LAND,g_22.55_114.25
2022-12-06,15.30,10.20,12.40,OPEN_METEO_ERA5_LAND,g_22.55_114.25
2022-12-07,20.00,11.00,14.90,OPEN_METEO_ERA5_LAND,g_22.55_114.25
2022-12-08,20.90,12.70,16.40,OPEN_METEO_ERA5_LAND,g_22.55_114.25
2022-12-09,20.60,12.60,16.20,OPEN_METEO_ERA5_LAND,g_22.55_114.25
2022-12-10,19.80,12.00,15.50,OPEN_METEO_ERA5_LAND,g_22.55_114.25
2022-12-11,17.10,12.30,14.20,OPEN_METEO_ERA5_LAND,g_22.55_114.25
2022-12-12,15.00,11.50,13.00,OPEN_METEO_ERA5_LAND,g_22.55_114.25
2022-12-13,12.20,10.00,11.20,OPEN_METEO_ERA5_LAND,g_22.55_114.25
2022-12-14,11.10,9.20,10.20,OPEN_METEO_ERA5_LAND,g_22.55_114.25
2022-12-15,14.20,10.50,12.30,OPEN_METEO_ERA5_LAND,g_22.55_114.25
2022-12-16,15.90,12.70,14.40,OPEN_METEO_ERA5_LAND,g_22.55_114.25
2022-12-17,12.20,9.10,10.70,OPEN_METEO_ERA5_LAND,g_22.55_114.25
2022-12-18,11.60,6.10,9.00,OPEN_METEO_ERA5_LAND,g_22.55_114.25
2022-12-19,14.80,5.60,10.00,OPEN_METEO_ERA5_LAND,g_22.55_114.25
2022-12-20,17.00,10.90,14.10,OPEN_METEO_ERA5_LAND,g_22.55_114.25
2022-12-21,18.50,11.90,14.70,OPEN_METEO_ERA5_LAND,g_22.55_114.25
2022-12-22,18.40,9.10,13.60,OPEN_METEO_ERA5_LAND,g_22.55_114.25
2022-12-23,18.60,11.40,14.20,OPEN_METEO_ERA5_LAND,g_22.55_114.25
2022-12-24,18.20,9.40,13.40,OPEN_METEO_ERA5_LAND,g_22.55_114.25
2022-12-25,16.90,8.00,12.70,OPEN_METEO_ERA5_LAND,g_22.55_114.25
2022-12-26,18.30,11.00,14.00,OPEN_METEO_ERA5_LAND,g_22.55_114.25
2022-12-27,18.10,9.10,14.20,OPEN_METEO_ERA5_LAND,g_22.55_114.25
2022-12-28,19.00,10.50,14.90,OPEN_METEO_ERA5_LAND,g_22.55_114.25
2022-12-29,17.90,9.00,13.20,OPEN_METEO_ERA5_LAND,g_22.55_114.25
2022-12-30,17.00,7.40,11.90,OPEN_METEO_ERA5_LAND,g_22.55_114.25
2022-12-31,18.50,7.70,12.70,OPEN_METEO_ERA5_LAND,g_22.55_114.25
2023-01-01,14.90,10.50,12.50,OPEN_METEO_ERA5_LAND,g_22.55_114.25
2023-01-02,18.70,12.50,15.40,OPEN_METEO_ERA5_LAND,g_22.55_114.25
2023-01-03,17.30,11.70,14.40,OPEN_METEO_ERA5_LAND,g_22.55_114.25
2023-01-04,18.00,11.80,14.70,OPEN_METEO_ERA5_LAND,g_22.55_114.25
2023-01-05,21.90,13.70,17.10,OPEN_METEO_ERA5_LAND,g_22.55_114.25
2023-01-06,22.10,14.30,17.60,OPEN_METEO_ERA5_LAND,g_22.55_114.25
2023-01-07,21.70,14.20,17.10,OPEN_METEO_ERA5_LAND,g_22.55_114.25
2023-01-08,20.30,15.60,17.20,OPEN_METEO_ERA5_LAND,g_22.55_114.25
2023-01-09,20.80,15.90,17.90,OPEN_METEO_ERA5_LAND,g_22.55_114.25
2023-01-10,17.00,15.50,16.10,OPEN_METEO_ERA5_LAND,g_22.55_114.25
2023-01-11,18.80,15.90,17.20,OPEN_METEO_ERA5_LAND,g_22.55_114.25
2023-01-12,19.90,16.60,18.20,OPEN_METEO_ERA5_LAND,g_22.55_114.25
2023-01-13,22.70,18.70,20.50,OPEN_METEO_ERA5_LAND,g_22.55_114.25
2023-01-14,26.00,18.90,21.70,OPEN_METEO_ERA5_LAND,g_22.55_114.25
2023-01-15,19.90,8.80,14.90,OPEN_METEO_ERA5_LAND,g_22.55_114.25
2023-01-16,11.30,6.50,8.90,OPEN_METEO_ERA5_LAND,g_22.55_114.25
2023-01-17,14.90,7.90,10.80,OPEN_METEO_ERA5_LAND,g_22.55_114.25
2023-01-18,15.40,6.60,10.80,OPEN_METEO_ERA5_LAND,g_22.55_114.25
2023-01-19,18.60,7.90,13.50,OPEN_METEO_ERA5_LAND,g_22.55_114.25
2023-01-20,18.30,11.70,14.50,OPEN_METEO_ERA5_LAND,g_22.55_114.25
2023-01-21,17.50,12.70,15.30,OPEN_METEO_ERA5_LAND,g_22.55_114.25
2023-01-22,21.30,14.90,16.80,OPEN_METEO_ERA5_LAND,g_22.55_114.25
2023-01-23,23.40,14.40,17.80,OPEN_METEO_ERA5_LAND,g_22.55_114.25
2023-01-24,15.40,9.10,12.30,OPEN_METEO_ERA5_LAND,g_22.55_114.25
2023-01-25,14.30,6.60,9.90,OPEN_METEO_ERA5_LAND,g_22.55_114.25
2023-01-26,17.30,9.50,13.00,OPEN_METEO_ERA5_LAND,g_22.55_114.25
2023-01-27,15.30,10.40,12.40,OPEN_METEO_ERA5_LAND,g_22.55_114.25
2023-01-28,14.50,6.50,10.50,OPEN_METEO_ERA5_LAND,g_22.55_114.25
2023-01-29,15.60,5.90,10.40,OPEN_METEO_ERA5_LAND,g_22.55_114.25
2023-01-30,18.40,6.60,12.40,OPEN_METEO_ERA5_LAND,g_22.55_114.25
2023-01-31,18.80,10.30,14.90,OPEN_METEO_ERA5_LAND,g_22.55_114.25
2023-02-01,22.70,12.90,17.50,OPEN_METEO_ERA5_LAND,g_22.55_114.25
2023-02-02,21.40,13.90,17.50,OPEN_METEO_ERA5_LAND,g_22.55_114.25
2023-02-03,19.90,14.40,16.70,OPEN_METEO_ERA5_LAND,g_22.55_114.25
2023-02-04,17.00,15.10,15.90,OPEN_METEO_ERA5_LAND,g_22.55_114.25
2023-02-05,18.50,15.60,16.60,OPEN_METEO_ERA5_LAND,g_22.55_114.25
2023-02-06,21.30,15.30,17.50,OPEN_METEO_ERA5_LAND,g_22.55_114.25
2023-02-07,23.80,17.50,19.60,OPEN_METEO_ERA5_LAND,g_22.55_114.25
2023-02-08,20.60,16.40,18.10,OPEN_METEO_ERA5_LAND,g_22.55_114.25
2023-02-09,20.80,16.40,18.30,OPEN_METEO_ERA5_LAND,g_22.55_114.25
2023-02-10,22.90,16.20,19.30,OPEN_METEO_ERA5_LAND,g_22.55_114.25
2023-02-11,22.10,17.90,19.60,OPEN_METEO_ERA5_LAND,g_22.55_114.25
2023-02-12,23.00,18.60,20.50,OPEN_METEO_ERA5_LAND,g_22.55_114.25
2023-02-13,25.10,17.50,21.40,OPEN_METEO_ERA5_LAND,g_22.55_114.25
2023-02-14,18.90,11.30,14.90,OPEN_METEO_ERA5_LAND,g_22.55_114.25
2023-02-15,18.50,8.50,13.40,OPEN_METEO_ERA5_LAND,g_22.55_114.25
2023-02-16,18.50,8.50,13.90,OPEN_METEO_ERA5_LAND,g_22.55_114.25
2023-02-17,23.50,14.10,17.30,OPEN_METEO_ERA5_LAND,g_22.55_114.25
2023-02-18,23.20,12.60,18.70,OPEN_METEO_ERA5_LAND,g_22.55_114.25
2023-02-19,27.80,15.90,21.00,OPEN_METEO_ERA5_LAND,g_22.55_114.25
2023-02-20,23.40,14.80,18.20,OPEN_METEO_ERA5_LAND,g_22.55_114.25
2023-02-21,18.90,14.20,16.10,OPEN_METEO_ERA5_LAND,g_22.55_114.25
2023-02-22,18.80,11.80,14.90,OPEN_METEO_ERA5_LAND,g_22.55_114.25
2023-02-23,22.90,12.50,16.90,OPEN_METEO_ERA5_LAND,g_22.55_114.25
2023-02-24,25.10,13.70,18.90,OPEN_METEO_ERA5_LAND,g_22.55_114.25
2023-02-25,21.90,10.90,15.10,OPEN_METEO_ERA5_LAND,g_22.55_114.25
2023-02-26,20.20,12.40,14.90,OPEN_METEO_ERA5_LAND,g_22.55_114.25
2023-02-27,17.60,11.10,14.30,OPEN_METEO_ERA5_LAND,g_22.55_114.25
2023-02-28,20.60,12.80,15.80,OPEN_METEO_ERA5_LAND,g_22.55_114.25
2023-03-01,26.40,12.20,18.50,OPEN_METEO_ERA5_LAND,g_22.55_114.25
2023-03-02,22.20,14.00,18.20,OPEN_METEO_ERA5_LAND,g_22.55_114.25
2023-03-03,20.80,14.00,17.00,OPEN_METEO_ERA5_LAND,g_22.55_114.25
2023-03-04,22.30,13.50,17.40,OPEN_METEO_ERA5_LAND,g_22.55_114.25
2023-03-05,22.30,13.10,17.50,OPEN_METEO_ERA5_LAND,g_22.55_114.25
2023-03-06,22.20,13.40,17.50,OPEN_METEO_ERA5_LAND,g_22.55_114.25
2023-03-07,22.10,13.40,17.50,OPEN_METEO_ERA5_LAND,g_22.55_114.25
2023-03-08,22.90,14.20,19.10,OPEN_METEO_ERA5_LAND,g_22.55_114.25
2023-03-09,27.90,15.40,21.40,OPEN_METEO_ERA5_LAND,g_22.55_114.25
2023-03-10,24.30,17.30,20.40,OPEN_METEO_ERA5_LAND,g_22.55_114.25
2023-03-11,24.40,17.00,20.30,OPEN_METEO_ERA5_LAND,g_22.55_114.25
2023-03-12,27.50,17.00,21.60,OPEN_METEO_ERA5_LAND,g_22.55_114.25
2023-03-13,22.20,16.60,19.10,OPEN_METEO_ERA5_LAND,g_22.55_114.25
2023-03-14,21.00,15.70,18.20,OPEN_METEO_ERA5_LAND,g_22.55_114.25
2023-03-15,23.00,16.40,19.50,OPEN_METEO_ERA5_LAND,g_22.55_114.25
2023-03-16,24.40,16.00,20.20,OPEN_METEO_ERA5_LAND,g_22.55_114.25
2023-03-17,25.10,18.70,20.80,OPEN_METEO_ERA5_LAND,g_22.55_114.25
2023-03-18,26.50,17.90,21.30,OPEN_METEO_ERA5_LAND,g_22.55_114.25
2023-03-19,23.10,18.60,20.30,OPEN_METEO_ERA5_LAND,g_22.55_114.25
2023-03-20,23.80,19.40,21.10,OPEN_METEO_ERA5_LAND,g_22.55_114.25
2023-03-21,26.00,20.70,22.70,OPEN_METEO_ERA5_LAND,g_22.55_114.25
2023-03-22,27.60,22.00,23.80,OPEN_METEO_ERA5_LAND,g_22.55_114.25
2023-03-23,27.70,21.90,23.80,OPEN_METEO_ERA5_LAND,g_22.55_114.25
2023-03-24,25.50,22.00,23.20,OPEN_METEO_ERA5_LAND,g_22.55_114.25
2023-03-25,23.10,20.10,21.60,OPEN_METEO_ERA5_LAND,g_22.55_114.25
2023-03-26,19.80,15.80,17.30,OPEN_METEO_ERA5_LAND,g_22.55_114.25
2023-03-27,18.90,15.20,17.10,OPEN_METEO_ERA5_LAND,g_22.55_114.25
2023-03-28,19.80,15.10,17.70,OPEN_METEO_ERA5_LAND,g_22.55_114.25
2023-03-29,21.40,17.60,19.00,OPEN_METEO_ERA5_LAND,g_22.55_114.25
2023-03-30,21.20,18.90,19.90,OPEN_METEO_ERA5_LAND,g_22.55_114.25
2023-03-31,21.30,19.30,20.00,OPEN_METEO_ERA5_LAND,g_22.55_114.25
2023-04-01,21.60,18.30,20.10,OPEN_METEO_ERA5_LAND,g_22.55_114.25
2023-04-02,22.40,19.70,20.90,OPEN_METEO_ERA5_LAND,g_22.55_114.25
2023-04-03,23.40,20.20,21.20,OPEN_METEO_ERA5_LAND,g_22.55_114.25
2023-04-04,25.20,20.80,23.20,OPEN_METEO_ERA5_LAND,g_22.55_114.25
2023-04-05,26.40,22.30,23.80,OPEN_METEO_ERA5_LAND,g_22.55_114.25
2023-04-06,27.00,18.60,23.90,OPEN_METEO_ERA5_LAND,g_22.55_114.25
2023-04-07,22.10,15.80,19.20,OPEN_METEO_ERA5_LAND,g_22.55_114.25
2023-04-08,21.70,17.30,19.30,OPEN_METEO_ERA5_LAND,g_22.55_114.25
2023-04-09,21.20,17.00,18.40,OPEN_METEO_ERA5_LAND,g_22.55_114.25
2023-04-10,22.20,18.30,20.10,OPEN_METEO_ERA5_LAND,g_22.55_114.25
2023-04-11,25.10,20.70,22.40,OPEN_METEO_ERA5_LAND,g_22.55_114.25
2023-04-12,27.10,19.00,22.90,OPEN_METEO_ERA5_LAND,g_22.55_114.25
2023-04-13,24.30,20.20,21.80,OPEN_METEO_ERA5_LAND,g_22.55_114.25
2023-04-14,26.50,20.90,23.30,OPEN_METEO_ERA5_LAND,g_22.55_114.25
2023-04-15,29.50,21.50,25.00,OPEN_METEO_ERA5_LAND,g_22.55_114.25
2023-04-16,28.30,20.50,24.10,OPEN_METEO_ERA5_LAND,g_22.55_114.25
2023-04-17,26.70,21.10,23.80,OPEN_METEO_ERA5_LAND,g_22.55_114.25
2023-04-18,28.50,22.70,25.00,OPEN_METEO_ERA5_LAND,g_22.55_114.25
2023-04-19,27.60,21.80,24.70,OPEN_METEO_ERA5_LAND,g_22.55_114.25
2023-04-20,26.00,22.00,23.70,OPEN_METEO_ERA5_LAND,g_22.55_114.25
2023-04-21,25.60,21.70,23.50,OPEN_METEO_ERA5_LAND,g_22.55_114.25
2023-04-22,24.90,21.80,23.10,OPEN_METEO_ERA5_LAND,g_22.55_114.25
2023-04-23,25.00,21.90,23.20,OPEN_METEO_ERA5_LAND,g_22.55_114.25
2023-04-24,25.20,21.80,23.00,OPEN_METEO_ERA5_LAND,g_22.55_114.25
2023-04-25,22.00,18.40,20.40,OPEN_METEO_ERA5_LAND,g_22.55_114.25
2023-04-26,24.60,16.00,19.90,OPEN_METEO_ERA5_LAND,g_22.55_114.25
2023-04-27,23.60,20.00,21.40,OPEN_METEO_ERA5_LAND,g_22.55_114.25
2023-04-28,26.10,21.20,23.10,OPEN_METEO_ERA5_LAND,g_22.55_114.25
2023-04-29,27.10,21.10,23.80,OPEN_METEO_ERA5_LAND,g_22.55_114.25
2023-04-30,25.80,17.90,21.80,OPEN_METEO_ERA5_LAND,g_22.55_114.25
2023-05-01,25.20,21.20,22.70,OPEN_METEO_ERA5_LAND,g_22.55_114.25
2023-05-02,25.40,21.60,23.00,OPEN_METEO_ERA5_LAND,g_22.55_114.25
2023-05-03,26.60,21.90,23.80,OPEN_METEO_ERA5_LAND,g_22.55_114.25
2023-05-04,28.40,23.60,25.50,OPEN_METEO_ERA5_LAND,g_22.55_114.25
2023-05-05,29.50,23.30,25.80,OPEN_METEO_ERA5_LAND,g_22.55_114.25
2023-05-06,30.10,24.20,26.70,OPEN_METEO_ERA5_LAND,g_22.55_114.25
2023-05-07,26.00,22.20,24.80,OPEN_METEO_ERA5_LAND,g_22.55_114.25
2023-05-08,25.10,19.30,21.70,OPEN_METEO_ERA5_LAND,g_22.55_114.25
2023-05-09,24.00,21.50,22.50,OPEN_METEO_ERA5_LAND,g_22.55_114.25
2023-05-10,23.60,19.70,22.20,OPEN_METEO_ERA5_LAND,g_22.55_114.25
2023-05-11,24.60,20.00,22.50,OPEN_METEO_ERA5_LAND,g_22.55_114.25
2023-05-12,24.30,20.80,22.10,OPEN_METEO_ERA5_LAND,g_22.55_114.25
2023-05-13,23.10,21.10,21.80,OPEN_METEO_ERA5_LAND,g_22.55_114.25
2023-05-14,23.50,20.60,21.50,OPEN_METEO_ERA5_LAND,g_22.55_114.25
2023-05-15,27.40,20.10,23.30,OPEN_METEO_ERA5_LAND,g_22.55_114.25
2023-05-16,26.40,21.00,24.10,OPEN_METEO_ERA5_LAND,g_22.55_114.25
2023-05-17,28.80,23.70,25.90,OPEN_METEO_ERA5_LAND,g_22.55_114.25
2023-05-18,30.50,25.10,27.60,OPEN_METEO_ERA5_LAND,g_22.55_114.25
2023-05-19,29.70,23.60,26.50,OPEN_METEO_ERA5_LAND,g_22.55_114.25
2023-05-20,27.90,24.20,25.60,OPEN_METEO_ERA5_LAND,g_22.55_114.25
2023-05-21,29.70,23.60,27.00,OPEN_METEO_ERA5_LAND,g_22.55_114.25
2023-05-22,32.00,26.20,28.50,OPEN_METEO_ERA5_LAND,g_22.55_114.25
2023-05-23,26.70,22.10,24.70,OPEN_METEO_ERA5_LAND,g_22.55_114.25
2023-05-24,27.00,24.30,25.20,OPEN_METEO_ERA5_LAND,g_22.55_114.25
2023-05-25,27.80,24.80,26.10,OPEN_METEO_ERA5_LAND,g_22.55_114.25
2023-05-26,29.10,25.40,26.90,OPEN_METEO_ERA5_LAND,g_22.55_114.25
2023-05-27,28.80,25.10,26.70,OPEN_METEO_ERA5_LAND,g_22.55_114.25
2023-05-28,28.80,25.10,26.70,OPEN_METEO_ERA5_LAND,g_22.55_114.25
2023-05-29,33.00,23.50,28.00,OPEN_METEO_ERA5_LAND,g_22.55_114.25
2023-05-30,34.90,25.70,30.50,OPEN_METEO_ERA5_LAND,g_22.55_114.25
2023-05-31,33.30,27.00,29.90,OPEN_METEO_ERA5_LAND,g_22.55_114.25
2023-06-01,32.20,24.30,28.30,OPEN_METEO_ERA5_LAND,g_22.55_114.25
2023-06-02,33.20,26.60,29.20,OPEN_METEO_ERA5_LAND,g_22.55_114.25
2023-06-03,31.30,25.00,27.70,OPEN_METEO_ERA5_LAND,g_22.55_114.25
2023-06-04,30.00,25.90,27.80,OPEN_METEO_ERA5_LAND,g_22.55_114.25
2023-06-05,29.80,25.40,27.60,OPEN_METEO_ERA5_LAND,g_22.55_114.25
2023-06-06,28.90,25.00,26.30,OPEN_METEO_ERA5_LAND,g_22.55_114.25
2023-06-07,28.70,25.40,26.60,OPEN_METEO_ERA5_LAND,g_22.55_114.25
2023-06-08,29.50,25.10,26.90,OPEN_METEO_ERA5_LAND,g_22.55_114.25
2023-06-09,29.50,25.00,26.70,OPEN_METEO_ERA5_LAND,g_22.55_114.25
2023-06-10,29.20,25.00,26.40,OPEN_METEO_ERA5_LAND,g_22.55_114.25
2023-06-11,28.60,24.30,26.40,OPEN_METEO_ERA5_LAND,g_22.55_114.25
2023-06-12,30.10,25.20,27.70,OPEN_METEO_ERA5_LAND,g_22.55_114.25
2023-06-13,29.90,25.40,27.10,OPEN_METEO_ERA5_LAND,g_22.55_114.25
2023-06-14,28.90,24.30,26.20,OPEN_METEO_ERA5_LAND,g_22.55_114.25
2023-06-15,28.00,24.20,25.90,OPEN_METEO_ERA5_LAND,g_22.55_114.25
2023-06-16,26.50,24.70,25.50,OPEN_METEO_ERA5_LAND,g_22.55_114.25
2023-06-17,27.40,24.40,25.80,OPEN_METEO_ERA5_LAND,g_22.55_114.25
2023-06-18,28.10,25.10,26.70,OPEN_METEO_ERA5_LAND,g_22.55_114.25
2023-06-19,30.30,25.40,27.60,OPEN_METEO_ERA5_LAND,g_22.55_114.25
2023-06-20,31.00,26.30,28.10,OPEN_METEO_ERA5_LAND,g_22.55_114.25
2023-06-21,31.30,26.40,28.60,OPEN_METEO_ERA5_LAND,g_22.55_114.25
2023-06-22,31.50,26.40,28.80,OPEN_METEO_ERA5_LAND,g_22.55_114.25
2023-06-23,29.50,25.00,26.70,OPEN_METEO_ERA5_LAND,g_22.55_114.25
2023-06-24,27.60,23.50,25.80,OPEN_METEO_ERA5_LAND,g_22.55_114.25
2023-06-25,29.90,23.80,27.30,OPEN_METEO_ERA5_LAND,g_22.55_114.25
2023-06-26,27.70,23.90,26.10,OPEN_METEO_ERA5_LAND,g_22.55_114.25
2023-06-27,29.80,24.50,26.90,OPEN_METEO_ERA5_LAND,g_22.55_114.25
2023-06-28,29.60,25.50,27.10,OPEN_METEO_ERA5_LAND,g_22.55_114.25
2023-06-29,30.60,25.10,27.30,OPEN_METEO_ERA5_LAND,g_22.55_114.25
2023-06-30,30.00,24.90,27.30,OPEN_METEO_ERA5_LAND,g_22.55_114.25
2023-07-01,28.40,25.50,26.80,OPEN_METEO_ERA5_LAND,g_22.55_114.25
2023-07-02,27.60,25.50,26.30,OPEN_METEO_ERA5_LAND,g_22.55_114.25
2023-07-03,30.30,24.40,26.60,OPEN_METEO_ERA5_LAND,g_22.55_114.25
2023-07-04,30.20,24.50,26.90,OPEN_METEO_ERA5_LAND,g_22.55_114.25
2023-07-05,31.30,25.50,28.10,OPEN_METEO_ERA5_LAND,g_22.55_114.25
2023-07-06,31.20,26.20,28.50,OPEN_METEO_ERA5_LAND,g_22.55_114.25
2023-07-07,31.90,26.50,28.70,OPEN_METEO_ERA5_LAND,g_22.55_114.25
2023-07-08,32.00,25.90,28.60,OPEN_METEO_ERA5_LAND,g_22.55_114.25
2023-07-09,32.20,25.70,28.50,OPEN_METEO_ERA5_LAND,g_22.55_114.25
2023-07-10,32.80,25.30,28.80,OPEN_METEO_ERA5_LAND,g_22.55_114.25
2023-07-11,31.80,25.20,28.60,OPEN_METEO_ERA5_LAND,g_22.55_114.25
2023-07-12,31.30,25.20,28.00,OPEN_METEO_ERA5_LAND,g_22.55_114.25
2023-07-13,31.70,25.20,28.40,OPEN_METEO_ERA5_LAND,g_22.55_114.25
2023-07-14,34.00,25.20,29.60,OPEN_METEO_ERA5_LAND,g_22.55_114.25
2023-07-15,34.60,26.10,30.10,OPEN_METEO_ERA5_LAND,g_22.55_114.25
2023-07-16,31.30,25.70,27.90,OPEN_METEO_ERA5_LAND,g_22.55_114.25
2023-07-17,28.00,24.50,25.90,OPEN_METEO_ERA5_LAND,g_22.55_114.25
2023-07-18,28.40,25.10,26.40,OPEN_METEO_ERA5_LAND,g_22.55_114.25
2023-07-19,29.30,25.20,26.80,OPEN_METEO_ERA5_LAND,g_22.55_114.25
2023-07-20,30.70,25.60,28.00,OPEN_METEO_ERA5_LAND,g_22.55_114.25
2023-07-21,30.90,25.80,28.20,OPEN_METEO_ERA5_LAND,g_22.55_114.25
2023-07-22,31.00,25.70,28.30,OPEN_METEO_ERA5_LAND,g_22.55_114.25
2023-07-23,30.70,25.90,28.00,OPEN_METEO_ERA5_LAND,g_22.55_114.25
2023-07-24,31.20,25.60,28.10,OPEN_METEO_ERA5_LAND,g_22.55_114.25
2023-07-25,32.40,24.60,28.60,OPEN_METEO_ERA5_LAND,g_22.55_114.25
2023-07-26,33.80,25.70,29.60,OPEN_METEO_ERA5_LAND,g_22.55_114.25
2023-07-27,34.00,27.00,30.20,OPEN_METEO_ERA5_LAND,g_22.55_114.25
2023-07-28,33.70,26.50,29.70,OPEN_METEO_ERA5_LAND,g_22.55_114.25
2023-07-29,28.80,24.90,26.90,OPEN_METEO_ERA5_LAND,g_22.55_114.25
2023-07-30,29.60,24.80,27.10,OPEN_METEO_ERA5_LAND,g_22.55_114.25
2023-07-31,29.40,26.10,27.40,OPEN_METEO_ERA5_LAND,g_22.55_114.25
2023-08-01,29.60,25.60,27.00,OPEN_METEO_ERA5_LAND,g_22.55_114.25
2023-08-02,31.40,24.30,27.70,OPEN_METEO_ERA5_LAND,g_22.55_114.25
2023-08-03,33.10,25.00,28.70,OPEN_METEO_ERA5_LAND,g_22.55_114.25
2023-08-04,31.90,26.40,28.70,OPEN_METEO_ERA5_LAND,g_22.55_114.25
2023-08-05,32.00,26.30,28.70,OPEN_METEO_ERA5_LAND,g_22.55_114.25
2023-08-06,32.30,24.40,28.40,OPEN_METEO_ERA5_LAND,g_22.55_114.25
2023-08-07,31.80,26.00,28.50,OPEN_METEO_ERA5_LAND,g_22.55_114.25
2023-08-08,31.50,25.90,28.30,OPEN_METEO_ERA5_LAND,g_22.55_114.25
2023-08-09,31.80,25.90,28.80,OPEN_METEO_ERA5_LAND,g_22.55_114.25
2023-08-10,31.50,25.10,27.30,OPEN_METEO_ERA5_LAND,g_22.55_114.25
2023-08-11,29.80,24.10,26.00,OPEN_METEO_ERA5_LAND,g_22.55_114.25
2023-08-12,30.40,24.30,27.10,OPEN_METEO_ERA5_LAND,g_22.55_114.25
2023-08-13,30.60,24.70,27.10,OPEN_METEO_ERA5_LAND,g_22.55_114.25
2023-08-14,31.10,24.90,27.70,OPEN_METEO_ERA5_LAND,g_22.55_114.25
2023-08-15,31.10,25.40,28.00,OPEN_METEO_ERA5_LAND,g_22.55_114.25
2023-08-16,31.50,26.30,28.60,OPEN_METEO_ERA5_LAND,g_22.55_114.25
2023-08-17,31.50,26.50,28.40,OPEN_METEO_ERA5_LAND,g_22.55_114.25
2023-08-18,31.20,25.10,27.60,OPEN_METEO_ERA5_LAND,g_22.55_114.25
2023-08-19,30.60,24.20,26.90,OPEN_METEO_ERA5_LAND,g_22.55_114.25
2023-08-20,30.30,24.80,26.70,OPEN_METEO_ERA5_LAND,g_22.55_114.25
2023-08-21,29.30,25.20,26.90,OPEN_METEO_ERA5_LAND,g_22.55_114.25
2023-08-22,30.70,25.00,27.60,OPEN_METEO_ERA5_LAND,g_22.55_114.25
2023-08-23,30.30,25.10,27.10,OPEN_METEO_ERA5_LAND,g_22.55_114.25
2023-08-24,28.70,25.10,26.60,OPEN_METEO_ERA5_LAND,g_22.55_114.25
2023-08-25,30.60,25.30,27.00,OPEN_METEO_ERA5_LAND,g_22.55_114.25
2023-08-26,28.60,25.20,26.80,OPEN_METEO_ERA5_LAND,g_22.55_114.25
2023-08-27,30.00,25.30,27.10,OPEN_METEO_ERA5_LAND,g_22.55_114.25
2023-08-28,29.60,25.00,27.00,OPEN_METEO_ERA5_LAND,g_22.55_114.25
2023-08-29,30.40,24.10,26.20,OPEN_METEO_ERA5_LAND,g_22.55_114.25
2023-08-30,30.60,23.70,26.60,OPEN_METEO_ERA5_LAND,g_22.55_114.25
2023-08-31,30.90,24.60,27.20,OPEN_METEO_ERA5_LAND,g_22.55_114.25
2023-09-01,25.80,24.40,25.00,OPEN_METEO_ERA5_LAND,g_22.55_114.25
2023-09-02,28.00,24.90,25.90,OPEN_METEO_ERA5_LAND,g_22.55_114.25
2023-09-03,31.20,25.40,28.00,OPEN_METEO_ERA5_LAND,g_22.55_114.25
2023-09-04,32.20,25.40,28.60,OPEN_METEO_ERA5_LAND,g_22.55_114.25
2023-09-05,29.40,25.00,27.30,OPEN_METEO_ERA5_LAND,g_22.55_114.25
2023-09-06,29.90,25.30,26.90,OPEN_METEO_ERA5_LAND,g_22.55_114.25
2023-09-07,27.00,24.60,25.50,OPEN_METEO_ERA5_LAND,g_22.55_114.25
2023-09-08,25.60,24.20,24.80,OPEN_METEO_ERA5_LAND,g_22.55_114.25
2023-09-09,26.80,24.40,25.10,OPEN_METEO_ERA5_LAND,g_22.55_114.25
2023-09-10,25.70,24.00,24.60,OPEN_METEO_ERA5_LAND,g_22.55_114.25
2023-09-11,27.60,24.30,25.70,OPEN_METEO_ERA5_LAND,g_22.55_114.25
2023-09-12,28.60,24.70,26.10,OPEN_METEO_ERA5_LAND,g_22.55_114.25
2023-09-13,28.80,24.50,26.40,OPEN_METEO_ERA5_LAND,g_22.55_114.25
2023-09-14,26.50,24.50,25.30,OPEN_METEO_ERA5_LAND,g_22.55_114.25
2023-09-15,27.40,24.30,25.10,OPEN_METEO_ERA5_LAND,g_22.55_114.25
2023-09-16,27.70,24.30,25.40,OPEN_METEO_ERA5_LAND,g_22.55_114.25
2023-09-17,28.10,25.00,26.00,OPEN_METEO_ERA5_LAND,g_22.55_114.25
2023-09-18,30.00,24.00,26.80,OPEN_METEO_ERA5_LAND,g_22.55_114.25
2023-09-19,30.60,24.80,27.00,OPEN_METEO_ERA5_LAND,g_22.55_114.25
2023-09-20,30.60,25.70,27.40,OPEN_METEO_ERA5_LAND,g_22.55_114.25
2023-09-21,31.50,24.80,27.80,OPEN_METEO_ERA5_LAND,g_22.55_114.25
2023-09-22,29.90,22.90,26.20,OPEN_METEO_ERA5_LAND,g_22.55_114.25
2023-09-23,30.10,23.80,26.90,OPEN_METEO_ERA5_LAND,g_22.55_114.25
2023-09-24,30.20,24.50,27.00,OPEN_METEO_ERA5_LAND,g_22.55_114.25
2023-09-25,30.50,25.50,27.70,OPEN_METEO_ERA5_LAND,g_22.55_114.25
2023-09-26,30.10,25.60,27.60,OPEN_METEO_ERA5_LAND,g_22.55_114.25
2023-09-27,30.80,26.40,28.00,OPEN_METEO_ERA5_LAND,g_22.55_114.25
2023-09-28,30.20,24.40,27.40,OPEN_METEO_ERA5_LAND,g_22.55_114.25
2023-09-29,30.10,25.20,27.20,OPEN_METEO_ERA5_LAND,g_22.55_114.25
2023-09-30,30.80,24.10,27.80,OPEN_METEO_ERA5_LAND,g_22.55_114.25
2023-10-01,30.90,24.10,27.00,OPEN_METEO_ERA5_LAND,g_22.55_114.25
2023-10-02,29.70,24.70,27.10,OPEN_METEO_ERA5_LAND,g_22.55_114.25
2023-10-03,31.20,24.90,27.70,OPEN_METEO_ERA5_LAND,g_22.55_114.25
2023-10-04,32.60,24.90,28.50,OPEN_METEO_ERA5_LAND,g_22.55_114.25
2023-10-05,31.10,24.50,27.50,OPEN_METEO_ERA5_LAND,g_22.55_114.25
2023-10-06,28.30,23.90,25.80,OPEN_METEO_ERA5_LAND,g_22.55_114.25
2023-10-07,23.40,20.30,21.80,OPEN_METEO_ERA5_LAND,g_22.55_114.25
2023-10-08,22.90,19.30,20.90,OPEN_METEO_ERA5_LAND,g_22.55_114.25
2023-10-09,23.80,20.40,22.50,OPEN_METEO_ERA5_LAND,g_22.55_114.25
2023-10-10,26.50,20.90,23.10,OPEN_METEO_ERA5_LAND,g_22.55_114.25
2023-10-11,26.60,20.10,23.10,OPEN_METEO_ERA5_LAND,g_22.55_114.25
2023-10-12,26.90,20.00,23.40,OPEN_METEO_ERA5_LAND,g_22.55_114.25
2023-10-13,27.50,20.80,24.00,OPEN_METEO_ERA5_LAND,g_22.55_114.25
2023-10-14,27.40,21.00,24.00,OPEN_METEO_ERA5_LAND,g_22.55_114.25
2023-10-15,26.80,21.50,24.00,OPEN_METEO_ERA5_LAND,g_22.55_114.25
2023-10-16,26.60,21.30,23.90,OPEN_METEO_ERA5_LAND,g_22.55_114.25
2023-10-17,25.20,21.10,23.40,OPEN_METEO_ERA5_LAND,g_22.55_114.25
2023-10-18,25.20,21.80,23.40,OPEN_METEO_ERA5_LAND,g_22.55_114.25
2023-10-19,25.10,23.30,24.10,OPEN_METEO_ERA5_LAND,g_22.55_114.25
2023-10-20,25.90,20.00,23.50,OPEN_METEO_ERA5_LAND,g_22.55_114.25
2023-10-21,23.20,18.20,19.80,OPEN_METEO_ERA5_LAND,g_22.55_114.25
2023-10-22,23.40,17.40,20.20,OPEN_METEO_ERA5_LAND,g_22.55_114.25
2023-10-23,27.50,19.30,23.10,OPEN_METEO_ERA5_LAND,g_22.55_114.25
2023-10-24,28.10,22.30,24.60,OPEN_METEO_ERA5_LAND,g_22.55_114.25
2023-10-25,27.50,22.20,24.50,OPEN_METEO_ERA5_LAND,g_22.55_114.25
2023-10-26,27.00,21.60,24.00,OPEN_METEO_ERA5_LAND,g_22.55_114.25
2023-10-27,27.80,21.30,24.40,OPEN_METEO_ERA5_LAND,g_22.55_114.25
2023-10-28,26.70,23.00,24.30,OPEN_METEO_ERA5_LAND,g_22.55_114.25
2023-10-29,26.20,21.80,23.60,OPEN_METEO_ERA5_LAND,g_22.55_114.25
2023-10-30,26.70,21.50,23.80,OPEN_METEO_ERA5_LAND,g_22.55_114.25
2023-10-31,27.30,20.90,23.50,OPEN_METEO_ERA5_LAND,g_22.55_114.25
2023-11-01,27.20,19.00,23.30,OPEN_METEO_ERA5_LAND,g_22.55_114.25
2023-11-02,26.40,20.20,23.10,OPEN_METEO_ERA5_LAND,g_22.55_114.25
2023-11-03,27.00,21.90,24.00,OPEN_METEO_ERA5_LAND,g_22.55_114.25
2023-11-04,27.60,21.20,24.20,OPEN_METEO_ERA5_LAND,g_22.55_114.25
2023-11-05,28.10,21.80,24.50,OPEN_METEO_ERA5_LAND,g_22.55_114.25
2023-11-06,28.20,21.50,25.00,OPEN_METEO_ERA5_LAND,g_22.55_114.25
2023-11-07,25.90,19.90,23.10,OPEN_METEO_ERA5_LAND,g_22.55_114.25
2023-11-08,26.20,21.80,23.90,OPEN_METEO_ERA5_LAND,g_22.55_114.25
2023-11-09,26.10,23.30,24.50,OPEN_METEO_ERA5_LAND,g_22.55_114.25
2023-11-10,27.90,23.50,25.20,OPEN_METEO_ERA5_LAND,g_22.55_114.25
2023-11-11,26.40,23.00,24.30,OPEN_METEO_ERA5_LAND,g_22.55_114.25
2023-11-12,25.70,17.60,21.30,OPEN_METEO_ERA5_LAND,g_22.55_114.25
2023-11-13,21.00,15.60,17.80,OPEN_METEO_ERA5_LAND,g_22.55_114.25
2023-11-14,21.80,13.40,17.50,OPEN_METEO_ERA5_LAND,g_22.55_114.25
2023-11-15,24.30,14.70,19.60,OPEN_METEO_ERA5_LAND,g_22.55_114.25
2023-11-16,21.40,15.20,18.60,OPEN_METEO_ERA5_LAND,g_22.55_114.25
2023-11-17,20.20,12.60,16.20,OPEN_METEO_ERA5_LAND,g_22.55_114.25
2023-11-18,21.60,13.20,17.10,OPEN_METEO_ERA5_LAND,g_22.55_114.25
2023-11-19,21.90,12.30,17.50,OPEN_METEO_ERA5_LAND,g_22.55_114.25
2023-11-20,23.00,14.20,18.60,OPEN_METEO_ERA5_LAND,g_22.55_114.25
2023-11-21,23.90,16.10,19.20,OPEN_METEO_ERA5_LAND,g_22.55_114.25
2023-11-22,24.40,15.50,19.80,OPEN_METEO_ERA5_LAND,g_22.55_114.25
2023-11-23,26.50,15.70,21.30,OPEN_METEO_ERA5_LAND,g_22.55_114.25
2023-11-24,24.70,16.80,20.60,OPEN_METEO_ERA5_LAND,g_22.55_114.25
2023-11-25,24.50,16.60,20.20,OPEN_METEO_ERA5_LAND,g_22.55_114.25
2023-11-26,25.20,15.40,19.80,OPEN_METEO_ERA5_LAND,g_22.55_114.25
2023-11-27,26.30,15.40,20.80,OPEN_METEO_ERA5_LAND,g_22.55_114.25
2023-11-28,24.90,16.20,20.50,OPEN_METEO_ERA5_LAND,g_22.55_114.25
2023-11-29,24.80,20.10,21.70,OPEN_METEO_ERA5_LAND,g_22.55_114.25
2023-11-30,27.00,19.70,22.50,OPEN_METEO_ERA5_LAND,g_22.55_114.25
2023-12-01,21.70,15.10,18.10,OPEN_METEO_ERA5_LAND,g_22.55_114.25
2023-12-02,21.40,14.30,17.70,OPEN_METEO_ERA5_LAND,g_22.55_114.25
2023-12-03,23.80,15.20,19.80,OPEN_METEO_ERA5_LAND,g_22.55_114.25
2023-12-04,24.30,16.50,20.00,OPEN_METEO_ERA5_LAND,g_22.55_114.25
2023-12-05,25.40,14.30,19.40,OPEN_METEO_ERA5_LAND,g_22.55_114.25
2023-12-06,23.00,16.80,19.20,OPEN_METEO_ERA5_LAND,g_22.55_114.25
2023-12-07,24.20,15.00,18.70,OPEN_METEO_ERA5_LAND,g_22.55_114.25
2023-12-08,23.60,14.70,19.30,OPEN_METEO_ERA5_LAND,g_22.55_114.25
2023-12-09,25.30,18.40,21.40,OPEN_METEO_ERA5_LAND,g_22.55_114.25
2023-12-10,26.30,18.70,22.40,OPEN_METEO_ERA5_LAND,g_22.55_114.25
2023-12-11,27.50,19.50,23.30,OPEN_METEO_ERA5_LAND,g_22.55_114.25
2023-12-12,27.20,19.10,22.70,OPEN_METEO_ERA5_LAND,g_22.55_114.25
2023-12-13,24.00,18.30,20.80,OPEN_METEO_ERA5_LAND,g_22.55_114.25
2023-12-14,25.80,19.80,22.20,OPEN_METEO_ERA5_LAND,g_22.55_114.25
2023-12-15,26.40,20.50,22.70,OPEN_METEO_ERA5_LAND,g_22.55_114.25
2023-12-16,20.90,8.70,13.90,OPEN_METEO_ERA5_LAND,g_22.55_114.25
2023-12-17,13.10,7.80,9.90,OPEN_METEO_ERA5_LAND,g_22.55_114.25
2023-12-18,20.20,9.80,15.50,OPEN_METEO_ERA5_LAND,g_22.55_114.25
2023-12-19,18.40,9.90,13.70,OPEN_METEO_ERA5_LAND,g_22.55_114.25
2023-12-20,14.80,6.60,10.10,OPEN_METEO_ERA5_LAND,g_22.55_114.25
2023-12-21,11.40,6.00,8.50,OPEN_METEO_ERA5_LAND,g_22.55_114.25
2023-12-22,11.20,4.30,8.10,OPEN_METEO_ERA5_LAND,g_22.55_114.25
2023-12-23,11.50,5.60,8.30,OPEN_METEO_ERA5_LAND,g_22.55_114.25
2023-12-24,16.30,6.10,10.70,OPEN_METEO_ERA5_LAND,g_22.55_114.25
2023-12-25,17.60,7.70,12.10,OPEN_METEO_ERA5_LAND,g_22.55_114.25
2023-12-26,19.90,9.10,13.70,OPEN_METEO_ERA5_LAND,g_22.55_114.25
2023-12-27,22.20,11.00,16.80,OPEN_METEO_ERA5_LAND,g_22.55_114.25
2023-12-28,23.90,15.40,18.40,OPEN_METEO_ERA5_LAND,g_22.55_114.25
2023-12-29,21.50,15.90,18.20,OPEN_METEO_ERA5_LAND,g_22.55_114.25
2023-12-30,25.60,14.40,19.70,OPEN_METEO_ERA5_LAND,g_22.55_114.25
2023-12-31,27.20,15.90,20.80,OPEN_METEO_ERA5_LAND,g_22.55_114.25
