X,Y,Z
114.161249558349994,22.5620834444600078,8163.3974609375
114.169582891650009,22.5620834444600078,8212.990234375
114.177916224950025,22.5620834444600078,6604.1220703125
114.202916224850014,22.5620834444600078,1309.332275390625
114.152916225050035,22.5537501111600065,10982.6201171875
114.161249558349994,22.5537501111600065,431.2462158203125
114.169582891650009,22.5537501111600065,154.794815063476562
114.177916224950025,22.5537501111600065,1265.3782958984375
114.186249558249983,22.5537501111600065,2304.546630859375
114.194582891549999,22.5537501111600065,633.77099609375
114.202916224850014,22.5537501111600065,263.32781982421875
114.21124955815003,22.5537501111600065,1789.7174072265625
114.219582891449988,22.5537501111600065,5501.46044921875
114.244582891350035,22.5537501111600065,2.08161592483520508
114.252916224649994,22.5537501111600065,0.266634225845336914
114.286249557849999,22.5537501111600065,16.6376914978027344
114.294582891150014,22.5537501111600065,19.4284610748291016
114.30291622445003,22.5537501111600065,4.27007246017456055
114.311249557749989,22.5537501111600065,3.14511513710021973
114.319582891050004,22.5537501111600065,0.341697096824645996
114.427916223950035,22.5537501111600065,17.5629024505615234
114.127916225149988,22.5454167778600123,26310.900390625
114.136249558450004,22.5454167778600123,18923.693359375
114.144582891750019,22.5454167778600123,11131.666015625
114.152916225050035,22.5454167778600123,1987.0875244140625
114.161249558349994,22.5454167778600123,103.284561157226562
114.169582891650009,22.5454167778600123,166.24566650390625
114.177916224950025,22.5454167778600123,63.1160087585449219
114.186249558249983,22.5454167778600123,63.6493415832519531
114.194582891549999,22.5454167778600123,32.0970268249511719
114.202916224850014,22.5454167778600123,29.66619873046875
114.21124955815003,22.5454167778600123,115.583084106445312
114.219582891449988,22.5454167778600123,1199.6654052734375
114.227916224750004,22.5454167778600123,1804.507080078125
114.236249558050019,22.5454167778600123,1.99748778343200684
114.244582891350035,22.5454167778600123,26.0676670074462891
114.252916224649994,22.5454167778600123,15.0946712493896484
114.261249557950009,22.5454167778600123,8.77047157287597656
114.286249557849999,22.5454167778600123,11.3531513214111328
114.294582891150014,22.5454167778600123,24.0547313690185547
114.30291622445003,22.5454167778600123,9.31546783447265625
114.311249557749989,22.5454167778600123,6.44181203842163086
114.32791622435002,22.5454167778600123,1.26606559753417969
114.427916223950035,22.5454167778600123,75.329681396484375
114.436249557249994,22.5454167778600123,15.7275419235229492
114.444582890550009,22.5454167778600123,0.454812318086624146
114.086249558650024,22.537083444560011,38499.734375
114.094582891949983,22.537083444560011,32937.7578125
114.102916225249999,22.537083444560011,27156.5859375
114.111249558550014,22.537083444560011,23181.19921875
114.11958289185003,22.537083444560011,13482.6298828125
114.127916225149988,22.537083444560011,2911.719970703125
114.136249558450004,22.537083444560011,314.62310791015625
114.144582891750019,22.537083444560011,208.468414306640625
114.152916225050035,22.537083444560011,243.242843627929688
114.161249558349994,22.537083444560011,109.179153442382812
114.169582891650009,22.537083444560011,87.5104598999023438
114.177916224950025,22.537083444560011,58.0709419250488281
114.186249558249983,22.537083444560011,36.5433082580566406
114.194582891549999,22.537083444560011,64.0698318481445312
114.202916224850014,22.537083444560011,203.003677368164062
114.21124955815003,22.537083444560011,229.840499877929688
114.219582891449988,22.537083444560011,23.2872333526611328
114.227916224750004,22.537083444560011,14.8299770355224609
114.236249558050019,22.537083444560011,9.67446327209472656
114.244582891350035,22.537083444560011,13.9280452728271484
114.252916224649994,22.537083444560011,14.9090375900268555
114.261249557950009,22.537083444560011,13.603032112121582
114.269582891250025,22.537083444560011,2.10972476005554199
114.286249557849999,22.537083444560011,6.10038948059082031
114.294582891150014,22.537083444560011,15.3536949157714844
114.30291622445003,22.537083444560011,11.5204877853393555
114.311249557749989,22.537083444560011,5.5310521125793457
114.319582891050004,22.537083444560011,4.63044404983520508
114.32791622435002,22.537083444560011,1.58277952671051025
114.427916223950035,22.537083444560011,14.6076345443725586
114.436249557249994,22.537083444560011,29.1907176971435547
114.444582890550009,22.537083444560011,0.939292192459106445
114.086249558650024,22.5287501112600097,4590.49462890625
114.094582891949983,22.5287501112600097,210.445083618164062
114.102916225249999,22.5287501112600097,721.83319091796875
114.111249558550014,22.5287501112600097,5284.3408203125
114.11958289185003,22.5287501112600097,805.41802978515625
114.127916225149988,22.5287501112600097,355.3427734375
114.136249558450004,22.5287501112600097,157.15777587890625
114.144582891750019,22.5287501112600097,140.649627685546875
114.152916225050035,22.5287501112600097,330.25115966796875
114.161249558349994,22.5287501112600097,412.018890380859375
114.169582891650009,22.5287501112600097,152.610443115234375
114.177916224950025,22.5287501112600097,148.071929931640625
114.186249558249983,22.5287501112600097,134.028579711914062
114.194582891549999,22.5287501112600097,226.397750854492188
114.202916224850014,22.5287501112600097,371.9521484375
114.21124955815003,22.5287501112600097,57.3543510437011719
114.219582891449988,22.5287501112600097,38.0151329040527344
114.227916224750004,22.5287501112600097,19.4558849334716797
114.236249558050019,22.5287501112600097,16.7804489135742188
114.244582891350035,22.5287501112600097,12.9517278671264648
114.252916224649994,22.5287501112600097,20.5442123413085938
114.261249557950009,22.5287501112600097,22.4834232330322266
114.269582891250025,22.5287501112600097,4.64598894119262695
114.277916224549983,22.5287501112600097,7.7244110107421875
114.286249557849999,22.5287501112600097,1.90376436710357666
114.30291622445003,22.5287501112600097,1.35477888584136963
114.311249557749989,22.5287501112600097,13.2178831100463867
114.319582891050004,22.5287501112600097,9.76347637176513672
113.977916225749993,22.5204167779600084,2005.5054931640625
114.069582892049993,22.5204167779600084,46738.3203125
114.077916225350009,22.5204167779600084,12637.3427734375
114.086249558650024,22.5204167779600084,1909.4029541015625
114.094582891949983,22.5204167779600084,121.5452880859375
114.102916225249999,22.5204167779600084,132.210647583007812
114.111249558550014,22.5204167779600084,230.639633178710938
114.11958289185003,22.5204167779600084,1725.86474609375
114.127916225149988,22.5204167779600084,2544.255615234375
114.136249558450004,22.5204167779600084,235.240615844726562
114.144582891750019,22.5204167779600084,80.0020217895507812
114.152916225050035,22.5204167779600084,94.1106414794921875
114.161249558349994,22.5204167779600084,1206.353271484375
114.169582891650009,22.5204167779600084,1828.2449951171875
114.177916224950025,22.5204167779600084,1236.4124755859375
114.186249558249983,22.5204167779600084,294.503265380859375
114.194582891549999,22.5204167779600084,63.6722984313964844
114.202916224850014,22.5204167779600084,36.2966842651367188
114.21124955815003,22.5204167779600084,33.9009895324707031
114.219582891449988,22.5204167779600084,71.4600753784179688
114.227916224750004,22.5204167779600084,74.9788436889648438
114.236249558050019,22.5204167779600084,34.3474159240722656
114.244582891350035,22.5204167779600084,13.6919193267822266
114.252916224649994,22.5204167779600084,14.9437952041625977
114.261249557950009,22.5204167779600084,15.8419046401977539
114.269582891250025,22.5204167779600084,12.3764381408691406
114.277916224549983,22.5204167779600084,13.8736486434936523
114.286249557849999,22.5204167779600084,6.35219049453735352
114.311249557749989,22.5204167779600084,12.324061393737793
114.319582891050004,22.5204167779600084,8.24309921264648438
114.061249558750035,22.5120834446600071,15055.259765625
114.069582892049993,22.5120834446600071,1049.3162841796875
114.077916225350009,22.5120834446600071,597.4405517578125
114.086249558650024,22.5120834446600071,121.45452880859375
114.094582891949983,22.5120834446600071,294.490692138671875
114.102916225249999,22.5120834446600071,384.035369873046875
114.111249558550014,22.5120834446600071,362.524261474609375
114.11958289185003,22.5120834446600071,4631.9501953125
114.127916225149988,22.5120834446600071,8852.806640625
114.136249558450004,22.5120834446600071,2162.183837890625
114.144582891750019,22.5120834446600071,339.252044677734375
114.152916225050035,22.5120834446600071,745.9783935546875
114.161249558349994,22.5120834446600071,2369.302490234375
114.169582891650009,22.5120834446600071,2701.03857421875
114.177916224950025,22.5120834446600071,409.593597412109375
114.186249558249983,22.5120834446600071,128.004684448242188
114.194582891549999,22.5120834446600071,26.5247936248779297
114.202916224850014,22.5120834446600071,17.6347789764404297
114.21124955815003,22.5120834446600071,15.9641456604003906
114.219582891449988,22.5120834446600071,17.0160160064697266
114.227916224750004,22.5120834446600071,85.8022384643554688
114.236249558050019,22.5120834446600071,245.011764526367188
114.244582891350035,22.5120834446600071,48.7416038513183594
114.252916224649994,22.5120834446600071,14.3737583160400391
114.261249557950009,22.5120834446600071,11.6893205642700195
114.269582891250025,22.5120834446600071,14.11187744140625
114.277916224549983,22.5120834446600071,8.68792057037353516
114.286249557849999,22.5120834446600071,3.13561272621154785
114.294582891150014,22.5120834446600071,4.39274168014526367
114.30291622445003,22.5120834446600071,9.7117919921875
114.311249557749989,22.5120834446600071,13.0638866424560547
114.319582891050004,22.5120834446600071,4.19760560989379883
114.32791622435002,22.5120834446600071,1.67103958129882812
114.336249557650035,22.5120834446600071,9.13782024383544922
114.036249558849988,22.5037501113600058,4534.7080078125
114.044582892150004,22.5037501113600058,6935.38818359375
114.052916225450019,22.5037501113600058,8611.16796875
114.061249558750035,22.5037501113600058,113.822784423828125
114.069582892049993,22.5037501113600058,273.963348388671875
114.077916225350009,22.5037501113600058,1575.9283447265625
114.086249558650024,22.5037501113600058,1579.3182373046875
114.094582891949983,22.5037501113600058,2363.943115234375
114.102916225249999,22.5037501113600058,2695.859375
114.111249558550014,22.5037501113600058,1967.3128662109375
114.11958289185003,22.5037501113600058,6838.93017578125
114.127916225149988,22.5037501113600058,45869.71484375
114.136249558450004,22.5037501113600058,33610.83984375
114.144582891750019,22.5037501113600058,21088.796875
114.152916225050035,22.5037501113600058,2263.75927734375
114.161249558349994,22.5037501113600058,591.2427978515625
114.169582891650009,22.5037501113600058,287.629974365234375
114.177916224950025,22.5037501113600058,141.171905517578125
114.186249558249983,22.5037501113600058,87.9622039794921875
114.194582891549999,22.5037501113600058,37.1749229431152344
114.202916224850014,22.5037501113600058,15.7687015533447266
114.21124955815003,22.5037501113600058,15.8816967010498047
114.219582891449988,22.5037501113600058,17.0402679443359375
114.227916224750004,22.5037501113600058,46.0526847839355469
114.236249558050019,22.5037501113600058,204.948379516601562
114.244582891350035,22.5037501113600058,104.620201110839844
114.252916224649994,22.5037501113600058,13.7381105422973633
114.261249557950009,22.5037501113600058,11.8557224273681641
114.269582891250025,22.5037501113600058,12.5209274291992188
114.277916224549983,22.5037501113600058,11.7885560989379883
114.286249557849999,22.5037501113600058,12.4044895172119141
114.294582891150014,22.5037501113600058,13.474278450012207
114.30291622445003,22.5037501113600058,7.06784391403198242
114.311249557749989,22.5037501113600058,6.46992969512939453
114.319582891050004,22.5037501113600058,14.6907367706298828
114.32791622435002,22.5037501113600058,29.8500652313232422
114.336249557650035,22.5037501113600058,10.7666482925415039
114.352916224250009,22.5037501113600058,6.53870725631713867
114.361249557550025,22.5037501113600058,30.018096923828125
114.02791622555003,22.4954167780600116,316.53759765625
114.036249558849988,22.4954167780600116,681.718505859375
114.044582892150004,22.4954167780600116,1004.941162109375
114.052916225450019,22.4954167780600116,376.4970703125
114.061249558750035,22.4954167780600116,1089.235107421875
114.069582892049993,22.4954167780600116,1685.0823974609375
114.077916225350009,22.4954167780600116,1648.5726318359375
114.086249558650024,22.4954167780600116,443.192840576171875
114.094582891949983,22.4954167780600116,243.129501342773438
114.102916225249999,22.4954167780600116,504.649322509765625
114.111249558550014,22.4954167780600116,387.37890625
114.11958289185003,22.4954167780600116,2160.80810546875
114.127916225149988,22.4954167780600116,34460.015625
114.136249558450004,22.4954167780600116,37964.74609375
114.144582891750019,22.4954167780600116,28511.03515625
114.152916225050035,22.4954167780600116,686.52105712890625
114.161249558349994,22.4954167780600116,215.352188110351562
114.169582891650009,22.4954167780600116,137.084381103515625
114.177916224950025,22.4954167780600116,64.6484832763671875
114.186249558249983,22.4954167780600116,39.8160591125488281
114.194582891549999,22.4954167780600116,30.1216354370117188
114.202916224850014,22.4954167780600116,17.1622676849365234
114.21124955815003,22.4954167780600116,16.6633968353271484
114.219582891449988,22.4954167780600116,18.2930774688720703
114.227916224750004,22.4954167780600116,29.2403755187988281
114.236249558050019,22.4954167780600116,173.658187866210938
114.244582891350035,22.4954167780600116,208.264755249023438
114.252916224649994,22.4954167780600116,29.0238170623779297
114.261249557950009,22.4954167780600116,23.4605064392089844
114.269582891250025,22.4954167780600116,32.4719009399414062
114.277916224549983,22.4954167780600116,39.4203872680664062
114.286249557849999,22.4954167780600116,36.9509735107421875
114.294582891150014,22.4954167780600116,17.3163299560546875
114.30291622445003,22.4954167780600116,13.8866147994995117
114.311249557749989,22.4954167780600116,30.0413131713867188
114.319582891050004,22.4954167780600116,44.137176513671875
114.32791622435002,22.4954167780600116,3.28409552574157715
114.352916224250009,22.4954167780600116,2.22035908699035645
114.361249557550025,22.4954167780600116,15.5828342437744141
113.994582892350024,22.4870834447600103,97.0452957153320312
114.002916225649983,22.4870834447600103,246.800369262695312
114.011249558949999,22.4870834447600103,63.8422660827636719
114.019582892250014,22.4870834447600103,4.04069137573242188
114.02791622555003,22.4870834447600103,539.093994140625
114.036249558849988,22.4870834447600103,931.45086669921875
114.044582892150004,22.4870834447600103,1656.971923828125
114.052916225450019,22.4870834447600103,2202.057861328125
114.061249558750035,22.4870834447600103,1313.1781005859375
114.069582892049993,22.4870834447600103,287.8836669921875
114.077916225350009,22.4870834447600103,169.218673706054688
114.086249558650024,22.4870834447600103,96.510528564453125
114.094582891949983,22.4870834447600103,122.59552001953125
114.102916225249999,22.4870834447600103,227.673828125
114.111249558550014,22.4870834447600103,396.5635986328125
114.11958289185003,22.4870834447600103,473.606170654296875
114.127916225149988,22.4870834447600103,728.433837890625
114.136249558450004,22.4870834447600103,12586.625
114.144582891750019,22.4870834447600103,49232.2109375
114.152916225050035,22.4870834447600103,2880.374755859375
114.161249558349994,22.4870834447600103,179.145736694335938
114.169582891650009,22.4870834447600103,74.760009765625
114.177916224950025,22.4870834447600103,25.0729274749755859
114.186249558249983,22.4870834447600103,22.5238876342773438
114.194582891549999,22.4870834447600103,24.1748256683349609
114.202916224850014,22.4870834447600103,43.7671928405761719
114.21124955815003,22.4870834447600103,85.0313491821289062
114.219582891449988,22.4870834447600103,97.5688247680664062
114.227916224750004,22.4870834447600103,110.150428771972656
114.236249558050019,22.4870834447600103,217.799591064453125
114.244582891350035,22.4870834447600103,213.113449096679688
114.252916224649994,22.4870834447600103,33.3834915161132812
114.261249557950009,22.4870834447600103,42.2026138305664062
114.269582891250025,22.4870834447600103,29.2551631927490234
114.277916224549983,22.4870834447600103,10.2292747497558594
114.286249557849999,22.4870834447600103,31.4686985015869141
114.294582891150014,22.4870834447600103,48.0560989379882812
114.30291622445003,22.4870834447600103,49.1902885437011719
114.311249557749989,22.4870834447600103,34.6528472900390625
114.319582891050004,22.4870834447600103,3.95915889739990234
114.352916224250009,22.4870834447600103,0.992847561836242676
114.361249557550025,22.4870834447600103,18.1165428161621094
114.369582890849983,22.4870834447600103,3.4749140739440918
113.986249559050009,22.478750111460009,17.3939285278320312
113.994582892350024,22.478750111460009,240.555313110351562
114.002916225649983,22.478750111460009,1929.59033203125
114.011249558949999,22.478750111460009,301.808685302734375
114.019582892250014,22.478750111460009,416.28741455078125
114.02791622555003,22.478750111460009,664.095947265625
114.036249558849988,22.478750111460009,645.90875244140625
114.044582892150004,22.478750111460009,2110.586181640625
114.052916225450019,22.478750111460009,3446.377197265625
114.061249558750035,22.478750111460009,999.32501220703125
114.069582892049993,22.478750111460009,116.4090576171875
114.077916225350009,22.478750111460009,95.0079345703125
114.086249558650024,22.478750111460009,69.90826416015625
114.094582891949983,22.478750111460009,91.665008544921875
114.102916225249999,22.478750111460009,148.67706298828125
114.111249558550014,22.478750111460009,887.495361328125
114.11958289185003,22.478750111460009,177.768875122070312
114.127916225149988,22.478750111460009,278.7130126953125
114.136249558450004,22.478750111460009,2538.98388671875
114.144582891750019,22.478750111460009,4332.154296875
114.152916225050035,22.478750111460009,3269.038330078125
114.161249558349994,22.478750111460009,269.3194580078125
114.169582891650009,22.478750111460009,69.6770706176757812
114.177916224950025,22.478750111460009,34.4214439392089844
114.186249558249983,22.478750111460009,41.6990242004394531
114.194582891549999,22.478750111460009,146.18011474609375
114.202916224850014,22.478750111460009,173.823333740234375
114.21124955815003,22.478750111460009,302.926666259765625
114.219582891449988,22.478750111460009,409.0997314453125
114.227916224750004,22.478750111460009,573.5264892578125
114.236249558050019,22.478750111460009,1650.4774169921875
114.244582891350035,22.478750111460009,124.244354248046875
114.269582891250025,22.478750111460009,1.82386374473571777
114.277916224549983,22.478750111460009,8.93924331665039062
114.286249557849999,22.478750111460009,40.3986930847167969
114.294582891150014,22.478750111460009,41.4024429321289062
114.30291622445003,22.478750111460009,15.2731723785400391
114.311249557749989,22.478750111460009,2.50495600700378418
114.319582891050004,22.478750111460009,24.862548828125
114.32791622435002,22.478750111460009,13.1232509613037109
114.336249557650035,22.478750111460009,7.89456939697265625
114.344582890949994,22.478750111460009,12.7690439224243164
114.352916224250009,22.478750111460009,28.4550037384033203
114.361249557550025,22.478750111460009,66.204925537109375
114.369582890849983,22.478750111460009,10.5659828186035156
113.977916225749993,22.4704167781600077,127.715309143066406
113.986249559050009,22.4704167781600077,1158.6220703125
113.994582892350024,22.4704167781600077,25240.69921875
114.002916225649983,22.4704167781600077,60301.76953125
114.011249558949999,22.4704167781600077,3014.3427734375
114.019582892250014,22.4704167781600077,164.789993286132812
114.02791622555003,22.4704167781600077,337.39996337890625
114.036249558849988,22.4704167781600077,91.8228988647460938
114.044582892150004,22.4704167781600077,668.1661376953125
114.052916225450019,22.4704167781600077,7313.55712890625
114.061249558750035,22.4704167781600077,599.99224853515625
114.069582892049993,22.4704167781600077,95.07513427734375
114.077916225350009,22.4704167781600077,68.7227706909179688
114.086249558650024,22.4704167781600077,55.3973159790039062
114.094582891949983,22.4704167781600077,78.5028533935546875
114.102916225249999,22.4704167781600077,224.8604736328125
114.111249558550014,22.4704167781600077,498.883056640625
114.11958289185003,22.4704167781600077,118.190437316894531
114.127916225149988,22.4704167781600077,159.690643310546875
114.136249558450004,22.4704167781600077,497.5185546875
114.144582891750019,22.4704167781600077,896.99432373046875
114.152916225050035,22.4704167781600077,2205.63330078125
114.161249558349994,22.4704167781600077,210.389801025390625
114.169582891650009,22.4704167781600077,93.9493637084960938
114.177916224950025,22.4704167781600077,102.704544067382812
114.186249558249983,22.4704167781600077,174.329483032226562
114.194582891549999,22.4704167781600077,477.8818359375
114.202916224850014,22.4704167781600077,542.30633544921875
114.21124955815003,22.4704167781600077,1472.9647216796875
114.219582891449988,22.4704167781600077,1578.0689697265625
114.227916224750004,22.4704167781600077,1423.568115234375
114.236249558050019,22.4704167781600077,1590.231689453125
114.261249557950009,22.4704167781600077,22.6171436309814453
114.269582891250025,22.4704167781600077,51.9790878295898438
114.277916224549983,22.4704167781600077,30.4853744506835938
114.286249557849999,22.4704167781600077,14.2051067352294922
114.30291622445003,22.4704167781600077,4.36211824417114258
114.311249557749989,22.4704167781600077,34.2406654357910156
114.319582891050004,22.4704167781600077,42.0326614379882812
114.32791622435002,22.4704167781600077,36.3898658752441406
114.336249557650035,22.4704167781600077,18.3522605895996094
114.344582890949994,22.4704167781600077,28.2342338562011719
114.361249557550025,22.4704167781600077,95.5764999389648438
114.369582890849983,22.4704167781600077,6.80879878997802734
114.427916223950035,22.4704167781600077,1.03664135932922363
113.977916225749993,22.4620834448600064,239.923233032226562
113.986249559050009,22.4620834448600064,2615.674560546875
113.994582892350024,22.4620834448600064,56300.9921875
114.002916225649983,22.4620834448600064,72827.3828125
114.011249558949999,22.4620834448600064,10886.775390625
114.019582892250014,22.4620834448600064,1401.172607421875
114.02791622555003,22.4620834448600064,2615.313232421875
114.036249558849988,22.4620834448600064,176.24725341796875
114.044582892150004,22.4620834448600064,245.657608032226562
114.052916225450019,22.4620834448600064,2087.66943359375
114.061249558750035,22.4620834448600064,189.6966552734375
114.069582892049993,22.4620834448600064,91.1122665405273438
114.077916225350009,22.4620834448600064,77.0388031005859375
114.086249558650024,22.4620834448600064,97.724334716796875
114.094582891949983,22.4620834448600064,171.612258911132812
114.102916225249999,22.4620834448600064,356.697479248046875
114.111249558550014,22.4620834448600064,202.398788452148438
114.11958289185003,22.4620834448600064,72.9196701049804688
114.127916225149988,22.4620834448600064,120.205612182617188
114.136249558450004,22.4620834448600064,362.444061279296875
114.144582891750019,22.4620834448600064,4063.063720703125
114.152916225050035,22.4620834448600064,3236.829345703125
114.161249558349994,22.4620834448600064,1055.4757080078125
114.169582891650009,22.4620834448600064,10521.08203125
114.177916224950025,22.4620834448600064,4663.78076171875
114.186249558249983,22.4620834448600064,2298.8984375
114.194582891549999,22.4620834448600064,1630.9620361328125
114.202916224850014,22.4620834448600064,2058.69775390625
114.21124955815003,22.4620834448600064,816.6756591796875
114.219582891449988,22.4620834448600064,44.0287857055664062
114.227916224750004,22.4620834448600064,3.67099761962890625
114.236249558050019,22.4620834448600064,61.9476051330566406
114.244582891350035,22.4620834448600064,53.160675048828125
114.252916224649994,22.4620834448600064,21.9385795593261719
114.261249557950009,22.4620834448600064,42.9883346557617188
114.269582891250025,22.4620834448600064,13.7278709411621094
114.294582891150014,22.4620834448600064,1.42469453811645508
114.30291622445003,22.4620834448600064,22.3878021240234375
114.311249557749989,22.4620834448600064,39.1064949035644531
114.319582891050004,22.4620834448600064,39.2974472045898438
114.32791622435002,22.4620834448600064,40.4620475769042969
114.336249557650035,22.4620834448600064,38.8847808837890625
114.344582890949994,22.4620834448600064,28.6748771667480469
114.361249557550025,22.4620834448600064,25.101898193359375
114.369582890849983,22.4620834448600064,2.33082056045532227
114.427916223950035,22.4620834448600064,2.76437711715698242
113.961249559150019,22.4537501115600122,57.8050155639648438
113.969582892450035,22.4537501115600122,396.260894775390625
113.977916225749993,22.4537501115600122,929.9029541015625
113.986249559050009,22.4537501115600122,736.925048828125
113.994582892350024,22.4537501115600122,20027.51953125
114.002916225649983,22.4537501115600122,68449.0546875
114.011249558949999,22.4537501115600122,10590.841796875
114.019582892250014,22.4537501115600122,10198.4521484375
114.02791622555003,22.4537501115600122,20302.212890625
114.036249558849988,22.4537501115600122,3280.326904296875
114.044582892150004,22.4537501115600122,2948.50341796875
114.052916225450019,22.4537501115600122,1898.2413330078125
114.061249558750035,22.4537501115600122,178.288726806640625
114.069582892049993,22.4537501115600122,114.080528259277344
114.077916225350009,22.4537501115600122,203.275421142578125
114.086249558650024,22.4537501115600122,200.973861694335938
114.094582891949983,22.4537501115600122,850.97735595703125
114.102916225249999,22.4537501115600122,529.91900634765625
114.111249558550014,22.4537501115600122,85.82781982421875
114.11958289185003,22.4537501115600122,92.3644943237304688
114.127916225149988,22.4537501115600122,175.257003784179688
114.136249558450004,22.4537501115600122,1100.7080078125
114.144582891750019,22.4537501115600122,2279.70361328125
114.152916225050035,22.4537501115600122,4661.1435546875
114.161249558349994,22.4537501115600122,52416.48046875
114.169582891650009,22.4537501115600122,63228.08984375
114.177916224950025,22.4537501115600122,26406.232421875
114.186249558249983,22.4537501115600122,1517.2508544921875
114.194582891549999,22.4537501115600122,491.7244873046875
114.202916224850014,22.4537501115600122,284.23187255859375
114.21124955815003,22.4537501115600122,579.74871826171875
114.219582891449988,22.4537501115600122,171.160354614257812
114.227916224750004,22.4537501115600122,78.2123336791992188
114.236249558050019,22.4537501115600122,20.1222114562988281
114.244582891350035,22.4537501115600122,56.9204902648925781
114.252916224649994,22.4537501115600122,104.863250732421875
114.261249557950009,22.4537501115600122,15.1592464447021484
114.277916224549983,22.4537501115600122,0.91508173942565918
114.286249557849999,22.4537501115600122,19.4628696441650391
114.294582891150014,22.4537501115600122,37.0796394348144531
114.30291622445003,22.4537501115600122,39.4412193298339844
114.311249557749989,22.4537501115600122,38.3946456909179688
114.319582891050004,22.4537501115600122,37.634857177734375
114.32791622435002,22.4537501115600122,37.5495071411132812
114.336249557650035,22.4537501115600122,34.9608573913574219
114.352916224250009,22.4537501115600122,5.38796901702880859
114.361249557550025,22.4537501115600122,39.8918075561523438
114.369582890849983,22.4537501115600122,30.0987606048583984
113.952916225850004,22.4454167782600109,78.9692535400390625
113.961249559150019,22.4454167782600109,130.614913940429688
113.969582892450035,22.4454167782600109,184.531387329101562
113.977916225749993,22.4454167782600109,1432.0511474609375
113.986249559050009,22.4454167782600109,3131.929931640625
113.994582892350024,22.4454167782600109,4217.41552734375
114.002916225649983,22.4454167782600109,13122.115234375
114.011249558949999,22.4454167782600109,4005.755126953125
114.019582892250014,22.4454167782600109,29770.333984375
114.02791622555003,22.4454167782600109,46786.0078125
114.036249558849988,22.4454167782600109,27064.763671875
114.044582892150004,22.4454167782600109,5879.146484375
114.052916225450019,22.4454167782600109,2026.29248046875
114.061249558750035,22.4454167782600109,896.78753662109375
114.069582892049993,22.4454167782600109,964.832275390625
114.077916225350009,22.4454167782600109,693.13983154296875
114.086249558650024,22.4454167782600109,1755.3973388671875
114.094582891949983,22.4454167782600109,1913.81005859375
114.102916225249999,22.4454167782600109,302.88421630859375
114.111249558550014,22.4454167782600109,118.976806640625
114.11958289185003,22.4454167782600109,199.691741943359375
114.127916225149988,22.4454167782600109,831.227294921875
114.136249558450004,22.4454167782600109,808.5382080078125
114.144582891750019,22.4454167782600109,342.318145751953125
114.152916225050035,22.4454167782600109,3386.372802734375
114.161249558349994,22.4454167782600109,15321.8818359375
114.169582891650009,22.4454167782600109,33447.328125
114.177916224950025,22.4454167782600109,12644.5390625
114.186249558249983,22.4454167782600109,1684.0584716796875
114.21124955815003,22.4454167782600109,35.7630691528320312
114.219582891449988,22.4454167782600109,48.3360061645507812
114.227916224750004,22.4454167782600109,6.53443002700805664
114.277916224549983,22.4454167782600109,18.2457160949707031
114.286249557849999,22.4454167782600109,43.2877616882324219
114.294582891150014,22.4454167782600109,38.4293746948242188
114.30291622445003,22.4454167782600109,37.4435577392578125
114.311249557749989,22.4454167782600109,36.6271514892578125
114.319582891050004,22.4454167782600109,35.8562393188476562
114.32791622435002,22.4454167782600109,35.5179939270019531
114.336249557650035,22.4454167782600109,41.8603401184082031
114.344582890949994,22.4454167782600109,5.64211273193359375
114.352916224250009,22.4454167782600109,27.2830276489257812
114.361249557550025,22.4454167782600109,41.4639854431152344
114.369582890849983,22.4454167782600109,18.8764438629150391
114.39458289075003,22.4454167782600109,1.02076065540313721
113.944582892549988,22.4370834449600096,32.789154052734375
113.952916225850004,22.4370834449600096,104.991302490234375
113.961249559150019,22.4370834449600096,80.9613800048828125
113.969582892450035,22.4370834449600096,99.9136199951171875
113.977916225749993,22.4370834449600096,229.211959838867188
113.986249559050009,22.4370834449600096,992.7333984375
113.994582892350024,22.4370834449600096,2226.3505859375
114.002916225649983,22.4370834449600096,4176.35498046875
114.011249558949999,22.4370834449600096,3925.838134765625
114.019582892250014,22.4370834449600096,7688.3017578125
114.02791622555003,22.4370834449600096,14433.8583984375
114.036249558849988,22.4370834449600096,7612.28759765625
114.044582892150004,22.4370834449600096,1102.2357177734375
114.052916225450019,22.4370834449600096,1267.3370361328125
114.061249558750035,22.4370834449600096,2676.32470703125
114.069582892049993,22.4370834449600096,2611.773193359375
114.077916225350009,22.4370834449600096,971.0640869140625
114.086249558650024,22.4370834449600096,1463.6632080078125
114.094582891949983,22.4370834449600096,1841.25048828125
114.102916225249999,22.4370834449600096,1599.56494140625
114.111249558550014,22.4370834449600096,334.814208984375
114.11958289185003,22.4370834449600096,408.924896240234375
114.127916225149988,22.4370834449600096,379.7669677734375
114.136249558450004,22.4370834449600096,162.857803344726562
114.144582891750019,22.4370834449600096,111.687263488769531
114.152916225050035,22.4370834449600096,167.056884765625
114.161249558349994,22.4370834449600096,2645.134765625
114.169582891650009,22.4370834449600096,1583.5570068359375
114.177916224950025,22.4370834449600096,1017.939453125
114.186249558249983,22.4370834449600096,2043.623291015625
114.194582891549999,22.4370834449600096,1586.3193359375
114.202916224850014,22.4370834449600096,1060.435546875
114.219582891449988,22.4370834449600096,14.7539653778076172
114.236249558050019,22.4370834449600096,600.34771728515625
114.244582891350035,22.4370834449600096,1340.5755615234375
114.252916224649994,22.4370834449600096,473.1661376953125
114.261249557950009,22.4370834449600096,19.9728126525878906
114.269582891250025,22.4370834449600096,16.8188495635986328
114.277916224549983,22.4370834449600096,4.61035966873168945
114.286249557849999,22.4370834449600096,47.3012123107910156
114.294582891150014,22.4370834449600096,42.6488037109375
114.30291622445003,22.4370834449600096,36.3814888000488281
114.311249557749989,22.4370834449600096,35.6769638061523438
114.319582891050004,22.4370834449600096,51.8514442443847656
114.32791622435002,22.4370834449600096,57.473297119140625
114.336249557650035,22.4370834449600096,32.6306838989257812
114.344582890949994,22.4370834449600096,27.3088970184326172
114.352916224250009,22.4370834449600096,22.9421653747558594
114.361249557550025,22.4370834449600096,38.3410072326660156
114.369582890849983,22.4370834449600096,25.2693233489990234
114.377916224149999,22.4370834449600096,17.7039623260498047
114.386249557450014,22.4370834449600096,24.6549091339111328
114.39458289075003,22.4370834449600096,26.9953842163085938
114.402916224049989,22.4370834449600096,6.17356204986572266
113.927916225950014,22.4287501116600083,32.2147674560546875
113.93624955925003,22.4287501116600083,196.608901977539062
113.944582892549988,22.4287501116600083,266.217529296875
113.952916225850004,22.4287501116600083,241.496002197265625
113.961249559150019,22.4287501116600083,251.544845581054688
113.969582892450035,22.4287501116600083,361.92401123046875
113.977916225749993,22.4287501116600083,729.68988037109375
113.986249559050009,22.4287501116600083,2976.50048828125
113.994582892350024,22.4287501116600083,4104.22119140625
114.002916225649983,22.4287501116600083,3008.146484375
114.011249558949999,22.4287501116600083,406.219207763671875
114.019582892250014,22.4287501116600083,919.98919677734375
114.02791622555003,22.4287501116600083,4204.240234375
114.036249558849988,22.4287501116600083,1630.5828857421875
114.044582892150004,22.4287501116600083,556.1885986328125
114.052916225450019,22.4287501116600083,408.782073974609375
114.061249558750035,22.4287501116600083,968.6865234375
114.069582892049993,22.4287501116600083,1549.1904296875
114.077916225350009,22.4287501116600083,1568.209228515625
114.086249558650024,22.4287501116600083,897.63818359375
114.094582891949983,22.4287501116600083,957.72723388671875
114.102916225249999,22.4287501116600083,2276.951171875
114.111249558550014,22.4287501116600083,596.38592529296875
114.11958289185003,22.4287501116600083,192.168899536132812
114.127916225149988,22.4287501116600083,92.7487640380859375
114.136249558450004,22.4287501116600083,74.6207122802734375
114.144582891750019,22.4287501116600083,51.9808769226074219
114.152916225050035,22.4287501116600083,83.6918869018554688
114.161249558349994,22.4287501116600083,230.756744384765625
114.169582891650009,22.4287501116600083,242.082077026367188
114.177916224950025,22.4287501116600083,116.151679992675781
114.186249558249983,22.4287501116600083,260.5440673828125
114.194582891549999,22.4287501116600083,851.2900390625
114.202916224850014,22.4287501116600083,1686.7774658203125
114.21124955815003,22.4287501116600083,561.5732421875
114.227916224750004,22.4287501116600083,13815.71875
114.236249558050019,22.4287501116600083,22136.404296875
114.244582891350035,22.4287501116600083,26677.3046875
114.252916224649994,22.4287501116600083,4956.21337890625
114.261249557950009,22.4287501116600083,1203.2459716796875
114.269582891250025,22.4287501116600083,246.919143676757812
114.286249557849999,22.4287501116600083,65.6335067749023438
114.294582891150014,22.4287501116600083,77.73284912109375
114.30291622445003,22.4287501116600083,44.2301826477050781
114.311249557749989,22.4287501116600083,31.6286602020263672
114.319582891050004,22.4287501116600083,58.6841316223144531
114.32791622435002,22.4287501116600083,71.0313644409179688
114.336249557650035,22.4287501116600083,44.4576187133789062
114.344582890949994,22.4287501116600083,43.2207679748535156
114.352916224250009,22.4287501116600083,29.0949134826660156
114.361249557550025,22.4287501116600083,38.3931350708007812
114.369582890849983,22.4287501116600083,26.1515960693359375
114.377916224149999,22.4287501116600083,28.0890274047851562
114.386249557450014,22.4287501116600083,37.8370285034179688
114.39458289075003,22.4287501116600083,38.69146728515625
114.402916224049989,22.4287501116600083,1.06901943683624268
113.911249559349983,22.420416778360007,54.3505020141601562
113.919582892649998,22.420416778360007,217.7518310546875
113.927916225950014,22.420416778360007,791.962890625
113.93624955925003,22.420416778360007,824.39483642578125
113.944582892549988,22.420416778360007,373.3629150390625
113.952916225850004,22.420416778360007,299.7015380859375
113.961249559150019,22.420416778360007,459.37554931640625
113.969582892450035,22.420416778360007,1025.5682373046875
113.977916225749993,22.420416778360007,5571.96142578125
113.986249559050009,22.420416778360007,6307.22998046875
113.994582892350024,22.420416778360007,3952.423828125
114.002916225649983,22.420416778360007,521.5272216796875
114.011249558949999,22.420416778360007,579.93890380859375
114.019582892250014,22.420416778360007,1173.737548828125
114.02791622555003,22.420416778360007,2997.486572265625
114.036249558849988,22.420416778360007,1375.8704833984375
114.044582892150004,22.420416778360007,689.49737548828125
114.052916225450019,22.420416778360007,393.96142578125
114.061249558750035,22.420416778360007,1310.796630859375
114.069582892049993,22.420416778360007,2849.228271484375
114.077916225350009,22.420416778360007,1271.6572265625
114.086249558650024,22.420416778360007,210.123916625976562
114.094582891949983,22.420416778360007,124.533538818359375
114.102916225249999,22.420416778360007,155.760406494140625
114.111249558550014,22.420416778360007,236.66046142578125
114.11958289185003,22.420416778360007,145.718170166015625
114.127916225149988,22.420416778360007,66.09893798828125
114.136249558450004,22.420416778360007,57.8263359069824219
114.144582891750019,22.420416778360007,35.2524337768554688
114.152916225050035,22.420416778360007,42.6106224060058594
114.161249558349994,22.420416778360007,60.0821418762207031
114.169582891650009,22.420416778360007,66.9536972045898438
114.177916224950025,22.420416778360007,44.5224075317382812
114.186249558249983,22.420416778360007,94.0368728637695312
114.194582891549999,22.420416778360007,632.97943115234375
114.202916224850014,22.420416778360007,1637.557861328125
114.21124955815003,22.420416778360007,2899.9033203125
114.219582891449988,22.420416778360007,5500.27734375
114.227916224750004,22.420416778360007,89877.078125
114.236249558050019,22.420416778360007,13362.8447265625
114.244582891350035,22.420416778360007,1463.398681640625
114.252916224649994,22.420416778360007,283.980072021484375
114.261249557950009,22.420416778360007,485.176239013671875
114.269582891250025,22.420416778360007,727.1201171875
114.277916224549983,22.420416778360007,47.3578605651855469
114.286249557849999,22.420416778360007,71.0747451782226562
114.294582891150014,22.420416778360007,58.5773086547851562
114.30291622445003,22.420416778360007,38.9997940063476562
114.311249557749989,22.420416778360007,26.2814617156982422
114.319582891050004,22.420416778360007,28.2158527374267578
114.32791622435002,22.420416778360007,41.0012283325195312
114.336249557650035,22.420416778360007,33.8945121765136719
114.344582890949994,22.420416778360007,42.4322280883789062
114.352916224250009,22.420416778360007,39.1693344116210938
114.361249557550025,22.420416778360007,37.9899063110351562
114.369582890849983,22.420416778360007,26.0477638244628906
114.377916224149999,22.420416778360007,39.7537689208984375
114.386249557450014,22.420416778360007,55.6526069641113281
114.39458289075003,22.420416778360007,52.6549491882324219
114.402916224049989,22.420416778360007,13.5192270278930664
113.902916226050024,22.4120834450600057,46.4381332397460938
113.911249559349983,22.4120834450600057,421.811920166015625
113.919582892649998,22.4120834450600057,383.067626953125
113.927916225950014,22.4120834450600057,327.467254638671875
113.93624955925003,22.4120834450600057,569.332275390625
113.944582892549988,22.4120834450600057,183.762298583984375
113.952916225850004,22.4120834450600057,465.553863525390625
113.961249559150019,22.4120834450600057,7423.6162109375
113.969582892450035,22.4120834450600057,11977.3349609375
113.977916225749993,22.4120834450600057,19657.591796875
113.986249559050009,22.4120834450600057,20790.875
113.994582892350024,22.4120834450600057,1614.072998046875
114.002916225649983,22.4120834450600057,233.757369995117188
114.011249558949999,22.4120834450600057,543.54296875
114.019582892250014,22.4120834450600057,823.443115234375
114.02791622555003,22.4120834450600057,934.00640869140625
114.036249558849988,22.4120834450600057,405.50494384765625
114.044582892150004,22.4120834450600057,298.564239501953125
114.052916225450019,22.4120834450600057,196.251937866210938
114.061249558750035,22.4120834450600057,712.10345458984375
114.069582892049993,22.4120834450600057,656.492919921875
114.077916225350009,22.4120834450600057,152.263229370117188
114.086249558650024,22.4120834450600057,82.0008087158203125
114.094582891949983,22.4120834450600057,63.1400527954101562
114.102916225249999,22.4120834450600057,103.271568298339844
114.111249558550014,22.4120834450600057,162.53369140625
114.11958289185003,22.4120834450600057,118.620803833007812
114.127916225149988,22.4120834450600057,160.621932983398438
114.136249558450004,22.4120834450600057,127.099967956542969
114.144582891750019,22.4120834450600057,98.3522491455078125
114.152916225050035,22.4120834450600057,74.29754638671875
114.161249558349994,22.4120834450600057,77.9566650390625
114.169582891650009,22.4120834450600057,43.4625358581542969
114.177916224950025,22.4120834450600057,60.4509658813476562
114.186249558249983,22.4120834450600057,120.265708923339844
114.194582891549999,22.4120834450600057,343.052520751953125
114.202916224850014,22.4120834450600057,1107.9149169921875
114.21124955815003,22.4120834450600057,4245.40283203125
114.219582891449988,22.4120834450600057,17487.14453125
114.227916224750004,22.4120834450600057,12400.5400390625
114.236249558050019,22.4120834450600057,861.46490478515625
114.244582891350035,22.4120834450600057,243.758346557617188
114.252916224649994,22.4120834450600057,107.396087646484375
114.261249557950009,22.4120834450600057,213.533233642578125
114.269582891250025,22.4120834450600057,599.23529052734375
114.277916224549983,22.4120834450600057,207.011260986328125
114.286249557849999,22.4120834450600057,54.1503753662109375
114.294582891150014,22.4120834450600057,28.7358131408691406
114.30291622445003,22.4120834450600057,29.7439441680908203
114.311249557749989,22.4120834450600057,30.5563220977783203
114.319582891050004,22.4120834450600057,37.5676803588867188
114.32791622435002,22.4120834450600057,35.8558998107910156
114.336249557650035,22.4120834450600057,26.8080711364746094
114.344582890949994,22.4120834450600057,30.8916912078857422
114.352916224250009,22.4120834450600057,36.919708251953125
114.361249557550025,22.4120834450600057,31.2526664733886719
114.369582890849983,22.4120834450600057,25.7859878540039062
114.377916224149999,22.4120834450600057,21.0660247802734375
114.39458289075003,22.4120834450600057,8.84744453430175781
114.402916224049989,22.4120834450600057,17.6263675689697266
113.902916226050024,22.4037501117600115,36.361419677734375
113.911249559349983,22.4037501117600115,233.999786376953125
113.919582892649998,22.4037501117600115,403.30865478515625
113.927916225950014,22.4037501117600115,72.7787017822265625
113.93624955925003,22.4037501117600115,48.0290260314941406
113.944582892549988,22.4037501117600115,42.5599899291992188
113.952916225850004,22.4037501117600115,1106.0635986328125
113.961249559150019,22.4037501117600115,28787.35546875
113.969582892450035,22.4037501117600115,49909.234375
113.977916225749993,22.4037501117600115,16271.6728515625
113.986249559050009,22.4037501117600115,860.41192626953125
113.994582892350024,22.4037501117600115,233.680282592773438
114.002916225649983,22.4037501117600115,161.045944213867188
114.011249558949999,22.4037501117600115,166.610504150390625
114.019582892250014,22.4037501117600115,186.94305419921875
114.02791622555003,22.4037501117600115,206.759796142578125
114.036249558849988,22.4037501117600115,167.8857421875
114.044582892150004,22.4037501117600115,84.3154449462890625
114.052916225450019,22.4037501117600115,122.495811462402344
114.061249558750035,22.4037501117600115,229.473495483398438
114.069582892049993,22.4037501117600115,103.404983520507812
114.077916225350009,22.4037501117600115,69.4851226806640625
114.086249558650024,22.4037501117600115,53.0875778198242188
114.094582891949983,22.4037501117600115,88.4678268432617188
114.102916225249999,22.4037501117600115,517.528076171875
114.111249558550014,22.4037501117600115,361.861328125
114.11958289185003,22.4037501117600115,168.263473510742188
114.127916225149988,22.4037501117600115,154.114578247070312
114.136249558450004,22.4037501117600115,136.56292724609375
114.144582891750019,22.4037501117600115,125.679206848144531
114.152916225050035,22.4037501117600115,118.201309204101562
114.161249558349994,22.4037501117600115,109.770835876464844
114.169582891650009,22.4037501117600115,120.931488037109375
114.177916224950025,22.4037501117600115,181.274795532226562
114.186249558249983,22.4037501117600115,701.622802734375
114.194582891549999,22.4037501117600115,1993.420166015625
114.202916224850014,22.4037501117600115,4983.318359375
114.21124955815003,22.4037501117600115,4455.87744140625
114.219582891449988,22.4037501117600115,5571.8291015625
114.227916224750004,22.4037501117600115,1805.5831298828125
114.236249558050019,22.4037501117600115,277.7916259765625
114.244582891350035,22.4037501117600115,160.335113525390625
114.252916224649994,22.4037501117600115,83.525634765625
114.261249557950009,22.4037501117600115,79.703582763671875
114.269582891250025,22.4037501117600115,132.858779907226562
114.277916224549983,22.4037501117600115,329.7388916015625
114.286249557849999,22.4037501117600115,225.056427001953125
114.294582891150014,22.4037501117600115,46.9259071350097656
114.30291622445003,22.4037501117600115,32.7057647705078125
114.311249557749989,22.4037501117600115,52.4583244323730469
114.319582891050004,22.4037501117600115,124.019966125488281
114.32791622435002,22.4037501117600115,50.4248580932617188
114.336249557650035,22.4037501117600115,28.8095722198486328
114.344582890949994,22.4037501117600115,26.4944419860839844
114.352916224250009,22.4037501117600115,26.2322101593017578
114.361249557550025,22.4037501117600115,27.8054924011230469
114.369582890849983,22.4037501117600115,38.4144706726074219
114.377916224149999,22.4037501117600115,7.19878196716308594
114.386249557450014,22.4037501117600115,3.92443060874938965
113.911249559349983,22.3954167784600102,25.6487503051757812
113.919582892649998,22.3954167784600102,335.284454345703125
113.927916225950014,22.3954167784600102,63.1590385437011719
113.93624955925003,22.3954167784600102,34.0619392395019531
113.944582892549988,22.3954167784600102,44.7403488159179688
113.952916225850004,22.3954167784600102,724.83135986328125
113.961249559150019,22.3954167784600102,11163.99609375
113.969582892450035,22.3954167784600102,29856.96875
113.977916225749993,22.3954167784600102,16048.7314453125
113.986249559050009,22.3954167784600102,592.029541015625
113.994582892350024,22.3954167784600102,159.218307495117188
114.002916225649983,22.3954167784600102,98.3234481811523438
114.011249558949999,22.3954167784600102,66.5559158325195312
114.019582892250014,22.3954167784600102,56.7987556457519531
114.02791622555003,22.3954167784600102,56.6790657043457031
114.036249558849988,22.3954167784600102,53.2499313354492188
114.044582892150004,22.3954167784600102,51.34552001953125
114.052916225450019,22.3954167784600102,61.9560432434082031
114.061249558750035,22.3954167784600102,167.029617309570312
114.069582892049993,22.3954167784600102,64.0477523803710938
114.077916225350009,22.3954167784600102,75.5325927734375
114.086249558650024,22.3954167784600102,120.462615966796875
114.094582891949983,22.3954167784600102,227.492630004882812
114.102916225249999,22.3954167784600102,881.498291015625
114.111249558550014,22.3954167784600102,822.3323974609375
114.11958289185003,22.3954167784600102,323.103057861328125
114.127916225149988,22.3954167784600102,290.806884765625
114.136249558450004,22.3954167784600102,232.461929321289062
114.144582891750019,22.3954167784600102,177.907989501953125
114.152916225050035,22.3954167784600102,140.135162353515625
114.161249558349994,22.3954167784600102,180.373641967773438
114.169582891650009,22.3954167784600102,594.64080810546875
114.177916224950025,22.3954167784600102,948.6700439453125
114.186249558249983,22.3954167784600102,7139.951171875
114.194582891549999,22.3954167784600102,10532.373046875
114.202916224850014,22.3954167784600102,7199.5361328125
114.21124955815003,22.3954167784600102,10761.8232421875
114.219582891449988,22.3954167784600102,1146.1414794921875
114.227916224750004,22.3954167784600102,290.001220703125
114.236249558050019,22.3954167784600102,191.043624877929688
114.244582891350035,22.3954167784600102,118.553459167480469
114.252916224649994,22.3954167784600102,106.918899536132812
114.261249557950009,22.3954167784600102,106.033729553222656
114.269582891250025,22.3954167784600102,287.3441162109375
114.277916224549983,22.3954167784600102,737.41705322265625
114.286249557849999,22.3954167784600102,952.74761962890625
114.294582891150014,22.3954167784600102,320.6522216796875
114.30291622445003,22.3954167784600102,145.9151611328125
114.311249557749989,22.3954167784600102,234.746139526367188
114.319582891050004,22.3954167784600102,517.8604736328125
114.32791622435002,22.3954167784600102,81.0076141357421875
114.336249557650035,22.3954167784600102,32.7848434448242188
114.344582890949994,22.3954167784600102,25.9412403106689453
114.352916224250009,22.3954167784600102,24.6871185302734375
114.361249557550025,22.3954167784600102,31.7944545745849609
114.369582890849983,22.3954167784600102,55.0350379943847656
114.377916224149999,22.3954167784600102,36.6060562133789062
114.386249557450014,22.3954167784600102,1.24910426139831543
113.919582892649998,22.3870834451600089,495.474822998046875
113.927916225950014,22.3870834451600089,143.64117431640625
113.93624955925003,22.3870834451600089,45.3561019897460938
113.944582892549988,22.3870834451600089,48.4779853820800781
113.952916225850004,22.3870834451600089,190.7037353515625
113.961249559150019,22.3870834451600089,5040.5712890625
113.969582892450035,22.3870834451600089,29157.693359375
113.977916225749993,22.3870834451600089,54381.17578125
113.986249559050009,22.3870834451600089,1218.62939453125
113.994582892350024,22.3870834451600089,196.189208984375
114.002916225649983,22.3870834451600089,150.358383178710938
114.011249558949999,22.3870834451600089,112.524162292480469
114.019582892250014,22.3870834451600089,77.3797454833984375
114.02791622555003,22.3870834451600089,50.9205703735351562
114.036249558849988,22.3870834451600089,52.3173637390136719
114.044582892150004,22.3870834451600089,52.822723388671875
114.052916225450019,22.3870834451600089,73.4915008544921875
114.061249558750035,22.3870834451600089,269.46405029296875
114.069582892049993,22.3870834451600089,186.646331787109375
114.077916225350009,22.3870834451600089,187.955734252929688
114.086249558650024,22.3870834451600089,241.953781127929688
114.094582891949983,22.3870834451600089,441.78363037109375
114.102916225249999,22.3870834451600089,1264.0146484375
114.111249558550014,22.3870834451600089,1259.0404052734375
114.11958289185003,22.3870834451600089,958.84027099609375
114.127916225149988,22.3870834451600089,1410.560302734375
114.136249558450004,22.3870834451600089,1784.6748046875
114.144582891750019,22.3870834451600089,788.106689453125
114.152916225050035,22.3870834451600089,375.138580322265625
114.161249558349994,22.3870834451600089,914.90631103515625
114.169582891650009,22.3870834451600089,1825.2418212890625
114.177916224950025,22.3870834451600089,2005.3448486328125
114.186249558249983,22.3870834451600089,7964.5126953125
114.194582891549999,22.3870834451600089,27835.76171875
114.202916224850014,22.3870834451600089,44682.375
114.21124955815003,22.3870834451600089,17829.984375
114.219582891449988,22.3870834451600089,1548.1549072265625
114.227916224750004,22.3870834451600089,220.087692260742188
114.236249558050019,22.3870834451600089,110.941947937011719
114.244582891350035,22.3870834451600089,88.9958343505859375
114.252916224649994,22.3870834451600089,146.942901611328125
114.261249557950009,22.3870834451600089,377.646636962890625
114.269582891250025,22.3870834451600089,4983.185546875
114.277916224549983,22.3870834451600089,2555.534912109375
114.286249557849999,22.3870834451600089,29.7885951995849609
114.294582891150014,22.3870834451600089,223.0631103515625
114.30291622445003,22.3870834451600089,291.509185791015625
114.311249557749989,22.3870834451600089,89.7108078002929688
114.319582891050004,22.3870834451600089,66.0367660522460938
114.32791622435002,22.3870834451600089,59.2503509521484375
114.336249557650035,22.3870834451600089,38.6025352478027344
114.344582890949994,22.3870834451600089,19.3476295471191406
114.352916224250009,22.3870834451600089,26.7874374389648438
114.361249557550025,22.3870834451600089,24.8947505950927734
114.369582890849983,22.3870834451600089,28.7594280242919922
114.377916224149999,22.3870834451600089,31.3263816833496094
114.386249557450014,22.3870834451600089,34.4602737426757812
114.39458289075003,22.3870834451600089,3.74198603630065918
113.877916226150035,22.3787501118600076,54.5626144409179688
113.886249559449993,22.3787501118600076,43.3043441772460938
113.911249559349983,22.3787501118600076,10.215611457824707
113.919582892649998,22.3787501118600076,825.15673828125
113.927916225950014,22.3787501118600076,345.70257568359375
113.93624955925003,22.3787501118600076,74.5660247802734375
113.944582892549988,22.3787501118600076,91.8487930297851562
113.952916225850004,22.3787501118600076,359.82952880859375
113.961249559150019,22.3787501118600076,31889.017578125
113.969582892450035,22.3787501118600076,26954.203125
113.977916225749993,22.3787501118600076,3790.2548828125
113.986249559050009,22.3787501118600076,3369.431640625
113.994582892350024,22.3787501118600076,2593.986572265625
114.002916225649983,22.3787501118600076,667.42877197265625
114.011249558949999,22.3787501118600076,354.007843017578125
114.019582892250014,22.3787501118600076,175.684127807617188
114.02791622555003,22.3787501118600076,97.9397735595703125
114.036249558849988,22.3787501118600076,72.0790786743164062
114.044582892150004,22.3787501118600076,82.2452392578125
114.052916225450019,22.3787501118600076,191.9815673828125
114.061249558750035,22.3787501118600076,523.5499267578125
114.069582892049993,22.3787501118600076,1421.0377197265625
114.077916225350009,22.3787501118600076,1079.6689453125
114.086249558650024,22.3787501118600076,761.39483642578125
114.094582891949983,22.3787501118600076,1164.362060546875
114.102916225249999,22.3787501118600076,15552.421875
114.111249558550014,22.3787501118600076,34106.44921875
114.11958289185003,22.3787501118600076,14980.6865234375
114.127916225149988,22.3787501118600076,18087.658203125
114.136249558450004,22.3787501118600076,31166.080078125
114.144582891750019,22.3787501118600076,4173.404296875
114.152916225050035,22.3787501118600076,3293.931884765625
114.161249558349994,22.3787501118600076,2730.6123046875
114.169582891650009,22.3787501118600076,9013.119140625
114.177916224950025,22.3787501118600076,34936.66015625
114.186249558249983,22.3787501118600076,21055.34765625
114.194582891549999,22.3787501118600076,46428.9921875
114.202916224850014,22.3787501118600076,13432.6337890625
114.21124955815003,22.3787501118600076,17458.23046875
114.219582891449988,22.3787501118600076,3998.59765625
114.227916224750004,22.3787501118600076,244.261611938476562
114.236249558050019,22.3787501118600076,103.459182739257812
114.244582891350035,22.3787501118600076,91.5635528564453125
114.252916224649994,22.3787501118600076,232.696258544921875
114.261249557950009,22.3787501118600076,1671.39990234375
114.269582891250025,22.3787501118600076,7846.84814453125
114.277916224549983,22.3787501118600076,662.10235595703125
114.286249557849999,22.3787501118600076,16.9213619232177734
114.294582891150014,22.3787501118600076,2.0901634693145752
114.30291622445003,22.3787501118600076,34.9166374206542969
114.311249557749989,22.3787501118600076,35.09613037109375
114.319582891050004,22.3787501118600076,25.7295589447021484
114.32791622435002,22.3787501118600076,63.3295097351074219
114.336249557650035,22.3787501118600076,147.6033935546875
114.344582890949994,22.3787501118600076,4.71460819244384766
114.352916224250009,22.3787501118600076,15.1656999588012695
114.361249557550025,22.3787501118600076,21.5326461791992188
114.369582890849983,22.3787501118600076,37.5922813415527344
114.377916224149999,22.3787501118600076,43.3465003967285156
114.386249557450014,22.3787501118600076,65.9229965209960938
114.39458289075003,22.3787501118600076,14.9237794876098633
113.877916226150035,22.3704167785600063,23.6203384399414062
113.886249559449993,22.3704167785600063,26.5879135131835938
113.911249559349983,22.3704167785600063,2.47632145881652832
113.919582892649998,22.3704167785600063,259.61077880859375
113.927916225950014,22.3704167785600063,1475.158935546875
113.93624955925003,22.3704167785600063,713.29156494140625
113.944582892549988,22.3704167785600063,1443.850341796875
113.952916225850004,22.3704167785600063,1026.80322265625
113.961249559150019,22.3704167785600063,7878.61083984375
113.969582892450035,22.3704167785600063,12736.5625
113.977916225749993,22.3704167785600063,26.4847965240478516
113.986249559050009,22.3704167785600063,1004.1134033203125
113.994582892350024,22.3704167785600063,7459.75341796875
114.002916225649983,22.3704167785600063,3381.517333984375
114.011249558949999,22.3704167785600063,1794.177734375
114.019582892250014,22.3704167785600063,622.59051513671875
114.02791622555003,22.3704167785600063,269.226898193359375
114.036249558849988,22.3704167785600063,191.16387939453125
114.044582892150004,22.3704167785600063,335.141632080078125
114.052916225450019,22.3704167785600063,1591.111083984375
114.061249558750035,22.3704167785600063,6933.4970703125
114.069582892049993,22.3704167785600063,3225.2041015625
114.077916225350009,22.3704167785600063,4402.81494140625
114.086249558650024,22.3704167785600063,3013.076171875
114.094582891949983,22.3704167785600063,8630.158203125
114.102916225249999,22.3704167785600063,7921.8828125
114.111249558550014,22.3704167785600063,42255.46484375
114.11958289185003,22.3704167785600063,55913.25390625
114.127916225149988,22.3704167785600063,62787.98828125
114.136249558450004,22.3704167785600063,56035.35546875
114.144582891750019,22.3704167785600063,18948.830078125
114.152916225050035,22.3704167785600063,726.7166748046875
114.161249558349994,22.3704167785600063,609.58721923828125
114.169582891650009,22.3704167785600063,6222.33544921875
114.177916224950025,22.3704167785600063,41105.140625
114.186249558249983,22.3704167785600063,22792.365234375
114.194582891549999,22.3704167785600063,4493.62060546875
114.202916224850014,22.3704167785600063,1833.57861328125
114.21124955815003,22.3704167785600063,899.27117919921875
114.219582891449988,22.3704167785600063,397.343292236328125
114.227916224750004,22.3704167785600063,130.364593505859375
114.236249558050019,22.3704167785600063,81.4141693115234375
114.244582891350035,22.3704167785600063,132.58721923828125
114.252916224649994,22.3704167785600063,306.456634521484375
114.261249557950009,22.3704167785600063,1465.6700439453125
114.269582891250025,22.3704167785600063,707.18157958984375
114.277916224549983,22.3704167785600063,52.8775634765625
114.286249557849999,22.3704167785600063,18.0119285583496094
114.294582891150014,22.3704167785600063,34.4449119567871094
114.30291622445003,22.3704167785600063,47.0747642517089844
114.311249557749989,22.3704167785600063,63.2405586242675781
114.319582891050004,22.3704167785600063,39.3958663940429688
114.32791622435002,22.3704167785600063,45.620574951171875
114.336249557650035,22.3704167785600063,133.65673828125
114.344582890949994,22.3704167785600063,71.4963912963867188
114.352916224250009,22.3704167785600063,12.8861904144287109
114.361249557550025,22.3704167785600063,7.28017997741699219
114.369582890849983,22.3704167785600063,68.1174163818359375
114.377916224149999,22.3704167785600063,71.5234146118164062
114.386249557450014,22.3704167785600063,68.321502685546875
114.39458289075003,22.3704167785600063,10.2101955413818359
113.927916225950014,22.3620834452600121,20.6379184722900391
113.93624955925003,22.3620834452600121,160.815521240234375
113.944582892549988,22.3620834452600121,810.12164306640625
113.994582892350024,22.3620834452600121,633.88714599609375
114.002916225649983,22.3620834452600121,936.9005126953125
114.011249558949999,22.3620834452600121,1847.0687255859375
114.019582892250014,22.3620834452600121,3614.70556640625
114.02791622555003,22.3620834452600121,516.51898193359375
114.036249558849988,22.3620834452600121,1017.92547607421875
114.044582892150004,22.3620834452600121,13691.4482421875
114.052916225450019,22.3620834452600121,6355.251953125
114.061249558750035,22.3620834452600121,2025.012939453125
114.069582892049993,22.3620834452600121,1002.83453369140625
114.077916225350009,22.3620834452600121,609.90802001953125
114.086249558650024,22.3620834452600121,3472.19189453125
114.094582891949983,22.3620834452600121,10322.2958984375
114.102916225249999,22.3620834452600121,42360.0390625
114.111249558550014,22.3620834452600121,31622.56640625
114.11958289185003,22.3620834452600121,15349.3232421875
114.127916225149988,22.3620834452600121,39396.875
114.136249558450004,22.3620834452600121,31918.609375
114.144582891750019,22.3620834452600121,8223.462890625
114.152916225050035,22.3620834452600121,340.041259765625
114.161249558349994,22.3620834452600121,1140.747314453125
114.169582891650009,22.3620834452600121,17835.068359375
114.177916224950025,22.3620834452600121,21323.314453125
114.186249558249983,22.3620834452600121,3292.970947265625
114.194582891549999,22.3620834452600121,572.35235595703125
114.202916224850014,22.3620834452600121,431.368743896484375
114.21124955815003,22.3620834452600121,517.20672607421875
114.219582891449988,22.3620834452600121,272.262115478515625
114.227916224750004,22.3620834452600121,131.6036376953125
114.236249558050019,22.3620834452600121,190.487564086914062
114.244582891350035,22.3620834452600121,432.0919189453125
114.252916224649994,22.3620834452600121,1720.962890625
114.261249557950009,22.3620834452600121,744.75531005859375
114.269582891250025,22.3620834452600121,130.339828491210938
114.277916224549983,22.3620834452600121,34.7139129638671875
114.286249557849999,22.3620834452600121,10.5006818771362305
114.294582891150014,22.3620834452600121,37.9768753051757812
114.30291622445003,22.3620834452600121,16.1915950775146484
114.311249557749989,22.3620834452600121,49.3196830749511719
114.319582891050004,22.3620834452600121,36.5263214111328125
114.32791622435002,22.3620834452600121,8.43551540374755859
114.336249557650035,22.3620834452600121,47.3146133422851562
114.344582890949994,22.3620834452600121,47.631378173828125
114.352916224250009,22.3620834452600121,46.09979248046875
114.361249557550025,22.3620834452600121,48.6973838806152344
114.369582890849983,22.3620834452600121,101.661109924316406
114.377916224149999,22.3620834452600121,171.593963623046875
114.386249557450014,22.3620834452600121,14.8054447174072266
114.39458289075003,22.3620834452600121,2.85240721702575684
113.886249559449993,22.3537501119600108,25.0645122528076172
114.019582892250014,22.3537501119600108,819.572509765625
114.02791622555003,22.3537501119600108,781.08477783203125
114.036249558849988,22.3537501119600108,161.299819946289062
114.052916225450019,22.3537501119600108,148.521469116210938
114.061249558750035,22.3537501119600108,1697.75634765625
114.077916225350009,22.3537501119600108,1550.8775634765625
114.086249558650024,22.3537501119600108,5827.30224609375
114.094582891949983,22.3537501119600108,3863.91650390625
114.102916225249999,22.3537501119600108,51865.28515625
114.111249558550014,22.3537501119600108,12285.3603515625
114.11958289185003,22.3537501119600108,5853.13818359375
114.127916225149988,22.3537501119600108,14139.408203125
114.136249558450004,22.3537501119600108,11834.9873046875
114.144582891750019,22.3537501119600108,652.941650390625
114.152916225050035,22.3537501119600108,1063.5738525390625
114.161249558349994,22.3537501119600108,1108.6326904296875
114.169582891650009,22.3537501119600108,2851.787353515625
114.177916224950025,22.3537501119600108,4410.55615234375
114.186249558249983,22.3537501119600108,1855.9393310546875
114.194582891549999,22.3537501119600108,18332.787109375
114.202916224850014,22.3537501119600108,13692.5107421875
114.21124955815003,22.3537501119600108,5807.4931640625
114.219582891449988,22.3537501119600108,1223.070556640625
114.227916224750004,22.3537501119600108,199.810653686523438
114.236249558050019,22.3537501119600108,284.918548583984375
114.244582891350035,22.3537501119600108,1714.539794921875
114.252916224649994,22.3537501119600108,5497.96435546875
114.261249557950009,22.3537501119600108,567.21942138671875
114.269582891250025,22.3537501119600108,84.7274322509765625
114.277916224549983,22.3537501119600108,35.6943702697753906
114.294582891150014,22.3537501119600108,14.97540283203125
114.30291622445003,22.3537501119600108,13.7130775451660156
114.311249557749989,22.3537501119600108,25.83404541015625
114.319582891050004,22.3537501119600108,29.5815181732177734
114.32791622435002,22.3537501119600108,17.2751502990722656
114.336249557650035,22.3537501119600108,8.23420238494873047
114.344582890949994,22.3537501119600108,48.0529937744140625
114.352916224250009,22.3537501119600108,64.9464569091796875
114.361249557550025,22.3537501119600108,80.799102783203125
114.369582890849983,22.3537501119600108,104.613800048828125
114.377916224149999,22.3537501119600108,20.2606220245361328
113.886249559449993,22.3454167786600095,39.627410888671875
113.894582892750009,22.3454167786600095,19.1121406555175781
114.036249558849988,22.3454167786600095,13.4887666702270508
114.044582892150004,22.3454167786600095,691.53857421875
114.052916225450019,22.3454167786600095,626.22021484375
114.061249558750035,22.3454167786600095,1465.8309326171875
114.069582892049993,22.3454167786600095,23.7804317474365234
114.077916225350009,22.3454167786600095,16.9524459838867188
114.086249558650024,22.3454167786600095,2050.584716796875
114.094582891949983,22.3454167786600095,3351.24755859375
114.102916225249999,22.3454167786600095,14284.5126953125
114.111249558550014,22.3454167786600095,17020.630859375
114.11958289185003,22.3454167786600095,1138.6038818359375
114.127916225149988,22.3454167786600095,9265.41796875
114.136249558450004,22.3454167786600095,13141.1279296875
114.144582891750019,22.3454167786600095,6862.04150390625
114.152916225050035,22.3454167786600095,17044.728515625
114.161249558349994,22.3454167786600095,9528.5244140625
114.169582891650009,22.3454167786600095,6216.61083984375
114.177916224950025,22.3454167786600095,7963.90869140625
114.186249558249983,22.3454167786600095,45872.14453125
114.194582891549999,22.3454167786600095,67746.015625
114.202916224850014,22.3454167786600095,58703.96875
114.21124955815003,22.3454167786600095,14538.0830078125
114.219582891449988,22.3454167786600095,1522.7054443359375
114.227916224750004,22.3454167786600095,281.782318115234375
114.236249558050019,22.3454167786600095,210.23614501953125
114.244582891350035,22.3454167786600095,634.6785888671875
114.252916224649994,22.3454167786600095,1759.1865234375
114.261249557950009,22.3454167786600095,956.22265625
114.269582891250025,22.3454167786600095,76.962249755859375
114.30291622445003,22.3454167786600095,3.55221796035766602
114.311249557749989,22.3454167786600095,24.1127109527587891
114.319582891050004,22.3454167786600095,40.5644683837890625
114.32791622435002,22.3454167786600095,9.66306400299072266
114.336249557650035,22.3454167786600095,0.324701488018035889
114.344582890949994,22.3454167786600095,9.12753200531005859
114.352916224250009,22.3454167786600095,38.2377891540527344
114.361249557550025,22.3454167786600095,45.8380355834960938
114.369582890849983,22.3454167786600095,3.87138557434082031
113.961249559150019,22.3370834453600082,4.15254306793212891
113.969582892450035,22.3370834453600082,3.87633705139160156
113.977916225749993,22.3370834453600082,36.8446388244628906
113.986249559050009,22.3370834453600082,23.3595714569091797
114.019582892250014,22.3370834453600082,25.9262580871582031
114.02791622555003,22.3370834453600082,457.706207275390625
114.036249558849988,22.3370834453600082,1669.3494873046875
114.044582892150004,22.3370834453600082,1353.4332275390625
114.052916225450019,22.3370834453600082,385.621490478515625
114.061249558750035,22.3370834453600082,5.87231206893920898
114.086249558650024,22.3370834453600082,202.479156494140625
114.094582891949983,22.3370834453600082,1518.038330078125
114.102916225249999,22.3370834453600082,1555.5048828125
114.111249558550014,22.3370834453600082,1332.643310546875
114.11958289185003,22.3370834453600082,71.1842041015625
114.127916225149988,22.3370834453600082,1491.2020263671875
114.136249558450004,22.3370834453600082,32545.025390625
114.144582891750019,22.3370834453600082,33974.5703125
114.152916225050035,22.3370834453600082,43294.48046875
114.161249558349994,22.3370834453600082,67598.5546875
114.169582891650009,22.3370834453600082,42299.3046875
114.177916224950025,22.3370834453600082,10485.15234375
114.186249558249983,22.3370834453600082,38757.359375
114.194582891549999,22.3370834453600082,63665.75390625
114.202916224850014,22.3370834453600082,39060.25
114.21124955815003,22.3370834453600082,34363.453125
114.219582891449988,22.3370834453600082,22109.7421875
114.227916224750004,22.3370834453600082,3233.543701171875
114.236249558050019,22.3370834453600082,1008.09344482421875
114.244582891350035,22.3370834453600082,1006.7823486328125
114.252916224649994,22.3370834453600082,661.5498046875
114.261249557950009,22.3370834453600082,1907.5484619140625
114.269582891250025,22.3370834453600082,242.75164794921875
114.311249557749989,22.3370834453600082,0.874179244041442871
114.319582891050004,22.3370834453600082,38.4224624633789062
114.32791622435002,22.3370834453600082,29.8319873809814453
114.336249557650035,22.3370834453600082,10.6119594573974609
114.352916224250009,22.3370834453600082,14.774409294128418
114.361249557550025,22.3370834453600082,45.8100471496582031
114.369582890849983,22.3370834453600082,24.8723411560058594
113.961249559150019,22.3287501120600069,11.791473388671875
113.969582892450035,22.3287501120600069,39.5151786804199219
114.011249558949999,22.3287501120600069,256.624603271484375
114.019582892250014,22.3287501120600069,882.2144775390625
114.02791622555003,22.3287501120600069,2038.676025390625
114.036249558849988,22.3287501120600069,1548.855224609375
114.044582892150004,22.3287501120600069,319.28759765625
114.052916225450019,22.3287501120600069,105.570289611816406
114.086249558650024,22.3287501120600069,164.414398193359375
114.094582891949983,22.3287501120600069,1143.1024169921875
114.102916225249999,22.3287501120600069,1465.4454345703125
114.111249558550014,22.3287501120600069,900.430908203125
114.11958289185003,22.3287501120600069,46.4094276428222656
114.127916225149988,22.3287501120600069,685.25006103515625
114.136249558450004,22.3287501120600069,5851.5048828125
114.144582891750019,22.3287501120600069,10326.63671875
114.152916225050035,22.3287501120600069,23146.58984375
114.161249558349994,22.3287501120600069,112120.765625
114.169582891650009,22.3287501120600069,43612.06640625
114.177916224950025,22.3287501120600069,22574.2109375
114.186249558249983,22.3287501120600069,30355.576171875
114.194582891549999,22.3287501120600069,14578.9453125
114.202916224850014,22.3287501120600069,22074.166015625
114.21124955815003,22.3287501120600069,49320.9765625
114.219582891449988,22.3287501120600069,40128.3515625
114.227916224750004,22.3287501120600069,40183.2109375
114.236249558050019,22.3287501120600069,1416.1220703125
114.244582891350035,22.3287501120600069,2102.79541015625
114.252916224649994,22.3287501120600069,22123.255859375
114.261249557950009,22.3287501120600069,5214.775390625
114.269582891250025,22.3287501120600069,894.99517822265625
114.294582891150014,22.3287501120600069,36.2088394165039062
114.30291622445003,22.3287501120600069,10.0743064880371094
114.319582891050004,22.3287501120600069,30.0643177032470703
114.32791622435002,22.3287501120600069,51.8717689514160156
114.352916224250009,22.3287501120600069,5.37081527709960938
114.361249557550025,22.3287501120600069,36.0536918640136719
114.369582890849983,22.3287501120600069,55.9547920227050781
114.377916224149999,22.3287501120600069,19.4463539123535156
113.911249559349983,22.3204167787600056,34.9171676635742188
113.919582892649998,22.3204167787600056,108.157157897949219
113.927916225950014,22.3204167787600056,411.35546875
113.93624955925003,22.3204167787600056,1644.4417724609375
113.944582892549988,22.3204167787600056,616.58038330078125
113.994582892350024,22.3204167787600056,306.64306640625
114.002916225649983,22.3204167787600056,706.99169921875
114.011249558949999,22.3204167787600056,334.093292236328125
114.019582892250014,22.3204167787600056,398.929412841796875
114.02791622555003,22.3204167787600056,299.384765625
114.036249558849988,22.3204167787600056,425.03472900390625
114.044582892150004,22.3204167787600056,838.9903564453125
114.052916225450019,22.3204167787600056,146.029586791992188
114.11958289185003,22.3204167787600056,599.06787109375
114.127916225149988,22.3204167787600056,3248.752197265625
114.136249558450004,22.3204167787600056,6125.40234375
114.144582891750019,22.3204167787600056,1956.7171630859375
114.152916225050035,22.3204167787600056,8354.2763671875
114.161249558349994,22.3204167787600056,71710.140625
114.169582891650009,22.3204167787600056,70869.453125
114.177916224950025,22.3204167787600056,39952.375
114.186249558249983,22.3204167787600056,69926.015625
114.194582891549999,22.3204167787600056,25271.32421875
114.202916224850014,22.3204167787600056,5557.77099609375
114.21124955815003,22.3204167787600056,16778.109375
114.219582891449988,22.3204167787600056,77029.8671875
114.227916224750004,22.3204167787600056,70786.625
114.236249558050019,22.3204167787600056,36966.15625
114.244582891350035,22.3204167787600056,15309.7236328125
114.252916224649994,22.3204167787600056,43587
114.261249557950009,22.3204167787600056,70061.953125
114.269582891250025,22.3204167787600056,16927.662109375
114.277916224549983,22.3204167787600056,620.98004150390625
114.286249557849999,22.3204167787600056,229.072235107421875
114.294582891150014,22.3204167787600056,10.4567050933837891
114.30291622445003,22.3204167787600056,10.7293920516967773
114.344582890949994,22.3204167787600056,18.6630744934082031
114.352916224250009,22.3204167787600056,56.2722816467285156
114.361249557550025,22.3204167787600056,28.9326114654541016
114.369582890849983,22.3204167787600056,22.5284042358398438
113.886249559449993,22.3120834454600114,6.34756183624267578
113.894582892750009,22.3120834454600114,108.933013916015625
113.902916226050024,22.3120834454600114,172.203933715820312
113.911249559349983,22.3120834454600114,202.218292236328125
113.919582892649998,22.3120834454600114,209.95599365234375
113.927916225950014,22.3120834454600114,285.296905517578125
113.93624955925003,22.3120834454600114,1627.572998046875
113.944582892549988,22.3120834454600114,393.444366455078125
113.977916225749993,22.3120834454600114,27.8883762359619141
113.986249559050009,22.3120834454600114,774.681884765625
113.994582892350024,22.3120834454600114,910.99072265625
114.002916225649983,22.3120834454600114,393.382659912109375
114.011249558949999,22.3120834454600114,1502.316650390625
114.019582892250014,22.3120834454600114,662.82965087890625
114.02791622555003,22.3120834454600114,129.61968994140625
114.036249558849988,22.3120834454600114,213.567031860351562
114.044582892150004,22.3120834454600114,50.0652122497558594
114.144582891750019,22.3120834454600114,76.950347900390625
114.152916225050035,22.3120834454600114,799.22393798828125
114.161249558349994,22.3120834454600114,37169.0234375
114.169582891650009,22.3120834454600114,43356.77734375
114.177916224950025,22.3120834454600114,38418.92578125
114.186249558249983,22.3120834454600114,71460.1015625
114.194582891549999,22.3120834454600114,10071.3271484375
114.202916224850014,22.3120834454600114,1340.845703125
114.21124955815003,22.3120834454600114,3446.82177734375
114.219582891449988,22.3120834454600114,26232.384765625
114.227916224750004,22.3120834454600114,58276.11328125
114.236249558050019,22.3120834454600114,83462.8828125
114.244582891350035,22.3120834454600114,6119.28369140625
114.252916224649994,22.3120834454600114,34604.38671875
114.261249557950009,22.3120834454600114,77880.1484375
114.269582891250025,22.3120834454600114,18980.505859375
114.277916224549983,22.3120834454600114,638.36578369140625
114.286249557849999,22.3120834454600114,317.680633544921875
114.294582891150014,22.3120834454600114,34.2949867248535156
114.30291622445003,22.3120834454600114,15.1114072799682617
114.344582890949994,22.3120834454600114,15.555912971496582
114.352916224250009,22.3120834454600114,6.71371364593505859
114.361249557550025,22.3120834454600114,33.6319923400878906
114.369582890849983,22.3120834454600114,58.9075431823730469
113.886249559449993,22.3037501121600101,1.54525768756866455
113.894582892750009,22.3037501121600101,289.54052734375
113.902916226050024,22.3037501121600101,479.945465087890625
113.911249559349983,22.3037501121600101,198.138336181640625
113.919582892649998,22.3037501121600101,201.016189575195312
113.927916225950014,22.3037501121600101,558.50274658203125
113.93624955925003,22.3037501121600101,1923.323974609375
113.969582892450035,22.3037501121600101,124.549087524414062
113.977916225749993,22.3037501121600101,783.68310546875
113.986249559050009,22.3037501121600101,538.7025146484375
113.994582892350024,22.3037501121600101,182.438796997070312
114.002916225649983,22.3037501121600101,343.281890869140625
114.011249558949999,22.3037501121600101,3241.334228515625
114.019582892250014,22.3037501121600101,568.767333984375
114.152916225050035,22.3037501121600101,1616.8277587890625
114.161249558349994,22.3037501121600101,9353.6103515625
114.169582891650009,22.3037501121600101,29480.826171875
114.177916224950025,22.3037501121600101,14815.724609375
114.186249558249983,22.3037501121600101,54941.4609375
114.194582891549999,22.3037501121600101,8358.73046875
114.21124955815003,22.3037501121600101,596.69000244140625
114.219582891449988,22.3037501121600101,2494.389892578125
114.227916224750004,22.3037501121600101,22725.60546875
114.236249558050019,22.3037501121600101,78187.9140625
114.244582891350035,22.3037501121600101,10405.052734375
114.252916224649994,22.3037501121600101,66072.296875
114.261249557950009,22.3037501121600101,30078.8671875
114.269582891250025,22.3037501121600101,4071.95654296875
114.277916224549983,22.3037501121600101,280.28228759765625
114.286249557849999,22.3037501121600101,384.562408447265625
114.294582891150014,22.3037501121600101,281.8515625
114.30291622445003,22.3037501121600101,57.4856491088867188
114.311249557749989,22.3037501121600101,9.85457611083984375
114.361249557550025,22.3037501121600101,2.06257390975952148
114.369582890849983,22.3037501121600101,5.41440963745117188
113.894582892750009,22.2954167788600088,384.434478759765625
113.902916226050024,22.2954167788600088,419.743804931640625
113.911249559349983,22.2954167788600088,481.285858154296875
113.919582892649998,22.2954167788600088,1064.0789794921875
113.927916225950014,22.2954167788600088,2324.582763671875
113.93624955925003,22.2954167788600088,3205.09375
113.944582892549988,22.2954167788600088,7146.2138671875
113.952916225850004,22.2954167788600088,6262.13232421875
113.961249559150019,22.2954167788600088,235.819061279296875
113.969582892450035,22.2954167788600088,251.090423583984375
113.977916225749993,22.2954167788600088,113.058067321777344
113.986249559050009,22.2954167788600088,56.7600746154785156
113.994582892350024,22.2954167788600088,64.06182861328125
114.002916225649983,22.2954167788600088,387.481231689453125
114.011249558949999,22.2954167788600088,2244.169921875
114.019582892250014,22.2954167788600088,3066.94384765625
114.02791622555003,22.2954167788600088,595.791015625
114.036249558849988,22.2954167788600088,10.8364200592041016
114.044582892150004,22.2954167788600088,70.0257720947265625
114.152916225050035,22.2954167788600088,135.354827880859375
114.161249558349994,22.2954167788600088,162.447006225585938
114.169582891650009,22.2954167788600088,12647.2421875
114.177916224950025,22.2954167788600088,4814.38330078125
114.186249558249983,22.2954167788600088,993.560302734375
114.194582891549999,22.2954167788600088,23852.5546875
114.202916224850014,22.2954167788600088,36281.2734375
114.21124955815003,22.2954167788600088,6810.634765625
114.227916224750004,22.2954167788600088,1348.4840087890625
114.236249558050019,22.2954167788600088,31657.484375
114.244582891350035,22.2954167788600088,18864.85546875
114.252916224649994,22.2954167788600088,2371.71630859375
114.261249557950009,22.2954167788600088,225.469696044921875
114.269582891250025,22.2954167788600088,4711.86328125
114.277916224549983,22.2954167788600088,437.9931640625
114.286249557849999,22.2954167788600088,380.377471923828125
114.294582891150014,22.2954167788600088,426.73858642578125
114.30291622445003,22.2954167788600088,61.0610275268554688
114.311249557749989,22.2954167788600088,16.592010498046875
113.894582892750009,22.2870834455600075,54.2264671325683594
113.902916226050024,22.2870834455600075,93.0745849609375
113.911249559349983,22.2870834455600075,86.069488525390625
113.919582892649998,22.2870834455600075,147.805755615234375
113.927916225950014,22.2870834455600075,107.780899047851562
113.93624955925003,22.2870834455600075,4440.43115234375
113.944582892549988,22.2870834455600075,6589.20361328125
113.952916225850004,22.2870834455600075,1078.329345703125
113.961249559150019,22.2870834455600075,84.8761978149414062
113.969582892450035,22.2870834455600075,40.7818183898925781
113.977916225749993,22.2870834455600075,26.2436237335205078
113.986249559050009,22.2870834455600075,20.0597572326660156
113.994582892350024,22.2870834455600075,73.1779022216796875
114.002916225649983,22.2870834455600075,342.109100341796875
114.011249558949999,22.2870834455600075,713.16595458984375
114.019582892250014,22.2870834455600075,817.64935302734375
114.02791622555003,22.2870834455600075,15.4446268081665039
114.036249558849988,22.2870834455600075,1985.6151123046875
114.044582892150004,22.2870834455600075,828.7939453125
114.052916225450019,22.2870834455600075,8.92549514770507812
114.061249558750035,22.2870834455600075,54.83526611328125
114.077916225350009,22.2870834455600075,69.8357925415039062
114.111249558550014,22.2870834455600075,148.253692626953125
114.11958289185003,22.2870834455600075,517.7093505859375
114.127916225149988,22.2870834455600075,19112.767578125
114.136249558450004,22.2870834455600075,48723.8984375
114.144582891750019,22.2870834455600075,53834.23046875
114.152916225050035,22.2870834455600075,22722.16796875
114.161249558349994,22.2870834455600075,2968.161376953125
114.169582891650009,22.2870834455600075,1301.083740234375
114.177916224950025,22.2870834455600075,4022.5712890625
114.186249558249983,22.2870834455600075,6735.65087890625
114.194582891549999,22.2870834455600075,50748.0859375
114.202916224850014,22.2870834455600075,24105.388671875
114.21124955815003,22.2870834455600075,44795.13671875
114.219582891449988,22.2870834455600075,67766.8515625
114.227916224750004,22.2870834455600075,13590.9384765625
114.236249558050019,22.2870834455600075,2628.4541015625
114.244582891350035,22.2870834455600075,1457.5953369140625
114.269582891250025,22.2870834455600075,3377.783447265625
114.277916224549983,22.2870834455600075,1161.1173095703125
114.286249557849999,22.2870834455600075,400.986114501953125
114.294582891150014,22.2870834455600075,60.3408050537109375
114.30291622445003,22.2870834455600075,14.0700321197509766
113.886249559449993,22.2787501122600062,6.2382659912109375
113.894582892750009,22.2787501122600062,24.3055667877197266
113.902916226050024,22.2787501122600062,32.2266960144042969
113.911249559349983,22.2787501122600062,31.65484619140625
113.919582892649998,22.2787501122600062,53.4306640625
113.927916225950014,22.2787501122600062,234.200027465820312
113.93624955925003,22.2787501122600062,39021.15234375
113.944582892549988,22.2787501122600062,506.633270263671875
113.952916225850004,22.2787501122600062,75.4773178100585938
113.961249559150019,22.2787501122600062,31.8101596832275391
113.969582892450035,22.2787501122600062,22.5832347869873047
113.977916225749993,22.2787501122600062,19.9884300231933594
113.986249559050009,22.2787501122600062,32.1674156188964844
113.994582892350024,22.2787501122600062,35.7176628112792969
114.002916225649983,22.2787501122600062,34.2279815673828125
114.011249558949999,22.2787501122600062,24.3147964477539062
114.019582892250014,22.2787501122600062,89.1645355224609375
114.036249558849988,22.2787501122600062,279.761138916015625
114.044582892150004,22.2787501122600062,388.968780517578125
114.077916225350009,22.2787501122600062,30.3480644226074219
114.111249558550014,22.2787501122600062,7.21804237365722656
114.11958289185003,22.2787501122600062,5280.62744140625
114.127916225149988,22.2787501122600062,25048.400390625
114.136249558450004,22.2787501122600062,7674.68310546875
114.144582891750019,22.2787501122600062,11485.626953125
114.152916225050035,22.2787501122600062,28468.25390625
114.161249558349994,22.2787501122600062,10402.103515625
114.169582891650009,22.2787501122600062,22196.3359375
114.177916224950025,22.2787501122600062,34827.70703125
114.186249558249983,22.2787501122600062,32692.060546875
114.194582891549999,22.2787501122600062,16845.603515625
114.202916224850014,22.2787501122600062,1247.4354248046875
114.21124955815003,22.2787501122600062,8683.0703125
114.219582891449988,22.2787501122600062,37695.99609375
114.227916224750004,22.2787501122600062,60498.40625
114.236249558050019,22.2787501122600062,19042.884765625
114.244582891350035,22.2787501122600062,4771.53955078125
114.261249557950009,22.2787501122600062,14.301788330078125
114.269582891250025,22.2787501122600062,2845.538330078125
114.277916224549983,22.2787501122600062,728.0059814453125
114.286249557849999,22.2787501122600062,326.047515869140625
114.294582891150014,22.2787501122600062,109.823295593261719
114.30291622445003,22.2787501122600062,23.2350406646728516
114.311249557749989,22.2787501122600062,10.1745080947875977
114.319582891050004,22.2787501122600062,1.44672977924346924
113.869582892850019,22.270416778960012,4.95754718780517578
113.877916226150035,22.270416778960012,10.1700563430786133
113.886249559449993,22.270416778960012,16.2663078308105469
113.894582892750009,22.270416778960012,16.8802623748779297
113.902916226050024,22.270416778960012,16.8151798248291016
113.911249559349983,22.270416778960012,19.9368515014648438
113.919582892649998,22.270416778960012,40.6749801635742188
113.927916225950014,22.270416778960012,181.7825927734375
113.93624955925003,22.270416778960012,394.655517578125
113.944582892549988,22.270416778960012,72.7599105834960938
113.952916225850004,22.270416778960012,31.7242622375488281
113.961249559150019,22.270416778960012,25.4230690002441406
113.969582892450035,22.270416778960012,23.7080078125
113.977916225749993,22.270416778960012,28.3669967651367188
113.986249559050009,22.270416778960012,66.81402587890625
113.994582892350024,22.270416778960012,259.723541259765625
114.002916225649983,22.270416778960012,110.000938415527344
114.011249558949999,22.270416778960012,33.0616722106933594
114.019582892250014,22.270416778960012,58.0433921813964844
114.11958289185003,22.270416778960012,2866.041259765625
114.127916225149988,22.270416778960012,8209.45703125
114.136249558450004,22.270416778960012,1374.556884765625
114.144582891750019,22.270416778960012,998.2943115234375
114.152916225050035,22.270416778960012,3665.370361328125
114.161249558349994,22.270416778960012,3888.68798828125
114.169582891650009,22.270416778960012,4115.33056640625
114.177916224950025,22.270416778960012,5767.919921875
114.186249558249983,22.270416778960012,19060.23828125
114.194582891549999,22.270416778960012,9793.505859375
114.202916224850014,22.270416778960012,1095.9320068359375
114.21124955815003,22.270416778960012,843.99365234375
114.219582891449988,22.270416778960012,1661.985595703125
114.227916224750004,22.270416778960012,7426.54833984375
114.236249558050019,22.270416778960012,18347.369140625
114.244582891350035,22.270416778960012,12605.8837890625
114.252916224649994,22.270416778960012,4230.37646484375
114.261249557950009,22.270416778960012,1.6288682222366333
114.269582891250025,22.270416778960012,184.696884155273438
114.277916224549983,22.270416778960012,231.863006591796875
114.286249557849999,22.270416778960012,120.180068969726562
114.294582891150014,22.270416778960012,168.528610229492188
114.30291622445003,22.270416778960012,156.406661987304688
114.311249557749989,22.270416778960012,4.79892301559448242
114.319582891050004,22.270416778960012,1.04972338676452637
114.344582890949994,22.270416778960012,11.4742431640625
114.352916224250009,22.270416778960012,14.6292848587036133
114.369582890849983,22.270416778960012,0.360315173864364624
113.852916226249988,22.2620834456600107,5.64675521850585938
113.861249559550004,22.2620834456600107,32.3960494995117188
113.869582892850019,22.2620834456600107,40.1282310485839844
113.877916226150035,22.2620834456600107,26.3352470397949219
113.886249559449993,22.2620834456600107,20.0922470092773438
113.894582892750009,22.2620834456600107,28.2857894897460938
113.902916226050024,22.2620834456600107,43.6045188903808594
113.911249559349983,22.2620834456600107,31.5551052093505859
113.919582892649998,22.2620834456600107,28.8232364654541016
113.927916225950014,22.2620834456600107,58.0635643005371094
113.93624955925003,22.2620834456600107,145.663467407226562
113.944582892549988,22.2620834456600107,53.7200698852539062
113.952916225850004,22.2620834456600107,34.3790054321289062
113.961249559150019,22.2620834456600107,36.8992881774902344
113.969582892450035,22.2620834456600107,32.9339027404785156
113.977916225749993,22.2620834456600107,31.7689418792724609
113.986249559050009,22.2620834456600107,63.0523223876953125
113.994582892350024,22.2620834456600107,553.922607421875
114.002916225649983,22.2620834456600107,582.1717529296875
114.011249558949999,22.2620834456600107,11.0303411483764648
114.019582892250014,22.2620834456600107,3.88593721389770508
114.02791622555003,22.2620834456600107,62.5513572692871094
114.036249558849988,22.2620834456600107,72.1038894653320312
114.044582892150004,22.2620834456600107,86.7033920288085938
114.052916225450019,22.2620834456600107,196.434890747070312
114.127916225149988,22.2620834456600107,4768.5888671875
114.136249558450004,22.2620834456600107,8418.951171875
114.144582891750019,22.2620834456600107,1579.8026123046875
114.152916225050035,22.2620834456600107,1772.0655517578125
114.161249558349994,22.2620834456600107,987.6912841796875
114.169582891650009,22.2620834456600107,588.99578857421875
114.177916224950025,22.2620834456600107,1224.49462890625
114.186249558249983,22.2620834456600107,4631.55029296875
114.194582891549999,22.2620834456600107,3433.89501953125
114.202916224850014,22.2620834456600107,931.09136962890625
114.21124955815003,22.2620834456600107,469.576385498046875
114.219582891449988,22.2620834456600107,1719.643798828125
114.227916224750004,22.2620834456600107,8670.6611328125
114.236249558050019,22.2620834456600107,30305.005859375
114.244582891350035,22.2620834456600107,35719.9609375
114.252916224649994,22.2620834456600107,38365.46875
114.261249557950009,22.2620834456600107,130.084243774414062
114.269582891250025,22.2620834456600107,36.3480262756347656
114.277916224549983,22.2620834456600107,92.0244216918945312
114.294582891150014,22.2620834456600107,46.5471115112304688
114.30291622445003,22.2620834456600107,46.7843399047851562
114.344582890949994,22.2620834456600107,16.5148811340332031
114.352916224250009,22.2620834456600107,12.1746425628662109
114.369582890849983,22.2620834456600107,3.60472893714904785
113.852916226249988,22.2537501123600094,26.0378971099853516
113.861249559550004,22.2537501123600094,290.510040283203125
113.869582892850019,22.2537501123600094,229.987457275390625
113.877916226150035,22.2537501123600094,36.207000732421875
113.886249559449993,22.2537501123600094,52.2358016967773438
113.894582892750009,22.2537501123600094,144.019500732421875
113.902916226050024,22.2537501123600094,138.727951049804688
113.911249559349983,22.2537501123600094,36.383544921875
113.919582892649998,22.2537501123600094,21.373077392578125
113.927916225950014,22.2537501123600094,23.0286750793457031
113.93624955925003,22.2537501123600094,56.3986892700195312
113.944582892549988,22.2537501123600094,69.720550537109375
113.952916225850004,22.2537501123600094,50.7755661010742188
113.961249559150019,22.2537501123600094,53.9205970764160156
113.969582892450035,22.2537501123600094,62.0523719787597656
113.977916225749993,22.2537501123600094,46.5357551574707031
113.986249559050009,22.2537501123600094,102.388282775878906
113.994582892350024,22.2537501123600094,68.024139404296875
114.002916225649983,22.2537501123600094,59.3643035888671875
114.011249558949999,22.2537501123600094,18.3474254608154297
114.02791622555003,22.2537501123600094,223.170028686523438
114.036249558849988,22.2537501123600094,602.008056640625
114.044582892150004,22.2537501123600094,400.531402587890625
114.052916225450019,22.2537501123600094,25.1480655670166016
114.127916225149988,22.2537501123600094,876.41644287109375
114.136249558450004,22.2537501123600094,41279.67578125
114.144582891750019,22.2537501123600094,13247.7666015625
114.152916225050035,22.2537501123600094,12615.126953125
114.161249558349994,22.2537501123600094,11714.376953125
114.169582891650009,22.2537501123600094,2406.884521484375
114.177916224950025,22.2537501123600094,3486.19775390625
114.186249558249983,22.2537501123600094,1151.3203125
114.194582891549999,22.2537501123600094,1082.9837646484375
114.202916224850014,22.2537501123600094,202.133041381835938
114.21124955815003,22.2537501123600094,80.3337631225585938
114.219582891449988,22.2537501123600094,521.954833984375
114.227916224750004,22.2537501123600094,2718.88916015625
114.236249558050019,22.2537501123600094,1875.08203125
114.244582891350035,22.2537501123600094,1306.3172607421875
114.252916224649994,22.2537501123600094,3336.350341796875
114.277916224549983,22.2537501123600094,3.11179089546203613
114.286249557849999,22.2537501123600094,46.3077354431152344
114.294582891150014,22.2537501123600094,81.0594329833984375
114.30291622445003,22.2537501123600094,0.893042504787445068
114.344582890949994,22.2537501123600094,8.50113487243652344
114.352916224250009,22.2537501123600094,11.6116828918457031
113.852916226249988,22.2454167790600081,9.74680423736572266
113.861249559550004,22.2454167790600081,40.5230712890625
113.869582892850019,22.2454167790600081,86.2616653442382812
113.877916226150035,22.2454167790600081,67.5281753540039062
113.886249559449993,22.2454167790600081,154.562881469726562
113.894582892750009,22.2454167790600081,236.061538696289062
113.902916226050024,22.2454167790600081,46.5250625610351562
113.911249559349983,22.2454167790600081,22.21441650390625
113.919582892649998,22.2454167790600081,18.3741874694824219
113.927916225950014,22.2454167790600081,18.9873714447021484
113.93624955925003,22.2454167790600081,25.6570072174072266
113.944582892549988,22.2454167790600081,96.1875839233398438
113.952916225850004,22.2454167790600081,83.6645126342773438
113.961249559150019,22.2454167790600081,75.6037750244140625
113.969582892450035,22.2454167790600081,143.951446533203125
113.977916225749993,22.2454167790600081,367.15643310546875
113.986249559050009,22.2454167790600081,73.1722946166992188
113.994582892350024,22.2454167790600081,19.6880531311035156
114.002916225649983,22.2454167790600081,6.27360916137695312
114.036249558849988,22.2454167790600081,76.8662567138671875
114.044582892150004,22.2454167790600081,244.332550048828125
114.136249558450004,22.2454167790600081,4103.1005859375
114.144582891750019,22.2454167790600081,25616.01953125
114.152916225050035,22.2454167790600081,58690.6328125
114.161249558349994,22.2454167790600081,23350.7734375
114.169582891650009,22.2454167790600081,6044.41552734375
114.177916224950025,22.2454167790600081,4121.47265625
114.186249558249983,22.2454167790600081,1024.9910888671875
114.194582891549999,22.2454167790600081,503.950408935546875
114.202916224850014,22.2454167790600081,161.216400146484375
114.21124955815003,22.2454167790600081,89.4903182983398438
114.219582891449988,22.2454167790600081,353.586639404296875
114.227916224750004,22.2454167790600081,339.99151611328125
114.236249558050019,22.2454167790600081,328.708770751953125
114.244582891350035,22.2454167790600081,382.88873291015625
114.252916224649994,22.2454167790600081,342.741455078125
114.277916224549983,22.2454167790600081,9.09797954559326172
114.286249557849999,22.2454167790600081,54.3825263977050781
114.294582891150014,22.2454167790600081,86.3847122192382812
114.30291622445003,22.2454167790600081,2.70559477806091309
113.844582892950029,22.2370834457600068,5.2663264274597168
113.852916226249988,22.2370834457600068,12.4137105941772461
113.861249559550004,22.2370834457600068,17.4480094909667969
113.869582892850019,22.2370834457600068,20.0663623809814453
113.877916226150035,22.2370834457600068,36.8199081420898438
113.886249559449993,22.2370834457600068,68.118560791015625
113.894582892750009,22.2370834457600068,155.2886962890625
113.902916226050024,22.2370834457600068,19.2106647491455078
113.911249559349983,22.2370834457600068,19.8832569122314453
113.919582892649998,22.2370834457600068,23.1711940765380859
113.927916225950014,22.2370834457600068,28.2632713317871094
113.93624955925003,22.2370834457600068,36.6788101196289062
113.944582892549988,22.2370834457600068,112.295097351074219
113.952916225850004,22.2370834457600068,217.11309814453125
113.961249559150019,22.2370834457600068,340.96221923828125
113.969582892450035,22.2370834457600068,158.989898681640625
113.977916225749993,22.2370834457600068,101.553489685058594
113.986249559050009,22.2370834457600068,48.3555183410644531
113.994582892350024,22.2370834457600068,22.1918468475341797
114.002916225649983,22.2370834457600068,8.13231182098388672
114.011249558949999,22.2370834457600068,2.52355551719665527
114.044582892150004,22.2370834457600068,7.47904205322265625
114.102916225249999,22.2370834457600068,13.1118249893188477
114.111249558550014,22.2370834457600068,177.838760375976562
114.11958289185003,22.2370834457600068,211.490570068359375
114.144582891750019,22.2370834457600068,1074.947265625
114.152916225050035,22.2370834457600068,12338.955078125
114.161249558349994,22.2370834457600068,6201.32470703125
114.169582891650009,22.2370834457600068,519.89398193359375
114.177916224950025,22.2370834457600068,123.780532836914062
114.186249558249983,22.2370834457600068,1381.5638427734375
114.194582891549999,22.2370834457600068,1852.8060302734375
114.202916224850014,22.2370834457600068,693.88519287109375
114.21124955815003,22.2370834457600068,168.345169067382812
114.219582891449988,22.2370834457600068,1027.8883056640625
114.227916224750004,22.2370834457600068,1381.369384765625
114.236249558050019,22.2370834457600068,282.972808837890625
114.244582891350035,22.2370834457600068,361.875762939453125
114.252916224649994,22.2370834457600068,436.352996826171875
114.286249557849999,22.2370834457600068,9.67419624328613281
114.294582891150014,22.2370834457600068,2.86860442161560059
113.836249559650014,22.2287501124600055,2.0968017578125
113.844582892950029,22.2287501124600055,16.8912010192871094
113.852916226249988,22.2287501124600055,17.5128059387207031
113.861249559550004,22.2287501124600055,20.6011276245117188
113.869582892850019,22.2287501124600055,27.2668380737304688
113.877916226150035,22.2287501124600055,34.2044143676757812
113.886249559449993,22.2287501124600055,165.680511474609375
113.894582892750009,22.2287501124600055,362.269989013671875
113.902916226050024,22.2287501124600055,60.0878753662109375
113.911249559349983,22.2287501124600055,47.5650062561035156
113.919582892649998,22.2287501124600055,80.0361557006835938
113.927916225950014,22.2287501124600055,314.428497314453125
113.93624955925003,22.2287501124600055,157.665908813476562
113.944582892549988,22.2287501124600055,33.1372795104980469
113.952916225850004,22.2287501124600055,3.46825742721557617
113.961249559150019,22.2287501124600055,27.7635746002197266
113.977916225749993,22.2287501124600055,15.9391345977783203
113.986249559050009,22.2287501124600055,22.6024589538574219
113.994582892350024,22.2287501124600055,14.7722082138061523
114.002916225649983,22.2287501124600055,15.0579090118408203
114.011249558949999,22.2287501124600055,18.6534957885742188
114.019582892250014,22.2287501124600055,8.40263938903808594
114.102916225249999,22.2287501124600055,7.20162105560302734
114.111249558550014,22.2287501124600055,620.15863037109375
114.11958289185003,22.2287501124600055,297.890167236328125
114.127916225149988,22.2287501124600055,24.4739418029785156
114.136249558450004,22.2287501124600055,23.8697013854980469
114.161249558349994,22.2287501124600055,328.359527587890625
114.169582891650009,22.2287501124600055,62.7404823303222656
114.177916224950025,22.2287501124600055,4.19739675521850586
114.186249558249983,22.2287501124600055,33.9855728149414062
114.194582891549999,22.2287501124600055,199.783050537109375
114.202916224850014,22.2287501124600055,841.84130859375
114.21124955815003,22.2287501124600055,872.09991455078125
114.219582891449988,22.2287501124600055,760.469482421875
114.227916224750004,22.2287501124600055,532.25970458984375
114.236249558050019,22.2287501124600055,368.960662841796875
114.244582891350035,22.2287501124600055,882.1357421875
114.252916224649994,22.2287501124600055,1072.8902587890625
114.261249557950009,22.2287501124600055,47.8481025695800781
113.836249559650014,22.2204167791600113,4.75785160064697266
113.844582892950029,22.2204167791600113,17.0077953338623047
113.852916226249988,22.2204167791600113,16.19073486328125
113.861249559550004,22.2204167791600113,20.4315338134765625
113.869582892850019,22.2204167791600113,33.4819183349609375
113.877916226150035,22.2204167791600113,36.7850265502929688
113.886249559449993,22.2204167791600113,65.6465682983398438
113.894582892750009,22.2204167791600113,155.825164794921875
113.902916226050024,22.2204167791600113,88.6194000244140625
113.911249559349983,22.2204167791600113,127.48052978515625
113.919582892649998,22.2204167791600113,91.4638824462890625
113.927916225950014,22.2204167791600113,58.918914794921875
113.977916225749993,22.2204167791600113,2.12994980812072754
113.986249559050009,22.2204167791600113,16.6459236145019531
113.994582892350024,22.2204167791600113,15.4837627410888672
114.002916225649983,22.2204167791600113,15.3031435012817383
114.011249558949999,22.2204167791600113,7.13166522979736328
114.02791622555003,22.2204167791600113,1769.965087890625
114.036249558849988,22.2204167791600113,952.7769775390625
114.102916225249999,22.2204167791600113,702.98150634765625
114.111249558550014,22.2204167791600113,1308.990966796875
114.11958289185003,22.2204167791600113,373.2451171875
114.127916225149988,22.2204167791600113,140.451492309570312
114.136249558450004,22.2204167791600113,83.88433837890625
114.186249558249983,22.2204167791600113,5.98840618133544922
114.194582891549999,22.2204167791600113,64.9871139526367188
114.202916224850014,22.2204167791600113,2882.651611328125
114.21124955815003,22.2204167791600113,4353.14892578125
114.219582891449988,22.2204167791600113,361.296295166015625
114.236249558050019,22.2204167791600113,468.816925048828125
114.244582891350035,22.2204167791600113,1029.143798828125
114.252916224649994,22.2204167791600113,150.61566162109375
114.261249557950009,22.2204167791600113,2.62019729614257812
113.836249559650014,22.21208344586001,2.53626060485839844
113.844582892950029,22.21208344586001,14.0233221054077148
113.852916226249988,22.21208344586001,15.4943933486938477
113.861249559550004,22.21208344586001,18.2551517486572266
113.869582892850019,22.21208344586001,21.7190380096435547
113.877916226150035,22.21208344586001,16.9343833923339844
113.894582892750009,22.21208344586001,1.41049838066101074
113.902916226050024,22.21208344586001,18.9672050476074219
113.911249559349983,22.21208344586001,21.5093135833740234
113.919582892649998,22.21208344586001,20.5060062408447266
113.927916225950014,22.21208344586001,21.9543952941894531
113.93624955925003,22.21208344586001,0.770526409149169922
113.977916225749993,22.21208344586001,0.435159742832183838
113.986249559050009,22.21208344586001,7.89756393432617188
113.994582892350024,22.21208344586001,2.18227434158325195
114.002916225649983,22.21208344586001,2.3188016414642334
114.019582892250014,22.21208344586001,558.9671630859375
114.02791622555003,22.21208344586001,6660.72412109375
114.036249558849988,22.21208344586001,392.9342041015625
114.102916225249999,22.21208344586001,94.084442138671875
114.111249558550014,22.21208344586001,99.136138916015625
114.11958289185003,22.21208344586001,127.956085205078125
114.127916225149988,22.21208344586001,146.537887573242188
114.136249558450004,22.21208344586001,55.3498077392578125
114.144582891750019,22.21208344586001,41.1464500427246094
114.152916225050035,22.21208344586001,68.55828857421875
114.161249558349994,22.21208344586001,17.3128204345703125
114.186249558249983,22.21208344586001,13.1513500213623047
114.194582891549999,22.21208344586001,45.5870552062988281
114.202916224850014,22.21208344586001,512.33050537109375
114.21124955815003,22.21208344586001,516.5281982421875
114.219582891449988,22.21208344586001,1338.3616943359375
114.244582891350035,22.21208344586001,142.850357055664062
114.252916224649994,22.21208344586001,101.690261840820312
114.261249557950009,22.21208344586001,27.9251480102539062
113.844582892950029,22.2037501125600087,11.4606599807739258
113.852916226249988,22.2037501125600087,23.4014053344726562
113.861249559550004,22.2037501125600087,11.9077825546264648
113.869582892850019,22.2037501125600087,7.97032880783081055
113.911249559349983,22.2037501125600087,3.62752771377563477
113.919582892649998,22.2037501125600087,1.50736188888549805
113.927916225950014,22.2037501125600087,0.257663160562515259
113.986249559050009,22.2037501125600087,5.31442737579345703
113.994582892350024,22.2037501125600087,0.849581658840179443
114.019582892250014,22.2037501125600087,1917.7867431640625
114.02791622555003,22.2037501125600087,6599.0390625
114.036249558849988,22.2037501125600087,3797.6279296875
114.11958289185003,22.2037501125600087,93.8776779174804688
114.127916225149988,22.2037501125600087,170.0406494140625
114.136249558450004,22.2037501125600087,130.050949096679688
114.144582891750019,22.2037501125600087,122.005775451660156
114.152916225050035,22.2037501125600087,72.2851791381835938
114.161249558349994,22.2037501125600087,23.3288288116455078
114.21124955815003,22.2037501125600087,204.525863647460938
114.219582891449988,22.2037501125600087,246.945159912109375
114.244582891350035,22.2037501125600087,15.4179868698120117
114.252916224649994,22.2037501125600087,23.1429939270019531
114.261249557950009,22.2037501125600087,24.1012115478515625
113.844582892950029,22.1954167792600074,13.8971481323242188
113.852916226249988,22.1954167792600074,13.6787385940551758
113.986249559050009,22.1954167792600074,17.0336380004882812
113.994582892350024,22.1954167792600074,7.77477788925170898
114.019582892250014,22.1954167792600074,849.775634765625
114.02791622555003,22.1954167792600074,510.99505615234375
114.11958289185003,22.1954167792600074,69.6232070922851562
114.127916225149988,22.1954167792600074,131.291229248046875
114.136249558450004,22.1954167792600074,126.4874267578125
114.144582891750019,22.1954167792600074,53.4512367248535156
114.21124955815003,22.1954167792600074,34.0622215270996094
114.219582891449988,22.1954167792600074,59.5090675354003906
114.227916224750004,22.1954167792600074,6.69328784942626953
113.902916226050024,22.1870834459600061,2.68927836418151855
113.911249559349983,22.1870834459600061,7.69836139678955078
113.919582892649998,22.1870834459600061,0.457778245210647583
113.986249559050009,22.1870834459600061,3.9570004940032959
113.994582892350024,22.1870834459600061,3.28360867500305176
114.111249558550014,22.1870834459600061,24.3992424011230469
114.11958289185003,22.1870834459600061,127.637260437011719
114.127916225149988,22.1870834459600061,124.987747192382812
114.136249558450004,22.1870834459600061,104.951507568359375
114.144582891750019,22.1870834459600061,121.216827392578125
114.244582891350035,22.1870834459600061,20.7498588562011719
114.252916224649994,22.1870834459600061,36.625579833984375
114.286249557849999,22.1870834459600061,79.3813400268554688
114.294582891150014,22.1870834459600061,5.46352005004882812
114.30291622445003,22.1870834459600061,11.7903146743774414
113.902916226050024,22.178750112660012,4.63396739959716797
113.911249559349983,22.178750112660012,11.0813808441162109
113.919582892649998,22.178750112660012,10.4819488525390625
113.927916225950014,22.178750112660012,2.44104576110839844
114.111249558550014,22.178750112660012,4.76931953430175781
114.11958289185003,22.178750112660012,64.8914642333984375
114.127916225149988,22.178750112660012,73.9905776977539062
114.136249558450004,22.178750112660012,59.5417976379394531
114.144582891750019,22.178750112660012,9.10579586029052734
114.152916225050035,22.178750112660012,5.37024974822998047
114.244582891350035,22.178750112660012,13.1242561340332031
114.252916224649994,22.178750112660012,18.5654163360595703
114.261249557950009,22.178750112660012,19.0528621673583984
114.269582891250025,22.178750112660012,21.7935657501220703
114.286249557849999,22.178750112660012,22.5412406921386719
114.30291622445003,22.178750112660012,5.23284482955932617
113.894582892750009,22.1704167793600107,0.901828289031982422
113.902916226050024,22.1704167793600107,5.94647359848022461
113.911249559349983,22.1704167793600107,9.74380397796630859
113.919582892649998,22.1704167793600107,1.83818602561950684
114.252916224649994,22.1704167793600107,28.9930458068847656
114.261249557950009,22.1704167793600107,38.5799369812011719
114.269582891250025,22.1704167793600107,42.0514450073242188
114.277916224549983,22.1704167793600107,0.474318146705627441
113.902916226050024,22.1620834460600094,15.2369565963745117
113.911249559349983,22.1620834460600094,19.9793052673339844
113.919582892649998,22.1620834460600094,0.980808496475219727
114.252916224649994,22.1620834460600094,31.3760910034179688
114.261249557950009,22.1620834460600094,36.7299118041992188
114.269582891250025,22.1620834460600094,24.489959716796875
114.277916224549983,22.1620834460600094,3.75090169906616211
113.902916226050024,22.1537501127600081,3.8379216194152832
113.919582892649998,22.1537501127600081,3.18267941474914551
113.927916225950014,22.1537501127600081,1.35936093330383301
114.252916224649994,22.1537501127600081,4.15781116485595703
114.261249557950009,22.1537501127600081,5.54827213287353516
