date,tmax,tmin,tmean,source,cell_id
2013-01-01,15.00,10.10,12.50,OPEN_METEO_ERA5_LAND,p_22.1_113.7
2013-01-02,19.10,13.10,15.60,OPEN_METEO_ERA5_LAND,p_22.1_113.7
2013-01-03,16.50,11.40,14.80,OPEN_METEO_ERA5_LAND,p_22.1_113.7
2013-01-04,11.50,9.20,10.30,OPEN_METEO_ERA5_LAND,p_22.1_113.7
2013-01-05,13.80,8.90,10.90,OPEN_METEO_ERA5_LAND,p_22.1_113.7
2013-01-06,13.90,10.00,11.50,OPEN_METEO_ERA5_LAND,p_22.1_113.7
2013-01-07,16.20,9.80,12.70,OPEN_METEO_ERA5_LAND,p_22.1_113.7
2013-01-08,17.30,13.70,15.00,OPEN_METEO_ERA5_LAND,p_22.1_113.7
2013-01-09,15.10,12.30,13.40,OPEN_METEO_ERA5_LAND,p_22.1_113.7
2013-01-10,15.00,11.10,13.00,OPEN_METEO_ERA5_LAND,p_22.1_113.7
2013-01-11,17.70,13.20,15.10,OPEN_METEO_ERA5_LAND,p_22.1_113.7
2013-01-12,17.60,11.70,14.60,OPEN_METEO_ERA5_LAND,p_22.1_113.7
2013-01-13,19.00,12.80,15.50,OPEN_METEO_ERA5_LAND,p_22.1_113.7
2013-01-14,18.20,11.30,14.40,OPEN_METEO_ERA5_LAND,p_22.1_113.7
2013-01-15,18.30,13.30,15.60,OPEN_METEO_ERA5_LAND,p_22.1_113.7
2013-01-16,20.50,13.20,16.70,OPEN_METEO_ERA5_LAND,p_22.1_113.7
2013-01-17,19.40,13.80,16.20,OPEN_METEO_ERA5_LAND,p_22.1_113.7
2013-01-18,16.20,12.50,13.90,OPEN_METEO_ERA5_LAND,p_22.1_113.7
2013-01-19,17.40,13.00,15.10,OPEN_METEO_ERA5_LAND,p_22.1_113.7
2013-01-20,19.60,15.50,17.50,OPEN_METEO_ERA5_LAND,p_22.1_113.7
2013-01-21,21.70,17.00,18.90,OPEN_METEO_ERA5_LAND,p_22.1_113.7
2013-01-22,22.80,17.20,19.60,OPEN_METEO_ERA5_LAND,p_22.1_113.7
2013-01-23,19.80,16.80,17.90,OPEN_METEO_ERA5_LAND,p_22.1_113.7
2013-01-24,20.70,16.00,18.20,OPEN_METEO_ERA5_LAND,p_22.1_113.7
2013-01-25,19.10,15.10,17.10,OPEN_METEO_ERA5_LAND,p_22.1_113.7
2013-01-26,18.30,15.80,17.10,OPEN_METEO_ERA5_LAND,p_22.1_113.7
2013-01-27,18.60,15.10,16.40,OPEN_METEO_ERA5_LAND,p_22.1_113.7
2013-01-28,18.60,14.50,16.40,OPEN_METEO_ERA5_LAND,p_22.1_113.7
2013-01-29,20.70,16.00,17.70,OPEN_METEO_ERA5_LAND,p_22.1_113.7
2013-01-30,20.80,15.90,18.00,OPEN_METEO_ERA5_LAND,p_22.1_113.7
2013-01-31,21.00,16.90,18.50,OPEN_METEO_ERA5_LAND,p_22.1_113.7
2013-02-01,23.00,17.00,19.50,OPEN_METEO_ERA5_LAND,p_22.1_113.7
2013-02-02,23.50,17.10,20.00,OPEN_METEO_ERA5_LAND,p_22.1_113.7
2013-02-03,20.90,18.50,19.60,OPEN_METEO_ERA5_LAND,p_22.1_113.7
2013-02-04,22.30,19.00,20.30,OPEN_METEO_ERA5_LAND,p_22.1_113.7
2013-02-05,23.10,19.70,21.00,OPEN_METEO_ERA5_LAND,p_22.1_113.7
2013-02-06,23.60,19.90,21.20,OPEN_METEO_ERA5_LAND,p_22.1_113.7
2013-02-07,22.60,19.50,20.70,OPEN_METEO_ERA5_LAND,p_22.1_113.7
2013-02-08,20.10,12.80,16.50,OPEN_METEO_ERA5_LAND,p_22.1_113.7
2013-02-09,13.60,10.40,12.00,OPEN_METEO_ERA5_LAND,p_22.1_113.7
2013-02-10,16.50,11.80,14.00,OPEN_METEO_ERA5_LAND,p_22.1_113.7
2013-02-11,19.70,15.20,17.10,OPEN_METEO_ERA5_LAND,p_22.1_113.7
2013-02-12,21.10,15.50,18.00,OPEN_METEO_ERA5_LAND,p_22.1_113.7
2013-02-13,19.60,13.40,16.00,OPEN_METEO_ERA5_LAND,p_22.1_113.7
2013-02-14,21.00,17.10,18.70,OPEN_METEO_ERA5_LAND,p_22.1_113.7
2013-02-15,22.60,16.60,19.40,OPEN_METEO_ERA5_LAND,p_22.1_113.7
2013-02-16,17.90,15.20,16.70,OPEN_METEO_ERA5_LAND,p_22.1_113.7
2013-02-17,20.80,17.00,18.30,OPEN_METEO_ERA5_LAND,p_22.1_113.7
2013-02-18,22.50,18.10,20.00,OPEN_METEO_ERA5_LAND,p_22.1_113.7
2013-02-19,22.90,16.50,19.20,OPEN_METEO_ERA5_LAND,p_22.1_113.7
2013-02-20,17.90,14.60,16.10,OPEN_METEO_ERA5_LAND,p_22.1_113.7
2013-02-21,19.20,15.10,16.80,OPEN_METEO_ERA5_LAND,p_22.1_113.7
2013-02-22,20.70,15.30,17.60,OPEN_METEO_ERA5_LAND,p_22.1_113.7
2013-02-23,19.70,14.70,17.00,OPEN_METEO_ERA5_LAND,p_22.1_113.7
2013-02-24,20.20,15.90,18.00,OPEN_METEO_ERA5_LAND,p_22.1_113.7
2013-02-25,22.10,18.30,20.10,OPEN_METEO_ERA5_LAND,p_22.1_113.7
2013-02-26,22.50,19.50,20.70,OPEN_METEO_ERA5_LAND,p_22.1_113.7
2013-02-27,24.90,19.70,21.70,OPEN_METEO_ERA5_LAND,p_22.1_113.7
2013-02-28,21.60,19.70,20.50,OPEN_METEO_ERA5_LAND,p_22.1_113.7
2013-03-01,22.10,20.60,21.30,OPEN_METEO_ERA5_LAND,p_22.1_113.7
2013-03-02,22.10,14.20,17.80,OPEN_METEO_ERA5_LAND,p_22.1_113.7
2013-03-03,14.00,12.20,13.10,OPEN_METEO_ERA5_LAND,p_22.1_113.7
2013-03-04,19.60,12.30,15.50,OPEN_METEO_ERA5_LAND,p_22.1_113.7
2013-03-05,22.00,15.10,17.80,OPEN_METEO_ERA5_LAND,p_22.1_113.7
2013-03-06,21.80,15.00,18.00,OPEN_METEO_ERA5_LAND,p_22.1_113.7
2013-03-07,23.10,14.70,18.40,OPEN_METEO_ERA5_LAND,p_22.1_113.7
2013-03-08,23.90,15.50,19.30,OPEN_METEO_ERA5_LAND,p_22.1_113.7
2013-03-09,23.10,16.50,19.70,OPEN_METEO_ERA5_LAND,p_22.1_113.7
2013-03-10,23.70,17.60,20.30,OPEN_METEO_ERA5_LAND,p_22.1_113.7
2013-03-11,23.30,17.60,20.30,OPEN_METEO_ERA5_LAND,p_22.1_113.7
2013-03-12,22.70,19.30,20.80,OPEN_METEO_ERA5_LAND,p_22.1_113.7
2013-03-13,25.30,20.20,21.90,OPEN_METEO_ERA5_LAND,p_22.1_113.7
2013-03-14,21.50,18.10,19.90,OPEN_METEO_ERA5_LAND,p_22.1_113.7
2013-03-15,20.70,17.70,19.10,OPEN_METEO_ERA5_LAND,p_22.1_113.7
2013-03-16,22.50,18.90,20.20,OPEN_METEO_ERA5_LAND,p_22.1_113.7
2013-03-17,23.00,19.50,21.10,OPEN_METEO_ERA5_LAND,p_22.1_113.7
2013-03-18,24.00,20.90,22.30,OPEN_METEO_ERA5_LAND,p_22.1_113.7
2013-03-19,24.30,22.00,23.00,OPEN_METEO_ERA5_LAND,p_22.1_113.7
2013-03-20,24.70,21.40,23.10,OPEN_METEO_ERA5_LAND,p_22.1_113.7
2013-03-21,23.80,20.70,21.70,OPEN_METEO_ERA5_LAND,p_22.1_113.7
2013-03-22,24.00,20.80,22.00,OPEN_METEO_ERA5_LAND,p_22.1_113.7
2013-03-23,25.00,21.70,22.70,OPEN_METEO_ERA5_LAND,p_22.1_113.7
2013-03-24,24.80,21.80,23.00,OPEN_METEO_ERA5_LAND,p_22.1_113.7
2013-03-25,23.00,21.00,22.10,OPEN_METEO_ERA5_LAND,p_22.1_113.7
2013-03-26,22.00,20.20,21.20,OPEN_METEO_ERA5_LAND,p_22.1_113.7
2013-03-27,20.90,19.10,20.10,OPEN_METEO_ERA5_LAND,p_22.1_113.7
2013-03-28,20.50,19.60,20.10,OPEN_METEO_ERA5_LAND,p_22.1_113.7
2013-03-29,21.90,19.50,20.50,OPEN_METEO_ERA5_LAND,p_22.1_113.7
2013-03-30,20.60,19.00,19.90,OPEN_METEO_ERA5_LAND,p_22.1_113.7
2013-03-31,21.90,19.40,20.50,OPEN_METEO_ERA5_LAND,p_22.1_113.7
2013-04-01,22.90,19.40,20.80,OPEN_METEO_ERA5_LAND,p_22.1_113.7
2013-04-02,22.30,19.90,21.00,OPEN_METEO_ERA5_LAND,p_22.1_113.7
2013-04-03,21.40,19.80,20.50,OPEN_METEO_ERA5_LAND,p_22.1_113.7
2013-04-04,22.40,20.20,21.40,OPEN_METEO_ERA5_LAND,p_22.1_113.7
2013-04-05,26.10,22.60,24.30,OPEN_METEO_ERA5_LAND,p_22.1_113.7
2013-04-06,22.80,17.10,19.40,OPEN_METEO_ERA5_LAND,p_22.1_113.7
2013-04-07,18.90,14.90,17.00,OPEN_METEO_ERA5_LAND,p_22.1_113.7
2013-04-08,19.60,17.90,18.80,OPEN_METEO_ERA5_LAND,p_22.1_113.7
2013-04-09,21.60,18.00,19.50,OPEN_METEO_ERA5_LAND,p_22.1_113.7
2013-04-10,19.90,18.00,18.90,OPEN_METEO_ERA5_LAND,p_22.1_113.7
2013-04-11,18.80,17.20,18.10,OPEN_METEO_ERA5_LAND,p_22.1_113.7
2013-04-12,19.50,16.30,17.80,OPEN_METEO_ERA5_LAND,p_22.1_113.7
2013-04-13,21.20,17.20,19.20,OPEN_METEO_ERA5_LAND,p_22.1_113.7
2013-04-14,24.50,19.10,21.20,OPEN_METEO_ERA5_LAND,p_22.1_113.7
2013-04-15,24.90,18.60,21.40,OPEN_METEO_ERA5_LAND,p_22.1_113.7
2013-04-16,23.20,21.50,22.40,OPEN_METEO_ERA5_LAND,p_22.1_113.7
2013-04-17,25.00,22.80,23.70,OPEN_METEO_ERA5_LAND,p_22.1_113.7
2013-04-18,25.80,23.30,24.30,OPEN_METEO_ERA5_LAND,p_22.1_113.7
2013-04-19,26.90,24.10,24.90,OPEN_METEO_ERA5_LAND,p_22.1_113.7
2013-04-20,27.50,23.70,25.00,OPEN_METEO_ERA5_LAND,p_22.1_113.7
2013-04-21,24.30,21.30,22.30,OPEN_METEO_ERA5_LAND,p_22.1_113.7
2013-04-22,22.80,20.50,21.50,OPEN_METEO_ERA5_LAND,p_22.1_113.7
2013-04-23,25.20,21.90,23.30,OPEN_METEO_ERA5_LAND,p_22.1_113.7
2013-04-24,26.30,22.80,24.40,OPEN_METEO_ERA5_LAND,p_22.1_113.7
2013-04-25,27.30,23.00,24.70,OPEN_METEO_ERA5_LAND,p_22.1_113.7
2013-04-26,24.50,21.30,22.70,OPEN_METEO_ERA5_LAND,p_22.1_113.7
2013-04-27,23.80,20.60,22.20,OPEN_METEO_ERA5_LAND,p_22.1_113.7
2013-04-28,24.80,22.40,23.50,OPEN_METEO_ERA5_LAND,p_22.1_113.7
2013-04-29,26.00,23.60,24.60,OPEN_METEO_ERA5_LAND,p_22.1_113.7
2013-04-30,28.10,23.50,25.10,OPEN_METEO_ERA5_LAND,p_22.1_113.7
2013-05-01,25.50,20.70,22.50,OPEN_METEO_ERA5_LAND,p_22.1_113.7
2013-05-02,21.80,19.60,20.70,OPEN_METEO_ERA5_LAND,p_22.1_113.7
2013-05-03,21.70,19.40,20.40,OPEN_METEO_ERA5_LAND,p_22.1_113.7
2013-05-04,23.50,19.60,21.30,OPEN_METEO_ERA5_LAND,p_22.1_113.7
2013-05-05,24.90,21.10,22.80,OPEN_METEO_ERA5_LAND,p_22.1_113.7
2013-05-06,25.20,22.40,23.50,OPEN_METEO_ERA5_LAND,p_22.1_113.7
2013-05-07,26.20,22.80,24.20,OPEN_METEO_ERA5_LAND,p_22.1_113.7
2013-05-08,25.20,23.60,23.90,OPEN_METEO_ERA5_LAND,p_22.1_113.7
2013-05-09,26.70,23.60,24.80,OPEN_METEO_ERA5_LAND,p_22.1_113.7
2013-05-10,26.70,23.40,24.80,OPEN_METEO_ERA5_LAND,p_22.1_113.7
2013-05-11,27.20,23.70,25.20,OPEN_METEO_ERA5_LAND,p_22.1_113.7
2013-05-12,26.90,24.20,25.40,OPEN_METEO_ERA5_LAND,p_22.1_113.7
2013-05-13,28.00,24.40,26.00,OPEN_METEO_ERA5_LAND,p_22.1_113.7
2013-05-14,28.20,25.20,26.70,OPEN_METEO_ERA5_LAND,p_22.1_113.7
2013-05-15,29.20,26.80,27.80,OPEN_METEO_ERA5_LAND,p_22.1_113.7
2013-05-16,27.90,25.30,27.20,OPEN_METEO_ERA5_LAND,p_22.1_113.7
2013-05-17,27.20,24.60,25.70,OPEN_METEO_ERA5_LAND,p_22.1_113.7
2013-05-18,30.30,25.30,27.70,OPEN_METEO_ERA5_LAND,p_22.1_113.7
2013-05-19,30.10,26.40,28.20,OPEN_METEO_ERA5_LAND,p_22.1_113.7
2013-05-20,29.30,25.50,27.20,OPEN_METEO_ERA5_LAND,p_22.1_113.7
2013-05-21,27.30,24.60,25.70,OPEN_METEO_ERA5_LAND,p_22.1_113.7
2013-05-22,26.50,24.90,25.70,OPEN_METEO_ERA5_LAND,p_22.1_113.7
2013-05-23,28.70,24.90,26.70,OPEN_METEO_ERA5_LAND,p_22.1_113.7
2013-05-24,29.20,25.50,27.20,OPEN_METEO_ERA5_LAND,p_22.1_113.7
2013-05-25,27.10,25.20,26.00,OPEN_METEO_ERA5_LAND,p_22.1_113.7
2013-05-26,29.30,25.30,27.40,OPEN_METEO_ERA5_LAND,p_22.1_113.7
2013-05-27,29.60,27.70,28.30,OPEN_METEO_ERA5_LAND,p_22.1_113.7
2013-05-28,30.20,27.20,28.40,OPEN_METEO_ERA5_LAND,p_22.1_113.7
2013-05-29,30.70,26.90,28.10,OPEN_METEO_ERA5_LAND,p_22.1_113.7
2013-05-30,30.60,26.10,27.90,OPEN_METEO_ERA5_LAND,p_22.1_113.7
2013-05-31,31.30,26.80,28.90,OPEN_METEO_ERA5_LAND,p_22.1_113.7
2013-06-01,31.60,27.30,29.40,OPEN_METEO_ERA5_LAND,p_22.1_113.7
2013-06-02,32.00,27.90,29.70,OPEN_METEO_ERA5_LAND,p_22.1_113.7
2013-06-03,31.60,27.60,29.20,OPEN_METEO_ERA5_LAND,p_22.1_113.7
2013-06-04,29.50,26.80,27.90,OPEN_METEO_ERA5_LAND,p_22.1_113.7
2013-06-05,27.70,26.10,26.70,OPEN_METEO_ERA5_LAND,p_22.1_113.7
2013-06-06,29.40,25.60,27.50,OPEN_METEO_ERA5_LAND,p_22.1_113.7
2013-06-07,31.00,27.40,28.80,OPEN_METEO_ERA5_LAND,p_22.1_113.7
2013-06-08,30.50,27.80,28.80,OPEN_METEO_ERA5_LAND,p_22.1_113.7
2013-06-09,30.80,28.20,29.00,OPEN_METEO_ERA5_LAND,p_22.1_113.7
2013-06-10,28.90,26.70,28.10,OPEN_METEO_ERA5_LAND,p_22.1_113.7
2013-06-11,26.30,23.60,24.20,OPEN_METEO_ERA5_LAND,p_22.1_113.7
2013-06-12,27.70,23.40,25.40,OPEN_METEO_ERA5_LAND,p_22.1_113.7
2013-06-13,26.70,23.30,25.30,OPEN_METEO_ERA5_LAND,p_22.1_113.7
2013-06-14,26.80,24.40,25.40,OPEN_METEO_ERA5_LAND,p_22.1_113.7
2013-06-15,27.40,25.30,26.40,OPEN_METEO_ERA5_LAND,p_22.1_113.7
2013-06-16,28.30,26.10,27.00,OPEN_METEO_ERA5_LAND,p_22.1_113.7
2013-06-17,29.30,26.00,27.40,OPEN_METEO_ERA5_LAND,p_22.1_113.7
2013-06-18,30.50,26.50,28.50,OPEN_METEO_ERA5_LAND,p_22.1_113.7
2013-06-19,31.40,26.90,29.20,OPEN_METEO_ERA5_LAND,p_22.1_113.7
2013-06-20,32.60,27.70,29.90,OPEN_METEO_ERA5_LAND,p_22.1_113.7
2013-06-21,32.40,27.50,29.60,OPEN_METEO_ERA5_LAND,p_22.1_113.7
2013-06-22,28.90,26.90,27.90,OPEN_METEO_ERA5_LAND,p_22.1_113.7
2013-06-23,29.10,26.40,27.40,OPEN_METEO_ERA5_LAND,p_22.1_113.7
2013-06-24,28.60,25.90,27.20,OPEN_METEO_ERA5_LAND,p_22.1_113.7
2013-06-25,29.80,27.20,28.50,OPEN_METEO_ERA5_LAND,p_22.1_113.7
2013-06-26,30.60,28.30,29.20,OPEN_METEO_ERA5_LAND,p_22.1_113.7
2013-06-27,31.10,28.40,29.50,OPEN_METEO_ERA5_LAND,p_22.1_113.7
2013-06-28,31.10,28.30,29.40,OPEN_METEO_ERA5_LAND,p_22.1_113.7
2013-06-29,31.10,28.00,29.50,OPEN_METEO_ERA5_LAND,p_22.1_113.7
2013-06-30,31.20,28.10,29.40,OPEN_METEO_ERA5_LAND,p_22.1_113.7
2013-07-01,29.90,26.10,27.80,OPEN_METEO_ERA5_LAND,p_22.1_113.7
2013-07-02,29.30,26.40,27.90,OPEN_METEO_ERA5_LAND,p_22.1_113.7
2013-07-03,30.40,26.90,28.70,OPEN_METEO_ERA5_LAND,p_22.1_113.7
2013-07-04,30.90,27.40,29.00,OPEN_METEO_ERA5_LAND,p_22.1_113.7
2013-07-05,31.20,27.80,29.30,OPEN_METEO_ERA5_LAND,p_22.1_113.7
2013-07-06,29.00,26.90,28.00,OPEN_METEO_ERA5_LAND,p_22.1_113.7
2013-07-07,28.90,26.70,27.70,OPEN_METEO_ERA5_LAND,p_22.1_113.7
2013-07-08,30.00,26.10,28.30,OPEN_METEO_ERA5_LAND,p_22.1_113.7
2013-07-09,29.50,26.50,27.90,OPEN_METEO_ERA5_LAND,p_22.1_113.7
2013-07-10,29.80,26.30,27.70,OPEN_METEO_ERA5_LAND,p_22.1_113.7
2013-07-11,30.90,26.60,28.70,OPEN_METEO_ERA5_LAND,p_22.1_113.7
2013-07-12,32.40,27.60,29.50,OPEN_METEO_ERA5_LAND,p_22.1_113.7
2013-07-13,32.90,27.80,30.20,OPEN_METEO_ERA5_LAND,p_22.1_113.7
2013-07-14,30.00,26.70,28.80,OPEN_METEO_ERA5_LAND,p_22.1_113.7
2013-07-15,28.00,26.20,26.80,OPEN_METEO_ERA5_LAND,p_22.1_113.7
2013-07-16,28.30,26.10,27.00,OPEN_METEO_ERA5_LAND,p_22.1_113.7
2013-07-17,28.60,25.60,26.80,OPEN_METEO_ERA5_LAND,p_22.1_113.7
2013-07-18,28.60,25.70,27.00,OPEN_METEO_ERA5_LAND,p_22.1_113.7
2013-07-19,29.60,26.20,27.60,OPEN_METEO_ERA5_LAND,p_22.1_113.7
2013-07-20,29.70,26.40,27.50,OPEN_METEO_ERA5_LAND,p_22.1_113.7
2013-07-21,29.70,26.10,27.70,OPEN_METEO_ERA5_LAND,p_22.1_113.7
2013-07-22,29.20,26.70,27.70,OPEN_METEO_ERA5_LAND,p_22.1_113.7
2013-07-23,30.40,26.20,28.00,OPEN_METEO_ERA5_LAND,p_22.1_113.7
2013-07-24,27.20,25.90,26.40,OPEN_METEO_ERA5_LAND,p_22.1_113.7
2013-07-25,27.40,25.40,26.20,OPEN_METEO_ERA5_LAND,p_22.1_113.7
2013-07-26,27.00,25.40,26.10,OPEN_METEO_ERA5_LAND,p_22.1_113.7
2013-07-27,28.20,25.80,26.60,OPEN_METEO_ERA5_LAND,p_22.1_113.7
2013-07-28,28.50,25.20,26.70,OPEN_METEO_ERA5_LAND,p_22.1_113.7
2013-07-29,30.50,26.00,28.00,OPEN_METEO_ERA5_LAND,p_22.1_113.7
2013-07-30,31.30,26.80,28.80,OPEN_METEO_ERA5_LAND,p_22.1_113.7
2013-07-31,30.90,26.90,28.60,OPEN_METEO_ERA5_LAND,p_22.1_113.7
2013-08-01,30.10,27.10,28.30,OPEN_METEO_ERA5_LAND,p_22.1_113.7
2013-08-02,28.40,26.70,27.40,OPEN_METEO_ERA5_LAND,p_22.1_113.7
2013-08-03,28.80,26.70,27.50,OPEN_METEO_ERA5_LAND,p_22.1_113.7
2013-08-04,30.70,26.90,28.80,OPEN_METEO_ERA5_LAND,p_22.1_113.7
2013-08-05,31.40,26.40,28.90,OPEN_METEO_ERA5_LAND,p_22.1_113.7
2013-08-06,31.30,26.90,29.30,OPEN_METEO_ERA5_LAND,p_22.1_113.7
2013-08-07,29.70,27.00,28.40,OPEN_METEO_ERA5_LAND,p_22.1_113.7
2013-08-08,31.30,26.10,28.50,OPEN_METEO_ERA5_LAND,p_22.1_113.7
2013-08-09,31.80,27.40,29.30,OPEN_METEO_ERA5_LAND,p_22.1_113.7
2013-08-10,31.90,27.50,29.60,OPEN_METEO_ERA5_LAND,p_22.1_113.7
2013-08-11,31.90,26.60,29.20,OPEN_METEO_ERA5_LAND,p_22.1_113.7
2013-08-12,31.90,27.10,29.60,OPEN_METEO_ERA5_LAND,p_22.1_113.7
2013-08-13,29.80,26.40,28.00,OPEN_METEO_ERA5_LAND,p_22.1_113.7
2013-08-14,27.80,26.60,27.20,OPEN_METEO_ERA5_LAND,p_22.1_113.7
2013-08-15,27.60,26.60,27.00,OPEN_METEO_ERA5_LAND,p_22.1_113.7
2013-08-16,28.00,26.20,26.80,OPEN_METEO_ERA5_LAND,p_22.1_113.7
2013-08-17,28.50,25.80,27.30,OPEN_METEO_ERA5_LAND,p_22.1_113.7
2013-08-18,28.60,26.40,27.20,OPEN_METEO_ERA5_LAND,p_22.1_113.7
2013-08-19,29.30,26.40,27.60,OPEN_METEO_ERA5_LAND,p_22.1_113.7
2013-08-20,30.80,26.50,28.10,OPEN_METEO_ERA5_LAND,p_22.1_113.7
2013-08-21,32.10,26.40,28.40,OPEN_METEO_ERA5_LAND,p_22.1_113.7
2013-08-22,30.80,27.40,28.70,OPEN_METEO_ERA5_LAND,p_22.1_113.7
2013-08-23,28.70,26.60,27.70,OPEN_METEO_ERA5_LAND,p_22.1_113.7
2013-08-24,28.30,26.50,27.40,OPEN_METEO_ERA5_LAND,p_22.1_113.7
2013-08-25,29.00,26.50,27.60,OPEN_METEO_ERA5_LAND,p_22.1_113.7
2013-08-26,30.40,26.20,28.20,OPEN_METEO_ERA5_LAND,p_22.1_113.7
2013-08-27,31.30,26.60,28.90,OPEN_METEO_ERA5_LAND,p_22.1_113.7
2013-08-28,31.60,26.50,29.00,OPEN_METEO_ERA5_LAND,p_22.1_113.7
2013-08-29,32.10,27.30,29.60,OPEN_METEO_ERA5_LAND,p_22.1_113.7
2013-08-30,29.00,27.40,28.10,OPEN_METEO_ERA5_LAND,p_22.1_113.7
2013-08-31,29.40,26.10,27.40,OPEN_METEO_ERA5_LAND,p_22.1_113.7
2013-09-01,28.50,25.70,27.10,OPEN_METEO_ERA5_LAND,p_22.1_113.7
2013-09-02,28.50,25.60,27.10,OPEN_METEO_ERA5_LAND,p_22.1_113.7
2013-09-03,27.70,25.90,26.50,OPEN_METEO_ERA5_LAND,p_22.1_113.7
2013-09-04,26.40,25.00,25.80,OPEN_METEO_ERA5_LAND,p_22.1_113.7
2013-09-05,27.10,24.90,25.90,OPEN_METEO_ERA5_LAND,p_22.1_113.7
2013-09-06,29.50,25.00,26.80,OPEN_METEO_ERA5_LAND,p_22.1_113.7
2013-09-07,29.80,25.30,27.50,OPEN_METEO_ERA5_LAND,p_22.1_113.7
2013-09-08,30.40,26.40,28.00,OPEN_METEO_ERA5_LAND,p_22.1_113.7
2013-09-09,31.00,26.30,28.20,OPEN_METEO_ERA5_LAND,p_22.1_113.7
2013-09-10,30.60,26.30,28.20,OPEN_METEO_ERA5_LAND,p_22.1_113.7
2013-09-11,30.60,26.60,28.10,OPEN_METEO_ERA5_LAND,p_22.1_113.7
2013-09-12,30.10,26.40,27.90,OPEN_METEO_ERA5_LAND,p_22.1_113.7
2013-09-13,29.00,25.70,27.10,OPEN_METEO_ERA5_LAND,p_22.1_113.7
2013-09-14,30.20,25.60,27.70,OPEN_METEO_ERA5_LAND,p_22.1_113.7
2013-09-15,31.00,26.50,28.10,OPEN_METEO_ERA5_LAND,p_22.1_113.7
2013-09-16,30.70,25.80,28.00,OPEN_METEO_ERA5_LAND,p_22.1_113.7
2013-09-17,30.10,26.80,28.20,OPEN_METEO_ERA5_LAND,p_22.1_113.7
2013-09-18,29.60,26.50,27.80,OPEN_METEO_ERA5_LAND,p_22.1_113.7
2013-09-19,30.70,26.40,28.30,OPEN_METEO_ERA5_LAND,p_22.1_113.7
2013-09-20,31.80,26.40,28.80,OPEN_METEO_ERA5_LAND,p_22.1_113.7
2013-09-21,32.50,28.20,30.20,OPEN_METEO_ERA5_LAND,p_22.1_113.7
2013-09-22,30.10,26.60,28.60,OPEN_METEO_ERA5_LAND,p_22.1_113.7
2013-09-23,28.90,26.30,27.50,OPEN_METEO_ERA5_LAND,p_22.1_113.7
2013-09-24,29.50,26.80,27.80,OPEN_METEO_ERA5_LAND,p_22.1_113.7
2013-09-25,30.70,26.30,28.10,OPEN_METEO_ERA5_LAND,p_22.1_113.7
2013-09-26,27.90,24.90,26.20,OPEN_METEO_ERA5_LAND,p_22.1_113.7
2013-09-27,28.40,23.60,25.80,OPEN_METEO_ERA5_LAND,p_22.1_113.7
2013-09-28,27.80,24.70,26.30,OPEN_METEO_ERA5_LAND,p_22.1_113.7
2013-09-29,26.20,23.60,24.50,OPEN_METEO_ERA5_LAND,p_22.1_113.7
2013-09-30,26.10,24.00,25.10,OPEN_METEO_ERA5_LAND,p_22.1_113.7
2013-10-01,29.90,25.10,27.10,OPEN_METEO_ERA5_LAND,p_22.1_113.7
2013-10-02,30.30,24.80,27.30,OPEN_METEO_ERA5_LAND,p_22.1_113.7
2013-10-03,28.80,24.10,26.10,OPEN_METEO_ERA5_LAND,p_22.1_113.7
2013-10-04,28.40,23.50,25.80,OPEN_METEO_ERA5_LAND,p_22.1_113.7
2013-10-05,28.30,22.80,25.10,OPEN_METEO_ERA5_LAND,p_22.1_113.7
2013-10-06,29.40,23.30,26.00,OPEN_METEO_ERA5_LAND,p_22.1_113.7
2013-10-07,29.60,24.00,26.60,OPEN_METEO_ERA5_LAND,p_22.1_113.7
2013-10-08,28.10,24.30,26.20,OPEN_METEO_ERA5_LAND,p_22.1_113.7
2013-10-09,28.00,24.00,25.60,OPEN_METEO_ERA5_LAND,p_22.1_113.7
2013-10-10,28.90,24.40,26.30,OPEN_METEO_ERA5_LAND,p_22.1_113.7
2013-10-11,30.50,25.00,27.30,OPEN_METEO_ERA5_LAND,p_22.1_113.7
2013-10-12,29.90,25.70,27.30,OPEN_METEO_ERA5_LAND,p_22.1_113.7
2013-10-13,28.90,25.60,26.80,OPEN_METEO_ERA5_LAND,p_22.1_113.7
2013-10-14,25.80,24.20,25.20,OPEN_METEO_ERA5_LAND,p_22.1_113.7
2013-10-15,29.30,25.20,26.50,OPEN_METEO_ERA5_LAND,p_22.1_113.7
2013-10-16,26.60,23.30,24.80,OPEN_METEO_ERA5_LAND,p_22.1_113.7
2013-10-17,25.70,23.10,24.20,OPEN_METEO_ERA5_LAND,p_22.1_113.7
2013-10-18,26.00,22.90,24.20,OPEN_METEO_ERA5_LAND,p_22.1_113.7
2013-10-19,26.50,22.00,24.00,OPEN_METEO_ERA5_LAND,p_22.1_113.7
2013-10-20,26.40,21.90,23.90,OPEN_METEO_ERA5_LAND,p_22.1_113.7
2013-10-21,26.50,22.10,24.30,OPEN_METEO_ERA5_LAND,p_22.1_113.7
2013-10-22,27.10,22.70,24.60,OPEN_METEO_ERA5_LAND,p_22.1_113.7
2013-10-23,26.20,21.30,23.50,OPEN_METEO_ERA5_LAND,p_22.1_113.7
2013-10-24,26.20,20.80,23.20,OPEN_METEO_ERA5_LAND,p_22.1_113.7
2013-10-25,26.10,21.70,23.20,OPEN_METEO_ERA5_LAND,p_22.1_113.7
2013-10-26,23.90,18.60,20.90,OPEN_METEO_ERA5_LAND,p_22.1_113.7
2013-10-27,24.00,18.50,20.90,OPEN_METEO_ERA5_LAND,p_22.1_113.7
2013-10-28,25.00,19.90,22.10,OPEN_METEO_ERA5_LAND,p_22.1_113.7
2013-10-29,25.00,21.40,23.10,OPEN_METEO_ERA5_LAND,p_22.1_113.7
2013-10-30,26.00,21.70,23.60,OPEN_METEO_ERA5_LAND,p_22.1_113.7
2013-10-31,27.20,22.00,24.10,OPEN_METEO_ERA5_LAND,p_22.1_113.7
2013-11-01,28.20,21.70,24.60,OPEN_METEO_ERA5_LAND,p_22.1_113.7
2013-11-02,26.80,23.40,25.20,OPEN_METEO_ERA5_LAND,p_22.1_113.7
2013-11-03,27.00,24.00,25.20,OPEN_METEO_ERA5_LAND,p_22.1_113.7
2013-11-04,24.00,21.10,22.30,OPEN_METEO_ERA5_LAND,p_22.1_113.7
2013-11-05,23.00,20.30,21.50,OPEN_METEO_ERA5_LAND,p_22.1_113.7
2013-11-06,25.30,21.40,23.10,OPEN_METEO_ERA5_LAND,p_22.1_113.7
2013-11-07,26.50,21.90,23.70,OPEN_METEO_ERA5_LAND,p_22.1_113.7
2013-11-08,26.20,22.60,23.90,OPEN_METEO_ERA5_LAND,p_22.1_113.7
2013-11-09,27.80,22.60,24.90,OPEN_METEO_ERA5_LAND,p_22.1_113.7
2013-11-10,26.40,24.30,25.20,OPEN_METEO_ERA5_LAND,p_22.1_113.7
2013-11-11,26.00,23.50,24.80,OPEN_METEO_ERA5_LAND,p_22.1_113.7
2013-11-12,24.20,20.30,22.90,OPEN_METEO_ERA5_LAND,p_22.1_113.7
2013-11-13,20.70,18.50,19.30,OPEN_METEO_ERA5_LAND,p_22.1_113.7
2013-11-14,19.30,18.10,18.60,OPEN_METEO_ERA5_LAND,p_22.1_113.7
2013-11-15,22.80,17.60,19.90,OPEN_METEO_ERA5_LAND,p_22.1_113.7
2013-11-16,23.30,17.60,20.30,OPEN_METEO_ERA5_LAND,p_22.1_113.7
2013-11-17,23.10,18.20,20.50,OPEN_METEO_ERA5_LAND,p_22.1_113.7
2013-11-18,23.20,18.40,20.40,OPEN_METEO_ERA5_LAND,p_22.1_113.7
2013-11-19,21.70,18.10,19.80,OPEN_METEO_ERA5_LAND,p_22.1_113.7
2013-11-20,20.90,18.30,19.50,OPEN_METEO_ERA5_LAND,p_22.1_113.7
2013-11-21,22.60,18.40,20.10,OPEN_METEO_ERA5_LAND,p_22.1_113.7
2013-11-22,23.10,18.60,20.60,OPEN_METEO_ERA5_LAND,p_22.1_113.7
2013-11-23,23.70,19.80,21.60,OPEN_METEO_ERA5_LAND,p_22.1_113.7
2013-11-24,24.20,18.00,21.60,OPEN_METEO_ERA5_LAND,p_22.1_113.7
2013-11-25,21.10,16.30,18.20,OPEN_METEO_ERA5_LAND,p_22.1_113.7
2013-11-26,21.60,15.80,18.80,OPEN_METEO_ERA5_LAND,p_22.1_113.7
2013-11-27,20.60,14.30,18.80,OPEN_METEO_ERA5_LAND,p_22.1_113.7
2013-11-28,18.50,12.70,15.40,OPEN_METEO_ERA5_LAND,p_22.1_113.7
2013-11-29,17.10,13.00,14.70,OPEN_METEO_ERA5_LAND,p_22.1_113.7
2013-11-30,18.70,12.60,15.00,OPEN_METEO_ERA5_LAND,p_22.1_113.7
2013-12-01,20.50,13.20,16.30,OPEN_METEO_ERA5_LAND,p_22.1_113.7
2013-12-02,21.10,13.50,16.50,OPEN_METEO_ERA5_LAND,p_22.1_113.7
2013-12-03,21.30,14.60,17.60,OPEN_METEO_ERA5_LAND,p_22.1_113.7
2013-12-04,22.70,13.00,17.40,OPEN_METEO_ERA5_LAND,p_22.1_113.7
2013-12-05,20.70,14.60,17.20,OPEN_METEO_ERA5_LAND,p_22.1_113.7
2013-12-06,20.90,13.30,16.50,OPEN_METEO_ERA5_LAND,p_22.1_113.7
2013-12-07,21.30,14.20,17.40,OPEN_METEO_ERA5_LAND,p_22.1_113.7
2013-12-08,21.30,14.00,17.70,OPEN_METEO_ERA5_LAND,p_22.1_113.7
2013-12-09,24.10,18.10,20.60,OPEN_METEO_ERA5_LAND,p_22.1_113.7
2013-12-10,20.30,16.70,18.60,OPEN_METEO_ERA5_LAND,p_22.1_113.7
2013-12-11,19.20,16.90,17.90,OPEN_METEO_ERA5_LAND,p_22.1_113.7
2013-12-12,18.00,14.90,16.50,OPEN_METEO_ERA5_LAND,p_22.1_113.7
2013-12-13,18.30,15.30,16.60,OPEN_METEO_ERA5_LAND,p_22.1_113.7
2013-12-14,17.40,15.80,16.60,OPEN_METEO_ERA5_LAND,p_22.1_113.7
2013-12-15,15.80,14.00,15.10,OPEN_METEO_ERA5_LAND,p_22.1_113.7
2013-12-16,13.90,11.10,11.90,OPEN_METEO_ERA5_LAND,p_22.1_113.7
2013-12-17,11.50,10.20,10.70,OPEN_METEO_ERA5_LAND,p_22.1_113.7
2013-12-18,12.80,10.00,11.00,OPEN_METEO_ERA5_LAND,p_22.1_113.7
2013-12-19,13.80,9.40,11.30,OPEN_METEO_ERA5_LAND,p_22.1_113.7
2013-12-20,14.80,9.90,12.40,OPEN_METEO_ERA5_LAND,p_22.1_113.7
2013-12-21,15.20,11.80,13.30,OPEN_METEO_ERA5_LAND,p_22.1_113.7
2013-12-22,14.60,9.30,12.00,OPEN_METEO_ERA5_LAND,p_22.1_113.7
2013-12-23,16.50,10.30,13.10,OPEN_METEO_ERA5_LAND,p_22.1_113.7
2013-12-24,16.50,10.20,13.10,OPEN_METEO_ERA5_LAND,p_22.1_113.7
2013-12-25,16.70,10.70,13.40,OPEN_METEO_ERA5_LAND,p_22.1_113.7
2013-12-26,16.70,10.90,13.60,OPEN_METEO_ERA5_LAND,p_22.1_113.7
2013-12-27,14.40,10.60,12.40,OPEN_METEO_ERA5_LAND,p_22.1_113.7
2013-12-28,13.30,7.80,10.40,OPEN_METEO_ERA5_LAND,p_22.1_113.7
2013-12-29,14.20,7.90,10.70,OPEN_METEO_ERA5_LAND,p_22.1_113.7
2013-12-30,16.10,9.20,12.00,OPEN_METEO_ERA5_LAND,p_22.1_113.7
2013-12-31,17.80,10.40,13.30,OPEN_METEO_ERA5_LAND,p_22.1_113.7
2014-01-01,18.50,10.80,13.70,OPEN_METEO_ERA5_LAND,p_22.1_113.7
2014-01-02,19.90,11.40,15.60,OPEN_METEO_ERA5_LAND,p_22.1_113.7
2014-01-03,21.90,16.10,18.30,OPEN_METEO_ERA5_LAND,p_22.1_113.7
2014-01-04,20.10,15.10,17.20,OPEN_METEO_ERA5_LAND,p_22.1_113.7
2014-01-05,18.60,12.90,15.50,OPEN_METEO_ERA5_LAND,p_22.1_113.7
2014-01-06,19.10,14.50,16.50,OPEN_METEO_ERA5_LAND,p_22.1_113.7
2014-01-07,19.60,17.00,18.00,OPEN_METEO_ERA5_LAND,p_22.1_113.7
2014-01-08,19.10,14.70,17.30,OPEN_METEO_ERA5_LAND,p_22.1_113.7
2014-01-09,15.00,12.70,13.80,OPEN_METEO_ERA5_LAND,p_22.1_113.7
2014-01-10,17.10,13.90,15.20,OPEN_METEO_ERA5_LAND,p_22.1_113.7
2014-01-11,19.00,14.60,16.40,OPEN_METEO_ERA5_LAND,p_22.1_113.7
2014-01-12,18.90,14.10,16.30,OPEN_METEO_ERA5_LAND,p_22.1_113.7
2014-01-13,14.10,11.20,12.50,OPEN_METEO_ERA5_LAND,p_22.1_113.7
2014-01-14,15.70,9.40,12.40,OPEN_METEO_ERA5_LAND,p_22.1_113.7
2014-01-15,15.30,9.80,12.40,OPEN_METEO_ERA5_LAND,p_22.1_113.7
2014-01-16,16.80,11.20,13.30,OPEN_METEO_ERA5_LAND,p_22.1_113.7
2014-01-17,18.70,10.30,14.30,OPEN_METEO_ERA5_LAND,p_22.1_113.7
2014-01-18,18.90,12.90,15.60,OPEN_METEO_ERA5_LAND,p_22.1_113.7
2014-01-19,16.00,11.40,13.40,OPEN_METEO_ERA5_LAND,p_22.1_113.7
2014-01-20,19.30,11.10,15.00,OPEN_METEO_ERA5_LAND,p_22.1_113.7
2014-01-21,17.30,12.10,14.40,OPEN_METEO_ERA5_LAND,p_22.1_113.7
2014-01-22,16.10,9.00,12.70,OPEN_METEO_ERA5_LAND,p_22.1_113.7
2014-01-23,16.00,9.50,12.60,OPEN_METEO_ERA5_LAND,p_22.1_113.7
2014-01-24,19.00,12.30,15.30,OPEN_METEO_ERA5_LAND,p_22.1_113.7
2014-01-25,19.70,15.10,16.90,OPEN_METEO_ERA5_LAND,p_22.1_113.7
2014-01-26,22.60,15.90,18.40,OPEN_METEO_ERA5_LAND,p_22.1_113.7
2014-01-27,19.20,15.10,16.80,OPEN_METEO_ERA5_LAND,p_22.1_113.7
2014-01-28,19.40,14.50,16.20,OPEN_METEO_ERA5_LAND,p_22.1_113.7
2014-01-29,20.90,12.50,16.20,OPEN_METEO_ERA5_LAND,p_22.1_113.7
2014-01-30,20.40,13.60,16.30,OPEN_METEO_ERA5_LAND,p_22.1_113.7
2014-01-31,21.70,13.90,17.60,OPEN_METEO_ERA5_LAND,p_22.1_113.7
2014-02-01,21.80,16.10,18.50,OPEN_METEO_ERA5_LAND,p_22.1_113.7
2014-02-02,21.70,15.40,18.00,OPEN_METEO_ERA5_LAND,p_22.1_113.7
2014-02-03,23.30,15.80,19.10,OPEN_METEO_ERA5_LAND,p_22.1_113.7
2014-02-04,21.10,16.40,18.70,OPEN_METEO_ERA5_LAND,p_22.1_113.7
2014-02-05,20.70,17.00,18.50,OPEN_METEO_ERA5_LAND,p_22.1_113.7
2014-02-06,21.10,18.10,19.30,OPEN_METEO_ERA5_LAND,p_22.1_113.7
2014-02-07,21.60,15.20,19.50,OPEN_METEO_ERA5_LAND,p_22.1_113.7
2014-02-08,15.80,14.10,14.60,OPEN_METEO_ERA5_LAND,p_22.1_113.7
2014-02-09,16.40,9.30,13.20,OPEN_METEO_ERA5_LAND,p_22.1_113.7
2014-02-10,9.10,7.40,8.00,OPEN_METEO_ERA5_LAND,p_22.1_113.7
2014-02-11,7.70,6.40,6.90,OPEN_METEO_ERA5_LAND,p_22.1_113.7
2014-02-12,7.90,6.20,7.10,OPEN_METEO_ERA5_LAND,p_22.1_113.7
2014-02-13,8.90,6.80,7.50,OPEN_METEO_ERA5_LAND,p_22.1_113.7
2014-02-14,12.90,7.20,9.70,OPEN_METEO_ERA5_LAND,p_22.1_113.7
2014-02-15,12.40,8.50,10.50,OPEN_METEO_ERA5_LAND,p_22.1_113.7
2014-02-16,18.90,12.30,15.70,OPEN_METEO_ERA5_LAND,p_22.1_113.7
2014-02-17,20.80,15.50,18.00,OPEN_METEO_ERA5_LAND,p_22.1_113.7
2014-02-18,20.00,10.40,15.90,OPEN_METEO_ERA5_LAND,p_22.1_113.7
2014-02-19,10.20,7.80,9.10,OPEN_METEO_ERA5_LAND,p_22.1_113.7
2014-02-20,16.20,7.10,11.20,OPEN_METEO_ERA5_LAND,p_22.1_113.7
2014-02-21,16.40,10.50,13.90,OPEN_METEO_ERA5_LAND,p_22.1_113.7
2014-02-22,16.30,13.70,14.80,OPEN_METEO_ERA5_LAND,p_22.1_113.7
2014-02-23,19.90,14.00,16.50,OPEN_METEO_ERA5_LAND,p_22.1_113.7
2014-02-24,20.90,15.30,17.90,OPEN_METEO_ERA5_LAND,p_22.1_113.7
2014-02-25,21.50,17.60,19.10,OPEN_METEO_ERA5_LAND,p_22.1_113.7
2014-02-26,22.50,17.50,19.60,OPEN_METEO_ERA5_LAND,p_22.1_113.7
2014-02-27,22.80,18.20,20.10,OPEN_METEO_ERA5_LAND,p_22.1_113.7
2014-02-28,21.00,19.10,19.90,OPEN_METEO_ERA5_LAND,p_22.1_113.7
2014-03-01,22.50,19.30,20.60,OPEN_METEO_ERA5_LAND,p_22.1_113.7
2014-03-02,20.30,17.50,19.00,OPEN_METEO_ERA5_LAND,p_22.1_113.7
2014-03-03,18.80,17.30,18.10,OPEN_METEO_ERA5_LAND,p_22.1_113.7
2014-03-04,20.60,16.90,18.40,OPEN_METEO_ERA5_LAND,p_22.1_113.7
2014-03-05,17.60,15.40,16.60,OPEN_METEO_ERA5_LAND,p_22.1_113.7
2014-03-06,19.30,17.00,17.90,OPEN_METEO_ERA5_LAND,p_22.1_113.7
2014-03-07,17.40,15.80,16.60,OPEN_METEO_ERA5_LAND,p_22.1_113.7
2014-03-08,18.60,15.70,17.00,OPEN_METEO_ERA5_LAND,p_22.1_113.7
2014-03-09,15.70,13.10,13.80,OPEN_METEO_ERA5_LAND,p_22.1_113.7
2014-03-10,15.60,13.60,14.70,OPEN_METEO_ERA5_LAND,p_22.1_113.7
2014-03-11,19.30,15.70,17.60,OPEN_METEO_ERA5_LAND,p_22.1_113.7
2014-03-12,21.40,18.20,19.40,OPEN_METEO_ERA5_LAND,p_22.1_113.7
2014-03-13,20.70,18.90,19.80,OPEN_METEO_ERA5_LAND,p_22.1_113.7
2014-03-14,18.80,15.90,16.70,OPEN_METEO_ERA5_LAND,p_22.1_113.7
2014-03-15,19.20,15.50,17.10,OPEN_METEO_ERA5_LAND,p_22.1_113.7
2014-03-16,20.30,16.90,18.50,OPEN_METEO_ERA5_LAND,p_22.1_113.7
2014-03-17,22.10,17.50,19.60,OPEN_METEO_ERA5_LAND,p_22.1_113.7
2014-03-18,23.70,19.30,21.00,OPEN_METEO_ERA5_LAND,p_22.1_113.7
2014-03-19,24.20,20.30,21.60,OPEN_METEO_ERA5_LAND,p_22.1_113.7
2014-03-20,24.80,17.60,21.00,OPEN_METEO_ERA5_LAND,p_22.1_113.7
2014-03-21,17.00,14.40,15.30,OPEN_METEO_ERA5_LAND,p_22.1_113.7
2014-03-22,19.20,15.20,17.00,OPEN_METEO_ERA5_LAND,p_22.1_113.7
2014-03-23,22.30,17.00,18.90,OPEN_METEO_ERA5_LAND,p_22.1_113.7
2014-03-24,23.00,17.10,19.80,OPEN_METEO_ERA5_LAND,p_22.1_113.7
2014-03-25,24.70,19.30,21.20,OPEN_METEO_ERA5_LAND,p_22.1_113.7
2014-03-26,24.60,18.80,21.20,OPEN_METEO_ERA5_LAND,p_22.1_113.7
2014-03-27,24.40,19.10,21.30,OPEN_METEO_ERA5_LAND,p_22.1_113.7
2014-03-28,23.50,21.40,22.40,OPEN_METEO_ERA5_LAND,p_22.1_113.7
2014-03-29,24.40,21.80,22.70,OPEN_METEO_ERA5_LAND,p_22.1_113.7
2014-03-30,23.00,21.80,22.40,OPEN_METEO_ERA5_LAND,p_22.1_113.7
2014-03-31,24.30,20.10,21.80,OPEN_METEO_ERA5_LAND,p_22.1_113.7
2014-04-01,21.40,19.50,20.50,OPEN_METEO_ERA5_LAND,p_22.1_113.7
2014-04-02,21.70,19.60,20.30,OPEN_METEO_ERA5_LAND,p_22.1_113.7
2014-04-03,22.60,19.30,20.90,OPEN_METEO_ERA5_LAND,p_22.1_113.7
2014-04-04,23.20,19.60,21.00,OPEN_METEO_ERA5_LAND,p_22.1_113.7
2014-04-05,23.90,18.10,20.80,OPEN_METEO_ERA5_LAND,p_22.1_113.7
2014-04-06,21.00,18.60,19.90,OPEN_METEO_ERA5_LAND,p_22.1_113.7
2014-04-07,21.40,18.80,19.90,OPEN_METEO_ERA5_LAND,p_22.1_113.7
2014-04-08,23.20,20.20,21.40,OPEN_METEO_ERA5_LAND,p_22.1_113.7
2014-04-09,25.20,20.60,22.40,OPEN_METEO_ERA5_LAND,p_22.1_113.7
2014-04-10,24.50,21.60,22.60,OPEN_METEO_ERA5_LAND,p_22.1_113.7
2014-04-11,25.40,21.30,23.00,OPEN_METEO_ERA5_LAND,p_22.1_113.7
2014-04-12,26.10,22.10,23.70,OPEN_METEO_ERA5_LAND,p_22.1_113.7
2014-04-13,28.00,22.30,24.80,OPEN_METEO_ERA5_LAND,p_22.1_113.7
2014-04-14,25.20,22.00,23.70,OPEN_METEO_ERA5_LAND,p_22.1_113.7
2014-04-15,24.50,21.20,22.60,OPEN_METEO_ERA5_LAND,p_22.1_113.7
2014-04-16,24.40,22.10,23.10,OPEN_METEO_ERA5_LAND,p_22.1_113.7
2014-04-17,26.50,22.40,24.10,OPEN_METEO_ERA5_LAND,p_22.1_113.7
2014-04-18,25.70,22.10,23.80,OPEN_METEO_ERA5_LAND,p_22.1_113.7
2014-04-19,26.80,22.80,24.60,OPEN_METEO_ERA5_LAND,p_22.1_113.7
2014-04-20,27.10,23.20,25.00,OPEN_METEO_ERA5_LAND,p_22.1_113.7
2014-04-21,26.20,23.90,24.90,OPEN_METEO_ERA5_LAND,p_22.1_113.7
2014-04-22,26.30,23.70,24.80,OPEN_METEO_ERA5_LAND,p_22.1_113.7
2014-04-23,24.50,23.10,23.60,OPEN_METEO_ERA5_LAND,p_22.1_113.7
2014-04-24,24.90,22.90,23.90,OPEN_METEO_ERA5_LAND,p_22.1_113.7
2014-04-25,26.60,23.70,24.80,OPEN_METEO_ERA5_LAND,p_22.1_113.7
2014-04-26,25.30,23.20,24.10,OPEN_METEO_ERA5_LAND,p_22.1_113.7
2014-04-27,27.40,22.20,24.30,OPEN_METEO_ERA5_LAND,p_22.1_113.7
2014-04-28,27.00,22.60,24.40,OPEN_METEO_ERA5_LAND,p_22.1_113.7
2014-04-29,26.50,22.20,23.90,OPEN_METEO_ERA5_LAND,p_22.1_113.7
2014-04-30,23.90,21.30,22.40,OPEN_METEO_ERA5_LAND,p_22.1_113.7
2014-05-01,23.50,21.00,22.20,OPEN_METEO_ERA5_LAND,p_22.1_113.7
2014-05-02,26.10,22.50,23.90,OPEN_METEO_ERA5_LAND,p_22.1_113.7
2014-05-03,27.40,22.50,24.70,OPEN_METEO_ERA5_LAND,p_22.1_113.7
2014-05-04,24.40,23.00,23.70,OPEN_METEO_ERA5_LAND,p_22.1_113.7
2014-05-05,23.50,19.90,21.60,OPEN_METEO_ERA5_LAND,p_22.1_113.7
2014-05-06,20.50,19.30,20.00,OPEN_METEO_ERA5_LAND,p_22.1_113.7
2014-05-07,22.50,20.50,21.50,OPEN_METEO_ERA5_LAND,p_22.1_113.7
2014-05-08,24.90,22.20,23.50,OPEN_METEO_ERA5_LAND,p_22.1_113.7
2014-05-09,24.60,22.70,23.40,OPEN_METEO_ERA5_LAND,p_22.1_113.7
2014-05-10,25.70,23.30,24.70,OPEN_METEO_ERA5_LAND,p_22.1_113.7
2014-05-11,25.90,23.70,24.80,OPEN_METEO_ERA5_LAND,p_22.1_113.7
2014-05-12,26.70,23.90,25.20,OPEN_METEO_ERA5_LAND,p_22.1_113.7
2014-05-13,27.80,24.90,26.40,OPEN_METEO_ERA5_LAND,p_22.1_113.7
2014-05-14,29.10,26.70,27.80,OPEN_METEO_ERA5_LAND,p_22.1_113.7
2014-05-15,29.60,26.90,27.70,OPEN_METEO_ERA5_LAND,p_22.1_113.7
2014-05-16,29.00,26.30,27.30,OPEN_METEO_ERA5_LAND,p_22.1_113.7
2014-05-17,29.20,26.10,27.30,OPEN_METEO_ERA5_LAND,p_22.1_113.7
2014-05-18,27.60,25.90,26.70,OPEN_METEO_ERA5_LAND,p_22.1_113.7
2014-05-19,29.70,26.30,27.40,OPEN_METEO_ERA5_LAND,p_22.1_113.7
2014-05-20,27.80,25.50,26.50,OPEN_METEO_ERA5_LAND,p_22.1_113.7
2014-05-21,28.90,25.60,27.30,OPEN_METEO_ERA5_LAND,p_22.1_113.7
2014-05-22,29.00,26.60,27.90,OPEN_METEO_ERA5_LAND,p_22.1_113.7
2014-05-23,28.00,26.60,27.00,OPEN_METEO_ERA5_LAND,p_22.1_113.7
2014-05-24,30.00,26.60,27.90,OPEN_METEO_ERA5_LAND,p_22.1_113.7
2014-05-25,30.70,26.60,28.50,OPEN_METEO_ERA5_LAND,p_22.1_113.7
2014-05-26,30.30,27.00,28.50,OPEN_METEO_ERA5_LAND,p_22.1_113.7
2014-05-27,31.70,26.90,28.80,OPEN_METEO_ERA5_LAND,p_22.1_113.7
2014-05-28,30.70,27.20,28.60,OPEN_METEO_ERA5_LAND,p_22.1_113.7
2014-05-29,30.80,27.40,28.60,OPEN_METEO_ERA5_LAND,p_22.1_113.7
2014-05-30,30.60,27.30,28.80,OPEN_METEO_ERA5_LAND,p_22.1_113.7
2014-05-31,31.30,27.60,29.40,OPEN_METEO_ERA5_LAND,p_22.1_113.7
2014-06-01,31.60,27.50,29.60,OPEN_METEO_ERA5_LAND,p_22.1_113.7
2014-06-02,31.90,28.30,29.70,OPEN_METEO_ERA5_LAND,p_22.1_113.7
2014-06-03,29.90,27.80,28.60,OPEN_METEO_ERA5_LAND,p_22.1_113.7
2014-06-04,31.40,27.80,29.30,OPEN_METEO_ERA5_LAND,p_22.1_113.7
2014-06-05,30.60,27.90,28.90,OPEN_METEO_ERA5_LAND,p_22.1_113.7
2014-06-06,28.60,26.90,27.80,OPEN_METEO_ERA5_LAND,p_22.1_113.7
2014-06-07,27.90,25.80,27.10,OPEN_METEO_ERA5_LAND,p_22.1_113.7
2014-06-08,31.60,26.40,28.50,OPEN_METEO_ERA5_LAND,p_22.1_113.7
2014-06-09,30.40,26.70,28.00,OPEN_METEO_ERA5_LAND,p_22.1_113.7
2014-06-10,29.80,26.60,28.00,OPEN_METEO_ERA5_LAND,p_22.1_113.7
2014-06-11,28.70,26.80,27.80,OPEN_METEO_ERA5_LAND,p_22.1_113.7
2014-06-12,30.30,26.40,28.00,OPEN_METEO_ERA5_LAND,p_22.1_113.7
2014-06-13,32.30,24.70,28.40,OPEN_METEO_ERA5_LAND,p_22.1_113.7
2014-06-14,33.00,26.60,29.60,OPEN_METEO_ERA5_LAND,p_22.1_113.7
2014-06-15,31.80,27.10,29.10,OPEN_METEO_ERA5_LAND,p_22.1_113.7
2014-06-16,32.00,28.10,29.80,OPEN_METEO_ERA5_LAND,p_22.1_113.7
2014-06-17,30.20,27.90,28.90,OPEN_METEO_ERA5_LAND,p_22.1_113.7
2014-06-18,30.60,27.20,28.80,OPEN_METEO_ERA5_LAND,p_22.1_113.7
2014-06-19,30.80,28.00,29.20,OPEN_METEO_ERA5_LAND,p_22.1_113.7
2014-06-20,29.90,28.60,29.10,OPEN_METEO_ERA5_LAND,p_22.1_113.7
2014-06-21,30.70,28.10,29.00,OPEN_METEO_ERA5_LAND,p_22.1_113.7
2014-06-22,28.90,26.60,27.70,OPEN_METEO_ERA5_LAND,p_22.1_113.7
2014-06-23,28.80,26.70,27.60,OPEN_METEO_ERA5_LAND,p_22.1_113.7
2014-06-24,29.00,26.50,27.70,OPEN_METEO_ERA5_LAND,p_22.1_113.7
2014-06-25,29.00,26.90,27.80,OPEN_METEO_ERA5_LAND,p_22.1_113.7
2014-06-26,31.00,27.40,29.10,OPEN_METEO_ERA5_LAND,p_22.1_113.7
2014-06-27,31.60,28.00,29.70,OPEN_METEO_ERA5_LAND,p_22.1_113.7
2014-06-28,31.80,27.60,29.60,OPEN_METEO_ERA5_LAND,p_22.1_113.7
2014-06-29,31.00,27.60,29.20,OPEN_METEO_ERA5_LAND,p_22.1_113.7
2014-06-30,29.40,27.10,28.20,OPEN_METEO_ERA5_LAND,p_22.1_113.7
2014-07-01,28.70,26.70,27.70,OPEN_METEO_ERA5_LAND,p_22.1_113.7
2014-07-02,31.40,27.10,29.10,OPEN_METEO_ERA5_LAND,p_22.1_113.7
2014-07-03,31.40,28.40,29.70,OPEN_METEO_ERA5_LAND,p_22.1_113.7
2014-07-04,32.30,28.50,30.20,OPEN_METEO_ERA5_LAND,p_22.1_113.7
2014-07-05,32.40,28.60,30.30,OPEN_METEO_ERA5_LAND,p_22.1_113.7
2014-07-06,31.30,28.50,30.00,OPEN_METEO_ERA5_LAND,p_22.1_113.7
2014-07-07,31.50,28.50,29.80,OPEN_METEO_ERA5_LAND,p_22.1_113.7
2014-07-08,32.20,27.10,29.00,OPEN_METEO_ERA5_LAND,p_22.1_113.7
2014-07-09,32.40,26.60,29.70,OPEN_METEO_ERA5_LAND,p_22.1_113.7
2014-07-10,31.10,28.00,29.10,OPEN_METEO_ERA5_LAND,p_22.1_113.7
2014-07-11,29.60,27.30,28.30,OPEN_METEO_ERA5_LAND,p_22.1_113.7
2014-07-12,29.90,27.00,28.20,OPEN_METEO_ERA5_LAND,p_22.1_113.7
2014-07-13,31.20,27.30,29.00,OPEN_METEO_ERA5_LAND,p_22.1_113.7
2014-07-14,31.40,27.70,29.60,OPEN_METEO_ERA5_LAND,p_22.1_113.7
2014-07-15,31.60,27.00,29.70,OPEN_METEO_ERA5_LAND,p_22.1_113.7
2014-07-16,31.40,27.80,29.60,OPEN_METEO_ERA5_LAND,p_22.1_113.7
2014-07-17,31.20,27.40,28.80,OPEN_METEO_ERA5_LAND,p_22.1_113.7
2014-07-18,28.20,27.00,27.40,OPEN_METEO_ERA5_LAND,p_22.1_113.7
2014-07-19,30.00,26.90,28.10,OPEN_METEO_ERA5_LAND,p_22.1_113.7
2014-07-20,30.20,26.70,28.40,OPEN_METEO_ERA5_LAND,p_22.1_113.7
2014-07-21,31.40,27.30,28.70,OPEN_METEO_ERA5_LAND,p_22.1_113.7
2014-07-22,32.50,27.10,29.50,OPEN_METEO_ERA5_LAND,p_22.1_113.7
2014-07-23,33.70,28.50,30.60,OPEN_METEO_ERA5_LAND,p_22.1_113.7
2014-07-24,32.10,28.10,29.80,OPEN_METEO_ERA5_LAND,p_22.1_113.7
2014-07-25,31.10,27.50,29.00,OPEN_METEO_ERA5_LAND,p_22.1_113.7
2014-07-26,29.10,26.30,27.60,OPEN_METEO_ERA5_LAND,p_22.1_113.7
2014-07-27,29.30,26.20,27.60,OPEN_METEO_ERA5_LAND,p_22.1_113.7
2014-07-28,31.30,25.80,28.60,OPEN_METEO_ERA5_LAND,p_22.1_113.7
2014-07-29,31.30,27.20,29.30,OPEN_METEO_ERA5_LAND,p_22.1_113.7
2014-07-30,31.90,27.50,29.70,OPEN_METEO_ERA5_LAND,p_22.1_113.7
2014-07-31,33.10,28.20,30.60,OPEN_METEO_ERA5_LAND,p_22.1_113.7
2014-08-01,33.40,28.90,30.60,OPEN_METEO_ERA5_LAND,p_22.1_113.7
2014-08-02,33.00,27.10,29.50,OPEN_METEO_ERA5_LAND,p_22.1_113.7
2014-08-03,31.40,27.40,29.30,OPEN_METEO_ERA5_LAND,p_22.1_113.7
2014-08-04,31.10,27.80,29.60,OPEN_METEO_ERA5_LAND,p_22.1_113.7
2014-08-05,31.90,27.80,29.50,OPEN_METEO_ERA5_LAND,p_22.1_113.7
2014-08-06,30.60,27.40,28.50,OPEN_METEO_ERA5_LAND,p_22.1_113.7
2014-08-07,29.90,27.10,28.50,OPEN_METEO_ERA5_LAND,p_22.1_113.7
2014-08-08,30.80,26.90,28.80,OPEN_METEO_ERA5_LAND,p_22.1_113.7
2014-08-09,30.90,27.60,29.10,OPEN_METEO_ERA5_LAND,p_22.1_113.7
2014-08-10,31.90,28.30,29.50,OPEN_METEO_ERA5_LAND,p_22.1_113.7
2014-08-11,31.30,28.30,29.60,OPEN_METEO_ERA5_LAND,p_22.1_113.7
2014-08-12,30.50,28.00,29.10,OPEN_METEO_ERA5_LAND,p_22.1_113.7
2014-08-13,28.10,26.80,27.40,OPEN_METEO_ERA5_LAND,p_22.1_113.7
2014-08-14,29.60,26.60,27.80,OPEN_METEO_ERA5_LAND,p_22.1_113.7
2014-08-15,31.20,26.80,28.70,OPEN_METEO_ERA5_LAND,p_22.1_113.7
2014-08-16,30.90,27.30,28.70,OPEN_METEO_ERA5_LAND,p_22.1_113.7
2014-08-17,31.10,27.10,28.90,OPEN_METEO_ERA5_LAND,p_22.1_113.7
2014-08-18,31.30,27.60,29.30,OPEN_METEO_ERA5_LAND,p_22.1_113.7
2014-08-19,29.80,25.80,27.70,OPEN_METEO_ERA5_LAND,p_22.1_113.7
2014-08-20,27.10,25.70,26.30,OPEN_METEO_ERA5_LAND,p_22.1_113.7
2014-08-21,28.80,25.20,27.00,OPEN_METEO_ERA5_LAND,p_22.1_113.7
2014-08-22,29.30,25.80,27.70,OPEN_METEO_ERA5_LAND,p_22.1_113.7
2014-08-23,30.20,26.40,28.30,OPEN_METEO_ERA5_LAND,p_22.1_113.7
2014-08-24,31.00,27.30,29.00,OPEN_METEO_ERA5_LAND,p_22.1_113.7
2014-08-25,30.70,26.60,28.80,OPEN_METEO_ERA5_LAND,p_22.1_113.7
2014-08-26,30.80,27.20,28.90,OPEN_METEO_ERA5_LAND,p_22.1_113.7
2014-08-27,30.30,26.50,28.10,OPEN_METEO_ERA5_LAND,p_22.1_113.7
2014-08-28,29.00,26.60,27.60,OPEN_METEO_ERA5_LAND,p_22.1_113.7
2014-08-29,31.10,26.20,28.30,OPEN_METEO_ERA5_LAND,p_22.1_113.7
2014-08-30,30.80,26.30,28.60,OPEN_METEO_ERA5_LAND,p_22.1_113.7
2014-08-31,29.80,26.40,27.40,OPEN_METEO_ERA5_LAND,p_22.1_113.7
2014-09-01,30.70,26.80,28.20,OPEN_METEO_ERA5_LAND,p_22.1_113.7
2014-09-02,31.00,26.70,28.80,OPEN_METEO_ERA5_LAND,p_22.1_113.7
2014-09-03,32.30,27.40,29.50,OPEN_METEO_ERA5_LAND,p_22.1_113.7
2014-09-04,32.00,27.30,29.50,OPEN_METEO_ERA5_LAND,p_22.1_113.7
2014-09-05,29.70,26.90,28.10,OPEN_METEO_ERA5_LAND,p_22.1_113.7
2014-09-06,31.60,26.20,28.60,OPEN_METEO_ERA5_LAND,p_22.1_113.7
2014-09-07,30.10,27.50,28.40,OPEN_METEO_ERA5_LAND,p_22.1_113.7
2014-09-08,29.30,27.10,28.30,OPEN_METEO_ERA5_LAND,p_22.1_113.7
2014-09-09,30.40,27.40,28.80,OPEN_METEO_ERA5_LAND,p_22.1_113.7
2014-09-10,31.00,27.50,29.00,OPEN_METEO_ERA5_LAND,p_22.1_113.7
2014-09-11,30.80,26.80,28.80,OPEN_METEO_ERA5_LAND,p_22.1_113.7
2014-09-12,29.00,26.40,27.60,OPEN_METEO_ERA5_LAND,p_22.1_113.7
2014-09-13,30.50,26.50,28.40,OPEN_METEO_ERA5_LAND,p_22.1_113.7
2014-09-14,30.70,27.00,28.60,OPEN_METEO_ERA5_LAND,p_22.1_113.7
2014-09-15,32.00,26.80,28.90,OPEN_METEO_ERA5_LAND,p_22.1_113.7
2014-09-16,27.90,26.30,27.10,OPEN_METEO_ERA5_LAND,p_22.1_113.7
2014-09-17,29.30,26.20,27.70,OPEN_METEO_ERA5_LAND,p_22.1_113.7
2014-09-18,30.70,26.90,28.40,OPEN_METEO_ERA5_LAND,p_22.1_113.7
2014-09-19,32.70,26.90,29.50,OPEN_METEO_ERA5_LAND,p_22.1_113.7
2014-09-20,29.30,26.50,27.60,OPEN_METEO_ERA5_LAND,p_22.1_113.7
2014-09-21,28.00,25.10,26.50,OPEN_METEO_ERA5_LAND,p_22.1_113.7
2014-09-22,28.90,25.20,26.90,OPEN_METEO_ERA5_LAND,p_22.1_113.7
2014-09-23,29.30,25.30,27.20,OPEN_METEO_ERA5_LAND,p_22.1_113.7
2014-09-24,30.10,25.20,27.40,OPEN_METEO_ERA5_LAND,p_22.1_113.7
2014-09-25,30.00,25.00,27.30,OPEN_METEO_ERA5_LAND,p_22.1_113.7
2014-09-26,30.00,25.70,27.70,OPEN_METEO_ERA5_LAND,p_22.1_113.7
2014-09-27,30.60,26.60,28.40,OPEN_METEO_ERA5_LAND,p_22.1_113.7
2014-09-28,30.70,26.00,28.40,OPEN_METEO_ERA5_LAND,p_22.1_113.7
2014-09-29,31.10,26.80,28.70,OPEN_METEO_ERA5_LAND,p_22.1_113.7
2014-09-30,32.30,26.90,29.40,OPEN_METEO_ERA5_LAND,p_22.1_113.7
2014-10-01,29.70,24.80,27.60,OPEN_METEO_ERA5_LAND,p_22.1_113.7
2014-10-02,30.60,25.40,27.70,OPEN_METEO_ERA5_LAND,p_22.1_113.7
2014-10-03,30.80,25.70,27.50,OPEN_METEO_ERA5_LAND,p_22.1_113.7
2014-10-04,28.20,25.30,26.40,OPEN_METEO_ERA5_LAND,p_22.1_113.7
2014-10-05,28.80,24.50,26.50,OPEN_METEO_ERA5_LAND,p_22.1_113.7
2014-10-06,28.30,24.60,26.10,OPEN_METEO_ERA5_LAND,p_22.1_113.7
2014-10-07,27.30,23.80,25.60,OPEN_METEO_ERA5_LAND,p_22.1_113.7
2014-10-08,27.10,23.40,25.10,OPEN_METEO_ERA5_LAND,p_22.1_113.7
2014-10-09,27.90,23.20,25.50,OPEN_METEO_ERA5_LAND,p_22.1_113.7
2014-10-10,28.30,22.80,25.30,OPEN_METEO_ERA5_LAND,p_22.1_113.7
2014-10-11,29.30,24.10,26.30,OPEN_METEO_ERA5_LAND,p_22.1_113.7
2014-10-12,28.80,24.50,26.10,OPEN_METEO_ERA5_LAND,p_22.1_113.7
2014-10-13,27.10,23.30,24.80,OPEN_METEO_ERA5_LAND,p_22.1_113.7
2014-10-14,26.30,22.10,24.00,OPEN_METEO_ERA5_LAND,p_22.1_113.7
2014-10-15,26.50,20.90,23.70,OPEN_METEO_ERA5_LAND,p_22.1_113.7
2014-10-16,27.10,22.60,24.40,OPEN_METEO_ERA5_LAND,p_22.1_113.7
2014-10-17,26.50,22.60,24.20,OPEN_METEO_ERA5_LAND,p_22.1_113.7
2014-10-18,27.20,22.70,24.50,OPEN_METEO_ERA5_LAND,p_22.1_113.7
2014-10-19,27.70,23.30,25.20,OPEN_METEO_ERA5_LAND,p_22.1_113.7
2014-10-20,27.90,23.40,25.40,OPEN_METEO_ERA5_LAND,p_22.1_113.7
2014-10-21,29.40,23.80,26.20,OPEN_METEO_ERA5_LAND,p_22.1_113.7
2014-10-22,28.60,24.70,26.30,OPEN_METEO_ERA5_LAND,p_22.1_113.7
2014-10-23,25.90,23.10,24.20,OPEN_METEO_ERA5_LAND,p_22.1_113.7
2014-10-24,25.70,23.10,24.30,OPEN_METEO_ERA5_LAND,p_22.1_113.7
2014-10-25,25.80,23.30,24.30,OPEN_METEO_ERA5_LAND,p_22.1_113.7
2014-10-26,26.60,23.30,24.60,OPEN_METEO_ERA5_LAND,p_22.1_113.7
2014-10-27,29.10,23.60,25.80,OPEN_METEO_ERA5_LAND,p_22.1_113.7
2014-10-28,27.30,24.20,25.30,OPEN_METEO_ERA5_LAND,p_22.1_113.7
2014-10-29,27.60,24.20,25.40,OPEN_METEO_ERA5_LAND,p_22.1_113.7
2014-10-30,27.30,24.10,25.40,OPEN_METEO_ERA5_LAND,p_22.1_113.7
2014-10-31,27.40,23.70,25.10,OPEN_METEO_ERA5_LAND,p_22.1_113.7
2014-11-01,28.10,23.50,25.30,OPEN_METEO_ERA5_LAND,p_22.1_113.7
2014-11-02,26.00,22.20,24.60,OPEN_METEO_ERA5_LAND,p_22.1_113.7
2014-11-03,21.80,20.10,21.00,OPEN_METEO_ERA5_LAND,p_22.1_113.7
2014-11-04,23.40,19.90,21.70,OPEN_METEO_ERA5_LAND,p_22.1_113.7
2014-11-05,25.50,22.40,23.70,OPEN_METEO_ERA5_LAND,p_22.1_113.7
2014-11-06,25.30,22.10,23.40,OPEN_METEO_ERA5_LAND,p_22.1_113.7
2014-11-07,23.60,20.70,21.90,OPEN_METEO_ERA5_LAND,p_22.1_113.7
2014-11-08,22.20,18.00,20.00,OPEN_METEO_ERA5_LAND,p_22.1_113.7
2014-11-09,22.60,19.30,20.90,OPEN_METEO_ERA5_LAND,p_22.1_113.7
2014-11-10,23.60,20.20,21.60,OPEN_METEO_ERA5_LAND,p_22.1_113.7
2014-11-11,23.80,20.70,21.80,OPEN_METEO_ERA5_LAND,p_22.1_113.7
2014-11-12,20.70,18.80,20.00,OPEN_METEO_ERA5_LAND,p_22.1_113.7
2014-11-13,20.60,17.80,19.20,OPEN_METEO_ERA5_LAND,p_22.1_113.7
2014-11-14,22.40,18.20,20.10,OPEN_METEO_ERA5_LAND,p_22.1_113.7
2014-11-15,24.40,19.50,21.50,OPEN_METEO_ERA5_LAND,p_22.1_113.7
2014-11-16,25.60,19.30,22.20,OPEN_METEO_ERA5_LAND,p_22.1_113.7
2014-11-17,22.80,18.30,20.30,OPEN_METEO_ERA5_LAND,p_22.1_113.7
2014-11-18,22.10,17.00,19.40,OPEN_METEO_ERA5_LAND,p_22.1_113.7
2014-11-19,22.60,17.40,19.80,OPEN_METEO_ERA5_LAND,p_22.1_113.7
2014-11-20,23.20,18.10,20.40,OPEN_METEO_ERA5_LAND,p_22.1_113.7
2014-11-21,24.90,19.10,21.40,OPEN_METEO_ERA5_LAND,p_22.1_113.7
2014-11-22,25.50,19.20,22.00,OPEN_METEO_ERA5_LAND,p_22.1_113.7
2014-11-23,25.20,21.20,22.70,OPEN_METEO_ERA5_LAND,p_22.1_113.7
2014-11-24,25.80,21.40,23.20,OPEN_METEO_ERA5_LAND,p_22.1_113.7
2014-11-25,26.10,20.60,23.00,OPEN_METEO_ERA5_LAND,p_22.1_113.7
2014-11-26,25.00,20.50,22.60,OPEN_METEO_ERA5_LAND,p_22.1_113.7
2014-11-27,24.20,21.40,22.80,OPEN_METEO_ERA5_LAND,p_22.1_113.7
2014-11-28,25.40,22.30,23.60,OPEN_METEO_ERA5_LAND,p_22.1_113.7
2014-11-29,25.80,23.00,24.20,OPEN_METEO_ERA5_LAND,p_22.1_113.7
2014-11-30,26.50,23.30,24.60,OPEN_METEO_ERA5_LAND,p_22.1_113.7
2014-12-01,23.90,15.50,18.80,OPEN_METEO_ERA5_LAND,p_22.1_113.7
2014-12-02,16.40,14.00,15.20,OPEN_METEO_ERA5_LAND,p_22.1_113.7
2014-12-03,20.30,15.00,17.60,OPEN_METEO_ERA5_LAND,p_22.1_113.7
2014-12-04,17.20,12.60,13.80,OPEN_METEO_ERA5_LAND,p_22.1_113.7
2014-12-05,15.70,12.40,14.00,OPEN_METEO_ERA5_LAND,p_22.1_113.7
2014-12-06,19.60,15.00,17.20,OPEN_METEO_ERA5_LAND,p_22.1_113.7
2014-12-07,17.80,14.70,15.40,OPEN_METEO_ERA5_LAND,p_22.1_113.7
2014-12-08,17.70,13.70,15.70,OPEN_METEO_ERA5_LAND,p_22.1_113.7
2014-12-09,21.30,15.90,18.40,OPEN_METEO_ERA5_LAND,p_22.1_113.7
2014-12-10,20.40,17.90,19.10,OPEN_METEO_ERA5_LAND,p_22.1_113.7
2014-12-11,19.20,15.70,17.20,OPEN_METEO_ERA5_LAND,p_22.1_113.7
2014-12-12,15.50,12.10,13.80,OPEN_METEO_ERA5_LAND,p_22.1_113.7
2014-12-13,16.30,10.40,13.10,OPEN_METEO_ERA5_LAND,p_22.1_113.7
2014-12-14,18.40,11.90,14.80,OPEN_METEO_ERA5_LAND,p_22.1_113.7
2014-12-15,18.50,15.40,16.90,OPEN_METEO_ERA5_LAND,p_22.1_113.7
2014-12-16,17.30,12.90,15.60,OPEN_METEO_ERA5_LAND,p_22.1_113.7
2014-12-17,14.80,10.20,12.40,OPEN_METEO_ERA5_LAND,p_22.1_113.7
2014-12-18,14.00,10.50,12.30,OPEN_METEO_ERA5_LAND,p_22.1_113.7
2014-12-19,12.80,10.70,11.30,OPEN_METEO_ERA5_LAND,p_22.1_113.7
2014-12-20,17.10,10.70,13.40,OPEN_METEO_ERA5_LAND,p_22.1_113.7
2014-12-21,18.80,13.10,15.90,OPEN_METEO_ERA5_LAND,p_22.1_113.7
2014-12-22,15.10,10.00,12.30,OPEN_METEO_ERA5_LAND,p_22.1_113.7
2014-12-23,15.80,13.20,14.10,OPEN_METEO_ERA5_LAND,p_22.1_113.7
2014-12-24,19.20,13.60,16.30,OPEN_METEO_ERA5_LAND,p_22.1_113.7
2014-12-25,19.00,15.60,17.10,OPEN_METEO_ERA5_LAND,p_22.1_113.7
2014-12-26,17.20,15.00,15.90,OPEN_METEO_ERA5_LAND,p_22.1_113.7
2014-12-27,15.80,13.80,15.10,OPEN_METEO_ERA5_LAND,p_22.1_113.7
2014-12-28,13.70,11.90,12.90,OPEN_METEO_ERA5_LAND,p_22.1_113.7
2014-12-29,17.00,9.90,12.70,OPEN_METEO_ERA5_LAND,p_22.1_113.7
2014-12-30,18.20,9.40,13.70,OPEN_METEO_ERA5_LAND,p_22.1_113.7
2014-12-31,19.70,10.30,14.90,OPEN_METEO_ERA5_LAND,p_22.1_113.7
2015-01-01,18.60,12.90,15.20,OPEN_METEO_ERA5_LAND,p_22.1_113.7
2015-01-02,17.50,12.30,14.30,OPEN_METEO_ERA5_LAND,p_22.1_113.7
2015-01-03,18.30,12.50,15.00,OPEN_METEO_ERA5_LAND,p_22.1_113.7
2015-01-04,19.80,14.20,16.70,OPEN_METEO_ERA5_LAND,p_22.1_113.7
2015-01-05,20.90,17.80,19.10,OPEN_METEO_ERA5_LAND,p_22.1_113.7
2015-01-06,22.00,18.20,19.60,OPEN_METEO_ERA5_LAND,p_22.1_113.7
2015-01-07,18.60,14.40,16.80,OPEN_METEO_ERA5_LAND,p_22.1_113.7
2015-01-08,17.40,12.40,14.50,OPEN_METEO_ERA5_LAND,p_22.1_113.7
2015-01-09,16.40,12.50,14.20,OPEN_METEO_ERA5_LAND,p_22.1_113.7
2015-01-10,18.80,12.20,15.00,OPEN_METEO_ERA5_LAND,p_22.1_113.7
2015-01-11,16.50,13.20,14.70,OPEN_METEO_ERA5_LAND,p_22.1_113.7
2015-01-12,14.50,11.90,12.70,OPEN_METEO_ERA5_LAND,p_22.1_113.7
2015-01-13,14.10,10.80,12.40,OPEN_METEO_ERA5_LAND,p_22.1_113.7
2015-01-14,16.90,10.90,13.40,OPEN_METEO_ERA5_LAND,p_22.1_113.7
2015-01-15,17.00,9.70,13.10,OPEN_METEO_ERA5_LAND,p_22.1_113.7
2015-01-16,19.40,13.20,15.70,OPEN_METEO_ERA5_LAND,p_22.1_113.7
2015-01-17,18.50,13.00,15.30,OPEN_METEO_ERA5_LAND,p_22.1_113.7
2015-01-18,18.70,12.60,15.40,OPEN_METEO_ERA5_LAND,p_22.1_113.7
2015-01-19,18.70,12.20,15.00,OPEN_METEO_ERA5_LAND,p_22.1_113.7
2015-01-20,19.00,13.60,15.50,OPEN_METEO_ERA5_LAND,p_22.1_113.7
2015-01-21,20.60,12.50,16.40,OPEN_METEO_ERA5_LAND,p_22.1_113.7
2015-01-22,20.30,14.00,16.30,OPEN_METEO_ERA5_LAND,p_22.1_113.7
2015-01-23,19.40,12.00,15.80,OPEN_METEO_ERA5_LAND,p_22.1_113.7
2015-01-24,19.90,15.60,17.20,OPEN_METEO_ERA5_LAND,p_22.1_113.7
2015-01-25,20.20,16.20,17.80,OPEN_METEO_ERA5_LAND,p_22.1_113.7
2015-01-26,20.80,15.90,18.00,OPEN_METEO_ERA5_LAND,p_22.1_113.7
2015-01-27,21.10,16.10,18.10,OPEN_METEO_ERA5_LAND,p_22.1_113.7
2015-01-28,19.60,16.50,17.50,OPEN_METEO_ERA5_LAND,p_22.1_113.7
2015-01-29,19.90,15.40,17.30,OPEN_METEO_ERA5_LAND,p_22.1_113.7
2015-01-30,18.70,14.20,16.00,OPEN_METEO_ERA5_LAND,p_22.1_113.7
2015-01-31,16.10,12.50,14.10,OPEN_METEO_ERA5_LAND,p_22.1_113.7
2015-02-01,16.60,13.20,14.60,OPEN_METEO_ERA5_LAND,p_22.1_113.7
2015-02-02,18.50,14.10,15.80,OPEN_METEO_ERA5_LAND,p_22.1_113.7
2015-02-03,19.30,15.30,17.00,OPEN_METEO_ERA5_LAND,p_22.1_113.7
2015-02-04,16.50,13.10,15.40,OPEN_METEO_ERA5_LAND,p_22.1_113.7
2015-02-05,13.00,11.20,12.00,OPEN_METEO_ERA5_LAND,p_22.1_113.7
2015-02-06,14.40,10.50,12.60,OPEN_METEO_ERA5_LAND,p_22.1_113.7
2015-02-07,17.30,13.50,14.90,OPEN_METEO_ERA5_LAND,p_22.1_113.7
2015-02-08,17.60,13.50,14.90,OPEN_METEO_ERA5_LAND,p_22.1_113.7
2015-02-09,17.00,12.30,14.50,OPEN_METEO_ERA5_LAND,p_22.1_113.7
2015-02-10,17.20,12.80,14.60,OPEN_METEO_ERA5_LAND,p_22.1_113.7
2015-02-11,18.10,12.80,15.50,OPEN_METEO_ERA5_LAND,p_22.1_113.7
2015-02-12,19.80,12.90,15.80,OPEN_METEO_ERA5_LAND,p_22.1_113.7
2015-02-13,20.30,12.70,16.30,OPEN_METEO_ERA5_LAND,p_22.1_113.7
2015-02-14,20.80,16.00,18.30,OPEN_METEO_ERA5_LAND,p_22.1_113.7
2015-02-15,20.60,17.00,18.20,OPEN_METEO_ERA5_LAND,p_22.1_113.7
2015-02-16,21.20,17.00,18.50,OPEN_METEO_ERA5_LAND,p_22.1_113.7
2015-02-17,22.30,15.90,18.50,OPEN_METEO_ERA5_LAND,p_22.1_113.7
2015-02-18,20.80,17.40,18.80,OPEN_METEO_ERA5_LAND,p_22.1_113.7
2015-02-19,20.30,17.80,18.70,OPEN_METEO_ERA5_LAND,p_22.1_113.7
2015-02-20,21.40,17.60,19.30,OPEN_METEO_ERA5_LAND,p_22.1_113.7
2015-02-21,21.90,18.90,20.10,OPEN_METEO_ERA5_LAND,p_22.1_113.7
2015-02-22,22.90,19.00,20.30,OPEN_METEO_ERA5_LAND,p_22.1_113.7
2015-02-23,21.80,19.20,20.30,OPEN_METEO_ERA5_LAND,p_22.1_113.7
2015-02-24,22.70,19.90,21.10,OPEN_METEO_ERA5_LAND,p_22.1_113.7
2015-02-25,23.60,20.60,21.80,OPEN_METEO_ERA5_LAND,p_22.1_113.7
2015-02-26,23.80,20.30,21.70,OPEN_METEO_ERA5_LAND,p_22.1_113.7
2015-02-27,21.90,20.70,21.30,OPEN_METEO_ERA5_LAND,p_22.1_113.7
2015-02-28,21.60,19.90,20.60,OPEN_METEO_ERA5_LAND,p_22.1_113.7
2015-03-01,20.40,15.30,17.80,OPEN_METEO_ERA5_LAND,p_22.1_113.7
2015-03-02,19.80,16.30,18.20,OPEN_METEO_ERA5_LAND,p_22.1_113.7
2015-03-03,21.90,16.70,19.50,OPEN_METEO_ERA5_LAND,p_22.1_113.7
2015-03-04,18.30,15.30,16.90,OPEN_METEO_ERA5_LAND,p_22.1_113.7
2015-03-05,20.70,17.80,19.10,OPEN_METEO_ERA5_LAND,p_22.1_113.7
2015-03-06,19.20,15.70,17.80,OPEN_METEO_ERA5_LAND,p_22.1_113.7
2015-03-07,19.60,14.90,17.60,OPEN_METEO_ERA5_LAND,p_22.1_113.7
2015-03-08,21.60,18.10,19.50,OPEN_METEO_ERA5_LAND,p_22.1_113.7
2015-03-09,23.10,18.10,20.30,OPEN_METEO_ERA5_LAND,p_22.1_113.7
2015-03-10,20.20,16.90,18.40,OPEN_METEO_ERA5_LAND,p_22.1_113.7
2015-03-11,18.90,15.90,17.10,OPEN_METEO_ERA5_LAND,p_22.1_113.7
2015-03-12,16.70,14.20,15.40,OPEN_METEO_ERA5_LAND,p_22.1_113.7
2015-03-13,19.20,16.90,18.20,OPEN_METEO_ERA5_LAND,p_22.1_113.7
2015-03-14,21.90,18.30,20.10,OPEN_METEO_ERA5_LAND,p_22.1_113.7
2015-03-15,22.30,20.30,21.20,OPEN_METEO_ERA5_LAND,p_22.1_113.7
2015-03-16,23.90,20.90,22.30,OPEN_METEO_ERA5_LAND,p_22.1_113.7
2015-03-17,23.80,21.90,22.80,OPEN_METEO_ERA5_LAND,p_22.1_113.7
2015-03-18,24.60,22.30,23.30,OPEN_METEO_ERA5_LAND,p_22.1_113.7
2015-03-19,25.50,22.20,23.50,OPEN_METEO_ERA5_LAND,p_22.1_113.7
2015-03-20,25.70,21.30,23.20,OPEN_METEO_ERA5_LAND,p_22.1_113.7
2015-03-21,24.80,20.50,22.70,OPEN_METEO_ERA5_LAND,p_22.1_113.7
2015-03-22,23.70,20.80,21.90,OPEN_METEO_ERA5_LAND,p_22.1_113.7
2015-03-23,22.50,19.10,20.70,OPEN_METEO_ERA5_LAND,p_22.1_113.7
2015-03-24,22.00,18.70,19.80,OPEN_METEO_ERA5_LAND,p_22.1_113.7
2015-03-25,19.90,18.10,18.80,OPEN_METEO_ERA5_LAND,p_22.1_113.7
2015-03-26,20.60,17.60,19.00,OPEN_METEO_ERA5_LAND,p_22.1_113.7
2015-03-27,23.70,19.00,21.00,OPEN_METEO_ERA5_LAND,p_22.1_113.7
2015-03-28,24.10,19.50,21.50,OPEN_METEO_ERA5_LAND,p_22.1_113.7
2015-03-29,24.10,19.40,21.60,OPEN_METEO_ERA5_LAND,p_22.1_113.7
2015-03-30,25.40,21.50,23.00,OPEN_METEO_ERA5_LAND,p_22.1_113.7
2015-03-31,25.20,22.30,23.30,OPEN_METEO_ERA5_LAND,p_22.1_113.7
2015-04-01,25.20,22.70,23.80,OPEN_METEO_ERA5_LAND,p_22.1_113.7
2015-04-02,26.10,23.40,24.60,OPEN_METEO_ERA5_LAND,p_22.1_113.7
2015-04-03,26.20,24.30,25.10,OPEN_METEO_ERA5_LAND,p_22.1_113.7
2015-04-04,27.30,24.60,25.50,OPEN_METEO_ERA5_LAND,p_22.1_113.7
2015-04-05,27.40,23.50,25.10,OPEN_METEO_ERA5_LAND,p_22.1_113.7
2015-04-06,28.70,22.80,25.40,OPEN_METEO_ERA5_LAND,p_22.1_113.7
2015-04-07,27.10,21.20,25.00,OPEN_METEO_ERA5_LAND,p_22.1_113.7
2015-04-08,20.10,16.20,17.60,OPEN_METEO_ERA5_LAND,p_22.1_113.7
2015-04-09,20.10,16.10,17.40,OPEN_METEO_ERA5_LAND,p_22.1_113.7
2015-04-10,17.60,15.60,16.70,OPEN_METEO_ERA5_LAND,p_22.1_113.7
2015-04-11,17.30,15.50,16.20,OPEN_METEO_ERA5_LAND,p_22.1_113.7
2015-04-12,23.90,16.60,19.80,OPEN_METEO_ERA5_LAND,p_22.1_113.7
2015-04-13,25.70,17.30,21.70,OPEN_METEO_ERA5_LAND,p_22.1_113.7
2015-04-14,24.20,17.90,20.80,OPEN_METEO_ERA5_LAND,p_22.1_113.7
2015-04-15,24.60,16.50,20.80,OPEN_METEO_ERA5_LAND,p_22.1_113.7
2015-04-16,25.60,19.20,22.30,OPEN_METEO_ERA5_LAND,p_22.1_113.7
2015-04-17,25.30,20.00,22.90,OPEN_METEO_ERA5_LAND,p_22.1_113.7
2015-04-18,25.60,23.10,24.40,OPEN_METEO_ERA5_LAND,p_22.1_113.7
2015-04-19,26.80,25.00,25.70,OPEN_METEO_ERA5_LAND,p_22.1_113.7
2015-04-20,28.40,21.50,25.20,OPEN_METEO_ERA5_LAND,p_22.1_113.7
2015-04-21,24.90,20.30,22.20,OPEN_METEO_ERA5_LAND,p_22.1_113.7
2015-04-22,25.50,21.20,23.00,OPEN_METEO_ERA5_LAND,p_22.1_113.7
2015-04-23,24.10,21.60,22.60,OPEN_METEO_ERA5_LAND,p_22.1_113.7
2015-04-24,26.00,21.90,23.70,OPEN_METEO_ERA5_LAND,p_22.1_113.7
2015-04-25,25.90,21.90,23.80,OPEN_METEO_ERA5_LAND,p_22.1_113.7
2015-04-26,25.10,22.20,23.30,OPEN_METEO_ERA5_LAND,p_22.1_113.7
2015-04-27,26.90,21.90,24.10,OPEN_METEO_ERA5_LAND,p_22.1_113.7
2015-04-28,27.40,23.60,25.20,OPEN_METEO_ERA5_LAND,p_22.1_113.7
2015-04-29,28.90,24.00,26.00,OPEN_METEO_ERA5_LAND,p_22.1_113.7
2015-04-30,29.50,24.60,26.80,OPEN_METEO_ERA5_LAND,p_22.1_113.7
2015-05-01,28.30,25.50,26.80,OPEN_METEO_ERA5_LAND,p_22.1_113.7
2015-05-02,29.10,26.30,27.50,OPEN_METEO_ERA5_LAND,p_22.1_113.7
2015-05-03,30.30,26.40,27.70,OPEN_METEO_ERA5_LAND,p_22.1_113.7
2015-05-04,30.90,26.30,27.90,OPEN_METEO_ERA5_LAND,p_22.1_113.7
2015-05-05,28.90,25.80,26.90,OPEN_METEO_ERA5_LAND,p_22.1_113.7
2015-05-06,28.50,26.10,27.00,OPEN_METEO_ERA5_LAND,p_22.1_113.7
2015-05-07,29.40,25.10,27.20,OPEN_METEO_ERA5_LAND,p_22.1_113.7
2015-05-08,28.50,26.60,27.40,OPEN_METEO_ERA5_LAND,p_22.1_113.7
2015-05-09,30.10,25.00,26.80,OPEN_METEO_ERA5_LAND,p_22.1_113.7
2015-05-10,28.10,24.90,26.50,OPEN_METEO_ERA5_LAND,p_22.1_113.7
2015-05-11,29.30,25.20,26.60,OPEN_METEO_ERA5_LAND,p_22.1_113.7
2015-05-12,27.60,23.00,25.20,OPEN_METEO_ERA5_LAND,p_22.1_113.7
2015-05-13,28.30,24.90,26.70,OPEN_METEO_ERA5_LAND,p_22.1_113.7
2015-05-14,29.60,26.50,28.00,OPEN_METEO_ERA5_LAND,p_22.1_113.7
2015-05-15,30.90,27.10,28.70,OPEN_METEO_ERA5_LAND,p_22.1_113.7
2015-05-16,28.10,25.30,26.30,OPEN_METEO_ERA5_LAND,p_22.1_113.7
2015-05-17,26.90,25.00,25.80,OPEN_METEO_ERA5_LAND,p_22.1_113.7
2015-05-18,28.70,26.10,27.30,OPEN_METEO_ERA5_LAND,p_22.1_113.7
2015-05-19,28.70,27.00,27.80,OPEN_METEO_ERA5_LAND,p_22.1_113.7
2015-05-20,27.90,25.30,26.80,OPEN_METEO_ERA5_LAND,p_22.1_113.7
2015-05-21,28.20,24.60,26.00,OPEN_METEO_ERA5_LAND,p_22.1_113.7
2015-05-22,25.80,24.30,25.10,OPEN_METEO_ERA5_LAND,p_22.1_113.7
2015-05-23,26.70,24.70,25.50,OPEN_METEO_ERA5_LAND,p_22.1_113.7
2015-05-24,27.90,25.00,26.30,OPEN_METEO_ERA5_LAND,p_22.1_113.7
2015-05-25,29.10,25.40,27.00,OPEN_METEO_ERA5_LAND,p_22.1_113.7
2015-05-26,29.00,26.10,27.10,OPEN_METEO_ERA5_LAND,p_22.1_113.7
2015-05-27,30.30,26.70,28.00,OPEN_METEO_ERA5_LAND,p_22.1_113.7
2015-05-28,30.50,27.50,28.80,OPEN_METEO_ERA5_LAND,p_22.1_113.7
2015-05-29,30.90,27.90,29.30,OPEN_METEO_ERA5_LAND,p_22.1_113.7
2015-05-30,31.60,27.10,29.10,OPEN_METEO_ERA5_LAND,p_22.1_113.7
2015-05-31,29.10,26.90,27.60,OPEN_METEO_ERA5_LAND,p_22.1_113.7
2015-06-01,29.50,26.80,27.90,OPEN_METEO_ERA5_LAND,p_22.1_113.7
2015-06-02,30.40,27.50,28.70,OPEN_METEO_ERA5_LAND,p_22.1_113.7
2015-06-03,30.90,27.50,29.20,OPEN_METEO_ERA5_LAND,p_22.1_113.7
2015-06-04,31.70,27.30,29.00,OPEN_METEO_ERA5_LAND,p_22.1_113.7
2015-06-05,30.00,26.60,28.10,OPEN_METEO_ERA5_LAND,p_22.1_113.7
2015-06-06,30.00,26.80,28.30,OPEN_METEO_ERA5_LAND,p_22.1_113.7
2015-06-07,30.70,27.60,29.00,OPEN_METEO_ERA5_LAND,p_22.1_113.7
2015-06-08,31.00,27.80,29.30,OPEN_METEO_ERA5_LAND,p_22.1_113.7
2015-06-09,30.70,28.10,29.30,OPEN_METEO_ERA5_LAND,p_22.1_113.7
2015-06-10,30.50,28.20,29.00,OPEN_METEO_ERA5_LAND,p_22.1_113.7
2015-06-11,31.80,27.20,29.30,OPEN_METEO_ERA5_LAND,p_22.1_113.7
2015-06-12,30.00,26.90,28.40,OPEN_METEO_ERA5_LAND,p_22.1_113.7
2015-06-13,31.00,27.70,29.00,OPEN_METEO_ERA5_LAND,p_22.1_113.7
2015-06-14,30.20,27.20,28.70,OPEN_METEO_ERA5_LAND,p_22.1_113.7
2015-06-15,30.90,27.30,29.10,OPEN_METEO_ERA5_LAND,p_22.1_113.7
2015-06-16,31.20,27.80,29.40,OPEN_METEO_ERA5_LAND,p_22.1_113.7
2015-06-17,31.70,27.50,29.70,OPEN_METEO_ERA5_LAND,p_22.1_113.7
2015-06-18,32.10,28.10,30.00,OPEN_METEO_ERA5_LAND,p_22.1_113.7
2015-06-19,32.10,28.30,30.10,OPEN_METEO_ERA5_LAND,p_22.1_113.7
2015-06-20,32.10,28.10,29.90,OPEN_METEO_ERA5_LAND,p_22.1_113.7
2015-06-21,31.10,27.80,29.10,OPEN_METEO_ERA5_LAND,p_22.1_113.7
2015-06-22,29.30,26.90,28.20,OPEN_METEO_ERA5_LAND,p_22.1_113.7
2015-06-23,29.90,26.70,27.90,OPEN_METEO_ERA5_LAND,p_22.1_113.7
2015-06-24,30.00,26.80,28.00,OPEN_METEO_ERA5_LAND,p_22.1_113.7
2015-06-25,30.10,27.20,28.50,OPEN_METEO_ERA5_LAND,p_22.1_113.7
2015-06-26,31.10,28.00,29.40,OPEN_METEO_ERA5_LAND,p_22.1_113.7
2015-06-27,31.40,28.70,29.90,OPEN_METEO_ERA5_LAND,p_22.1_113.7
2015-06-28,31.60,28.70,30.00,OPEN_METEO_ERA5_LAND,p_22.1_113.7
2015-06-29,31.50,28.50,30.00,OPEN_METEO_ERA5_LAND,p_22.1_113.7
2015-06-30,31.80,29.00,30.20,OPEN_METEO_ERA5_LAND,p_22.1_113.7
2015-07-01,32.40,29.20,30.50,OPEN_METEO_ERA5_LAND,p_22.1_113.7
2015-07-02,32.60,29.50,30.70,OPEN_METEO_ERA5_LAND,p_22.1_113.7
2015-07-03,31.70,28.90,30.00,OPEN_METEO_ERA5_LAND,p_22.1_113.7
2015-07-04,31.00,28.70,29.60,OPEN_METEO_ERA5_LAND,p_22.1_113.7
2015-07-05,30.60,27.50,28.70,OPEN_METEO_ERA5_LAND,p_22.1_113.7
2015-07-06,30.60,27.20,28.50,OPEN_METEO_ERA5_LAND,p_22.1_113.7
2015-07-07,30.60,26.90,28.40,OPEN_METEO_ERA5_LAND,p_22.1_113.7
2015-07-08,30.30,25.70,27.90,OPEN_METEO_ERA5_LAND,p_22.1_113.7
2015-07-09,30.50,25.10,27.40,OPEN_METEO_ERA5_LAND,p_22.1_113.7
2015-07-10,29.50,25.10,27.50,OPEN_METEO_ERA5_LAND,p_22.1_113.7
2015-07-11,32.60,26.70,29.50,OPEN_METEO_ERA5_LAND,p_22.1_113.7
2015-07-12,33.10,28.20,30.00,OPEN_METEO_ERA5_LAND,p_22.1_113.7
2015-07-13,32.20,27.90,29.70,OPEN_METEO_ERA5_LAND,p_22.1_113.7
2015-07-14,32.20,27.50,29.70,OPEN_METEO_ERA5_LAND,p_22.1_113.7
2015-07-15,31.10,27.10,29.50,OPEN_METEO_ERA5_LAND,p_22.1_113.7
2015-07-16,31.70,27.70,29.40,OPEN_METEO_ERA5_LAND,p_22.1_113.7
2015-07-17,30.00,27.00,28.40,OPEN_METEO_ERA5_LAND,p_22.1_113.7
2015-07-18,29.80,27.10,28.20,OPEN_METEO_ERA5_LAND,p_22.1_113.7
2015-07-19,31.30,26.70,28.80,OPEN_METEO_ERA5_LAND,p_22.1_113.7
2015-07-20,28.90,26.70,27.60,OPEN_METEO_ERA5_LAND,p_22.1_113.7
2015-07-21,27.40,26.20,26.80,OPEN_METEO_ERA5_LAND,p_22.1_113.7
2015-07-22,29.20,26.80,27.80,OPEN_METEO_ERA5_LAND,p_22.1_113.7
2015-07-23,28.50,27.50,28.00,OPEN_METEO_ERA5_LAND,p_22.1_113.7
2015-07-24,28.80,26.60,27.80,OPEN_METEO_ERA5_LAND,p_22.1_113.7
2015-07-25,29.70,27.10,28.00,OPEN_METEO_ERA5_LAND,p_22.1_113.7
2015-07-26,29.60,26.10,28.00,OPEN_METEO_ERA5_LAND,p_22.1_113.7
2015-07-27,29.30,26.90,27.90,OPEN_METEO_ERA5_LAND,p_22.1_113.7
2015-07-28,30.00,26.30,27.90,OPEN_METEO_ERA5_LAND,p_22.1_113.7
2015-07-29,28.90,25.90,27.20,OPEN_METEO_ERA5_LAND,p_22.1_113.7
2015-07-30,29.00,26.10,27.60,OPEN_METEO_ERA5_LAND,p_22.1_113.7
2015-07-31,30.30,25.90,28.10,OPEN_METEO_ERA5_LAND,p_22.1_113.7
2015-08-01,30.20,26.10,28.30,OPEN_METEO_ERA5_LAND,p_22.1_113.7
2015-08-02,30.90,26.90,28.80,OPEN_METEO_ERA5_LAND,p_22.1_113.7
2015-08-03,31.00,26.60,29.00,OPEN_METEO_ERA5_LAND,p_22.1_113.7
2015-08-04,31.20,27.00,29.00,OPEN_METEO_ERA5_LAND,p_22.1_113.7
2015-08-05,31.70,27.00,29.10,OPEN_METEO_ERA5_LAND,p_22.1_113.7
2015-08-06,32.00,27.50,29.60,OPEN_METEO_ERA5_LAND,p_22.1_113.7
2015-08-07,33.70,27.60,30.40,OPEN_METEO_ERA5_LAND,p_22.1_113.7
2015-08-08,35.00,29.70,32.20,OPEN_METEO_ERA5_LAND,p_22.1_113.7
2015-08-09,33.70,29.50,31.20,OPEN_METEO_ERA5_LAND,p_22.1_113.7
2015-08-10,29.40,27.30,28.20,OPEN_METEO_ERA5_LAND,p_22.1_113.7
2015-08-11,29.50,26.60,28.00,OPEN_METEO_ERA5_LAND,p_22.1_113.7
2015-08-12,31.10,27.00,28.60,OPEN_METEO_ERA5_LAND,p_22.1_113.7
2015-08-13,30.00,26.90,28.20,OPEN_METEO_ERA5_LAND,p_22.1_113.7
2015-08-14,28.90,26.70,27.80,OPEN_METEO_ERA5_LAND,p_22.1_113.7
2015-08-15,28.40,26.90,27.40,OPEN_METEO_ERA5_LAND,p_22.1_113.7
2015-08-16,30.20,27.40,28.80,OPEN_METEO_ERA5_LAND,p_22.1_113.7
2015-08-17,30.30,28.00,29.10,OPEN_METEO_ERA5_LAND,p_22.1_113.7
2015-08-18,31.60,27.90,29.60,OPEN_METEO_ERA5_LAND,p_22.1_113.7
2015-08-19,31.90,28.20,29.70,OPEN_METEO_ERA5_LAND,p_22.1_113.7
2015-08-20,30.70,27.30,28.80,OPEN_METEO_ERA5_LAND,p_22.1_113.7
2015-08-21,32.80,27.30,29.40,OPEN_METEO_ERA5_LAND,p_22.1_113.7
2015-08-22,32.50,28.20,29.90,OPEN_METEO_ERA5_LAND,p_22.1_113.7
2015-08-23,33.10,28.30,30.20,OPEN_METEO_ERA5_LAND,p_22.1_113.7
2015-08-24,32.80,28.50,30.30,OPEN_METEO_ERA5_LAND,p_22.1_113.7
2015-08-25,32.60,27.50,29.80,OPEN_METEO_ERA5_LAND,p_22.1_113.7
2015-08-26,30.40,27.20,28.40,OPEN_METEO_ERA5_LAND,p_22.1_113.7
2015-08-27,30.60,26.60,28.00,OPEN_METEO_ERA5_LAND,p_22.1_113.7
2015-08-28,29.10,26.00,27.40,OPEN_METEO_ERA5_LAND,p_22.1_113.7
2015-08-29,28.80,26.10,27.00,OPEN_METEO_ERA5_LAND,p_22.1_113.7
2015-08-30,27.70,26.00,26.40,OPEN_METEO_ERA5_LAND,p_22.1_113.7
2015-08-31,28.00,25.90,26.80,OPEN_METEO_ERA5_LAND,p_22.1_113.7
2015-09-01,28.30,26.00,26.80,OPEN_METEO_ERA5_LAND,p_22.1_113.7
2015-09-02,26.90,25.60,26.30,OPEN_METEO_ERA5_LAND,p_22.1_113.7
2015-09-03,28.10,25.70,27.00,OPEN_METEO_ERA5_LAND,p_22.1_113.7
2015-09-04,30.10,26.60,28.30,OPEN_METEO_ERA5_LAND,p_22.1_113.7
2015-09-05,31.20,26.50,29.00,OPEN_METEO_ERA5_LAND,p_22.1_113.7
2015-09-06,32.00,28.00,29.70,OPEN_METEO_ERA5_LAND,p_22.1_113.7
2015-09-07,29.20,26.50,27.80,OPEN_METEO_ERA5_LAND,p_22.1_113.7
2015-09-08,30.00,25.60,27.80,OPEN_METEO_ERA5_LAND,p_22.1_113.7
2015-09-09,30.10,26.50,28.00,OPEN_METEO_ERA5_LAND,p_22.1_113.7
2015-09-10,29.90,26.30,27.90,OPEN_METEO_ERA5_LAND,p_22.1_113.7
2015-09-11,29.70,26.30,27.60,OPEN_METEO_ERA5_LAND,p_22.1_113.7
2015-09-12,29.10,26.00,27.30,OPEN_METEO_ERA5_LAND,p_22.1_113.7
2015-09-13,29.30,25.30,26.90,OPEN_METEO_ERA5_LAND,p_22.1_113.7
2015-09-14,29.50,25.20,27.10,OPEN_METEO_ERA5_LAND,p_22.1_113.7
2015-09-15,30.30,26.30,28.00,OPEN_METEO_ERA5_LAND,p_22.1_113.7
2015-09-16,28.90,26.10,27.20,OPEN_METEO_ERA5_LAND,p_22.1_113.7
2015-09-17,29.70,25.80,27.60,OPEN_METEO_ERA5_LAND,p_22.1_113.7
2015-09-18,30.00,26.10,27.80,OPEN_METEO_ERA5_LAND,p_22.1_113.7
2015-09-19,29.90,26.00,28.00,OPEN_METEO_ERA5_LAND,p_22.1_113.7
2015-09-20,29.50,26.70,27.80,OPEN_METEO_ERA5_LAND,p_22.1_113.7
2015-09-21,27.00,24.50,25.80,OPEN_METEO_ERA5_LAND,p_22.1_113.7
2015-09-22,29.70,25.20,27.30,OPEN_METEO_ERA5_LAND,p_22.1_113.7
2015-09-23,30.20,26.30,28.30,OPEN_METEO_ERA5_LAND,p_22.1_113.7
2015-09-24,31.10,27.20,28.90,OPEN_METEO_ERA5_LAND,p_22.1_113.7
2015-09-25,31.80,27.80,29.40,OPEN_METEO_ERA5_LAND,p_22.1_113.7
2015-09-26,31.00,27.80,29.00,OPEN_METEO_ERA5_LAND,p_22.1_113.7
2015-09-27,30.20,26.20,28.10,OPEN_METEO_ERA5_LAND,p_22.1_113.7
2015-09-28,31.20,26.00,28.50,OPEN_METEO_ERA5_LAND,p_22.1_113.7
2015-09-29,31.50,26.10,28.60,OPEN_METEO_ERA5_LAND,p_22.1_113.7
2015-09-30,30.30,27.30,28.70,OPEN_METEO_ERA5_LAND,p_22.1_113.7
2015-10-01,31.10,26.40,28.10,OPEN_METEO_ERA5_LAND,p_22.1_113.7
2015-10-02,29.60,25.40,27.30,OPEN_METEO_ERA5_LAND,p_22.1_113.7
2015-10-03,28.20,25.40,26.50,OPEN_METEO_ERA5_LAND,p_22.1_113.7
2015-10-04,26.30,25.50,25.90,OPEN_METEO_ERA5_LAND,p_22.1_113.7
2015-10-05,26.20,25.20,25.80,OPEN_METEO_ERA5_LAND,p_22.1_113.7
2015-10-06,27.10,25.40,26.20,OPEN_METEO_ERA5_LAND,p_22.1_113.7
2015-10-07,27.60,25.40,26.50,OPEN_METEO_ERA5_LAND,p_22.1_113.7
2015-10-08,29.40,25.30,27.00,OPEN_METEO_ERA5_LAND,p_22.1_113.7
2015-10-09,28.00,24.20,25.90,OPEN_METEO_ERA5_LAND,p_22.1_113.7
2015-10-10,24.80,20.90,23.30,OPEN_METEO_ERA5_LAND,p_22.1_113.7
2015-10-11,20.70,18.70,19.70,OPEN_METEO_ERA5_LAND,p_22.1_113.7
2015-10-12,24.40,20.80,22.70,OPEN_METEO_ERA5_LAND,p_22.1_113.7
2015-10-13,26.60,22.30,24.10,OPEN_METEO_ERA5_LAND,p_22.1_113.7
2015-10-14,27.40,22.50,24.70,OPEN_METEO_ERA5_LAND,p_22.1_113.7
2015-10-15,27.70,22.30,24.70,OPEN_METEO_ERA5_LAND,p_22.1_113.7
2015-10-16,28.10,23.10,25.20,OPEN_METEO_ERA5_LAND,p_22.1_113.7
2015-10-17,28.70,23.30,25.50,OPEN_METEO_ERA5_LAND,p_22.1_113.7
2015-10-18,27.80,22.80,24.90,OPEN_METEO_ERA5_LAND,p_22.1_113.7
2015-10-19,26.90,22.20,24.30,OPEN_METEO_ERA5_LAND,p_22.1_113.7
2015-10-20,27.40,22.40,24.30,OPEN_METEO_ERA5_LAND,p_22.1_113.7
2015-10-21,28.30,22.60,25.20,OPEN_METEO_ERA5_LAND,p_22.1_113.7
2015-10-22,28.90,23.10,25.90,OPEN_METEO_ERA5_LAND,p_22.1_113.7
2015-10-23,28.60,23.40,25.90,OPEN_METEO_ERA5_LAND,p_22.1_113.7
2015-10-24,27.80,23.80,25.50,OPEN_METEO_ERA5_LAND,p_22.1_113.7
2015-10-25,27.50,24.70,25.80,OPEN_METEO_ERA5_LAND,p_22.1_113.7
2015-10-26,26.90,24.60,25.60,OPEN_METEO_ERA5_LAND,p_22.1_113.7
2015-10-27,27.40,24.40,25.70,OPEN_METEO_ERA5_LAND,p_22.1_113.7
2015-10-28,27.90,24.30,25.90,OPEN_METEO_ERA5_LAND,p_22.1_113.7
2015-10-29,28.50,25.10,26.30,OPEN_METEO_ERA5_LAND,p_22.1_113.7
2015-10-30,28.30,24.40,25.80,OPEN_METEO_ERA5_LAND,p_22.1_113.7
2015-10-31,26.40,22.60,24.50,OPEN_METEO_ERA5_LAND,p_22.1_113.7
2015-11-01,22.70,19.10,21.00,OPEN_METEO_ERA5_LAND,p_22.1_113.7
2015-11-02,23.20,17.80,20.30,OPEN_METEO_ERA5_LAND,p_22.1_113.7
2015-11-03,24.80,20.70,22.30,OPEN_METEO_ERA5_LAND,p_22.1_113.7
2015-11-04,25.80,21.20,23.50,OPEN_METEO_ERA5_LAND,p_22.1_113.7
2015-11-05,27.20,23.00,24.90,OPEN_METEO_ERA5_LAND,p_22.1_113.7
2015-11-06,27.10,24.60,25.50,OPEN_METEO_ERA5_LAND,p_22.1_113.7
2015-11-07,27.30,24.50,25.70,OPEN_METEO_ERA5_LAND,p_22.1_113.7
2015-11-08,28.00,24.90,26.10,OPEN_METEO_ERA5_LAND,p_22.1_113.7
2015-11-09,28.00,24.30,25.80,OPEN_METEO_ERA5_LAND,p_22.1_113.7
2015-11-10,24.70,22.50,23.60,OPEN_METEO_ERA5_LAND,p_22.1_113.7
2015-11-11,24.80,22.10,23.40,OPEN_METEO_ERA5_LAND,p_22.1_113.7
2015-11-12,24.60,22.80,23.50,OPEN_METEO_ERA5_LAND,p_22.1_113.7
2015-11-13,23.30,19.60,21.90,OPEN_METEO_ERA5_LAND,p_22.1_113.7
2015-11-14,25.30,20.00,22.60,OPEN_METEO_ERA5_LAND,p_22.1_113.7
2015-11-15,25.80,22.60,24.30,OPEN_METEO_ERA5_LAND,p_22.1_113.7
2015-11-16,27.10,23.90,25.40,OPEN_METEO_ERA5_LAND,p_22.1_113.7
2015-11-17,27.90,24.10,25.60,OPEN_METEO_ERA5_LAND,p_22.1_113.7
2015-11-18,27.90,23.60,25.70,OPEN_METEO_ERA5_LAND,p_22.1_113.7
2015-11-19,27.40,23.30,25.20,OPEN_METEO_ERA5_LAND,p_22.1_113.7
2015-11-20,27.20,23.90,25.10,OPEN_METEO_ERA5_LAND,p_22.1_113.7
2015-11-21,25.20,23.40,24.20,OPEN_METEO_ERA5_LAND,p_22.1_113.7
2015-11-22,27.20,23.10,24.60,OPEN_METEO_ERA5_LAND,p_22.1_113.7
2015-11-23,26.70,22.40,24.00,OPEN_METEO_ERA5_LAND,p_22.1_113.7
2015-11-24,26.20,21.80,23.50,OPEN_METEO_ERA5_LAND,p_22.1_113.7
2015-11-25,22.70,16.60,20.90,OPEN_METEO_ERA5_LAND,p_22.1_113.7
2015-11-26,19.90,14.50,17.00,OPEN_METEO_ERA5_LAND,p_22.1_113.7
2015-11-27,20.40,13.90,17.30,OPEN_METEO_ERA5_LAND,p_22.1_113.7
2015-11-28,21.50,18.60,19.60,OPEN_METEO_ERA5_LAND,p_22.1_113.7
2015-11-29,23.20,17.80,20.00,OPEN_METEO_ERA5_LAND,p_22.1_113.7
2015-11-30,23.10,18.20,20.30,OPEN_METEO_ERA5_LAND,p_22.1_113.7
2015-12-01,24.20,19.30,21.50,OPEN_METEO_ERA5_LAND,p_22.1_113.7
2015-12-02,24.40,20.20,22.20,OPEN_METEO_ERA5_LAND,p_22.1_113.7
2015-12-03,19.90,16.90,17.80,OPEN_METEO_ERA5_LAND,p_22.1_113.7
2015-12-04,19.10,16.60,17.60,OPEN_METEO_ERA5_LAND,p_22.1_113.7
2015-12-05,19.20,14.40,17.00,OPEN_METEO_ERA5_LAND,p_22.1_113.7
2015-12-06,16.70,13.40,15.00,OPEN_METEO_ERA5_LAND,p_22.1_113.7
2015-12-07,17.10,13.00,15.20,OPEN_METEO_ERA5_LAND,p_22.1_113.7
2015-12-08,16.90,14.70,15.70,OPEN_METEO_ERA5_LAND,p_22.1_113.7
2015-12-09,17.40,14.80,15.70,OPEN_METEO_ERA5_LAND,p_22.1_113.7
2015-12-10,19.80,15.00,17.50,OPEN_METEO_ERA5_LAND,p_22.1_113.7
2015-12-11,19.60,16.20,18.00,OPEN_METEO_ERA5_LAND,p_22.1_113.7
2015-12-12,21.80,18.10,19.70,OPEN_METEO_ERA5_LAND,p_22.1_113.7
2015-12-13,22.50,19.40,20.60,OPEN_METEO_ERA5_LAND,p_22.1_113.7
2015-12-14,20.50,17.30,18.70,OPEN_METEO_ERA5_LAND,p_22.1_113.7
2015-12-15,18.70,15.30,16.70,OPEN_METEO_ERA5_LAND,p_22.1_113.7
2015-12-16,16.30,12.60,14.20,OPEN_METEO_ERA5_LAND,p_22.1_113.7
2015-12-17,14.10,10.80,12.20,OPEN_METEO_ERA5_LAND,p_22.1_113.7
2015-12-18,15.90,9.50,12.60,OPEN_METEO_ERA5_LAND,p_22.1_113.7
2015-12-19,18.20,12.30,15.00,OPEN_METEO_ERA5_LAND,p_22.1_113.7
2015-12-20,17.50,15.70,16.50,OPEN_METEO_ERA5_LAND,p_22.1_113.7
2015-12-21,19.10,15.50,17.40,OPEN_METEO_ERA5_LAND,p_22.1_113.7
2015-12-22,21.20,18.10,19.50,OPEN_METEO_ERA5_LAND,p_22.1_113.7
2015-12-23,22.70,18.90,20.60,OPEN_METEO_ERA5_LAND,p_22.1_113.7
2015-12-24,23.20,16.90,21.00,OPEN_METEO_ERA5_LAND,p_22.1_113.7
2015-12-25,17.50,15.00,16.30,OPEN_METEO_ERA5_LAND,p_22.1_113.7
2015-12-26,15.80,14.00,14.80,OPEN_METEO_ERA5_LAND,p_22.1_113.7
2015-12-27,16.10,13.70,15.00,OPEN_METEO_ERA5_LAND,p_22.1_113.7
2015-12-28,18.70,14.70,16.30,OPEN_METEO_ERA5_LAND,p_22.1_113.7
2015-12-29,18.60,15.80,17.00,OPEN_METEO_ERA5_LAND,p_22.1_113.7
2015-12-30,17.60,13.90,15.50,OPEN_METEO_ERA5_LAND,p_22.1_113.7
2015-12-31,18.20,14.00,15.90,OPEN_METEO_ERA5_LAND,p_22.1_113.7
2016-01-01,19.40,14.70,16.90,OPEN_METEO_ERA5_LAND,p_22.1_113.7
2016-01-02,20.50,14.40,17.40,OPEN_METEO_ERA5_LAND,p_22.1_113.7
2016-01-03,20.00,17.80,18.90,OPEN_METEO_ERA5_LAND,p_22.1_113.7
2016-01-04,21.10,19.00,19.90,OPEN_METEO_ERA5_LAND,p_22.1_113.7
2016-01-05,21.00,18.50,19.90,OPEN_METEO_ERA5_LAND,p_22.1_113.7
2016-01-06,22.20,18.60,20.10,OPEN_METEO_ERA5_LAND,p_22.1_113.7
2016-01-07,20.00,15.50,17.60,OPEN_METEO_ERA5_LAND,p_22.1_113.7
2016-01-08,19.50,16.30,17.70,OPEN_METEO_ERA5_LAND,p_22.1_113.7
2016-01-09,19.20,16.40,17.70,OPEN_METEO_ERA5_LAND,p_22.1_113.7
2016-01-10,18.90,17.20,18.00,OPEN_METEO_ERA5_LAND,p_22.1_113.7
2016-01-11,18.50,16.10,17.30,OPEN_METEO_ERA5_LAND,p_22.1_113.7
2016-01-12,16.10,14.40,15.30,OPEN_METEO_ERA5_LAND,p_22.1_113.7
2016-01-13,17.60,13.10,15.30,OPEN_METEO_ERA5_LAND,p_22.1_113.7
2016-01-14,16.40,14.30,15.10,OPEN_METEO_ERA5_LAND,p_22.1_113.7
2016-01-15,15.20,13.60,14.30,OPEN_METEO_ERA5_LAND,p_22.1_113.7
2016-01-16,18.90,14.50,17.00,OPEN_METEO_ERA5_LAND,p_22.1_113.7
2016-01-17,19.20,14.60,17.60,OPEN_METEO_ERA5_LAND,p_22.1_113.7
2016-01-18,16.50,11.40,14.40,OPEN_METEO_ERA5_LAND,p_22.1_113.7
2016-01-19,16.30,14.50,15.30,OPEN_METEO_ERA5_LAND,p_22.1_113.7
2016-01-20,16.50,15.40,15.90,OPEN_METEO_ERA5_LAND,p_22.1_113.7
2016-01-21,16.40,13.50,15.20,OPEN_METEO_ERA5_LAND,p_22.1_113.7
2016-01-22,13.20,9.70,11.80,OPEN_METEO_ERA5_LAND,p_22.1_113.7
2016-01-23,9.40,6.60,7.50,OPEN_METEO_ERA5_LAND,p_22.1_113.7
2016-01-24,6.60,4.20,4.90,OPEN_METEO_ERA5_LAND,p_22.1_113.7
2016-01-25,9.80,4.10,6.80,OPEN_METEO_ERA5_LAND,p_22.1_113.7
2016-01-26,10.40,6.60,8.10,OPEN_METEO_ERA5_LAND,p_22.1_113.7
2016-01-27,14.80,7.00,11.40,OPEN_METEO_ERA5_LAND,p_22.1_113.7
2016-01-28,17.50,14.20,15.70,OPEN_METEO_ERA5_LAND,p_22.1_113.7
2016-01-29,18.00,15.50,16.80,OPEN_METEO_ERA5_LAND,p_22.1_113.7
2016-01-30,18.20,15.10,16.70,OPEN_METEO_ERA5_LAND,p_22.1_113.7
2016-01-31,16.90,15.70,16.20,OPEN_METEO_ERA5_LAND,p_22.1_113.7
2016-02-01,15.20,9.20,11.20,OPEN_METEO_ERA5_LAND,p_22.1_113.7
2016-02-02,9.50,7.50,8.60,OPEN_METEO_ERA5_LAND,p_22.1_113.7
2016-02-03,12.50,8.90,10.70,OPEN_METEO_ERA5_LAND,p_22.1_113.7
2016-02-04,17.30,11.20,13.70,OPEN_METEO_ERA5_LAND,p_22.1_113.7
2016-02-05,15.70,11.30,13.20,OPEN_METEO_ERA5_LAND,p_22.1_113.7
2016-02-06,16.00,11.00,13.20,OPEN_METEO_ERA5_LAND,p_22.1_113.7
2016-02-07,16.40,8.80,12.20,OPEN_METEO_ERA5_LAND,p_22.1_113.7
2016-02-08,18.80,9.60,13.30,OPEN_METEO_ERA5_LAND,p_22.1_113.7
2016-02-09,19.80,9.90,14.90,OPEN_METEO_ERA5_LAND,p_22.1_113.7
2016-02-10,19.60,15.20,17.20,OPEN_METEO_ERA5_LAND,p_22.1_113.7
2016-02-11,21.30,16.60,18.90,OPEN_METEO_ERA5_LAND,p_22.1_113.7
2016-02-12,22.90,19.10,20.70,OPEN_METEO_ERA5_LAND,p_22.1_113.7
2016-02-13,23.60,20.70,21.90,OPEN_METEO_ERA5_LAND,p_22.1_113.7
2016-02-14,21.90,15.70,19.80,OPEN_METEO_ERA5_LAND,p_22.1_113.7
2016-02-15,14.70,10.00,11.30,OPEN_METEO_ERA5_LAND,p_22.1_113.7
2016-02-16,11.90,9.20,10.70,OPEN_METEO_ERA5_LAND,p_22.1_113.7
2016-02-17,12.30,11.10,11.70,OPEN_METEO_ERA5_LAND,p_22.1_113.7
2016-02-18,14.30,11.90,13.20,OPEN_METEO_ERA5_LAND,p_22.1_113.7
2016-02-19,14.30,13.50,13.80,OPEN_METEO_ERA5_LAND,p_22.1_113.7
2016-02-20,19.00,13.50,15.60,OPEN_METEO_ERA5_LAND,p_22.1_113.7
2016-02-21,17.40,14.70,16.10,OPEN_METEO_ERA5_LAND,p_22.1_113.7
2016-02-22,19.20,14.80,17.40,OPEN_METEO_ERA5_LAND,p_22.1_113.7
2016-02-23,15.60,13.40,14.50,OPEN_METEO_ERA5_LAND,p_22.1_113.7
2016-02-24,13.90,11.80,12.90,OPEN_METEO_ERA5_LAND,p_22.1_113.7
2016-02-25,15.10,12.50,13.60,OPEN_METEO_ERA5_LAND,p_22.1_113.7
2016-02-26,14.60,12.70,13.60,OPEN_METEO_ERA5_LAND,p_22.1_113.7
2016-02-27,17.60,12.70,14.90,OPEN_METEO_ERA5_LAND,p_22.1_113.7
2016-02-28,18.90,12.50,15.60,OPEN_METEO_ERA5_LAND,p_22.1_113.7
2016-02-29,23.00,13.40,17.70,OPEN_METEO_ERA5_LAND,p_22.1_113.7
2016-03-01,20.20,15.20,17.20,OPEN_METEO_ERA5_LAND,p_22.1_113.7
2016-03-02,20.20,14.80,16.90,OPEN_METEO_ERA5_LAND,p_22.1_113.7
2016-03-03,21.30,13.70,17.20,OPEN_METEO_ERA5_LAND,p_22.1_113.7
2016-03-04,22.00,16.00,18.80,OPEN_METEO_ERA5_LAND,p_22.1_113.7
2016-03-05,21.70,18.30,19.80,OPEN_METEO_ERA5_LAND,p_22.1_113.7
2016-03-06,23.20,17.80,20.00,OPEN_METEO_ERA5_LAND,p_22.1_113.7
2016-03-07,21.40,17.50,19.60,OPEN_METEO_ERA5_LAND,p_22.1_113.7
2016-03-08,21.70,19.70,20.60,OPEN_METEO_ERA5_LAND,p_22.1_113.7
2016-03-09,21.70,20.20,20.70,OPEN_METEO_ERA5_LAND,p_22.1_113.7
2016-03-10,19.80,9.90,12.90,OPEN_METEO_ERA5_LAND,p_22.1_113.7
2016-03-11,11.70,9.20,10.40,OPEN_METEO_ERA5_LAND,p_22.1_113.7
2016-03-12,15.30,11.20,13.60,OPEN_METEO_ERA5_LAND,p_22.1_113.7
2016-03-13,18.50,13.60,16.20,OPEN_METEO_ERA5_LAND,p_22.1_113.7
2016-03-14,17.20,13.80,15.50,OPEN_METEO_ERA5_LAND,p_22.1_113.7
2016-03-15,15.90,14.70,15.20,OPEN_METEO_ERA5_LAND,p_22.1_113.7
2016-03-16,18.00,15.10,16.50,OPEN_METEO_ERA5_LAND,p_22.1_113.7
2016-03-17,20.10,17.30,18.90,OPEN_METEO_ERA5_LAND,p_22.1_113.7
2016-03-18,22.00,19.90,20.80,OPEN_METEO_ERA5_LAND,p_22.1_113.7
2016-03-19,23.40,20.60,21.60,OPEN_METEO_ERA5_LAND,p_22.1_113.7
2016-03-20,22.30,20.90,21.60,OPEN_METEO_ERA5_LAND,p_22.1_113.7
2016-03-21,21.10,19.00,19.80,OPEN_METEO_ERA5_LAND,p_22.1_113.7
2016-03-22,20.60,18.60,19.60,OPEN_METEO_ERA5_LAND,p_22.1_113.7
2016-03-23,23.10,19.40,20.90,OPEN_METEO_ERA5_LAND,p_22.1_113.7
2016-03-24,19.00,14.00,16.00,OPEN_METEO_ERA5_LAND,p_22.1_113.7
2016-03-25,16.30,12.60,14.30,OPEN_METEO_ERA5_LAND,p_22.1_113.7
2016-03-26,19.70,12.80,16.60,OPEN_METEO_ERA5_LAND,p_22.1_113.7
2016-03-27,20.40,14.80,17.10,OPEN_METEO_ERA5_LAND,p_22.1_113.7
2016-03-28,19.10,15.00,17.00,OPEN_METEO_ERA5_LAND,p_22.1_113.7
2016-03-29,20.40,15.20,18.00,OPEN_METEO_ERA5_LAND,p_22.1_113.7
2016-03-30,21.50,18.20,19.60,OPEN_METEO_ERA5_LAND,p_22.1_113.7
2016-03-31,24.10,18.40,20.60,OPEN_METEO_ERA5_LAND,p_22.1_113.7
2016-04-01,23.40,19.20,21.10,OPEN_METEO_ERA5_LAND,p_22.1_113.7
2016-04-02,23.00,20.50,21.60,OPEN_METEO_ERA5_LAND,p_22.1_113.7
2016-04-03,23.20,20.70,21.90,OPEN_METEO_ERA5_LAND,p_22.1_113.7
2016-04-04,24.10,21.50,22.50,OPEN_METEO_ERA5_LAND,p_22.1_113.7
2016-04-05,24.30,20.30,22.50,OPEN_METEO_ERA5_LAND,p_22.1_113.7
2016-04-06,25.80,22.00,23.60,OPEN_METEO_ERA5_LAND,p_22.1_113.7
2016-04-07,25.50,22.90,23.90,OPEN_METEO_ERA5_LAND,p_22.1_113.7
2016-04-08,26.00,22.80,24.20,OPEN_METEO_ERA5_LAND,p_22.1_113.7
2016-04-09,25.30,23.70,24.20,OPEN_METEO_ERA5_LAND,p_22.1_113.7
2016-04-10,24.30,22.00,23.50,OPEN_METEO_ERA5_LAND,p_22.1_113.7
2016-04-11,23.60,21.50,22.30,OPEN_METEO_ERA5_LAND,p_22.1_113.7
2016-04-12,23.50,21.40,22.20,OPEN_METEO_ERA5_LAND,p_22.1_113.7
2016-04-13,25.80,22.00,23.70,OPEN_METEO_ERA5_LAND,p_22.1_113.7
2016-04-14,25.20,22.80,23.80,OPEN_METEO_ERA5_LAND,p_22.1_113.7
2016-04-15,24.70,23.50,24.00,OPEN_METEO_ERA5_LAND,p_22.1_113.7
2016-04-16,26.20,23.30,24.60,OPEN_METEO_ERA5_LAND,p_22.1_113.7
2016-04-17,26.60,23.60,25.10,OPEN_METEO_ERA5_LAND,p_22.1_113.7
2016-04-18,24.40,19.60,22.60,OPEN_METEO_ERA5_LAND,p_22.1_113.7
2016-04-19,22.80,20.80,21.80,OPEN_METEO_ERA5_LAND,p_22.1_113.7
2016-04-20,24.10,22.00,22.80,OPEN_METEO_ERA5_LAND,p_22.1_113.7
2016-04-21,25.00,22.30,23.60,OPEN_METEO_ERA5_LAND,p_22.1_113.7
2016-04-22,24.30,22.50,23.50,OPEN_METEO_ERA5_LAND,p_22.1_113.7
2016-04-23,26.00,22.70,24.30,OPEN_METEO_ERA5_LAND,p_22.1_113.7
2016-04-24,25.60,23.20,24.00,OPEN_METEO_ERA5_LAND,p_22.1_113.7
2016-04-25,27.30,23.20,24.80,OPEN_METEO_ERA5_LAND,p_22.1_113.7
2016-04-26,27.00,25.20,25.80,OPEN_METEO_ERA5_LAND,p_22.1_113.7
2016-04-27,28.00,23.50,25.60,OPEN_METEO_ERA5_LAND,p_22.1_113.7
2016-04-28,28.30,24.50,26.00,OPEN_METEO_ERA5_LAND,p_22.1_113.7
2016-04-29,25.70,23.40,24.40,OPEN_METEO_ERA5_LAND,p_22.1_113.7
2016-04-30,23.80,21.80,22.90,OPEN_METEO_ERA5_LAND,p_22.1_113.7
2016-05-01,25.60,21.80,23.80,OPEN_METEO_ERA5_LAND,p_22.1_113.7
2016-05-02,28.10,24.20,26.00,OPEN_METEO_ERA5_LAND,p_22.1_113.7
2016-05-03,27.80,24.40,25.80,OPEN_METEO_ERA5_LAND,p_22.1_113.7
2016-05-04,27.80,23.90,25.60,OPEN_METEO_ERA5_LAND,p_22.1_113.7
2016-05-05,28.90,25.90,27.20,OPEN_METEO_ERA5_LAND,p_22.1_113.7
2016-05-06,29.20,25.50,27.20,OPEN_METEO_ERA5_LAND,p_22.1_113.7
2016-05-07,29.30,25.40,27.20,OPEN_METEO_ERA5_LAND,p_22.1_113.7
2016-05-08,28.70,26.60,27.50,OPEN_METEO_ERA5_LAND,p_22.1_113.7
2016-05-09,29.30,26.90,27.90,OPEN_METEO_ERA5_LAND,p_22.1_113.7
2016-05-10,27.50,24.60,25.70,OPEN_METEO_ERA5_LAND,p_22.1_113.7
2016-05-11,27.90,23.40,25.20,OPEN_METEO_ERA5_LAND,p_22.1_113.7
2016-05-12,27.80,23.70,25.40,OPEN_METEO_ERA5_LAND,p_22.1_113.7
2016-05-13,27.70,24.60,26.00,OPEN_METEO_ERA5_LAND,p_22.1_113.7
2016-05-14,28.10,24.90,26.20,OPEN_METEO_ERA5_LAND,p_22.1_113.7
2016-05-15,28.40,21.80,26.10,OPEN_METEO_ERA5_LAND,p_22.1_113.7
2016-05-16,26.50,21.40,23.50,OPEN_METEO_ERA5_LAND,p_22.1_113.7
2016-05-17,25.60,22.90,24.10,OPEN_METEO_ERA5_LAND,p_22.1_113.7
2016-05-18,26.40,23.50,24.90,OPEN_METEO_ERA5_LAND,p_22.1_113.7
2016-05-19,27.30,24.70,25.80,OPEN_METEO_ERA5_LAND,p_22.1_113.7
2016-05-20,26.60,24.50,25.50,OPEN_METEO_ERA5_LAND,p_22.1_113.7
2016-05-21,29.00,24.60,26.20,OPEN_METEO_ERA5_LAND,p_22.1_113.7
2016-05-22,29.40,24.20,26.60,OPEN_METEO_ERA5_LAND,p_22.1_113.7
2016-05-23,29.50,23.90,26.60,OPEN_METEO_ERA5_LAND,p_22.1_113.7
2016-05-24,29.60,24.30,27.00,OPEN_METEO_ERA5_LAND,p_22.1_113.7
2016-05-25,29.90,26.00,27.90,OPEN_METEO_ERA5_LAND,p_22.1_113.7
2016-05-26,30.10,26.40,28.10,OPEN_METEO_ERA5_LAND,p_22.1_113.7
2016-05-27,28.60,26.40,27.40,OPEN_METEO_ERA5_LAND,p_22.1_113.7
2016-05-28,28.30,26.20,26.90,OPEN_METEO_ERA5_LAND,p_22.1_113.7
2016-05-29,29.30,26.30,27.60,OPEN_METEO_ERA5_LAND,p_22.1_113.7
2016-05-30,30.50,27.10,28.30,OPEN_METEO_ERA5_LAND,p_22.1_113.7
2016-05-31,30.90,27.50,29.00,OPEN_METEO_ERA5_LAND,p_22.1_113.7
2016-06-01,31.70,28.40,29.70,OPEN_METEO_ERA5_LAND,p_22.1_113.7
2016-06-02,32.10,28.60,30.00,OPEN_METEO_ERA5_LAND,p_22.1_113.7
2016-06-03,32.10,28.60,29.90,OPEN_METEO_ERA5_LAND,p_22.1_113.7
2016-06-04,30.70,25.70,28.10,OPEN_METEO_ERA5_LAND,p_22.1_113.7
2016-06-05,27.30,25.50,26.10,OPEN_METEO_ERA5_LAND,p_22.1_113.7
2016-06-06,28.80,25.10,26.80,OPEN_METEO_ERA5_LAND,p_22.1_113.7
2016-06-07,29.90,25.80,27.60,OPEN_METEO_ERA5_LAND,p_22.1_113.7
2016-06-08,28.90,26.30,27.20,OPEN_METEO_ERA5_LAND,p_22.1_113.7
2016-06-09,29.10,25.50,27.20,OPEN_METEO_ERA5_LAND,p_22.1_113.7
2016-06-10,29.40,26.10,27.40,OPEN_METEO_ERA5_LAND,p_22.1_113.7
2016-06-11,27.50,26.40,27.00,OPEN_METEO_ERA5_LAND,p_22.1_113.7
2016-06-12,29.70,26.10,27.50,OPEN_METEO_ERA5_LAND,p_22.1_113.7
2016-06-13,31.00,26.60,28.70,OPEN_METEO_ERA5_LAND,p_22.1_113.7
2016-06-14,31.30,28.40,29.50,OPEN_METEO_ERA5_LAND,p_22.1_113.7
2016-06-15,30.80,28.20,29.20,OPEN_METEO_ERA5_LAND,p_22.1_113.7
2016-06-16,30.30,27.10,28.40,OPEN_METEO_ERA5_LAND,p_22.1_113.7
2016-06-17,30.80,26.50,28.40,OPEN_METEO_ERA5_LAND,p_22.1_113.7
2016-06-18,30.80,27.60,29.00,OPEN_METEO_ERA5_LAND,p_22.1_113.7
2016-06-19,31.50,27.50,29.60,OPEN_METEO_ERA5_LAND,p_22.1_113.7
2016-06-20,31.90,27.00,29.70,OPEN_METEO_ERA5_LAND,p_22.1_113.7
2016-06-21,31.50,27.90,29.70,OPEN_METEO_ERA5_LAND,p_22.1_113.7
2016-06-22,31.20,27.20,29.30,OPEN_METEO_ERA5_LAND,p_22.1_113.7
2016-06-23,31.70,27.40,29.70,OPEN_METEO_ERA5_LAND,p_22.1_113.7
2016-06-24,31.40,27.70,29.80,OPEN_METEO_ERA5_LAND,p_22.1_113.7
2016-06-25,31.90,27.40,29.60,OPEN_METEO_ERA5_LAND,p_22.1_113.7
2016-06-26,31.80,28.60,29.90,OPEN_METEO_ERA5_LAND,p_22.1_113.7
2016-06-27,31.60,27.50,29.90,OPEN_METEO_ERA5_LAND,p_22.1_113.7
2016-06-28,29.30,26.90,28.00,OPEN_METEO_ERA5_LAND,p_22.1_113.7
2016-06-29,29.70,27.10,28.20,OPEN_METEO_ERA5_LAND,p_22.1_113.7
2016-06-30,29.80,27.20,28.30,OPEN_METEO_ERA5_LAND,p_22.1_113.7
2016-07-01,30.90,27.10,28.90,OPEN_METEO_ERA5_LAND,p_22.1_113.7
2016-07-02,31.00,27.60,29.10,OPEN_METEO_ERA5_LAND,p_22.1_113.7
2016-07-03,29.70,27.70,28.60,OPEN_METEO_ERA5_LAND,p_22.1_113.7
2016-07-04,29.70,27.00,28.20,OPEN_METEO_ERA5_LAND,p_22.1_113.7
2016-07-05,29.80,26.80,28.10,OPEN_METEO_ERA5_LAND,p_22.1_113.7
2016-07-06,28.90,26.20,27.70,OPEN_METEO_ERA5_LAND,p_22.1_113.7
2016-07-07,31.90,26.80,29.10,OPEN_METEO_ERA5_LAND,p_22.1_113.7
2016-07-08,33.90,28.00,30.70,OPEN_METEO_ERA5_LAND,p_22.1_113.7
2016-07-09,34.10,28.90,30.90,OPEN_METEO_ERA5_LAND,p_22.1_113.7
2016-07-10,30.60,28.20,29.10,OPEN_METEO_ERA5_LAND,p_22.1_113.7
2016-07-11,30.60,27.50,28.60,OPEN_METEO_ERA5_LAND,p_22.1_113.7
2016-07-12,27.90,26.70,27.30,OPEN_METEO_ERA5_LAND,p_22.1_113.7
2016-07-13,29.70,26.60,27.80,OPEN_METEO_ERA5_LAND,p_22.1_113.7
2016-07-14,29.20,26.90,27.80,OPEN_METEO_ERA5_LAND,p_22.1_113.7
2016-07-15,30.70,27.70,29.10,OPEN_METEO_ERA5_LAND,p_22.1_113.7
2016-07-16,31.90,28.40,29.70,OPEN_METEO_ERA5_LAND,p_22.1_113.7
2016-07-17,31.90,28.70,30.10,OPEN_METEO_ERA5_LAND,p_22.1_113.7
2016-07-18,31.20,28.40,29.80,OPEN_METEO_ERA5_LAND,p_22.1_113.7
2016-07-19,30.40,28.00,29.30,OPEN_METEO_ERA5_LAND,p_22.1_113.7
2016-07-20,30.80,27.70,29.20,OPEN_METEO_ERA5_LAND,p_22.1_113.7
2016-07-21,31.20,27.60,29.50,OPEN_METEO_ERA5_LAND,p_22.1_113.7
2016-07-22,31.80,27.50,29.60,OPEN_METEO_ERA5_LAND,p_22.1_113.7
2016-07-23,32.10,28.10,29.90,OPEN_METEO_ERA5_LAND,p_22.1_113.7
2016-07-24,32.80,28.00,30.10,OPEN_METEO_ERA5_LAND,p_22.1_113.7
2016-07-25,32.70,27.40,30.10,OPEN_METEO_ERA5_LAND,p_22.1_113.7
2016-07-26,31.30,27.80,29.20,OPEN_METEO_ERA5_LAND,p_22.1_113.7
2016-07-27,31.40,28.20,29.30,OPEN_METEO_ERA5_LAND,p_22.1_113.7
2016-07-28,32.10,27.20,29.60,OPEN_METEO_ERA5_LAND,p_22.1_113.7
2016-07-29,33.00,27.90,30.20,OPEN_METEO_ERA5_LAND,p_22.1_113.7
2016-07-30,33.40,28.10,30.10,OPEN_METEO_ERA5_LAND,p_22.1_113.7
2016-07-31,32.50,27.20,29.60,OPEN_METEO_ERA5_LAND,p_22.1_113.7
2016-08-01,32.70,27.50,29.50,OPEN_METEO_ERA5_LAND,p_22.1_113.7
2016-08-02,29.10,26.10,27.00,OPEN_METEO_ERA5_LAND,p_22.1_113.7
2016-08-03,28.60,26.50,27.50,OPEN_METEO_ERA5_LAND,p_22.1_113.7
2016-08-04,29.20,26.50,27.50,OPEN_METEO_ERA5_LAND,p_22.1_113.7
2016-08-05,31.20,27.00,28.80,OPEN_METEO_ERA5_LAND,p_22.1_113.7
2016-08-06,32.50,27.60,29.90,OPEN_METEO_ERA5_LAND,p_22.1_113.7
2016-08-07,32.80,28.40,30.20,OPEN_METEO_ERA5_LAND,p_22.1_113.7
2016-08-08,32.80,28.90,30.20,OPEN_METEO_ERA5_LAND,p_22.1_113.7
2016-08-09,31.30,28.50,29.60,OPEN_METEO_ERA5_LAND,p_22.1_113.7
2016-08-10,28.50,26.30,27.60,OPEN_METEO_ERA5_LAND,p_22.1_113.7
2016-08-11,30.20,26.80,28.30,OPEN_METEO_ERA5_LAND,p_22.1_113.7
2016-08-12,29.70,27.30,28.10,OPEN_METEO_ERA5_LAND,p_22.1_113.7
2016-08-13,30.30,26.60,28.10,OPEN_METEO_ERA5_LAND,p_22.1_113.7
2016-08-14,29.40,26.30,27.60,OPEN_METEO_ERA5_LAND,p_22.1_113.7
2016-08-15,28.40,26.00,26.90,OPEN_METEO_ERA5_LAND,p_22.1_113.7
2016-08-16,28.20,26.10,26.70,OPEN_METEO_ERA5_LAND,p_22.1_113.7
2016-08-17,29.20,26.30,27.30,OPEN_METEO_ERA5_LAND,p_22.1_113.7
2016-08-18,28.80,26.90,27.60,OPEN_METEO_ERA5_LAND,p_22.1_113.7
2016-08-19,29.80,26.40,28.10,OPEN_METEO_ERA5_LAND,p_22.1_113.7
2016-08-20,31.60,27.10,29.00,OPEN_METEO_ERA5_LAND,p_22.1_113.7
2016-08-21,30.10,26.70,28.00,OPEN_METEO_ERA5_LAND,p_22.1_113.7
2016-08-22,30.90,26.70,28.70,OPEN_METEO_ERA5_LAND,p_22.1_113.7
2016-08-23,31.90,26.80,29.40,OPEN_METEO_ERA5_LAND,p_22.1_113.7
2016-08-24,31.30,27.90,29.60,OPEN_METEO_ERA5_LAND,p_22.1_113.7
2016-08-25,32.40,27.50,29.60,OPEN_METEO_ERA5_LAND,p_22.1_113.7
2016-08-26,33.10,27.70,29.60,OPEN_METEO_ERA5_LAND,p_22.1_113.7
2016-08-27,31.40,26.70,28.30,OPEN_METEO_ERA5_LAND,p_22.1_113.7
2016-08-28,29.30,26.50,27.70,OPEN_METEO_ERA5_LAND,p_22.1_113.7
2016-08-29,29.00,26.00,27.10,OPEN_METEO_ERA5_LAND,p_22.1_113.7
2016-08-30,30.00,25.40,27.30,OPEN_METEO_ERA5_LAND,p_22.1_113.7
2016-08-31,30.00,25.90,27.90,OPEN_METEO_ERA5_LAND,p_22.1_113.7
2016-09-01,29.90,27.70,28.50,OPEN_METEO_ERA5_LAND,p_22.1_113.7
2016-09-02,28.80,27.10,27.80,OPEN_METEO_ERA5_LAND,p_22.1_113.7
2016-09-03,28.40,26.10,27.10,OPEN_METEO_ERA5_LAND,p_22.1_113.7
2016-09-04,29.90,26.50,27.90,OPEN_METEO_ERA5_LAND,p_22.1_113.7
2016-09-05,29.00,26.30,27.20,OPEN_METEO_ERA5_LAND,p_22.1_113.7
2016-09-06,27.10,25.80,26.50,OPEN_METEO_ERA5_LAND,p_22.1_113.7
2016-09-07,28.20,26.00,26.90,OPEN_METEO_ERA5_LAND,p_22.1_113.7
2016-09-08,28.60,26.30,27.10,OPEN_METEO_ERA5_LAND,p_22.1_113.7
2016-09-09,28.50,26.50,27.30,OPEN_METEO_ERA5_LAND,p_22.1_113.7
2016-09-10,27.70,26.10,26.90,OPEN_METEO_ERA5_LAND,p_22.1_113.7
2016-09-11,29.20,25.70,27.00,OPEN_METEO_ERA5_LAND,p_22.1_113.7
2016-09-12,30.90,25.70,28.00,OPEN_METEO_ERA5_LAND,p_22.1_113.7
2016-09-13,30.20,26.50,28.10,OPEN_METEO_ERA5_LAND,p_22.1_113.7
2016-09-14,31.70,26.60,29.00,OPEN_METEO_ERA5_LAND,p_22.1_113.7
2016-09-15,31.60,27.70,29.30,OPEN_METEO_ERA5_LAND,p_22.1_113.7
2016-09-16,31.30,27.00,28.90,OPEN_METEO_ERA5_LAND,p_22.1_113.7
2016-09-17,31.20,27.00,28.80,OPEN_METEO_ERA5_LAND,p_22.1_113.7
2016-09-18,30.40,26.40,28.30,OPEN_METEO_ERA5_LAND,p_22.1_113.7
2016-09-19,30.60,26.30,28.00,OPEN_METEO_ERA5_LAND,p_22.1_113.7
2016-09-20,28.70,24.80,26.60,OPEN_METEO_ERA5_LAND,p_22.1_113.7
2016-09-21,29.60,25.60,27.50,OPEN_METEO_ERA5_LAND,p_22.1_113.7
2016-09-22,29.60,25.90,27.50,OPEN_METEO_ERA5_LAND,p_22.1_113.7
2016-09-23,28.80,25.90,27.20,OPEN_METEO_ERA5_LAND,p_22.1_113.7
2016-09-24,29.80,26.40,27.60,OPEN_METEO_ERA5_LAND,p_22.1_113.7
2016-09-25,30.70,26.30,27.90,OPEN_METEO_ERA5_LAND,p_22.1_113.7
2016-09-26,31.10,26.30,28.20,OPEN_METEO_ERA5_LAND,p_22.1_113.7
2016-09-27,33.80,27.40,30.50,OPEN_METEO_ERA5_LAND,p_22.1_113.7
2016-09-28,31.90,28.60,30.00,OPEN_METEO_ERA5_LAND,p_22.1_113.7
2016-09-29,28.60,21.60,24.70,OPEN_METEO_ERA5_LAND,p_22.1_113.7
2016-09-30,25.90,20.30,22.30,OPEN_METEO_ERA5_LAND,p_22.1_113.7
2016-10-01,28.10,22.10,24.70,OPEN_METEO_ERA5_LAND,p_22.1_113.7
2016-10-02,30.20,24.10,26.80,OPEN_METEO_ERA5_LAND,p_22.1_113.7
2016-10-03,30.10,25.60,27.40,OPEN_METEO_ERA5_LAND,p_22.1_113.7
2016-10-04,30.20,25.50,27.40,OPEN_METEO_ERA5_LAND,p_22.1_113.7
2016-10-05,30.10,25.80,27.70,OPEN_METEO_ERA5_LAND,p_22.1_113.7
2016-10-06,30.20,26.00,27.80,OPEN_METEO_ERA5_LAND,p_22.1_113.7
2016-10-07,31.00,26.50,28.00,OPEN_METEO_ERA5_LAND,p_22.1_113.7
2016-10-08,29.90,26.40,27.80,OPEN_METEO_ERA5_LAND,p_22.1_113.7
2016-10-09,26.30,24.60,25.30,OPEN_METEO_ERA5_LAND,p_22.1_113.7
2016-10-10,27.60,23.20,25.20,OPEN_METEO_ERA5_LAND,p_22.1_113.7
2016-10-11,25.10,22.40,23.90,OPEN_METEO_ERA5_LAND,p_22.1_113.7
2016-10-12,24.20,22.00,23.20,OPEN_METEO_ERA5_LAND,p_22.1_113.7
2016-10-13,27.40,22.40,24.70,OPEN_METEO_ERA5_LAND,p_22.1_113.7
2016-10-14,28.00,23.70,25.70,OPEN_METEO_ERA5_LAND,p_22.1_113.7
2016-10-15,28.80,24.10,26.20,OPEN_METEO_ERA5_LAND,p_22.1_113.7
2016-10-16,30.20,25.10,27.40,OPEN_METEO_ERA5_LAND,p_22.1_113.7
2016-10-17,27.90,25.30,26.30,OPEN_METEO_ERA5_LAND,p_22.1_113.7
2016-10-18,26.30,24.60,25.30,OPEN_METEO_ERA5_LAND,p_22.1_113.7
2016-10-19,27.20,25.00,25.90,OPEN_METEO_ERA5_LAND,p_22.1_113.7
2016-10-20,29.00,25.20,26.90,OPEN_METEO_ERA5_LAND,p_22.1_113.7
2016-10-21,26.90,25.20,26.20,OPEN_METEO_ERA5_LAND,p_22.1_113.7
2016-10-22,28.80,26.10,27.00,OPEN_METEO_ERA5_LAND,p_22.1_113.7
2016-10-23,28.60,25.50,26.90,OPEN_METEO_ERA5_LAND,p_22.1_113.7
2016-10-24,27.80,25.60,26.60,OPEN_METEO_ERA5_LAND,p_22.1_113.7
2016-10-25,29.10,25.80,27.10,OPEN_METEO_ERA5_LAND,p_22.1_113.7
2016-10-26,29.40,25.60,27.20,OPEN_METEO_ERA5_LAND,p_22.1_113.7
2016-10-27,29.70,24.90,27.10,OPEN_METEO_ERA5_LAND,p_22.1_113.7
2016-10-28,30.20,24.80,27.20,OPEN_METEO_ERA5_LAND,p_22.1_113.7
2016-10-29,26.90,22.80,25.70,OPEN_METEO_ERA5_LAND,p_22.1_113.7
2016-10-30,25.00,21.10,23.00,OPEN_METEO_ERA5_LAND,p_22.1_113.7
2016-10-31,26.70,22.30,24.40,OPEN_METEO_ERA5_LAND,p_22.1_113.7
2016-11-01,25.00,21.60,23.20,OPEN_METEO_ERA5_LAND,p_22.1_113.7
2016-11-02,24.20,20.30,21.90,OPEN_METEO_ERA5_LAND,p_22.1_113.7
2016-11-03,22.70,19.00,20.70,OPEN_METEO_ERA5_LAND,p_22.1_113.7
2016-11-04,24.30,18.50,21.10,OPEN_METEO_ERA5_LAND,p_22.1_113.7
2016-11-05,26.10,19.50,22.50,OPEN_METEO_ERA5_LAND,p_22.1_113.7
2016-11-06,26.00,21.70,23.60,OPEN_METEO_ERA5_LAND,p_22.1_113.7
2016-11-07,27.60,22.30,24.50,OPEN_METEO_ERA5_LAND,p_22.1_113.7
2016-11-08,26.30,20.60,23.90,OPEN_METEO_ERA5_LAND,p_22.1_113.7
2016-11-09,20.20,17.00,19.10,OPEN_METEO_ERA5_LAND,p_22.1_113.7
2016-11-10,16.90,14.80,15.50,OPEN_METEO_ERA5_LAND,p_22.1_113.7
2016-11-11,19.40,14.40,16.90,OPEN_METEO_ERA5_LAND,p_22.1_113.7
2016-11-12,25.50,18.70,22.10,OPEN_METEO_ERA5_LAND,p_22.1_113.7
2016-11-13,26.90,23.20,24.60,OPEN_METEO_ERA5_LAND,p_22.1_113.7
2016-11-14,27.80,22.80,24.60,OPEN_METEO_ERA5_LAND,p_22.1_113.7
2016-11-15,28.20,21.80,24.40,OPEN_METEO_ERA5_LAND,p_22.1_113.7
2016-11-16,26.60,23.20,24.40,OPEN_METEO_ERA5_LAND,p_22.1_113.7
2016-11-17,26.80,22.60,24.20,OPEN_METEO_ERA5_LAND,p_22.1_113.7
2016-11-18,26.40,22.80,24.20,OPEN_METEO_ERA5_LAND,p_22.1_113.7
2016-11-19,27.60,23.90,25.30,OPEN_METEO_ERA5_LAND,p_22.1_113.7
2016-11-20,27.50,23.90,25.20,OPEN_METEO_ERA5_LAND,p_22.1_113.7
2016-11-21,25.00,23.40,24.00,OPEN_METEO_ERA5_LAND,p_22.1_113.7
2016-11-22,23.60,21.90,22.90,OPEN_METEO_ERA5_LAND,p_22.1_113.7
2016-11-23,22.40,15.50,19.90,OPEN_METEO_ERA5_LAND,p_22.1_113.7
2016-11-24,16.40,13.20,15.10,OPEN_METEO_ERA5_LAND,p_22.1_113.7
2016-11-25,18.90,14.40,16.60,OPEN_METEO_ERA5_LAND,p_22.1_113.7
2016-11-26,17.40,13.00,14.60,OPEN_METEO_ERA5_LAND,p_22.1_113.7
2016-11-27,18.80,12.40,15.40,OPEN_METEO_ERA5_LAND,p_22.1_113.7
2016-11-28,19.80,14.40,17.10,OPEN_METEO_ERA5_LAND,p_22.1_113.7
2016-11-29,19.50,16.70,18.10,OPEN_METEO_ERA5_LAND,p_22.1_113.7
2016-11-30,20.90,16.70,18.60,OPEN_METEO_ERA5_LAND,p_22.1_113.7
2016-12-01,20.80,14.90,17.70,OPEN_METEO_ERA5_LAND,p_22.1_113.7
2016-12-02,20.40,16.60,18.40,OPEN_METEO_ERA5_LAND,p_22.1_113.7
2016-12-03,21.50,17.70,19.60,OPEN_METEO_ERA5_LAND,p_22.1_113.7
2016-12-04,23.30,19.10,20.80,OPEN_METEO_ERA5_LAND,p_22.1_113.7
2016-12-05,25.00,19.80,22.00,OPEN_METEO_ERA5_LAND,p_22.1_113.7
2016-12-06,22.20,18.80,19.90,OPEN_METEO_ERA5_LAND,p_22.1_113.7
2016-12-07,21.40,16.90,18.90,OPEN_METEO_ERA5_LAND,p_22.1_113.7
2016-12-08,20.90,16.00,18.00,OPEN_METEO_ERA5_LAND,p_22.1_113.7
2016-12-09,21.70,15.50,17.90,OPEN_METEO_ERA5_LAND,p_22.1_113.7
2016-12-10,22.60,16.20,19.30,OPEN_METEO_ERA5_LAND,p_22.1_113.7
2016-12-11,22.60,18.70,20.30,OPEN_METEO_ERA5_LAND,p_22.1_113.7
2016-12-12,23.70,18.70,20.90,OPEN_METEO_ERA5_LAND,p_22.1_113.7
2016-12-13,25.20,19.30,21.90,OPEN_METEO_ERA5_LAND,p_22.1_113.7
2016-12-14,21.00,17.20,19.40,OPEN_METEO_ERA5_LAND,p_22.1_113.7
2016-12-15,18.50,14.00,16.30,OPEN_METEO_ERA5_LAND,p_22.1_113.7
2016-12-16,16.20,11.60,13.80,OPEN_METEO_ERA5_LAND,p_22.1_113.7
2016-12-17,18.40,12.60,15.70,OPEN_METEO_ERA5_LAND,p_22.1_113.7
2016-12-18,22.20,16.80,19.10,OPEN_METEO_ERA5_LAND,p_22.1_113.7
2016-12-19,23.50,18.40,20.50,OPEN_METEO_ERA5_LAND,p_22.1_113.7
2016-12-20,24.10,19.70,21.50,OPEN_METEO_ERA5_LAND,p_22.1_113.7
2016-12-21,22.70,20.00,21.30,OPEN_METEO_ERA5_LAND,p_22.1_113.7
2016-12-22,22.90,17.70,20.60,OPEN_METEO_ERA5_LAND,p_22.1_113.7
2016-12-23,19.30,16.40,17.90,OPEN_METEO_ERA5_LAND,p_22.1_113.7
2016-12-24,19.00,16.50,17.60,OPEN_METEO_ERA5_LAND,p_22.1_113.7
2016-12-25,20.70,18.20,19.30,OPEN_METEO_ERA5_LAND,p_22.1_113.7
2016-12-26,23.40,18.10,20.40,OPEN_METEO_ERA5_LAND,p_22.1_113.7
2016-12-27,17.80,12.00,15.00,OPEN_METEO_ERA5_LAND,p_22.1_113.7
2016-12-28,15.50,10.40,13.10,OPEN_METEO_ERA5_LAND,p_22.1_113.7
2016-12-29,16.20,12.70,14.70,OPEN_METEO_ERA5_LAND,p_22.1_113.7
2016-12-30,17.50,13.10,15.20,OPEN_METEO_ERA5_LAND,p_22.1_113.7
2016-12-31,20.40,15.10,17.20,OPEN_METEO_ERA5_LAND,p_22.1_113.7
2017-01-01,19.20,16.60,18.10,OPEN_METEO_ERA5_LAND,p_22.1_113.7
2017-01-02,19.40,18.40,18.90,OPEN_METEO_ERA5_LAND,p_22.1_113.7
2017-01-03,19.50,18.60,19.00,OPEN_METEO_ERA5_LAND,p_22.1_113.7
2017-01-04,19.30,18.00,18.70,OPEN_METEO_ERA5_LAND,p_22.1_113.7
2017-01-05,19.90,19.00,19.30,OPEN_METEO_ERA5_LAND,p_22.1_113.7
2017-01-06,20.10,18.40,19.40,OPEN_METEO_ERA5_LAND,p_22.1_113.7
2017-01-07,19.60,18.90,19.20,OPEN_METEO_ERA5_LAND,p_22.1_113.7
2017-01-08,20.80,19.10,19.70,OPEN_METEO_ERA5_LAND,p_22.1_113.7
2017-01-09,20.10,17.30,18.70,OPEN_METEO_ERA5_LAND,p_22.1_113.7
2017-01-10,19.70,18.20,18.80,OPEN_METEO_ERA5_LAND,p_22.1_113.7
2017-01-11,19.60,18.60,19.10,OPEN_METEO_ERA5_LAND,p_22.1_113.7
2017-01-12,19.30,15.40,17.50,OPEN_METEO_ERA5_LAND,p_22.1_113.7
2017-01-13,15.40,14.50,15.00,OPEN_METEO_ERA5_LAND,p_22.1_113.7
2017-01-14,15.90,14.70,15.30,OPEN_METEO_ERA5_LAND,p_22.1_113.7
2017-01-15,15.80,14.80,15.20,OPEN_METEO_ERA5_LAND,p_22.1_113.7
2017-01-16,17.80,14.40,15.60,OPEN_METEO_ERA5_LAND,p_22.1_113.7
2017-01-17,18.40,16.70,17.70,OPEN_METEO_ERA5_LAND,p_22.1_113.7
2017-01-18,19.10,17.70,18.40,OPEN_METEO_ERA5_LAND,p_22.1_113.7
2017-01-19,19.30,17.10,18.40,OPEN_METEO_ERA5_LAND,p_22.1_113.7
2017-01-20,17.80,14.50,15.90,OPEN_METEO_ERA5_LAND,p_22.1_113.7
2017-01-21,17.70,14.00,15.60,OPEN_METEO_ERA5_LAND,p_22.1_113.7
2017-01-22,17.60,13.80,15.80,OPEN_METEO_ERA5_LAND,p_22.1_113.7
2017-01-23,17.30,14.80,16.30,OPEN_METEO_ERA5_LAND,p_22.1_113.7
2017-01-24,17.40,15.60,16.60,OPEN_METEO_ERA5_LAND,p_22.1_113.7
2017-01-25,18.00,16.20,16.90,OPEN_METEO_ERA5_LAND,p_22.1_113.7
2017-01-26,17.60,15.40,16.40,OPEN_METEO_ERA5_LAND,p_22.1_113.7
2017-01-27,18.60,15.60,16.90,OPEN_METEO_ERA5_LAND,p_22.1_113.7
2017-01-28,18.10,16.50,17.20,OPEN_METEO_ERA5_LAND,p_22.1_113.7
2017-01-29,18.60,18.00,18.30,OPEN_METEO_ERA5_LAND,p_22.1_113.7
2017-01-30,19.10,17.80,18.40,OPEN_METEO_ERA5_LAND,p_22.1_113.7
2017-01-31,17.70,15.50,16.70,OPEN_METEO_ERA5_LAND,p_22.1_113.7
2017-02-01,18.40,16.50,17.40,OPEN_METEO_ERA5_LAND,p_22.1_113.7
2017-02-02,18.10,15.10,16.70,OPEN_METEO_ERA5_LAND,p_22.1_113.7
2017-02-03,17.50,15.70,16.50,OPEN_METEO_ERA5_LAND,p_22.1_113.7
2017-02-04,18.20,17.10,17.40,OPEN_METEO_ERA5_LAND,p_22.1_113.7
2017-02-05,18.90,16.80,18.00,OPEN_METEO_ERA5_LAND,p_22.1_113.7
2017-02-06,18.70,17.60,18.00,OPEN_METEO_ERA5_LAND,p_22.1_113.7
2017-02-07,18.30,16.50,17.20,OPEN_METEO_ERA5_LAND,p_22.1_113.7
2017-02-08,19.00,14.80,17.30,OPEN_METEO_ERA5_LAND,p_22.1_113.7
2017-02-09,16.20,11.10,13.20,OPEN_METEO_ERA5_LAND,p_22.1_113.7
2017-02-10,14.90,10.70,12.30,OPEN_METEO_ERA5_LAND,p_22.1_113.7
2017-02-11,15.70,11.70,13.40,OPEN_METEO_ERA5_LAND,p_22.1_113.7
2017-02-12,16.50,13.60,15.10,OPEN_METEO_ERA5_LAND,p_22.1_113.7
2017-02-13,17.50,15.20,16.30,OPEN_METEO_ERA5_LAND,p_22.1_113.7
2017-02-14,17.90,16.00,16.90,OPEN_METEO_ERA5_LAND,p_22.1_113.7
2017-02-15,17.50,16.20,16.80,OPEN_METEO_ERA5_LAND,p_22.1_113.7
2017-02-16,17.60,16.50,17.10,OPEN_METEO_ERA5_LAND,p_22.1_113.7
2017-02-17,17.70,16.20,17.20,OPEN_METEO_ERA5_LAND,p_22.1_113.7
2017-02-18,17.90,16.60,17.40,OPEN_METEO_ERA5_LAND,p_22.1_113.7
2017-02-19,18.00,16.80,17.50,OPEN_METEO_ERA5_LAND,p_22.1_113.7
2017-02-20,18.80,17.80,18.20,OPEN_METEO_ERA5_LAND,p_22.1_113.7
2017-02-21,19.00,18.10,18.50,OPEN_METEO_ERA5_LAND,p_22.1_113.7
2017-02-22,19.40,18.10,18.70,OPEN_METEO_ERA5_LAND,p_22.1_113.7
2017-02-23,19.40,13.80,16.20,OPEN_METEO_ERA5_LAND,p_22.1_113.7
2017-02-24,13.60,12.10,12.80,OPEN_METEO_ERA5_LAND,p_22.1_113.7
2017-02-25,13.50,11.60,12.50,OPEN_METEO_ERA5_LAND,p_22.1_113.7
2017-02-26,16.80,12.50,14.10,OPEN_METEO_ERA5_LAND,p_22.1_113.7
2017-02-27,18.30,16.00,17.00,OPEN_METEO_ERA5_LAND,p_22.1_113.7
2017-02-28,18.50,17.00,17.80,OPEN_METEO_ERA5_LAND,p_22.1_113.7
2017-03-01,20.30,16.70,18.50,OPEN_METEO_ERA5_LAND,p_22.1_113.7
2017-03-02,20.00,17.20,19.00,OPEN_METEO_ERA5_LAND,p_22.1_113.7
2017-03-03,19.20,17.00,18.00,OPEN_METEO_ERA5_LAND,p_22.1_113.7
2017-03-04,19.50,18.00,18.80,OPEN_METEO_ERA5_LAND,p_22.1_113.7
2017-03-05,19.40,19.00,19.20,OPEN_METEO_ERA5_LAND,p_22.1_113.7
2017-03-06,19.60,18.20,18.80,OPEN_METEO_ERA5_LAND,p_22.1_113.7
2017-03-07,18.50,17.20,17.90,OPEN_METEO_ERA5_LAND,p_22.1_113.7
2017-03-08,17.70,15.60,16.40,OPEN_METEO_ERA5_LAND,p_22.1_113.7
2017-03-09,19.00,16.40,17.40,OPEN_METEO_ERA5_LAND,p_22.1_113.7
2017-03-10,20.20,18.40,19.70,OPEN_METEO_ERA5_LAND,p_22.1_113.7
2017-03-11,19.40,18.50,19.10,OPEN_METEO_ERA5_LAND,p_22.1_113.7
2017-03-12,20.00,19.40,19.70,OPEN_METEO_ERA5_LAND,p_22.1_113.7
2017-03-13,20.70,20.00,20.40,OPEN_METEO_ERA5_LAND,p_22.1_113.7
2017-03-14,20.70,17.00,18.90,OPEN_METEO_ERA5_LAND,p_22.1_113.7
2017-03-15,19.70,17.30,18.40,OPEN_METEO_ERA5_LAND,p_22.1_113.7
2017-03-16,20.00,18.60,19.40,OPEN_METEO_ERA5_LAND,p_22.1_113.7
2017-03-17,20.20,19.10,19.70,OPEN_METEO_ERA5_LAND,p_22.1_113.7
2017-03-18,20.40,19.50,20.20,OPEN_METEO_ERA5_LAND,p_22.1_113.7
2017-03-19,20.90,20.10,20.50,OPEN_METEO_ERA5_LAND,p_22.1_113.7
2017-03-20,21.00,20.40,20.70,OPEN_METEO_ERA5_LAND,p_22.1_113.7
2017-03-21,21.50,20.60,21.00,OPEN_METEO_ERA5_LAND,p_22.1_113.7
2017-03-22,21.00,20.00,20.60,OPEN_METEO_ERA5_LAND,p_22.1_113.7
2017-03-23,21.30,20.40,20.80,OPEN_METEO_ERA5_LAND,p_22.1_113.7
2017-03-24,21.40,20.20,20.90,OPEN_METEO_ERA5_LAND,p_22.1_113.7
2017-03-25,21.10,16.30,19.10,OPEN_METEO_ERA5_LAND,p_22.1_113.7
2017-03-26,17.20,14.10,15.80,OPEN_METEO_ERA5_LAND,p_22.1_113.7
2017-03-27,20.40,17.20,18.70,OPEN_METEO_ERA5_LAND,p_22.1_113.7
2017-03-28,21.00,20.00,20.40,OPEN_METEO_ERA5_LAND,p_22.1_113.7
2017-03-29,21.10,20.40,20.80,OPEN_METEO_ERA5_LAND,p_22.1_113.7
2017-03-30,21.40,20.60,20.90,OPEN_METEO_ERA5_LAND,p_22.1_113.7
2017-03-31,21.00,17.30,19.40,OPEN_METEO_ERA5_LAND,p_22.1_113.7
2017-04-01,20.00,15.50,17.50,OPEN_METEO_ERA5_LAND,p_22.1_113.7
2017-04-02,20.20,18.40,19.30,OPEN_METEO_ERA5_LAND,p_22.1_113.7
2017-04-03,20.30,18.70,19.80,OPEN_METEO_ERA5_LAND,p_22.1_113.7
2017-04-04,20.90,19.10,20.10,OPEN_METEO_ERA5_LAND,p_22.1_113.7
2017-04-05,20.90,20.10,20.40,OPEN_METEO_ERA5_LAND,p_22.1_113.7
2017-04-06,20.90,20.50,20.70,OPEN_METEO_ERA5_LAND,p_22.1_113.7
2017-04-07,21.90,20.60,21.10,OPEN_METEO_ERA5_LAND,p_22.1_113.7
2017-04-08,22.70,21.60,21.90,OPEN_METEO_ERA5_LAND,p_22.1_113.7
2017-04-09,23.70,22.20,22.80,OPEN_METEO_ERA5_LAND,p_22.1_113.7
2017-04-10,24.10,23.40,23.70,OPEN_METEO_ERA5_LAND,p_22.1_113.7
2017-04-11,23.80,21.80,23.30,OPEN_METEO_ERA5_LAND,p_22.1_113.7
2017-04-12,21.20,18.90,19.70,OPEN_METEO_ERA5_LAND,p_22.1_113.7
2017-04-13,20.80,18.60,19.50,OPEN_METEO_ERA5_LAND,p_22.1_113.7
2017-04-14,21.90,20.60,21.30,OPEN_METEO_ERA5_LAND,p_22.1_113.7
2017-04-15,22.20,21.80,21.90,OPEN_METEO_ERA5_LAND,p_22.1_113.7
2017-04-16,22.50,21.80,22.00,OPEN_METEO_ERA5_LAND,p_22.1_113.7
2017-04-17,23.40,21.90,22.40,OPEN_METEO_ERA5_LAND,p_22.1_113.7
2017-04-18,24.30,22.80,23.30,OPEN_METEO_ERA5_LAND,p_22.1_113.7
2017-04-19,24.90,23.70,24.10,OPEN_METEO_ERA5_LAND,p_22.1_113.7
2017-04-20,25.20,23.90,24.60,OPEN_METEO_ERA5_LAND,p_22.1_113.7
2017-04-21,25.30,22.30,24.50,OPEN_METEO_ERA5_LAND,p_22.1_113.7
2017-04-22,22.50,19.30,20.70,OPEN_METEO_ERA5_LAND,p_22.1_113.7
2017-04-23,22.10,20.80,21.50,OPEN_METEO_ERA5_LAND,p_22.1_113.7
2017-04-24,23.60,21.90,22.80,OPEN_METEO_ERA5_LAND,p_22.1_113.7
2017-04-25,24.00,22.70,23.40,OPEN_METEO_ERA5_LAND,p_22.1_113.7
2017-04-26,24.00,23.20,23.60,OPEN_METEO_ERA5_LAND,p_22.1_113.7
2017-04-27,23.20,21.30,22.10,OPEN_METEO_ERA5_LAND,p_22.1_113.7
2017-04-28,22.50,20.10,21.20,OPEN_METEO_ERA5_LAND,p_22.1_113.7
2017-04-29,23.40,21.90,22.50,OPEN_METEO_ERA5_LAND,p_22.1_113.7
2017-04-30,23.50,22.90,23.20,OPEN_METEO_ERA5_LAND,p_22.1_113.7
2017-05-01,23.70,23.00,23.30,OPEN_METEO_ERA5_LAND,p_22.1_113.7
2017-05-02,24.30,23.40,23.80,OPEN_METEO_ERA5_LAND,p_22.1_113.7
2017-05-03,24.80,24.10,24.40,OPEN_METEO_ERA5_LAND,p_22.1_113.7
2017-05-04,24.90,23.50,24.20,OPEN_METEO_ERA5_LAND,p_22.1_113.7
2017-05-05,25.20,23.20,24.00,OPEN_METEO_ERA5_LAND,p_22.1_113.7
2017-05-06,25.70,24.10,24.80,OPEN_METEO_ERA5_LAND,p_22.1_113.7
2017-05-07,25.30,23.90,24.60,OPEN_METEO_ERA5_LAND,p_22.1_113.7
2017-05-08,25.70,24.70,25.20,OPEN_METEO_ERA5_LAND,p_22.1_113.7
2017-05-09,25.50,24.10,24.60,OPEN_METEO_ERA5_LAND,p_22.1_113.7
2017-05-10,26.10,24.50,25.30,OPEN_METEO_ERA5_LAND,p_22.1_113.7
2017-05-11,25.60,24.70,25.10,OPEN_METEO_ERA5_LAND,p_22.1_113.7
2017-05-12,26.30,25.10,25.80,OPEN_METEO_ERA5_LAND,p_22.1_113.7
2017-05-13,25.70,24.60,25.10,OPEN_METEO_ERA5_LAND,p_22.1_113.7
2017-05-14,26.70,23.80,25.60,OPEN_METEO_ERA5_LAND,p_22.1_113.7
2017-05-15,26.40,24.50,25.10,OPEN_METEO_ERA5_LAND,p_22.1_113.7
2017-05-16,26.00,23.80,25.00,OPEN_METEO_ERA5_LAND,p_22.1_113.7
2017-05-17,25.70,24.80,25.30,OPEN_METEO_ERA5_LAND,p_22.1_113.7
2017-05-18,25.30,24.30,24.60,OPEN_METEO_ERA5_LAND,p_22.1_113.7
2017-05-19,25.00,23.80,24.70,OPEN_METEO_ERA5_LAND,p_22.1_113.7
2017-05-20,25.10,23.90,24.50,OPEN_METEO_ERA5_LAND,p_22.1_113.7
2017-05-21,25.60,24.60,25.10,OPEN_METEO_ERA5_LAND,p_22.1_113.7
2017-05-22,25.40,24.90,25.20,OPEN_METEO_ERA5_LAND,p_22.1_113.7
2017-05-23,26.10,25.20,25.60,OPEN_METEO_ERA5_LAND,p_22.1_113.7
2017-05-24,25.50,24.30,24.90,OPEN_METEO_ERA5_LAND,p_22.1_113.7
2017-05-25,25.70,23.90,24.70,OPEN_METEO_ERA5_LAND,p_22.1_113.7
2017-05-26,25.20,24.50,24.80,OPEN_METEO_ERA5_LAND,p_22.1_113.7
2017-05-27,25.70,24.30,25.00,OPEN_METEO_ERA5_LAND,p_22.1_113.7
2017-05-28,25.50,24.60,25.00,OPEN_METEO_ERA5_LAND,p_22.1_113.7
2017-05-29,25.20,24.40,24.80,OPEN_METEO_ERA5_LAND,p_22.1_113.7
2017-05-30,25.30,24.50,24.90,OPEN_METEO_ERA5_LAND,p_22.1_113.7
2017-05-31,26.50,25.10,25.60,OPEN_METEO_ERA5_LAND,p_22.1_113.7
2017-06-01,27.60,26.30,26.90,OPEN_METEO_ERA5_LAND,p_22.1_113.7
2017-06-02,27.70,27.10,27.50,OPEN_METEO_ERA5_LAND,p_22.1_113.7
2017-06-03,27.60,27.00,27.30,OPEN_METEO_ERA5_LAND,p_22.1_113.7
2017-06-04,27.80,27.00,27.40,OPEN_METEO_ERA5_LAND,p_22.1_113.7
2017-06-05,27.90,27.20,27.40,OPEN_METEO_ERA5_LAND,p_22.1_113.7
2017-06-06,28.50,27.50,27.80,OPEN_METEO_ERA5_LAND,p_22.1_113.7
2017-06-07,28.60,27.30,27.80,OPEN_METEO_ERA5_LAND,p_22.1_113.7
2017-06-08,28.90,27.50,28.20,OPEN_METEO_ERA5_LAND,p_22.1_113.7
2017-06-09,29.10,26.70,28.00,OPEN_METEO_ERA5_LAND,p_22.1_113.7
2017-06-10,28.80,28.00,28.40,OPEN_METEO_ERA5_LAND,p_22.1_113.7
2017-06-11,29.20,28.00,28.60,OPEN_METEO_ERA5_LAND,p_22.1_113.7
2017-06-12,28.70,27.30,28.00,OPEN_METEO_ERA5_LAND,p_22.1_113.7
2017-06-13,28.70,26.40,27.70,OPEN_METEO_ERA5_LAND,p_22.1_113.7
2017-06-14,28.80,26.90,28.20,OPEN_METEO_ERA5_LAND,p_22.1_113.7
2017-06-15,28.70,27.30,28.20,OPEN_METEO_ERA5_LAND,p_22.1_113.7
2017-06-16,28.60,27.20,28.00,OPEN_METEO_ERA5_LAND,p_22.1_113.7
2017-06-17,28.00,25.30,26.50,OPEN_METEO_ERA5_LAND,p_22.1_113.7
2017-06-18,27.60,25.00,26.30,OPEN_METEO_ERA5_LAND,p_22.1_113.7
2017-06-19,28.00,26.10,26.90,OPEN_METEO_ERA5_LAND,p_22.1_113.7
2017-06-20,28.20,26.30,27.00,OPEN_METEO_ERA5_LAND,p_22.1_113.7
2017-06-21,27.90,26.60,27.30,OPEN_METEO_ERA5_LAND,p_22.1_113.7
2017-06-22,28.60,27.70,28.20,OPEN_METEO_ERA5_LAND,p_22.1_113.7
2017-06-23,28.70,27.50,28.10,OPEN_METEO_ERA5_LAND,p_22.1_113.7
2017-06-24,28.30,26.90,27.80,OPEN_METEO_ERA5_LAND,p_22.1_113.7
2017-06-25,28.60,27.10,28.10,OPEN_METEO_ERA5_LAND,p_22.1_113.7
2017-06-26,28.60,27.70,28.20,OPEN_METEO_ERA5_LAND,p_22.1_113.7
2017-06-27,28.80,27.70,28.30,OPEN_METEO_ERA5_LAND,p_22.1_113.7
2017-06-28,28.80,28.10,28.40,OPEN_METEO_ERA5_LAND,p_22.1_113.7
2017-06-29,29.20,27.60,28.30,OPEN_METEO_ERA5_LAND,p_22.1_113.7
2017-06-30,29.40,28.10,28.50,OPEN_METEO_ERA5_LAND,p_22.1_113.7
2017-07-01,29.00,27.50,28.40,OPEN_METEO_ERA5_LAND,p_22.1_113.7
2017-07-02,29.20,27.60,28.40,OPEN_METEO_ERA5_LAND,p_22.1_113.7
2017-07-03,28.80,26.80,27.60,OPEN_METEO_ERA5_LAND,p_22.1_113.7
2017-07-04,27.90,26.20,27.20,OPEN_METEO_ERA5_LAND,p_22.1_113.7
2017-07-05,27.60,26.60,27.20,OPEN_METEO_ERA5_LAND,p_22.1_113.7
2017-07-06,27.90,26.40,27.00,OPEN_METEO_ERA5_LAND,p_22.1_113.7
2017-07-07,28.10,26.00,27.10,OPEN_METEO_ERA5_LAND,p_22.1_113.7
2017-07-08,28.10,26.60,27.10,OPEN_METEO_ERA5_LAND,p_22.1_113.7
2017-07-09,28.60,27.00,28.10,OPEN_METEO_ERA5_LAND,p_22.1_113.7
2017-07-10,28.60,27.10,28.20,OPEN_METEO_ERA5_LAND,p_22.1_113.7
2017-07-11,28.70,27.50,28.30,OPEN_METEO_ERA5_LAND,p_22.1_113.7
2017-07-12,28.70,27.30,28.00,OPEN_METEO_ERA5_LAND,p_22.1_113.7
2017-07-13,28.70,27.10,28.00,OPEN_METEO_ERA5_LAND,p_22.1_113.7
2017-07-14,28.60,27.20,28.00,OPEN_METEO_ERA5_LAND,p_22.1_113.7
2017-07-15,28.00,26.60,27.30,OPEN_METEO_ERA5_LAND,p_22.1_113.7
2017-07-16,27.60,26.60,27.20,OPEN_METEO_ERA5_LAND,p_22.1_113.7
2017-07-17,27.20,26.00,26.50,OPEN_METEO_ERA5_LAND,p_22.1_113.7
2017-07-18,27.40,25.90,26.50,OPEN_METEO_ERA5_LAND,p_22.1_113.7
2017-07-19,27.60,25.80,26.80,OPEN_METEO_ERA5_LAND,p_22.1_113.7
2017-07-20,27.50,26.50,27.00,OPEN_METEO_ERA5_LAND,p_22.1_113.7
2017-07-21,27.40,26.30,26.80,OPEN_METEO_ERA5_LAND,p_22.1_113.7
2017-07-22,28.00,26.40,27.20,OPEN_METEO_ERA5_LAND,p_22.1_113.7
2017-07-23,27.70,26.30,27.10,OPEN_METEO_ERA5_LAND,p_22.1_113.7
2017-07-24,28.20,26.80,27.40,OPEN_METEO_ERA5_LAND,p_22.1_113.7
2017-07-25,28.30,27.20,27.90,OPEN_METEO_ERA5_LAND,p_22.1_113.7
2017-07-26,28.30,27.30,27.90,OPEN_METEO_ERA5_LAND,p_22.1_113.7
2017-07-27,28.40,26.40,27.60,OPEN_METEO_ERA5_LAND,p_22.1_113.7
2017-07-28,29.40,27.20,28.50,OPEN_METEO_ERA5_LAND,p_22.1_113.7
2017-07-29,30.10,28.50,29.20,OPEN_METEO_ERA5_LAND,p_22.1_113.7
2017-07-30,31.40,28.70,29.70,OPEN_METEO_ERA5_LAND,p_22.1_113.7
2017-07-31,29.70,28.90,29.20,OPEN_METEO_ERA5_LAND,p_22.1_113.7
2017-08-01,29.50,28.70,29.10,OPEN_METEO_ERA5_LAND,p_22.1_113.7
2017-08-02,29.00,27.70,28.50,OPEN_METEO_ERA5_LAND,p_22.1_113.7
2017-08-03,28.60,27.20,27.90,OPEN_METEO_ERA5_LAND,p_22.1_113.7
2017-08-04,29.10,26.40,27.60,OPEN_METEO_ERA5_LAND,p_22.1_113.7
2017-08-05,28.90,28.10,28.40,OPEN_METEO_ERA5_LAND,p_22.1_113.7
2017-08-06,29.40,27.80,28.60,OPEN_METEO_ERA5_LAND,p_22.1_113.7
2017-08-07,29.80,28.10,29.10,OPEN_METEO_ERA5_LAND,p_22.1_113.7
2017-08-08,29.80,28.40,29.30,OPEN_METEO_ERA5_LAND,p_22.1_113.7
2017-08-09,29.80,27.50,29.00,OPEN_METEO_ERA5_LAND,p_22.1_113.7
2017-08-10,29.80,27.50,29.00,OPEN_METEO_ERA5_LAND,p_22.1_113.7
2017-08-11,29.40,27.90,28.90,OPEN_METEO_ERA5_LAND,p_22.1_113.7
2017-08-12,29.20,28.60,29.00,OPEN_METEO_ERA5_LAND,p_22.1_113.7
2017-08-13,29.40,27.90,28.80,OPEN_METEO_ERA5_LAND,p_22.1_113.7
2017-08-14,29.30,28.30,28.80,OPEN_METEO_ERA5_LAND,p_22.1_113.7
2017-08-15,29.10,27.40,28.50,OPEN_METEO_ERA5_LAND,p_22.1_113.7
2017-08-16,28.90,27.10,28.30,OPEN_METEO_ERA5_LAND,p_22.1_113.7
2017-08-17,29.30,28.10,28.50,OPEN_METEO_ERA5_LAND,p_22.1_113.7
2017-08-18,29.40,28.20,28.60,OPEN_METEO_ERA5_LAND,p_22.1_113.7
2017-08-19,29.70,28.60,29.00,OPEN_METEO_ERA5_LAND,p_22.1_113.7
2017-08-20,29.80,28.20,29.00,OPEN_METEO_ERA5_LAND,p_22.1_113.7
2017-08-21,30.60,28.60,29.70,OPEN_METEO_ERA5_LAND,p_22.1_113.7
2017-08-22,31.40,27.20,29.50,OPEN_METEO_ERA5_LAND,p_22.1_113.7
2017-08-23,29.30,27.30,28.30,OPEN_METEO_ERA5_LAND,p_22.1_113.7
2017-08-24,29.80,27.50,28.50,OPEN_METEO_ERA5_LAND,p_22.1_113.7
2017-08-25,28.10,26.10,27.40,OPEN_METEO_ERA5_LAND,p_22.1_113.7
2017-08-26,29.00,26.60,27.80,OPEN_METEO_ERA5_LAND,p_22.1_113.7
2017-08-27,27.80,26.20,26.80,OPEN_METEO_ERA5_LAND,p_22.1_113.7
2017-08-28,27.60,25.80,26.50,OPEN_METEO_ERA5_LAND,p_22.1_113.7
2017-08-29,28.90,26.30,27.50,OPEN_METEO_ERA5_LAND,p_22.1_113.7
2017-08-30,28.80,26.70,27.80,OPEN_METEO_ERA5_LAND,p_22.1_113.7
2017-08-31,28.40,27.20,27.80,OPEN_METEO_ERA5_LAND,p_22.1_113.7
2017-09-01,29.10,26.40,27.60,OPEN_METEO_ERA5_LAND,p_22.1_113.7
2017-09-02,28.60,26.70,27.90,OPEN_METEO_ERA5_LAND,p_22.1_113.7
2017-09-03,28.90,27.20,28.00,OPEN_METEO_ERA5_LAND,p_22.1_113.7
2017-09-04,28.40,27.60,28.00,OPEN_METEO_ERA5_LAND,p_22.1_113.7
2017-09-05,28.50,27.00,27.80,OPEN_METEO_ERA5_LAND,p_22.1_113.7
2017-09-06,28.30,26.80,27.50,OPEN_METEO_ERA5_LAND,p_22.1_113.7
2017-09-07,28.10,26.60,27.30,OPEN_METEO_ERA5_LAND,p_22.1_113.7
2017-09-08,28.20,27.00,27.60,OPEN_METEO_ERA5_LAND,p_22.1_113.7
2017-09-09,28.00,26.70,27.40,OPEN_METEO_ERA5_LAND,p_22.1_113.7
2017-09-10,28.50,26.80,27.70,OPEN_METEO_ERA5_LAND,p_22.1_113.7
2017-09-11,29.30,27.70,28.40,OPEN_METEO_ERA5_LAND,p_22.1_113.7
2017-09-12,29.70,27.30,28.50,OPEN_METEO_ERA5_LAND,p_22.1_113.7
2017-09-13,29.50,27.30,28.40,OPEN_METEO_ERA5_LAND,p_22.1_113.7
2017-09-14,29.20,27.70,28.40,OPEN_METEO_ERA5_LAND,p_22.1_113.7
2017-09-15,29.10,26.90,28.40,OPEN_METEO_ERA5_LAND,p_22.1_113.7
2017-09-16,29.10,27.30,28.30,OPEN_METEO_ERA5_LAND,p_22.1_113.7
2017-09-17,30.00,27.80,28.60,OPEN_METEO_ERA5_LAND,p_22.1_113.7
2017-09-18,29.00,28.10,28.60,OPEN_METEO_ERA5_LAND,p_22.1_113.7
2017-09-19,28.60,27.80,28.10,OPEN_METEO_ERA5_LAND,p_22.1_113.7
2017-09-20,28.80,27.40,27.90,OPEN_METEO_ERA5_LAND,p_22.1_113.7
2017-09-21,28.70,26.70,27.70,OPEN_METEO_ERA5_LAND,p_22.1_113.7
2017-09-22,28.70,26.60,27.50,OPEN_METEO_ERA5_LAND,p_22.1_113.7
2017-09-23,29.00,26.40,27.90,OPEN_METEO_ERA5_LAND,p_22.1_113.7
2017-09-24,29.00,27.10,28.20,OPEN_METEO_ERA5_LAND,p_22.1_113.7
2017-09-25,29.10,28.00,28.60,OPEN_METEO_ERA5_LAND,p_22.1_113.7
2017-09-26,29.00,27.80,28.50,OPEN_METEO_ERA5_LAND,p_22.1_113.7
2017-09-27,29.40,27.50,28.50,OPEN_METEO_ERA5_LAND,p_22.1_113.7
2017-09-28,29.50,28.40,28.90,OPEN_METEO_ERA5_LAND,p_22.1_113.7
2017-09-29,29.10,26.80,28.10,OPEN_METEO_ERA5_LAND,p_22.1_113.7
2017-09-30,29.10,26.60,27.50,OPEN_METEO_ERA5_LAND,p_22.1_113.7
2017-10-01,28.80,26.50,27.70,OPEN_METEO_ERA5_LAND,p_22.1_113.7
2017-10-02,28.20,26.90,27.50,OPEN_METEO_ERA5_LAND,p_22.1_113.7
2017-10-03,29.10,27.50,28.40,OPEN_METEO_ERA5_LAND,p_22.1_113.7
2017-10-04,28.50,26.60,27.30,OPEN_METEO_ERA5_LAND,p_22.1_113.7
2017-10-05,28.50,25.90,27.30,OPEN_METEO_ERA5_LAND,p_22.1_113.7
2017-10-06,28.70,26.80,27.90,OPEN_METEO_ERA5_LAND,p_22.1_113.7
2017-10-07,28.80,27.10,27.90,OPEN_METEO_ERA5_LAND,p_22.1_113.7
2017-10-08,28.20,27.00,27.70,OPEN_METEO_ERA5_LAND,p_22.1_113.7
2017-10-09,28.50,27.30,28.00,OPEN_METEO_ERA5_LAND,p_22.1_113.7
2017-10-10,28.80,27.50,28.10,OPEN_METEO_ERA5_LAND,p_22.1_113.7
2017-10-11,29.00,27.60,28.40,OPEN_METEO_ERA5_LAND,p_22.1_113.7
2017-10-12,29.30,26.20,27.70,OPEN_METEO_ERA5_LAND,p_22.1_113.7
2017-10-13,28.40,23.90,25.70,OPEN_METEO_ERA5_LAND,p_22.1_113.7
2017-10-14,25.60,22.90,24.10,OPEN_METEO_ERA5_LAND,p_22.1_113.7
2017-10-15,27.60,22.10,23.80,OPEN_METEO_ERA5_LAND,p_22.1_113.7
2017-10-16,27.80,24.80,26.40,OPEN_METEO_ERA5_LAND,p_22.1_113.7
2017-10-17,27.20,23.50,25.50,OPEN_METEO_ERA5_LAND,p_22.1_113.7
2017-10-18,27.90,24.00,25.50,OPEN_METEO_ERA5_LAND,p_22.1_113.7
2017-10-19,27.10,22.90,24.50,OPEN_METEO_ERA5_LAND,p_22.1_113.7
2017-10-20,25.70,22.40,23.50,OPEN_METEO_ERA5_LAND,p_22.1_113.7
2017-10-21,26.10,21.70,23.30,OPEN_METEO_ERA5_LAND,p_22.1_113.7
2017-10-22,24.70,21.10,22.60,OPEN_METEO_ERA5_LAND,p_22.1_113.7
2017-10-23,25.10,21.30,23.20,OPEN_METEO_ERA5_LAND,p_22.1_113.7
2017-10-24,24.90,23.40,24.30,OPEN_METEO_ERA5_LAND,p_22.1_113.7
2017-10-25,24.80,23.20,24.10,OPEN_METEO_ERA5_LAND,p_22.1_113.7
2017-10-26,25.00,23.30,24.10,OPEN_METEO_ERA5_LAND,p_22.1_113.7
2017-10-27,25.70,23.00,24.40,OPEN_METEO_ERA5_LAND,p_22.1_113.7
2017-10-28,25.60,22.40,23.90,OPEN_METEO_ERA5_LAND,p_22.1_113.7
2017-10-29,25.80,21.90,23.80,OPEN_METEO_ERA5_LAND,p_22.1_113.7
2017-10-30,24.90,20.80,22.90,OPEN_METEO_ERA5_LAND,p_22.1_113.7
2017-10-31,23.20,19.90,21.60,OPEN_METEO_ERA5_LAND,p_22.1_113.7
2017-11-01,23.60,21.40,22.80,OPEN_METEO_ERA5_LAND,p_22.1_113.7
2017-11-02,25.10,21.60,23.40,OPEN_METEO_ERA5_LAND,p_22.1_113.7
2017-11-03,26.20,22.20,24.00,OPEN_METEO_ERA5_LAND,p_22.1_113.7
2017-11-04,24.50,22.20,23.50,OPEN_METEO_ERA5_LAND,p_22.1_113.7
2017-11-05,24.80,20.80,22.60,OPEN_METEO_ERA5_LAND,p_22.1_113.7
2017-11-06,23.30,20.00,22.00,OPEN_METEO_ERA5_LAND,p_22.1_113.7
2017-11-07,22.90,21.20,21.90,OPEN_METEO_ERA5_LAND,p_22.1_113.7
2017-11-08,23.80,21.90,22.60,OPEN_METEO_ERA5_LAND,p_22.1_113.7
2017-11-09,23.80,22.60,23.30,OPEN_METEO_ERA5_LAND,p_22.1_113.7
2017-11-10,24.10,23.00,23.30,OPEN_METEO_ERA5_LAND,p_22.1_113.7
2017-11-11,24.20,23.30,23.80,OPEN_METEO_ERA5_LAND,p_22.1_113.7
2017-11-12,23.10,22.20,22.70,OPEN_METEO_ERA5_LAND,p_22.1_113.7
2017-11-13,23.10,21.90,22.50,OPEN_METEO_ERA5_LAND,p_22.1_113.7
2017-11-14,23.50,22.40,22.90,OPEN_METEO_ERA5_LAND,p_22.1_113.7
2017-11-15,23.30,22.50,22.80,OPEN_METEO_ERA5_LAND,p_22.1_113.7
2017-11-16,23.30,22.40,22.90,OPEN_METEO_ERA5_LAND,p_22.1_113.7
2017-11-17,23.80,22.80,23.30,OPEN_METEO_ERA5_LAND,p_22.1_113.7
2017-11-18,23.50,21.60,23.10,OPEN_METEO_ERA5_LAND,p_22.1_113.7
2017-11-19,21.30,19.30,20.20,OPEN_METEO_ERA5_LAND,p_22.1_113.7
2017-11-20,20.30,17.50,18.40,OPEN_METEO_ERA5_LAND,p_22.1_113.7
2017-11-21,19.70,16.90,17.90,OPEN_METEO_ERA5_LAND,p_22.1_113.7
2017-11-22,19.90,17.70,18.70,OPEN_METEO_ERA5_LAND,p_22.1_113.7
2017-11-23,18.70,16.10,17.20,OPEN_METEO_ERA5_LAND,p_22.1_113.7
2017-11-24,17.30,15.80,16.70,OPEN_METEO_ERA5_LAND,p_22.1_113.7
2017-11-25,19.00,16.20,17.30,OPEN_METEO_ERA5_LAND,p_22.1_113.7
2017-11-26,19.90,16.80,18.20,OPEN_METEO_ERA5_LAND,p_22.1_113.7
2017-11-27,21.10,17.90,19.40,OPEN_METEO_ERA5_LAND,p_22.1_113.7
2017-11-28,22.20,20.40,21.30,OPEN_METEO_ERA5_LAND,p_22.1_113.7
2017-11-29,22.60,21.20,21.90,OPEN_METEO_ERA5_LAND,p_22.1_113.7
2017-11-30,22.40,21.30,21.80,OPEN_METEO_ERA5_LAND,p_22.1_113.7
2017-12-01,21.70,17.60,19.50,OPEN_METEO_ERA5_LAND,p_22.1_113.7
2017-12-02,20.80,17.20,18.60,OPEN_METEO_ERA5_LAND,p_22.1_113.7
2017-12-03,21.20,17.80,19.30,OPEN_METEO_ERA5_LAND,p_22.1_113.7
2017-12-04,20.70,18.00,19.30,OPEN_METEO_ERA5_LAND,p_22.1_113.7
2017-12-05,19.30,17.00,18.00,OPEN_METEO_ERA5_LAND,p_22.1_113.7
2017-12-06,19.80,17.90,18.60,OPEN_METEO_ERA5_LAND,p_22.1_113.7
2017-12-07,20.40,18.40,19.20,OPEN_METEO_ERA5_LAND,p_22.1_113.7
2017-12-08,20.10,16.00,17.60,OPEN_METEO_ERA5_LAND,p_22.1_113.7
2017-12-09,17.50,13.70,15.50,OPEN_METEO_ERA5_LAND,p_22.1_113.7
2017-12-10,19.90,16.70,17.80,OPEN_METEO_ERA5_LAND,p_22.1_113.7
2017-12-11,19.40,15.80,17.60,OPEN_METEO_ERA5_LAND,p_22.1_113.7
2017-12-12,19.10,17.30,18.20,OPEN_METEO_ERA5_LAND,p_22.1_113.7
2017-12-13,19.70,18.10,18.70,OPEN_METEO_ERA5_LAND,p_22.1_113.7
2017-12-14,20.00,18.10,18.90,OPEN_METEO_ERA5_LAND,p_22.1_113.7
2017-12-15,19.30,16.70,18.30,OPEN_METEO_ERA5_LAND,p_22.1_113.7
2017-12-16,17.10,12.70,15.10,OPEN_METEO_ERA5_LAND,p_22.1_113.7
2017-12-17,13.60,11.90,12.40,OPEN_METEO_ERA5_LAND,p_22.1_113.7
2017-12-18,15.80,10.90,12.90,OPEN_METEO_ERA5_LAND,p_22.1_113.7
2017-12-19,16.80,11.40,13.70,OPEN_METEO_ERA5_LAND,p_22.1_113.7
2017-12-20,18.30,12.70,14.90,OPEN_METEO_ERA5_LAND,p_22.1_113.7
2017-12-21,16.50,12.70,14.70,OPEN_METEO_ERA5_LAND,p_22.1_113.7
2017-12-22,17.80,15.50,16.50,OPEN_METEO_ERA5_LAND,p_22.1_113.7
2017-12-23,17.90,17.20,17.50,OPEN_METEO_ERA5_LAND,p_22.1_113.7
2017-12-24,19.70,16.80,18.30,OPEN_METEO_ERA5_LAND,p_22.1_113.7
2017-12-25,17.60,14.70,16.50,OPEN_METEO_ERA5_LAND,p_22.1_113.7
2017-12-26,17.40,16.30,16.90,OPEN_METEO_ERA5_LAND,p_22.1_113.7
2017-12-27,17.70,16.10,16.70,OPEN_METEO_ERA5_LAND,p_22.1_113.7
2017-12-28,17.80,16.80,17.20,OPEN_METEO_ERA5_LAND,p_22.1_113.7
2017-12-29,17.90,16.40,17.20,OPEN_METEO_ERA5_LAND,p_22.1_113.7
2017-12-30,19.20,16.40,17.60,OPEN_METEO_ERA5_LAND,p_22.1_113.7
2017-12-31,17.70,14.60,16.30,OPEN_METEO_ERA5_LAND,p_22.1_113.7
2018-01-01,17.00,15.60,16.40,OPEN_METEO_ERA5_LAND,p_22.1_113.7
2018-01-02,18.00,16.60,17.10,OPEN_METEO_ERA5_LAND,p_22.1_113.7
2018-01-03,18.20,17.70,17.80,OPEN_METEO_ERA5_LAND,p_22.1_113.7
2018-01-04,18.10,17.20,17.60,OPEN_METEO_ERA5_LAND,p_22.1_113.7
2018-01-05,18.40,17.00,17.80,OPEN_METEO_ERA5_LAND,p_22.1_113.7
2018-01-06,17.70,16.60,17.20,OPEN_METEO_ERA5_LAND,p_22.1_113.7
2018-01-07,18.80,16.50,17.50,OPEN_METEO_ERA5_LAND,p_22.1_113.7
2018-01-08,19.80,10.90,15.50,OPEN_METEO_ERA5_LAND,p_22.1_113.7
2018-01-09,12.00,9.50,10.40,OPEN_METEO_ERA5_LAND,p_22.1_113.7
2018-01-10,15.00,12.00,13.20,OPEN_METEO_ERA5_LAND,p_22.1_113.7
2018-01-11,15.80,12.40,14.00,OPEN_METEO_ERA5_LAND,p_22.1_113.7
2018-01-12,14.60,11.10,13.00,OPEN_METEO_ERA5_LAND,p_22.1_113.7
2018-01-13,14.70,11.70,13.30,OPEN_METEO_ERA5_LAND,p_22.1_113.7
2018-01-14,15.70,13.70,14.70,OPEN_METEO_ERA5_LAND,p_22.1_113.7
2018-01-15,16.20,14.50,15.40,OPEN_METEO_ERA5_LAND,p_22.1_113.7
2018-01-16,16.80,14.40,15.50,OPEN_METEO_ERA5_LAND,p_22.1_113.7
2018-01-17,17.30,14.90,16.00,OPEN_METEO_ERA5_LAND,p_22.1_113.7
2018-01-18,17.50,16.30,16.80,OPEN_METEO_ERA5_LAND,p_22.1_113.7
2018-01-19,17.40,16.90,17.20,OPEN_METEO_ERA5_LAND,p_22.1_113.7
2018-01-20,17.40,16.60,17.10,OPEN_METEO_ERA5_LAND,p_22.1_113.7
2018-01-21,17.50,16.60,17.00,OPEN_METEO_ERA5_LAND,p_22.1_113.7
2018-01-22,18.00,16.40,17.30,OPEN_METEO_ERA5_LAND,p_22.1_113.7
2018-01-23,17.70,16.60,17.10,OPEN_METEO_ERA5_LAND,p_22.1_113.7
2018-01-24,17.60,16.70,17.30,OPEN_METEO_ERA5_LAND,p_22.1_113.7
2018-01-25,17.80,16.50,17.30,OPEN_METEO_ERA5_LAND,p_22.1_113.7
2018-01-26,17.60,15.30,16.90,OPEN_METEO_ERA5_LAND,p_22.1_113.7
2018-01-27,16.90,13.70,15.40,OPEN_METEO_ERA5_LAND,p_22.1_113.7
2018-01-28,16.70,11.30,14.90,OPEN_METEO_ERA5_LAND,p_22.1_113.7
2018-01-29,10.90,9.10,9.60,OPEN_METEO_ERA5_LAND,p_22.1_113.7
2018-01-30,11.00,8.70,9.80,OPEN_METEO_ERA5_LAND,p_22.1_113.7
2018-01-31,11.50,9.80,10.40,OPEN_METEO_ERA5_LAND,p_22.1_113.7
2018-02-01,14.10,8.40,10.60,OPEN_METEO_ERA5_LAND,p_22.1_113.7
2018-02-02,13.00,10.30,11.20,OPEN_METEO_ERA5_LAND,p_22.1_113.7
2018-02-03,13.60,9.50,11.00,OPEN_METEO_ERA5_LAND,p_22.1_113.7
2018-02-04,13.50,9.20,10.80,OPEN_METEO_ERA5_LAND,p_22.1_113.7
2018-02-05,13.00,8.70,10.60,OPEN_METEO_ERA5_LAND,p_22.1_113.7
2018-02-06,14.40,9.70,11.80,OPEN_METEO_ERA5_LAND,p_22.1_113.7
2018-02-07,14.80,12.50,13.60,OPEN_METEO_ERA5_LAND,p_22.1_113.7
2018-02-08,16.60,12.70,14.10,OPEN_METEO_ERA5_LAND,p_22.1_113.7
2018-02-09,16.80,15.90,16.50,OPEN_METEO_ERA5_LAND,p_22.1_113.7
2018-02-10,18.30,15.90,16.70,OPEN_METEO_ERA5_LAND,p_22.1_113.7
2018-02-11,16.80,13.30,14.80,OPEN_METEO_ERA5_LAND,p_22.1_113.7
2018-02-12,17.60,11.90,14.50,OPEN_METEO_ERA5_LAND,p_22.1_113.7
2018-02-13,17.10,14.60,15.60,OPEN_METEO_ERA5_LAND,p_22.1_113.7
2018-02-14,17.90,16.40,17.10,OPEN_METEO_ERA5_LAND,p_22.1_113.7
2018-02-15,17.60,17.20,17.40,OPEN_METEO_ERA5_LAND,p_22.1_113.7
2018-02-16,19.50,15.50,16.50,OPEN_METEO_ERA5_LAND,p_22.1_113.7
2018-02-17,17.20,15.30,16.50,OPEN_METEO_ERA5_LAND,p_22.1_113.7
2018-02-18,17.40,16.90,17.20,OPEN_METEO_ERA5_LAND,p_22.1_113.7
2018-02-19,17.80,16.50,17.30,OPEN_METEO_ERA5_LAND,p_22.1_113.7
2018-02-20,18.10,17.00,17.60,OPEN_METEO_ERA5_LAND,p_22.1_113.7
2018-02-21,18.00,17.10,17.60,OPEN_METEO_ERA5_LAND,p_22.1_113.7
2018-02-22,17.40,13.70,15.20,OPEN_METEO_ERA5_LAND,p_22.1_113.7
2018-02-23,17.40,13.40,15.00,OPEN_METEO_ERA5_LAND,p_22.1_113.7
2018-02-24,18.10,17.30,17.70,OPEN_METEO_ERA5_LAND,p_22.1_113.7
2018-02-25,18.70,17.40,18.00,OPEN_METEO_ERA5_LAND,p_22.1_113.7
2018-02-26,18.00,15.60,16.90,OPEN_METEO_ERA5_LAND,p_22.1_113.7
2018-02-27,18.40,16.70,17.50,OPEN_METEO_ERA5_LAND,p_22.1_113.7
2018-02-28,18.50,16.90,17.80,OPEN_METEO_ERA5_LAND,p_22.1_113.7
2018-03-01,18.70,16.90,17.70,OPEN_METEO_ERA5_LAND,p_22.1_113.7
2018-03-02,19.10,18.40,18.60,OPEN_METEO_ERA5_LAND,p_22.1_113.7
2018-03-03,19.50,18.70,19.10,OPEN_METEO_ERA5_LAND,p_22.1_113.7
2018-03-04,20.40,19.50,20.00,OPEN_METEO_ERA5_LAND,p_22.1_113.7
2018-03-05,20.90,19.80,20.10,OPEN_METEO_ERA5_LAND,p_22.1_113.7
2018-03-06,19.60,18.30,18.90,OPEN_METEO_ERA5_LAND,p_22.1_113.7
2018-03-07,19.70,18.70,19.20,OPEN_METEO_ERA5_LAND,p_22.1_113.7
2018-03-08,18.50,13.60,14.60,OPEN_METEO_ERA5_LAND,p_22.1_113.7
2018-03-09,17.10,12.00,14.50,OPEN_METEO_ERA5_LAND,p_22.1_113.7
2018-03-10,17.90,15.40,16.60,OPEN_METEO_ERA5_LAND,p_22.1_113.7
2018-03-11,18.30,16.10,17.50,OPEN_METEO_ERA5_LAND,p_22.1_113.7
2018-03-12,18.90,17.60,18.20,OPEN_METEO_ERA5_LAND,p_22.1_113.7
2018-03-13,18.70,18.00,18.40,OPEN_METEO_ERA5_LAND,p_22.1_113.7
2018-03-14,19.10,18.50,18.80,OPEN_METEO_ERA5_LAND,p_22.1_113.7
2018-03-15,19.40,18.50,18.90,OPEN_METEO_ERA5_LAND,p_22.1_113.7
2018-03-16,19.10,18.20,18.70,OPEN_METEO_ERA5_LAND,p_22.1_113.7
2018-03-17,19.60,18.40,18.90,OPEN_METEO_ERA5_LAND,p_22.1_113.7
2018-03-18,19.80,19.00,19.50,OPEN_METEO_ERA5_LAND,p_22.1_113.7
2018-03-19,20.60,19.30,19.90,OPEN_METEO_ERA5_LAND,p_22.1_113.7
2018-03-20,20.20,16.90,18.40,OPEN_METEO_ERA5_LAND,p_22.1_113.7
2018-03-21,20.10,13.80,16.70,OPEN_METEO_ERA5_LAND,p_22.1_113.7
2018-03-22,19.20,16.00,17.70,OPEN_METEO_ERA5_LAND,p_22.1_113.7
2018-03-23,19.00,17.90,18.50,OPEN_METEO_ERA5_LAND,p_22.1_113.7
2018-03-24,19.70,18.60,19.10,OPEN_METEO_ERA5_LAND,p_22.1_113.7
2018-03-25,20.20,19.00,19.60,OPEN_METEO_ERA5_LAND,p_22.1_113.7
2018-03-26,20.10,19.20,19.50,OPEN_METEO_ERA5_LAND,p_22.1_113.7
2018-03-27,20.10,19.30,19.70,OPEN_METEO_ERA5_LAND,p_22.1_113.7
2018-03-28,20.70,19.40,20.00,OPEN_METEO_ERA5_LAND,p_22.1_113.7
2018-03-29,21.00,20.20,20.50,OPEN_METEO_ERA5_LAND,p_22.1_113.7
2018-03-30,21.30,20.50,20.90,OPEN_METEO_ERA5_LAND,p_22.1_113.7
2018-03-31,21.50,21.00,21.20,OPEN_METEO_ERA5_LAND,p_22.1_113.7
2018-04-01,21.60,20.70,21.10,OPEN_METEO_ERA5_LAND,p_22.1_113.7
2018-04-02,22.20,20.80,21.40,OPEN_METEO_ERA5_LAND,p_22.1_113.7
2018-04-03,22.50,21.30,21.80,OPEN_METEO_ERA5_LAND,p_22.1_113.7
2018-04-04,22.40,21.50,21.90,OPEN_METEO_ERA5_LAND,p_22.1_113.7
2018-04-05,23.00,21.90,22.40,OPEN_METEO_ERA5_LAND,p_22.1_113.7
2018-04-06,22.90,17.20,21.20,OPEN_METEO_ERA5_LAND,p_22.1_113.7
2018-04-07,21.70,16.00,18.60,OPEN_METEO_ERA5_LAND,p_22.1_113.7
2018-04-08,21.00,17.70,19.40,OPEN_METEO_ERA5_LAND,p_22.1_113.7
2018-04-09,22.70,20.70,21.70,OPEN_METEO_ERA5_LAND,p_22.1_113.7
2018-04-10,22.20,21.60,21.90,OPEN_METEO_ERA5_LAND,p_22.1_113.7
2018-04-11,22.50,21.50,21.90,OPEN_METEO_ERA5_LAND,p_22.1_113.7
2018-04-12,22.90,22.10,22.50,OPEN_METEO_ERA5_LAND,p_22.1_113.7
2018-04-13,23.30,22.60,22.90,OPEN_METEO_ERA5_LAND,p_22.1_113.7
2018-04-14,24.30,22.70,23.30,OPEN_METEO_ERA5_LAND,p_22.1_113.7
2018-04-15,21.70,18.70,20.10,OPEN_METEO_ERA5_LAND,p_22.1_113.7
2018-04-16,19.80,18.40,19.20,OPEN_METEO_ERA5_LAND,p_22.1_113.7
2018-04-17,22.30,18.80,20.00,OPEN_METEO_ERA5_LAND,p_22.1_113.7
2018-04-18,22.70,21.30,22.20,OPEN_METEO_ERA5_LAND,p_22.1_113.7
2018-04-19,22.90,22.40,22.60,OPEN_METEO_ERA5_LAND,p_22.1_113.7
2018-04-20,23.10,22.40,22.80,OPEN_METEO_ERA5_LAND,p_22.1_113.7
2018-04-21,23.10,22.50,22.80,OPEN_METEO_ERA5_LAND,p_22.1_113.7
2018-04-22,23.10,22.60,22.80,OPEN_METEO_ERA5_LAND,p_22.1_113.7
2018-04-23,23.90,22.60,23.20,OPEN_METEO_ERA5_LAND,p_22.1_113.7
2018-04-24,23.50,22.40,22.90,OPEN_METEO_ERA5_LAND,p_22.1_113.7
2018-04-25,23.40,21.90,22.70,OPEN_METEO_ERA5_LAND,p_22.1_113.7
2018-04-26,23.30,22.60,22.90,OPEN_METEO_ERA5_LAND,p_22.1_113.7
2018-04-27,23.80,22.80,23.20,OPEN_METEO_ERA5_LAND,p_22.1_113.7
2018-04-28,23.40,22.90,23.10,OPEN_METEO_ERA5_LAND,p_22.1_113.7
2018-04-29,23.60,23.10,23.30,OPEN_METEO_ERA5_LAND,p_22.1_113.7
2018-04-30,24.20,23.30,23.60,OPEN_METEO_ERA5_LAND,p_22.1_113.7
2018-05-01,24.80,23.80,24.20,OPEN_METEO_ERA5_LAND,p_22.1_113.7
2018-05-02,25.20,24.20,24.70,OPEN_METEO_ERA5_LAND,p_22.1_113.7
2018-05-03,25.30,24.00,24.70,OPEN_METEO_ERA5_LAND,p_22.1_113.7
2018-05-04,25.00,23.60,24.10,OPEN_METEO_ERA5_LAND,p_22.1_113.7
2018-05-05,25.40,24.50,24.80,OPEN_METEO_ERA5_LAND,p_22.1_113.7
2018-05-06,25.80,24.50,25.20,OPEN_METEO_ERA5_LAND,p_22.1_113.7
2018-05-07,26.60,24.10,25.10,OPEN_METEO_ERA5_LAND,p_22.1_113.7
2018-05-08,25.40,23.60,24.60,OPEN_METEO_ERA5_LAND,p_22.1_113.7
2018-05-09,25.30,23.90,24.70,OPEN_METEO_ERA5_LAND,p_22.1_113.7
2018-05-10,25.20,24.10,24.60,OPEN_METEO_ERA5_LAND,p_22.1_113.7
2018-05-11,25.10,24.30,24.70,OPEN_METEO_ERA5_LAND,p_22.1_113.7
2018-05-12,25.40,24.70,25.00,OPEN_METEO_ERA5_LAND,p_22.1_113.7
2018-05-13,25.80,24.70,25.10,OPEN_METEO_ERA5_LAND,p_22.1_113.7
2018-05-14,26.70,25.50,25.80,OPEN_METEO_ERA5_LAND,p_22.1_113.7
2018-05-15,27.20,26.10,26.50,OPEN_METEO_ERA5_LAND,p_22.1_113.7
2018-05-16,27.30,26.50,26.90,OPEN_METEO_ERA5_LAND,p_22.1_113.7
2018-05-17,27.60,27.00,27.30,OPEN_METEO_ERA5_LAND,p_22.1_113.7
2018-05-18,28.00,27.20,27.40,OPEN_METEO_ERA5_LAND,p_22.1_113.7
2018-05-19,28.10,27.20,27.70,OPEN_METEO_ERA5_LAND,p_22.1_113.7
2018-05-20,28.50,27.50,27.80,OPEN_METEO_ERA5_LAND,p_22.1_113.7
2018-05-21,28.90,27.80,28.30,OPEN_METEO_ERA5_LAND,p_22.1_113.7
2018-05-22,29.20,27.10,28.10,OPEN_METEO_ERA5_LAND,p_22.1_113.7
2018-05-23,29.20,27.30,28.40,OPEN_METEO_ERA5_LAND,p_22.1_113.7
2018-05-24,29.30,28.20,28.60,OPEN_METEO_ERA5_LAND,p_22.1_113.7
2018-05-25,29.40,28.20,28.80,OPEN_METEO_ERA5_LAND,p_22.1_113.7
2018-05-26,29.70,28.30,29.10,OPEN_METEO_ERA5_LAND,p_22.1_113.7
2018-05-27,29.40,26.70,28.40,OPEN_METEO_ERA5_LAND,p_22.1_113.7
2018-05-28,28.90,25.80,28.20,OPEN_METEO_ERA5_LAND,p_22.1_113.7
2018-05-29,29.40,28.40,28.90,OPEN_METEO_ERA5_LAND,p_22.1_113.7
2018-05-30,29.70,28.40,28.90,OPEN_METEO_ERA5_LAND,p_22.1_113.7
2018-05-31,29.60,28.70,29.20,OPEN_METEO_ERA5_LAND,p_22.1_113.7
2018-06-01,29.60,26.90,28.60,OPEN_METEO_ERA5_LAND,p_22.1_113.7
2018-06-02,28.40,26.10,27.50,OPEN_METEO_ERA5_LAND,p_22.1_113.7
2018-06-03,28.80,26.70,27.80,OPEN_METEO_ERA5_LAND,p_22.1_113.7
2018-06-04,28.30,26.40,27.40,OPEN_METEO_ERA5_LAND,p_22.1_113.7
2018-06-05,28.10,26.10,26.90,OPEN_METEO_ERA5_LAND,p_22.1_113.7
2018-06-06,28.30,26.00,27.20,OPEN_METEO_ERA5_LAND,p_22.1_113.7
2018-06-07,27.50,26.50,26.90,OPEN_METEO_ERA5_LAND,p_22.1_113.7
2018-06-08,29.10,26.60,27.30,OPEN_METEO_ERA5_LAND,p_22.1_113.7
2018-06-09,28.80,27.00,28.10,OPEN_METEO_ERA5_LAND,p_22.1_113.7
2018-06-10,29.90,27.30,28.40,OPEN_METEO_ERA5_LAND,p_22.1_113.7
2018-06-11,29.10,27.50,28.50,OPEN_METEO_ERA5_LAND,p_22.1_113.7
2018-06-12,28.40,26.50,27.40,OPEN_METEO_ERA5_LAND,p_22.1_113.7
2018-06-13,27.40,26.30,26.80,OPEN_METEO_ERA5_LAND,p_22.1_113.7
2018-06-14,28.00,25.10,26.60,OPEN_METEO_ERA5_LAND,p_22.1_113.7
2018-06-15,27.30,26.00,26.50,OPEN_METEO_ERA5_LAND,p_22.1_113.7
2018-06-16,27.90,25.80,27.30,OPEN_METEO_ERA5_LAND,p_22.1_113.7
2018-06-17,28.20,26.30,27.30,OPEN_METEO_ERA5_LAND,p_22.1_113.7
2018-06-18,28.30,27.00,27.70,OPEN_METEO_ERA5_LAND,p_22.1_113.7
2018-06-19,28.50,26.70,27.80,OPEN_METEO_ERA5_LAND,p_22.1_113.7
2018-06-20,28.50,27.50,28.00,OPEN_METEO_ERA5_LAND,p_22.1_113.7
2018-06-21,28.50,26.30,27.90,OPEN_METEO_ERA5_LAND,p_22.1_113.7
2018-06-22,28.40,26.20,27.70,OPEN_METEO_ERA5_LAND,p_22.1_113.7
2018-06-23,28.20,26.10,27.30,OPEN_METEO_ERA5_LAND,p_22.1_113.7
2018-06-24,28.10,26.60,27.60,OPEN_METEO_ERA5_LAND,p_22.1_113.7
2018-06-25,28.10,25.70,26.70,OPEN_METEO_ERA5_LAND,p_22.1_113.7
2018-06-26,28.20,26.10,27.00,OPEN_METEO_ERA5_LAND,p_22.1_113.7
2018-06-27,28.40,26.60,27.50,OPEN_METEO_ERA5_LAND,p_22.1_113.7
2018-06-28,28.70,27.50,28.10,OPEN_METEO_ERA5_LAND,p_22.1_113.7
2018-06-29,29.30,27.50,28.50,OPEN_METEO_ERA5_LAND,p_22.1_113.7
2018-06-30,29.50,27.90,28.70,OPEN_METEO_ERA5_LAND,p_22.1_113.7
2018-07-01,29.10,27.80,28.60,OPEN_METEO_ERA5_LAND,p_22.1_113.7
2018-07-02,29.20,27.50,28.40,OPEN_METEO_ERA5_LAND,p_22.1_113.7
2018-07-03,29.20,27.60,28.60,OPEN_METEO_ERA5_LAND,p_22.1_113.7
2018-07-04,29.20,27.90,28.80,OPEN_METEO_ERA5_LAND,p_22.1_113.7
2018-07-05,29.00,27.60,28.60,OPEN_METEO_ERA5_LAND,p_22.1_113.7
2018-07-06,29.00,27.90,28.60,OPEN_METEO_ERA5_LAND,p_22.1_113.7
2018-07-07,28.90,27.30,28.20,OPEN_METEO_ERA5_LAND,p_22.1_113.7
2018-07-08,28.30,26.80,27.60,OPEN_METEO_ERA5_LAND,p_22.1_113.7
2018-07-09,28.00,26.40,27.30,OPEN_METEO_ERA5_LAND,p_22.1_113.7
2018-07-10,28.90,26.70,28.10,OPEN_METEO_ERA5_LAND,p_22.1_113.7
2018-07-11,29.10,27.70,28.40,OPEN_METEO_ERA5_LAND,p_22.1_113.7
2018-07-12,28.80,26.90,27.70,OPEN_METEO_ERA5_LAND,p_22.1_113.7
2018-07-13,27.30,26.10,26.60,OPEN_METEO_ERA5_LAND,p_22.1_113.7
2018-07-14,27.40,26.10,26.60,OPEN_METEO_ERA5_LAND,p_22.1_113.7
2018-07-15,27.40,26.20,26.90,OPEN_METEO_ERA5_LAND,p_22.1_113.7
2018-07-16,28.10,26.10,27.40,OPEN_METEO_ERA5_LAND,p_22.1_113.7
2018-07-17,29.20,26.70,28.10,OPEN_METEO_ERA5_LAND,p_22.1_113.7
2018-07-18,27.90,26.90,27.50,OPEN_METEO_ERA5_LAND,p_22.1_113.7
2018-07-19,27.70,26.10,26.90,OPEN_METEO_ERA5_LAND,p_22.1_113.7
2018-07-20,27.90,26.20,27.20,OPEN_METEO_ERA5_LAND,p_22.1_113.7
2018-07-21,28.40,26.90,27.50,OPEN_METEO_ERA5_LAND,p_22.1_113.7
2018-07-22,28.30,27.30,27.70,OPEN_METEO_ERA5_LAND,p_22.1_113.7
2018-07-23,28.20,26.70,27.50,OPEN_METEO_ERA5_LAND,p_22.1_113.7
2018-07-24,28.70,26.80,27.80,OPEN_METEO_ERA5_LAND,p_22.1_113.7
2018-07-25,28.40,26.40,27.60,OPEN_METEO_ERA5_LAND,p_22.1_113.7
2018-07-26,28.60,26.60,27.40,OPEN_METEO_ERA5_LAND,p_22.1_113.7
2018-07-27,28.50,25.70,27.30,OPEN_METEO_ERA5_LAND,p_22.1_113.7
2018-07-28,29.00,27.70,28.20,OPEN_METEO_ERA5_LAND,p_22.1_113.7
2018-07-29,28.80,27.40,28.10,OPEN_METEO_ERA5_LAND,p_22.1_113.7
2018-07-30,28.40,27.10,27.90,OPEN_METEO_ERA5_LAND,p_22.1_113.7
2018-07-31,29.40,27.20,28.40,OPEN_METEO_ERA5_LAND,p_22.1_113.7
2018-08-01,29.70,28.20,28.90,OPEN_METEO_ERA5_LAND,p_22.1_113.7
2018-08-02,29.50,27.40,28.60,OPEN_METEO_ERA5_LAND,p_22.1_113.7
2018-08-03,29.60,28.20,28.70,OPEN_METEO_ERA5_LAND,p_22.1_113.7
2018-08-04,29.80,26.80,28.40,OPEN_METEO_ERA5_LAND,p_22.1_113.7
2018-08-05,29.50,28.00,28.70,OPEN_METEO_ERA5_LAND,p_22.1_113.7
2018-08-06,29.20,27.70,28.30,OPEN_METEO_ERA5_LAND,p_22.1_113.7
2018-08-07,29.10,27.80,28.30,OPEN_METEO_ERA5_LAND,p_22.1_113.7
2018-08-08,29.80,27.50,28.50,OPEN_METEO_ERA5_LAND,p_22.1_113.7
2018-08-09,29.60,27.50,28.70,OPEN_METEO_ERA5_LAND,p_22.1_113.7
2018-08-10,28.60,26.70,27.50,OPEN_METEO_ERA5_LAND,p_22.1_113.7
2018-08-11,28.40,26.70,27.40,OPEN_METEO_ERA5_LAND,p_22.1_113.7
2018-08-12,28.50,26.60,27.40,OPEN_METEO_ERA5_LAND,p_22.1_113.7
2018-08-13,29.10,27.00,28.20,OPEN_METEO_ERA5_LAND,p_22.1_113.7
2018-08-14,28.60,27.00,27.90,OPEN_METEO_ERA5_LAND,p_22.1_113.7
2018-08-15,28.20,27.10,27.70,OPEN_METEO_ERA5_LAND,p_22.1_113.7
2018-08-16,27.90,26.40,27.50,OPEN_METEO_ERA5_LAND,p_22.1_113.7
2018-08-17,28.10,25.80,27.10,OPEN_METEO_ERA5_LAND,p_22.1_113.7
2018-08-18,28.30,26.00,27.20,OPEN_METEO_ERA5_LAND,p_22.1_113.7
2018-08-19,28.50,26.20,27.20,OPEN_METEO_ERA5_LAND,p_22.1_113.7
2018-08-20,28.40,25.80,27.20,OPEN_METEO_ERA5_LAND,p_22.1_113.7
2018-08-21,29.00,25.50,27.10,OPEN_METEO_ERA5_LAND,p_22.1_113.7
2018-08-22,28.60,27.00,27.90,OPEN_METEO_ERA5_LAND,p_22.1_113.7
2018-08-23,29.10,27.40,28.40,OPEN_METEO_ERA5_LAND,p_22.1_113.7
2018-08-24,29.10,27.40,28.20,OPEN_METEO_ERA5_LAND,p_22.1_113.7
2018-08-25,29.30,27.30,28.40,OPEN_METEO_ERA5_LAND,p_22.1_113.7
2018-08-26,28.70,26.00,27.70,OPEN_METEO_ERA5_LAND,p_22.1_113.7
2018-08-27,27.70,25.90,26.90,OPEN_METEO_ERA5_LAND,p_22.1_113.7
2018-08-28,27.90,26.20,27.00,OPEN_METEO_ERA5_LAND,p_22.1_113.7
2018-08-29,27.70,25.90,26.90,OPEN_METEO_ERA5_LAND,p_22.1_113.7
2018-08-30,28.10,26.40,27.10,OPEN_METEO_ERA5_LAND,p_22.1_113.7
2018-08-31,28.20,26.20,27.20,OPEN_METEO_ERA5_LAND,p_22.1_113.7
2018-09-01,27.80,25.70,26.60,OPEN_METEO_ERA5_LAND,p_22.1_113.7
2018-09-02,27.10,24.90,26.10,OPEN_METEO_ERA5_LAND,p_22.1_113.7
2018-09-03,27.70,26.10,27.10,OPEN_METEO_ERA5_LAND,p_22.1_113.7
2018-09-04,28.30,27.10,27.70,OPEN_METEO_ERA5_LAND,p_22.1_113.7
2018-09-05,28.50,27.60,28.00,OPEN_METEO_ERA5_LAND,p_22.1_113.7
2018-09-06,28.40,26.80,27.90,OPEN_METEO_ERA5_LAND,p_22.1_113.7
2018-09-07,28.80,27.10,27.70,OPEN_METEO_ERA5_LAND,p_22.1_113.7
2018-09-08,27.50,25.30,26.50,OPEN_METEO_ERA5_LAND,p_22.1_113.7
2018-09-09,27.60,25.40,26.60,OPEN_METEO_ERA5_LAND,p_22.1_113.7
2018-09-10,26.90,25.70,26.40,OPEN_METEO_ERA5_LAND,p_22.1_113.7
2018-09-11,29.20,25.80,27.30,OPEN_METEO_ERA5_LAND,p_22.1_113.7
2018-09-12,27.80,26.40,27.10,OPEN_METEO_ERA5_LAND,p_22.1_113.7
2018-09-13,27.60,26.00,26.70,OPEN_METEO_ERA5_LAND,p_22.1_113.7
2018-09-14,28.30,26.50,27.20,OPEN_METEO_ERA5_LAND,p_22.1_113.7
2018-09-15,30.20,26.30,28.40,OPEN_METEO_ERA5_LAND,p_22.1_113.7
2018-09-16,29.80,26.20,27.40,OPEN_METEO_ERA5_LAND,p_22.1_113.7
2018-09-17,27.20,25.60,26.50,OPEN_METEO_ERA5_LAND,p_22.1_113.7
2018-09-18,27.70,26.20,27.00,OPEN_METEO_ERA5_LAND,p_22.1_113.7
2018-09-19,27.60,26.40,26.80,OPEN_METEO_ERA5_LAND,p_22.1_113.7
2018-09-20,27.80,26.70,27.10,OPEN_METEO_ERA5_LAND,p_22.1_113.7
2018-09-21,27.90,26.00,27.10,OPEN_METEO_ERA5_LAND,p_22.1_113.7
2018-09-22,28.20,26.60,27.30,OPEN_METEO_ERA5_LAND,p_22.1_113.7
2018-09-23,28.40,25.40,26.90,OPEN_METEO_ERA5_LAND,p_22.1_113.7
2018-09-24,27.40,25.40,26.20,OPEN_METEO_ERA5_LAND,p_22.1_113.7
2018-09-25,27.30,25.30,26.60,OPEN_METEO_ERA5_LAND,p_22.1_113.7
2018-09-26,27.40,26.00,26.70,OPEN_METEO_ERA5_LAND,p_22.1_113.7
2018-09-27,27.20,25.20,26.30,OPEN_METEO_ERA5_LAND,p_22.1_113.7
2018-09-28,27.40,25.50,26.20,OPEN_METEO_ERA5_LAND,p_22.1_113.7
2018-09-29,28.30,24.20,26.00,OPEN_METEO_ERA5_LAND,p_22.1_113.7
2018-09-30,27.50,25.50,26.50,OPEN_METEO_ERA5_LAND,p_22.1_113.7
2018-10-01,27.80,25.00,26.30,OPEN_METEO_ERA5_LAND,p_22.1_113.7
2018-10-02,27.00,25.40,26.10,OPEN_METEO_ERA5_LAND,p_22.1_113.7
2018-10-03,26.90,24.70,25.70,OPEN_METEO_ERA5_LAND,p_22.1_113.7
2018-10-04,26.90,23.70,25.80,OPEN_METEO_ERA5_LAND,p_22.1_113.7
2018-10-05,26.70,23.60,25.60,OPEN_METEO_ERA5_LAND,p_22.1_113.7
2018-10-06,26.50,24.00,25.40,OPEN_METEO_ERA5_LAND,p_22.1_113.7
2018-10-07,26.20,24.90,25.60,OPEN_METEO_ERA5_LAND,p_22.1_113.7
2018-10-08,25.80,24.80,25.40,OPEN_METEO_ERA5_LAND,p_22.1_113.7
2018-10-09,26.10,24.50,25.40,OPEN_METEO_ERA5_LAND,p_22.1_113.7
2018-10-10,25.90,22.70,24.40,OPEN_METEO_ERA5_LAND,p_22.1_113.7
2018-10-11,24.80,22.00,23.00,OPEN_METEO_ERA5_LAND,p_22.1_113.7
2018-10-12,24.40,21.60,22.80,OPEN_METEO_ERA5_LAND,p_22.1_113.7
2018-10-13,25.00,23.20,24.10,OPEN_METEO_ERA5_LAND,p_22.1_113.7
2018-10-14,25.70,24.60,25.20,OPEN_METEO_ERA5_LAND,p_22.1_113.7
2018-10-15,26.00,24.80,25.60,OPEN_METEO_ERA5_LAND,p_22.1_113.7
2018-10-16,25.30,22.90,24.00,OPEN_METEO_ERA5_LAND,p_22.1_113.7
2018-10-17,23.60,22.10,22.80,OPEN_METEO_ERA5_LAND,p_22.1_113.7
2018-10-18,24.30,21.80,22.90,OPEN_METEO_ERA5_LAND,p_22.1_113.7
2018-10-19,24.60,23.40,24.00,OPEN_METEO_ERA5_LAND,p_22.1_113.7
2018-10-20,24.70,23.30,24.10,OPEN_METEO_ERA5_LAND,p_22.1_113.7
2018-10-21,25.10,24.20,24.60,OPEN_METEO_ERA5_LAND,p_22.1_113.7
2018-10-22,25.30,24.30,24.70,OPEN_METEO_ERA5_LAND,p_22.1_113.7
2018-10-23,25.40,22.60,24.00,OPEN_METEO_ERA5_LAND,p_22.1_113.7
2018-10-24,25.00,23.40,24.30,OPEN_METEO_ERA5_LAND,p_22.1_113.7
2018-10-25,25.00,23.80,24.60,OPEN_METEO_ERA5_LAND,p_22.1_113.7
2018-10-26,25.60,23.50,24.70,OPEN_METEO_ERA5_LAND,p_22.1_113.7
2018-10-27,25.80,22.90,24.40,OPEN_METEO_ERA5_LAND,p_22.1_113.7
2018-10-28,25.30,22.20,23.50,OPEN_METEO_ERA5_LAND,p_22.1_113.7
2018-10-29,26.40,22.30,23.90,OPEN_METEO_ERA5_LAND,p_22.1_113.7
2018-10-30,26.00,22.80,24.10,OPEN_METEO_ERA5_LAND,p_22.1_113.7
2018-10-31,25.60,22.00,23.70,OPEN_METEO_ERA5_LAND,p_22.1_113.7
2018-11-01,23.90,20.00,22.70,OPEN_METEO_ERA5_LAND,p_22.1_113.7
2018-11-02,22.30,20.70,21.40,OPEN_METEO_ERA5_LAND,p_22.1_113.7
2018-11-03,22.70,20.60,21.40,OPEN_METEO_ERA5_LAND,p_22.1_113.7
2018-11-04,23.90,22.10,23.00,OPEN_METEO_ERA5_LAND,p_22.1_113.7
2018-11-05,24.20,23.00,23.60,OPEN_METEO_ERA5_LAND,p_22.1_113.7
2018-11-06,24.00,23.10,23.60,OPEN_METEO_ERA5_LAND,p_22.1_113.7
2018-11-07,24.30,23.40,23.70,OPEN_METEO_ERA5_LAND,p_22.1_113.7
2018-11-08,24.60,22.10,23.20,OPEN_METEO_ERA5_LAND,p_22.1_113.7
2018-11-09,23.90,20.80,22.40,OPEN_METEO_ERA5_LAND,p_22.1_113.7
2018-11-10,23.80,23.10,23.40,OPEN_METEO_ERA5_LAND,p_22.1_113.7
2018-11-11,23.60,22.70,23.20,OPEN_METEO_ERA5_LAND,p_22.1_113.7
2018-11-12,24.40,22.60,23.50,OPEN_METEO_ERA5_LAND,p_22.1_113.7
2018-11-13,24.00,21.10,22.80,OPEN_METEO_ERA5_LAND,p_22.1_113.7
2018-11-14,23.50,22.10,22.70,OPEN_METEO_ERA5_LAND,p_22.1_113.7
2018-11-15,23.70,23.00,23.30,OPEN_METEO_ERA5_LAND,p_22.1_113.7
2018-11-16,23.80,23.20,23.50,OPEN_METEO_ERA5_LAND,p_22.1_113.7
2018-11-17,23.60,21.80,22.90,OPEN_METEO_ERA5_LAND,p_22.1_113.7
2018-11-18,23.80,21.90,23.00,OPEN_METEO_ERA5_LAND,p_22.1_113.7
2018-11-19,23.20,19.80,21.30,OPEN_METEO_ERA5_LAND,p_22.1_113.7
2018-11-20,23.20,21.70,22.50,OPEN_METEO_ERA5_LAND,p_22.1_113.7
2018-11-21,23.10,20.50,22.50,OPEN_METEO_ERA5_LAND,p_22.1_113.7
2018-11-22,21.70,18.10,19.70,OPEN_METEO_ERA5_LAND,p_22.1_113.7
2018-11-23,21.90,18.30,20.00,OPEN_METEO_ERA5_LAND,p_22.1_113.7
2018-11-24,22.10,20.60,21.40,OPEN_METEO_ERA5_LAND,p_22.1_113.7
2018-11-25,21.90,18.20,20.20,OPEN_METEO_ERA5_LAND,p_22.1_113.7
2018-11-26,22.60,18.60,20.30,OPEN_METEO_ERA5_LAND,p_22.1_113.7
2018-11-27,21.80,19.70,20.40,OPEN_METEO_ERA5_LAND,p_22.1_113.7
2018-11-28,21.40,20.10,20.70,OPEN_METEO_ERA5_LAND,p_22.1_113.7
2018-11-29,21.80,20.10,21.10,OPEN_METEO_ERA5_LAND,p_22.1_113.7
2018-11-30,21.90,20.40,20.90,OPEN_METEO_ERA5_LAND,p_22.1_113.7
2018-12-01,22.10,21.10,21.60,OPEN_METEO_ERA5_LAND,p_22.1_113.7
2018-12-02,22.10,21.80,22.00,OPEN_METEO_ERA5_LAND,p_22.1_113.7
2018-12-03,22.60,21.80,22.30,OPEN_METEO_ERA5_LAND,p_22.1_113.7
2018-12-04,23.20,22.00,22.40,OPEN_METEO_ERA5_LAND,p_22.1_113.7
2018-12-05,22.90,22.00,22.50,OPEN_METEO_ERA5_LAND,p_22.1_113.7
2018-12-06,22.90,22.30,22.50,OPEN_METEO_ERA5_LAND,p_22.1_113.7
2018-12-07,22.50,17.90,19.60,OPEN_METEO_ERA5_LAND,p_22.1_113.7
2018-12-08,18.90,15.90,16.90,OPEN_METEO_ERA5_LAND,p_22.1_113.7
2018-12-09,16.50,14.60,15.50,OPEN_METEO_ERA5_LAND,p_22.1_113.7
2018-12-10,18.30,14.80,16.20,OPEN_METEO_ERA5_LAND,p_22.1_113.7
2018-12-11,18.20,14.90,16.40,OPEN_METEO_ERA5_LAND,p_22.1_113.7
2018-12-12,14.80,12.30,13.70,OPEN_METEO_ERA5_LAND,p_22.1_113.7
2018-12-13,16.90,12.80,14.60,OPEN_METEO_ERA5_LAND,p_22.1_113.7
2018-12-14,18.50,13.90,16.00,OPEN_METEO_ERA5_LAND,p_22.1_113.7
2018-12-15,20.40,16.00,17.50,OPEN_METEO_ERA5_LAND,p_22.1_113.7
2018-12-16,18.90,16.40,17.20,OPEN_METEO_ERA5_LAND,p_22.1_113.7
2018-12-17,19.60,15.00,17.00,OPEN_METEO_ERA5_LAND,p_22.1_113.7
2018-12-18,19.60,17.00,17.90,OPEN_METEO_ERA5_LAND,p_22.1_113.7
2018-12-19,19.90,18.80,19.40,OPEN_METEO_ERA5_LAND,p_22.1_113.7
2018-12-20,20.90,19.70,20.10,OPEN_METEO_ERA5_LAND,p_22.1_113.7
2018-12-21,21.10,20.30,20.60,OPEN_METEO_ERA5_LAND,p_22.1_113.7
2018-12-22,21.20,19.80,20.40,OPEN_METEO_ERA5_LAND,p_22.1_113.7
2018-12-23,21.20,18.00,19.70,OPEN_METEO_ERA5_LAND,p_22.1_113.7
2018-12-24,18.20,16.50,17.40,OPEN_METEO_ERA5_LAND,p_22.1_113.7
2018-12-25,19.70,18.10,18.80,OPEN_METEO_ERA5_LAND,p_22.1_113.7
2018-12-26,20.40,18.90,19.40,OPEN_METEO_ERA5_LAND,p_22.1_113.7
2018-12-27,20.20,17.10,18.90,OPEN_METEO_ERA5_LAND,p_22.1_113.7
2018-12-28,18.90,15.20,17.00,OPEN_METEO_ERA5_LAND,p_22.1_113.7
2018-12-29,14.70,11.40,13.00,OPEN_METEO_ERA5_LAND,p_22.1_113.7
2018-12-30,13.60,10.60,11.70,OPEN_METEO_ERA5_LAND,p_22.1_113.7
2018-12-31,13.30,10.80,11.90,OPEN_METEO_ERA5_LAND,p_22.1_113.7
2019-01-01,14.10,10.60,12.30,OPEN_METEO_ERA5_LAND,p_22.1_113.7
2019-01-02,14.40,12.10,13.00,OPEN_METEO_ERA5_LAND,p_22.1_113.7
2019-01-03,16.60,13.30,14.70,OPEN_METEO_ERA5_LAND,p_22.1_113.7
2019-01-04,18.70,16.90,17.90,OPEN_METEO_ERA5_LAND,p_22.1_113.7
2019-01-05,19.50,17.00,17.70,OPEN_METEO_ERA5_LAND,p_22.1_113.7
2019-01-06,18.10,15.30,16.30,OPEN_METEO_ERA5_LAND,p_22.1_113.7
2019-01-07,18.70,17.60,18.10,OPEN_METEO_ERA5_LAND,p_22.1_113.7
2019-01-08,18.80,16.40,17.40,OPEN_METEO_ERA5_LAND,p_22.1_113.7
2019-01-09,18.10,15.80,17.00,OPEN_METEO_ERA5_LAND,p_22.1_113.7
2019-01-10,18.80,17.60,18.10,OPEN_METEO_ERA5_LAND,p_22.1_113.7
2019-01-11,18.60,17.60,18.30,OPEN_METEO_ERA5_LAND,p_22.1_113.7
2019-01-12,19.30,17.00,18.10,OPEN_METEO_ERA5_LAND,p_22.1_113.7
2019-01-13,18.70,17.50,18.10,OPEN_METEO_ERA5_LAND,p_22.1_113.7
2019-01-14,18.30,17.50,17.90,OPEN_METEO_ERA5_LAND,p_22.1_113.7
2019-01-15,19.30,17.30,18.10,OPEN_METEO_ERA5_LAND,p_22.1_113.7
2019-01-16,17.80,14.10,15.20,OPEN_METEO_ERA5_LAND,p_22.1_113.7
2019-01-17,17.80,12.90,15.00,OPEN_METEO_ERA5_LAND,p_22.1_113.7
2019-01-18,17.10,14.60,15.80,OPEN_METEO_ERA5_LAND,p_22.1_113.7
2019-01-19,17.90,16.80,17.40,OPEN_METEO_ERA5_LAND,p_22.1_113.7
2019-01-20,19.10,17.30,18.00,OPEN_METEO_ERA5_LAND,p_22.1_113.7
2019-01-21,18.10,13.60,15.40,OPEN_METEO_ERA5_LAND,p_22.1_113.7
2019-01-22,17.50,12.70,14.80,OPEN_METEO_ERA5_LAND,p_22.1_113.7
2019-01-23,16.60,13.30,14.90,OPEN_METEO_ERA5_LAND,p_22.1_113.7
2019-01-24,17.10,15.70,16.40,OPEN_METEO_ERA5_LAND,p_22.1_113.7
2019-01-25,17.90,16.30,17.00,OPEN_METEO_ERA5_LAND,p_22.1_113.7
2019-01-26,18.00,16.30,17.30,OPEN_METEO_ERA5_LAND,p_22.1_113.7
2019-01-27,17.10,15.40,16.20,OPEN_METEO_ERA5_LAND,p_22.1_113.7
2019-01-28,17.20,16.10,16.70,OPEN_METEO_ERA5_LAND,p_22.1_113.7
2019-01-29,17.70,16.80,17.20,OPEN_METEO_ERA5_LAND,p_22.1_113.7
2019-01-30,18.10,17.10,17.50,OPEN_METEO_ERA5_LAND,p_22.1_113.7
2019-01-31,20.30,17.20,18.50,OPEN_METEO_ERA5_LAND,p_22.1_113.7
2019-02-01,19.40,14.30,16.60,OPEN_METEO_ERA5_LAND,p_22.1_113.7
2019-02-02,18.90,17.30,17.90,OPEN_METEO_ERA5_LAND,p_22.1_113.7
2019-02-03,19.50,17.80,18.60,OPEN_METEO_ERA5_LAND,p_22.1_113.7
2019-02-04,19.20,17.70,18.60,OPEN_METEO_ERA5_LAND,p_22.1_113.7
2019-02-05,19.30,18.20,18.90,OPEN_METEO_ERA5_LAND,p_22.1_113.7
2019-02-06,20.40,19.00,19.50,OPEN_METEO_ERA5_LAND,p_22.1_113.7
2019-02-07,20.70,19.60,20.20,OPEN_METEO_ERA5_LAND,p_22.1_113.7
2019-02-08,20.70,19.70,20.20,OPEN_METEO_ERA5_LAND,p_22.1_113.7
2019-02-09,20.60,19.50,20.10,OPEN_METEO_ERA5_LAND,p_22.1_113.7
2019-02-10,20.20,18.70,19.50,OPEN_METEO_ERA5_LAND,p_22.1_113.7
2019-02-11,19.40,15.80,17.30,OPEN_METEO_ERA5_LAND,p_22.1_113.7
2019-02-12,19.70,16.90,18.00,OPEN_METEO_ERA5_LAND,p_22.1_113.7
2019-02-13,20.10,18.70,19.40,OPEN_METEO_ERA5_LAND,p_22.1_113.7
2019-02-14,20.20,19.10,19.50,OPEN_METEO_ERA5_LAND,p_22.1_113.7
2019-02-15,20.30,19.00,19.60,OPEN_METEO_ERA5_LAND,p_22.1_113.7
2019-02-16,20.70,19.90,20.20,OPEN_METEO_ERA5_LAND,p_22.1_113.7
2019-02-17,20.60,19.10,19.50,OPEN_METEO_ERA5_LAND,p_22.1_113.7
2019-02-18,21.60,19.30,20.20,OPEN_METEO_ERA5_LAND,p_22.1_113.7
2019-02-19,20.80,19.80,20.20,OPEN_METEO_ERA5_LAND,p_22.1_113.7
2019-02-20,21.60,20.30,21.00,OPEN_METEO_ERA5_LAND,p_22.1_113.7
2019-02-21,21.20,19.10,20.70,OPEN_METEO_ERA5_LAND,p_22.1_113.7
2019-02-22,20.30,16.30,18.10,OPEN_METEO_ERA5_LAND,p_22.1_113.7
2019-02-23,19.80,15.80,18.10,OPEN_METEO_ERA5_LAND,p_22.1_113.7
2019-02-24,18.80,14.10,16.00,OPEN_METEO_ERA5_LAND,p_22.1_113.7
2019-02-25,18.10,15.90,16.80,OPEN_METEO_ERA5_LAND,p_22.1_113.7
2019-02-26,20.50,17.20,19.30,OPEN_METEO_ERA5_LAND,p_22.1_113.7
2019-02-27,21.20,19.40,20.30,OPEN_METEO_ERA5_LAND,p_22.1_113.7
2019-02-28,20.90,20.10,20.40,OPEN_METEO_ERA5_LAND,p_22.1_113.7
2019-03-01,21.00,19.40,20.30,OPEN_METEO_ERA5_LAND,p_22.1_113.7
2019-03-02,21.40,20.50,20.80,OPEN_METEO_ERA5_LAND,p_22.1_113.7
2019-03-03,21.70,18.40,20.50,OPEN_METEO_ERA5_LAND,p_22.1_113.7
2019-03-04,21.70,18.20,20.00,OPEN_METEO_ERA5_LAND,p_22.1_113.7
2019-03-05,22.50,20.20,21.70,OPEN_METEO_ERA5_LAND,p_22.1_113.7
2019-03-06,21.80,19.60,20.60,OPEN_METEO_ERA5_LAND,p_22.1_113.7
2019-03-07,19.80,17.30,18.00,OPEN_METEO_ERA5_LAND,p_22.1_113.7
2019-03-08,20.10,16.70,18.30,OPEN_METEO_ERA5_LAND,p_22.1_113.7
2019-03-09,20.90,18.00,19.50,OPEN_METEO_ERA5_LAND,p_22.1_113.7
2019-03-10,18.90,16.80,17.70,OPEN_METEO_ERA5_LAND,p_22.1_113.7
2019-03-11,20.50,15.90,17.70,OPEN_METEO_ERA5_LAND,p_22.1_113.7
2019-03-12,20.60,19.10,19.60,OPEN_METEO_ERA5_LAND,p_22.1_113.7
2019-03-13,20.50,19.60,20.10,OPEN_METEO_ERA5_LAND,p_22.1_113.7
2019-03-14,20.40,18.90,19.80,OPEN_METEO_ERA5_LAND,p_22.1_113.7
2019-03-15,20.00,17.10,18.20,OPEN_METEO_ERA5_LAND,p_22.1_113.7
2019-03-16,20.50,18.40,19.40,OPEN_METEO_ERA5_LAND,p_22.1_113.7
2019-03-17,20.90,19.60,20.40,OPEN_METEO_ERA5_LAND,p_22.1_113.7
2019-03-18,20.70,20.00,20.30,OPEN_METEO_ERA5_LAND,p_22.1_113.7
2019-03-19,21.70,20.20,20.70,OPEN_METEO_ERA5_LAND,p_22.1_113.7
2019-03-20,22.10,21.20,21.60,OPEN_METEO_ERA5_LAND,p_22.1_113.7
2019-03-21,22.80,21.50,22.10,OPEN_METEO_ERA5_LAND,p_22.1_113.7
2019-03-22,23.40,22.00,22.80,OPEN_METEO_ERA5_LAND,p_22.1_113.7
2019-03-23,22.80,18.20,20.40,OPEN_METEO_ERA5_LAND,p_22.1_113.7
2019-03-24,20.50,16.40,18.30,OPEN_METEO_ERA5_LAND,p_22.1_113.7
2019-03-25,21.10,17.40,20.00,OPEN_METEO_ERA5_LAND,p_22.1_113.7
2019-03-26,22.10,20.90,21.40,OPEN_METEO_ERA5_LAND,p_22.1_113.7
2019-03-27,21.90,20.70,21.30,OPEN_METEO_ERA5_LAND,p_22.1_113.7
2019-03-28,22.30,21.00,21.60,OPEN_METEO_ERA5_LAND,p_22.1_113.7
2019-03-29,22.80,21.30,22.00,OPEN_METEO_ERA5_LAND,p_22.1_113.7
2019-03-30,22.80,21.50,22.00,OPEN_METEO_ERA5_LAND,p_22.1_113.7
2019-03-31,22.40,21.20,21.80,OPEN_METEO_ERA5_LAND,p_22.1_113.7
2019-04-01,21.00,19.80,20.30,OPEN_METEO_ERA5_LAND,p_22.1_113.7
2019-04-02,21.60,19.90,20.70,OPEN_METEO_ERA5_LAND,p_22.1_113.7
2019-04-03,22.10,21.20,21.60,OPEN_METEO_ERA5_LAND,p_22.1_113.7
2019-04-04,22.20,20.80,21.50,OPEN_METEO_ERA5_LAND,p_22.1_113.7
2019-04-05,22.70,21.00,21.80,OPEN_METEO_ERA5_LAND,p_22.1_113.7
2019-04-06,23.20,22.00,22.50,OPEN_METEO_ERA5_LAND,p_22.1_113.7
2019-04-07,23.50,22.30,22.80,OPEN_METEO_ERA5_LAND,p_22.1_113.7
2019-04-08,24.30,22.90,23.60,OPEN_METEO_ERA5_LAND,p_22.1_113.7
2019-04-09,24.70,23.60,24.20,OPEN_METEO_ERA5_LAND,p_22.1_113.7
2019-04-10,25.00,24.00,24.50,OPEN_METEO_ERA5_LAND,p_22.1_113.7
2019-04-11,25.30,23.00,24.60,OPEN_METEO_ERA5_LAND,p_22.1_113.7
2019-04-12,24.10,23.00,23.50,OPEN_METEO_ERA5_LAND,p_22.1_113.7
2019-04-13,24.40,23.10,23.80,OPEN_METEO_ERA5_LAND,p_22.1_113.7
2019-04-14,24.30,23.30,23.70,OPEN_METEO_ERA5_LAND,p_22.1_113.7
2019-04-15,24.20,22.10,22.90,OPEN_METEO_ERA5_LAND,p_22.1_113.7
2019-04-16,23.10,20.90,22.40,OPEN_METEO_ERA5_LAND,p_22.1_113.7
2019-04-17,24.10,22.50,23.10,OPEN_METEO_ERA5_LAND,p_22.1_113.7
2019-04-18,24.90,23.00,23.60,OPEN_METEO_ERA5_LAND,p_22.1_113.7
2019-04-19,24.60,22.40,23.40,OPEN_METEO_ERA5_LAND,p_22.1_113.7
2019-04-20,24.70,22.70,23.70,OPEN_METEO_ERA5_LAND,p_22.1_113.7
2019-04-21,25.30,23.40,24.70,OPEN_METEO_ERA5_LAND,p_22.1_113.7
2019-04-22,25.20,23.90,24.60,OPEN_METEO_ERA5_LAND,p_22.1_113.7
2019-04-23,25.10,24.10,24.70,OPEN_METEO_ERA5_LAND,p_22.1_113.7
2019-04-24,25.80,24.70,25.30,OPEN_METEO_ERA5_LAND,p_22.1_113.7
2019-04-25,26.30,25.10,25.70,OPEN_METEO_ERA5_LAND,p_22.1_113.7
2019-04-26,26.10,25.20,25.60,OPEN_METEO_ERA5_LAND,p_22.1_113.7
2019-04-27,25.60,23.80,25.00,OPEN_METEO_ERA5_LAND,p_22.1_113.7
2019-04-28,26.10,24.50,25.30,OPEN_METEO_ERA5_LAND,p_22.1_113.7
2019-04-29,26.30,25.10,25.60,OPEN_METEO_ERA5_LAND,p_22.1_113.7
2019-04-30,26.60,24.10,25.20,OPEN_METEO_ERA5_LAND,p_22.1_113.7
2019-05-01,24.90,22.30,23.60,OPEN_METEO_ERA5_LAND,p_22.1_113.7
2019-05-02,23.80,21.90,23.10,OPEN_METEO_ERA5_LAND,p_22.1_113.7
2019-05-03,24.10,21.10,22.30,OPEN_METEO_ERA5_LAND,p_22.1_113.7
2019-05-04,24.30,22.50,23.60,OPEN_METEO_ERA5_LAND,p_22.1_113.7
2019-05-05,24.80,22.90,23.90,OPEN_METEO_ERA5_LAND,p_22.1_113.7
2019-05-06,24.30,22.40,23.40,OPEN_METEO_ERA5_LAND,p_22.1_113.7
2019-05-07,22.70,21.30,22.10,OPEN_METEO_ERA5_LAND,p_22.1_113.7
2019-05-08,22.80,20.80,22.00,OPEN_METEO_ERA5_LAND,p_22.1_113.7
2019-05-09,24.60,21.40,23.00,OPEN_METEO_ERA5_LAND,p_22.1_113.7
2019-05-10,24.60,23.50,24.00,OPEN_METEO_ERA5_LAND,p_22.1_113.7
2019-05-11,25.00,24.10,24.40,OPEN_METEO_ERA5_LAND,p_22.1_113.7
2019-05-12,24.80,23.70,24.30,OPEN_METEO_ERA5_LAND,p_22.1_113.7
2019-05-13,25.00,23.60,24.30,OPEN_METEO_ERA5_LAND,p_22.1_113.7
2019-05-14,25.40,23.90,24.60,OPEN_METEO_ERA5_LAND,p_22.1_113.7
2019-05-15,25.90,24.60,25.30,OPEN_METEO_ERA5_LAND,p_22.1_113.7
2019-05-16,26.50,25.20,25.90,OPEN_METEO_ERA5_LAND,p_22.1_113.7
2019-05-17,27.10,26.20,26.70,OPEN_METEO_ERA5_LAND,p_22.1_113.7
2019-05-18,27.60,26.20,27.10,OPEN_METEO_ERA5_LAND,p_22.1_113.7
2019-05-19,27.90,27.20,27.50,OPEN_METEO_ERA5_LAND,p_22.1_113.7
2019-05-20,27.40,25.30,26.60,OPEN_METEO_ERA5_LAND,p_22.1_113.7
2019-05-21,26.00,24.70,25.40,OPEN_METEO_ERA5_LAND,p_22.1_113.7
2019-05-22,26.60,24.60,25.70,OPEN_METEO_ERA5_LAND,p_22.1_113.7
2019-05-23,26.50,25.20,25.70,OPEN_METEO_ERA5_LAND,p_22.1_113.7
2019-05-24,26.10,25.10,25.70,OPEN_METEO_ERA5_LAND,p_22.1_113.7
2019-05-25,26.60,25.60,26.10,OPEN_METEO_ERA5_LAND,p_22.1_113.7
2019-05-26,26.50,25.20,25.80,OPEN_METEO_ERA5_LAND,p_22.1_113.7
2019-05-27,26.90,25.30,26.20,OPEN_METEO_ERA5_LAND,p_22.1_113.7
2019-05-28,26.50,25.30,25.90,OPEN_METEO_ERA5_LAND,p_22.1_113.7
2019-05-29,26.00,24.80,25.30,OPEN_METEO_ERA5_LAND,p_22.1_113.7
2019-05-30,26.30,24.80,25.60,OPEN_METEO_ERA5_LAND,p_22.1_113.7
2019-05-31,26.70,25.10,25.90,OPEN_METEO_ERA5_LAND,p_22.1_113.7
2019-06-01,27.10,25.90,26.50,OPEN_METEO_ERA5_LAND,p_22.1_113.7
2019-06-02,27.50,26.50,27.00,OPEN_METEO_ERA5_LAND,p_22.1_113.7
2019-06-03,27.70,25.80,26.70,OPEN_METEO_ERA5_LAND,p_22.1_113.7
2019-06-04,27.60,25.70,26.80,OPEN_METEO_ERA5_LAND,p_22.1_113.7
2019-06-05,27.80,26.30,27.20,OPEN_METEO_ERA5_LAND,p_22.1_113.7
2019-06-06,28.00,27.10,27.50,OPEN_METEO_ERA5_LAND,p_22.1_113.7
2019-06-07,28.40,27.50,28.00,OPEN_METEO_ERA5_LAND,p_22.1_113.7
2019-06-08,28.80,27.80,28.30,OPEN_METEO_ERA5_LAND,p_22.1_113.7
2019-06-09,29.20,27.50,28.50,OPEN_METEO_ERA5_LAND,p_22.1_113.7
2019-06-10,29.10,27.60,28.60,OPEN_METEO_ERA5_LAND,p_22.1_113.7
2019-06-11,28.80,26.80,27.60,OPEN_METEO_ERA5_LAND,p_22.1_113.7
2019-06-12,28.60,27.20,27.90,OPEN_METEO_ERA5_LAND,p_22.1_113.7
2019-06-13,29.10,27.40,28.50,OPEN_METEO_ERA5_LAND,p_22.1_113.7
2019-06-14,29.10,26.10,27.20,OPEN_METEO_ERA5_LAND,p_22.1_113.7
2019-06-15,28.50,27.20,27.80,OPEN_METEO_ERA5_LAND,p_22.1_113.7
2019-06-16,28.40,26.60,27.60,OPEN_METEO_ERA5_LAND,p_22.1_113.7
2019-06-17,28.20,27.00,27.60,OPEN_METEO_ERA5_LAND,p_22.1_113.7
2019-06-18,28.90,26.60,27.80,OPEN_METEO_ERA5_LAND,p_22.1_113.7
2019-06-19,28.60,27.00,27.90,OPEN_METEO_ERA5_LAND,p_22.1_113.7
2019-06-20,29.10,27.70,28.40,OPEN_METEO_ERA5_LAND,p_22.1_113.7
2019-06-21,29.20,28.20,28.70,OPEN_METEO_ERA5_LAND,p_22.1_113.7
2019-06-22,29.40,28.50,28.90,OPEN_METEO_ERA5_LAND,p_22.1_113.7
2019-06-23,29.10,28.20,28.80,OPEN_METEO_ERA5_LAND,p_22.1_113.7
2019-06-24,28.80,26.20,28.10,OPEN_METEO_ERA5_LAND,p_22.1_113.7
2019-06-25,28.30,25.70,27.50,OPEN_METEO_ERA5_LAND,p_22.1_113.7
2019-06-26,28.40,26.20,27.20,OPEN_METEO_ERA5_LAND,p_22.1_113.7
2019-06-27,29.20,28.00,28.60,OPEN_METEO_ERA5_LAND,p_22.1_113.7
2019-06-28,29.40,28.20,28.80,OPEN_METEO_ERA5_LAND,p_22.1_113.7
2019-06-29,29.70,28.10,28.80,OPEN_METEO_ERA5_LAND,p_22.1_113.7
2019-06-30,29.70,28.20,28.70,OPEN_METEO_ERA5_LAND,p_22.1_113.7
2019-07-01,29.80,27.30,28.10,OPEN_METEO_ERA5_LAND,p_22.1_113.7
2019-07-02,28.70,27.20,28.10,OPEN_METEO_ERA5_LAND,p_22.1_113.7
2019-07-03,29.10,27.10,27.90,OPEN_METEO_ERA5_LAND,p_22.1_113.7
2019-07-04,29.60,27.90,28.90,OPEN_METEO_ERA5_LAND,p_22.1_113.7
2019-07-05,29.40,28.30,28.90,OPEN_METEO_ERA5_LAND,p_22.1_113.7
2019-07-06,29.20,28.30,28.80,OPEN_METEO_ERA5_LAND,p_22.1_113.7
2019-07-07,29.30,28.40,28.90,OPEN_METEO_ERA5_LAND,p_22.1_113.7
2019-07-08,29.50,28.10,28.90,OPEN_METEO_ERA5_LAND,p_22.1_113.7
2019-07-09,29.10,27.80,28.80,OPEN_METEO_ERA5_LAND,p_22.1_113.7
2019-07-10,28.70,26.50,27.80,OPEN_METEO_ERA5_LAND,p_22.1_113.7
2019-07-11,28.90,26.20,27.40,OPEN_METEO_ERA5_LAND,p_22.1_113.7
2019-07-12,29.00,27.30,28.40,OPEN_METEO_ERA5_LAND,p_22.1_113.7
2019-07-13,29.10,28.30,28.60,OPEN_METEO_ERA5_LAND,p_22.1_113.7
2019-07-14,28.90,27.90,28.60,OPEN_METEO_ERA5_LAND,p_22.1_113.7
2019-07-15,28.90,28.30,28.60,OPEN_METEO_ERA5_LAND,p_22.1_113.7
2019-07-16,28.80,27.80,28.20,OPEN_METEO_ERA5_LAND,p_22.1_113.7
2019-07-17,29.60,27.80,28.60,OPEN_METEO_ERA5_LAND,p_22.1_113.7
2019-07-18,30.00,27.00,29.00,OPEN_METEO_ERA5_LAND,p_22.1_113.7
2019-07-19,29.40,28.00,28.90,OPEN_METEO_ERA5_LAND,p_22.1_113.7
2019-07-20,29.10,28.30,28.70,OPEN_METEO_ERA5_LAND,p_22.1_113.7
2019-07-21,29.10,27.80,28.60,OPEN_METEO_ERA5_LAND,p_22.1_113.7
2019-07-22,28.90,27.20,28.10,OPEN_METEO_ERA5_LAND,p_22.1_113.7
2019-07-23,28.90,27.00,27.80,OPEN_METEO_ERA5_LAND,p_22.1_113.7
2019-07-24,28.90,26.80,27.90,OPEN_METEO_ERA5_LAND,p_22.1_113.7
2019-07-25,29.60,27.40,28.50,OPEN_METEO_ERA5_LAND,p_22.1_113.7
2019-07-26,29.60,27.80,29.00,OPEN_METEO_ERA5_LAND,p_22.1_113.7
2019-07-27,29.70,28.40,29.00,OPEN_METEO_ERA5_LAND,p_22.1_113.7
2019-07-28,29.40,26.90,28.20,OPEN_METEO_ERA5_LAND,p_22.1_113.7
2019-07-29,29.30,26.40,27.50,OPEN_METEO_ERA5_LAND,p_22.1_113.7
2019-07-30,28.70,26.90,27.70,OPEN_METEO_ERA5_LAND,p_22.1_113.7
2019-07-31,28.30,26.20,26.90,OPEN_METEO_ERA5_LAND,p_22.1_113.7
2019-08-01,27.70,26.60,26.90,OPEN_METEO_ERA5_LAND,p_22.1_113.7
2019-08-02,28.20,26.60,27.00,OPEN_METEO_ERA5_LAND,p_22.1_113.7
2019-08-03,27.80,26.40,27.00,OPEN_METEO_ERA5_LAND,p_22.1_113.7
2019-08-04,28.30,26.10,27.40,OPEN_METEO_ERA5_LAND,p_22.1_113.7
2019-08-05,28.70,27.40,28.00,OPEN_METEO_ERA5_LAND,p_22.1_113.7
2019-08-06,29.30,27.60,28.20,OPEN_METEO_ERA5_LAND,p_22.1_113.7
2019-08-07,28.90,28.00,28.40,OPEN_METEO_ERA5_LAND,p_22.1_113.7
2019-08-08,29.60,27.90,28.60,OPEN_METEO_ERA5_LAND,p_22.1_113.7
2019-08-09,30.00,27.80,29.10,OPEN_METEO_ERA5_LAND,p_22.1_113.7
2019-08-10,29.80,27.50,29.10,OPEN_METEO_ERA5_LAND,p_22.1_113.7
2019-08-11,29.90,27.40,29.20,OPEN_METEO_ERA5_LAND,p_22.1_113.7
2019-08-12,29.70,28.70,29.30,OPEN_METEO_ERA5_LAND,p_22.1_113.7
2019-08-13,29.70,28.80,29.30,OPEN_METEO_ERA5_LAND,p_22.1_113.7
2019-08-14,29.70,28.40,29.20,OPEN_METEO_ERA5_LAND,p_22.1_113.7
2019-08-15,29.50,27.70,28.80,OPEN_METEO_ERA5_LAND,p_22.1_113.7
2019-08-16,29.40,27.80,28.80,OPEN_METEO_ERA5_LAND,p_22.1_113.7
2019-08-17,28.80,26.90,28.00,OPEN_METEO_ERA5_LAND,p_22.1_113.7
2019-08-18,28.50,26.90,27.90,OPEN_METEO_ERA5_LAND,p_22.1_113.7
2019-08-19,28.20,26.70,27.60,OPEN_METEO_ERA5_LAND,p_22.1_113.7
2019-08-20,28.40,26.30,27.40,OPEN_METEO_ERA5_LAND,p_22.1_113.7
2019-08-21,28.90,27.90,28.20,OPEN_METEO_ERA5_LAND,p_22.1_113.7
2019-08-22,29.20,27.70,28.10,OPEN_METEO_ERA5_LAND,p_22.1_113.7
2019-08-23,29.60,26.40,27.90,OPEN_METEO_ERA5_LAND,p_22.1_113.7
2019-08-24,30.20,27.70,29.10,OPEN_METEO_ERA5_LAND,p_22.1_113.7
2019-08-25,30.30,28.60,29.40,OPEN_METEO_ERA5_LAND,p_22.1_113.7
2019-08-26,29.20,27.50,28.30,OPEN_METEO_ERA5_LAND,p_22.1_113.7
2019-08-27,29.00,27.50,28.20,OPEN_METEO_ERA5_LAND,p_22.1_113.7
2019-08-28,30.30,27.70,28.80,OPEN_METEO_ERA5_LAND,p_22.1_113.7
2019-08-29,29.10,27.00,28.00,OPEN_METEO_ERA5_LAND,p_22.1_113.7
2019-08-30,28.30,25.70,26.90,OPEN_METEO_ERA5_LAND,p_22.1_113.7
2019-08-31,27.50,25.90,26.70,OPEN_METEO_ERA5_LAND,p_22.1_113.7
2019-09-01,27.00,26.00,26.50,OPEN_METEO_ERA5_LAND,p_22.1_113.7
2019-09-02,27.30,26.10,26.70,OPEN_METEO_ERA5_LAND,p_22.1_113.7
2019-09-03,28.30,26.30,27.10,OPEN_METEO_ERA5_LAND,p_22.1_113.7
2019-09-04,26.80,26.00,26.40,OPEN_METEO_ERA5_LAND,p_22.1_113.7
2019-09-05,27.40,25.90,26.60,OPEN_METEO_ERA5_LAND,p_22.1_113.7
2019-09-06,28.20,26.50,27.40,OPEN_METEO_ERA5_LAND,p_22.1_113.7
2019-09-07,28.40,26.70,27.50,OPEN_METEO_ERA5_LAND,p_22.1_113.7
2019-09-08,28.80,27.40,28.00,OPEN_METEO_ERA5_LAND,p_22.1_113.7
2019-09-09,28.90,26.80,27.80,OPEN_METEO_ERA5_LAND,p_22.1_113.7
2019-09-10,29.50,27.10,28.10,OPEN_METEO_ERA5_LAND,p_22.1_113.7
2019-09-11,29.70,27.60,28.50,OPEN_METEO_ERA5_LAND,p_22.1_113.7
2019-09-12,29.70,28.20,28.90,OPEN_METEO_ERA5_LAND,p_22.1_113.7
2019-09-13,29.30,27.40,28.20,OPEN_METEO_ERA5_LAND,p_22.1_113.7
2019-09-14,29.50,26.60,28.00,OPEN_METEO_ERA5_LAND,p_22.1_113.7
2019-09-15,29.50,26.70,27.90,OPEN_METEO_ERA5_LAND,p_22.1_113.7
2019-09-16,29.30,25.90,27.50,OPEN_METEO_ERA5_LAND,p_22.1_113.7
2019-09-17,28.70,26.50,27.70,OPEN_METEO_ERA5_LAND,p_22.1_113.7
2019-09-18,28.70,26.50,27.60,OPEN_METEO_ERA5_LAND,p_22.1_113.7
2019-09-19,29.60,25.60,27.70,OPEN_METEO_ERA5_LAND,p_22.1_113.7
2019-09-20,28.80,26.60,27.80,OPEN_METEO_ERA5_LAND,p_22.1_113.7
2019-09-21,28.90,25.70,27.40,OPEN_METEO_ERA5_LAND,p_22.1_113.7
2019-09-22,28.60,25.90,27.10,OPEN_METEO_ERA5_LAND,p_22.1_113.7
2019-09-23,28.20,25.40,26.50,OPEN_METEO_ERA5_LAND,p_22.1_113.7
2019-09-24,27.20,26.50,26.80,OPEN_METEO_ERA5_LAND,p_22.1_113.7
2019-09-25,27.20,25.80,26.40,OPEN_METEO_ERA5_LAND,p_22.1_113.7
2019-09-26,27.30,25.30,26.40,OPEN_METEO_ERA5_LAND,p_22.1_113.7
2019-09-27,27.70,25.20,26.50,OPEN_METEO_ERA5_LAND,p_22.1_113.7
2019-09-28,28.00,25.20,26.70,OPEN_METEO_ERA5_LAND,p_22.1_113.7
2019-09-29,29.50,26.10,27.50,OPEN_METEO_ERA5_LAND,p_22.1_113.7
2019-09-30,28.90,26.00,27.80,OPEN_METEO_ERA5_LAND,p_22.1_113.7
2019-10-01,28.60,27.10,28.00,OPEN_METEO_ERA5_LAND,p_22.1_113.7
2019-10-02,28.10,27.60,27.90,OPEN_METEO_ERA5_LAND,p_22.1_113.7
2019-10-03,28.00,26.90,27.40,OPEN_METEO_ERA5_LAND,p_22.1_113.7
2019-10-04,28.10,26.30,27.20,OPEN_METEO_ERA5_LAND,p_22.1_113.7
2019-10-05,29.00,26.50,27.50,OPEN_METEO_ERA5_LAND,p_22.1_113.7
2019-10-06,28.30,25.50,27.00,OPEN_METEO_ERA5_LAND,p_22.1_113.7
2019-10-07,27.80,25.20,26.10,OPEN_METEO_ERA5_LAND,p_22.1_113.7
2019-10-08,27.80,26.00,26.90,OPEN_METEO_ERA5_LAND,p_22.1_113.7
2019-10-09,27.40,26.00,26.90,OPEN_METEO_ERA5_LAND,p_22.1_113.7
2019-10-10,27.20,24.90,26.30,OPEN_METEO_ERA5_LAND,p_22.1_113.7
2019-10-11,28.10,26.00,27.00,OPEN_METEO_ERA5_LAND,p_22.1_113.7
2019-10-12,27.90,26.70,27.30,OPEN_METEO_ERA5_LAND,p_22.1_113.7
2019-10-13,27.20,24.90,26.00,OPEN_METEO_ERA5_LAND,p_22.1_113.7
2019-10-14,26.90,24.80,25.70,OPEN_METEO_ERA5_LAND,p_22.1_113.7
2019-10-15,27.40,24.10,25.60,OPEN_METEO_ERA5_LAND,p_22.1_113.7
2019-10-16,26.10,24.80,25.40,OPEN_METEO_ERA5_LAND,p_22.1_113.7
2019-10-17,27.00,24.30,25.70,OPEN_METEO_ERA5_LAND,p_22.1_113.7
2019-10-18,26.80,23.90,25.50,OPEN_METEO_ERA5_LAND,p_22.1_113.7
2019-10-19,26.10,24.50,25.50,OPEN_METEO_ERA5_LAND,p_22.1_113.7
2019-10-20,25.60,23.90,25.00,OPEN_METEO_ERA5_LAND,p_22.1_113.7
2019-10-21,25.20,24.10,24.90,OPEN_METEO_ERA5_LAND,p_22.1_113.7
2019-10-22,25.30,24.50,24.90,OPEN_METEO_ERA5_LAND,p_22.1_113.7
2019-10-23,25.60,24.70,25.10,OPEN_METEO_ERA5_LAND,p_22.1_113.7
2019-10-24,25.90,24.40,25.40,OPEN_METEO_ERA5_LAND,p_22.1_113.7
2019-10-25,25.70,25.00,25.40,OPEN_METEO_ERA5_LAND,p_22.1_113.7
2019-10-26,25.80,25.20,25.50,OPEN_METEO_ERA5_LAND,p_22.1_113.7
2019-10-27,25.40,23.10,24.30,OPEN_METEO_ERA5_LAND,p_22.1_113.7
2019-10-28,25.90,21.80,24.40,OPEN_METEO_ERA5_LAND,p_22.1_113.7
2019-10-29,25.10,20.30,22.80,OPEN_METEO_ERA5_LAND,p_22.1_113.7
2019-10-30,26.40,22.00,24.00,OPEN_METEO_ERA5_LAND,p_22.1_113.7
2019-10-31,25.40,22.60,23.90,OPEN_METEO_ERA5_LAND,p_22.1_113.7
2019-11-01,25.20,23.90,24.60,OPEN_METEO_ERA5_LAND,p_22.1_113.7
2019-11-02,25.00,24.10,24.50,OPEN_METEO_ERA5_LAND,p_22.1_113.7
2019-11-03,26.20,23.90,24.80,OPEN_METEO_ERA5_LAND,p_22.1_113.7
2019-11-04,27.00,23.10,25.00,OPEN_METEO_ERA5_LAND,p_22.1_113.7
2019-11-05,25.20,22.10,23.60,OPEN_METEO_ERA5_LAND,p_22.1_113.7
2019-11-06,24.10,22.30,23.10,OPEN_METEO_ERA5_LAND,p_22.1_113.7
2019-11-07,25.80,21.80,23.80,OPEN_METEO_ERA5_LAND,p_22.1_113.7
2019-11-08,25.30,20.90,23.10,OPEN_METEO_ERA5_LAND,p_22.1_113.7
2019-11-09,23.30,20.80,22.10,OPEN_METEO_ERA5_LAND,p_22.1_113.7
2019-11-10,22.90,21.50,22.10,OPEN_METEO_ERA5_LAND,p_22.1_113.7
2019-11-11,23.30,22.40,22.80,OPEN_METEO_ERA5_LAND,p_22.1_113.7
2019-11-12,23.70,22.50,23.10,OPEN_METEO_ERA5_LAND,p_22.1_113.7
2019-11-13,23.90,22.40,23.10,OPEN_METEO_ERA5_LAND,p_22.1_113.7
2019-11-14,24.30,20.80,22.30,OPEN_METEO_ERA5_LAND,p_22.1_113.7
2019-11-15,22.60,21.70,22.10,OPEN_METEO_ERA5_LAND,p_22.1_113.7
2019-11-16,22.40,22.00,22.10,OPEN_METEO_ERA5_LAND,p_22.1_113.7
2019-11-17,23.10,22.20,22.70,OPEN_METEO_ERA5_LAND,p_22.1_113.7
2019-11-18,25.20,20.50,23.00,OPEN_METEO_ERA5_LAND,p_22.1_113.7
2019-11-19,23.10,16.90,19.40,OPEN_METEO_ERA5_LAND,p_22.1_113.7
2019-11-20,22.20,18.60,20.00,OPEN_METEO_ERA5_LAND,p_22.1_113.7
2019-11-21,24.10,20.00,21.50,OPEN_METEO_ERA5_LAND,p_22.1_113.7
2019-11-22,22.80,20.50,21.70,OPEN_METEO_ERA5_LAND,p_22.1_113.7
2019-11-23,22.90,21.50,22.10,OPEN_METEO_ERA5_LAND,p_22.1_113.7
2019-11-24,23.00,20.80,21.90,OPEN_METEO_ERA5_LAND,p_22.1_113.7
2019-11-25,23.20,22.40,22.80,OPEN_METEO_ERA5_LAND,p_22.1_113.7
2019-11-26,22.00,19.10,21.00,OPEN_METEO_ERA5_LAND,p_22.1_113.7
2019-11-27,22.70,20.90,21.80,OPEN_METEO_ERA5_LAND,p_22.1_113.7
2019-11-28,22.00,16.90,19.10,OPEN_METEO_ERA5_LAND,p_22.1_113.7
2019-11-29,20.60,16.40,18.40,OPEN_METEO_ERA5_LAND,p_22.1_113.7
2019-11-30,21.10,18.00,19.80,OPEN_METEO_ERA5_LAND,p_22.1_113.7
2019-12-01,23.30,19.60,20.90,OPEN_METEO_ERA5_LAND,p_22.1_113.7
2019-12-02,19.10,14.90,17.00,OPEN_METEO_ERA5_LAND,p_22.1_113.7
2019-12-03,19.10,14.40,16.40,OPEN_METEO_ERA5_LAND,p_22.1_113.7
2019-12-04,20.90,14.90,17.60,OPEN_METEO_ERA5_LAND,p_22.1_113.7
2019-12-05,18.80,14.10,16.00,OPEN_METEO_ERA5_LAND,p_22.1_113.7
2019-12-06,19.20,15.00,16.90,OPEN_METEO_ERA5_LAND,p_22.1_113.7
2019-12-07,19.60,13.90,16.60,OPEN_METEO_ERA5_LAND,p_22.1_113.7
2019-12-08,18.40,14.00,16.10,OPEN_METEO_ERA5_LAND,p_22.1_113.7
2019-12-09,18.80,16.20,17.40,OPEN_METEO_ERA5_LAND,p_22.1_113.7
2019-12-10,18.40,16.60,17.60,OPEN_METEO_ERA5_LAND,p_22.1_113.7
2019-12-11,19.00,16.40,17.80,OPEN_METEO_ERA5_LAND,p_22.1_113.7
2019-12-12,19.00,17.60,18.40,OPEN_METEO_ERA5_LAND,p_22.1_113.7
2019-12-13,19.10,17.90,18.60,OPEN_METEO_ERA5_LAND,p_22.1_113.7
2019-12-14,19.30,18.30,18.80,OPEN_METEO_ERA5_LAND,p_22.1_113.7
2019-12-15,19.40,18.40,18.90,OPEN_METEO_ERA5_LAND,p_22.1_113.7
2019-12-16,20.00,19.20,19.50,OPEN_METEO_ERA5_LAND,p_22.1_113.7
2019-12-17,20.10,19.30,19.70,OPEN_METEO_ERA5_LAND,p_22.1_113.7
2019-12-18,20.50,18.90,19.70,OPEN_METEO_ERA5_LAND,p_22.1_113.7
2019-12-19,19.60,18.10,18.90,OPEN_METEO_ERA5_LAND,p_22.1_113.7
2019-12-20,19.00,15.70,17.30,OPEN_METEO_ERA5_LAND,p_22.1_113.7
2019-12-21,19.30,17.10,18.10,OPEN_METEO_ERA5_LAND,p_22.1_113.7
2019-12-22,21.00,17.50,18.80,OPEN_METEO_ERA5_LAND,p_22.1_113.7
2019-12-23,20.10,18.60,19.40,OPEN_METEO_ERA5_LAND,p_22.1_113.7
2019-12-24,20.00,18.80,19.30,OPEN_METEO_ERA5_LAND,p_22.1_113.7
2019-12-25,19.50,18.70,19.10,OPEN_METEO_ERA5_LAND,p_22.1_113.7
2019-12-26,21.60,17.60,19.30,OPEN_METEO_ERA5_LAND,p_22.1_113.7
2019-12-27,19.30,14.40,16.60,OPEN_METEO_ERA5_LAND,p_22.1_113.7
2019-12-28,18.90,16.70,17.50,OPEN_METEO_ERA5_LAND,p_22.1_113.7
2019-12-29,19.40,16.70,18.10,OPEN_METEO_ERA5_LAND,p_22.1_113.7
2019-12-30,19.90,19.00,19.40,OPEN_METEO_ERA5_LAND,p_22.1_113.7
2019-12-31,19.70,18.40,19.00,OPEN_METEO_ERA5_LAND,p_22.1_113.7
2020-01-01,18.30,17.10,17.50,OPEN_METEO_ERA5_LAND,p_22.1_113.7
2020-01-02,18.00,17.00,17.60,OPEN_METEO_ERA5_LAND,p_22.1_113.7
2020-01-03,19.10,18.00,18.40,OPEN_METEO_ERA5_LAND,p_22.1_113.7
2020-01-04,19.30,18.20,18.50,OPEN_METEO_ERA5_LAND,p_22.1_113.7
2020-01-05,19.30,18.40,18.90,OPEN_METEO_ERA5_LAND,p_22.1_113.7
2020-01-06,19.80,19.00,19.20,OPEN_METEO_ERA5_LAND,p_22.1_113.7
2020-01-07,20.00,19.20,19.60,OPEN_METEO_ERA5_LAND,p_22.1_113.7
2020-01-08,20.80,19.20,19.90,OPEN_METEO_ERA5_LAND,p_22.1_113.7
2020-01-09,19.60,18.20,18.80,OPEN_METEO_ERA5_LAND,p_22.1_113.7
2020-01-10,19.90,18.80,19.30,OPEN_METEO_ERA5_LAND,p_22.1_113.7
2020-01-11,20.40,16.80,19.30,OPEN_METEO_ERA5_LAND,p_22.1_113.7
2020-01-12,18.70,14.30,16.30,OPEN_METEO_ERA5_LAND,p_22.1_113.7
2020-01-13,18.60,15.90,17.40,OPEN_METEO_ERA5_LAND,p_22.1_113.7
2020-01-14,19.10,17.90,18.40,OPEN_METEO_ERA5_LAND,p_22.1_113.7
2020-01-15,19.40,17.90,18.70,OPEN_METEO_ERA5_LAND,p_22.1_113.7
2020-01-16,19.50,18.70,19.20,OPEN_METEO_ERA5_LAND,p_22.1_113.7
2020-01-17,19.30,15.10,16.90,OPEN_METEO_ERA5_LAND,p_22.1_113.7
2020-01-18,18.70,14.70,16.80,OPEN_METEO_ERA5_LAND,p_22.1_113.7
2020-01-19,18.60,15.60,16.70,OPEN_METEO_ERA5_LAND,p_22.1_113.7
2020-01-20,18.40,15.10,16.60,OPEN_METEO_ERA5_LAND,p_22.1_113.7
2020-01-21,19.30,17.80,18.40,OPEN_METEO_ERA5_LAND,p_22.1_113.7
2020-01-22,19.50,18.40,19.00,OPEN_METEO_ERA5_LAND,p_22.1_113.7
2020-01-23,19.90,19.20,19.50,OPEN_METEO_ERA5_LAND,p_22.1_113.7
2020-01-24,20.50,19.60,19.90,OPEN_METEO_ERA5_LAND,p_22.1_113.7
2020-01-25,19.90,18.20,19.30,OPEN_METEO_ERA5_LAND,p_22.1_113.7
2020-01-26,18.40,14.10,15.60,OPEN_METEO_ERA5_LAND,p_22.1_113.7
2020-01-27,15.80,11.70,13.50,OPEN_METEO_ERA5_LAND,p_22.1_113.7
2020-01-28,16.60,11.20,13.20,OPEN_METEO_ERA5_LAND,p_22.1_113.7
2020-01-29,17.20,11.60,13.70,OPEN_METEO_ERA5_LAND,p_22.1_113.7
2020-01-30,17.60,12.20,14.90,OPEN_METEO_ERA5_LAND,p_22.1_113.7
2020-01-31,16.40,13.50,15.10,OPEN_METEO_ERA5_LAND,p_22.1_113.7
2020-02-01,17.10,16.10,16.50,OPEN_METEO_ERA5_LAND,p_22.1_113.7
2020-02-02,18.20,16.70,17.40,OPEN_METEO_ERA5_LAND,p_22.1_113.7
2020-02-03,18.30,17.30,17.80,OPEN_METEO_ERA5_LAND,p_22.1_113.7
2020-02-04,17.90,15.30,16.70,OPEN_METEO_ERA5_LAND,p_22.1_113.7
2020-02-05,18.20,16.70,17.40,OPEN_METEO_ERA5_LAND,p_22.1_113.7
2020-02-06,18.40,16.90,17.70,OPEN_METEO_ERA5_LAND,p_22.1_113.7
2020-02-07,18.80,17.60,18.30,OPEN_METEO_ERA5_LAND,p_22.1_113.7
2020-02-08,18.20,15.40,16.70,OPEN_METEO_ERA5_LAND,p_22.1_113.7
2020-02-09,17.00,14.20,15.40,OPEN_METEO_ERA5_LAND,p_22.1_113.7
2020-02-10,17.50,15.40,16.20,OPEN_METEO_ERA5_LAND,p_22.1_113.7
2020-02-11,18.70,16.90,17.70,OPEN_METEO_ERA5_LAND,p_22.1_113.7
2020-02-12,18.70,17.80,18.20,OPEN_METEO_ERA5_LAND,p_22.1_113.7
2020-02-13,19.30,17.70,18.60,OPEN_METEO_ERA5_LAND,p_22.1_113.7
2020-02-14,20.20,19.00,19.70,OPEN_METEO_ERA5_LAND,p_22.1_113.7
2020-02-15,20.90,16.70,19.90,OPEN_METEO_ERA5_LAND,p_22.1_113.7
2020-02-16,16.00,11.80,13.20,OPEN_METEO_ERA5_LAND,p_22.1_113.7
2020-02-17,16.10,11.10,13.20,OPEN_METEO_ERA5_LAND,p_22.1_113.7
2020-02-18,16.00,12.40,14.20,OPEN_METEO_ERA5_LAND,p_22.1_113.7
2020-02-19,17.10,14.90,15.90,OPEN_METEO_ERA5_LAND,p_22.1_113.7
2020-02-20,17.30,16.40,16.90,OPEN_METEO_ERA5_LAND,p_22.1_113.7
2020-02-21,17.90,16.60,17.20,OPEN_METEO_ERA5_LAND,p_22.1_113.7
2020-02-22,18.40,16.40,17.40,OPEN_METEO_ERA5_LAND,p_22.1_113.7
2020-02-23,18.20,17.10,17.60,OPEN_METEO_ERA5_LAND,p_22.1_113.7
2020-02-24,18.60,17.40,17.90,OPEN_METEO_ERA5_LAND,p_22.1_113.7
2020-02-25,19.00,18.50,18.60,OPEN_METEO_ERA5_LAND,p_22.1_113.7
2020-02-26,19.30,17.70,18.50,OPEN_METEO_ERA5_LAND,p_22.1_113.7
2020-02-27,19.20,18.20,18.70,OPEN_METEO_ERA5_LAND,p_22.1_113.7
2020-02-28,19.20,18.30,18.70,OPEN_METEO_ERA5_LAND,p_22.1_113.7
2020-02-29,19.80,18.90,19.20,OPEN_METEO_ERA5_LAND,p_22.1_113.7
2020-03-01,20.50,18.80,19.50,OPEN_METEO_ERA5_LAND,p_22.1_113.7
2020-03-02,20.30,18.90,19.50,OPEN_METEO_ERA5_LAND,p_22.1_113.7
2020-03-03,20.50,18.70,19.40,OPEN_METEO_ERA5_LAND,p_22.1_113.7
2020-03-04,19.80,17.80,19.30,OPEN_METEO_ERA5_LAND,p_22.1_113.7
2020-03-05,18.70,16.20,17.50,OPEN_METEO_ERA5_LAND,p_22.1_113.7
2020-03-06,19.40,18.20,18.60,OPEN_METEO_ERA5_LAND,p_22.1_113.7
2020-03-07,20.50,19.70,20.00,OPEN_METEO_ERA5_LAND,p_22.1_113.7
2020-03-08,21.20,20.10,20.60,OPEN_METEO_ERA5_LAND,p_22.1_113.7
2020-03-09,21.80,20.70,21.10,OPEN_METEO_ERA5_LAND,p_22.1_113.7
2020-03-10,21.70,18.90,20.40,OPEN_METEO_ERA5_LAND,p_22.1_113.7
2020-03-11,19.80,17.00,18.50,OPEN_METEO_ERA5_LAND,p_22.1_113.7
2020-03-12,21.20,19.60,20.50,OPEN_METEO_ERA5_LAND,p_22.1_113.7
2020-03-13,20.90,20.40,20.60,OPEN_METEO_ERA5_LAND,p_22.1_113.7
2020-03-14,20.50,18.60,19.60,OPEN_METEO_ERA5_LAND,p_22.1_113.7
2020-03-15,19.80,18.10,19.00,OPEN_METEO_ERA5_LAND,p_22.1_113.7
2020-03-16,20.40,19.10,19.60,OPEN_METEO_ERA5_LAND,p_22.1_113.7
2020-03-17,20.30,19.70,19.90,OPEN_METEO_ERA5_LAND,p_22.1_113.7
2020-03-18,20.60,19.90,20.10,OPEN_METEO_ERA5_LAND,p_22.1_113.7
2020-03-19,21.10,20.00,20.50,OPEN_METEO_ERA5_LAND,p_22.1_113.7
2020-03-20,21.50,20.40,20.70,OPEN_METEO_ERA5_LAND,p_22.1_113.7
2020-03-21,22.00,21.20,21.50,OPEN_METEO_ERA5_LAND,p_22.1_113.7
2020-03-22,22.10,21.40,21.60,OPEN_METEO_ERA5_LAND,p_22.1_113.7
2020-03-23,21.80,21.20,21.50,OPEN_METEO_ERA5_LAND,p_22.1_113.7
2020-03-24,21.50,20.70,21.00,OPEN_METEO_ERA5_LAND,p_22.1_113.7
2020-03-25,21.80,20.90,21.30,OPEN_METEO_ERA5_LAND,p_22.1_113.7
2020-03-26,22.40,21.70,21.90,OPEN_METEO_ERA5_LAND,p_22.1_113.7
2020-03-27,22.80,21.60,22.10,OPEN_METEO_ERA5_LAND,p_22.1_113.7
2020-03-28,22.60,20.50,21.90,OPEN_METEO_ERA5_LAND,p_22.1_113.7
2020-03-29,23.00,20.40,21.80,OPEN_METEO_ERA5_LAND,p_22.1_113.7
2020-03-30,22.60,19.90,21.40,OPEN_METEO_ERA5_LAND,p_22.1_113.7
2020-03-31,22.70,18.30,21.40,OPEN_METEO_ERA5_LAND,p_22.1_113.7
2020-04-01,21.70,18.30,19.80,OPEN_METEO_ERA5_LAND,p_22.1_113.7
2020-04-02,22.00,20.60,21.40,OPEN_METEO_ERA5_LAND,p_22.1_113.7
2020-04-03,22.00,21.00,21.40,OPEN_METEO_ERA5_LAND,p_22.1_113.7
2020-04-04,21.70,19.80,20.90,OPEN_METEO_ERA5_LAND,p_22.1_113.7
2020-04-05,21.10,17.90,19.10,OPEN_METEO_ERA5_LAND,p_22.1_113.7
2020-04-06,19.20,17.90,18.40,OPEN_METEO_ERA5_LAND,p_22.1_113.7
2020-04-07,19.90,17.60,18.70,OPEN_METEO_ERA5_LAND,p_22.1_113.7
2020-04-08,21.00,19.80,20.20,OPEN_METEO_ERA5_LAND,p_22.1_113.7
2020-04-09,21.40,19.70,20.70,OPEN_METEO_ERA5_LAND,p_22.1_113.7
2020-04-10,21.60,20.50,21.00,OPEN_METEO_ERA5_LAND,p_22.1_113.7
2020-04-11,22.00,21.00,21.50,OPEN_METEO_ERA5_LAND,p_22.1_113.7
2020-04-12,21.90,17.20,19.40,OPEN_METEO_ERA5_LAND,p_22.1_113.7
2020-04-13,20.50,16.70,18.90,OPEN_METEO_ERA5_LAND,p_22.1_113.7
2020-04-14,20.50,20.10,20.30,OPEN_METEO_ERA5_LAND,p_22.1_113.7
2020-04-15,21.30,19.30,20.20,OPEN_METEO_ERA5_LAND,p_22.1_113.7
2020-04-16,21.60,20.70,21.00,OPEN_METEO_ERA5_LAND,p_22.1_113.7
2020-04-17,21.90,21.40,21.50,OPEN_METEO_ERA5_LAND,p_22.1_113.7
2020-04-18,22.60,21.40,21.80,OPEN_METEO_ERA5_LAND,p_22.1_113.7
2020-04-19,22.80,21.90,22.30,OPEN_METEO_ERA5_LAND,p_22.1_113.7
2020-04-20,23.20,22.40,22.80,OPEN_METEO_ERA5_LAND,p_22.1_113.7
2020-04-21,24.00,22.90,23.40,OPEN_METEO_ERA5_LAND,p_22.1_113.7
2020-04-22,23.70,21.00,22.90,OPEN_METEO_ERA5_LAND,p_22.1_113.7
2020-04-23,22.10,20.90,21.40,OPEN_METEO_ERA5_LAND,p_22.1_113.7
2020-04-24,21.00,19.10,19.80,OPEN_METEO_ERA5_LAND,p_22.1_113.7
2020-04-25,21.50,19.40,20.30,OPEN_METEO_ERA5_LAND,p_22.1_113.7
2020-04-26,23.50,20.50,22.00,OPEN_METEO_ERA5_LAND,p_22.1_113.7
2020-04-27,23.80,22.30,22.90,OPEN_METEO_ERA5_LAND,p_22.1_113.7
2020-04-28,23.70,22.40,23.10,OPEN_METEO_ERA5_LAND,p_22.1_113.7
2020-04-29,22.60,21.90,22.20,OPEN_METEO_ERA5_LAND,p_22.1_113.7
2020-04-30,23.20,21.80,22.40,OPEN_METEO_ERA5_LAND,p_22.1_113.7
2020-05-01,23.70,22.70,23.10,OPEN_METEO_ERA5_LAND,p_22.1_113.7
2020-05-02,24.10,23.10,23.40,OPEN_METEO_ERA5_LAND,p_22.1_113.7
2020-05-03,24.90,23.70,24.30,OPEN_METEO_ERA5_LAND,p_22.1_113.7
2020-05-04,25.50,24.40,24.90,OPEN_METEO_ERA5_LAND,p_22.1_113.7
2020-05-05,26.00,24.90,25.40,OPEN_METEO_ERA5_LAND,p_22.1_113.7
2020-05-06,26.20,25.50,25.90,OPEN_METEO_ERA5_LAND,p_22.1_113.7
2020-05-07,26.50,26.00,26.20,OPEN_METEO_ERA5_LAND,p_22.1_113.7
2020-05-08,26.90,26.20,26.50,OPEN_METEO_ERA5_LAND,p_22.1_113.7
2020-05-09,27.10,26.40,26.70,OPEN_METEO_ERA5_LAND,p_22.1_113.7
2020-05-10,27.30,26.50,26.80,OPEN_METEO_ERA5_LAND,p_22.1_113.7
2020-05-11,27.40,25.70,26.40,OPEN_METEO_ERA5_LAND,p_22.1_113.7
2020-05-12,27.20,24.40,25.70,OPEN_METEO_ERA5_LAND,p_22.1_113.7
2020-05-13,26.70,25.30,26.20,OPEN_METEO_ERA5_LAND,p_22.1_113.7
2020-05-14,27.30,26.40,26.80,OPEN_METEO_ERA5_LAND,p_22.1_113.7
2020-05-15,27.30,26.30,26.80,OPEN_METEO_ERA5_LAND,p_22.1_113.7
2020-05-16,27.10,26.10,26.50,OPEN_METEO_ERA5_LAND,p_22.1_113.7
2020-05-17,27.80,26.10,26.90,OPEN_METEO_ERA5_LAND,p_22.1_113.7
2020-05-18,27.70,25.20,26.50,OPEN_METEO_ERA5_LAND,p_22.1_113.7
2020-05-19,27.30,24.70,26.40,OPEN_METEO_ERA5_LAND,p_22.1_113.7
2020-05-20,27.00,26.00,26.50,OPEN_METEO_ERA5_LAND,p_22.1_113.7
2020-05-21,28.50,25.60,27.20,OPEN_METEO_ERA5_LAND,p_22.1_113.7
2020-05-22,28.40,25.40,27.40,OPEN_METEO_ERA5_LAND,p_22.1_113.7
2020-05-23,27.40,25.40,26.20,OPEN_METEO_ERA5_LAND,p_22.1_113.7
2020-05-24,27.20,25.90,26.50,OPEN_METEO_ERA5_LAND,p_22.1_113.7
2020-05-25,27.90,25.20,26.70,OPEN_METEO_ERA5_LAND,p_22.1_113.7
2020-05-26,27.90,25.30,27.00,OPEN_METEO_ERA5_LAND,p_22.1_113.7
2020-05-27,27.40,25.20,26.20,OPEN_METEO_ERA5_LAND,p_22.1_113.7
2020-05-28,26.90,25.20,26.20,OPEN_METEO_ERA5_LAND,p_22.1_113.7
2020-05-29,27.80,26.10,26.80,OPEN_METEO_ERA5_LAND,p_22.1_113.7
2020-05-30,27.40,25.80,26.50,OPEN_METEO_ERA5_LAND,p_22.1_113.7
2020-05-31,28.40,25.00,27.00,OPEN_METEO_ERA5_LAND,p_22.1_113.7
2020-06-01,28.20,26.60,27.60,OPEN_METEO_ERA5_LAND,p_22.1_113.7
2020-06-02,28.50,27.40,27.80,OPEN_METEO_ERA5_LAND,p_22.1_113.7
2020-06-03,28.60,27.90,28.30,OPEN_METEO_ERA5_LAND,p_22.1_113.7
2020-06-04,28.70,27.90,28.40,OPEN_METEO_ERA5_LAND,p_22.1_113.7
2020-06-05,29.00,28.20,28.60,OPEN_METEO_ERA5_LAND,p_22.1_113.7
2020-06-06,28.60,24.70,26.90,OPEN_METEO_ERA5_LAND,p_22.1_113.7
2020-06-07,28.90,25.50,27.60,OPEN_METEO_ERA5_LAND,p_22.1_113.7
2020-06-08,29.00,26.00,27.90,OPEN_METEO_ERA5_LAND,p_22.1_113.7
2020-06-09,28.70,27.60,28.30,OPEN_METEO_ERA5_LAND,p_22.1_113.7
2020-06-10,28.40,27.80,28.10,OPEN_METEO_ERA5_LAND,p_22.1_113.7
2020-06-11,28.40,27.30,27.90,OPEN_METEO_ERA5_LAND,p_22.1_113.7
2020-06-12,28.40,27.10,27.60,OPEN_METEO_ERA5_LAND,p_22.1_113.7
2020-06-13,29.00,26.80,27.70,OPEN_METEO_ERA5_LAND,p_22.1_113.7
2020-06-14,28.90,26.80,27.80,OPEN_METEO_ERA5_LAND,p_22.1_113.7
2020-06-15,28.60,26.60,27.70,OPEN_METEO_ERA5_LAND,p_22.1_113.7
2020-06-16,28.50,27.30,28.10,OPEN_METEO_ERA5_LAND,p_22.1_113.7
2020-06-17,28.60,27.70,28.10,OPEN_METEO_ERA5_LAND,p_22.1_113.7
2020-06-18,28.50,27.60,28.00,OPEN_METEO_ERA5_LAND,p_22.1_113.7
2020-06-19,28.70,27.80,28.20,OPEN_METEO_ERA5_LAND,p_22.1_113.7
2020-06-20,28.80,27.80,28.30,OPEN_METEO_ERA5_LAND,p_22.1_113.7
2020-06-21,28.90,28.00,28.50,OPEN_METEO_ERA5_LAND,p_22.1_113.7
2020-06-22,29.10,28.00,28.60,OPEN_METEO_ERA5_LAND,p_22.1_113.7
2020-06-23,29.10,28.50,28.80,OPEN_METEO_ERA5_LAND,p_22.1_113.7
2020-06-24,29.00,28.50,28.70,OPEN_METEO_ERA5_LAND,p_22.1_113.7
2020-06-25,29.00,27.90,28.50,OPEN_METEO_ERA5_LAND,p_22.1_113.7
2020-06-26,28.90,28.40,28.70,OPEN_METEO_ERA5_LAND,p_22.1_113.7
2020-06-27,28.50,27.70,28.20,OPEN_METEO_ERA5_LAND,p_22.1_113.7
2020-06-28,29.10,28.00,28.50,OPEN_METEO_ERA5_LAND,p_22.1_113.7
2020-06-29,28.90,27.30,28.10,OPEN_METEO_ERA5_LAND,p_22.1_113.7
2020-06-30,29.40,27.70,28.40,OPEN_METEO_ERA5_LAND,p_22.1_113.7
2020-07-01,28.90,27.30,28.20,OPEN_METEO_ERA5_LAND,p_22.1_113.7
2020-07-02,29.90,27.30,28.40,OPEN_METEO_ERA5_LAND,p_22.1_113.7
2020-07-03,28.70,27.20,27.70,OPEN_METEO_ERA5_LAND,p_22.1_113.7
2020-07-04,28.90,27.20,28.00,OPEN_METEO_ERA5_LAND,p_22.1_113.7
2020-07-05,29.30,27.60,28.40,OPEN_METEO_ERA5_LAND,p_22.1_113.7
2020-07-06,29.30,27.90,28.80,OPEN_METEO_ERA5_LAND,p_22.1_113.7
2020-07-07,29.20,28.70,28.90,OPEN_METEO_ERA5_LAND,p_22.1_113.7
2020-07-08,29.20,28.00,28.80,OPEN_METEO_ERA5_LAND,p_22.1_113.7
2020-07-09,29.10,28.60,28.80,OPEN_METEO_ERA5_LAND,p_22.1_113.7
2020-07-10,29.00,28.40,28.60,OPEN_METEO_ERA5_LAND,p_22.1_113.7
2020-07-11,28.80,28.20,28.50,OPEN_METEO_ERA5_LAND,p_22.1_113.7
2020-07-12,28.60,28.00,28.30,OPEN_METEO_ERA5_LAND,p_22.1_113.7
2020-07-13,28.90,27.60,28.10,OPEN_METEO_ERA5_LAND,p_22.1_113.7
2020-07-14,29.00,27.90,28.60,OPEN_METEO_ERA5_LAND,p_22.1_113.7
2020-07-15,29.10,28.50,28.70,OPEN_METEO_ERA5_LAND,p_22.1_113.7
2020-07-16,29.00,28.00,28.60,OPEN_METEO_ERA5_LAND,p_22.1_113.7
2020-07-17,29.00,28.10,28.70,OPEN_METEO_ERA5_LAND,p_22.1_113.7
2020-07-18,29.20,28.30,28.60,OPEN_METEO_ERA5_LAND,p_22.1_113.7
2020-07-19,29.70,28.50,28.90,OPEN_METEO_ERA5_LAND,p_22.1_113.7
2020-07-20,29.30,28.30,28.80,OPEN_METEO_ERA5_LAND,p_22.1_113.7
2020-07-21,28.80,27.20,28.20,OPEN_METEO_ERA5_LAND,p_22.1_113.7
2020-07-22,29.00,26.20,28.00,OPEN_METEO_ERA5_LAND,p_22.1_113.7
2020-07-23,29.20,28.00,28.60,OPEN_METEO_ERA5_LAND,p_22.1_113.7
2020-07-24,29.30,28.00,28.70,OPEN_METEO_ERA5_LAND,p_22.1_113.7
2020-07-25,29.30,28.40,29.00,OPEN_METEO_ERA5_LAND,p_22.1_113.7
2020-07-26,29.30,28.50,28.90,OPEN_METEO_ERA5_LAND,p_22.1_113.7
2020-07-27,29.40,27.30,28.70,OPEN_METEO_ERA5_LAND,p_22.1_113.7
2020-07-28,29.20,27.60,28.40,OPEN_METEO_ERA5_LAND,p_22.1_113.7
2020-07-29,29.20,28.00,28.60,OPEN_METEO_ERA5_LAND,p_22.1_113.7
2020-07-30,29.00,26.90,27.90,OPEN_METEO_ERA5_LAND,p_22.1_113.7
2020-07-31,28.40,26.80,27.40,OPEN_METEO_ERA5_LAND,p_22.1_113.7
2020-08-01,27.80,26.80,27.30,OPEN_METEO_ERA5_LAND,p_22.1_113.7
2020-08-02,27.80,26.20,27.00,OPEN_METEO_ERA5_LAND,p_22.1_113.7
2020-08-03,27.50,26.10,26.70,OPEN_METEO_ERA5_LAND,p_22.1_113.7
2020-08-04,27.70,26.50,26.90,OPEN_METEO_ERA5_LAND,p_22.1_113.7
2020-08-05,28.00,26.00,27.10,OPEN_METEO_ERA5_LAND,p_22.1_113.7
2020-08-06,28.60,26.90,27.80,OPEN_METEO_ERA5_LAND,p_22.1_113.7
2020-08-07,28.80,27.30,28.10,OPEN_METEO_ERA5_LAND,p_22.1_113.7
2020-08-08,28.90,27.80,28.40,OPEN_METEO_ERA5_LAND,p_22.1_113.7
2020-08-09,29.10,28.20,28.50,OPEN_METEO_ERA5_LAND,p_22.1_113.7
2020-08-10,29.30,28.00,28.60,OPEN_METEO_ERA5_LAND,p_22.1_113.7
2020-08-11,29.50,28.40,29.00,OPEN_METEO_ERA5_LAND,p_22.1_113.7
2020-08-12,28.60,26.50,27.30,OPEN_METEO_ERA5_LAND,p_22.1_113.7
2020-08-13,28.00,26.60,27.10,OPEN_METEO_ERA5_LAND,p_22.1_113.7
2020-08-14,28.90,26.70,27.60,OPEN_METEO_ERA5_LAND,p_22.1_113.7
2020-08-15,28.80,26.70,27.90,OPEN_METEO_ERA5_LAND,p_22.1_113.7
2020-08-16,28.60,26.70,27.80,OPEN_METEO_ERA5_LAND,p_22.1_113.7
2020-08-17,28.30,26.10,27.00,OPEN_METEO_ERA5_LAND,p_22.1_113.7
2020-08-18,27.90,26.30,27.20,OPEN_METEO_ERA5_LAND,p_22.1_113.7
2020-08-19,27.60,26.10,27.10,OPEN_METEO_ERA5_LAND,p_22.1_113.7
2020-08-20,28.30,26.60,27.50,OPEN_METEO_ERA5_LAND,p_22.1_113.7
2020-08-21,28.80,26.90,27.70,OPEN_METEO_ERA5_LAND,p_22.1_113.7
2020-08-22,28.90,27.30,28.00,OPEN_METEO_ERA5_LAND,p_22.1_113.7
2020-08-23,28.90,27.30,28.20,OPEN_METEO_ERA5_LAND,p_22.1_113.7
2020-08-24,29.30,27.70,28.60,OPEN_METEO_ERA5_LAND,p_22.1_113.7
2020-08-25,29.70,28.20,29.00,OPEN_METEO_ERA5_LAND,p_22.1_113.7
2020-08-26,29.50,26.90,27.80,OPEN_METEO_ERA5_LAND,p_22.1_113.7
2020-08-27,28.80,26.10,27.20,OPEN_METEO_ERA5_LAND,p_22.1_113.7
2020-08-28,29.10,26.30,27.80,OPEN_METEO_ERA5_LAND,p_22.1_113.7
2020-08-29,29.80,28.00,28.60,OPEN_METEO_ERA5_LAND,p_22.1_113.7
2020-08-30,29.40,28.20,28.70,OPEN_METEO_ERA5_LAND,p_22.1_113.7
2020-08-31,29.90,26.80,28.40,OPEN_METEO_ERA5_LAND,p_22.1_113.7
2020-09-01,29.90,26.00,28.30,OPEN_METEO_ERA5_LAND,p_22.1_113.7
2020-09-02,29.70,28.30,28.90,OPEN_METEO_ERA5_LAND,p_22.1_113.7
2020-09-03,30.10,27.10,29.20,OPEN_METEO_ERA5_LAND,p_22.1_113.7
2020-09-04,29.50,27.00,28.10,OPEN_METEO_ERA5_LAND,p_22.1_113.7
2020-09-05,29.10,25.90,27.50,OPEN_METEO_ERA5_LAND,p_22.1_113.7
2020-09-06,29.30,26.30,27.70,OPEN_METEO_ERA5_LAND,p_22.1_113.7
2020-09-07,28.30,26.10,27.20,OPEN_METEO_ERA5_LAND,p_22.1_113.7
2020-09-08,27.80,25.90,26.90,OPEN_METEO_ERA5_LAND,p_22.1_113.7
2020-09-09,28.10,26.10,27.10,OPEN_METEO_ERA5_LAND,p_22.1_113.7
2020-09-10,28.80,26.50,27.50,OPEN_METEO_ERA5_LAND,p_22.1_113.7
2020-09-11,29.20,26.80,28.20,OPEN_METEO_ERA5_LAND,p_22.1_113.7
2020-09-12,28.70,25.60,26.90,OPEN_METEO_ERA5_LAND,p_22.1_113.7
2020-09-13,27.70,26.10,27.20,OPEN_METEO_ERA5_LAND,p_22.1_113.7
2020-09-14,27.40,26.20,26.80,OPEN_METEO_ERA5_LAND,p_22.1_113.7
2020-09-15,28.00,25.70,26.90,OPEN_METEO_ERA5_LAND,p_22.1_113.7
2020-09-16,28.90,26.20,27.70,OPEN_METEO_ERA5_LAND,p_22.1_113.7
2020-09-17,28.30,26.40,27.50,OPEN_METEO_ERA5_LAND,p_22.1_113.7
2020-09-18,27.70,26.70,27.30,OPEN_METEO_ERA5_LAND,p_22.1_113.7
2020-09-19,27.60,26.30,26.90,OPEN_METEO_ERA5_LAND,p_22.1_113.7
2020-09-20,28.30,26.70,27.30,OPEN_METEO_ERA5_LAND,p_22.1_113.7
2020-09-21,27.70,25.70,26.80,OPEN_METEO_ERA5_LAND,p_22.1_113.7
2020-09-22,28.60,26.30,27.40,OPEN_METEO_ERA5_LAND,p_22.1_113.7
2020-09-23,28.20,26.40,27.50,OPEN_METEO_ERA5_LAND,p_22.1_113.7
2020-09-24,28.00,25.70,26.70,OPEN_METEO_ERA5_LAND,p_22.1_113.7
2020-09-25,27.60,25.60,26.60,OPEN_METEO_ERA5_LAND,p_22.1_113.7
2020-09-26,28.40,26.40,27.40,OPEN_METEO_ERA5_LAND,p_22.1_113.7
2020-09-27,27.90,26.40,27.00,OPEN_METEO_ERA5_LAND,p_22.1_113.7
2020-09-28,27.60,25.90,26.70,OPEN_METEO_ERA5_LAND,p_22.1_113.7
2020-09-29,27.60,25.80,26.50,OPEN_METEO_ERA5_LAND,p_22.1_113.7
2020-09-30,27.70,25.70,26.70,OPEN_METEO_ERA5_LAND,p_22.1_113.7
2020-10-01,27.30,25.60,26.40,OPEN_METEO_ERA5_LAND,p_22.1_113.7
2020-10-02,27.80,27.00,27.30,OPEN_METEO_ERA5_LAND,p_22.1_113.7
2020-10-03,27.70,27.00,27.30,OPEN_METEO_ERA5_LAND,p_22.1_113.7
2020-10-04,28.20,27.10,27.50,OPEN_METEO_ERA5_LAND,p_22.1_113.7
2020-10-05,27.90,25.00,26.70,OPEN_METEO_ERA5_LAND,p_22.1_113.7
2020-10-06,27.20,23.80,25.60,OPEN_METEO_ERA5_LAND,p_22.1_113.7
2020-10-07,26.50,22.80,24.60,OPEN_METEO_ERA5_LAND,p_22.1_113.7
2020-10-08,26.40,22.40,24.20,OPEN_METEO_ERA5_LAND,p_22.1_113.7
2020-10-09,26.80,23.00,24.70,OPEN_METEO_ERA5_LAND,p_22.1_113.7
2020-10-10,26.90,23.60,24.90,OPEN_METEO_ERA5_LAND,p_22.1_113.7
2020-10-11,26.50,24.60,25.70,OPEN_METEO_ERA5_LAND,p_22.1_113.7
2020-10-12,27.90,25.10,26.40,OPEN_METEO_ERA5_LAND,p_22.1_113.7
2020-10-13,26.70,24.80,25.40,OPEN_METEO_ERA5_LAND,p_22.1_113.7
2020-10-14,26.40,25.30,25.80,OPEN_METEO_ERA5_LAND,p_22.1_113.7
2020-10-15,26.50,25.20,25.80,OPEN_METEO_ERA5_LAND,p_22.1_113.7
2020-10-16,27.20,24.70,26.00,OPEN_METEO_ERA5_LAND,p_22.1_113.7
2020-10-17,26.40,22.80,24.40,OPEN_METEO_ERA5_LAND,p_22.1_113.7
2020-10-18,26.40,21.90,23.90,OPEN_METEO_ERA5_LAND,p_22.1_113.7
2020-10-19,26.10,21.70,23.60,OPEN_METEO_ERA5_LAND,p_22.1_113.7
2020-10-20,26.30,21.80,23.50,OPEN_METEO_ERA5_LAND,p_22.1_113.7
2020-10-21,25.90,21.50,23.30,OPEN_METEO_ERA5_LAND,p_22.1_113.7
2020-10-22,25.80,21.70,23.40,OPEN_METEO_ERA5_LAND,p_22.1_113.7
2020-10-23,25.60,22.20,23.80,OPEN_METEO_ERA5_LAND,p_22.1_113.7
2020-10-24,24.60,19.30,22.40,OPEN_METEO_ERA5_LAND,p_22.1_113.7
2020-10-25,24.20,22.90,23.60,OPEN_METEO_ERA5_LAND,p_22.1_113.7
2020-10-26,24.30,23.00,23.70,OPEN_METEO_ERA5_LAND,p_22.1_113.7
2020-10-27,25.00,23.50,24.10,OPEN_METEO_ERA5_LAND,p_22.1_113.7
2020-10-28,24.50,22.90,23.70,OPEN_METEO_ERA5_LAND,p_22.1_113.7
2020-10-29,24.10,22.60,23.30,OPEN_METEO_ERA5_LAND,p_22.1_113.7
2020-10-30,23.70,22.00,22.90,OPEN_METEO_ERA5_LAND,p_22.1_113.7
2020-10-31,23.30,22.60,22.90,OPEN_METEO_ERA5_LAND,p_22.1_113.7
2020-11-01,23.60,22.40,22.90,OPEN_METEO_ERA5_LAND,p_22.1_113.7
2020-11-02,25.30,23.10,23.90,OPEN_METEO_ERA5_LAND,p_22.1_113.7
2020-11-03,23.90,21.00,22.40,OPEN_METEO_ERA5_LAND,p_22.1_113.7
2020-11-04,22.80,22.00,22.40,OPEN_METEO_ERA5_LAND,p_22.1_113.7
2020-11-05,22.80,21.20,22.10,OPEN_METEO_ERA5_LAND,p_22.1_113.7
2020-11-06,24.90,21.90,23.10,OPEN_METEO_ERA5_LAND,p_22.1_113.7
2020-11-07,25.40,22.60,24.00,OPEN_METEO_ERA5_LAND,p_22.1_113.7
2020-11-08,25.60,23.00,24.20,OPEN_METEO_ERA5_LAND,p_22.1_113.7
2020-11-09,24.30,22.10,22.90,OPEN_METEO_ERA5_LAND,p_22.1_113.7
2020-11-10,22.80,21.00,21.90,OPEN_METEO_ERA5_LAND,p_22.1_113.7
2020-11-11,22.40,20.80,21.70,OPEN_METEO_ERA5_LAND,p_22.1_113.7
2020-11-12,23.40,20.00,21.70,OPEN_METEO_ERA5_LAND,p_22.1_113.7
2020-11-13,23.70,20.90,21.80,OPEN_METEO_ERA5_LAND,p_22.1_113.7
2020-11-14,22.60,20.80,22.00,OPEN_METEO_ERA5_LAND,p_22.1_113.7
2020-11-15,22.40,21.10,21.70,OPEN_METEO_ERA5_LAND,p_22.1_113.7
2020-11-16,22.60,21.60,22.10,OPEN_METEO_ERA5_LAND,p_22.1_113.7
2020-11-17,22.70,21.80,22.20,OPEN_METEO_ERA5_LAND,p_22.1_113.7
2020-11-18,22.90,22.30,22.50,OPEN_METEO_ERA5_LAND,p_22.1_113.7
2020-11-19,23.10,22.70,22.90,OPEN_METEO_ERA5_LAND,p_22.1_113.7
2020-11-20,23.30,22.40,22.80,OPEN_METEO_ERA5_LAND,p_22.1_113.7
2020-11-21,23.20,22.60,22.90,OPEN_METEO_ERA5_LAND,p_22.1_113.7
2020-11-22,23.70,22.90,23.30,OPEN_METEO_ERA5_LAND,p_22.1_113.7
2020-11-23,23.80,21.70,22.60,OPEN_METEO_ERA5_LAND,p_22.1_113.7
2020-11-24,22.90,20.30,22.00,OPEN_METEO_ERA5_LAND,p_22.1_113.7
2020-11-25,22.60,21.20,22.00,OPEN_METEO_ERA5_LAND,p_22.1_113.7
2020-11-26,24.10,21.70,22.70,OPEN_METEO_ERA5_LAND,p_22.1_113.7
2020-11-27,24.30,19.20,21.60,OPEN_METEO_ERA5_LAND,p_22.1_113.7
2020-11-28,22.80,17.10,19.50,OPEN_METEO_ERA5_LAND,p_22.1_113.7
2020-11-29,21.30,16.40,18.70,OPEN_METEO_ERA5_LAND,p_22.1_113.7
2020-11-30,21.70,16.00,18.40,OPEN_METEO_ERA5_LAND,p_22.1_113.7
2020-12-01,21.70,16.20,18.70,OPEN_METEO_ERA5_LAND,p_22.1_113.7
2020-12-02,22.00,16.80,19.10,OPEN_METEO_ERA5_LAND,p_22.1_113.7
2020-12-03,20.30,15.50,17.50,OPEN_METEO_ERA5_LAND,p_22.1_113.7
2020-12-04,19.00,13.90,16.10,OPEN_METEO_ERA5_LAND,p_22.1_113.7
2020-12-05,19.20,13.40,15.80,OPEN_METEO_ERA5_LAND,p_22.1_113.7
2020-12-06,19.50,14.80,16.90,OPEN_METEO_ERA5_LAND,p_22.1_113.7
2020-12-07,21.00,17.10,18.60,OPEN_METEO_ERA5_LAND,p_22.1_113.7
2020-12-08,20.40,15.60,17.80,OPEN_METEO_ERA5_LAND,p_22.1_113.7
2020-12-09,19.80,16.30,18.00,OPEN_METEO_ERA5_LAND,p_22.1_113.7
2020-12-10,20.90,18.50,19.50,OPEN_METEO_ERA5_LAND,p_22.1_113.7
2020-12-11,20.10,18.80,19.50,OPEN_METEO_ERA5_LAND,p_22.1_113.7
2020-12-12,19.70,18.40,19.20,OPEN_METEO_ERA5_LAND,p_22.1_113.7
2020-12-13,20.20,19.50,19.70,OPEN_METEO_ERA5_LAND,p_22.1_113.7
2020-12-14,20.20,14.60,17.80,OPEN_METEO_ERA5_LAND,p_22.1_113.7
2020-12-15,16.90,12.60,14.00,OPEN_METEO_ERA5_LAND,p_22.1_113.7
2020-12-16,16.30,12.40,13.90,OPEN_METEO_ERA5_LAND,p_22.1_113.7
2020-12-17,16.20,12.50,13.80,OPEN_METEO_ERA5_LAND,p_22.1_113.7
2020-12-18,17.90,13.50,15.00,OPEN_METEO_ERA5_LAND,p_22.1_113.7
2020-12-19,17.40,11.70,13.80,OPEN_METEO_ERA5_LAND,p_22.1_113.7
2020-12-20,17.10,11.50,13.90,OPEN_METEO_ERA5_LAND,p_22.1_113.7
2020-12-21,18.20,12.40,15.00,OPEN_METEO_ERA5_LAND,p_22.1_113.7
2020-12-22,18.00,14.00,15.70,OPEN_METEO_ERA5_LAND,p_22.1_113.7
2020-12-23,18.40,16.50,17.60,OPEN_METEO_ERA5_LAND,p_22.1_113.7
2020-12-24,19.80,16.70,17.80,OPEN_METEO_ERA5_LAND,p_22.1_113.7
2020-12-25,18.00,16.00,17.00,OPEN_METEO_ERA5_LAND,p_22.1_113.7
2020-12-26,18.50,17.30,17.80,OPEN_METEO_ERA5_LAND,p_22.1_113.7
2020-12-27,19.10,17.10,18.20,OPEN_METEO_ERA5_LAND,p_22.1_113.7
2020-12-28,19.40,18.60,19.00,OPEN_METEO_ERA5_LAND,p_22.1_113.7
2020-12-29,19.70,18.40,18.80,OPEN_METEO_ERA5_LAND,p_22.1_113.7
2020-12-30,18.20,11.90,14.00,OPEN_METEO_ERA5_LAND,p_22.1_113.7
2020-12-31,13.60,8.90,11.00,OPEN_METEO_ERA5_LAND,p_22.1_113.7
2021-01-01,15.10,9.00,11.60,OPEN_METEO_ERA5_LAND,p_22.1_113.7
2021-01-02,15.90,11.80,13.70,OPEN_METEO_ERA5_LAND,p_22.1_113.7
2021-01-03,17.30,13.80,15.50,OPEN_METEO_ERA5_LAND,p_22.1_113.7
2021-01-04,17.30,15.60,16.50,OPEN_METEO_ERA5_LAND,p_22.1_113.7
2021-01-05,18.10,16.60,17.20,OPEN_METEO_ERA5_LAND,p_22.1_113.7
2021-01-06,17.40,13.70,15.60,OPEN_METEO_ERA5_LAND,p_22.1_113.7
2021-01-07,16.40,11.00,14.40,OPEN_METEO_ERA5_LAND,p_22.1_113.7
2021-01-08,11.30,8.50,9.50,OPEN_METEO_ERA5_LAND,p_22.1_113.7
2021-01-09,13.20,8.40,10.40,OPEN_METEO_ERA5_LAND,p_22.1_113.7
2021-01-10,14.90,11.40,12.60,OPEN_METEO_ERA5_LAND,p_22.1_113.7
2021-01-11,12.50,8.60,10.60,OPEN_METEO_ERA5_LAND,p_22.1_113.7
2021-01-12,14.90,9.50,11.80,OPEN_METEO_ERA5_LAND,p_22.1_113.7
2021-01-13,14.70,12.30,13.50,OPEN_METEO_ERA5_LAND,p_22.1_113.7
2021-01-14,16.50,14.40,15.10,OPEN_METEO_ERA5_LAND,p_22.1_113.7
2021-01-15,16.50,15.90,16.20,OPEN_METEO_ERA5_LAND,p_22.1_113.7
2021-01-16,17.10,15.50,16.40,OPEN_METEO_ERA5_LAND,p_22.1_113.7
2021-01-17,17.30,14.40,15.70,OPEN_METEO_ERA5_LAND,p_22.1_113.7
2021-01-18,15.50,11.60,13.40,OPEN_METEO_ERA5_LAND,p_22.1_113.7
2021-01-19,16.00,13.80,14.80,OPEN_METEO_ERA5_LAND,p_22.1_113.7
2021-01-20,17.10,15.90,16.30,OPEN_METEO_ERA5_LAND,p_22.1_113.7
2021-01-21,17.30,16.30,16.70,OPEN_METEO_ERA5_LAND,p_22.1_113.7
2021-01-22,17.70,16.70,17.00,OPEN_METEO_ERA5_LAND,p_22.1_113.7
2021-01-23,18.20,15.90,16.90,OPEN_METEO_ERA5_LAND,p_22.1_113.7
2021-01-24,17.30,16.50,16.90,OPEN_METEO_ERA5_LAND,p_22.1_113.7
2021-01-25,17.40,16.40,16.80,OPEN_METEO_ERA5_LAND,p_22.1_113.7
2021-01-26,18.00,16.20,17.00,OPEN_METEO_ERA5_LAND,p_22.1_113.7
2021-01-27,18.00,16.80,17.20,OPEN_METEO_ERA5_LAND,p_22.1_113.7
2021-01-28,19.50,16.50,17.50,OPEN_METEO_ERA5_LAND,p_22.1_113.7
2021-01-29,17.00,14.00,15.50,OPEN_METEO_ERA5_LAND,p_22.1_113.7
2021-01-30,17.20,15.10,16.00,OPEN_METEO_ERA5_LAND,p_22.1_113.7
2021-01-31,17.70,16.20,17.00,OPEN_METEO_ERA5_LAND,p_22.1_113.7
2021-02-01,18.50,16.80,17.60,OPEN_METEO_ERA5_LAND,p_22.1_113.7
2021-02-02,19.20,16.90,17.90,OPEN_METEO_ERA5_LAND,p_22.1_113.7
2021-02-03,18.10,16.70,17.40,OPEN_METEO_ERA5_LAND,p_22.1_113.7
2021-02-04,18.50,17.20,17.80,OPEN_METEO_ERA5_LAND,p_22.1_113.7
2021-02-05,18.40,17.00,17.70,OPEN_METEO_ERA5_LAND,p_22.1_113.7
2021-02-06,18.90,17.20,18.00,OPEN_METEO_ERA5_LAND,p_22.1_113.7
2021-02-07,18.80,18.10,18.40,OPEN_METEO_ERA5_LAND,p_22.1_113.7
2021-02-08,19.40,18.20,18.70,OPEN_METEO_ERA5_LAND,p_22.1_113.7
2021-02-09,18.40,17.30,17.90,OPEN_METEO_ERA5_LAND,p_22.1_113.7
2021-02-10,18.30,15.70,17.00,OPEN_METEO_ERA5_LAND,p_22.1_113.7
2021-02-11,19.70,15.10,16.80,OPEN_METEO_ERA5_LAND,p_22.1_113.7
2021-02-12,19.10,16.00,17.40,OPEN_METEO_ERA5_LAND,p_22.1_113.7
2021-02-13,18.80,17.50,18.00,OPEN_METEO_ERA5_LAND,p_22.1_113.7
2021-02-14,19.10,17.70,18.40,OPEN_METEO_ERA5_LAND,p_22.1_113.7
2021-02-15,19.50,17.30,18.40,OPEN_METEO_ERA5_LAND,p_22.1_113.7
2021-02-16,19.30,18.30,18.70,OPEN_METEO_ERA5_LAND,p_22.1_113.7
2021-02-17,19.30,17.20,18.50,OPEN_METEO_ERA5_LAND,p_22.1_113.7
2021-02-18,18.60,16.50,17.40,OPEN_METEO_ERA5_LAND,p_22.1_113.7
2021-02-19,18.40,16.50,17.40,OPEN_METEO_ERA5_LAND,p_22.1_113.7
2021-02-20,19.00,18.00,18.40,OPEN_METEO_ERA5_LAND,p_22.1_113.7
2021-02-21,19.20,17.70,18.70,OPEN_METEO_ERA5_LAND,p_22.1_113.7
2021-02-22,19.40,18.10,18.80,OPEN_METEO_ERA5_LAND,p_22.1_113.7
2021-02-23,19.90,17.70,18.90,OPEN_METEO_ERA5_LAND,p_22.1_113.7
2021-02-24,19.80,18.70,19.30,OPEN_METEO_ERA5_LAND,p_22.1_113.7
2021-02-25,20.30,19.40,19.60,OPEN_METEO_ERA5_LAND,p_22.1_113.7
2021-02-26,20.60,20.00,20.30,OPEN_METEO_ERA5_LAND,p_22.1_113.7
2021-02-27,19.40,16.80,17.80,OPEN_METEO_ERA5_LAND,p_22.1_113.7
2021-02-28,20.30,18.00,19.40,OPEN_METEO_ERA5_LAND,p_22.1_113.7
2021-03-01,20.50,19.70,20.00,OPEN_METEO_ERA5_LAND,p_22.1_113.7
2021-03-02,20.50,17.10,18.80,OPEN_METEO_ERA5_LAND,p_22.1_113.7
2021-03-03,19.20,17.90,18.70,OPEN_METEO_ERA5_LAND,p_22.1_113.7
2021-03-04,19.50,19.10,19.30,OPEN_METEO_ERA5_LAND,p_22.1_113.7
2021-03-05,20.70,19.50,20.10,OPEN_METEO_ERA5_LAND,p_22.1_113.7
2021-03-06,20.90,20.00,20.50,OPEN_METEO_ERA5_LAND,p_22.1_113.7
2021-03-07,20.10,18.60,19.50,OPEN_METEO_ERA5_LAND,p_22.1_113.7
2021-03-08,19.60,18.80,19.20,OPEN_METEO_ERA5_LAND,p_22.1_113.7
2021-03-09,19.60,18.80,19.10,OPEN_METEO_ERA5_LAND,p_22.1_113.7
2021-03-10,19.80,18.90,19.30,OPEN_METEO_ERA5_LAND,p_22.1_113.7
2021-03-11,20.40,19.00,19.60,OPEN_METEO_ERA5_LAND,p_22.1_113.7
2021-03-12,20.70,19.40,20.20,OPEN_METEO_ERA5_LAND,p_22.1_113.7
2021-03-13,20.70,19.80,20.10,OPEN_METEO_ERA5_LAND,p_22.1_113.7
2021-03-14,21.00,19.70,20.20,OPEN_METEO_ERA5_LAND,p_22.1_113.7
2021-03-15,21.30,20.00,20.70,OPEN_METEO_ERA5_LAND,p_22.1_113.7
2021-03-16,21.60,20.90,21.20,OPEN_METEO_ERA5_LAND,p_22.1_113.7
2021-03-17,22.20,20.90,21.40,OPEN_METEO_ERA5_LAND,p_22.1_113.7
2021-03-18,22.20,21.60,22.00,OPEN_METEO_ERA5_LAND,p_22.1_113.7
2021-03-19,22.80,22.00,22.30,OPEN_METEO_ERA5_LAND,p_22.1_113.7
2021-03-20,23.00,21.90,22.30,OPEN_METEO_ERA5_LAND,p_22.1_113.7
2021-03-21,22.60,16.80,20.20,OPEN_METEO_ERA5_LAND,p_22.1_113.7
2021-03-22,18.70,15.80,17.10,OPEN_METEO_ERA5_LAND,p_22.1_113.7
2021-03-23,19.60,18.10,18.50,OPEN_METEO_ERA5_LAND,p_22.1_113.7
2021-03-24,21.40,17.90,19.20,OPEN_METEO_ERA5_LAND,p_22.1_113.7
2021-03-25,21.50,20.50,21.10,OPEN_METEO_ERA5_LAND,p_22.1_113.7
2021-03-26,21.80,20.20,20.80,OPEN_METEO_ERA5_LAND,p_22.1_113.7
2021-03-27,22.30,21.60,21.90,OPEN_METEO_ERA5_LAND,p_22.1_113.7
2021-03-28,22.70,22.00,22.30,OPEN_METEO_ERA5_LAND,p_22.1_113.7
2021-03-29,23.60,22.40,22.90,OPEN_METEO_ERA5_LAND,p_22.1_113.7
2021-03-30,24.00,23.10,23.50,OPEN_METEO_ERA5_LAND,p_22.1_113.7
2021-03-31,24.10,23.40,23.80,OPEN_METEO_ERA5_LAND,p_22.1_113.7
2021-04-01,24.20,23.60,23.90,OPEN_METEO_ERA5_LAND,p_22.1_113.7
2021-04-02,24.60,23.70,24.10,OPEN_METEO_ERA5_LAND,p_22.1_113.7
2021-04-03,24.70,23.50,24.00,OPEN_METEO_ERA5_LAND,p_22.1_113.7
2021-04-04,24.90,22.40,24.00,OPEN_METEO_ERA5_LAND,p_22.1_113.7
2021-04-05,23.00,22.20,22.50,OPEN_METEO_ERA5_LAND,p_22.1_113.7
2021-04-06,23.30,22.60,22.80,OPEN_METEO_ERA5_LAND,p_22.1_113.7
2021-04-07,22.90,22.20,22.50,OPEN_METEO_ERA5_LAND,p_22.1_113.7
2021-04-08,22.90,21.90,22.50,OPEN_METEO_ERA5_LAND,p_22.1_113.7
2021-04-09,21.80,20.10,21.00,OPEN_METEO_ERA5_LAND,p_22.1_113.7
2021-04-10,22.10,20.90,21.30,OPEN_METEO_ERA5_LAND,p_22.1_113.7
2021-04-11,22.70,21.20,21.80,OPEN_METEO_ERA5_LAND,p_22.1_113.7
2021-04-12,23.20,22.20,22.70,OPEN_METEO_ERA5_LAND,p_22.1_113.7
2021-04-13,23.80,22.60,23.10,OPEN_METEO_ERA5_LAND,p_22.1_113.7
2021-04-14,23.80,23.10,23.40,OPEN_METEO_ERA5_LAND,p_22.1_113.7
2021-04-15,23.80,22.80,23.30,OPEN_METEO_ERA5_LAND,p_22.1_113.7
2021-04-16,23.40,22.80,23.10,OPEN_METEO_ERA5_LAND,p_22.1_113.7
2021-04-17,23.20,22.70,22.90,OPEN_METEO_ERA5_LAND,p_22.1_113.7
2021-04-18,23.70,22.40,23.00,OPEN_METEO_ERA5_LAND,p_22.1_113.7
2021-04-19,22.40,21.50,22.00,OPEN_METEO_ERA5_LAND,p_22.1_113.7
2021-04-20,22.80,22.20,22.40,OPEN_METEO_ERA5_LAND,p_22.1_113.7
2021-04-21,23.40,22.20,22.70,OPEN_METEO_ERA5_LAND,p_22.1_113.7
2021-04-22,23.70,22.30,22.90,OPEN_METEO_ERA5_LAND,p_22.1_113.7
2021-04-23,24.20,23.20,23.70,OPEN_METEO_ERA5_LAND,p_22.1_113.7
2021-04-24,24.30,23.30,23.90,OPEN_METEO_ERA5_LAND,p_22.1_113.7
2021-04-25,24.60,23.60,24.10,OPEN_METEO_ERA5_LAND,p_22.1_113.7
2021-04-26,23.60,22.80,23.10,OPEN_METEO_ERA5_LAND,p_22.1_113.7
2021-04-27,24.00,23.10,23.60,OPEN_METEO_ERA5_LAND,p_22.1_113.7
2021-04-28,24.30,23.00,23.80,OPEN_METEO_ERA5_LAND,p_22.1_113.7
2021-04-29,25.20,21.60,23.10,OPEN_METEO_ERA5_LAND,p_22.1_113.7
2021-04-30,24.40,22.60,23.40,OPEN_METEO_ERA5_LAND,p_22.1_113.7
2021-05-01,24.80,23.70,24.30,OPEN_METEO_ERA5_LAND,p_22.1_113.7
2021-05-02,25.00,24.00,24.60,OPEN_METEO_ERA5_LAND,p_22.1_113.7
2021-05-03,25.20,23.40,24.40,OPEN_METEO_ERA5_LAND,p_22.1_113.7
2021-05-04,25.70,24.60,25.20,OPEN_METEO_ERA5_LAND,p_22.1_113.7
2021-05-05,25.60,23.60,24.40,OPEN_METEO_ERA5_LAND,p_22.1_113.7
2021-05-06,24.90,23.60,24.20,OPEN_METEO_ERA5_LAND,p_22.1_113.7
2021-05-07,25.60,24.60,25.00,OPEN_METEO_ERA5_LAND,p_22.1_113.7
2021-05-08,26.30,25.20,25.60,OPEN_METEO_ERA5_LAND,p_22.1_113.7
2021-05-09,26.50,25.80,26.10,OPEN_METEO_ERA5_LAND,p_22.1_113.7
2021-05-10,27.10,25.80,26.50,OPEN_METEO_ERA5_LAND,p_22.1_113.7
2021-05-11,27.30,26.60,27.00,OPEN_METEO_ERA5_LAND,p_22.1_113.7
2021-05-12,27.80,26.60,27.10,OPEN_METEO_ERA5_LAND,p_22.1_113.7
2021-05-13,27.80,27.00,27.40,OPEN_METEO_ERA5_LAND,p_22.1_113.7
2021-05-14,28.20,26.80,27.60,OPEN_METEO_ERA5_LAND,p_22.1_113.7
2021-05-15,28.30,27.40,27.90,OPEN_METEO_ERA5_LAND,p_22.1_113.7
2021-05-16,28.70,27.60,28.20,OPEN_METEO_ERA5_LAND,p_22.1_113.7
2021-05-17,28.70,27.90,28.20,OPEN_METEO_ERA5_LAND,p_22.1_113.7
2021-05-18,29.40,27.10,28.20,OPEN_METEO_ERA5_LAND,p_22.1_113.7
2021-05-19,29.00,28.20,28.70,OPEN_METEO_ERA5_LAND,p_22.1_113.7
2021-05-20,29.20,28.30,28.70,OPEN_METEO_ERA5_LAND,p_22.1_113.7
2021-05-21,28.90,27.40,28.30,OPEN_METEO_ERA5_LAND,p_22.1_113.7
2021-05-22,29.00,27.80,28.60,OPEN_METEO_ERA5_LAND,p_22.1_113.7
2021-05-23,29.20,28.20,28.70,OPEN_METEO_ERA5_LAND,p_22.1_113.7
2021-05-24,28.90,27.20,28.10,OPEN_METEO_ERA5_LAND,p_22.1_113.7
2021-05-25,28.90,26.30,27.50,OPEN_METEO_ERA5_LAND,p_22.1_113.7
2021-05-26,29.40,26.40,27.70,OPEN_METEO_ERA5_LAND,p_22.1_113.7
2021-05-27,29.60,28.00,28.90,OPEN_METEO_ERA5_LAND,p_22.1_113.7
2021-05-28,29.60,27.90,28.80,OPEN_METEO_ERA5_LAND,p_22.1_113.7
2021-05-29,29.50,28.50,29.00,OPEN_METEO_ERA5_LAND,p_22.1_113.7
2021-05-30,29.40,28.80,29.10,OPEN_METEO_ERA5_LAND,p_22.1_113.7
2021-05-31,29.40,26.30,28.30,OPEN_METEO_ERA5_LAND,p_22.1_113.7
2021-06-01,29.00,26.90,27.90,OPEN_METEO_ERA5_LAND,p_22.1_113.7
2021-06-02,29.10,27.60,28.30,OPEN_METEO_ERA5_LAND,p_22.1_113.7
2021-06-03,29.20,28.30,28.70,OPEN_METEO_ERA5_LAND,p_22.1_113.7
2021-06-04,28.80,25.80,27.10,OPEN_METEO_ERA5_LAND,p_22.1_113.7
2021-06-05,28.40,24.60,26.30,OPEN_METEO_ERA5_LAND,p_22.1_113.7
2021-06-06,28.40,26.60,27.40,OPEN_METEO_ERA5_LAND,p_22.1_113.7
2021-06-07,28.10,26.30,27.30,OPEN_METEO_ERA5_LAND,p_22.1_113.7
2021-06-08,28.00,26.70,27.40,OPEN_METEO_ERA5_LAND,p_22.1_113.7
2021-06-09,28.00,26.00,26.80,OPEN_METEO_ERA5_LAND,p_22.1_113.7
2021-06-10,27.80,26.50,27.20,OPEN_METEO_ERA5_LAND,p_22.1_113.7
2021-06-11,28.30,26.50,27.40,OPEN_METEO_ERA5_LAND,p_22.1_113.7
2021-06-12,28.20,26.70,27.40,OPEN_METEO_ERA5_LAND,p_22.1_113.7
2021-06-13,28.10,26.50,27.10,OPEN_METEO_ERA5_LAND,p_22.1_113.7
2021-06-14,28.60,27.10,27.90,OPEN_METEO_ERA5_LAND,p_22.1_113.7
2021-06-15,28.80,27.60,28.20,OPEN_METEO_ERA5_LAND,p_22.1_113.7
2021-06-16,28.90,27.80,28.50,OPEN_METEO_ERA5_LAND,p_22.1_113.7
2021-06-17,29.00,27.80,28.50,OPEN_METEO_ERA5_LAND,p_22.1_113.7
2021-06-18,29.30,28.40,28.80,OPEN_METEO_ERA5_LAND,p_22.1_113.7
2021-06-19,29.20,28.30,28.80,OPEN_METEO_ERA5_LAND,p_22.1_113.7
2021-06-20,29.40,28.60,29.00,OPEN_METEO_ERA5_LAND,p_22.1_113.7
2021-06-21,29.20,28.70,29.00,OPEN_METEO_ERA5_LAND,p_22.1_113.7
2021-06-22,29.10,26.70,28.20,OPEN_METEO_ERA5_LAND,p_22.1_113.7
2021-06-23,28.60,25.90,27.20,OPEN_METEO_ERA5_LAND,p_22.1_113.7
2021-06-24,28.10,25.80,27.10,OPEN_METEO_ERA5_LAND,p_22.1_113.7
2021-06-25,28.10,25.70,27.30,OPEN_METEO_ERA5_LAND,p_22.1_113.7
2021-06-26,28.40,25.90,27.50,OPEN_METEO_ERA5_LAND,p_22.1_113.7
2021-06-27,28.80,27.70,28.30,OPEN_METEO_ERA5_LAND,p_22.1_113.7
2021-06-28,28.80,26.60,28.00,OPEN_METEO_ERA5_LAND,p_22.1_113.7
2021-06-29,28.90,27.80,28.50,OPEN_METEO_ERA5_LAND,p_22.1_113.7
2021-06-30,28.90,27.70,28.50,OPEN_METEO_ERA5_LAND,p_22.1_113.7
2021-07-01,28.90,28.10,28.60,OPEN_METEO_ERA5_LAND,p_22.1_113.7
2021-07-02,28.80,27.80,28.50,OPEN_METEO_ERA5_LAND,p_22.1_113.7
2021-07-03,29.00,28.10,28.50,OPEN_METEO_ERA5_LAND,p_22.1_113.7
2021-07-04,28.90,27.80,28.40,OPEN_METEO_ERA5_LAND,p_22.1_113.7
2021-07-05,28.90,27.20,28.00,OPEN_METEO_ERA5_LAND,p_22.1_113.7
2021-07-06,28.20,27.00,27.60,OPEN_METEO_ERA5_LAND,p_22.1_113.7
2021-07-07,29.10,27.20,27.80,OPEN_METEO_ERA5_LAND,p_22.1_113.7
2021-07-08,28.90,27.80,28.40,OPEN_METEO_ERA5_LAND,p_22.1_113.7
2021-07-09,29.40,28.10,28.60,OPEN_METEO_ERA5_LAND,p_22.1_113.7
2021-07-10,29.30,27.80,28.30,OPEN_METEO_ERA5_LAND,p_22.1_113.7
2021-07-11,29.20,27.60,28.50,OPEN_METEO_ERA5_LAND,p_22.1_113.7
2021-07-12,29.50,28.00,28.60,OPEN_METEO_ERA5_LAND,p_22.1_113.7
2021-07-13,29.90,28.60,29.10,OPEN_METEO_ERA5_LAND,p_22.1_113.7
2021-07-14,30.50,28.80,29.40,OPEN_METEO_ERA5_LAND,p_22.1_113.7
2021-07-15,30.40,27.30,29.00,OPEN_METEO_ERA5_LAND,p_22.1_113.7
2021-07-16,29.70,28.10,28.80,OPEN_METEO_ERA5_LAND,p_22.1_113.7
2021-07-17,28.80,26.30,27.60,OPEN_METEO_ERA5_LAND,p_22.1_113.7
2021-07-18,28.60,26.20,27.00,OPEN_METEO_ERA5_LAND,p_22.1_113.7
2021-07-19,28.00,26.40,27.10,OPEN_METEO_ERA5_LAND,p_22.1_113.7
2021-07-20,27.60,26.60,27.00,OPEN_METEO_ERA5_LAND,p_22.1_113.7
2021-07-21,28.00,26.50,27.30,OPEN_METEO_ERA5_LAND,p_22.1_113.7
2021-07-22,29.30,26.70,28.10,OPEN_METEO_ERA5_LAND,p_22.1_113.7
2021-07-23,29.60,27.40,28.70,OPEN_METEO_ERA5_LAND,p_22.1_113.7
2021-07-24,29.60,28.10,28.70,OPEN_METEO_ERA5_LAND,p_22.1_113.7
2021-07-25,29.40,28.10,28.70,OPEN_METEO_ERA5_LAND,p_22.1_113.7
2021-07-26,29.80,27.70,28.90,OPEN_METEO_ERA5_LAND,p_22.1_113.7
2021-07-27,30.30,28.80,29.60,OPEN_METEO_ERA5_LAND,p_22.1_113.7
2021-07-28,29.80,29.20,29.50,OPEN_METEO_ERA5_LAND,p_22.1_113.7
2021-07-29,29.60,27.40,28.40,OPEN_METEO_ERA5_LAND,p_22.1_113.7
2021-07-30,29.10,26.20,27.90,OPEN_METEO_ERA5_LAND,p_22.1_113.7
2021-07-31,29.50,26.10,28.20,OPEN_METEO_ERA5_LAND,p_22.1_113.7
2021-08-01,29.10,28.30,28.80,OPEN_METEO_ERA5_LAND,p_22.1_113.7
2021-08-02,28.70,26.60,28.10,OPEN_METEO_ERA5_LAND,p_22.1_113.7
2021-08-03,28.00,26.30,27.20,OPEN_METEO_ERA5_LAND,p_22.1_113.7
2021-08-04,28.10,26.80,27.50,OPEN_METEO_ERA5_LAND,p_22.1_113.7
2021-08-05,28.80,26.80,27.70,OPEN_METEO_ERA5_LAND,p_22.1_113.7
2021-08-06,28.80,27.10,28.10,OPEN_METEO_ERA5_LAND,p_22.1_113.7
2021-08-07,28.80,26.70,27.90,OPEN_METEO_ERA5_LAND,p_22.1_113.7
2021-08-08,28.70,26.70,28.00,OPEN_METEO_ERA5_LAND,p_22.1_113.7
2021-08-09,29.00,27.60,28.20,OPEN_METEO_ERA5_LAND,p_22.1_113.7
2021-08-10,28.30,27.30,27.80,OPEN_METEO_ERA5_LAND,p_22.1_113.7
2021-08-11,28.20,26.30,27.50,OPEN_METEO_ERA5_LAND,p_22.1_113.7
2021-08-12,28.80,27.00,27.50,OPEN_METEO_ERA5_LAND,p_22.1_113.7
2021-08-13,28.70,26.90,27.70,OPEN_METEO_ERA5_LAND,p_22.1_113.7
2021-08-14,28.50,26.60,27.20,OPEN_METEO_ERA5_LAND,p_22.1_113.7
2021-08-15,27.80,26.50,27.00,OPEN_METEO_ERA5_LAND,p_22.1_113.7
2021-08-16,28.70,25.90,27.20,OPEN_METEO_ERA5_LAND,p_22.1_113.7
2021-08-17,28.80,27.80,28.20,OPEN_METEO_ERA5_LAND,p_22.1_113.7
2021-08-18,28.90,27.90,28.30,OPEN_METEO_ERA5_LAND,p_22.1_113.7
2021-08-19,28.40,26.20,27.60,OPEN_METEO_ERA5_LAND,p_22.1_113.7
2021-08-20,29.10,26.90,28.00,OPEN_METEO_ERA5_LAND,p_22.1_113.7
2021-08-21,29.20,28.00,28.60,OPEN_METEO_ERA5_LAND,p_22.1_113.7
2021-08-22,29.20,28.40,28.70,OPEN_METEO_ERA5_LAND,p_22.1_113.7
2021-08-23,29.00,28.20,28.60,OPEN_METEO_ERA5_LAND,p_22.1_113.7
2021-08-24,28.40,27.20,28.00,OPEN_METEO_ERA5_LAND,p_22.1_113.7
2021-08-25,28.20,26.70,27.50,OPEN_METEO_ERA5_LAND,p_22.1_113.7
2021-08-26,28.90,26.60,27.80,OPEN_METEO_ERA5_LAND,p_22.1_113.7
2021-08-27,28.80,25.60,27.40,OPEN_METEO_ERA5_LAND,p_22.1_113.7
2021-08-28,28.60,25.90,27.30,OPEN_METEO_ERA5_LAND,p_22.1_113.7
2021-08-29,28.60,25.50,27.50,OPEN_METEO_ERA5_LAND,p_22.1_113.7
2021-08-30,28.80,25.80,27.70,OPEN_METEO_ERA5_LAND,p_22.1_113.7
2021-08-31,28.00,26.00,26.90,OPEN_METEO_ERA5_LAND,p_22.1_113.7
2021-09-01,27.40,26.20,26.70,OPEN_METEO_ERA5_LAND,p_22.1_113.7
2021-09-02,28.20,26.60,27.40,OPEN_METEO_ERA5_LAND,p_22.1_113.7
2021-09-03,28.50,26.90,27.60,OPEN_METEO_ERA5_LAND,p_22.1_113.7
2021-09-04,28.70,26.30,27.40,OPEN_METEO_ERA5_LAND,p_22.1_113.7
2021-09-05,28.60,26.00,27.50,OPEN_METEO_ERA5_LAND,p_22.1_113.7
2021-09-06,29.00,27.60,28.00,OPEN_METEO_ERA5_LAND,p_22.1_113.7
2021-09-07,28.80,27.00,27.90,OPEN_METEO_ERA5_LAND,p_22.1_113.7
2021-09-08,29.00,27.70,28.20,OPEN_METEO_ERA5_LAND,p_22.1_113.7
2021-09-09,29.30,27.80,28.40,OPEN_METEO_ERA5_LAND,p_22.1_113.7
2021-09-10,29.00,28.40,28.70,OPEN_METEO_ERA5_LAND,p_22.1_113.7
2021-09-11,29.60,27.10,28.50,OPEN_METEO_ERA5_LAND,p_22.1_113.7
2021-09-12,29.90,27.60,29.10,OPEN_METEO_ERA5_LAND,p_22.1_113.7
2021-09-13,29.60,28.10,29.00,OPEN_METEO_ERA5_LAND,p_22.1_113.7
2021-09-14,29.30,26.10,27.60,OPEN_METEO_ERA5_LAND,p_22.1_113.7
2021-09-15,30.00,27.40,28.50,OPEN_METEO_ERA5_LAND,p_22.1_113.7
2021-09-16,29.10,26.80,28.20,OPEN_METEO_ERA5_LAND,p_22.1_113.7
2021-09-17,29.70,27.80,28.50,OPEN_METEO_ERA5_LAND,p_22.1_113.7
2021-09-18,29.20,25.70,27.80,OPEN_METEO_ERA5_LAND,p_22.1_113.7
2021-09-19,29.30,26.40,28.20,OPEN_METEO_ERA5_LAND,p_22.1_113.7
2021-09-20,29.00,27.00,28.00,OPEN_METEO_ERA5_LAND,p_22.1_113.7
2021-09-21,29.40,27.50,28.10,OPEN_METEO_ERA5_LAND,p_22.1_113.7
2021-09-22,29.50,27.00,28.10,OPEN_METEO_ERA5_LAND,p_22.1_113.7
2021-09-23,28.50,26.80,27.50,OPEN_METEO_ERA5_LAND,p_22.1_113.7
2021-09-24,29.60,26.60,28.40,OPEN_METEO_ERA5_LAND,p_22.1_113.7
2021-09-25,28.90,26.50,28.00,OPEN_METEO_ERA5_LAND,p_22.1_113.7
2021-09-26,28.80,26.30,27.90,OPEN_METEO_ERA5_LAND,p_22.1_113.7
2021-09-27,28.50,27.60,28.00,OPEN_METEO_ERA5_LAND,p_22.1_113.7
2021-09-28,28.60,26.60,27.90,OPEN_METEO_ERA5_LAND,p_22.1_113.7
2021-09-29,29.10,27.70,28.40,OPEN_METEO_ERA5_LAND,p_22.1_113.7
2021-09-30,29.80,27.20,28.70,OPEN_METEO_ERA5_LAND,p_22.1_113.7
2021-10-01,29.10,27.20,28.40,OPEN_METEO_ERA5_LAND,p_22.1_113.7
2021-10-02,29.60,28.20,28.60,OPEN_METEO_ERA5_LAND,p_22.1_113.7
2021-10-03,28.90,26.30,27.60,OPEN_METEO_ERA5_LAND,p_22.1_113.7
2021-10-04,29.40,26.80,28.40,OPEN_METEO_ERA5_LAND,p_22.1_113.7
2021-10-05,29.40,27.20,28.60,OPEN_METEO_ERA5_LAND,p_22.1_113.7
2021-10-06,29.20,27.70,28.40,OPEN_METEO_ERA5_LAND,p_22.1_113.7
2021-10-07,28.70,26.40,27.70,OPEN_METEO_ERA5_LAND,p_22.1_113.7
2021-10-08,27.10,26.20,26.50,OPEN_METEO_ERA5_LAND,p_22.1_113.7
2021-10-09,27.50,26.40,26.90,OPEN_METEO_ERA5_LAND,p_22.1_113.7
2021-10-10,28.10,26.20,27.00,OPEN_METEO_ERA5_LAND,p_22.1_113.7
2021-10-11,27.70,24.90,26.70,OPEN_METEO_ERA5_LAND,p_22.1_113.7
2021-10-12,26.10,22.10,23.90,OPEN_METEO_ERA5_LAND,p_22.1_113.7
2021-10-13,27.60,23.50,25.60,OPEN_METEO_ERA5_LAND,p_22.1_113.7
2021-10-14,27.40,25.50,26.40,OPEN_METEO_ERA5_LAND,p_22.1_113.7
2021-10-15,26.30,25.00,25.70,OPEN_METEO_ERA5_LAND,p_22.1_113.7
2021-10-16,27.20,23.30,25.10,OPEN_METEO_ERA5_LAND,p_22.1_113.7
2021-10-17,25.20,22.10,23.30,OPEN_METEO_ERA5_LAND,p_22.1_113.7
2021-10-18,25.50,20.90,22.70,OPEN_METEO_ERA5_LAND,p_22.1_113.7
2021-10-19,25.80,23.60,24.80,OPEN_METEO_ERA5_LAND,p_22.1_113.7
2021-10-20,26.90,25.60,26.30,OPEN_METEO_ERA5_LAND,p_22.1_113.7
2021-10-21,26.70,20.10,23.90,OPEN_METEO_ERA5_LAND,p_22.1_113.7
2021-10-22,20.60,18.90,19.70,OPEN_METEO_ERA5_LAND,p_22.1_113.7
2021-10-23,22.10,19.80,20.60,OPEN_METEO_ERA5_LAND,p_22.1_113.7
2021-10-24,24.00,19.80,21.40,OPEN_METEO_ERA5_LAND,p_22.1_113.7
2021-10-25,25.00,20.20,21.90,OPEN_METEO_ERA5_LAND,p_22.1_113.7
2021-10-26,25.70,22.10,23.70,OPEN_METEO_ERA5_LAND,p_22.1_113.7
2021-10-27,25.00,23.30,24.20,OPEN_METEO_ERA5_LAND,p_22.1_113.7
2021-10-28,25.20,23.30,24.40,OPEN_METEO_ERA5_LAND,p_22.1_113.7
2021-10-29,25.20,23.50,24.50,OPEN_METEO_ERA5_LAND,p_22.1_113.7
2021-10-30,24.80,22.60,23.60,OPEN_METEO_ERA5_LAND,p_22.1_113.7
2021-10-31,25.00,22.30,23.60,OPEN_METEO_ERA5_LAND,p_22.1_113.7
2021-11-01,24.90,23.30,24.20,OPEN_METEO_ERA5_LAND,p_22.1_113.7
2021-11-02,24.70,23.60,24.20,OPEN_METEO_ERA5_LAND,p_22.1_113.7
2021-11-03,24.80,23.40,24.30,OPEN_METEO_ERA5_LAND,p_22.1_113.7
2021-11-04,24.90,24.20,24.50,OPEN_METEO_ERA5_LAND,p_22.1_113.7
2021-11-05,25.50,24.50,25.00,OPEN_METEO_ERA5_LAND,p_22.1_113.7
2021-11-06,26.20,24.30,25.00,OPEN_METEO_ERA5_LAND,p_22.1_113.7
2021-11-07,25.40,24.70,25.10,OPEN_METEO_ERA5_LAND,p_22.1_113.7
2021-11-08,21.90,17.70,19.10,OPEN_METEO_ERA5_LAND,p_22.1_113.7
2021-11-09,21.20,17.10,18.90,OPEN_METEO_ERA5_LAND,p_22.1_113.7
2021-11-10,22.70,18.20,20.00,OPEN_METEO_ERA5_LAND,p_22.1_113.7
2021-11-11,22.70,19.40,21.00,OPEN_METEO_ERA5_LAND,p_22.1_113.7
2021-11-12,22.90,20.10,21.50,OPEN_METEO_ERA5_LAND,p_22.1_113.7
2021-11-13,23.10,19.20,20.90,OPEN_METEO_ERA5_LAND,p_22.1_113.7
2021-11-14,22.10,19.70,21.00,OPEN_METEO_ERA5_LAND,p_22.1_113.7
2021-11-15,22.40,20.70,21.70,OPEN_METEO_ERA5_LAND,p_22.1_113.7
2021-11-16,23.30,20.80,21.80,OPEN_METEO_ERA5_LAND,p_22.1_113.7
2021-11-17,23.30,21.00,21.90,OPEN_METEO_ERA5_LAND,p_22.1_113.7
2021-11-18,22.40,19.10,20.80,OPEN_METEO_ERA5_LAND,p_22.1_113.7
2021-11-19,23.20,20.90,21.90,OPEN_METEO_ERA5_LAND,p_22.1_113.7
2021-11-20,23.80,21.90,22.80,OPEN_METEO_ERA5_LAND,p_22.1_113.7
2021-11-21,23.40,22.80,23.10,OPEN_METEO_ERA5_LAND,p_22.1_113.7
2021-11-22,23.20,17.70,19.50,OPEN_METEO_ERA5_LAND,p_22.1_113.7
2021-11-23,18.30,15.70,16.70,OPEN_METEO_ERA5_LAND,p_22.1_113.7
2021-11-24,20.20,16.80,18.30,OPEN_METEO_ERA5_LAND,p_22.1_113.7
2021-11-25,22.20,18.70,20.20,OPEN_METEO_ERA5_LAND,p_22.1_113.7
2021-11-26,23.30,18.80,20.80,OPEN_METEO_ERA5_LAND,p_22.1_113.7
2021-11-27,22.10,18.80,20.60,OPEN_METEO_ERA5_LAND,p_22.1_113.7
2021-11-28,21.70,19.00,20.70,OPEN_METEO_ERA5_LAND,p_22.1_113.7
2021-11-29,22.90,19.40,21.10,OPEN_METEO_ERA5_LAND,p_22.1_113.7
2021-11-30,21.60,18.40,20.40,OPEN_METEO_ERA5_LAND,p_22.1_113.7
2021-12-01,19.60,15.30,17.30,OPEN_METEO_ERA5_LAND,p_22.1_113.7
2021-12-02,20.20,14.90,17.10,OPEN_METEO_ERA5_LAND,p_22.1_113.7
2021-12-03,21.10,16.00,18.30,OPEN_METEO_ERA5_LAND,p_22.1_113.7
2021-12-04,19.50,16.00,17.80,OPEN_METEO_ERA5_LAND,p_22.1_113.7
2021-12-05,21.00,17.00,18.90,OPEN_METEO_ERA5_LAND,p_22.1_113.7
2021-12-06,21.20,16.70,18.90,OPEN_METEO_ERA5_LAND,p_22.1_113.7
2021-12-07,20.40,16.80,18.90,OPEN_METEO_ERA5_LAND,p_22.1_113.7
2021-12-08,20.30,18.80,19.50,OPEN_METEO_ERA5_LAND,p_22.1_113.7
2021-12-09,20.30,18.90,19.40,OPEN_METEO_ERA5_LAND,p_22.1_113.7
2021-12-10,20.60,19.00,19.80,OPEN_METEO_ERA5_LAND,p_22.1_113.7
2021-12-11,20.50,19.60,20.00,OPEN_METEO_ERA5_LAND,p_22.1_113.7
2021-12-12,22.20,18.90,20.10,OPEN_METEO_ERA5_LAND,p_22.1_113.7
2021-12-13,20.30,16.10,18.00,OPEN_METEO_ERA5_LAND,p_22.1_113.7
2021-12-14,19.90,17.50,18.60,OPEN_METEO_ERA5_LAND,p_22.1_113.7
2021-12-15,20.80,19.20,20.00,OPEN_METEO_ERA5_LAND,p_22.1_113.7
2021-12-16,21.40,20.40,20.80,OPEN_METEO_ERA5_LAND,p_22.1_113.7
2021-12-17,21.10,18.20,20.00,OPEN_METEO_ERA5_LAND,p_22.1_113.7
2021-12-18,19.10,15.30,17.10,OPEN_METEO_ERA5_LAND,p_22.1_113.7
2021-12-19,19.00,15.00,16.60,OPEN_METEO_ERA5_LAND,p_22.1_113.7
2021-12-20,18.90,15.90,16.80,OPEN_METEO_ERA5_LAND,p_22.1_113.7
2021-12-21,18.60,16.00,17.00,OPEN_METEO_ERA5_LAND,p_22.1_113.7
2021-12-22,19.70,16.30,17.60,OPEN_METEO_ERA5_LAND,p_22.1_113.7
2021-12-23,19.40,17.80,18.60,OPEN_METEO_ERA5_LAND,p_22.1_113.7
2021-12-24,20.50,17.90,18.90,OPEN_METEO_ERA5_LAND,p_22.1_113.7
2021-12-25,20.10,17.20,18.70,OPEN_METEO_ERA5_LAND,p_22.1_113.7
2021-12-26,16.70,12.90,14.50,OPEN_METEO_ERA5_LAND,p_22.1_113.7
2021-12-27,13.20,10.70,11.90,OPEN_METEO_ERA5_LAND,p_22.1_113.7
2021-12-28,17.20,12.50,14.00,OPEN_METEO_ERA5_LAND,p_22.1_113.7
2021-12-29,17.70,15.30,16.20,OPEN_METEO_ERA5_LAND,p_22.1_113.7
2021-12-30,17.90,14.40,16.00,OPEN_METEO_ERA5_LAND,p_22.1_113.7
2021-12-31,17.60,15.30,16.70,OPEN_METEO_ERA5_LAND,p_22.1_113.7
2022-01-01,17.90,16.70,17.30,OPEN_METEO_ERA5_LAND,p_22.1_113.7
2022-01-02,18.60,15.90,17.20,OPEN_METEO_ERA5_LAND,p_22.1_113.7
2022-01-03,18.60,17.30,17.80,OPEN_METEO_ERA5_LAND,p_22.1_113.7
2022-01-04,19.10,18.10,18.50,OPEN_METEO_ERA5_LAND,p_22.1_113.7
2022-01-05,19.60,18.40,19.00,OPEN_METEO_ERA5_LAND,p_22.1_113.7
2022-01-06,19.70,17.80,19.00,OPEN_METEO_ERA5_LAND,p_22.1_113.7
2022-01-07,18.70,16.40,17.90,OPEN_METEO_ERA5_LAND,p_22.1_113.7
2022-01-08,18.40,15.30,16.80,OPEN_METEO_ERA5_LAND,p_22.1_113.7
2022-01-09,18.90,17.40,18.00,OPEN_METEO_ERA5_LAND,p_22.1_113.7
2022-01-10,18.60,16.20,17.40,OPEN_METEO_ERA5_LAND,p_22.1_113.7
2022-01-11,17.50,13.70,15.60,OPEN_METEO_ERA5_LAND,p_22.1_113.7
2022-01-12,16.90,14.30,15.40,OPEN_METEO_ERA5_LAND,p_22.1_113.7
2022-01-13,19.00,15.50,16.60,OPEN_METEO_ERA5_LAND,p_22.1_113.7
2022-01-14,18.90,15.30,17.40,OPEN_METEO_ERA5_LAND,p_22.1_113.7
2022-01-15,18.60,17.60,18.00,OPEN_METEO_ERA5_LAND,p_22.1_113.7
2022-01-16,18.70,18.00,18.40,OPEN_METEO_ERA5_LAND,p_22.1_113.7
2022-01-17,18.30,16.50,17.60,OPEN_METEO_ERA5_LAND,p_22.1_113.7
2022-01-18,17.90,15.50,16.50,OPEN_METEO_ERA5_LAND,p_22.1_113.7
2022-01-19,18.20,14.30,16.00,OPEN_METEO_ERA5_LAND,p_22.1_113.7
2022-01-20,17.90,15.40,16.60,OPEN_METEO_ERA5_LAND,p_22.1_113.7
2022-01-21,17.90,17.00,17.40,OPEN_METEO_ERA5_LAND,p_22.1_113.7
2022-01-22,18.20,16.90,17.50,OPEN_METEO_ERA5_LAND,p_22.1_113.7
2022-01-23,18.70,17.90,18.30,OPEN_METEO_ERA5_LAND,p_22.1_113.7
2022-01-24,18.80,17.50,18.50,OPEN_METEO_ERA5_LAND,p_22.1_113.7
2022-01-25,18.50,16.60,17.60,OPEN_METEO_ERA5_LAND,p_22.1_113.7
2022-01-26,18.60,17.60,18.10,OPEN_METEO_ERA5_LAND,p_22.1_113.7
2022-01-27,19.10,18.30,18.60,OPEN_METEO_ERA5_LAND,p_22.1_113.7
2022-01-28,18.90,18.10,18.50,OPEN_METEO_ERA5_LAND,p_22.1_113.7
2022-01-29,18.70,13.60,17.10,OPEN_METEO_ERA5_LAND,p_22.1_113.7
2022-01-30,17.40,12.50,14.20,OPEN_METEO_ERA5_LAND,p_22.1_113.7
2022-01-31,15.70,13.50,14.20,OPEN_METEO_ERA5_LAND,p_22.1_113.7
2022-02-01,14.90,13.20,13.90,OPEN_METEO_ERA5_LAND,p_22.1_113.7
2022-02-02,16.90,13.50,14.90,OPEN_METEO_ERA5_LAND,p_22.1_113.7
2022-02-03,15.10,12.30,13.60,OPEN_METEO_ERA5_LAND,p_22.1_113.7
2022-02-04,16.20,11.80,13.40,OPEN_METEO_ERA5_LAND,p_22.1_113.7
2022-02-05,16.20,11.90,13.50,OPEN_METEO_ERA5_LAND,p_22.1_113.7
2022-02-06,16.60,14.20,15.50,OPEN_METEO_ERA5_LAND,p_22.1_113.7
2022-02-07,17.80,16.40,17.00,OPEN_METEO_ERA5_LAND,p_22.1_113.7
2022-02-08,16.50,13.10,14.50,OPEN_METEO_ERA5_LAND,p_22.1_113.7
2022-02-09,14.70,13.60,14.20,OPEN_METEO_ERA5_LAND,p_22.1_113.7
2022-02-10,17.90,14.40,15.80,OPEN_METEO_ERA5_LAND,p_22.1_113.7
2022-02-11,18.20,17.20,17.60,OPEN_METEO_ERA5_LAND,p_22.1_113.7
2022-02-12,18.10,15.80,17.30,OPEN_METEO_ERA5_LAND,p_22.1_113.7
2022-02-13,17.50,15.10,16.10,OPEN_METEO_ERA5_LAND,p_22.1_113.7
2022-02-14,17.20,13.20,14.90,OPEN_METEO_ERA5_LAND,p_22.1_113.7
2022-02-15,17.70,15.70,16.90,OPEN_METEO_ERA5_LAND,p_22.1_113.7
2022-02-16,17.70,16.30,17.20,OPEN_METEO_ERA5_LAND,p_22.1_113.7
2022-02-17,18.30,16.60,17.40,OPEN_METEO_ERA5_LAND,p_22.1_113.7
2022-02-18,17.70,16.80,17.30,OPEN_METEO_ERA5_LAND,p_22.1_113.7
2022-02-19,16.80,11.60,13.20,OPEN_METEO_ERA5_LAND,p_22.1_113.7
2022-02-20,11.10,10.10,10.40,OPEN_METEO_ERA5_LAND,p_22.1_113.7
2022-02-21,12.20,9.70,10.60,OPEN_METEO_ERA5_LAND,p_22.1_113.7
2022-02-22,12.80,10.60,11.60,OPEN_METEO_ERA5_LAND,p_22.1_113.7
2022-02-23,16.10,10.40,12.40,OPEN_METEO_ERA5_LAND,p_22.1_113.7
2022-02-24,15.20,10.10,12.10,OPEN_METEO_ERA5_LAND,p_22.1_113.7
2022-02-25,16.10,12.70,14.40,OPEN_METEO_ERA5_LAND,p_22.1_113.7
2022-02-26,17.70,15.40,16.40,OPEN_METEO_ERA5_LAND,p_22.1_113.7
2022-02-27,18.40,16.10,17.20,OPEN_METEO_ERA5_LAND,p_22.1_113.7
2022-02-28,18.70,17.60,18.30,OPEN_METEO_ERA5_LAND,p_22.1_113.7
2022-03-01,19.70,17.80,18.50,OPEN_METEO_ERA5_LAND,p_22.1_113.7
2022-03-02,19.30,18.00,18.50,OPEN_METEO_ERA5_LAND,p_22.1_113.7
2022-03-03,18.70,17.50,18.20,OPEN_METEO_ERA5_LAND,p_22.1_113.7
2022-03-04,18.90,18.00,18.40,OPEN_METEO_ERA5_LAND,p_22.1_113.7
2022-03-05,18.90,17.40,18.00,OPEN_METEO_ERA5_LAND,p_22.1_113.7
2022-03-06,19.10,18.10,18.60,OPEN_METEO_ERA5_LAND,p_22.1_113.7
2022-03-07,19.70,17.80,18.60,OPEN_METEO_ERA5_LAND,p_22.1_113.7
2022-03-08,18.00,15.00,16.30,OPEN_METEO_ERA5_LAND,p_22.1_113.7
2022-03-09,18.70,15.90,17.30,OPEN_METEO_ERA5_LAND,p_22.1_113.7
2022-03-10,19.20,17.80,18.50,OPEN_METEO_ERA5_LAND,p_22.1_113.7
2022-03-11,19.00,18.00,18.50,OPEN_METEO_ERA5_LAND,p_22.1_113.7
2022-03-12,19.60,18.60,19.10,OPEN_METEO_ERA5_LAND,p_22.1_113.7
2022-03-13,19.80,19.30,19.40,OPEN_METEO_ERA5_LAND,p_22.1_113.7
2022-03-14,20.00,19.00,19.40,OPEN_METEO_ERA5_LAND,p_22.1_113.7
2022-03-15,20.40,18.80,19.30,OPEN_METEO_ERA5_LAND,p_22.1_113.7
2022-03-16,20.80,20.20,20.40,OPEN_METEO_ERA5_LAND,p_22.1_113.7
2022-03-17,21.80,20.30,20.90,OPEN_METEO_ERA5_LAND,p_22.1_113.7
2022-03-18,21.70,20.30,20.90,OPEN_METEO_ERA5_LAND,p_22.1_113.7
2022-03-19,21.80,20.40,21.00,OPEN_METEO_ERA5_LAND,p_22.1_113.7
2022-03-20,21.90,21.30,21.50,OPEN_METEO_ERA5_LAND,p_22.1_113.7
2022-03-21,22.10,21.20,21.50,OPEN_METEO_ERA5_LAND,p_22.1_113.7
2022-03-22,22.40,21.70,22.00,OPEN_METEO_ERA5_LAND,p_22.1_113.7
2022-03-23,22.20,16.40,18.20,OPEN_METEO_ERA5_LAND,p_22.1_113.7
2022-03-24,21.30,17.30,19.30,OPEN_METEO_ERA5_LAND,p_22.1_113.7
2022-03-25,23.30,21.50,22.50,OPEN_METEO_ERA5_LAND,p_22.1_113.7
2022-03-26,22.90,22.10,22.50,OPEN_METEO_ERA5_LAND,p_22.1_113.7
2022-03-27,21.60,18.90,20.20,OPEN_METEO_ERA5_LAND,p_22.1_113.7
2022-03-28,18.70,17.20,17.80,OPEN_METEO_ERA5_LAND,p_22.1_113.7
2022-03-29,20.70,18.00,19.20,OPEN_METEO_ERA5_LAND,p_22.1_113.7
2022-03-30,21.90,20.40,21.10,OPEN_METEO_ERA5_LAND,p_22.1_113.7
2022-03-31,22.60,20.90,22.10,OPEN_METEO_ERA5_LAND,p_22.1_113.7
2022-04-01,22.10,17.00,19.70,OPEN_METEO_ERA5_LAND,p_22.1_113.7
2022-04-02,16.80,15.20,16.00,OPEN_METEO_ERA5_LAND,p_22.1_113.7
2022-04-03,20.50,16.30,18.00,OPEN_METEO_ERA5_LAND,p_22.1_113.7
2022-04-04,20.00,18.30,19.10,OPEN_METEO_ERA5_LAND,p_22.1_113.7
2022-04-05,20.80,18.50,19.50,OPEN_METEO_ERA5_LAND,p_22.1_113.7
2022-04-06,21.10,19.70,20.40,OPEN_METEO_ERA5_LAND,p_22.1_113.7
2022-04-07,21.40,20.00,20.60,OPEN_METEO_ERA5_LAND,p_22.1_113.7
2022-04-08,21.80,19.60,20.70,OPEN_METEO_ERA5_LAND,p_22.1_113.7
2022-04-09,21.10,20.00,20.60,OPEN_METEO_ERA5_LAND,p_22.1_113.7
2022-04-10,21.60,20.30,20.80,OPEN_METEO_ERA5_LAND,p_22.1_113.7
2022-04-11,22.20,20.40,21.30,OPEN_METEO_ERA5_LAND,p_22.1_113.7
2022-04-12,22.70,21.40,21.90,OPEN_METEO_ERA5_LAND,p_22.1_113.7
2022-04-13,23.10,22.20,22.70,OPEN_METEO_ERA5_LAND,p_22.1_113.7
2022-04-14,24.60,21.40,22.70,OPEN_METEO_ERA5_LAND,p_22.1_113.7
2022-04-15,23.30,22.00,22.50,OPEN_METEO_ERA5_LAND,p_22.1_113.7
2022-04-16,22.60,21.40,22.00,OPEN_METEO_ERA5_LAND,p_22.1_113.7
2022-04-17,21.70,19.70,20.80,OPEN_METEO_ERA5_LAND,p_22.1_113.7
2022-04-18,21.60,20.00,20.90,OPEN_METEO_ERA5_LAND,p_22.1_113.7
2022-04-19,20.50,18.80,19.60,OPEN_METEO_ERA5_LAND,p_22.1_113.7
2022-04-20,21.90,20.10,20.80,OPEN_METEO_ERA5_LAND,p_22.1_113.7
2022-04-21,22.80,21.60,22.00,OPEN_METEO_ERA5_LAND,p_22.1_113.7
2022-04-22,23.20,22.20,22.70,OPEN_METEO_ERA5_LAND,p_22.1_113.7
2022-04-23,23.70,22.80,23.10,OPEN_METEO_ERA5_LAND,p_22.1_113.7
2022-04-24,24.60,23.20,23.70,OPEN_METEO_ERA5_LAND,p_22.1_113.7
2022-04-25,24.90,24.10,24.40,OPEN_METEO_ERA5_LAND,p_22.1_113.7
2022-04-26,25.30,24.30,24.80,OPEN_METEO_ERA5_LAND,p_22.1_113.7
2022-04-27,25.50,24.40,25.00,OPEN_METEO_ERA5_LAND,p_22.1_113.7
2022-04-28,25.80,25.00,25.30,OPEN_METEO_ERA5_LAND,p_22.1_113.7
2022-04-29,26.20,24.80,25.50,OPEN_METEO_ERA5_LAND,p_22.1_113.7
2022-04-30,25.50,24.30,25.00,OPEN_METEO_ERA5_LAND,p_22.1_113.7
2022-05-01,24.90,20.10,21.70,OPEN_METEO_ERA5_LAND,p_22.1_113.7
2022-05-02,21.30,18.60,19.70,OPEN_METEO_ERA5_LAND,p_22.1_113.7
2022-05-03,23.40,20.70,22.00,OPEN_METEO_ERA5_LAND,p_22.1_113.7
2022-05-04,23.90,22.80,23.50,OPEN_METEO_ERA5_LAND,p_22.1_113.7
2022-05-05,23.90,23.40,23.60,OPEN_METEO_ERA5_LAND,p_22.1_113.7
2022-05-06,24.20,23.30,23.70,OPEN_METEO_ERA5_LAND,p_22.1_113.7
2022-05-07,24.30,23.20,23.90,OPEN_METEO_ERA5_LAND,p_22.1_113.7
2022-05-08,24.60,23.50,24.00,OPEN_METEO_ERA5_LAND,p_22.1_113.7
2022-05-09,24.70,23.20,23.90,OPEN_METEO_ERA5_LAND,p_22.1_113.7
2022-05-10,25.40,23.80,24.80,OPEN_METEO_ERA5_LAND,p_22.1_113.7
2022-05-11,25.50,23.60,24.60,OPEN_METEO_ERA5_LAND,p_22.1_113.7
2022-05-12,25.60,23.90,25.00,OPEN_METEO_ERA5_LAND,p_22.1_113.7
2022-05-13,25.40,24.40,24.90,OPEN_METEO_ERA5_LAND,p_22.1_113.7
2022-05-14,25.20,23.30,24.30,OPEN_METEO_ERA5_LAND,p_22.1_113.7
2022-05-15,24.50,22.50,23.80,OPEN_METEO_ERA5_LAND,p_22.1_113.7
2022-05-16,22.50,20.50,21.20,OPEN_METEO_ERA5_LAND,p_22.1_113.7
2022-05-17,23.20,20.90,22.00,OPEN_METEO_ERA5_LAND,p_22.1_113.7
2022-05-18,24.20,22.70,23.30,OPEN_METEO_ERA5_LAND,p_22.1_113.7
2022-05-19,24.60,23.60,24.10,OPEN_METEO_ERA5_LAND,p_22.1_113.7
2022-05-20,24.90,23.70,24.20,OPEN_METEO_ERA5_LAND,p_22.1_113.7
2022-05-21,25.40,24.20,24.70,OPEN_METEO_ERA5_LAND,p_22.1_113.7
2022-05-22,25.20,24.10,24.60,OPEN_METEO_ERA5_LAND,p_22.1_113.7
2022-05-23,25.20,24.30,24.70,OPEN_METEO_ERA5_LAND,p_22.1_113.7
2022-05-24,25.10,24.40,24.80,OPEN_METEO_ERA5_LAND,p_22.1_113.7
2022-05-25,25.30,24.60,24.90,OPEN_METEO_ERA5_LAND,p_22.1_113.7
2022-05-26,25.80,24.20,25.10,OPEN_METEO_ERA5_LAND,p_22.1_113.7
2022-05-27,26.10,25.10,25.50,OPEN_METEO_ERA5_LAND,p_22.1_113.7
2022-05-28,26.80,25.50,26.20,OPEN_METEO_ERA5_LAND,p_22.1_113.7
2022-05-29,27.00,26.00,26.50,OPEN_METEO_ERA5_LAND,p_22.1_113.7
2022-05-30,27.00,25.10,26.30,OPEN_METEO_ERA5_LAND,p_22.1_113.7
2022-05-31,27.40,24.60,26.50,OPEN_METEO_ERA5_LAND,p_22.1_113.7
2022-06-01,27.70,25.50,26.70,OPEN_METEO_ERA5_LAND,p_22.1_113.7
2022-06-02,27.80,26.40,27.10,OPEN_METEO_ERA5_LAND,p_22.1_113.7
2022-06-03,27.90,25.00,27.20,OPEN_METEO_ERA5_LAND,p_22.1_113.7
2022-06-04,28.00,27.20,27.80,OPEN_METEO_ERA5_LAND,p_22.1_113.7
2022-06-05,28.10,27.00,27.80,OPEN_METEO_ERA5_LAND,p_22.1_113.7
2022-06-06,28.20,27.00,27.60,OPEN_METEO_ERA5_LAND,p_22.1_113.7
2022-06-07,27.70,25.50,26.60,OPEN_METEO_ERA5_LAND,p_22.1_113.7
2022-06-08,26.70,24.70,25.80,OPEN_METEO_ERA5_LAND,p_22.1_113.7
2022-06-09,27.10,25.10,26.10,OPEN_METEO_ERA5_LAND,p_22.1_113.7
2022-06-10,27.30,25.00,26.40,OPEN_METEO_ERA5_LAND,p_22.1_113.7
2022-06-11,27.50,24.90,26.50,OPEN_METEO_ERA5_LAND,p_22.1_113.7
2022-06-12,28.00,26.70,27.40,OPEN_METEO_ERA5_LAND,p_22.1_113.7
2022-06-13,28.10,27.40,27.80,OPEN_METEO_ERA5_LAND,p_22.1_113.7
2022-06-14,27.80,25.90,26.90,OPEN_METEO_ERA5_LAND,p_22.1_113.7
2022-06-15,27.30,23.60,26.20,OPEN_METEO_ERA5_LAND,p_22.1_113.7
2022-06-16,27.70,24.80,26.70,OPEN_METEO_ERA5_LAND,p_22.1_113.7
2022-06-17,28.10,26.90,27.70,OPEN_METEO_ERA5_LAND,p_22.1_113.7
2022-06-18,28.20,27.50,27.90,OPEN_METEO_ERA5_LAND,p_22.1_113.7
2022-06-19,28.20,27.60,28.00,OPEN_METEO_ERA5_LAND,p_22.1_113.7
2022-06-20,28.20,27.10,28.00,OPEN_METEO_ERA5_LAND,p_22.1_113.7
2022-06-21,28.10,27.80,28.00,OPEN_METEO_ERA5_LAND,p_22.1_113.7
2022-06-22,28.20,27.60,27.90,OPEN_METEO_ERA5_LAND,p_22.1_113.7
2022-06-23,28.20,27.60,27.90,OPEN_METEO_ERA5_LAND,p_22.1_113.7
2022-06-24,28.20,27.80,28.00,OPEN_METEO_ERA5_LAND,p_22.1_113.7
2022-06-25,28.40,27.80,28.10,OPEN_METEO_ERA5_LAND,p_22.1_113.7
2022-06-26,28.70,27.50,28.40,OPEN_METEO_ERA5_LAND,p_22.1_113.7
2022-06-27,28.50,28.10,28.40,OPEN_METEO_ERA5_LAND,p_22.1_113.7
2022-06-28,29.00,28.00,28.40,OPEN_METEO_ERA5_LAND,p_22.1_113.7
2022-06-29,28.80,26.20,27.60,OPEN_METEO_ERA5_LAND,p_22.1_113.7
2022-06-30,27.60,26.70,27.20,OPEN_METEO_ERA5_LAND,p_22.1_113.7
2022-07-01,27.90,26.50,27.00,OPEN_METEO_ERA5_LAND,p_22.1_113.7
2022-07-02,27.80,26.30,27.10,OPEN_METEO_ERA5_LAND,p_22.1_113.7
2022-07-03,28.70,26.30,27.70,OPEN_METEO_ERA5_LAND,p_22.1_113.7
2022-07-04,28.50,26.20,27.60,OPEN_METEO_ERA5_LAND,p_22.1_113.7
2022-07-05,28.10,27.00,27.70,OPEN_METEO_ERA5_LAND,p_22.1_113.7
2022-07-06,28.00,25.80,27.10,OPEN_METEO_ERA5_LAND,p_22.1_113.7
2022-07-07,28.00,25.80,27.00,OPEN_METEO_ERA5_LAND,p_22.1_113.7
2022-07-08,27.80,26.60,27.40,OPEN_METEO_ERA5_LAND,p_22.1_113.7
2022-07-09,28.30,26.30,27.40,OPEN_METEO_ERA5_LAND,p_22.1_113.7
2022-07-10,28.60,27.30,28.10,OPEN_METEO_ERA5_LAND,p_22.1_113.7
2022-07-11,28.70,27.60,28.20,OPEN_METEO_ERA5_LAND,p_22.1_113.7
2022-07-12,29.10,27.70,28.20,OPEN_METEO_ERA5_LAND,p_22.1_113.7
2022-07-13,29.30,28.00,28.60,OPEN_METEO_ERA5_LAND,p_22.1_113.7
2022-07-14,29.20,28.00,28.60,OPEN_METEO_ERA5_LAND,p_22.1_113.7
2022-07-15,29.50,28.10,28.70,OPEN_METEO_ERA5_LAND,p_22.1_113.7
2022-07-16,29.30,28.20,28.90,OPEN_METEO_ERA5_LAND,p_22.1_113.7
2022-07-17,29.60,28.40,29.00,OPEN_METEO_ERA5_LAND,p_22.1_113.7
2022-07-18,29.40,28.60,29.00,OPEN_METEO_ERA5_LAND,p_22.1_113.7
2022-07-19,29.00,27.60,28.40,OPEN_METEO_ERA5_LAND,p_22.1_113.7
2022-07-20,29.60,27.80,28.70,OPEN_METEO_ERA5_LAND,p_22.1_113.7
2022-07-21,30.00,28.70,29.30,OPEN_METEO_ERA5_LAND,p_22.1_113.7
2022-07-22,30.00,28.40,29.20,OPEN_METEO_ERA5_LAND,p_22.1_113.7
2022-07-23,30.30,28.70,29.50,OPEN_METEO_ERA5_LAND,p_22.1_113.7
2022-07-24,30.60,29.20,29.80,OPEN_METEO_ERA5_LAND,p_22.1_113.7
2022-07-25,30.70,29.50,30.00,OPEN_METEO_ERA5_LAND,p_22.1_113.7
2022-07-26,30.10,28.90,29.60,OPEN_METEO_ERA5_LAND,p_22.1_113.7
2022-07-27,30.20,28.90,29.40,OPEN_METEO_ERA5_LAND,p_22.1_113.7
2022-07-28,30.80,29.10,29.70,OPEN_METEO_ERA5_LAND,p_22.1_113.7
2022-07-29,31.20,29.50,30.20,OPEN_METEO_ERA5_LAND,p_22.1_113.7
2022-07-30,31.00,27.20,29.50,OPEN_METEO_ERA5_LAND,p_22.1_113.7
2022-07-31,30.60,26.80,29.10,OPEN_METEO_ERA5_LAND,p_22.1_113.7
2022-08-01,30.70,29.30,29.90,OPEN_METEO_ERA5_LAND,p_22.1_113.7
2022-08-02,30.50,26.20,28.70,OPEN_METEO_ERA5_LAND,p_22.1_113.7
2022-08-03,28.90,25.80,27.30,OPEN_METEO_ERA5_LAND,p_22.1_113.7
2022-08-04,27.90,26.00,26.80,OPEN_METEO_ERA5_LAND,p_22.1_113.7
2022-08-05,28.80,25.90,27.20,OPEN_METEO_ERA5_LAND,p_22.1_113.7
2022-08-06,29.10,27.10,28.00,OPEN_METEO_ERA5_LAND,p_22.1_113.7
2022-08-07,29.50,26.30,28.70,OPEN_METEO_ERA5_LAND,p_22.1_113.7
2022-08-08,28.60,26.40,27.20,OPEN_METEO_ERA5_LAND,p_22.1_113.7
2022-08-09,28.60,25.40,26.90,OPEN_METEO_ERA5_LAND,p_22.1_113.7
2022-08-10,28.00,26.60,27.20,OPEN_METEO_ERA5_LAND,p_22.1_113.7
2022-08-11,27.80,25.80,27.00,OPEN_METEO_ERA5_LAND,p_22.1_113.7
2022-08-12,27.70,25.50,26.60,OPEN_METEO_ERA5_LAND,p_22.1_113.7
2022-08-13,27.90,25.90,27.10,OPEN_METEO_ERA5_LAND,p_22.1_113.7
2022-08-14,29.00,27.50,28.10,OPEN_METEO_ERA5_LAND,p_22.1_113.7
2022-08-15,29.10,27.50,28.30,OPEN_METEO_ERA5_LAND,p_22.1_113.7
2022-08-16,29.10,25.50,27.20,OPEN_METEO_ERA5_LAND,p_22.1_113.7
2022-08-17,28.40,25.90,27.40,OPEN_METEO_ERA5_LAND,p_22.1_113.7
2022-08-18,28.70,26.50,27.50,OPEN_METEO_ERA5_LAND,p_22.1_113.7
2022-08-19,28.50,26.30,27.50,OPEN_METEO_ERA5_LAND,p_22.1_113.7
2022-08-20,28.50,26.90,27.70,OPEN_METEO_ERA5_LAND,p_22.1_113.7
2022-08-21,29.50,28.20,28.80,OPEN_METEO_ERA5_LAND,p_22.1_113.7
2022-08-22,29.30,27.50,28.50,OPEN_METEO_ERA5_LAND,p_22.1_113.7
2022-08-23,29.90,28.00,28.70,OPEN_METEO_ERA5_LAND,p_22.1_113.7
2022-08-24,29.80,27.60,29.10,OPEN_METEO_ERA5_LAND,p_22.1_113.7
2022-08-25,29.00,26.50,27.80,OPEN_METEO_ERA5_LAND,p_22.1_113.7
2022-08-26,29.00,26.90,28.20,OPEN_METEO_ERA5_LAND,p_22.1_113.7
2022-08-27,29.20,28.10,28.60,OPEN_METEO_ERA5_LAND,p_22.1_113.7
2022-08-28,29.50,27.90,28.50,OPEN_METEO_ERA5_LAND,p_22.1_113.7
2022-08-29,29.20,27.30,28.20,OPEN_METEO_ERA5_LAND,p_22.1_113.7
2022-08-30,29.30,27.60,28.30,OPEN_METEO_ERA5_LAND,p_22.1_113.7
2022-08-31,29.50,27.80,28.40,OPEN_METEO_ERA5_LAND,p_22.1_113.7
2022-09-01,29.20,25.70,27.70,OPEN_METEO_ERA5_LAND,p_22.1_113.7
2022-09-02,30.80,27.30,28.60,OPEN_METEO_ERA5_LAND,p_22.1_113.7
2022-09-03,30.10,26.30,28.20,OPEN_METEO_ERA5_LAND,p_22.1_113.7
2022-09-04,30.20,27.10,28.60,OPEN_METEO_ERA5_LAND,p_22.1_113.7
2022-09-05,30.10,27.50,28.70,OPEN_METEO_ERA5_LAND,p_22.1_113.7
2022-09-06,29.10,27.30,28.40,OPEN_METEO_ERA5_LAND,p_22.1_113.7
2022-09-07,28.80,25.90,27.30,OPEN_METEO_ERA5_LAND,p_22.1_113.7
2022-09-08,28.20,27.00,27.60,OPEN_METEO_ERA5_LAND,p_22.1_113.7
2022-09-09,28.50,26.30,27.80,OPEN_METEO_ERA5_LAND,p_22.1_113.7
2022-09-10,28.70,27.20,27.90,OPEN_METEO_ERA5_LAND,p_22.1_113.7
2022-09-11,29.00,26.70,28.20,OPEN_METEO_ERA5_LAND,p_22.1_113.7
2022-09-12,29.80,27.10,28.50,OPEN_METEO_ERA5_LAND,p_22.1_113.7
2022-09-13,30.40,27.80,29.10,OPEN_METEO_ERA5_LAND,p_22.1_113.7
2022-09-14,30.20,28.70,29.50,OPEN_METEO_ERA5_LAND,p_22.1_113.7
2022-09-15,30.10,28.20,29.10,OPEN_METEO_ERA5_LAND,p_22.1_113.7
2022-09-16,30.40,28.40,29.30,OPEN_METEO_ERA5_LAND,p_22.1_113.7
2022-09-17,30.50,25.00,28.90,OPEN_METEO_ERA5_LAND,p_22.1_113.7
2022-09-18,29.90,26.70,28.20,OPEN_METEO_ERA5_LAND,p_22.1_113.7
2022-09-19,29.30,26.80,27.90,OPEN_METEO_ERA5_LAND,p_22.1_113.7
2022-09-20,29.00,26.60,27.90,OPEN_METEO_ERA5_LAND,p_22.1_113.7
2022-09-21,28.70,26.50,27.90,OPEN_METEO_ERA5_LAND,p_22.1_113.7
2022-09-22,28.50,26.90,27.80,OPEN_METEO_ERA5_LAND,p_22.1_113.7
2022-09-23,28.10,25.90,27.40,OPEN_METEO_ERA5_LAND,p_22.1_113.7
2022-09-24,27.90,26.30,27.30,OPEN_METEO_ERA5_LAND,p_22.1_113.7
2022-09-25,28.00,26.90,27.50,OPEN_METEO_ERA5_LAND,p_22.1_113.7
2022-09-26,28.60,26.80,27.80,OPEN_METEO_ERA5_LAND,p_22.1_113.7
2022-09-27,28.60,27.50,27.90,OPEN_METEO_ERA5_LAND,p_22.1_113.7
2022-09-28,28.00,26.70,27.50,OPEN_METEO_ERA5_LAND,p_22.1_113.7
2022-09-29,27.70,26.30,26.80,OPEN_METEO_ERA5_LAND,p_22.1_113.7
2022-09-30,27.20,24.90,26.00,OPEN_METEO_ERA5_LAND,p_22.1_113.7
2022-10-01,27.40,26.30,26.80,OPEN_METEO_ERA5_LAND,p_22.1_113.7
2022-10-02,28.30,25.90,27.50,OPEN_METEO_ERA5_LAND,p_22.1_113.7
2022-10-03,28.30,27.10,27.80,OPEN_METEO_ERA5_LAND,p_22.1_113.7
2022-10-04,28.00,27.20,27.60,OPEN_METEO_ERA5_LAND,p_22.1_113.7
2022-10-05,28.10,25.90,27.50,OPEN_METEO_ERA5_LAND,p_22.1_113.7
2022-10-06,28.20,26.60,27.30,OPEN_METEO_ERA5_LAND,p_22.1_113.7
2022-10-07,28.00,23.70,26.50,OPEN_METEO_ERA5_LAND,p_22.1_113.7
2022-10-08,27.40,24.70,26.20,OPEN_METEO_ERA5_LAND,p_22.1_113.7
2022-10-09,29.30,23.90,26.60,OPEN_METEO_ERA5_LAND,p_22.1_113.7
2022-10-10,26.90,21.90,24.20,OPEN_METEO_ERA5_LAND,p_22.1_113.7
2022-10-11,25.60,21.80,23.70,OPEN_METEO_ERA5_LAND,p_22.1_113.7
2022-10-12,27.40,22.60,24.90,OPEN_METEO_ERA5_LAND,p_22.1_113.7
2022-10-13,27.90,23.60,25.60,OPEN_METEO_ERA5_LAND,p_22.1_113.7
2022-10-14,27.30,24.30,25.70,OPEN_METEO_ERA5_LAND,p_22.1_113.7
2022-10-15,27.90,24.20,25.80,OPEN_METEO_ERA5_LAND,p_22.1_113.7
2022-10-16,28.70,24.00,26.40,OPEN_METEO_ERA5_LAND,p_22.1_113.7
2022-10-17,27.90,24.90,26.60,OPEN_METEO_ERA5_LAND,p_22.1_113.7
2022-10-18,26.40,19.70,21.80,OPEN_METEO_ERA5_LAND,p_22.1_113.7
2022-10-19,24.20,20.30,22.70,OPEN_METEO_ERA5_LAND,p_22.1_113.7
2022-10-20,24.80,23.10,23.80,OPEN_METEO_ERA5_LAND,p_22.1_113.7
2022-10-21,24.70,23.70,24.20,OPEN_METEO_ERA5_LAND,p_22.1_113.7
2022-10-22,26.50,23.50,24.80,OPEN_METEO_ERA5_LAND,p_22.1_113.7
2022-10-23,25.50,23.80,24.60,OPEN_METEO_ERA5_LAND,p_22.1_113.7
2022-10-24,24.80,23.90,24.20,OPEN_METEO_ERA5_LAND,p_22.1_113.7
2022-10-25,24.30,22.40,23.20,OPEN_METEO_ERA5_LAND,p_22.1_113.7
2022-10-26,23.70,22.10,22.90,OPEN_METEO_ERA5_LAND,p_22.1_113.7
2022-10-27,24.20,22.90,23.60,OPEN_METEO_ERA5_LAND,p_22.1_113.7
2022-10-28,25.60,23.40,24.10,OPEN_METEO_ERA5_LAND,p_22.1_113.7
2022-10-29,25.50,22.70,24.00,OPEN_METEO_ERA5_LAND,p_22.1_113.7
2022-10-30,27.00,22.20,24.30,OPEN_METEO_ERA5_LAND,p_22.1_113.7
2022-10-31,26.30,22.50,24.40,OPEN_METEO_ERA5_LAND,p_22.1_113.7
2022-11-01,24.50,21.10,23.00,OPEN_METEO_ERA5_LAND,p_22.1_113.7
2022-11-02,21.90,20.10,20.90,OPEN_METEO_ERA5_LAND,p_22.1_113.7
2022-11-03,23.10,21.00,22.10,OPEN_METEO_ERA5_LAND,p_22.1_113.7
2022-11-04,23.10,21.70,22.60,OPEN_METEO_ERA5_LAND,p_22.1_113.7
2022-11-05,22.60,20.50,21.20,OPEN_METEO_ERA5_LAND,p_22.1_113.7
2022-11-06,21.20,19.90,20.40,OPEN_METEO_ERA5_LAND,p_22.1_113.7
2022-11-07,22.70,20.30,21.10,OPEN_METEO_ERA5_LAND,p_22.1_113.7
2022-11-08,22.50,20.80,21.60,OPEN_METEO_ERA5_LAND,p_22.1_113.7
2022-11-09,23.10,22.20,22.60,OPEN_METEO_ERA5_LAND,p_22.1_113.7
2022-11-10,23.20,22.30,22.70,OPEN_METEO_ERA5_LAND,p_22.1_113.7
2022-11-11,23.20,22.60,22.80,OPEN_METEO_ERA5_LAND,p_22.1_113.7
2022-11-12,23.10,22.50,22.80,OPEN_METEO_ERA5_LAND,p_22.1_113.7
2022-11-13,23.60,21.80,22.60,OPEN_METEO_ERA5_LAND,p_22.1_113.7
2022-11-14,23.30,22.50,23.00,OPEN_METEO_ERA5_LAND,p_22.1_113.7
2022-11-15,23.40,22.90,23.20,OPEN_METEO_ERA5_LAND,p_22.1_113.7
2022-11-16,23.20,22.60,22.90,OPEN_METEO_ERA5_LAND,p_22.1_113.7
2022-11-17,23.90,22.60,23.10,OPEN_METEO_ERA5_LAND,p_22.1_113.7
2022-11-18,23.60,22.90,23.30,OPEN_METEO_ERA5_LAND,p_22.1_113.7
2022-11-19,23.80,23.20,23.40,OPEN_METEO_ERA5_LAND,p_22.1_113.7
2022-11-20,23.90,22.00,23.20,OPEN_METEO_ERA5_LAND,p_22.1_113.7
2022-11-21,23.90,23.00,23.40,OPEN_METEO_ERA5_LAND,p_22.1_113.7
2022-11-22,24.00,22.90,23.30,OPEN_METEO_ERA5_LAND,p_22.1_113.7
2022-11-23,23.80,23.10,23.50,OPEN_METEO_ERA5_LAND,p_22.1_113.7
2022-11-24,23.70,22.30,22.90,OPEN_METEO_ERA5_LAND,p_22.1_113.7
2022-11-25,23.40,22.10,22.90,OPEN_METEO_ERA5_LAND,p_22.1_113.7
2022-11-26,23.20,22.10,22.50,OPEN_METEO_ERA5_LAND,p_22.1_113.7
2022-11-27,23.80,23.10,23.50,OPEN_METEO_ERA5_LAND,p_22.1_113.7
2022-11-28,24.40,23.10,23.80,OPEN_METEO_ERA5_LAND,p_22.1_113.7
2022-11-29,24.00,23.40,23.60,OPEN_METEO_ERA5_LAND,p_22.1_113.7
2022-11-30,23.60,18.80,21.40,OPEN_METEO_ERA5_LAND,p_22.1_113.7
2022-12-01,18.00,15.10,15.90,OPEN_METEO_ERA5_LAND,p_22.1_113.7
2022-12-02,16.70,13.20,14.70,OPEN_METEO_ERA5_LAND,p_22.1_113.7
2022-12-03,19.60,15.40,17.10,OPEN_METEO_ERA5_LAND,p_22.1_113.7
2022-12-04,20.20,18.30,19.10,OPEN_METEO_ERA5_LAND,p_22.1_113.7
2022-12-05,18.30,15.60,16.50,OPEN_METEO_ERA5_LAND,p_22.1_113.7
2022-12-06,17.90,14.20,15.50,OPEN_METEO_ERA5_LAND,p_22.1_113.7
2022-12-07,20.00,15.50,17.30,OPEN_METEO_ERA5_LAND,p_22.1_113.7
2022-12-08,20.20,17.20,18.40,OPEN_METEO_ERA5_LAND,p_22.1_113.7
2022-12-09,19.90,16.60,18.20,OPEN_METEO_ERA5_LAND,p_22.1_113.7
2022-12-10,20.00,15.80,17.60,OPEN_METEO_ERA5_LAND,p_22.1_113.7
2022-12-11,17.90,15.30,16.60,OPEN_METEO_ERA5_LAND,p_22.1_113.7
2022-12-12,16.60,14.70,15.50,OPEN_METEO_ERA5_LAND,p_22.1_113.7
2022-12-13,15.90,13.50,14.50,OPEN_METEO_ERA5_LAND,p_22.1_113.7
2022-12-14,14.20,13.20,13.70,OPEN_METEO_ERA5_LAND,p_22.1_113.7
2022-12-15,16.40,13.70,14.80,OPEN_METEO_ERA5_LAND,p_22.1_113.7
2022-12-16,17.70,16.00,16.70,OPEN_METEO_ERA5_LAND,p_22.1_113.7
2022-12-17,15.50,12.40,13.70,OPEN_METEO_ERA5_LAND,p_22.1_113.7
2022-12-18,14.30,10.50,12.30,OPEN_METEO_ERA5_LAND,p_22.1_113.7
2022-12-19,16.80,11.70,13.70,OPEN_METEO_ERA5_LAND,p_22.1_113.7
2022-12-20,18.10,14.40,16.60,OPEN_METEO_ERA5_LAND,p_22.1_113.7
2022-12-21,17.90,15.30,16.50,OPEN_METEO_ERA5_LAND,p_22.1_113.7
2022-12-22,18.90,14.40,16.40,OPEN_METEO_ERA5_LAND,p_22.1_113.7
2022-12-23,18.40,15.40,16.80,OPEN_METEO_ERA5_LAND,p_22.1_113.7
2022-12-24,18.30,14.50,16.50,OPEN_METEO_ERA5_LAND,p_22.1_113.7
2022-12-25,17.40,14.70,16.00,OPEN_METEO_ERA5_LAND,p_22.1_113.7
2022-12-26,17.10,15.20,16.10,OPEN_METEO_ERA5_LAND,p_22.1_113.7
2022-12-27,17.50,15.80,16.50,OPEN_METEO_ERA5_LAND,p_22.1_113.7
2022-12-28,18.20,14.60,16.50,OPEN_METEO_ERA5_LAND,p_22.1_113.7
2022-12-29,17.50,12.90,15.00,OPEN_METEO_ERA5_LAND,p_22.1_113.7
2022-12-30,17.20,11.50,13.80,OPEN_METEO_ERA5_LAND,p_22.1_113.7
2022-12-31,17.30,11.70,13.70,OPEN_METEO_ERA5_LAND,p_22.1_113.7
2023-01-01,15.90,12.70,14.30,OPEN_METEO_ERA5_LAND,p_22.1_113.7
2023-01-02,17.40,15.10,16.00,OPEN_METEO_ERA5_LAND,p_22.1_113.7
2023-01-03,16.60,14.10,15.20,OPEN_METEO_ERA5_LAND,p_22.1_113.7
2023-01-04,16.90,14.20,15.30,OPEN_METEO_ERA5_LAND,p_22.1_113.7
2023-01-05,18.40,15.80,16.80,OPEN_METEO_ERA5_LAND,p_22.1_113.7
2023-01-06,19.40,16.50,17.60,OPEN_METEO_ERA5_LAND,p_22.1_113.7
2023-01-07,18.10,16.20,17.20,OPEN_METEO_ERA5_LAND,p_22.1_113.7
2023-01-08,18.30,16.30,17.40,OPEN_METEO_ERA5_LAND,p_22.1_113.7
2023-01-09,18.10,17.10,17.50,OPEN_METEO_ERA5_LAND,p_22.1_113.7
2023-01-10,17.80,16.90,17.30,OPEN_METEO_ERA5_LAND,p_22.1_113.7
2023-01-11,18.10,17.40,17.70,OPEN_METEO_ERA5_LAND,p_22.1_113.7
2023-01-12,19.20,18.10,18.50,OPEN_METEO_ERA5_LAND,p_22.1_113.7
2023-01-13,19.70,19.20,19.40,OPEN_METEO_ERA5_LAND,p_22.1_113.7
2023-01-14,19.80,18.90,19.40,OPEN_METEO_ERA5_LAND,p_22.1_113.7
2023-01-15,19.50,12.70,16.30,OPEN_METEO_ERA5_LAND,p_22.1_113.7
2023-01-16,13.30,10.70,11.80,OPEN_METEO_ERA5_LAND,p_22.1_113.7
2023-01-17,12.70,11.30,11.80,OPEN_METEO_ERA5_LAND,p_22.1_113.7
2023-01-18,15.70,11.30,13.00,OPEN_METEO_ERA5_LAND,p_22.1_113.7
2023-01-19,17.40,13.20,14.80,OPEN_METEO_ERA5_LAND,p_22.1_113.7
2023-01-20,17.20,14.10,15.50,OPEN_METEO_ERA5_LAND,p_22.1_113.7
2023-01-21,17.10,15.70,16.40,OPEN_METEO_ERA5_LAND,p_22.1_113.7
2023-01-22,18.20,16.10,17.10,OPEN_METEO_ERA5_LAND,p_22.1_113.7
2023-01-23,18.20,16.10,17.20,OPEN_METEO_ERA5_LAND,p_22.1_113.7
2023-01-24,17.00,12.50,14.20,OPEN_METEO_ERA5_LAND,p_22.1_113.7
2023-01-25,14.70,10.30,11.90,OPEN_METEO_ERA5_LAND,p_22.1_113.7
2023-01-26,17.00,13.00,14.70,OPEN_METEO_ERA5_LAND,p_22.1_113.7
2023-01-27,17.10,12.90,14.10,OPEN_METEO_ERA5_LAND,p_22.1_113.7
2023-01-28,14.70,10.50,12.40,OPEN_METEO_ERA5_LAND,p_22.1_113.7
2023-01-29,15.30,10.10,12.20,OPEN_METEO_ERA5_LAND,p_22.1_113.7
2023-01-30,16.20,11.90,14.00,OPEN_METEO_ERA5_LAND,p_22.1_113.7
2023-01-31,16.60,14.30,15.60,OPEN_METEO_ERA5_LAND,p_22.1_113.7
2023-02-01,17.30,15.10,16.40,OPEN_METEO_ERA5_LAND,p_22.1_113.7
2023-02-02,17.60,16.80,17.20,OPEN_METEO_ERA5_LAND,p_22.1_113.7
2023-02-03,17.20,16.50,16.80,OPEN_METEO_ERA5_LAND,p_22.1_113.7
2023-02-04,17.30,16.30,16.80,OPEN_METEO_ERA5_LAND,p_22.1_113.7
2023-02-05,17.50,16.70,17.00,OPEN_METEO_ERA5_LAND,p_22.1_113.7
2023-02-06,17.80,16.90,17.30,OPEN_METEO_ERA5_LAND,p_22.1_113.7
2023-02-07,18.70,17.80,18.20,OPEN_METEO_ERA5_LAND,p_22.1_113.7
2023-02-08,18.60,17.60,18.10,OPEN_METEO_ERA5_LAND,p_22.1_113.7
2023-02-09,18.60,17.80,18.20,OPEN_METEO_ERA5_LAND,p_22.1_113.7
2023-02-10,19.20,18.40,18.70,OPEN_METEO_ERA5_LAND,p_22.1_113.7
2023-02-11,19.50,18.70,19.10,OPEN_METEO_ERA5_LAND,p_22.1_113.7
2023-02-12,20.10,19.20,19.70,OPEN_METEO_ERA5_LAND,p_22.1_113.7
2023-02-13,19.90,18.70,19.60,OPEN_METEO_ERA5_LAND,p_22.1_113.7
2023-02-14,18.80,14.60,16.30,OPEN_METEO_ERA5_LAND,p_22.1_113.7
2023-02-15,18.00,12.40,14.90,OPEN_METEO_ERA5_LAND,p_22.1_113.7
2023-02-16,16.90,13.60,15.00,OPEN_METEO_ERA5_LAND,p_22.1_113.7
2023-02-17,18.30,16.00,17.20,OPEN_METEO_ERA5_LAND,p_22.1_113.7
2023-02-18,19.80,17.90,18.70,OPEN_METEO_ERA5_LAND,p_22.1_113.7
2023-02-19,21.50,18.50,19.60,OPEN_METEO_ERA5_LAND,p_22.1_113.7
2023-02-20,19.50,17.10,18.20,OPEN_METEO_ERA5_LAND,p_22.1_113.7
2023-02-21,18.40,16.20,17.00,OPEN_METEO_ERA5_LAND,p_22.1_113.7
2023-02-22,17.00,14.90,15.90,OPEN_METEO_ERA5_LAND,p_22.1_113.7
2023-02-23,18.00,16.10,16.90,OPEN_METEO_ERA5_LAND,p_22.1_113.7
2023-02-24,21.50,17.20,18.60,OPEN_METEO_ERA5_LAND,p_22.1_113.7
2023-02-25,18.80,14.10,15.90,OPEN_METEO_ERA5_LAND,p_22.1_113.7
2023-02-26,18.10,14.30,15.60,OPEN_METEO_ERA5_LAND,p_22.1_113.7
2023-02-27,16.60,14.50,15.40,OPEN_METEO_ERA5_LAND,p_22.1_113.7
2023-02-28,17.20,15.60,16.40,OPEN_METEO_ERA5_LAND,p_22.1_113.7
2023-03-01,19.80,15.70,17.60,OPEN_METEO_ERA5_LAND,p_22.1_113.7
2023-03-02,19.10,17.60,18.30,OPEN_METEO_ERA5_LAND,p_22.1_113.7
2023-03-03,17.90,16.70,17.20,OPEN_METEO_ERA5_LAND,p_22.1_113.7
2023-03-04,18.40,17.00,17.70,OPEN_METEO_ERA5_LAND,p_22.1_113.7
2023-03-05,18.80,17.40,18.00,OPEN_METEO_ERA5_LAND,p_22.1_113.7
2023-03-06,19.00,17.10,18.20,OPEN_METEO_ERA5_LAND,p_22.1_113.7
2023-03-07,19.10,17.70,18.40,OPEN_METEO_ERA5_LAND,p_22.1_113.7
2023-03-08,19.20,18.60,19.00,OPEN_METEO_ERA5_LAND,p_22.1_113.7
2023-03-09,20.20,18.00,19.20,OPEN_METEO_ERA5_LAND,p_22.1_113.7
2023-03-10,20.30,19.10,19.70,OPEN_METEO_ERA5_LAND,p_22.1_113.7
2023-03-11,20.20,19.60,19.90,OPEN_METEO_ERA5_LAND,p_22.1_113.7
2023-03-12,21.60,18.70,20.10,OPEN_METEO_ERA5_LAND,p_22.1_113.7
2023-03-13,20.30,18.50,19.50,OPEN_METEO_ERA5_LAND,p_22.1_113.7
2023-03-14,19.70,18.60,19.20,OPEN_METEO_ERA5_LAND,p_22.1_113.7
2023-03-15,20.60,19.60,20.00,OPEN_METEO_ERA5_LAND,p_22.1_113.7
2023-03-16,20.80,19.60,20.10,OPEN_METEO_ERA5_LAND,p_22.1_113.7
2023-03-17,20.50,19.70,20.20,OPEN_METEO_ERA5_LAND,p_22.1_113.7
2023-03-18,20.90,18.90,20.30,OPEN_METEO_ERA5_LAND,p_22.1_113.7
2023-03-19,21.00,19.60,20.40,OPEN_METEO_ERA5_LAND,p_22.1_113.7
2023-03-20,21.70,20.60,21.10,OPEN_METEO_ERA5_LAND,p_22.1_113.7
2023-03-21,22.20,21.20,21.60,OPEN_METEO_ERA5_LAND,p_22.1_113.7
2023-03-22,22.40,21.50,22.00,OPEN_METEO_ERA5_LAND,p_22.1_113.7
2023-03-23,22.60,21.90,22.20,OPEN_METEO_ERA5_LAND,p_22.1_113.7
2023-03-24,22.90,22.10,22.40,OPEN_METEO_ERA5_LAND,p_22.1_113.7
2023-03-25,23.20,21.20,22.40,OPEN_METEO_ERA5_LAND,p_22.1_113.7
2023-03-26,21.50,18.80,20.00,OPEN_METEO_ERA5_LAND,p_22.1_113.7
2023-03-27,20.60,18.00,19.60,OPEN_METEO_ERA5_LAND,p_22.1_113.7
2023-03-28,20.20,18.10,19.20,OPEN_METEO_ERA5_LAND,p_22.1_113.7
2023-03-29,20.80,19.50,20.20,OPEN_METEO_ERA5_LAND,p_22.1_113.7
2023-03-30,21.10,20.50,20.90,OPEN_METEO_ERA5_LAND,p_22.1_113.7
2023-03-31,21.70,20.90,21.30,OPEN_METEO_ERA5_LAND,p_22.1_113.7
2023-04-01,21.80,20.40,21.30,OPEN_METEO_ERA5_LAND,p_22.1_113.7
2023-04-02,22.20,21.30,21.70,OPEN_METEO_ERA5_LAND,p_22.1_113.7
2023-04-03,22.30,21.30,21.80,OPEN_METEO_ERA5_LAND,p_22.1_113.7
2023-04-04,23.20,22.30,22.80,OPEN_METEO_ERA5_LAND,p_22.1_113.7
2023-04-05,23.50,21.80,23.00,OPEN_METEO_ERA5_LAND,p_22.1_113.7
2023-04-06,23.60,20.00,22.80,OPEN_METEO_ERA5_LAND,p_22.1_113.7
2023-04-07,22.30,18.50,20.30,OPEN_METEO_ERA5_LAND,p_22.1_113.7
2023-04-08,21.70,20.00,20.40,OPEN_METEO_ERA5_LAND,p_22.1_113.7
2023-04-09,21.00,19.10,20.00,OPEN_METEO_ERA5_LAND,p_22.1_113.7
2023-04-10,21.90,20.50,21.20,OPEN_METEO_ERA5_LAND,p_22.1_113.7
2023-04-11,22.10,21.80,21.90,OPEN_METEO_ERA5_LAND,p_22.1_113.7
2023-04-12,22.70,21.30,22.00,OPEN_METEO_ERA5_LAND,p_22.1_113.7
2023-04-13,22.60,21.40,21.90,OPEN_METEO_ERA5_LAND,p_22.1_113.7
2023-04-14,23.40,22.20,22.70,OPEN_METEO_ERA5_LAND,p_22.1_113.7
2023-04-15,24.90,22.20,23.50,OPEN_METEO_ERA5_LAND,p_22.1_113.7
2023-04-16,23.80,21.60,22.80,OPEN_METEO_ERA5_LAND,p_22.1_113.7
2023-04-17,23.80,22.60,23.20,OPEN_METEO_ERA5_LAND,p_22.1_113.7
2023-04-18,24.80,23.40,24.00,OPEN_METEO_ERA5_LAND,p_22.1_113.7
2023-04-19,24.90,23.70,24.50,OPEN_METEO_ERA5_LAND,p_22.1_113.7
2023-04-20,24.70,22.60,23.80,OPEN_METEO_ERA5_LAND,p_22.1_113.7
2023-04-21,24.70,22.80,23.90,OPEN_METEO_ERA5_LAND,p_22.1_113.7
2023-04-22,24.80,23.30,24.20,OPEN_METEO_ERA5_LAND,p_22.1_113.7
2023-04-23,24.50,23.90,24.20,OPEN_METEO_ERA5_LAND,p_22.1_113.7
2023-04-24,24.30,23.30,23.90,OPEN_METEO_ERA5_LAND,p_22.1_113.7
2023-04-25,22.20,19.70,21.50,OPEN_METEO_ERA5_LAND,p_22.1_113.7
2023-04-26,22.60,19.10,20.70,OPEN_METEO_ERA5_LAND,p_22.1_113.7
2023-04-27,23.10,22.00,22.60,OPEN_METEO_ERA5_LAND,p_22.1_113.7
2023-04-28,23.90,22.90,23.20,OPEN_METEO_ERA5_LAND,p_22.1_113.7
2023-04-29,23.80,22.20,23.30,OPEN_METEO_ERA5_LAND,p_22.1_113.7
2023-04-30,23.80,20.70,22.20,OPEN_METEO_ERA5_LAND,p_22.1_113.7
2023-05-01,23.40,22.70,23.00,OPEN_METEO_ERA5_LAND,p_22.1_113.7
2023-05-02,24.10,22.90,23.50,OPEN_METEO_ERA5_LAND,p_22.1_113.7
2023-05-03,24.40,23.70,24.00,OPEN_METEO_ERA5_LAND,p_22.1_113.7
2023-05-04,24.70,24.30,24.50,OPEN_METEO_ERA5_LAND,p_22.1_113.7
2023-05-05,25.40,24.20,24.70,OPEN_METEO_ERA5_LAND,p_22.1_113.7
2023-05-06,26.40,25.10,25.70,OPEN_METEO_ERA5_LAND,p_22.1_113.7
2023-05-07,25.80,24.30,25.20,OPEN_METEO_ERA5_LAND,p_22.1_113.7
2023-05-08,24.60,22.10,23.30,OPEN_METEO_ERA5_LAND,p_22.1_113.7
2023-05-09,24.00,23.40,23.70,OPEN_METEO_ERA5_LAND,p_22.1_113.7
2023-05-10,24.60,23.30,23.90,OPEN_METEO_ERA5_LAND,p_22.1_113.7
2023-05-11,24.00,22.60,23.40,OPEN_METEO_ERA5_LAND,p_22.1_113.7
2023-05-12,23.90,22.30,23.10,OPEN_METEO_ERA5_LAND,p_22.1_113.7
2023-05-13,23.70,22.80,23.20,OPEN_METEO_ERA5_LAND,p_22.1_113.7
2023-05-14,23.00,21.40,22.40,OPEN_METEO_ERA5_LAND,p_22.1_113.7
2023-05-15,24.90,23.00,23.80,OPEN_METEO_ERA5_LAND,p_22.1_113.7
2023-05-16,26.10,24.10,24.80,OPEN_METEO_ERA5_LAND,p_22.1_113.7
2023-05-17,26.80,24.10,25.40,OPEN_METEO_ERA5_LAND,p_22.1_113.7
2023-05-18,26.50,25.60,26.00,OPEN_METEO_ERA5_LAND,p_22.1_113.7
2023-05-19,26.50,24.20,25.70,OPEN_METEO_ERA5_LAND,p_22.1_113.7
2023-05-20,27.30,25.30,26.20,OPEN_METEO_ERA5_LAND,p_22.1_113.7
2023-05-21,27.90,26.20,27.20,OPEN_METEO_ERA5_LAND,p_22.1_113.7
2023-05-22,28.10,27.30,27.60,OPEN_METEO_ERA5_LAND,p_22.1_113.7
2023-05-23,27.50,24.80,26.20,OPEN_METEO_ERA5_LAND,p_22.1_113.7
2023-05-24,27.40,25.40,26.60,OPEN_METEO_ERA5_LAND,p_22.1_113.7
2023-05-25,27.30,25.50,26.50,OPEN_METEO_ERA5_LAND,p_22.1_113.7
2023-05-26,27.80,26.60,27.20,OPEN_METEO_ERA5_LAND,p_22.1_113.7
2023-05-27,27.60,26.30,26.90,OPEN_METEO_ERA5_LAND,p_22.1_113.7
2023-05-28,27.40,26.50,27.00,OPEN_METEO_ERA5_LAND,p_22.1_113.7
2023-05-29,28.00,26.40,27.10,OPEN_METEO_ERA5_LAND,p_22.1_113.7
2023-05-30,29.60,27.30,28.10,OPEN_METEO_ERA5_LAND,p_22.1_113.7
2023-05-31,29.50,26.30,28.40,OPEN_METEO_ERA5_LAND,p_22.1_113.7
2023-06-01,29.90,24.50,27.60,OPEN_METEO_ERA5_LAND,p_22.1_113.7
2023-06-02,29.60,28.10,28.90,OPEN_METEO_ERA5_LAND,p_22.1_113.7
2023-06-03,29.50,28.40,28.90,OPEN_METEO_ERA5_LAND,p_22.1_113.7
2023-06-04,29.20,27.20,28.30,OPEN_METEO_ERA5_LAND,p_22.1_113.7
2023-06-05,28.80,26.10,27.70,OPEN_METEO_ERA5_LAND,p_22.1_113.7
2023-06-06,28.90,26.00,27.10,OPEN_METEO_ERA5_LAND,p_22.1_113.7
2023-06-07,28.10,26.60,27.30,OPEN_METEO_ERA5_LAND,p_22.1_113.7
2023-06-08,28.80,26.40,27.50,OPEN_METEO_ERA5_LAND,p_22.1_113.7
2023-06-09,28.20,26.70,27.40,OPEN_METEO_ERA5_LAND,p_22.1_113.7
2023-06-10,28.30,26.20,27.20,OPEN_METEO_ERA5_LAND,p_22.1_113.7
2023-06-11,28.70,25.70,27.20,OPEN_METEO_ERA5_LAND,p_22.1_113.7
2023-06-12,28.60,26.00,27.70,OPEN_METEO_ERA5_LAND,p_22.1_113.7
2023-06-13,28.60,25.80,27.40,OPEN_METEO_ERA5_LAND,p_22.1_113.7
2023-06-14,28.00,25.80,26.90,OPEN_METEO_ERA5_LAND,p_22.1_113.7
2023-06-15,28.10,25.90,26.80,OPEN_METEO_ERA5_LAND,p_22.1_113.7
2023-06-16,28.00,26.40,27.20,OPEN_METEO_ERA5_LAND,p_22.1_113.7
2023-06-17,28.40,25.60,27.00,OPEN_METEO_ERA5_LAND,p_22.1_113.7
2023-06-18,28.80,26.40,27.80,OPEN_METEO_ERA5_LAND,p_22.1_113.7
2023-06-19,29.00,27.30,28.40,OPEN_METEO_ERA5_LAND,p_22.1_113.7
2023-06-20,29.50,27.70,28.50,OPEN_METEO_ERA5_LAND,p_22.1_113.7
2023-06-21,29.50,28.40,29.00,OPEN_METEO_ERA5_LAND,p_22.1_113.7
2023-06-22,29.60,28.60,29.10,OPEN_METEO_ERA5_LAND,p_22.1_113.7
2023-06-23,29.30,25.30,28.00,OPEN_METEO_ERA5_LAND,p_22.1_113.7
2023-06-24,28.90,24.80,27.20,OPEN_METEO_ERA5_LAND,p_22.1_113.7
2023-06-25,28.50,25.40,27.20,OPEN_METEO_ERA5_LAND,p_22.1_113.7
2023-06-26,28.50,25.90,27.60,OPEN_METEO_ERA5_LAND,p_22.1_113.7
2023-06-27,29.40,25.10,27.50,OPEN_METEO_ERA5_LAND,p_22.1_113.7
2023-06-28,29.20,26.00,27.70,OPEN_METEO_ERA5_LAND,p_22.1_113.7
2023-06-29,29.00,27.60,28.20,OPEN_METEO_ERA5_LAND,p_22.1_113.7
2023-06-30,29.70,27.00,28.50,OPEN_METEO_ERA5_LAND,p_22.1_113.7
2023-07-01,29.40,27.20,28.30,OPEN_METEO_ERA5_LAND,p_22.1_113.7
2023-07-02,28.90,26.00,27.30,OPEN_METEO_ERA5_LAND,p_22.1_113.7
2023-07-03,28.70,26.40,27.50,OPEN_METEO_ERA5_LAND,p_22.1_113.7
2023-07-04,29.60,27.20,28.60,OPEN_METEO_ERA5_LAND,p_22.1_113.7
2023-07-05,29.50,28.40,29.10,OPEN_METEO_ERA5_LAND,p_22.1_113.7
2023-07-06,29.60,28.60,29.10,OPEN_METEO_ERA5_LAND,p_22.1_113.7
2023-07-07,29.60,28.30,29.10,OPEN_METEO_ERA5_LAND,p_22.1_113.7
2023-07-08,29.50,28.30,28.80,OPEN_METEO_ERA5_LAND,p_22.1_113.7
2023-07-09,29.70,28.10,28.60,OPEN_METEO_ERA5_LAND,p_22.1_113.7
2023-07-10,29.50,28.10,28.80,OPEN_METEO_ERA5_LAND,p_22.1_113.7
2023-07-11,29.60,28.30,28.70,OPEN_METEO_ERA5_LAND,p_22.1_113.7
2023-07-12,29.90,28.40,29.10,OPEN_METEO_ERA5_LAND,p_22.1_113.7
2023-07-13,30.10,28.70,29.40,OPEN_METEO_ERA5_LAND,p_22.1_113.7
2023-07-14,30.20,28.00,29.00,OPEN_METEO_ERA5_LAND,p_22.1_113.7
2023-07-15,30.50,28.50,29.30,OPEN_METEO_ERA5_LAND,p_22.1_113.7
2023-07-16,30.90,27.70,28.70,OPEN_METEO_ERA5_LAND,p_22.1_113.7
2023-07-17,28.60,26.70,27.60,OPEN_METEO_ERA5_LAND,p_22.1_113.7
2023-07-18,29.20,26.80,28.00,OPEN_METEO_ERA5_LAND,p_22.1_113.7
2023-07-19,28.60,27.30,28.00,OPEN_METEO_ERA5_LAND,p_22.1_113.7
2023-07-20,29.00,27.10,28.40,OPEN_METEO_ERA5_LAND,p_22.1_113.7
2023-07-21,29.60,28.00,28.50,OPEN_METEO_ERA5_LAND,p_22.1_113.7
2023-07-22,29.60,28.10,28.50,OPEN_METEO_ERA5_LAND,p_22.1_113.7
2023-07-23,29.40,27.30,28.20,OPEN_METEO_ERA5_LAND,p_22.1_113.7
2023-07-24,29.90,27.90,28.60,OPEN_METEO_ERA5_LAND,p_22.1_113.7
2023-07-25,30.30,28.40,29.30,OPEN_METEO_ERA5_LAND,p_22.1_113.7
2023-07-26,32.10,28.00,29.80,OPEN_METEO_ERA5_LAND,p_22.1_113.7
2023-07-27,32.10,28.40,30.50,OPEN_METEO_ERA5_LAND,p_22.1_113.7
2023-07-28,31.40,28.20,29.80,OPEN_METEO_ERA5_LAND,p_22.1_113.7
2023-07-29,30.30,28.40,29.00,OPEN_METEO_ERA5_LAND,p_22.1_113.7
2023-07-30,30.20,27.70,28.70,OPEN_METEO_ERA5_LAND,p_22.1_113.7
2023-07-31,29.20,27.70,28.50,OPEN_METEO_ERA5_LAND,p_22.1_113.7
2023-08-01,29.10,26.90,28.00,OPEN_METEO_ERA5_LAND,p_22.1_113.7
2023-08-02,29.50,28.50,28.90,OPEN_METEO_ERA5_LAND,p_22.1_113.7
2023-08-03,29.30,28.40,28.80,OPEN_METEO_ERA5_LAND,p_22.1_113.7
2023-08-04,30.00,28.20,29.10,OPEN_METEO_ERA5_LAND,p_22.1_113.7
2023-08-05,30.40,28.40,29.50,OPEN_METEO_ERA5_LAND,p_22.1_113.7
2023-08-06,30.50,27.50,29.50,OPEN_METEO_ERA5_LAND,p_22.1_113.7
2023-08-07,30.00,29.00,29.50,OPEN_METEO_ERA5_LAND,p_22.1_113.7
2023-08-08,30.00,26.70,29.10,OPEN_METEO_ERA5_LAND,p_22.1_113.7
2023-08-09,30.60,29.30,29.80,OPEN_METEO_ERA5_LAND,p_22.1_113.7
2023-08-10,29.60,27.30,28.70,OPEN_METEO_ERA5_LAND,p_22.1_113.7
2023-08-11,29.10,26.20,27.60,OPEN_METEO_ERA5_LAND,p_22.1_113.7
2023-08-12,29.00,26.30,27.90,OPEN_METEO_ERA5_LAND,p_22.1_113.7
2023-08-13,29.70,26.80,28.00,OPEN_METEO_ERA5_LAND,p_22.1_113.7
2023-08-14,29.70,27.20,28.30,OPEN_METEO_ERA5_LAND,p_22.1_113.7
2023-08-15,29.60,26.50,28.30,OPEN_METEO_ERA5_LAND,p_22.1_113.7
2023-08-16,29.60,29.10,29.30,OPEN_METEO_ERA5_LAND,p_22.1_113.7
2023-08-17,29.70,27.50,29.00,OPEN_METEO_ERA5_LAND,p_22.1_113.7
2023-08-18,29.30,26.60,28.10,OPEN_METEO_ERA5_LAND,p_22.1_113.7
2023-08-19,29.40,25.70,27.70,OPEN_METEO_ERA5_LAND,p_22.1_113.7
2023-08-20,29.20,26.80,28.10,OPEN_METEO_ERA5_LAND,p_22.1_113.7
2023-08-21,29.10,27.30,28.20,OPEN_METEO_ERA5_LAND,p_22.1_113.7
2023-08-22,29.20,27.20,28.20,OPEN_METEO_ERA5_LAND,p_22.1_113.7
2023-08-23,29.00,26.90,27.80,OPEN_METEO_ERA5_LAND,p_22.1_113.7
2023-08-24,29.30,26.00,27.70,OPEN_METEO_ERA5_LAND,p_22.1_113.7
2023-08-25,28.40,26.90,27.50,OPEN_METEO_ERA5_LAND,p_22.1_113.7
2023-08-26,29.40,26.00,27.90,OPEN_METEO_ERA5_LAND,p_22.1_113.7
2023-08-27,29.60,27.60,28.40,OPEN_METEO_ERA5_LAND,p_22.1_113.7
2023-08-28,29.20,26.30,27.90,OPEN_METEO_ERA5_LAND,p_22.1_113.7
2023-08-29,27.60,25.70,26.80,OPEN_METEO_ERA5_LAND,p_22.1_113.7
2023-08-30,30.00,26.70,28.00,OPEN_METEO_ERA5_LAND,p_22.1_113.7
2023-08-31,29.70,26.80,28.00,OPEN_METEO_ERA5_LAND,p_22.1_113.7
2023-09-01,28.10,26.40,27.00,OPEN_METEO_ERA5_LAND,p_22.1_113.7
2023-09-02,27.80,26.30,27.00,OPEN_METEO_ERA5_LAND,p_22.1_113.7
2023-09-03,28.20,27.00,27.70,OPEN_METEO_ERA5_LAND,p_22.1_113.7
2023-09-04,29.70,26.50,28.30,OPEN_METEO_ERA5_LAND,p_22.1_113.7
2023-09-05,29.30,27.00,28.40,OPEN_METEO_ERA5_LAND,p_22.1_113.7
2023-09-06,28.90,26.40,27.60,OPEN_METEO_ERA5_LAND,p_22.1_113.7
2023-09-07,27.70,26.30,26.80,OPEN_METEO_ERA5_LAND,p_22.1_113.7
2023-09-08,27.20,25.60,26.50,OPEN_METEO_ERA5_LAND,p_22.1_113.7
2023-09-09,27.10,24.90,26.40,OPEN_METEO_ERA5_LAND,p_22.1_113.7
2023-09-10,26.90,24.80,26.30,OPEN_METEO_ERA5_LAND,p_22.1_113.7
2023-09-11,26.80,24.30,25.90,OPEN_METEO_ERA5_LAND,p_22.1_113.7
2023-09-12,27.30,24.70,26.50,OPEN_METEO_ERA5_LAND,p_22.1_113.7
2023-09-13,27.40,26.00,26.60,OPEN_METEO_ERA5_LAND,p_22.1_113.7
2023-09-14,27.30,25.80,26.40,OPEN_METEO_ERA5_LAND,p_22.1_113.7
2023-09-15,26.50,25.00,26.00,OPEN_METEO_ERA5_LAND,p_22.1_113.7
2023-09-16,27.00,25.80,26.30,OPEN_METEO_ERA5_LAND,p_22.1_113.7
2023-09-17,27.50,26.20,26.90,OPEN_METEO_ERA5_LAND,p_22.1_113.7
2023-09-18,27.80,26.40,27.00,OPEN_METEO_ERA5_LAND,p_22.1_113.7
2023-09-19,28.00,26.10,27.20,OPEN_METEO_ERA5_LAND,p_22.1_113.7
2023-09-20,28.60,27.10,27.70,OPEN_METEO_ERA5_LAND,p_22.1_113.7
2023-09-21,29.30,27.20,27.90,OPEN_METEO_ERA5_LAND,p_22.1_113.7
2023-09-22,28.80,25.50,27.60,OPEN_METEO_ERA5_LAND,p_22.1_113.7
2023-09-23,29.30,26.30,28.10,OPEN_METEO_ERA5_LAND,p_22.1_113.7
2023-09-24,28.80,26.50,27.90,OPEN_METEO_ERA5_LAND,p_22.1_113.7
2023-09-25,28.90,26.40,28.00,OPEN_METEO_ERA5_LAND,p_22.1_113.7
2023-09-26,28.80,27.80,28.20,OPEN_METEO_ERA5_LAND,p_22.1_113.7
2023-09-27,29.20,28.20,28.40,OPEN_METEO_ERA5_LAND,p_22.1_113.7
2023-09-28,28.90,27.70,28.40,OPEN_METEO_ERA5_LAND,p_22.1_113.7
2023-09-29,28.90,26.60,27.80,OPEN_METEO_ERA5_LAND,p_22.1_113.7
2023-09-30,29.60,26.00,28.00,OPEN_METEO_ERA5_LAND,p_22.1_113.7
2023-10-01,28.80,26.00,27.40,OPEN_METEO_ERA5_LAND,p_22.1_113.7
2023-10-02,28.70,26.90,28.10,OPEN_METEO_ERA5_LAND,p_22.1_113.7
2023-10-03,28.70,27.00,27.80,OPEN_METEO_ERA5_LAND,p_22.1_113.7
2023-10-04,29.70,27.10,28.20,OPEN_METEO_ERA5_LAND,p_22.1_113.7
2023-10-05,30.50,27.10,28.70,OPEN_METEO_ERA5_LAND,p_22.1_113.7
2023-10-06,29.80,26.30,27.40,OPEN_METEO_ERA5_LAND,p_22.1_113.7
2023-10-07,26.60,23.50,24.80,OPEN_METEO_ERA5_LAND,p_22.1_113.7
2023-10-08,24.80,22.50,23.70,OPEN_METEO_ERA5_LAND,p_22.1_113.7
2023-10-09,26.20,22.80,24.40,OPEN_METEO_ERA5_LAND,p_22.1_113.7
2023-10-10,26.20,23.50,24.70,OPEN_METEO_ERA5_LAND,p_22.1_113.7
2023-10-11,27.10,23.50,24.90,OPEN_METEO_ERA5_LAND,p_22.1_113.7
2023-10-12,26.90,23.70,25.00,OPEN_METEO_ERA5_LAND,p_22.1_113.7
2023-10-13,27.20,24.20,25.50,OPEN_METEO_ERA5_LAND,p_22.1_113.7
2023-10-14,27.30,24.40,25.60,OPEN_METEO_ERA5_LAND,p_22.1_113.7
2023-10-15,26.80,24.60,25.80,OPEN_METEO_ERA5_LAND,p_22.1_113.7
2023-10-16,26.40,24.50,25.40,OPEN_METEO_ERA5_LAND,p_22.1_113.7
2023-10-17,26.00,22.70,24.70,OPEN_METEO_ERA5_LAND,p_22.1_113.7
2023-10-18,26.00,24.00,25.10,OPEN_METEO_ERA5_LAND,p_22.1_113.7
2023-10-19,26.20,25.40,25.80,OPEN_METEO_ERA5_LAND,p_22.1_113.7
2023-10-20,26.40,23.30,24.90,OPEN_METEO_ERA5_LAND,p_22.1_113.7
2023-10-21,24.10,21.30,22.30,OPEN_METEO_ERA5_LAND,p_22.1_113.7
2023-10-22,24.40,21.50,22.50,OPEN_METEO_ERA5_LAND,p_22.1_113.7
2023-10-23,25.50,23.20,24.20,OPEN_METEO_ERA5_LAND,p_22.1_113.7
2023-10-24,25.90,24.40,25.30,OPEN_METEO_ERA5_LAND,p_22.1_113.7
2023-10-25,25.80,25.30,25.50,OPEN_METEO_ERA5_LAND,p_22.1_113.7
2023-10-26,25.90,25.10,25.40,OPEN_METEO_ERA5_LAND,p_22.1_113.7
2023-10-27,25.80,24.60,25.40,OPEN_METEO_ERA5_LAND,p_22.1_113.7
2023-10-28,26.00,24.30,25.20,OPEN_METEO_ERA5_LAND,p_22.1_113.7
2023-10-29,25.50,24.10,24.90,OPEN_METEO_ERA5_LAND,p_22.1_113.7
2023-10-30,26.70,24.10,25.00,OPEN_METEO_ERA5_LAND,p_22.1_113.7
2023-10-31,25.60,24.00,24.70,OPEN_METEO_ERA5_LAND,p_22.1_113.7
2023-11-01,25.20,23.90,24.60,OPEN_METEO_ERA5_LAND,p_22.1_113.7
2023-11-02,25.10,24.10,24.60,OPEN_METEO_ERA5_LAND,p_22.1_113.7
2023-11-03,25.40,24.70,25.00,OPEN_METEO_ERA5_LAND,p_22.1_113.7
2023-11-04,25.90,25.00,25.30,OPEN_METEO_ERA5_LAND,p_22.1_113.7
2023-11-05,26.00,25.10,25.60,OPEN_METEO_ERA5_LAND,p_22.1_113.7
2023-11-06,27.30,25.10,26.10,OPEN_METEO_ERA5_LAND,p_22.1_113.7
2023-11-07,26.20,23.90,24.80,OPEN_METEO_ERA5_LAND,p_22.1_113.7
2023-11-08,25.40,24.50,24.90,OPEN_METEO_ERA5_LAND,p_22.1_113.7
2023-11-09,26.00,24.80,25.40,OPEN_METEO_ERA5_LAND,p_22.1_113.7
2023-11-10,26.10,24.40,25.30,OPEN_METEO_ERA5_LAND,p_22.1_113.7
2023-11-11,25.50,24.90,25.10,OPEN_METEO_ERA5_LAND,p_22.1_113.7
2023-11-12,24.70,21.40,23.40,OPEN_METEO_ERA5_LAND,p_22.1_113.7
2023-11-13,21.90,19.10,20.40,OPEN_METEO_ERA5_LAND,p_22.1_113.7
2023-11-14,22.80,18.20,20.10,OPEN_METEO_ERA5_LAND,p_22.1_113.7
2023-11-15,24.30,20.30,22.00,OPEN_METEO_ERA5_LAND,p_22.1_113.7
2023-11-16,23.80,18.90,20.60,OPEN_METEO_ERA5_LAND,p_22.1_113.7
2023-11-17,21.30,16.80,18.90,OPEN_METEO_ERA5_LAND,p_22.1_113.7
2023-11-18,22.20,17.70,19.90,OPEN_METEO_ERA5_LAND,p_22.1_113.7
2023-11-19,21.60,19.60,20.60,OPEN_METEO_ERA5_LAND,p_22.1_113.7
2023-11-20,22.30,20.40,21.20,OPEN_METEO_ERA5_LAND,p_22.1_113.7
2023-11-21,22.50,20.40,21.50,OPEN_METEO_ERA5_LAND,p_22.1_113.7
2023-11-22,22.50,21.30,22.00,OPEN_METEO_ERA5_LAND,p_22.1_113.7
2023-11-23,22.90,20.20,21.80,OPEN_METEO_ERA5_LAND,p_22.1_113.7
2023-11-24,23.30,21.80,22.40,OPEN_METEO_ERA5_LAND,p_22.1_113.7
2023-11-25,22.30,20.00,21.30,OPEN_METEO_ERA5_LAND,p_22.1_113.7
2023-11-26,22.40,20.20,21.30,OPEN_METEO_ERA5_LAND,p_22.1_113.7
2023-11-27,24.00,20.60,22.20,OPEN_METEO_ERA5_LAND,p_22.1_113.7
2023-11-28,22.80,20.00,21.60,OPEN_METEO_ERA5_LAND,p_22.1_113.7
2023-11-29,23.10,21.80,22.40,OPEN_METEO_ERA5_LAND,p_22.1_113.7
2023-11-30,23.40,21.90,22.60,OPEN_METEO_ERA5_LAND,p_22.1_113.7
2023-12-01,22.50,18.40,20.40,OPEN_METEO_ERA5_LAND,p_22.1_113.7
2023-12-02,21.10,17.20,18.60,OPEN_METEO_ERA5_LAND,p_22.1_113.7
2023-12-03,21.70,19.40,20.50,OPEN_METEO_ERA5_LAND,p_22.1_113.7
2023-12-04,22.10,19.00,20.30,OPEN_METEO_ERA5_LAND,p_22.1_113.7
2023-12-05,21.90,18.00,19.60,OPEN_METEO_ERA5_LAND,p_22.1_113.7
2023-12-06,21.90,19.60,20.60,OPEN_METEO_ERA5_LAND,p_22.1_113.7
2023-12-07,21.90,18.50,20.20,OPEN_METEO_ERA5_LAND,p_22.1_113.7
2023-12-08,21.80,20.10,20.90,OPEN_METEO_ERA5_LAND,p_22.1_113.7
2023-12-09,22.50,21.70,22.10,OPEN_METEO_ERA5_LAND,p_22.1_113.7
2023-12-10,22.40,21.80,22.10,OPEN_METEO_ERA5_LAND,p_22.1_113.7
2023-12-11,22.60,21.10,22.10,OPEN_METEO_ERA5_LAND,p_22.1_113.7
2023-12-12,24.30,21.50,22.60,OPEN_METEO_ERA5_LAND,p_22.1_113.7
2023-12-13,22.60,21.40,21.90,OPEN_METEO_ERA5_LAND,p_22.1_113.7
2023-12-14,22.90,21.70,22.30,OPEN_METEO_ERA5_LAND,p_22.1_113.7
2023-12-15,23.20,22.50,22.90,OPEN_METEO_ERA5_LAND,p_22.1_113.7
2023-12-16,22.80,13.80,17.10,OPEN_METEO_ERA5_LAND,p_22.1_113.7
2023-12-17,15.30,12.40,13.40,OPEN_METEO_ERA5_LAND,p_22.1_113.7
2023-12-18,18.10,14.90,16.40,OPEN_METEO_ERA5_LAND,p_22.1_113.7
2023-12-19,16.60,13.60,15.20,OPEN_METEO_ERA5_LAND,p_22.1_113.7
2023-12-20,16.30,12.10,13.70,OPEN_METEO_ERA5_LAND,p_22.1_113.7
2023-12-21,13.90,10.30,11.80,OPEN_METEO_ERA5_LAND,p_22.1_113.7
2023-12-22,13.40,9.30,11.00,OPEN_METEO_ERA5_LAND,p_22.1_113.7
2023-12-23,14.30,9.90,11.90,OPEN_METEO_ERA5_LAND,p_22.1_113.7
2023-12-24,16.80,10.60,13.10,OPEN_METEO_ERA5_LAND,p_22.1_113.7
2023-12-25,16.80,11.80,14.30,OPEN_METEO_ERA5_LAND,p_22.1_113.7
2023-12-26,17.60,14.70,16.30,OPEN_METEO_ERA5_LAND,p_22.1_113.7
2023-12-27,18.80,16.50,17.60,OPEN_METEO_ERA5_LAND,p_22.1_113.7
2023-12-28,19.20,17.70,18.20,OPEN_METEO_ERA5_LAND,p_22.1_113.7
2023-12-29,19.10,18.20,18.50,OPEN_METEO_ERA5_LAND,p_22.1_113.7
2023-12-30,20.20,17.10,18.60,OPEN_METEO_ERA5_LAND,p_22.1_113.7
2023-12-31,20.60,18.00,19.10,OPEN_METEO_ERA5_LAND,p_22.1_113.7
