"age_group","mid_2013","mid_2023","abs_change","pct_change"
"65-69",295100,568500,273400,92.6465604879702
"70-74",213100,424800,211700,99.3430314406382
"75-79",210200,254100,43900,20.8848715509039
"80-84",157600,158600,1000,0.634517766497462
"85+",143900,235900,92000,63.9332870048645
