date,tmax,tmin,tmean,atmax,atmin,atmean,precip,source,city_id
2013-01-01,26.80,20.20,23.60,28.70,22.70,26.10,0.50,OPEN_METEO_ERA5_LAND,brisbane
2013-01-02,32.90,20.00,25.90,39.00,23.00,29.50,0.00,OPEN_METEO_ERA5_LAND,brisbane
2013-01-03,28.90,21.70,24.60,31.70,22.10,25.80,0.00,OPEN_METEO_ERA5_LAND,brisbane
2013-01-04,27.50,20.70,23.70,28.50,21.30,24.10,0.00,OPEN_METEO_ERA5_LAND,brisbane
2013-01-05,26.80,21.30,23.90,27.90,22.80,25.40,0.10,OPEN_METEO_ERA5_LAND,brisbane
2013-01-06,26.30,21.40,23.80,26.90,24.00,25.40,0.90,OPEN_METEO_ERA5_LAND,brisbane
2013-01-07,26.90,21.60,24.10,26.80,23.60,25.20,0.00,OPEN_METEO_ERA5_LAND,brisbane
2013-01-08,29.80,20.60,25.00,32.10,23.40,27.10,0.00,OPEN_METEO_ERA5_LAND,brisbane
2013-01-09,36.20,21.30,27.10,38.80,22.50,29.20,0.00,OPEN_METEO_ERA5_LAND,brisbane
2013-01-10,31.60,22.80,26.90,35.70,26.70,30.30,0.00,OPEN_METEO_ERA5_LAND,brisbane
2013-01-11,31.90,24.00,27.30,35.60,28.30,30.90,0.00,OPEN_METEO_ERA5_LAND,brisbane
2013-01-12,35.20,24.70,28.50,41.10,28.40,32.70,0.00,OPEN_METEO_ERA5_LAND,brisbane
2013-01-13,35.50,23.90,28.30,40.60,27.00,31.60,0.00,OPEN_METEO_ERA5_LAND,brisbane
2013-01-14,32.20,23.20,25.80,36.40,23.60,27.60,0.20,OPEN_METEO_ERA5_LAND,brisbane
2013-01-15,26.20,22.20,24.00,25.50,22.20,24.00,0.00,OPEN_METEO_ERA5_LAND,brisbane
2013-01-16,28.40,21.40,24.60,29.00,23.30,25.70,0.00,OPEN_METEO_ERA5_LAND,brisbane
2013-01-17,29.90,19.70,24.70,33.40,22.00,26.70,0.00,OPEN_METEO_ERA5_LAND,brisbane
2013-01-18,33.00,21.20,26.10,37.00,24.10,28.50,0.00,OPEN_METEO_ERA5_LAND,brisbane
2013-01-19,35.30,22.90,27.60,41.30,26.10,31.20,2.20,OPEN_METEO_ERA5_LAND,brisbane
2013-01-20,30.20,23.40,26.10,33.50,27.00,29.40,3.10,OPEN_METEO_ERA5_LAND,brisbane
2013-01-21,28.50,23.00,25.10,32.60,26.80,28.50,3.90,OPEN_METEO_ERA5_LAND,brisbane
2013-01-22,27.30,22.80,25.00,30.50,26.50,28.10,1.80,OPEN_METEO_ERA5_LAND,brisbane
2013-01-23,28.50,22.30,25.30,31.80,26.10,28.30,0.10,OPEN_METEO_ERA5_LAND,brisbane
2013-01-24,26.30,22.80,24.30,28.60,25.90,27.10,6.60,OPEN_METEO_ERA5_LAND,brisbane
2013-01-25,24.20,22.50,23.20,27.30,25.20,26.10,29.50,OPEN_METEO_ERA5_LAND,brisbane
2013-01-26,24.20,23.20,23.70,26.90,25.60,26.10,82.00,OPEN_METEO_ERA5_LAND,brisbane
2013-01-27,24.20,23.20,23.60,26.10,22.80,24.10,166.70,OPEN_METEO_ERA5_LAND,brisbane
2013-01-28,27.90,23.30,24.80,31.10,23.10,26.90,44.40,OPEN_METEO_ERA5_LAND,brisbane
2013-01-29,33.60,22.30,27.20,37.40,25.50,31.10,0.10,OPEN_METEO_ERA5_LAND,brisbane
2013-01-30,27.70,23.30,25.40,32.10,27.00,29.60,4.90,OPEN_METEO_ERA5_LAND,brisbane
2013-01-31,27.30,22.90,24.60,30.50,26.30,28.00,4.00,OPEN_METEO_ERA5_LAND,brisbane
2013-02-01,28.40,22.60,25.00,32.30,26.40,28.20,0.30,OPEN_METEO_ERA5_LAND,brisbane
2013-02-02,30.90,21.10,25.40,31.30,22.60,27.00,0.90,OPEN_METEO_ERA5_LAND,brisbane
2013-02-03,27.90,18.40,22.50,30.90,18.50,23.20,0.00,OPEN_METEO_ERA5_LAND,brisbane
2013-02-04,26.20,19.00,22.40,26.30,19.00,22.60,0.10,OPEN_METEO_ERA5_LAND,brisbane
2013-02-05,26.50,19.50,22.30,26.90,20.00,22.80,0.00,OPEN_METEO_ERA5_LAND,brisbane
2013-02-06,25.50,18.70,21.80,26.80,19.60,22.70,1.20,OPEN_METEO_ERA5_LAND,brisbane
2013-02-07,25.40,18.80,22.00,28.10,20.00,23.50,0.70,OPEN_METEO_ERA5_LAND,brisbane
2013-02-08,26.10,19.20,22.70,29.10,20.70,24.70,1.00,OPEN_METEO_ERA5_LAND,brisbane
2013-02-09,26.20,20.50,23.20,29.90,22.90,25.40,1.80,OPEN_METEO_ERA5_LAND,brisbane
2013-02-10,27.60,19.70,23.60,30.00,21.80,25.50,0.00,OPEN_METEO_ERA5_LAND,brisbane
2013-02-11,27.90,19.90,23.60,30.20,21.50,25.30,0.00,OPEN_METEO_ERA5_LAND,brisbane
2013-02-12,26.50,20.60,23.30,28.90,22.70,25.20,0.00,OPEN_METEO_ERA5_LAND,brisbane
2013-02-13,25.80,20.20,22.80,26.70,21.50,23.70,0.70,OPEN_METEO_ERA5_LAND,brisbane
2013-02-14,25.90,19.20,22.50,28.10,19.70,23.70,1.20,OPEN_METEO_ERA5_LAND,brisbane
2013-02-15,25.30,19.90,21.90,27.80,21.80,23.80,4.40,OPEN_METEO_ERA5_LAND,brisbane
2013-02-16,25.20,19.70,21.70,27.30,21.30,23.50,2.30,OPEN_METEO_ERA5_LAND,brisbane
2013-02-17,25.40,19.30,21.70,28.40,20.80,23.40,5.70,OPEN_METEO_ERA5_LAND,brisbane
2013-02-18,23.80,19.90,21.40,25.30,20.90,23.10,19.90,OPEN_METEO_ERA5_LAND,brisbane
2013-02-19,23.10,20.30,21.50,24.90,21.00,23.00,23.00,OPEN_METEO_ERA5_LAND,brisbane
2013-02-20,27.80,20.00,23.40,28.50,20.80,24.20,1.00,OPEN_METEO_ERA5_LAND,brisbane
2013-02-21,27.20,20.90,23.30,28.30,21.00,23.70,0.50,OPEN_METEO_ERA5_LAND,brisbane
2013-02-22,27.00,20.40,23.70,26.60,20.60,23.50,1.60,OPEN_METEO_ERA5_LAND,brisbane
2013-02-23,31.90,20.90,25.70,34.60,20.50,27.50,0.00,OPEN_METEO_ERA5_LAND,brisbane
2013-02-24,27.20,22.90,24.50,31.20,26.10,28.30,4.60,OPEN_METEO_ERA5_LAND,brisbane
2013-02-25,23.80,22.30,23.10,27.00,24.80,25.80,48.40,OPEN_METEO_ERA5_LAND,brisbane
2013-02-26,24.90,21.80,22.90,27.60,24.10,25.50,17.30,OPEN_METEO_ERA5_LAND,brisbane
2013-02-27,25.50,21.50,22.90,27.50,23.90,25.00,4.20,OPEN_METEO_ERA5_LAND,brisbane
2013-02-28,26.50,20.70,23.70,28.90,23.80,26.40,2.30,OPEN_METEO_ERA5_LAND,brisbane
2013-03-01,23.80,21.60,22.70,28.00,24.50,26.40,16.90,OPEN_METEO_ERA5_LAND,brisbane
2013-03-02,24.60,21.20,22.20,28.20,22.40,25.00,31.90,OPEN_METEO_ERA5_LAND,brisbane
2013-03-03,24.20,21.50,22.60,25.40,23.00,24.10,4.40,OPEN_METEO_ERA5_LAND,brisbane
2013-03-04,26.40,21.10,23.30,27.50,22.70,24.30,0.10,OPEN_METEO_ERA5_LAND,brisbane
2013-03-05,25.40,20.80,22.60,25.50,21.60,23.00,2.50,OPEN_METEO_ERA5_LAND,brisbane
2013-03-06,25.20,20.70,22.70,25.30,21.70,23.10,2.10,OPEN_METEO_ERA5_LAND,brisbane
2013-03-07,25.20,20.10,22.40,25.60,21.40,23.40,1.10,OPEN_METEO_ERA5_LAND,brisbane
2013-03-08,26.90,20.40,22.90,28.10,21.70,24.00,0.00,OPEN_METEO_ERA5_LAND,brisbane
2013-03-09,24.70,21.00,22.60,24.40,22.30,23.50,0.70,OPEN_METEO_ERA5_LAND,brisbane
2013-03-10,25.00,20.00,22.20,25.40,21.30,23.30,0.30,OPEN_METEO_ERA5_LAND,brisbane
2013-03-11,25.90,19.90,22.40,26.90,21.40,23.30,1.40,OPEN_METEO_ERA5_LAND,brisbane
2013-03-12,25.50,19.40,22.00,25.90,20.40,22.50,1.40,OPEN_METEO_ERA5_LAND,brisbane
2013-03-13,26.30,19.30,22.00,27.00,20.20,22.80,0.90,OPEN_METEO_ERA5_LAND,brisbane
2013-03-14,27.80,17.40,22.30,28.70,17.60,23.40,0.00,OPEN_METEO_ERA5_LAND,brisbane
2013-03-15,28.80,17.80,22.90,30.30,18.80,24.70,0.00,OPEN_METEO_ERA5_LAND,brisbane
2013-03-16,28.00,18.70,23.30,32.00,20.90,26.10,0.00,OPEN_METEO_ERA5_LAND,brisbane
2013-03-17,33.30,19.10,24.80,36.30,21.60,27.30,0.80,OPEN_METEO_ERA5_LAND,brisbane
2013-03-18,23.80,20.00,21.60,23.40,19.90,21.50,0.10,OPEN_METEO_ERA5_LAND,brisbane
2013-03-19,24.50,18.90,21.60,24.10,19.30,21.30,0.40,OPEN_METEO_ERA5_LAND,brisbane
2013-03-20,24.40,19.50,21.30,23.40,19.50,21.40,0.60,OPEN_METEO_ERA5_LAND,brisbane
2013-03-21,24.50,18.90,21.60,25.20,20.40,23.10,0.10,OPEN_METEO_ERA5_LAND,brisbane
2013-03-22,26.90,19.50,23.20,31.50,22.10,26.40,1.60,OPEN_METEO_ERA5_LAND,brisbane
2013-03-23,29.50,20.90,24.60,34.20,24.20,28.30,0.00,OPEN_METEO_ERA5_LAND,brisbane
2013-03-24,28.40,21.60,24.80,32.20,25.10,28.50,0.00,OPEN_METEO_ERA5_LAND,brisbane
2013-03-25,28.60,21.70,24.70,34.00,25.50,28.40,2.00,OPEN_METEO_ERA5_LAND,brisbane
2013-03-26,26.50,21.10,23.40,29.10,23.90,25.90,0.60,OPEN_METEO_ERA5_LAND,brisbane
2013-03-27,25.50,20.60,22.80,27.80,23.00,25.10,1.40,OPEN_METEO_ERA5_LAND,brisbane
2013-03-28,25.70,18.90,22.30,29.30,21.10,24.80,1.30,OPEN_METEO_ERA5_LAND,brisbane
2013-03-29,28.90,17.70,22.90,31.80,19.70,25.20,0.00,OPEN_METEO_ERA5_LAND,brisbane
2013-03-30,24.30,20.60,22.00,25.60,22.70,23.70,0.00,OPEN_METEO_ERA5_LAND,brisbane
2013-03-31,27.60,17.80,22.40,30.60,19.50,25.40,12.90,OPEN_METEO_ERA5_LAND,brisbane
2013-04-01,24.90,18.80,21.60,28.00,20.30,23.80,1.50,OPEN_METEO_ERA5_LAND,brisbane
2013-04-02,24.70,17.50,21.20,27.10,18.60,23.00,0.90,OPEN_METEO_ERA5_LAND,brisbane
2013-04-03,25.10,17.70,21.00,28.40,19.40,23.00,1.20,OPEN_METEO_ERA5_LAND,brisbane
2013-04-04,23.80,18.10,20.30,25.40,19.00,20.90,1.90,OPEN_METEO_ERA5_LAND,brisbane
2013-04-05,23.40,18.40,20.30,22.40,18.10,19.90,0.60,OPEN_METEO_ERA5_LAND,brisbane
2013-04-06,22.90,17.40,19.80,23.10,17.50,20.00,2.10,OPEN_METEO_ERA5_LAND,brisbane
2013-04-07,23.30,16.90,19.50,25.30,17.20,20.30,0.30,OPEN_METEO_ERA5_LAND,brisbane
2013-04-08,23.10,16.40,19.30,25.00,17.10,20.20,1.30,OPEN_METEO_ERA5_LAND,brisbane
2013-04-09,22.80,16.40,19.10,23.90,16.60,19.90,2.60,OPEN_METEO_ERA5_LAND,brisbane
2013-04-10,21.70,17.10,19.10,22.50,17.80,19.80,3.20,OPEN_METEO_ERA5_LAND,brisbane
2013-04-11,23.10,16.60,20.00,22.50,16.70,19.80,0.50,OPEN_METEO_ERA5_LAND,brisbane
2013-04-12,22.40,19.50,20.50,22.60,19.10,20.30,1.80,OPEN_METEO_ERA5_LAND,brisbane
2013-04-13,20.50,18.60,19.50,22.20,19.00,20.70,16.00,OPEN_METEO_ERA5_LAND,brisbane
2013-04-14,26.00,16.20,20.80,28.20,16.80,22.60,0.00,OPEN_METEO_ERA5_LAND,brisbane
2013-04-15,25.40,17.40,21.20,28.00,19.20,23.50,0.20,OPEN_METEO_ERA5_LAND,brisbane
2013-04-16,26.80,17.00,21.10,29.80,18.30,23.30,1.00,OPEN_METEO_ERA5_LAND,brisbane
2013-04-17,25.10,16.80,20.30,28.00,18.40,22.70,0.90,OPEN_METEO_ERA5_LAND,brisbane
2013-04-18,27.20,17.10,21.60,29.40,17.90,23.60,0.00,OPEN_METEO_ERA5_LAND,brisbane
2013-04-19,26.80,13.60,19.90,25.20,13.20,19.00,0.00,OPEN_METEO_ERA5_LAND,brisbane
2013-04-20,24.10,14.90,18.60,22.10,12.80,17.40,0.00,OPEN_METEO_ERA5_LAND,brisbane
2013-04-21,22.90,12.30,17.50,24.40,10.90,17.30,0.00,OPEN_METEO_ERA5_LAND,brisbane
2013-04-22,25.80,14.30,19.90,26.30,14.90,20.70,0.00,OPEN_METEO_ERA5_LAND,brisbane
2013-04-23,28.10,15.80,21.40,31.30,16.30,23.40,0.00,OPEN_METEO_ERA5_LAND,brisbane
2013-04-24,25.60,16.20,20.70,27.40,17.00,21.90,0.00,OPEN_METEO_ERA5_LAND,brisbane
2013-04-25,25.90,15.10,20.30,27.00,15.70,21.50,0.00,OPEN_METEO_ERA5_LAND,brisbane
2013-04-26,22.60,15.20,19.00,24.20,15.00,20.10,1.00,OPEN_METEO_ERA5_LAND,brisbane
2013-04-27,24.00,14.30,19.30,24.60,14.60,19.80,0.10,OPEN_METEO_ERA5_LAND,brisbane
2013-04-28,25.10,14.00,19.50,27.10,14.10,20.40,0.00,OPEN_METEO_ERA5_LAND,brisbane
2013-04-29,25.30,15.20,19.80,26.90,15.60,20.80,0.00,OPEN_METEO_ERA5_LAND,brisbane
2013-04-30,24.40,16.80,20.40,24.60,18.00,21.50,0.10,OPEN_METEO_ERA5_LAND,brisbane
2013-05-01,24.30,16.40,20.10,25.90,17.20,21.40,0.00,OPEN_METEO_ERA5_LAND,brisbane
2013-05-02,25.80,15.20,19.80,26.60,15.70,20.20,0.00,OPEN_METEO_ERA5_LAND,brisbane
2013-05-03,22.80,16.90,19.30,22.10,16.10,18.80,0.00,OPEN_METEO_ERA5_LAND,brisbane
2013-05-04,27.20,13.00,19.60,25.90,12.70,19.40,0.00,OPEN_METEO_ERA5_LAND,brisbane
2013-05-05,21.60,16.40,18.70,22.00,16.30,19.10,1.20,OPEN_METEO_ERA5_LAND,brisbane
2013-05-06,21.20,15.40,18.10,20.60,15.60,18.00,0.00,OPEN_METEO_ERA5_LAND,brisbane
2013-05-07,21.50,14.70,17.90,20.90,14.60,17.60,0.90,OPEN_METEO_ERA5_LAND,brisbane
2013-05-08,21.90,15.10,18.10,20.30,14.50,17.40,0.00,OPEN_METEO_ERA5_LAND,brisbane
2013-05-09,21.70,14.50,17.90,20.60,13.80,17.30,0.10,OPEN_METEO_ERA5_LAND,brisbane
2013-05-10,20.90,14.70,17.60,20.60,14.10,17.50,1.40,OPEN_METEO_ERA5_LAND,brisbane
2013-05-11,21.30,14.50,17.70,20.00,14.00,17.30,1.10,OPEN_METEO_ERA5_LAND,brisbane
2013-05-12,22.10,15.10,18.20,21.20,14.70,18.10,0.10,OPEN_METEO_ERA5_LAND,brisbane
2013-05-13,22.20,15.60,18.40,23.90,16.40,19.90,0.50,OPEN_METEO_ERA5_LAND,brisbane
2013-05-14,21.80,16.40,18.10,22.70,15.50,19.20,16.10,OPEN_METEO_ERA5_LAND,brisbane
2013-05-15,21.80,14.00,17.00,19.70,11.80,15.30,0.00,OPEN_METEO_ERA5_LAND,brisbane
2013-05-16,18.80,12.90,15.50,16.90,10.60,13.70,0.00,OPEN_METEO_ERA5_LAND,brisbane
2013-05-17,22.10,11.40,16.20,19.10,9.50,14.00,0.00,OPEN_METEO_ERA5_LAND,brisbane
2013-05-18,21.00,9.80,15.20,17.90,7.70,12.70,0.00,OPEN_METEO_ERA5_LAND,brisbane
2013-05-19,19.60,9.90,14.10,16.60,6.70,11.20,0.00,OPEN_METEO_ERA5_LAND,brisbane
2013-05-20,20.50,8.30,14.00,18.20,5.90,11.80,0.00,OPEN_METEO_ERA5_LAND,brisbane
2013-05-21,20.20,9.20,14.30,18.70,7.20,12.90,0.00,OPEN_METEO_ERA5_LAND,brisbane
2013-05-22,16.40,12.20,13.80,15.30,11.10,13.20,5.00,OPEN_METEO_ERA5_LAND,brisbane
2013-05-23,20.90,12.00,15.90,18.80,11.10,14.50,1.20,OPEN_METEO_ERA5_LAND,brisbane
2013-05-24,19.30,11.60,15.20,17.40,9.40,12.90,2.30,OPEN_METEO_ERA5_LAND,brisbane
2013-05-25,21.50,13.90,16.70,19.30,11.40,14.70,0.00,OPEN_METEO_ERA5_LAND,brisbane
2013-05-26,21.70,12.10,16.30,20.10,9.60,14.90,0.00,OPEN_METEO_ERA5_LAND,brisbane
2013-05-27,22.30,11.80,16.70,21.30,10.60,15.90,0.00,OPEN_METEO_ERA5_LAND,brisbane
2013-05-28,20.30,14.00,16.80,19.70,13.20,16.30,1.40,OPEN_METEO_ERA5_LAND,brisbane
2013-05-29,20.30,15.30,17.40,18.60,14.80,16.80,0.50,OPEN_METEO_ERA5_LAND,brisbane
2013-05-30,21.10,13.70,17.10,21.00,13.40,17.30,3.00,OPEN_METEO_ERA5_LAND,brisbane
2013-05-31,20.80,14.00,17.20,20.90,14.10,17.40,2.00,OPEN_METEO_ERA5_LAND,brisbane
2013-06-01,21.70,14.30,17.80,21.50,13.60,18.10,0.00,OPEN_METEO_ERA5_LAND,brisbane
2013-06-02,24.00,14.70,18.10,22.80,12.90,17.50,0.50,OPEN_METEO_ERA5_LAND,brisbane
2013-06-03,20.30,12.80,15.90,17.70,11.30,14.30,0.00,OPEN_METEO_ERA5_LAND,brisbane
2013-06-04,21.30,9.30,15.00,20.00,7.40,13.80,0.00,OPEN_METEO_ERA5_LAND,brisbane
2013-06-05,19.80,12.00,15.90,19.90,10.90,15.70,0.20,OPEN_METEO_ERA5_LAND,brisbane
2013-06-06,21.50,14.30,17.80,22.00,14.70,18.50,0.00,OPEN_METEO_ERA5_LAND,brisbane
2013-06-07,22.40,13.20,17.80,22.80,13.10,18.40,0.00,OPEN_METEO_ERA5_LAND,brisbane
2013-06-08,21.30,12.60,17.10,21.10,12.60,17.40,0.00,OPEN_METEO_ERA5_LAND,brisbane
2013-06-09,19.50,16.50,17.90,18.40,16.60,17.50,1.20,OPEN_METEO_ERA5_LAND,brisbane
2013-06-10,18.80,16.50,17.40,21.20,16.40,18.40,31.50,OPEN_METEO_ERA5_LAND,brisbane
2013-06-11,21.00,16.00,17.90,23.00,17.20,19.40,13.90,OPEN_METEO_ERA5_LAND,brisbane
2013-06-12,20.60,16.20,18.20,21.90,17.30,19.60,21.20,OPEN_METEO_ERA5_LAND,brisbane
2013-06-13,22.80,16.50,18.80,23.50,16.40,19.80,6.40,OPEN_METEO_ERA5_LAND,brisbane
2013-06-14,19.80,12.50,15.60,17.50,10.40,13.60,0.00,OPEN_METEO_ERA5_LAND,brisbane
2013-06-15,18.20,11.10,14.00,14.40,8.00,11.00,0.00,OPEN_METEO_ERA5_LAND,brisbane
2013-06-16,19.20,9.60,13.90,18.60,8.00,12.60,0.00,OPEN_METEO_ERA5_LAND,brisbane
2013-06-17,18.30,8.60,12.90,15.00,5.90,10.00,0.00,OPEN_METEO_ERA5_LAND,brisbane
2013-06-18,18.30,7.90,12.40,15.60,4.60,9.50,0.00,OPEN_METEO_ERA5_LAND,brisbane
2013-06-19,17.30,7.60,12.10,14.30,4.00,9.20,0.00,OPEN_METEO_ERA5_LAND,brisbane
2013-06-20,17.80,10.70,14.00,16.30,8.10,12.40,0.00,OPEN_METEO_ERA5_LAND,brisbane
2013-06-21,13.80,11.30,12.70,13.80,10.70,12.30,11.50,OPEN_METEO_ERA5_LAND,brisbane
2013-06-22,18.10,7.80,12.60,16.90,6.10,11.40,0.00,OPEN_METEO_ERA5_LAND,brisbane
2013-06-23,18.60,9.30,13.60,17.60,7.10,12.40,0.00,OPEN_METEO_ERA5_LAND,brisbane
2013-06-24,19.20,10.60,14.20,17.10,7.90,12.60,0.00,OPEN_METEO_ERA5_LAND,brisbane
2013-06-25,17.30,7.00,11.80,13.50,3.90,8.80,0.00,OPEN_METEO_ERA5_LAND,brisbane
2013-06-26,18.40,7.40,12.50,15.80,4.80,10.10,0.00,OPEN_METEO_ERA5_LAND,brisbane
2013-06-27,19.40,11.60,15.00,19.70,10.60,15.00,10.40,OPEN_METEO_ERA5_LAND,brisbane
2013-06-28,18.60,13.50,15.50,18.90,13.00,15.50,4.50,OPEN_METEO_ERA5_LAND,brisbane
2013-06-29,18.90,12.80,15.30,18.60,12.10,14.90,3.90,OPEN_METEO_ERA5_LAND,brisbane
2013-06-30,15.40,12.60,13.70,14.40,11.60,12.80,9.40,OPEN_METEO_ERA5_LAND,brisbane
2013-07-01,15.20,12.10,13.70,13.70,9.80,11.90,22.00,OPEN_METEO_ERA5_LAND,brisbane
2013-07-02,20.00,14.60,16.70,18.00,12.80,15.20,10.70,OPEN_METEO_ERA5_LAND,brisbane
2013-07-03,21.50,14.20,17.30,20.90,13.00,16.90,0.00,OPEN_METEO_ERA5_LAND,brisbane
2013-07-04,20.90,13.80,17.10,20.80,13.90,17.60,0.10,OPEN_METEO_ERA5_LAND,brisbane
2013-07-05,23.10,13.20,17.70,23.80,13.10,18.50,0.00,OPEN_METEO_ERA5_LAND,brisbane
2013-07-06,22.90,9.80,16.30,22.20,8.80,15.90,0.00,OPEN_METEO_ERA5_LAND,brisbane
2013-07-07,20.90,12.60,16.00,20.10,12.30,15.50,0.00,OPEN_METEO_ERA5_LAND,brisbane
2013-07-08,19.30,10.60,14.60,18.80,8.70,13.40,0.00,OPEN_METEO_ERA5_LAND,brisbane
2013-07-09,18.70,10.80,14.40,16.00,8.50,12.40,0.00,OPEN_METEO_ERA5_LAND,brisbane
2013-07-10,17.90,12.20,14.60,17.40,10.90,13.70,4.00,OPEN_METEO_ERA5_LAND,brisbane
2013-07-11,18.50,12.50,15.10,17.50,11.50,14.30,0.00,OPEN_METEO_ERA5_LAND,brisbane
2013-07-12,18.70,12.00,14.90,18.20,10.80,14.40,0.40,OPEN_METEO_ERA5_LAND,brisbane
2013-07-13,19.10,9.50,14.40,18.20,8.60,13.80,0.00,OPEN_METEO_ERA5_LAND,brisbane
2013-07-14,18.20,10.60,14.50,18.20,9.50,14.20,0.90,OPEN_METEO_ERA5_LAND,brisbane
2013-07-15,19.20,11.20,15.40,19.60,10.50,15.60,1.40,OPEN_METEO_ERA5_LAND,brisbane
2013-07-16,20.50,13.70,16.80,19.90,13.60,16.80,0.60,OPEN_METEO_ERA5_LAND,brisbane
2013-07-17,20.50,12.20,16.50,20.50,11.70,16.50,0.20,OPEN_METEO_ERA5_LAND,brisbane
2013-07-18,21.20,13.80,16.80,20.70,13.30,16.70,0.10,OPEN_METEO_ERA5_LAND,brisbane
2013-07-19,21.00,13.60,17.20,21.40,13.80,17.70,0.20,OPEN_METEO_ERA5_LAND,brisbane
2013-07-20,21.40,15.90,18.00,21.70,16.30,18.80,1.40,OPEN_METEO_ERA5_LAND,brisbane
2013-07-21,20.70,12.80,16.40,20.00,11.90,15.90,0.00,OPEN_METEO_ERA5_LAND,brisbane
2013-07-22,18.70,11.90,15.00,17.80,10.70,14.20,1.50,OPEN_METEO_ERA5_LAND,brisbane
2013-07-23,18.60,11.30,14.40,15.60,7.60,11.80,1.20,OPEN_METEO_ERA5_LAND,brisbane
2013-07-24,19.10,8.10,13.40,16.70,5.20,11.00,0.00,OPEN_METEO_ERA5_LAND,brisbane
2013-07-25,19.70,11.30,15.10,17.90,9.10,13.60,0.00,OPEN_METEO_ERA5_LAND,brisbane
2013-07-26,19.80,11.90,15.40,19.50,10.90,15.10,0.00,OPEN_METEO_ERA5_LAND,brisbane
2013-07-27,20.30,9.30,14.90,19.20,8.00,13.90,0.00,OPEN_METEO_ERA5_LAND,brisbane
2013-07-28,19.60,13.20,16.30,18.50,12.20,15.40,0.10,OPEN_METEO_ERA5_LAND,brisbane
2013-07-29,19.90,13.20,16.30,19.20,12.60,16.00,0.00,OPEN_METEO_ERA5_LAND,brisbane
2013-07-30,20.00,11.90,15.30,20.40,11.00,15.30,1.30,OPEN_METEO_ERA5_LAND,brisbane
2013-07-31,19.70,9.90,14.70,18.20,8.40,13.50,0.00,OPEN_METEO_ERA5_LAND,brisbane
2013-08-01,20.30,12.30,15.80,19.50,10.90,15.00,0.00,OPEN_METEO_ERA5_LAND,brisbane
2013-08-02,21.50,10.30,15.70,21.20,9.50,15.60,0.00,OPEN_METEO_ERA5_LAND,brisbane
2013-08-03,21.70,10.60,15.90,19.10,9.20,14.00,0.00,OPEN_METEO_ERA5_LAND,brisbane
2013-08-04,21.30,7.70,14.40,18.80,5.30,12.30,0.00,OPEN_METEO_ERA5_LAND,brisbane
2013-08-05,21.30,7.70,14.30,20.20,5.60,12.90,0.00,OPEN_METEO_ERA5_LAND,brisbane
2013-08-06,22.70,7.80,15.00,20.80,5.80,13.60,0.00,OPEN_METEO_ERA5_LAND,brisbane
2013-08-07,23.90,8.60,15.80,23.20,6.90,14.70,0.00,OPEN_METEO_ERA5_LAND,brisbane
2013-08-08,21.80,10.80,15.10,19.10,7.20,11.50,0.00,OPEN_METEO_ERA5_LAND,brisbane
2013-08-09,21.40,9.10,14.50,20.10,5.40,12.10,0.00,OPEN_METEO_ERA5_LAND,brisbane
2013-08-10,23.60,8.50,15.40,22.90,6.00,13.80,0.00,OPEN_METEO_ERA5_LAND,brisbane
2013-08-11,24.30,9.00,16.30,24.20,7.60,15.60,0.00,OPEN_METEO_ERA5_LAND,brisbane
2013-08-12,26.60,10.50,18.00,24.50,9.10,16.70,0.00,OPEN_METEO_ERA5_LAND,brisbane
2013-08-13,26.10,14.60,18.90,25.40,13.00,18.10,0.00,OPEN_METEO_ERA5_LAND,brisbane
2013-08-14,23.50,13.40,18.70,24.20,13.70,19.60,0.20,OPEN_METEO_ERA5_LAND,brisbane
2013-08-15,23.50,13.70,18.20,20.20,11.00,16.10,0.00,OPEN_METEO_ERA5_LAND,brisbane
2013-08-16,20.10,10.00,15.00,18.90,6.90,13.10,0.00,OPEN_METEO_ERA5_LAND,brisbane
2013-08-17,23.70,11.80,17.40,23.30,10.80,17.00,0.00,OPEN_METEO_ERA5_LAND,brisbane
2013-08-18,24.50,12.30,18.00,25.20,12.40,18.20,0.00,OPEN_METEO_ERA5_LAND,brisbane
2013-08-19,25.40,12.80,18.00,23.00,12.40,17.10,0.00,OPEN_METEO_ERA5_LAND,brisbane
2013-08-20,20.30,11.30,15.10,16.50,6.60,11.30,0.00,OPEN_METEO_ERA5_LAND,brisbane
2013-08-21,19.40,7.50,13.00,16.70,3.40,9.50,0.00,OPEN_METEO_ERA5_LAND,brisbane
2013-08-22,20.60,6.80,13.30,18.30,4.00,10.70,0.00,OPEN_METEO_ERA5_LAND,brisbane
2013-08-23,22.20,6.40,14.20,18.20,3.60,11.20,0.00,OPEN_METEO_ERA5_LAND,brisbane
2013-08-24,22.50,9.70,15.80,22.20,7.10,13.80,0.00,OPEN_METEO_ERA5_LAND,brisbane
2013-08-25,21.90,10.10,16.20,22.40,8.90,15.80,0.00,OPEN_METEO_ERA5_LAND,brisbane
2013-08-26,23.70,11.10,17.30,24.40,10.30,17.30,0.00,OPEN_METEO_ERA5_LAND,brisbane
2013-08-27,24.90,11.30,18.00,25.30,10.90,17.90,0.00,OPEN_METEO_ERA5_LAND,brisbane
2013-08-28,27.00,12.30,18.90,27.10,11.40,18.80,0.00,OPEN_METEO_ERA5_LAND,brisbane
2013-08-29,23.30,13.00,18.10,23.00,12.50,18.00,0.00,OPEN_METEO_ERA5_LAND,brisbane
2013-08-30,24.90,12.60,18.70,25.00,12.50,19.00,0.00,OPEN_METEO_ERA5_LAND,brisbane
2013-08-31,27.40,13.70,19.90,28.60,13.70,20.50,0.00,OPEN_METEO_ERA5_LAND,brisbane
2013-09-01,25.20,14.90,19.60,25.70,15.70,19.70,0.00,OPEN_METEO_ERA5_LAND,brisbane
2013-09-02,23.20,13.90,18.20,22.20,12.90,17.00,0.00,OPEN_METEO_ERA5_LAND,brisbane
2013-09-03,21.40,15.00,17.80,18.70,14.40,16.30,0.00,OPEN_METEO_ERA5_LAND,brisbane
2013-09-04,21.60,14.80,17.70,19.30,13.60,16.00,0.00,OPEN_METEO_ERA5_LAND,brisbane
2013-09-05,22.70,12.90,17.60,22.30,11.90,16.80,0.00,OPEN_METEO_ERA5_LAND,brisbane
2013-09-06,23.70,10.30,16.90,24.40,9.30,16.60,0.00,OPEN_METEO_ERA5_LAND,brisbane
2013-09-07,25.70,11.70,18.20,25.90,11.10,17.80,0.00,OPEN_METEO_ERA5_LAND,brisbane
2013-09-08,26.70,13.40,19.10,27.80,12.60,18.90,0.00,OPEN_METEO_ERA5_LAND,brisbane
2013-09-09,24.50,13.90,18.80,24.10,14.10,18.70,0.00,OPEN_METEO_ERA5_LAND,brisbane
2013-09-10,25.70,15.50,19.70,25.00,16.30,19.70,0.00,OPEN_METEO_ERA5_LAND,brisbane
2013-09-11,31.70,14.10,22.30,31.10,13.90,22.30,0.00,OPEN_METEO_ERA5_LAND,brisbane
2013-09-12,29.60,14.30,20.70,31.20,14.00,21.60,0.00,OPEN_METEO_ERA5_LAND,brisbane
2013-09-13,24.70,16.80,19.90,24.60,17.90,20.20,0.00,OPEN_METEO_ERA5_LAND,brisbane
2013-09-14,29.30,18.20,22.20,29.10,18.60,22.90,0.00,OPEN_METEO_ERA5_LAND,brisbane
2013-09-15,26.70,13.60,19.80,28.10,13.20,20.00,0.00,OPEN_METEO_ERA5_LAND,brisbane
2013-09-16,20.00,17.10,18.80,21.80,18.20,19.60,11.20,OPEN_METEO_ERA5_LAND,brisbane
2013-09-17,25.90,17.50,20.70,26.90,16.60,21.40,17.40,OPEN_METEO_ERA5_LAND,brisbane
2013-09-18,27.50,13.80,20.00,26.00,12.50,19.40,0.00,OPEN_METEO_ERA5_LAND,brisbane
2013-09-19,31.00,13.20,22.00,30.90,12.70,22.20,0.00,OPEN_METEO_ERA5_LAND,brisbane
2013-09-20,26.10,15.00,20.10,24.10,13.20,18.30,0.00,OPEN_METEO_ERA5_LAND,brisbane
2013-09-21,23.40,11.90,18.00,24.00,10.20,16.90,0.00,OPEN_METEO_ERA5_LAND,brisbane
2013-09-22,24.50,13.00,18.50,25.20,12.80,18.70,0.00,OPEN_METEO_ERA5_LAND,brisbane
2013-09-23,26.40,14.20,19.90,27.90,15.00,20.90,0.00,OPEN_METEO_ERA5_LAND,brisbane
2013-09-24,31.60,14.60,22.60,31.60,15.10,23.00,0.00,OPEN_METEO_ERA5_LAND,brisbane
2013-09-25,31.50,18.20,23.50,32.60,17.80,24.00,0.00,OPEN_METEO_ERA5_LAND,brisbane
2013-09-26,31.20,17.70,23.40,35.20,19.40,26.40,0.00,OPEN_METEO_ERA5_LAND,brisbane
2013-09-27,26.20,18.00,21.40,26.50,18.40,21.50,0.00,OPEN_METEO_ERA5_LAND,brisbane
2013-09-28,25.90,17.50,20.80,26.00,18.30,21.50,0.10,OPEN_METEO_ERA5_LAND,brisbane
2013-09-29,27.80,16.50,21.40,29.80,16.90,22.00,0.60,OPEN_METEO_ERA5_LAND,brisbane
2013-09-30,25.40,16.70,20.90,26.00,17.90,22.00,0.00,OPEN_METEO_ERA5_LAND,brisbane
2013-10-01,30.50,18.10,23.40,31.60,19.80,24.50,0.00,OPEN_METEO_ERA5_LAND,brisbane
2013-10-02,28.60,19.10,22.90,31.70,20.90,24.30,1.00,OPEN_METEO_ERA5_LAND,brisbane
2013-10-03,30.60,17.90,23.20,29.70,13.60,22.20,0.00,OPEN_METEO_ERA5_LAND,brisbane
2013-10-04,23.60,13.50,18.30,23.40,10.40,16.20,0.00,OPEN_METEO_ERA5_LAND,brisbane
2013-10-05,27.00,13.20,19.30,28.60,12.20,19.10,0.00,OPEN_METEO_ERA5_LAND,brisbane
2013-10-06,32.60,13.60,22.80,32.90,13.60,23.30,0.00,OPEN_METEO_ERA5_LAND,brisbane
2013-10-07,35.50,16.80,24.60,35.20,15.60,24.20,0.00,OPEN_METEO_ERA5_LAND,brisbane
2013-10-08,28.20,17.60,21.30,29.20,18.10,21.80,0.80,OPEN_METEO_ERA5_LAND,brisbane
2013-10-09,24.90,14.90,19.70,25.00,14.90,19.50,0.00,OPEN_METEO_ERA5_LAND,brisbane
2013-10-10,30.60,14.70,21.80,30.30,14.60,21.40,0.00,OPEN_METEO_ERA5_LAND,brisbane
2013-10-11,35.30,17.70,24.60,35.60,16.40,24.10,0.00,OPEN_METEO_ERA5_LAND,brisbane
2013-10-12,26.20,19.90,22.30,27.90,20.40,23.10,0.50,OPEN_METEO_ERA5_LAND,brisbane
2013-10-13,32.30,18.20,24.30,32.90,17.80,24.40,0.00,OPEN_METEO_ERA5_LAND,brisbane
2013-10-14,27.90,17.80,23.10,24.30,17.30,20.80,0.00,OPEN_METEO_ERA5_LAND,brisbane
2013-10-15,24.70,15.80,20.00,25.10,16.60,20.20,0.00,OPEN_METEO_ERA5_LAND,brisbane
2013-10-16,25.00,16.40,20.70,23.90,17.60,20.40,0.00,OPEN_METEO_ERA5_LAND,brisbane
2013-10-17,28.40,16.80,21.80,28.60,16.90,21.30,0.00,OPEN_METEO_ERA5_LAND,brisbane
2013-10-18,22.90,16.70,18.90,24.40,16.60,19.40,14.00,OPEN_METEO_ERA5_LAND,brisbane
2013-10-19,25.20,15.30,19.80,26.40,15.30,19.90,0.00,OPEN_METEO_ERA5_LAND,brisbane
2013-10-20,24.30,16.40,20.40,26.30,17.00,21.40,2.00,OPEN_METEO_ERA5_LAND,brisbane
2013-10-21,25.80,17.50,21.40,27.70,19.40,22.80,0.00,OPEN_METEO_ERA5_LAND,brisbane
2013-10-22,27.10,17.90,21.60,29.30,19.50,22.70,0.00,OPEN_METEO_ERA5_LAND,brisbane
2013-10-23,30.20,18.90,23.20,31.70,20.10,24.40,0.00,OPEN_METEO_ERA5_LAND,brisbane
2013-10-24,30.70,19.40,24.30,33.40,20.50,25.70,0.20,OPEN_METEO_ERA5_LAND,brisbane
2013-10-25,23.70,18.30,20.80,22.70,18.70,20.10,0.00,OPEN_METEO_ERA5_LAND,brisbane
2013-10-26,28.60,17.60,22.10,30.20,19.00,23.30,0.00,OPEN_METEO_ERA5_LAND,brisbane
2013-10-27,23.10,17.80,20.10,22.40,18.80,20.20,3.90,OPEN_METEO_ERA5_LAND,brisbane
2013-10-28,25.10,18.10,21.20,25.80,19.00,21.60,0.40,OPEN_METEO_ERA5_LAND,brisbane
2013-10-29,31.10,18.10,23.00,33.00,18.80,24.40,13.40,OPEN_METEO_ERA5_LAND,brisbane
2013-10-30,24.30,17.80,20.60,26.60,18.70,21.50,1.00,OPEN_METEO_ERA5_LAND,brisbane
2013-10-31,23.30,17.40,20.10,24.00,17.90,20.10,0.40,OPEN_METEO_ERA5_LAND,brisbane
2013-11-01,24.70,16.40,20.30,25.70,16.80,20.40,0.00,OPEN_METEO_ERA5_LAND,brisbane
2013-11-02,26.90,15.50,20.90,30.10,16.20,21.80,0.00,OPEN_METEO_ERA5_LAND,brisbane
2013-11-03,31.70,16.40,23.30,34.30,17.10,24.40,0.00,OPEN_METEO_ERA5_LAND,brisbane
2013-11-04,24.70,18.80,21.40,24.30,16.50,20.60,0.00,OPEN_METEO_ERA5_LAND,brisbane
2013-11-05,23.70,17.20,19.90,23.20,15.90,18.50,0.00,OPEN_METEO_ERA5_LAND,brisbane
2013-11-06,24.60,16.10,19.90,24.50,15.70,19.30,0.00,OPEN_METEO_ERA5_LAND,brisbane
2013-11-07,27.30,15.80,20.90,29.40,16.50,21.50,0.00,OPEN_METEO_ERA5_LAND,brisbane
2013-11-08,29.10,16.30,21.80,31.00,17.40,22.50,0.00,OPEN_METEO_ERA5_LAND,brisbane
2013-11-09,30.90,16.70,23.00,32.50,17.10,23.90,0.00,OPEN_METEO_ERA5_LAND,brisbane
2013-11-10,31.10,18.70,23.90,34.50,19.10,25.40,1.60,OPEN_METEO_ERA5_LAND,brisbane
2013-11-11,28.50,19.20,23.00,30.00,21.60,24.40,3.00,OPEN_METEO_ERA5_LAND,brisbane
2013-11-12,27.20,19.80,23.20,28.80,22.40,25.00,1.30,OPEN_METEO_ERA5_LAND,brisbane
2013-11-13,27.50,20.30,23.50,30.40,23.00,25.80,3.60,OPEN_METEO_ERA5_LAND,brisbane
2013-11-14,27.60,19.60,22.60,32.70,22.40,25.60,26.50,OPEN_METEO_ERA5_LAND,brisbane
2013-11-15,29.50,18.10,22.70,33.00,20.40,25.40,5.70,OPEN_METEO_ERA5_LAND,brisbane
2013-11-16,24.80,17.30,21.20,28.10,17.10,23.50,14.80,OPEN_METEO_ERA5_LAND,brisbane
2013-11-17,25.20,17.10,20.40,27.10,18.00,22.10,13.00,OPEN_METEO_ERA5_LAND,brisbane
2013-11-18,25.30,17.40,20.50,28.30,19.10,22.40,8.70,OPEN_METEO_ERA5_LAND,brisbane
2013-11-19,29.60,15.20,21.80,30.30,15.50,22.60,0.00,OPEN_METEO_ERA5_LAND,brisbane
2013-11-20,27.20,18.20,22.20,30.90,19.90,24.30,0.00,OPEN_METEO_ERA5_LAND,brisbane
2013-11-21,27.80,18.10,22.30,31.40,20.10,24.30,0.00,OPEN_METEO_ERA5_LAND,brisbane
2013-11-22,27.10,18.20,22.10,30.80,20.20,24.20,3.20,OPEN_METEO_ERA5_LAND,brisbane
2013-11-23,27.20,20.20,23.00,30.70,22.40,25.50,10.20,OPEN_METEO_ERA5_LAND,brisbane
2013-11-24,27.70,20.50,23.50,31.50,23.90,27.10,20.50,OPEN_METEO_ERA5_LAND,brisbane
2013-11-25,27.90,18.00,22.40,32.40,19.10,24.40,0.30,OPEN_METEO_ERA5_LAND,brisbane
2013-11-26,24.90,18.90,21.40,26.70,18.80,21.50,0.00,OPEN_METEO_ERA5_LAND,brisbane
2013-11-27,27.10,17.30,21.10,29.00,17.60,21.60,0.00,OPEN_METEO_ERA5_LAND,brisbane
2013-11-28,28.30,16.70,22.10,32.30,17.50,23.60,0.00,OPEN_METEO_ERA5_LAND,brisbane
2013-11-29,34.00,18.60,25.10,36.20,19.60,27.00,0.00,OPEN_METEO_ERA5_LAND,brisbane
2013-11-30,22.70,18.40,20.10,25.10,17.50,20.80,25.90,OPEN_METEO_ERA5_LAND,brisbane
2013-12-01,23.20,16.20,19.80,22.50,15.40,18.70,0.00,OPEN_METEO_ERA5_LAND,brisbane
2013-12-02,26.10,15.40,20.30,27.60,14.60,20.30,0.00,OPEN_METEO_ERA5_LAND,brisbane
2013-12-03,27.00,15.60,20.70,29.50,15.20,21.40,0.00,OPEN_METEO_ERA5_LAND,brisbane
2013-12-04,27.90,15.20,21.60,31.50,15.70,23.00,0.00,OPEN_METEO_ERA5_LAND,brisbane
2013-12-05,33.80,19.20,25.70,35.70,19.70,26.90,0.00,OPEN_METEO_ERA5_LAND,brisbane
2013-12-06,28.80,17.60,22.00,28.90,14.50,20.20,0.00,OPEN_METEO_ERA5_LAND,brisbane
2013-12-07,25.90,15.80,20.90,28.40,15.90,21.20,0.00,OPEN_METEO_ERA5_LAND,brisbane
2013-12-08,25.70,17.40,21.70,27.30,18.60,22.40,0.00,OPEN_METEO_ERA5_LAND,brisbane
2013-12-09,27.50,18.20,22.30,30.10,19.40,23.30,0.00,OPEN_METEO_ERA5_LAND,brisbane
2013-12-10,29.90,19.00,23.80,33.10,19.60,25.10,0.00,OPEN_METEO_ERA5_LAND,brisbane
2013-12-11,30.40,21.00,25.00,33.90,22.70,28.00,7.40,OPEN_METEO_ERA5_LAND,brisbane
2013-12-12,23.90,20.70,22.60,27.40,23.00,25.30,2.70,OPEN_METEO_ERA5_LAND,brisbane
2013-12-13,28.20,17.60,23.20,33.40,19.60,26.10,0.90,OPEN_METEO_ERA5_LAND,brisbane
2013-12-14,28.90,20.80,23.90,34.00,24.20,27.10,0.40,OPEN_METEO_ERA5_LAND,brisbane
2013-12-15,28.80,20.50,24.00,33.50,23.30,26.80,0.60,OPEN_METEO_ERA5_LAND,brisbane
2013-12-16,26.80,21.10,23.40,29.70,23.40,25.30,0.60,OPEN_METEO_ERA5_LAND,brisbane
2013-12-17,25.40,20.40,22.60,26.50,21.80,23.50,1.30,OPEN_METEO_ERA5_LAND,brisbane
2013-12-18,25.40,18.70,22.10,25.90,19.90,22.50,0.30,OPEN_METEO_ERA5_LAND,brisbane
2013-12-19,24.70,18.90,21.90,24.20,19.10,21.70,0.00,OPEN_METEO_ERA5_LAND,brisbane
2013-12-20,27.50,18.20,22.60,29.90,19.40,23.90,0.00,OPEN_METEO_ERA5_LAND,brisbane
2013-12-21,29.50,17.30,23.40,32.70,18.80,25.00,0.00,OPEN_METEO_ERA5_LAND,brisbane
2013-12-22,29.10,19.50,23.80,32.00,21.40,25.50,0.00,OPEN_METEO_ERA5_LAND,brisbane
2013-12-23,30.20,19.20,24.20,33.30,21.10,25.60,0.00,OPEN_METEO_ERA5_LAND,brisbane
2013-12-24,32.30,20.20,25.50,36.00,21.10,27.30,0.00,OPEN_METEO_ERA5_LAND,brisbane
2013-12-25,28.90,22.30,24.80,31.80,25.00,27.00,1.10,OPEN_METEO_ERA5_LAND,brisbane
2013-12-26,32.20,20.70,25.70,36.60,23.60,28.50,0.00,OPEN_METEO_ERA5_LAND,brisbane
2013-12-27,28.50,21.60,24.70,31.80,24.20,27.30,2.20,OPEN_METEO_ERA5_LAND,brisbane
2013-12-28,27.30,21.10,24.30,30.10,23.40,26.90,0.40,OPEN_METEO_ERA5_LAND,brisbane
2013-12-29,36.20,21.50,27.70,42.20,24.70,31.70,0.00,OPEN_METEO_ERA5_LAND,brisbane
2013-12-30,28.50,22.10,24.80,31.10,23.40,26.20,0.00,OPEN_METEO_ERA5_LAND,brisbane
2013-12-31,27.40,22.50,24.00,30.10,24.70,26.50,2.20,OPEN_METEO_ERA5_LAND,brisbane
2014-01-01,29.10,21.40,24.50,31.40,23.80,26.40,0.10,OPEN_METEO_ERA5_LAND,brisbane
2014-01-02,31.70,19.60,25.00,35.50,21.80,27.30,0.00,OPEN_METEO_ERA5_LAND,brisbane
2014-01-03,35.90,22.90,28.80,41.20,25.10,32.00,0.00,OPEN_METEO_ERA5_LAND,brisbane
2014-01-04,42.70,25.30,32.00,45.80,28.10,34.50,0.00,OPEN_METEO_ERA5_LAND,brisbane
2014-01-05,32.50,23.90,27.40,36.20,26.50,30.70,0.00,OPEN_METEO_ERA5_LAND,brisbane
2014-01-06,32.80,24.80,27.70,39.30,30.30,33.30,8.20,OPEN_METEO_ERA5_LAND,brisbane
2014-01-07,27.40,22.20,24.60,31.00,22.70,26.00,4.10,OPEN_METEO_ERA5_LAND,brisbane
2014-01-08,26.80,21.60,23.70,27.50,22.00,23.90,0.00,OPEN_METEO_ERA5_LAND,brisbane
2014-01-09,24.80,20.80,22.60,24.50,21.70,22.80,0.50,OPEN_METEO_ERA5_LAND,brisbane
2014-01-10,25.00,20.30,22.70,26.00,21.70,24.00,2.50,OPEN_METEO_ERA5_LAND,brisbane
2014-01-11,26.70,20.30,23.50,28.90,22.30,25.30,0.20,OPEN_METEO_ERA5_LAND,brisbane
2014-01-12,27.60,19.30,23.60,29.60,21.30,25.40,0.00,OPEN_METEO_ERA5_LAND,brisbane
2014-01-13,27.40,20.40,23.70,27.70,21.80,24.50,0.00,OPEN_METEO_ERA5_LAND,brisbane
2014-01-14,27.80,20.80,24.10,29.10,22.70,25.30,0.50,OPEN_METEO_ERA5_LAND,brisbane
2014-01-15,27.30,21.10,24.20,28.00,23.10,25.30,0.30,OPEN_METEO_ERA5_LAND,brisbane
2014-01-16,27.00,21.10,23.90,28.80,23.30,25.70,2.50,OPEN_METEO_ERA5_LAND,brisbane
2014-01-17,28.50,21.40,24.30,30.90,23.80,26.00,0.90,OPEN_METEO_ERA5_LAND,brisbane
2014-01-18,27.60,20.80,24.10,28.90,22.70,25.40,0.00,OPEN_METEO_ERA5_LAND,brisbane
2014-01-19,31.20,20.40,24.70,34.60,22.70,27.20,0.00,OPEN_METEO_ERA5_LAND,brisbane
2014-01-20,32.40,20.70,25.70,37.90,23.70,29.10,0.00,OPEN_METEO_ERA5_LAND,brisbane
2014-01-21,34.60,22.30,27.60,39.20,26.00,31.10,0.00,OPEN_METEO_ERA5_LAND,brisbane
2014-01-22,34.00,23.50,27.80,39.60,27.20,31.60,1.10,OPEN_METEO_ERA5_LAND,brisbane
2014-01-23,25.20,20.60,23.30,29.30,22.50,26.60,36.00,OPEN_METEO_ERA5_LAND,brisbane
2014-01-24,27.00,20.40,23.70,31.20,22.30,26.80,2.20,OPEN_METEO_ERA5_LAND,brisbane
2014-01-25,28.10,21.80,24.10,32.20,22.60,26.70,3.70,OPEN_METEO_ERA5_LAND,brisbane
2014-01-26,26.20,21.40,23.30,25.90,20.70,22.40,0.00,OPEN_METEO_ERA5_LAND,brisbane
2014-01-27,24.90,20.60,22.60,24.10,20.10,22.10,0.40,OPEN_METEO_ERA5_LAND,brisbane
2014-01-28,25.10,20.80,22.70,24.80,21.00,22.50,0.40,OPEN_METEO_ERA5_LAND,brisbane
2014-01-29,25.10,20.30,22.50,25.40,20.80,22.90,1.20,OPEN_METEO_ERA5_LAND,brisbane
2014-01-30,25.10,20.90,22.90,24.60,21.20,23.00,0.90,OPEN_METEO_ERA5_LAND,brisbane
2014-01-31,24.00,21.20,22.40,23.90,21.40,22.80,0.30,OPEN_METEO_ERA5_LAND,brisbane
2014-02-01,26.00,21.10,23.30,26.30,22.20,23.60,0.00,OPEN_METEO_ERA5_LAND,brisbane
2014-02-02,26.60,21.30,23.50,27.60,22.50,24.40,0.00,OPEN_METEO_ERA5_LAND,brisbane
2014-02-03,27.00,20.20,23.20,27.30,21.30,23.80,0.20,OPEN_METEO_ERA5_LAND,brisbane
2014-02-04,27.10,19.40,23.20,28.90,21.10,24.50,0.30,OPEN_METEO_ERA5_LAND,brisbane
2014-02-05,28.30,20.20,23.00,28.60,20.20,23.70,3.40,OPEN_METEO_ERA5_LAND,brisbane
2014-02-06,24.80,19.30,21.90,24.40,19.10,21.90,0.40,OPEN_METEO_ERA5_LAND,brisbane
2014-02-07,25.20,19.40,22.30,24.70,20.80,23.10,0.20,OPEN_METEO_ERA5_LAND,brisbane
2014-02-08,26.50,19.50,23.00,27.00,21.30,24.20,0.00,OPEN_METEO_ERA5_LAND,brisbane
2014-02-09,26.80,21.00,23.80,28.80,23.00,26.10,0.00,OPEN_METEO_ERA5_LAND,brisbane
2014-02-10,27.20,20.80,23.60,29.20,22.70,25.80,0.00,OPEN_METEO_ERA5_LAND,brisbane
2014-02-11,28.10,19.70,23.40,30.30,21.50,24.90,0.00,OPEN_METEO_ERA5_LAND,brisbane
2014-02-12,29.70,18.70,23.60,31.90,20.30,25.20,0.00,OPEN_METEO_ERA5_LAND,brisbane
2014-02-13,28.20,19.50,23.90,30.20,22.10,26.20,0.00,OPEN_METEO_ERA5_LAND,brisbane
2014-02-14,30.60,21.50,25.00,33.40,24.90,27.50,0.00,OPEN_METEO_ERA5_LAND,brisbane
2014-02-15,34.30,22.20,27.00,37.40,24.40,29.50,0.00,OPEN_METEO_ERA5_LAND,brisbane
2014-02-16,35.30,23.80,28.20,38.50,26.50,30.90,0.00,OPEN_METEO_ERA5_LAND,brisbane
2014-02-17,33.40,23.80,27.10,37.80,26.80,30.10,0.40,OPEN_METEO_ERA5_LAND,brisbane
2014-02-18,29.50,23.20,25.60,34.40,27.10,29.70,2.60,OPEN_METEO_ERA5_LAND,brisbane
2014-02-19,32.70,22.80,26.80,36.40,26.70,30.00,1.00,OPEN_METEO_ERA5_LAND,brisbane
2014-02-20,31.60,24.30,27.20,35.80,27.90,30.90,0.30,OPEN_METEO_ERA5_LAND,brisbane
2014-02-21,32.70,24.40,27.30,39.00,26.70,31.40,0.20,OPEN_METEO_ERA5_LAND,brisbane
2014-02-22,26.30,22.70,24.60,27.00,23.50,25.70,0.10,OPEN_METEO_ERA5_LAND,brisbane
2014-02-23,27.50,21.60,23.90,26.70,21.80,23.50,0.00,OPEN_METEO_ERA5_LAND,brisbane
2014-02-24,26.80,19.70,23.00,27.30,21.40,23.60,1.60,OPEN_METEO_ERA5_LAND,brisbane
2014-02-25,26.90,19.70,23.10,27.80,21.40,24.20,1.00,OPEN_METEO_ERA5_LAND,brisbane
2014-02-26,27.00,19.10,23.10,27.80,20.90,24.40,0.20,OPEN_METEO_ERA5_LAND,brisbane
2014-02-27,30.10,19.30,24.30,32.60,21.50,25.90,0.00,OPEN_METEO_ERA5_LAND,brisbane
2014-02-28,25.90,21.30,23.50,27.20,22.40,24.50,1.60,OPEN_METEO_ERA5_LAND,brisbane
2014-03-01,26.80,21.10,23.80,27.20,22.70,24.60,0.00,OPEN_METEO_ERA5_LAND,brisbane
2014-03-02,28.20,20.60,24.30,29.00,22.30,25.40,0.00,OPEN_METEO_ERA5_LAND,brisbane
2014-03-03,26.30,21.30,23.60,27.60,22.60,24.80,0.90,OPEN_METEO_ERA5_LAND,brisbane
2014-03-04,26.20,19.80,22.60,25.30,21.40,23.20,2.90,OPEN_METEO_ERA5_LAND,brisbane
2014-03-05,25.60,19.40,22.20,26.90,21.30,23.70,1.20,OPEN_METEO_ERA5_LAND,brisbane
2014-03-06,27.30,17.50,22.70,28.80,18.80,23.80,0.00,OPEN_METEO_ERA5_LAND,brisbane
2014-03-07,26.20,19.40,22.70,27.40,20.90,23.90,1.10,OPEN_METEO_ERA5_LAND,brisbane
2014-03-08,26.90,20.40,23.10,26.30,21.50,23.30,0.00,OPEN_METEO_ERA5_LAND,brisbane
2014-03-09,24.50,20.20,22.50,24.60,21.20,23.00,2.00,OPEN_METEO_ERA5_LAND,brisbane
2014-03-10,26.10,19.90,22.70,26.00,21.00,23.10,2.60,OPEN_METEO_ERA5_LAND,brisbane
2014-03-11,25.60,19.90,22.40,26.50,20.80,22.90,0.30,OPEN_METEO_ERA5_LAND,brisbane
2014-03-12,26.80,18.70,22.50,27.90,19.60,23.60,0.00,OPEN_METEO_ERA5_LAND,brisbane
2014-03-13,26.60,18.30,22.30,27.80,19.70,23.50,0.80,OPEN_METEO_ERA5_LAND,brisbane
2014-03-14,26.40,18.60,22.40,27.80,20.10,23.70,0.60,OPEN_METEO_ERA5_LAND,brisbane
2014-03-15,27.40,18.30,22.80,30.10,20.10,24.60,0.00,OPEN_METEO_ERA5_LAND,brisbane
2014-03-16,33.60,19.60,25.60,35.90,21.00,27.80,0.20,OPEN_METEO_ERA5_LAND,brisbane
2014-03-17,31.10,21.50,25.40,34.90,23.70,27.90,0.00,OPEN_METEO_ERA5_LAND,brisbane
2014-03-18,28.90,22.60,25.10,32.50,25.80,28.50,0.80,OPEN_METEO_ERA5_LAND,brisbane
2014-03-19,28.20,22.60,24.90,31.00,25.10,27.80,0.40,OPEN_METEO_ERA5_LAND,brisbane
2014-03-20,27.10,21.50,23.90,28.40,23.20,25.20,0.80,OPEN_METEO_ERA5_LAND,brisbane
2014-03-21,26.40,20.50,23.30,27.30,22.40,24.70,1.50,OPEN_METEO_ERA5_LAND,brisbane
2014-03-22,27.40,19.80,23.10,29.90,22.10,25.40,0.40,OPEN_METEO_ERA5_LAND,brisbane
2014-03-23,28.60,19.30,23.40,32.40,21.50,26.00,1.90,OPEN_METEO_ERA5_LAND,brisbane
2014-03-24,27.90,21.30,23.70,31.30,25.20,26.80,1.60,OPEN_METEO_ERA5_LAND,brisbane
2014-03-25,24.90,20.40,22.40,28.10,23.30,25.60,10.70,OPEN_METEO_ERA5_LAND,brisbane
2014-03-26,25.40,21.30,23.30,26.30,24.00,25.10,4.50,OPEN_METEO_ERA5_LAND,brisbane
2014-03-27,22.90,21.80,22.40,25.40,23.90,24.60,68.30,OPEN_METEO_ERA5_LAND,brisbane
2014-03-28,27.30,21.10,23.50,31.30,24.30,27.20,18.60,OPEN_METEO_ERA5_LAND,brisbane
2014-03-29,30.10,20.80,24.90,35.40,24.70,29.10,0.30,OPEN_METEO_ERA5_LAND,brisbane
2014-03-30,28.20,22.20,24.10,33.70,25.80,28.50,5.40,OPEN_METEO_ERA5_LAND,brisbane
2014-03-31,26.90,21.00,23.30,30.60,23.80,26.00,0.80,OPEN_METEO_ERA5_LAND,brisbane
2014-04-01,26.30,20.20,22.80,29.50,22.90,25.20,1.20,OPEN_METEO_ERA5_LAND,brisbane
2014-04-02,26.30,20.30,22.80,29.60,22.90,25.30,0.00,OPEN_METEO_ERA5_LAND,brisbane
2014-04-03,27.00,18.80,22.50,29.70,20.90,24.80,0.00,OPEN_METEO_ERA5_LAND,brisbane
2014-04-04,26.70,18.50,22.40,28.80,20.40,24.80,0.00,OPEN_METEO_ERA5_LAND,brisbane
2014-04-05,28.20,20.20,23.60,32.30,23.40,26.70,0.00,OPEN_METEO_ERA5_LAND,brisbane
2014-04-06,28.90,20.80,23.50,33.40,23.40,26.80,6.20,OPEN_METEO_ERA5_LAND,brisbane
2014-04-07,25.30,19.00,21.70,25.20,18.80,21.80,0.00,OPEN_METEO_ERA5_LAND,brisbane
2014-04-08,24.80,17.40,20.80,24.90,17.30,21.20,0.30,OPEN_METEO_ERA5_LAND,brisbane
2014-04-09,24.00,18.30,21.00,23.60,19.40,21.80,0.00,OPEN_METEO_ERA5_LAND,brisbane
2014-04-10,24.00,17.90,20.80,24.80,19.00,22.00,0.00,OPEN_METEO_ERA5_LAND,brisbane
2014-04-11,28.60,16.50,22.10,30.40,17.40,23.90,0.00,OPEN_METEO_ERA5_LAND,brisbane
2014-04-12,31.00,20.40,24.80,33.00,21.70,26.90,0.00,OPEN_METEO_ERA5_LAND,brisbane
2014-04-13,24.40,20.20,22.10,26.10,22.10,24.00,7.20,OPEN_METEO_ERA5_LAND,brisbane
2014-04-14,24.70,19.60,21.50,23.90,19.90,21.70,2.40,OPEN_METEO_ERA5_LAND,brisbane
2014-04-15,23.70,17.90,20.60,24.00,18.00,20.50,0.60,OPEN_METEO_ERA5_LAND,brisbane
2014-04-16,25.60,15.80,20.40,26.20,16.00,20.80,0.00,OPEN_METEO_ERA5_LAND,brisbane
2014-04-17,25.80,14.90,20.30,27.30,15.40,21.00,0.00,OPEN_METEO_ERA5_LAND,brisbane
2014-04-18,25.80,16.60,20.80,27.60,17.70,22.20,0.00,OPEN_METEO_ERA5_LAND,brisbane
2014-04-19,26.80,13.30,20.50,26.80,12.80,20.60,0.00,OPEN_METEO_ERA5_LAND,brisbane
2014-04-20,26.40,15.20,21.10,28.10,15.80,22.10,0.00,OPEN_METEO_ERA5_LAND,brisbane
2014-04-21,27.10,16.50,21.30,29.20,17.90,22.70,0.00,OPEN_METEO_ERA5_LAND,brisbane
2014-04-22,25.90,16.30,21.00,27.80,17.70,22.20,0.00,OPEN_METEO_ERA5_LAND,brisbane
2014-04-23,26.90,16.10,21.10,28.10,17.00,22.30,0.00,OPEN_METEO_ERA5_LAND,brisbane
2014-04-24,26.90,16.30,21.30,28.80,17.50,23.10,0.00,OPEN_METEO_ERA5_LAND,brisbane
2014-04-25,27.20,16.00,21.20,29.00,17.40,23.00,0.00,OPEN_METEO_ERA5_LAND,brisbane
2014-04-26,25.90,17.10,21.30,27.90,17.90,22.90,0.00,OPEN_METEO_ERA5_LAND,brisbane
2014-04-27,27.40,17.70,21.90,28.60,19.40,23.50,0.10,OPEN_METEO_ERA5_LAND,brisbane
2014-04-28,23.10,18.40,20.10,21.90,18.80,20.40,1.10,OPEN_METEO_ERA5_LAND,brisbane
2014-04-29,24.40,16.30,20.10,24.70,16.20,20.20,0.00,OPEN_METEO_ERA5_LAND,brisbane
2014-04-30,26.40,14.10,20.40,27.10,14.50,21.40,1.70,OPEN_METEO_ERA5_LAND,brisbane
2014-05-01,24.20,16.90,20.30,26.10,18.20,21.90,0.10,OPEN_METEO_ERA5_LAND,brisbane
2014-05-02,22.50,17.50,19.60,24.30,19.10,21.50,12.40,OPEN_METEO_ERA5_LAND,brisbane
2014-05-03,20.60,13.10,16.70,17.50,9.70,13.60,0.00,OPEN_METEO_ERA5_LAND,brisbane
2014-05-04,19.40,10.80,14.50,15.10,6.30,10.70,0.00,OPEN_METEO_ERA5_LAND,brisbane
2014-05-05,20.90,10.10,15.20,18.70,8.10,13.00,0.00,OPEN_METEO_ERA5_LAND,brisbane
2014-05-06,21.30,9.30,15.40,20.70,7.20,14.00,0.00,OPEN_METEO_ERA5_LAND,brisbane
2014-05-07,21.70,12.50,16.70,21.20,10.70,15.70,0.00,OPEN_METEO_ERA5_LAND,brisbane
2014-05-08,20.30,15.40,17.20,18.70,14.60,16.40,0.00,OPEN_METEO_ERA5_LAND,brisbane
2014-05-09,22.00,14.50,17.80,20.20,13.30,16.90,0.00,OPEN_METEO_ERA5_LAND,brisbane
2014-05-10,21.70,14.20,17.70,21.30,13.70,17.70,0.00,OPEN_METEO_ERA5_LAND,brisbane
2014-05-11,23.00,13.00,17.90,23.50,13.00,18.50,0.00,OPEN_METEO_ERA5_LAND,brisbane
2014-05-12,22.10,13.60,17.90,22.50,13.40,18.10,0.30,OPEN_METEO_ERA5_LAND,brisbane
2014-05-13,22.20,14.90,18.00,20.90,14.50,17.40,0.00,OPEN_METEO_ERA5_LAND,brisbane
2014-05-14,21.20,14.80,17.60,19.60,14.00,16.90,0.50,OPEN_METEO_ERA5_LAND,brisbane
2014-05-15,22.60,15.20,18.30,21.60,15.30,18.00,0.80,OPEN_METEO_ERA5_LAND,brisbane
2014-05-16,21.80,15.40,18.00,21.00,14.90,17.80,1.40,OPEN_METEO_ERA5_LAND,brisbane
2014-05-17,22.90,14.60,18.30,20.90,14.50,17.80,0.00,OPEN_METEO_ERA5_LAND,brisbane
2014-05-18,22.80,16.00,19.00,21.30,16.50,18.80,0.00,OPEN_METEO_ERA5_LAND,brisbane
2014-05-19,22.40,15.30,18.30,21.70,15.20,18.40,0.00,OPEN_METEO_ERA5_LAND,brisbane
2014-05-20,22.40,13.90,18.30,22.60,13.80,18.90,0.00,OPEN_METEO_ERA5_LAND,brisbane
2014-05-21,23.90,14.20,19.00,23.90,14.70,19.70,0.00,OPEN_METEO_ERA5_LAND,brisbane
2014-05-22,22.70,16.00,18.90,23.80,16.90,20.10,0.60,OPEN_METEO_ERA5_LAND,brisbane
2014-05-23,23.60,16.20,19.80,24.40,17.50,21.40,1.90,OPEN_METEO_ERA5_LAND,brisbane
2014-05-24,25.30,15.40,19.80,25.30,16.40,20.90,0.60,OPEN_METEO_ERA5_LAND,brisbane
2014-05-25,26.00,12.90,19.10,26.20,12.70,19.40,0.00,OPEN_METEO_ERA5_LAND,brisbane
2014-05-26,26.30,13.00,19.50,26.50,12.90,20.00,0.00,OPEN_METEO_ERA5_LAND,brisbane
2014-05-27,24.40,14.20,19.20,25.20,15.00,20.20,0.00,OPEN_METEO_ERA5_LAND,brisbane
2014-05-28,26.40,16.30,20.70,26.90,16.90,21.70,0.00,OPEN_METEO_ERA5_LAND,brisbane
2014-05-29,25.90,14.80,20.20,27.30,15.50,21.30,0.00,OPEN_METEO_ERA5_LAND,brisbane
2014-05-30,23.60,17.40,19.80,23.10,18.40,20.40,0.30,OPEN_METEO_ERA5_LAND,brisbane
2014-05-31,20.80,16.50,18.30,21.50,17.20,19.20,3.20,OPEN_METEO_ERA5_LAND,brisbane
2014-06-01,23.00,15.80,18.80,23.00,16.70,19.60,1.40,OPEN_METEO_ERA5_LAND,brisbane
2014-06-02,23.60,14.60,19.30,25.40,15.30,20.70,0.30,OPEN_METEO_ERA5_LAND,brisbane
2014-06-03,24.20,15.50,19.40,25.40,16.40,20.80,3.70,OPEN_METEO_ERA5_LAND,brisbane
2014-06-04,24.00,13.00,18.30,24.00,12.80,18.80,0.00,OPEN_METEO_ERA5_LAND,brisbane
2014-06-05,23.60,13.30,18.20,23.40,12.80,18.20,0.00,OPEN_METEO_ERA5_LAND,brisbane
2014-06-06,22.60,14.40,18.20,22.20,14.50,18.50,0.00,OPEN_METEO_ERA5_LAND,brisbane
2014-06-07,23.00,14.20,17.80,21.90,13.60,17.10,0.00,OPEN_METEO_ERA5_LAND,brisbane
2014-06-08,21.20,13.80,17.00,20.00,12.60,16.00,0.00,OPEN_METEO_ERA5_LAND,brisbane
2014-06-09,20.60,13.80,16.60,18.30,11.80,14.80,0.00,OPEN_METEO_ERA5_LAND,brisbane
2014-06-10,20.90,13.30,16.50,18.50,11.30,14.60,0.00,OPEN_METEO_ERA5_LAND,brisbane
2014-06-11,20.20,13.60,16.40,18.10,12.10,14.90,0.00,OPEN_METEO_ERA5_LAND,brisbane
2014-06-12,21.20,13.60,16.90,20.00,12.60,16.20,0.00,OPEN_METEO_ERA5_LAND,brisbane
2014-06-13,20.60,13.80,16.90,21.30,13.90,17.50,1.60,OPEN_METEO_ERA5_LAND,brisbane
2014-06-14,18.30,12.90,16.20,19.10,12.90,16.50,1.30,OPEN_METEO_ERA5_LAND,brisbane
2014-06-15,19.80,11.00,14.80,16.10,8.80,12.30,0.00,OPEN_METEO_ERA5_LAND,brisbane
2014-06-16,20.10,9.30,14.20,19.20,6.90,12.40,0.00,OPEN_METEO_ERA5_LAND,brisbane
2014-06-17,20.60,8.00,14.00,18.90,5.80,12.40,0.00,OPEN_METEO_ERA5_LAND,brisbane
2014-06-18,21.20,10.40,15.40,19.50,8.40,14.10,0.00,OPEN_METEO_ERA5_LAND,brisbane
2014-06-19,20.50,13.40,16.60,20.00,12.60,16.50,0.00,OPEN_METEO_ERA5_LAND,brisbane
2014-06-20,20.20,14.50,16.90,21.60,14.90,17.70,0.50,OPEN_METEO_ERA5_LAND,brisbane
2014-06-21,22.60,12.70,17.40,23.20,12.70,18.00,0.40,OPEN_METEO_ERA5_LAND,brisbane
2014-06-22,22.60,13.10,17.30,22.10,13.70,17.70,0.10,OPEN_METEO_ERA5_LAND,brisbane
2014-06-23,22.20,10.40,16.10,21.00,9.70,15.80,0.00,OPEN_METEO_ERA5_LAND,brisbane
2014-06-24,20.70,13.00,16.00,16.00,9.70,12.90,0.00,OPEN_METEO_ERA5_LAND,brisbane
2014-06-25,20.80,12.30,15.30,17.40,8.10,11.70,0.00,OPEN_METEO_ERA5_LAND,brisbane
2014-06-26,22.00,8.70,14.70,19.80,6.20,12.50,0.00,OPEN_METEO_ERA5_LAND,brisbane
2014-06-27,21.50,5.90,13.60,19.20,3.70,11.80,0.00,OPEN_METEO_ERA5_LAND,brisbane
2014-06-28,22.90,11.50,17.00,20.80,11.20,16.30,0.00,OPEN_METEO_ERA5_LAND,brisbane
2014-06-29,19.20,11.70,15.20,15.20,7.70,11.30,0.00,OPEN_METEO_ERA5_LAND,brisbane
2014-06-30,18.00,8.90,13.10,13.40,5.70,9.30,0.00,OPEN_METEO_ERA5_LAND,brisbane
2014-07-01,18.30,7.60,12.60,15.10,3.90,9.50,0.00,OPEN_METEO_ERA5_LAND,brisbane
2014-07-02,19.70,5.60,12.50,17.70,3.00,10.40,0.00,OPEN_METEO_ERA5_LAND,brisbane
2014-07-03,21.00,7.10,13.90,19.70,4.70,12.40,0.00,OPEN_METEO_ERA5_LAND,brisbane
2014-07-04,21.40,9.60,15.70,21.20,8.30,15.00,0.00,OPEN_METEO_ERA5_LAND,brisbane
2014-07-05,23.30,11.70,17.10,21.30,11.10,15.80,0.00,OPEN_METEO_ERA5_LAND,brisbane
2014-07-06,19.50,9.60,14.10,15.30,5.90,10.30,0.00,OPEN_METEO_ERA5_LAND,brisbane
2014-07-07,18.70,8.20,12.90,15.20,4.50,9.30,0.00,OPEN_METEO_ERA5_LAND,brisbane
2014-07-08,20.10,5.60,12.70,17.40,3.00,10.20,0.00,OPEN_METEO_ERA5_LAND,brisbane
2014-07-09,22.40,5.60,14.00,18.90,3.00,11.10,0.00,OPEN_METEO_ERA5_LAND,brisbane
2014-07-10,18.60,10.70,14.10,13.00,6.50,9.40,0.00,OPEN_METEO_ERA5_LAND,brisbane
2014-07-11,20.40,8.40,13.60,17.00,4.40,9.70,0.00,OPEN_METEO_ERA5_LAND,brisbane
2014-07-12,21.50,5.90,13.10,17.70,2.50,9.50,0.00,OPEN_METEO_ERA5_LAND,brisbane
2014-07-13,19.40,6.40,12.80,16.80,3.40,9.70,0.00,OPEN_METEO_ERA5_LAND,brisbane
2014-07-14,19.70,10.00,14.40,16.40,6.90,11.90,0.00,OPEN_METEO_ERA5_LAND,brisbane
2014-07-15,19.60,12.10,15.40,17.80,10.60,14.40,0.30,OPEN_METEO_ERA5_LAND,brisbane
2014-07-16,21.80,11.00,15.20,21.10,10.50,15.00,0.90,OPEN_METEO_ERA5_LAND,brisbane
2014-07-17,21.10,9.00,14.30,17.20,7.30,12.00,0.00,OPEN_METEO_ERA5_LAND,brisbane
2014-07-18,17.00,9.60,12.80,10.50,4.90,8.10,0.00,OPEN_METEO_ERA5_LAND,brisbane
2014-07-19,19.00,7.10,12.30,14.60,2.90,8.30,0.00,OPEN_METEO_ERA5_LAND,brisbane
2014-07-20,21.40,7.70,14.00,18.90,4.40,11.60,0.00,OPEN_METEO_ERA5_LAND,brisbane
2014-07-21,19.10,11.80,14.90,18.20,10.50,14.00,3.40,OPEN_METEO_ERA5_LAND,brisbane
2014-07-22,18.90,10.60,14.30,19.30,9.70,13.90,0.80,OPEN_METEO_ERA5_LAND,brisbane
2014-07-23,19.80,8.60,13.90,18.70,7.00,12.80,0.00,OPEN_METEO_ERA5_LAND,brisbane
2014-07-24,19.90,10.10,15.30,19.10,9.10,14.70,0.30,OPEN_METEO_ERA5_LAND,brisbane
2014-07-25,22.10,9.40,15.70,21.70,8.30,15.50,0.00,OPEN_METEO_ERA5_LAND,brisbane
2014-07-26,23.00,12.50,17.20,22.40,12.70,17.40,1.30,OPEN_METEO_ERA5_LAND,brisbane
2014-07-27,22.30,11.90,16.50,20.40,10.80,15.40,0.00,OPEN_METEO_ERA5_LAND,brisbane
2014-07-28,22.40,8.90,15.50,20.40,7.50,14.40,0.00,OPEN_METEO_ERA5_LAND,brisbane
2014-07-29,23.10,7.50,15.10,19.70,5.00,12.60,0.00,OPEN_METEO_ERA5_LAND,brisbane
2014-07-30,24.20,6.90,15.40,21.30,4.40,13.40,0.00,OPEN_METEO_ERA5_LAND,brisbane
2014-07-31,24.50,7.60,16.10,22.70,5.40,14.60,0.00,OPEN_METEO_ERA5_LAND,brisbane
2014-08-01,26.80,13.40,19.10,24.50,12.90,17.60,0.00,OPEN_METEO_ERA5_LAND,brisbane
2014-08-02,19.80,11.40,15.00,16.40,6.80,11.10,0.00,OPEN_METEO_ERA5_LAND,brisbane
2014-08-03,18.80,9.90,14.30,16.30,6.50,12.00,0.00,OPEN_METEO_ERA5_LAND,brisbane
2014-08-04,18.60,12.80,15.40,16.20,11.50,13.80,1.20,OPEN_METEO_ERA5_LAND,brisbane
2014-08-05,19.40,11.20,15.00,17.30,9.40,13.30,0.00,OPEN_METEO_ERA5_LAND,brisbane
2014-08-06,19.20,10.50,14.90,17.10,8.30,13.30,0.00,OPEN_METEO_ERA5_LAND,brisbane
2014-08-07,22.40,8.40,15.20,21.50,6.90,14.00,0.00,OPEN_METEO_ERA5_LAND,brisbane
2014-08-08,20.70,9.80,15.30,19.60,8.00,14.20,0.00,OPEN_METEO_ERA5_LAND,brisbane
2014-08-09,19.90,11.30,15.80,18.60,10.10,15.00,0.70,OPEN_METEO_ERA5_LAND,brisbane
2014-08-10,22.90,10.60,16.60,22.10,9.90,16.20,0.00,OPEN_METEO_ERA5_LAND,brisbane
2014-08-11,24.40,10.90,17.20,22.70,9.80,15.90,0.00,OPEN_METEO_ERA5_LAND,brisbane
2014-08-12,19.80,11.80,15.40,18.20,10.20,13.70,0.50,OPEN_METEO_ERA5_LAND,brisbane
2014-08-13,19.20,11.40,14.80,17.40,9.50,12.90,0.00,OPEN_METEO_ERA5_LAND,brisbane
2014-08-14,19.40,11.50,15.20,17.30,10.10,13.50,0.50,OPEN_METEO_ERA5_LAND,brisbane
2014-08-15,20.40,12.40,16.10,17.40,11.30,14.60,0.10,OPEN_METEO_ERA5_LAND,brisbane
2014-08-16,16.70,13.00,15.60,17.20,12.60,15.40,21.70,OPEN_METEO_ERA5_LAND,brisbane
2014-08-17,21.20,13.00,16.50,17.70,10.20,14.40,11.50,OPEN_METEO_ERA5_LAND,brisbane
2014-08-18,19.30,11.60,15.10,15.00,8.70,11.60,0.00,OPEN_METEO_ERA5_LAND,brisbane
2014-08-19,21.50,12.60,16.20,18.70,9.60,13.30,0.00,OPEN_METEO_ERA5_LAND,brisbane
2014-08-20,21.70,9.90,15.60,21.10,8.70,14.20,0.00,OPEN_METEO_ERA5_LAND,brisbane
2014-08-21,19.80,12.40,15.60,17.40,10.40,13.60,0.20,OPEN_METEO_ERA5_LAND,brisbane
2014-08-22,14.70,13.60,14.10,14.50,12.50,13.30,35.00,OPEN_METEO_ERA5_LAND,brisbane
2014-08-23,15.20,13.30,14.20,14.00,11.30,12.90,36.90,OPEN_METEO_ERA5_LAND,brisbane
2014-08-24,18.90,13.50,15.40,18.30,12.00,14.40,1.40,OPEN_METEO_ERA5_LAND,brisbane
2014-08-25,20.50,13.60,16.30,18.80,11.80,15.00,0.00,OPEN_METEO_ERA5_LAND,brisbane
2014-08-26,20.60,12.00,16.10,19.70,10.80,15.20,0.10,OPEN_METEO_ERA5_LAND,brisbane
2014-08-27,21.70,11.60,15.70,21.20,10.60,14.60,4.90,OPEN_METEO_ERA5_LAND,brisbane
2014-08-28,20.50,12.80,16.30,17.90,11.40,14.50,6.00,OPEN_METEO_ERA5_LAND,brisbane
2014-08-29,21.40,11.50,15.90,21.40,9.60,14.60,0.00,OPEN_METEO_ERA5_LAND,brisbane
2014-08-30,22.20,9.20,15.50,22.00,8.00,14.90,0.00,OPEN_METEO_ERA5_LAND,brisbane
2014-08-31,22.70,12.60,17.10,24.10,12.20,17.30,0.00,OPEN_METEO_ERA5_LAND,brisbane
2014-09-01,23.80,13.50,17.80,25.00,13.70,18.20,0.00,OPEN_METEO_ERA5_LAND,brisbane
2014-09-02,26.20,13.60,18.50,25.30,10.30,16.20,0.20,OPEN_METEO_ERA5_LAND,brisbane
2014-09-03,20.10,11.60,15.30,16.10,7.20,10.90,0.00,OPEN_METEO_ERA5_LAND,brisbane
2014-09-04,21.30,9.40,15.10,19.20,5.70,12.50,0.00,OPEN_METEO_ERA5_LAND,brisbane
2014-09-05,21.40,8.90,15.20,21.80,7.30,14.10,0.00,OPEN_METEO_ERA5_LAND,brisbane
2014-09-06,19.70,10.50,15.10,18.70,8.30,13.20,0.00,OPEN_METEO_ERA5_LAND,brisbane
2014-09-07,19.70,11.80,15.00,18.10,10.10,13.70,2.90,OPEN_METEO_ERA5_LAND,brisbane
2014-09-08,20.00,12.70,16.00,18.80,11.60,15.10,0.00,OPEN_METEO_ERA5_LAND,brisbane
2014-09-09,20.70,12.90,17.00,20.20,12.30,16.80,0.60,OPEN_METEO_ERA5_LAND,brisbane
2014-09-10,27.50,12.50,19.00,27.20,11.70,19.10,0.00,OPEN_METEO_ERA5_LAND,brisbane
2014-09-11,25.10,10.20,17.70,25.50,8.60,17.30,0.00,OPEN_METEO_ERA5_LAND,brisbane
2014-09-12,22.40,11.60,17.40,22.90,11.50,17.70,0.10,OPEN_METEO_ERA5_LAND,brisbane
2014-09-13,21.90,14.70,17.90,21.80,14.80,17.90,0.40,OPEN_METEO_ERA5_LAND,brisbane
2014-09-14,21.10,12.30,17.00,21.30,12.00,17.00,0.20,OPEN_METEO_ERA5_LAND,brisbane
2014-09-15,24.70,12.80,18.60,26.70,12.40,18.90,0.00,OPEN_METEO_ERA5_LAND,brisbane
2014-09-16,27.60,13.70,20.20,27.70,13.60,20.40,0.30,OPEN_METEO_ERA5_LAND,brisbane
2014-09-17,27.50,14.10,20.40,25.80,12.80,18.80,0.00,OPEN_METEO_ERA5_LAND,brisbane
2014-09-18,25.30,12.20,18.40,23.80,10.20,16.50,0.00,OPEN_METEO_ERA5_LAND,brisbane
2014-09-19,24.30,10.70,18.10,24.20,9.90,17.70,0.00,OPEN_METEO_ERA5_LAND,brisbane
2014-09-20,22.00,13.50,17.40,22.70,13.40,16.90,3.00,OPEN_METEO_ERA5_LAND,brisbane
2014-09-21,21.00,13.10,17.00,19.90,11.40,15.60,0.30,OPEN_METEO_ERA5_LAND,brisbane
2014-09-22,21.10,14.50,17.50,18.70,13.60,16.10,0.60,OPEN_METEO_ERA5_LAND,brisbane
2014-09-23,21.80,15.50,18.20,20.30,14.70,17.00,0.00,OPEN_METEO_ERA5_LAND,brisbane
2014-09-24,21.50,14.70,18.20,21.00,14.60,18.00,0.70,OPEN_METEO_ERA5_LAND,brisbane
2014-09-25,25.90,14.40,19.50,27.50,14.60,20.30,11.60,OPEN_METEO_ERA5_LAND,brisbane
2014-09-26,23.30,14.40,18.70,23.90,13.10,18.50,0.00,OPEN_METEO_ERA5_LAND,brisbane
2014-09-27,22.80,15.30,18.50,24.20,15.90,19.00,1.00,OPEN_METEO_ERA5_LAND,brisbane
2014-09-28,21.80,14.40,17.80,21.60,14.30,17.60,0.50,OPEN_METEO_ERA5_LAND,brisbane
2014-09-29,25.00,13.30,19.00,27.10,13.50,19.60,0.00,OPEN_METEO_ERA5_LAND,brisbane
2014-09-30,27.00,13.30,19.70,28.70,13.00,20.10,0.00,OPEN_METEO_ERA5_LAND,brisbane
2014-10-01,32.20,15.60,22.40,33.00,15.40,22.70,0.00,OPEN_METEO_ERA5_LAND,brisbane
2014-10-02,21.80,15.50,18.50,21.00,14.90,17.20,0.00,OPEN_METEO_ERA5_LAND,brisbane
2014-10-03,25.40,13.30,19.10,27.70,13.40,19.50,0.00,OPEN_METEO_ERA5_LAND,brisbane
2014-10-04,23.00,16.50,19.50,23.40,17.40,19.70,0.10,OPEN_METEO_ERA5_LAND,brisbane
2014-10-05,25.90,15.10,20.00,28.00,15.40,20.30,0.00,OPEN_METEO_ERA5_LAND,brisbane
2014-10-06,26.60,16.00,20.50,28.00,16.50,20.80,0.00,OPEN_METEO_ERA5_LAND,brisbane
2014-10-07,27.80,14.00,20.70,28.50,13.90,20.90,0.00,OPEN_METEO_ERA5_LAND,brisbane
2014-10-08,32.20,16.50,22.50,35.60,17.40,23.40,0.00,OPEN_METEO_ERA5_LAND,brisbane
2014-10-09,23.60,17.80,20.20,22.60,17.60,19.40,0.00,OPEN_METEO_ERA5_LAND,brisbane
2014-10-10,22.60,15.90,19.30,21.70,16.30,19.00,0.00,OPEN_METEO_ERA5_LAND,brisbane
2014-10-11,26.80,15.40,20.50,28.30,16.00,20.90,0.00,OPEN_METEO_ERA5_LAND,brisbane
2014-10-12,25.30,17.40,20.40,25.90,17.90,20.60,0.00,OPEN_METEO_ERA5_LAND,brisbane
2014-10-13,27.20,15.70,21.10,27.60,16.30,21.10,2.20,OPEN_METEO_ERA5_LAND,brisbane
2014-10-14,27.90,16.00,21.00,27.50,12.60,19.30,5.00,OPEN_METEO_ERA5_LAND,brisbane
2014-10-15,25.60,12.00,18.30,24.00,8.00,15.80,0.00,OPEN_METEO_ERA5_LAND,brisbane
2014-10-16,25.20,12.20,18.90,25.80,10.90,18.20,0.00,OPEN_METEO_ERA5_LAND,brisbane
2014-10-17,26.30,14.00,20.10,27.40,14.30,20.40,0.60,OPEN_METEO_ERA5_LAND,brisbane
2014-10-18,23.20,15.70,19.10,22.50,15.40,18.20,0.20,OPEN_METEO_ERA5_LAND,brisbane
2014-10-19,24.70,15.70,19.40,24.30,15.60,18.70,0.00,OPEN_METEO_ERA5_LAND,brisbane
2014-10-20,25.90,13.90,19.70,27.30,13.90,19.90,0.00,OPEN_METEO_ERA5_LAND,brisbane
2014-10-21,23.60,17.30,19.80,22.10,16.40,18.90,0.30,OPEN_METEO_ERA5_LAND,brisbane
2014-10-22,23.30,15.60,19.00,21.80,15.00,17.90,0.00,OPEN_METEO_ERA5_LAND,brisbane
2014-10-23,26.80,14.50,20.20,29.10,14.90,20.70,0.00,OPEN_METEO_ERA5_LAND,brisbane
2014-10-24,27.10,17.00,21.00,29.50,17.70,21.60,0.00,OPEN_METEO_ERA5_LAND,brisbane
2014-10-25,31.70,16.00,22.50,32.80,16.50,23.20,0.00,OPEN_METEO_ERA5_LAND,brisbane
2014-10-26,31.60,17.80,23.70,34.00,18.40,25.10,0.00,OPEN_METEO_ERA5_LAND,brisbane
2014-10-27,38.00,19.50,27.10,39.60,20.20,28.50,1.30,OPEN_METEO_ERA5_LAND,brisbane
2014-10-28,35.10,20.60,26.50,35.80,22.80,27.30,0.00,OPEN_METEO_ERA5_LAND,brisbane
2014-10-29,30.20,18.10,23.10,33.00,20.10,24.60,0.00,OPEN_METEO_ERA5_LAND,brisbane
2014-10-30,29.00,18.00,22.90,31.10,19.20,24.20,0.00,OPEN_METEO_ERA5_LAND,brisbane
2014-10-31,29.70,20.30,23.90,32.90,22.40,25.90,0.00,OPEN_METEO_ERA5_LAND,brisbane
2014-11-01,31.60,19.70,24.80,33.80,21.40,26.20,0.00,OPEN_METEO_ERA5_LAND,brisbane
2014-11-02,28.70,20.90,24.00,31.30,21.40,24.80,0.40,OPEN_METEO_ERA5_LAND,brisbane
2014-11-03,23.40,19.60,21.30,21.80,19.30,20.50,0.00,OPEN_METEO_ERA5_LAND,brisbane
2014-11-04,24.50,18.50,21.00,23.90,18.60,20.30,0.10,OPEN_METEO_ERA5_LAND,brisbane
2014-11-05,26.50,17.00,21.40,26.50,17.30,21.10,0.00,OPEN_METEO_ERA5_LAND,brisbane
2014-11-06,29.30,17.20,22.40,31.40,17.90,23.20,0.30,OPEN_METEO_ERA5_LAND,brisbane
2014-11-07,26.10,19.00,22.70,28.50,21.70,24.20,0.90,OPEN_METEO_ERA5_LAND,brisbane
2014-11-08,28.20,19.10,22.60,29.60,20.20,23.20,0.00,OPEN_METEO_ERA5_LAND,brisbane
2014-11-09,28.50,16.70,22.20,30.60,17.90,23.20,0.00,OPEN_METEO_ERA5_LAND,brisbane
2014-11-10,29.00,19.10,23.10,31.20,20.60,24.10,0.00,OPEN_METEO_ERA5_LAND,brisbane
2014-11-11,30.50,18.10,23.50,33.20,19.70,24.80,0.00,OPEN_METEO_ERA5_LAND,brisbane
2014-11-12,26.20,20.70,22.80,27.10,22.40,24.40,0.80,OPEN_METEO_ERA5_LAND,brisbane
2014-11-13,26.80,20.90,23.30,29.10,22.90,25.20,1.60,OPEN_METEO_ERA5_LAND,brisbane
2014-11-14,31.40,20.40,25.00,33.90,22.20,26.60,0.00,OPEN_METEO_ERA5_LAND,brisbane
2014-11-15,38.10,20.80,28.20,41.00,22.00,30.10,0.00,OPEN_METEO_ERA5_LAND,brisbane
2014-11-16,39.70,23.50,31.30,40.80,26.10,32.50,0.00,OPEN_METEO_ERA5_LAND,brisbane
2014-11-17,29.50,22.00,25.80,32.00,23.50,26.70,0.00,OPEN_METEO_ERA5_LAND,brisbane
2014-11-18,28.90,22.00,24.70,32.80,24.30,27.90,2.30,OPEN_METEO_ERA5_LAND,brisbane
2014-11-19,27.20,22.40,24.40,30.90,25.20,27.90,6.30,OPEN_METEO_ERA5_LAND,brisbane
2014-11-20,28.20,21.00,24.40,30.90,24.30,26.80,0.00,OPEN_METEO_ERA5_LAND,brisbane
2014-11-21,30.60,22.00,25.70,34.30,24.90,28.20,0.00,OPEN_METEO_ERA5_LAND,brisbane
2014-11-22,33.80,23.20,26.90,38.90,26.10,30.20,0.00,OPEN_METEO_ERA5_LAND,brisbane
2014-11-23,32.10,23.20,26.40,36.00,25.00,28.90,0.00,OPEN_METEO_ERA5_LAND,brisbane
2014-11-24,31.80,21.70,25.50,34.00,23.90,27.20,0.00,OPEN_METEO_ERA5_LAND,brisbane
2014-11-25,33.50,21.00,26.20,36.60,22.50,28.50,0.00,OPEN_METEO_ERA5_LAND,brisbane
2014-11-26,29.40,22.50,25.20,32.50,26.10,28.00,1.00,OPEN_METEO_ERA5_LAND,brisbane
2014-11-27,30.90,21.80,25.30,35.70,23.10,28.10,2.00,OPEN_METEO_ERA5_LAND,brisbane
2014-11-28,25.10,20.50,22.30,27.00,21.20,22.90,8.20,OPEN_METEO_ERA5_LAND,brisbane
2014-11-29,25.70,19.50,22.00,27.40,20.50,22.50,0.00,OPEN_METEO_ERA5_LAND,brisbane
2014-11-30,27.10,18.30,22.30,29.10,19.40,23.00,0.00,OPEN_METEO_ERA5_LAND,brisbane
2014-12-01,26.30,19.50,22.80,26.50,21.50,23.40,0.00,OPEN_METEO_ERA5_LAND,brisbane
2014-12-02,26.30,19.70,23.00,26.60,21.10,23.70,0.40,OPEN_METEO_ERA5_LAND,brisbane
2014-12-03,29.20,20.20,24.40,31.90,22.50,26.40,0.40,OPEN_METEO_ERA5_LAND,brisbane
2014-12-04,28.10,21.60,24.30,30.60,24.70,26.50,1.10,OPEN_METEO_ERA5_LAND,brisbane
2014-12-05,30.20,21.30,24.30,32.80,23.70,26.50,6.90,OPEN_METEO_ERA5_LAND,brisbane
2014-12-06,24.40,21.30,22.50,27.10,24.50,25.50,22.90,OPEN_METEO_ERA5_LAND,brisbane
2014-12-07,29.30,21.70,24.60,35.40,25.30,28.20,3.00,OPEN_METEO_ERA5_LAND,brisbane
2014-12-08,31.00,22.80,25.90,37.00,26.20,30.30,7.60,OPEN_METEO_ERA5_LAND,brisbane
2014-12-09,28.60,22.40,24.80,35.20,26.70,29.30,31.80,OPEN_METEO_ERA5_LAND,brisbane
2014-12-10,27.40,21.80,24.50,31.80,25.40,28.30,2.70,OPEN_METEO_ERA5_LAND,brisbane
2014-12-11,32.90,22.00,26.60,38.60,26.20,31.20,13.40,OPEN_METEO_ERA5_LAND,brisbane
2014-12-12,25.00,19.90,22.10,28.80,19.40,23.30,4.00,OPEN_METEO_ERA5_LAND,brisbane
2014-12-13,21.80,19.10,20.30,21.70,18.30,19.70,2.00,OPEN_METEO_ERA5_LAND,brisbane
2014-12-14,23.60,18.20,20.90,23.20,17.80,20.70,0.00,OPEN_METEO_ERA5_LAND,brisbane
2014-12-15,28.40,16.70,21.90,30.10,17.00,22.70,0.00,OPEN_METEO_ERA5_LAND,brisbane
2014-12-16,29.50,17.40,23.20,33.80,18.50,25.50,0.00,OPEN_METEO_ERA5_LAND,brisbane
2014-12-17,35.40,21.10,27.60,39.60,24.30,31.40,1.30,OPEN_METEO_ERA5_LAND,brisbane
2014-12-18,33.10,22.60,26.80,39.10,26.10,31.30,7.10,OPEN_METEO_ERA5_LAND,brisbane
2014-12-19,33.80,21.80,26.50,37.20,24.40,29.50,6.70,OPEN_METEO_ERA5_LAND,brisbane
2014-12-20,27.30,21.70,23.90,29.50,23.20,25.30,0.00,OPEN_METEO_ERA5_LAND,brisbane
2014-12-21,26.20,21.10,23.40,28.40,22.80,24.80,0.00,OPEN_METEO_ERA5_LAND,brisbane
2014-12-22,27.20,19.80,23.20,28.70,21.50,24.20,0.00,OPEN_METEO_ERA5_LAND,brisbane
2014-12-23,27.90,18.40,23.10,30.40,19.60,24.50,0.00,OPEN_METEO_ERA5_LAND,brisbane
2014-12-24,29.50,20.30,24.50,33.90,23.00,27.00,0.00,OPEN_METEO_ERA5_LAND,brisbane
2014-12-25,28.10,21.80,24.70,30.50,25.10,27.00,0.00,OPEN_METEO_ERA5_LAND,brisbane
2014-12-26,31.90,21.60,26.20,37.70,24.60,29.70,0.30,OPEN_METEO_ERA5_LAND,brisbane
2014-12-27,24.70,20.20,21.90,29.40,22.00,24.80,23.00,OPEN_METEO_ERA5_LAND,brisbane
2014-12-28,23.90,20.50,22.10,27.70,23.00,25.40,6.20,OPEN_METEO_ERA5_LAND,brisbane
2014-12-29,29.00,21.40,24.80,33.60,25.10,29.20,1.90,OPEN_METEO_ERA5_LAND,brisbane
2014-12-30,34.90,22.60,27.60,40.90,27.20,32.60,0.00,OPEN_METEO_ERA5_LAND,brisbane
2014-12-31,33.60,23.40,27.40,39.40,27.70,32.30,4.60,OPEN_METEO_ERA5_LAND,brisbane
2015-01-01,29.70,23.20,25.90,35.00,27.40,30.00,1.70,OPEN_METEO_ERA5_LAND,brisbane
2015-01-02,28.60,23.00,25.50,32.50,26.60,29.30,3.40,OPEN_METEO_ERA5_LAND,brisbane
2015-01-03,27.30,21.90,24.50,30.90,25.20,27.80,5.40,OPEN_METEO_ERA5_LAND,brisbane
2015-01-04,27.90,21.80,24.40,31.50,24.90,27.00,1.10,OPEN_METEO_ERA5_LAND,brisbane
2015-01-05,26.50,21.30,23.70,30.10,23.90,26.50,3.80,OPEN_METEO_ERA5_LAND,brisbane
2015-01-06,28.10,21.50,24.20,30.60,23.80,26.20,2.40,OPEN_METEO_ERA5_LAND,brisbane
2015-01-07,26.00,20.90,23.30,28.40,22.70,24.80,1.80,OPEN_METEO_ERA5_LAND,brisbane
2015-01-08,26.90,19.80,23.40,29.80,21.20,25.40,1.00,OPEN_METEO_ERA5_LAND,brisbane
2015-01-09,27.30,20.50,24.20,30.50,23.10,26.80,0.70,OPEN_METEO_ERA5_LAND,brisbane
2015-01-10,28.20,21.70,24.80,31.50,24.80,27.60,0.20,OPEN_METEO_ERA5_LAND,brisbane
2015-01-11,27.10,22.10,24.50,31.40,25.90,28.50,1.00,OPEN_METEO_ERA5_LAND,brisbane
2015-01-12,28.70,22.90,24.60,33.20,27.10,29.30,8.90,OPEN_METEO_ERA5_LAND,brisbane
2015-01-13,27.50,22.80,24.80,31.00,26.30,28.10,3.90,OPEN_METEO_ERA5_LAND,brisbane
2015-01-14,28.30,24.10,25.50,32.00,27.10,29.20,3.10,OPEN_METEO_ERA5_LAND,brisbane
2015-01-15,35.70,23.70,28.40,37.40,27.60,31.50,6.00,OPEN_METEO_ERA5_LAND,brisbane
2015-01-16,32.70,23.50,27.10,38.80,27.60,31.20,0.00,OPEN_METEO_ERA5_LAND,brisbane
2015-01-17,34.00,23.20,28.00,40.50,28.00,33.50,0.00,OPEN_METEO_ERA5_LAND,brisbane
2015-01-18,34.80,24.60,28.30,40.40,30.60,33.90,0.00,OPEN_METEO_ERA5_LAND,brisbane
2015-01-19,28.30,22.70,25.60,33.70,24.90,29.90,6.30,OPEN_METEO_ERA5_LAND,brisbane
2015-01-20,25.60,20.30,23.00,27.60,23.00,25.50,10.00,OPEN_METEO_ERA5_LAND,brisbane
2015-01-21,28.30,21.80,24.80,31.10,24.40,27.20,0.00,OPEN_METEO_ERA5_LAND,brisbane
2015-01-22,24.30,22.30,23.10,27.40,25.30,26.20,9.40,OPEN_METEO_ERA5_LAND,brisbane
2015-01-23,23.10,19.60,21.90,26.30,20.00,24.40,86.30,OPEN_METEO_ERA5_LAND,brisbane
2015-01-24,27.40,20.00,23.20,30.60,21.30,26.10,52.10,OPEN_METEO_ERA5_LAND,brisbane
2015-01-25,33.60,21.90,27.30,39.90,25.70,32.40,0.20,OPEN_METEO_ERA5_LAND,brisbane
2015-01-26,32.00,24.10,27.20,38.50,28.20,32.10,1.30,OPEN_METEO_ERA5_LAND,brisbane
2015-01-27,27.50,22.50,24.90,31.90,25.00,27.70,7.70,OPEN_METEO_ERA5_LAND,brisbane
2015-01-28,24.90,20.10,22.10,26.60,21.60,23.40,3.40,OPEN_METEO_ERA5_LAND,brisbane
2015-01-29,27.10,19.60,22.70,30.20,19.50,23.80,0.10,OPEN_METEO_ERA5_LAND,brisbane
2015-01-30,25.80,20.10,22.80,29.30,22.20,25.00,2.00,OPEN_METEO_ERA5_LAND,brisbane
2015-01-31,30.40,19.70,24.90,35.10,22.10,28.10,1.00,OPEN_METEO_ERA5_LAND,brisbane
2015-02-01,31.90,20.00,25.50,36.30,22.90,29.10,0.10,OPEN_METEO_ERA5_LAND,brisbane
2015-02-02,28.20,20.30,23.30,32.50,22.70,25.70,5.90,OPEN_METEO_ERA5_LAND,brisbane
2015-02-03,24.80,20.90,22.40,25.10,21.30,23.30,1.10,OPEN_METEO_ERA5_LAND,brisbane
2015-02-04,27.30,19.30,22.70,28.60,19.30,22.90,0.00,OPEN_METEO_ERA5_LAND,brisbane
2015-02-05,25.90,19.60,22.70,26.20,19.90,23.00,0.30,OPEN_METEO_ERA5_LAND,brisbane
2015-02-06,26.90,20.80,23.20,27.30,21.20,23.30,0.30,OPEN_METEO_ERA5_LAND,brisbane
2015-02-07,26.00,19.20,22.50,28.10,19.70,23.80,0.50,OPEN_METEO_ERA5_LAND,brisbane
2015-02-08,27.70,19.00,23.40,31.00,21.00,25.90,0.10,OPEN_METEO_ERA5_LAND,brisbane
2015-02-09,28.10,19.40,23.50,29.90,21.60,25.40,0.00,OPEN_METEO_ERA5_LAND,brisbane
2015-02-10,26.50,20.70,23.30,28.80,22.50,24.80,1.80,OPEN_METEO_ERA5_LAND,brisbane
2015-02-11,26.60,20.60,23.30,28.20,22.20,24.90,1.80,OPEN_METEO_ERA5_LAND,brisbane
2015-02-12,26.90,20.80,23.50,29.80,22.90,25.40,1.30,OPEN_METEO_ERA5_LAND,brisbane
2015-02-13,25.60,20.80,23.10,27.50,22.40,24.60,4.20,OPEN_METEO_ERA5_LAND,brisbane
2015-02-14,26.50,20.00,23.20,27.30,21.40,24.30,0.00,OPEN_METEO_ERA5_LAND,brisbane
2015-02-15,26.20,19.80,22.90,29.30,21.80,25.00,1.10,OPEN_METEO_ERA5_LAND,brisbane
2015-02-16,27.00,20.00,23.10,29.00,22.00,24.80,0.30,OPEN_METEO_ERA5_LAND,brisbane
2015-02-17,26.20,20.50,23.20,27.10,22.30,24.30,1.30,OPEN_METEO_ERA5_LAND,brisbane
2015-02-18,26.80,20.70,23.40,28.30,22.20,24.70,5.00,OPEN_METEO_ERA5_LAND,brisbane
2015-02-19,24.00,21.70,22.80,26.20,23.80,24.90,20.30,OPEN_METEO_ERA5_LAND,brisbane
2015-02-20,24.00,21.60,22.80,28.00,24.00,25.70,43.40,OPEN_METEO_ERA5_LAND,brisbane
2015-02-21,24.60,21.30,22.90,28.20,23.60,25.80,71.20,OPEN_METEO_ERA5_LAND,brisbane
2015-02-22,29.80,22.70,25.30,31.10,24.20,27.20,0.50,OPEN_METEO_ERA5_LAND,brisbane
2015-02-23,28.10,22.40,24.70,29.40,23.60,26.30,0.10,OPEN_METEO_ERA5_LAND,brisbane
2015-02-24,27.70,22.00,24.30,30.40,24.50,26.70,0.90,OPEN_METEO_ERA5_LAND,brisbane
2015-02-25,27.40,21.60,24.10,30.70,24.20,26.50,1.50,OPEN_METEO_ERA5_LAND,brisbane
2015-02-26,28.60,20.60,24.00,31.90,23.20,26.80,0.00,OPEN_METEO_ERA5_LAND,brisbane
2015-02-27,28.80,21.60,24.60,33.70,24.60,27.90,0.20,OPEN_METEO_ERA5_LAND,brisbane
2015-02-28,27.90,20.80,24.20,32.80,23.90,27.60,0.70,OPEN_METEO_ERA5_LAND,brisbane
2015-03-01,28.70,22.20,25.10,32.00,26.20,28.70,0.00,OPEN_METEO_ERA5_LAND,brisbane
2015-03-02,28.40,22.20,24.60,31.80,24.70,27.60,1.60,OPEN_METEO_ERA5_LAND,brisbane
2015-03-03,29.20,20.80,24.10,31.30,23.00,26.40,0.00,OPEN_METEO_ERA5_LAND,brisbane
2015-03-04,29.50,19.90,24.30,33.90,22.60,27.30,0.00,OPEN_METEO_ERA5_LAND,brisbane
2015-03-05,36.70,21.10,27.70,40.30,24.10,31.10,0.00,OPEN_METEO_ERA5_LAND,brisbane
2015-03-06,26.30,22.00,24.10,28.20,24.00,25.70,0.00,OPEN_METEO_ERA5_LAND,brisbane
2015-03-07,28.10,19.30,23.80,31.80,22.10,26.70,0.10,OPEN_METEO_ERA5_LAND,brisbane
2015-03-08,28.50,21.60,24.80,31.70,25.20,27.90,0.00,OPEN_METEO_ERA5_LAND,brisbane
2015-03-09,29.30,22.30,25.30,33.10,25.90,29.10,0.00,OPEN_METEO_ERA5_LAND,brisbane
2015-03-10,28.30,22.40,24.90,32.20,26.20,28.30,1.60,OPEN_METEO_ERA5_LAND,brisbane
2015-03-11,27.60,22.10,24.30,30.10,25.10,26.80,0.90,OPEN_METEO_ERA5_LAND,brisbane
2015-03-12,27.50,21.90,24.20,30.30,24.00,26.40,0.10,OPEN_METEO_ERA5_LAND,brisbane
2015-03-13,27.10,20.20,23.20,28.70,21.90,24.70,1.40,OPEN_METEO_ERA5_LAND,brisbane
2015-03-14,27.10,20.00,22.80,28.20,20.30,23.10,0.00,OPEN_METEO_ERA5_LAND,brisbane
2015-03-15,30.20,17.00,23.00,31.80,17.60,23.90,0.00,OPEN_METEO_ERA5_LAND,brisbane
2015-03-16,26.90,18.70,22.40,28.90,19.70,23.20,0.20,OPEN_METEO_ERA5_LAND,brisbane
2015-03-17,25.50,18.40,22.30,27.00,19.50,23.30,0.00,OPEN_METEO_ERA5_LAND,brisbane
2015-03-18,30.30,19.50,24.40,33.70,21.40,26.60,0.00,OPEN_METEO_ERA5_LAND,brisbane
2015-03-19,35.60,21.30,26.70,39.60,23.00,29.50,0.00,OPEN_METEO_ERA5_LAND,brisbane
2015-03-20,31.90,22.40,26.20,38.00,26.90,30.90,0.00,OPEN_METEO_ERA5_LAND,brisbane
2015-03-21,29.40,22.00,25.40,34.00,25.50,29.50,4.50,OPEN_METEO_ERA5_LAND,brisbane
2015-03-22,26.60,21.20,23.10,30.80,24.30,26.60,8.30,OPEN_METEO_ERA5_LAND,brisbane
2015-03-23,25.30,20.10,22.50,29.50,22.70,25.40,1.60,OPEN_METEO_ERA5_LAND,brisbane
2015-03-24,28.90,19.70,23.90,32.30,22.60,26.90,0.00,OPEN_METEO_ERA5_LAND,brisbane
2015-03-25,31.70,21.50,25.60,37.80,24.60,29.70,0.50,OPEN_METEO_ERA5_LAND,brisbane
2015-03-26,30.40,22.90,25.80,35.10,27.40,30.20,3.00,OPEN_METEO_ERA5_LAND,brisbane
2015-03-27,29.70,22.90,25.00,34.40,26.30,28.70,0.40,OPEN_METEO_ERA5_LAND,brisbane
2015-03-28,26.00,22.00,23.50,28.50,23.70,25.70,1.70,OPEN_METEO_ERA5_LAND,brisbane
2015-03-29,25.90,20.20,23.00,27.40,22.20,24.70,0.00,OPEN_METEO_ERA5_LAND,brisbane
2015-03-30,25.90,20.20,22.90,28.00,22.30,24.70,0.30,OPEN_METEO_ERA5_LAND,brisbane
2015-03-31,24.30,18.60,21.30,26.20,20.10,22.90,2.90,OPEN_METEO_ERA5_LAND,brisbane
2015-04-01,24.00,19.00,21.20,25.00,20.60,22.70,14.60,OPEN_METEO_ERA5_LAND,brisbane
2015-04-02,24.70,19.80,21.60,26.50,21.40,23.60,11.70,OPEN_METEO_ERA5_LAND,brisbane
2015-04-03,24.00,20.60,21.80,27.30,23.00,24.70,19.10,OPEN_METEO_ERA5_LAND,brisbane
2015-04-04,25.90,20.70,22.60,29.80,23.40,26.20,7.90,OPEN_METEO_ERA5_LAND,brisbane
2015-04-05,28.60,20.60,23.60,30.50,22.30,26.00,3.30,OPEN_METEO_ERA5_LAND,brisbane
2015-04-06,29.10,17.70,23.10,31.40,19.10,25.10,0.00,OPEN_METEO_ERA5_LAND,brisbane
2015-04-07,28.00,19.90,23.90,31.90,17.40,26.70,6.40,OPEN_METEO_ERA5_LAND,brisbane
2015-04-08,25.60,15.60,20.00,24.10,12.70,17.60,0.00,OPEN_METEO_ERA5_LAND,brisbane
2015-04-09,24.90,13.60,19.30,27.00,12.60,19.30,0.00,OPEN_METEO_ERA5_LAND,brisbane
2015-04-10,25.10,16.60,20.30,25.50,16.30,20.30,0.00,OPEN_METEO_ERA5_LAND,brisbane
2015-04-11,23.80,18.10,20.50,24.10,18.10,20.90,0.50,OPEN_METEO_ERA5_LAND,brisbane
2015-04-12,26.20,16.20,20.60,28.80,16.80,22.10,0.00,OPEN_METEO_ERA5_LAND,brisbane
2015-04-13,23.80,18.20,20.60,23.80,19.50,21.50,0.00,OPEN_METEO_ERA5_LAND,brisbane
2015-04-14,24.70,16.70,20.50,25.80,16.90,21.30,0.00,OPEN_METEO_ERA5_LAND,brisbane
2015-04-15,24.20,17.30,20.60,25.50,18.20,21.90,0.10,OPEN_METEO_ERA5_LAND,brisbane
2015-04-16,25.40,16.70,20.90,27.50,17.80,22.40,0.00,OPEN_METEO_ERA5_LAND,brisbane
2015-04-17,25.40,17.00,21.30,26.50,18.30,22.70,0.00,OPEN_METEO_ERA5_LAND,brisbane
2015-04-18,25.30,19.40,22.30,26.20,21.00,23.70,0.20,OPEN_METEO_ERA5_LAND,brisbane
2015-04-19,26.60,19.40,22.50,29.10,21.90,25.20,8.50,OPEN_METEO_ERA5_LAND,brisbane
2015-04-20,21.50,16.20,19.50,23.70,16.00,21.70,15.00,OPEN_METEO_ERA5_LAND,brisbane
2015-04-21,21.70,13.30,17.10,19.60,10.60,14.80,0.10,OPEN_METEO_ERA5_LAND,brisbane
2015-04-22,22.90,11.40,16.60,22.50,9.00,15.10,0.00,OPEN_METEO_ERA5_LAND,brisbane
2015-04-23,23.70,12.50,18.10,25.50,11.80,18.30,0.00,OPEN_METEO_ERA5_LAND,brisbane
2015-04-24,26.00,14.40,19.70,26.50,14.80,20.40,0.00,OPEN_METEO_ERA5_LAND,brisbane
2015-04-25,27.50,14.50,20.80,27.50,14.80,21.40,0.00,OPEN_METEO_ERA5_LAND,brisbane
2015-04-26,21.70,14.70,18.10,18.40,11.50,14.60,0.00,OPEN_METEO_ERA5_LAND,brisbane
2015-04-27,23.50,11.90,17.50,24.20,9.90,16.60,0.00,OPEN_METEO_ERA5_LAND,brisbane
2015-04-28,22.20,14.00,17.90,21.60,14.10,17.60,0.00,OPEN_METEO_ERA5_LAND,brisbane
2015-04-29,21.40,15.00,17.80,21.60,14.70,17.70,4.60,OPEN_METEO_ERA5_LAND,brisbane
2015-04-30,17.90,16.10,16.80,18.90,16.20,17.30,35.20,OPEN_METEO_ERA5_LAND,brisbane
2015-05-01,19.50,16.70,18.20,21.30,16.40,18.30,78.40,OPEN_METEO_ERA5_LAND,brisbane
2015-05-02,24.00,15.20,19.00,25.50,14.90,19.70,0.90,OPEN_METEO_ERA5_LAND,brisbane
2015-05-03,24.50,15.70,19.60,25.40,15.30,20.40,0.00,OPEN_METEO_ERA5_LAND,brisbane
2015-05-04,25.50,14.80,19.80,27.30,15.40,21.30,0.00,OPEN_METEO_ERA5_LAND,brisbane
2015-05-05,26.80,16.30,20.70,29.10,17.30,22.50,0.00,OPEN_METEO_ERA5_LAND,brisbane
2015-05-06,28.20,14.90,20.70,29.10,15.60,21.80,0.00,OPEN_METEO_ERA5_LAND,brisbane
2015-05-07,23.90,12.50,18.30,25.30,10.70,18.20,0.20,OPEN_METEO_ERA5_LAND,brisbane
2015-05-08,21.90,12.90,17.50,22.60,11.30,17.00,0.00,OPEN_METEO_ERA5_LAND,brisbane
2015-05-09,22.30,12.40,16.70,20.70,11.40,15.60,0.00,OPEN_METEO_ERA5_LAND,brisbane
2015-05-10,23.00,10.20,16.10,21.00,8.40,14.10,0.00,OPEN_METEO_ERA5_LAND,brisbane
2015-05-11,23.40,12.30,17.20,21.10,9.50,14.80,0.00,OPEN_METEO_ERA5_LAND,brisbane
2015-05-12,23.40,11.20,17.40,24.80,10.00,17.10,0.00,OPEN_METEO_ERA5_LAND,brisbane
2015-05-13,23.00,12.60,17.20,20.90,10.10,14.80,0.00,OPEN_METEO_ERA5_LAND,brisbane
2015-05-14,19.20,9.70,14.40,16.90,5.60,11.50,0.00,OPEN_METEO_ERA5_LAND,brisbane
2015-05-15,21.70,8.70,15.10,20.70,5.90,13.60,0.00,OPEN_METEO_ERA5_LAND,brisbane
2015-05-16,21.80,14.30,17.60,20.00,13.10,16.60,0.00,OPEN_METEO_ERA5_LAND,brisbane
2015-05-17,21.80,15.90,18.50,20.20,15.80,18.10,1.10,OPEN_METEO_ERA5_LAND,brisbane
2015-05-18,20.80,16.40,18.20,20.70,16.80,18.60,4.50,OPEN_METEO_ERA5_LAND,brisbane
2015-05-19,21.10,15.90,18.20,22.70,16.40,19.40,1.40,OPEN_METEO_ERA5_LAND,brisbane
2015-05-20,24.40,14.90,19.40,26.20,16.20,21.10,0.00,OPEN_METEO_ERA5_LAND,brisbane
2015-05-21,24.20,15.60,19.40,25.10,16.70,20.50,1.60,OPEN_METEO_ERA5_LAND,brisbane
2015-05-22,19.10,14.20,16.40,17.50,11.60,14.20,2.00,OPEN_METEO_ERA5_LAND,brisbane
2015-05-23,21.00,13.30,16.40,18.20,11.00,14.40,0.00,OPEN_METEO_ERA5_LAND,brisbane
2015-05-24,20.80,13.50,16.70,19.40,12.50,15.70,0.00,OPEN_METEO_ERA5_LAND,brisbane
2015-05-25,21.30,13.10,17.00,20.20,12.00,16.30,0.00,OPEN_METEO_ERA5_LAND,brisbane
2015-05-26,20.40,13.40,16.70,20.70,13.10,17.00,0.70,OPEN_METEO_ERA5_LAND,brisbane
2015-05-27,21.20,12.60,16.90,21.90,12.50,17.40,0.00,OPEN_METEO_ERA5_LAND,brisbane
2015-05-28,22.30,11.90,17.00,23.50,11.70,17.70,0.00,OPEN_METEO_ERA5_LAND,brisbane
2015-05-29,24.10,13.60,18.10,25.00,14.10,19.10,0.00,OPEN_METEO_ERA5_LAND,brisbane
2015-05-30,24.80,15.00,19.20,26.50,15.60,20.50,0.00,OPEN_METEO_ERA5_LAND,brisbane
2015-05-31,25.20,15.30,20.20,26.40,15.80,21.20,0.00,OPEN_METEO_ERA5_LAND,brisbane
2015-06-01,20.60,13.90,18.10,19.70,10.50,16.00,0.00,OPEN_METEO_ERA5_LAND,brisbane
2015-06-02,18.40,9.70,13.80,17.50,7.30,11.90,0.00,OPEN_METEO_ERA5_LAND,brisbane
2015-06-03,18.90,8.00,13.60,17.30,6.00,12.20,0.00,OPEN_METEO_ERA5_LAND,brisbane
2015-06-04,19.70,7.50,13.60,19.00,5.70,12.50,0.00,OPEN_METEO_ERA5_LAND,brisbane
2015-06-05,19.40,8.10,13.30,16.10,4.80,10.20,0.00,OPEN_METEO_ERA5_LAND,brisbane
2015-06-06,20.90,9.00,14.60,18.40,5.90,12.40,0.00,OPEN_METEO_ERA5_LAND,brisbane
2015-06-07,20.90,12.90,16.40,19.30,12.00,15.40,0.00,OPEN_METEO_ERA5_LAND,brisbane
2015-06-08,21.10,13.20,16.70,20.30,12.20,16.10,0.00,OPEN_METEO_ERA5_LAND,brisbane
2015-06-09,23.10,12.90,17.30,23.10,12.30,17.30,0.00,OPEN_METEO_ERA5_LAND,brisbane
2015-06-10,22.40,12.70,17.30,21.90,12.40,17.30,0.00,OPEN_METEO_ERA5_LAND,brisbane
2015-06-11,19.70,15.60,17.30,17.70,14.80,16.20,0.20,OPEN_METEO_ERA5_LAND,brisbane
2015-06-12,19.70,13.90,16.80,18.00,12.50,15.50,0.20,OPEN_METEO_ERA5_LAND,brisbane
2015-06-13,20.20,15.30,17.30,18.90,14.50,16.70,0.30,OPEN_METEO_ERA5_LAND,brisbane
2015-06-14,20.40,15.00,17.20,20.10,14.90,17.40,1.20,OPEN_METEO_ERA5_LAND,brisbane
2015-06-15,20.90,14.90,17.50,20.40,15.10,17.60,0.20,OPEN_METEO_ERA5_LAND,brisbane
2015-06-16,20.70,15.20,17.80,22.50,15.40,18.80,6.20,OPEN_METEO_ERA5_LAND,brisbane
2015-06-17,20.60,14.20,17.70,22.00,14.40,19.10,17.30,OPEN_METEO_ERA5_LAND,brisbane
2015-06-18,20.80,12.60,15.90,19.60,11.50,15.00,0.00,OPEN_METEO_ERA5_LAND,brisbane
2015-06-19,19.70,12.30,15.30,17.00,10.40,13.10,0.00,OPEN_METEO_ERA5_LAND,brisbane
2015-06-20,19.10,8.70,13.90,17.70,7.00,12.20,0.00,OPEN_METEO_ERA5_LAND,brisbane
2015-06-21,18.70,9.80,13.90,16.40,7.30,12.00,0.00,OPEN_METEO_ERA5_LAND,brisbane
2015-06-22,19.10,11.50,15.00,17.90,9.60,13.80,0.00,OPEN_METEO_ERA5_LAND,brisbane
2015-06-23,18.80,11.80,15.40,18.40,10.70,14.90,0.30,OPEN_METEO_ERA5_LAND,brisbane
2015-06-24,17.80,12.60,15.00,18.40,12.30,15.00,5.50,OPEN_METEO_ERA5_LAND,brisbane
2015-06-25,19.40,10.20,14.20,18.80,9.50,13.80,1.70,OPEN_METEO_ERA5_LAND,brisbane
2015-06-26,19.10,11.70,15.70,17.00,10.00,14.40,0.20,OPEN_METEO_ERA5_LAND,brisbane
2015-06-27,19.60,14.40,16.60,18.70,13.40,16.00,0.00,OPEN_METEO_ERA5_LAND,brisbane
2015-06-28,19.90,14.20,16.70,20.10,13.90,16.90,1.00,OPEN_METEO_ERA5_LAND,brisbane
2015-06-29,19.30,14.50,16.30,20.00,14.70,16.80,2.80,OPEN_METEO_ERA5_LAND,brisbane
2015-06-30,20.30,13.10,16.60,20.50,12.60,16.70,0.00,OPEN_METEO_ERA5_LAND,brisbane
2015-07-01,21.70,12.20,16.00,22.20,12.00,16.30,0.20,OPEN_METEO_ERA5_LAND,brisbane
2015-07-02,19.30,9.60,13.80,16.50,6.70,11.30,0.00,OPEN_METEO_ERA5_LAND,brisbane
2015-07-03,18.10,8.00,12.80,15.60,4.90,10.20,0.00,OPEN_METEO_ERA5_LAND,brisbane
2015-07-04,19.40,9.80,14.10,19.30,8.10,13.20,0.00,OPEN_METEO_ERA5_LAND,brisbane
2015-07-05,20.70,9.80,15.10,20.00,8.90,14.40,0.00,OPEN_METEO_ERA5_LAND,brisbane
2015-07-06,21.80,10.70,16.00,20.20,9.40,14.90,0.00,OPEN_METEO_ERA5_LAND,brisbane
2015-07-07,20.70,10.60,14.60,18.30,8.30,12.60,0.00,OPEN_METEO_ERA5_LAND,brisbane
2015-07-08,18.10,9.50,13.60,15.70,7.10,11.60,0.00,OPEN_METEO_ERA5_LAND,brisbane
2015-07-09,18.10,11.10,14.30,16.50,9.70,13.10,0.50,OPEN_METEO_ERA5_LAND,brisbane
2015-07-10,18.40,10.00,14.10,17.90,8.70,13.70,1.70,OPEN_METEO_ERA5_LAND,brisbane
2015-07-11,20.30,9.50,15.00,20.30,8.80,14.90,4.20,OPEN_METEO_ERA5_LAND,brisbane
2015-07-12,16.60,9.40,13.40,13.30,5.80,9.90,0.40,OPEN_METEO_ERA5_LAND,brisbane
2015-07-13,15.40,8.30,11.60,9.80,4.10,7.10,0.00,OPEN_METEO_ERA5_LAND,brisbane
2015-07-14,17.40,8.30,12.00,13.60,4.30,8.20,0.00,OPEN_METEO_ERA5_LAND,brisbane
2015-07-15,16.70,6.80,11.50,15.10,4.20,9.50,0.00,OPEN_METEO_ERA5_LAND,brisbane
2015-07-16,18.40,7.70,12.50,16.50,5.80,10.70,0.00,OPEN_METEO_ERA5_LAND,brisbane
2015-07-17,14.70,6.70,10.50,9.60,2.30,6.10,0.00,OPEN_METEO_ERA5_LAND,brisbane
2015-07-18,17.10,6.10,11.30,15.10,2.80,8.70,0.00,OPEN_METEO_ERA5_LAND,brisbane
2015-07-19,17.50,9.00,13.00,15.40,5.90,11.00,0.30,OPEN_METEO_ERA5_LAND,brisbane
2015-07-20,18.30,10.50,14.10,16.20,8.70,12.40,0.10,OPEN_METEO_ERA5_LAND,brisbane
2015-07-21,18.30,12.10,14.60,16.90,11.00,13.40,1.70,OPEN_METEO_ERA5_LAND,brisbane
2015-07-22,18.20,11.50,14.70,18.90,10.80,14.70,2.00,OPEN_METEO_ERA5_LAND,brisbane
2015-07-23,19.30,13.90,16.20,20.40,14.40,17.20,1.20,OPEN_METEO_ERA5_LAND,brisbane
2015-07-24,21.90,13.30,17.20,22.90,13.70,18.30,0.60,OPEN_METEO_ERA5_LAND,brisbane
2015-07-25,23.50,15.40,18.60,23.90,15.80,19.30,3.10,OPEN_METEO_ERA5_LAND,brisbane
2015-07-26,24.70,13.10,18.10,25.80,13.10,18.80,0.80,OPEN_METEO_ERA5_LAND,brisbane
2015-07-27,21.70,12.10,16.30,19.10,9.80,14.40,0.00,OPEN_METEO_ERA5_LAND,brisbane
2015-07-28,18.60,11.60,14.40,16.20,9.40,12.30,0.00,OPEN_METEO_ERA5_LAND,brisbane
2015-07-29,19.40,9.00,13.70,17.30,6.20,11.60,0.00,OPEN_METEO_ERA5_LAND,brisbane
2015-07-30,19.30,9.80,14.30,19.20,8.20,13.60,0.00,OPEN_METEO_ERA5_LAND,brisbane
2015-07-31,22.30,8.40,15.10,20.90,6.90,14.20,0.00,OPEN_METEO_ERA5_LAND,brisbane
2015-08-01,21.90,8.50,15.20,21.50,7.10,14.60,0.00,OPEN_METEO_ERA5_LAND,brisbane
2015-08-02,23.40,9.60,16.30,22.50,8.40,15.70,0.00,OPEN_METEO_ERA5_LAND,brisbane
2015-08-03,25.70,12.40,18.20,25.30,11.40,17.50,0.00,OPEN_METEO_ERA5_LAND,brisbane
2015-08-04,19.20,12.10,15.20,17.90,9.30,13.70,0.30,OPEN_METEO_ERA5_LAND,brisbane
2015-08-05,18.40,7.40,12.30,14.40,3.00,8.10,0.00,OPEN_METEO_ERA5_LAND,brisbane
2015-08-06,19.00,8.00,12.80,16.30,4.20,9.50,0.00,OPEN_METEO_ERA5_LAND,brisbane
2015-08-07,19.10,7.20,13.10,17.80,4.40,11.00,0.00,OPEN_METEO_ERA5_LAND,brisbane
2015-08-08,19.50,6.70,13.10,19.10,4.40,11.70,0.00,OPEN_METEO_ERA5_LAND,brisbane
2015-08-09,19.80,8.40,13.90,18.80,6.60,12.90,0.00,OPEN_METEO_ERA5_LAND,brisbane
2015-08-10,22.60,8.50,15.40,21.40,7.30,14.70,0.00,OPEN_METEO_ERA5_LAND,brisbane
2015-08-11,24.80,8.50,16.20,23.80,6.90,15.30,0.00,OPEN_METEO_ERA5_LAND,brisbane
2015-08-12,24.90,12.70,18.10,23.40,11.20,16.70,1.20,OPEN_METEO_ERA5_LAND,brisbane
2015-08-13,20.60,11.80,15.50,16.60,7.20,11.30,0.00,OPEN_METEO_ERA5_LAND,brisbane
2015-08-14,20.70,7.60,14.20,20.20,5.20,12.40,0.00,OPEN_METEO_ERA5_LAND,brisbane
2015-08-15,20.40,8.70,14.40,19.10,7.20,13.30,0.00,OPEN_METEO_ERA5_LAND,brisbane
2015-08-16,19.50,11.30,14.80,18.30,10.00,14.00,0.40,OPEN_METEO_ERA5_LAND,brisbane
2015-08-17,21.50,9.90,15.80,21.50,8.90,15.40,0.00,OPEN_METEO_ERA5_LAND,brisbane
2015-08-18,22.70,8.50,15.70,21.40,6.50,14.30,0.00,OPEN_METEO_ERA5_LAND,brisbane
2015-08-19,19.20,10.30,14.80,17.80,8.70,13.70,1.30,OPEN_METEO_ERA5_LAND,brisbane
2015-08-20,20.00,11.60,15.90,18.70,10.50,15.10,1.90,OPEN_METEO_ERA5_LAND,brisbane
2015-08-21,18.70,13.80,16.50,19.50,13.90,16.80,4.90,OPEN_METEO_ERA5_LAND,brisbane
2015-08-22,21.60,15.00,18.00,23.70,15.80,19.40,1.50,OPEN_METEO_ERA5_LAND,brisbane
2015-08-23,22.50,14.90,18.50,22.70,15.40,19.10,0.10,OPEN_METEO_ERA5_LAND,brisbane
2015-08-24,26.40,16.40,20.30,27.30,17.00,20.80,0.00,OPEN_METEO_ERA5_LAND,brisbane
2015-08-25,26.60,16.50,20.70,27.20,16.90,21.70,0.50,OPEN_METEO_ERA5_LAND,brisbane
2015-08-26,26.90,15.30,20.20,26.70,14.10,20.10,0.00,OPEN_METEO_ERA5_LAND,brisbane
2015-08-27,18.70,14.90,16.70,19.00,14.20,16.80,11.60,OPEN_METEO_ERA5_LAND,brisbane
2015-08-28,23.10,15.30,18.10,22.50,15.40,18.40,8.80,OPEN_METEO_ERA5_LAND,brisbane
2015-08-29,21.50,13.30,16.90,21.50,12.70,17.20,11.30,OPEN_METEO_ERA5_LAND,brisbane
2015-08-30,22.50,12.60,16.60,20.90,11.00,15.30,1.70,OPEN_METEO_ERA5_LAND,brisbane
2015-08-31,21.20,10.70,15.50,21.10,8.60,14.10,0.00,OPEN_METEO_ERA5_LAND,brisbane
2015-09-01,23.00,9.70,15.60,20.80,7.10,13.30,0.00,OPEN_METEO_ERA5_LAND,brisbane
2015-09-02,22.90,7.70,15.50,22.60,5.70,14.20,0.00,OPEN_METEO_ERA5_LAND,brisbane
2015-09-03,23.60,14.90,18.10,20.00,11.60,16.00,8.20,OPEN_METEO_ERA5_LAND,brisbane
2015-09-04,23.20,12.20,17.00,22.10,9.50,15.30,0.00,OPEN_METEO_ERA5_LAND,brisbane
2015-09-05,20.50,12.70,16.40,21.50,11.90,16.20,0.90,OPEN_METEO_ERA5_LAND,brisbane
2015-09-06,21.40,11.50,16.70,22.00,10.80,16.90,0.40,OPEN_METEO_ERA5_LAND,brisbane
2015-09-07,22.70,12.90,18.10,23.80,13.00,18.50,0.30,OPEN_METEO_ERA5_LAND,brisbane
2015-09-08,25.80,14.10,18.90,26.00,11.00,18.00,0.70,OPEN_METEO_ERA5_LAND,brisbane
2015-09-09,23.20,11.00,16.50,22.80,8.40,14.60,0.00,OPEN_METEO_ERA5_LAND,brisbane
2015-09-10,23.00,11.50,16.70,22.10,10.10,15.70,0.00,OPEN_METEO_ERA5_LAND,brisbane
2015-09-11,20.20,13.00,16.70,18.40,11.60,15.40,0.80,OPEN_METEO_ERA5_LAND,brisbane
2015-09-12,20.70,14.00,17.30,19.10,13.20,16.60,0.00,OPEN_METEO_ERA5_LAND,brisbane
2015-09-13,21.70,13.20,17.10,20.70,12.50,16.50,0.00,OPEN_METEO_ERA5_LAND,brisbane
2015-09-14,21.60,12.60,17.30,21.00,11.50,16.90,0.10,OPEN_METEO_ERA5_LAND,brisbane
2015-09-15,24.00,12.50,18.30,24.00,12.50,18.50,0.20,OPEN_METEO_ERA5_LAND,brisbane
2015-09-16,27.60,13.20,20.00,29.60,12.90,20.80,0.00,OPEN_METEO_ERA5_LAND,brisbane
2015-09-17,22.70,15.20,18.50,24.20,16.00,19.50,12.20,OPEN_METEO_ERA5_LAND,brisbane
2015-09-18,20.30,11.90,16.40,18.30,10.00,14.90,1.30,OPEN_METEO_ERA5_LAND,brisbane
2015-09-19,20.60,13.50,17.10,18.50,11.90,15.50,0.30,OPEN_METEO_ERA5_LAND,brisbane
2015-09-20,21.60,13.20,16.90,22.20,11.90,16.30,1.30,OPEN_METEO_ERA5_LAND,brisbane
2015-09-21,21.60,14.30,17.80,21.40,13.80,17.50,0.00,OPEN_METEO_ERA5_LAND,brisbane
2015-09-22,27.20,12.70,19.70,26.10,12.40,19.20,0.00,OPEN_METEO_ERA5_LAND,brisbane
2015-09-23,19.20,13.50,16.10,17.10,10.30,14.20,0.30,OPEN_METEO_ERA5_LAND,brisbane
2015-09-24,21.80,10.30,15.60,21.10,7.50,13.40,0.00,OPEN_METEO_ERA5_LAND,brisbane
2015-09-25,21.90,10.80,16.30,20.90,8.00,14.20,0.00,OPEN_METEO_ERA5_LAND,brisbane
2015-09-26,21.10,13.10,16.60,19.60,11.00,15.00,0.00,OPEN_METEO_ERA5_LAND,brisbane
2015-09-27,20.90,12.40,15.80,22.00,11.40,15.50,5.60,OPEN_METEO_ERA5_LAND,brisbane
2015-09-28,22.10,11.70,16.70,22.30,11.20,16.80,0.80,OPEN_METEO_ERA5_LAND,brisbane
2015-09-29,24.70,14.10,18.50,27.30,14.60,19.30,5.30,OPEN_METEO_ERA5_LAND,brisbane
2015-09-30,25.90,11.90,19.20,28.10,11.50,19.90,2.30,OPEN_METEO_ERA5_LAND,brisbane
2015-10-01,25.80,13.60,19.60,28.80,14.10,21.10,0.40,OPEN_METEO_ERA5_LAND,brisbane
2015-10-02,27.50,13.40,20.30,27.60,13.40,20.60,0.00,OPEN_METEO_ERA5_LAND,brisbane
2015-10-03,25.00,15.60,19.60,25.90,15.90,20.20,0.00,OPEN_METEO_ERA5_LAND,brisbane
2015-10-04,28.50,12.90,19.90,29.40,12.90,20.50,0.00,OPEN_METEO_ERA5_LAND,brisbane
2015-10-05,31.10,12.60,21.60,32.50,12.50,22.30,0.00,OPEN_METEO_ERA5_LAND,brisbane
2015-10-06,29.90,14.30,21.80,30.00,15.30,22.40,0.00,OPEN_METEO_ERA5_LAND,brisbane
2015-10-07,28.20,13.50,20.80,29.90,14.10,22.20,0.00,OPEN_METEO_ERA5_LAND,brisbane
2015-10-08,24.00,18.60,20.80,22.80,17.30,20.00,2.20,OPEN_METEO_ERA5_LAND,brisbane
2015-10-09,22.10,17.70,19.70,21.20,17.40,19.00,2.60,OPEN_METEO_ERA5_LAND,brisbane
2015-10-10,22.60,16.60,19.40,21.40,16.70,18.90,0.00,OPEN_METEO_ERA5_LAND,brisbane
2015-10-11,23.40,17.20,19.70,22.80,17.70,19.80,0.00,OPEN_METEO_ERA5_LAND,brisbane
2015-10-12,27.50,15.40,20.80,29.20,15.50,21.30,0.50,OPEN_METEO_ERA5_LAND,brisbane
2015-10-13,29.10,16.60,21.60,31.80,17.60,22.90,4.10,OPEN_METEO_ERA5_LAND,brisbane
2015-10-14,24.20,16.40,19.60,25.90,17.50,21.20,9.90,OPEN_METEO_ERA5_LAND,brisbane
2015-10-15,23.80,16.40,19.90,25.90,17.50,21.10,2.70,OPEN_METEO_ERA5_LAND,brisbane
2015-10-16,24.90,15.90,20.50,26.10,16.60,21.30,0.00,OPEN_METEO_ERA5_LAND,brisbane
2015-10-17,26.20,16.00,20.90,28.60,17.10,22.20,0.00,OPEN_METEO_ERA5_LAND,brisbane
2015-10-18,24.20,17.70,20.80,25.10,18.90,21.70,0.70,OPEN_METEO_ERA5_LAND,brisbane
2015-10-19,23.30,16.60,20.00,23.40,17.10,20.10,0.70,OPEN_METEO_ERA5_LAND,brisbane
2015-10-20,24.20,16.50,20.20,24.00,16.80,20.30,0.00,OPEN_METEO_ERA5_LAND,brisbane
2015-10-21,26.90,15.30,21.10,28.20,16.30,21.50,0.00,OPEN_METEO_ERA5_LAND,brisbane
2015-10-22,28.20,17.40,22.10,29.20,18.00,23.70,9.90,OPEN_METEO_ERA5_LAND,brisbane
2015-10-23,26.60,17.50,20.90,28.90,18.20,21.60,0.00,OPEN_METEO_ERA5_LAND,brisbane
2015-10-24,22.50,17.30,19.90,22.70,17.40,20.10,1.00,OPEN_METEO_ERA5_LAND,brisbane
2015-10-25,24.40,17.70,20.80,26.70,19.10,22.00,1.10,OPEN_METEO_ERA5_LAND,brisbane
2015-10-26,28.20,17.80,22.10,30.80,19.70,23.80,0.30,OPEN_METEO_ERA5_LAND,brisbane
2015-10-27,28.60,18.70,22.30,33.80,20.00,24.40,20.90,OPEN_METEO_ERA5_LAND,brisbane
2015-10-28,21.30,17.60,19.20,21.30,18.40,19.70,12.20,OPEN_METEO_ERA5_LAND,brisbane
2015-10-29,20.10,17.50,18.80,20.20,18.60,19.30,6.30,OPEN_METEO_ERA5_LAND,brisbane
2015-10-30,21.40,17.90,19.60,21.70,18.50,19.90,0.10,OPEN_METEO_ERA5_LAND,brisbane
2015-10-31,22.60,17.00,19.80,21.80,17.70,19.90,0.00,OPEN_METEO_ERA5_LAND,brisbane
2015-11-01,24.10,15.80,20.50,24.50,16.70,20.80,0.00,OPEN_METEO_ERA5_LAND,brisbane
2015-11-02,28.50,18.10,22.70,30.90,18.70,23.80,0.00,OPEN_METEO_ERA5_LAND,brisbane
2015-11-03,30.50,18.20,23.80,35.50,19.60,26.10,0.00,OPEN_METEO_ERA5_LAND,brisbane
2015-11-04,29.60,20.00,24.00,34.60,22.70,27.00,0.00,OPEN_METEO_ERA5_LAND,brisbane
2015-11-05,29.40,20.50,24.00,33.30,23.00,26.60,0.00,OPEN_METEO_ERA5_LAND,brisbane
2015-11-06,27.70,20.50,23.60,29.50,22.60,26.00,0.60,OPEN_METEO_ERA5_LAND,brisbane
2015-11-07,33.10,19.50,25.50,36.90,21.80,28.30,0.00,OPEN_METEO_ERA5_LAND,brisbane
2015-11-08,24.90,19.10,21.40,27.60,19.50,23.20,12.60,OPEN_METEO_ERA5_LAND,brisbane
2015-11-09,24.00,18.40,20.60,23.90,19.10,20.90,3.90,OPEN_METEO_ERA5_LAND,brisbane
2015-11-10,26.10,17.10,21.10,29.00,17.80,22.10,0.00,OPEN_METEO_ERA5_LAND,brisbane
2015-11-11,24.70,17.40,21.10,25.00,18.40,21.40,0.00,OPEN_METEO_ERA5_LAND,brisbane
2015-11-12,24.40,17.80,21.00,25.10,19.20,22.10,1.00,OPEN_METEO_ERA5_LAND,brisbane
2015-11-13,26.20,19.00,22.50,29.30,21.60,24.80,1.30,OPEN_METEO_ERA5_LAND,brisbane
2015-11-14,29.30,20.30,23.70,34.60,23.40,27.00,13.50,OPEN_METEO_ERA5_LAND,brisbane
2015-11-15,23.90,19.20,21.30,25.80,19.10,22.50,6.00,OPEN_METEO_ERA5_LAND,brisbane
2015-11-16,24.60,17.90,20.60,26.00,17.50,20.70,0.90,OPEN_METEO_ERA5_LAND,brisbane
2015-11-17,23.50,17.10,20.30,24.30,17.80,20.80,0.90,OPEN_METEO_ERA5_LAND,brisbane
2015-11-18,26.50,15.80,21.30,30.90,16.60,23.00,0.00,OPEN_METEO_ERA5_LAND,brisbane
2015-11-19,31.90,17.20,23.70,37.30,18.70,26.30,0.00,OPEN_METEO_ERA5_LAND,brisbane
2015-11-20,32.50,18.30,24.80,35.10,20.20,26.90,0.00,OPEN_METEO_ERA5_LAND,brisbane
2015-11-21,34.80,19.40,26.00,37.80,20.30,27.80,0.00,OPEN_METEO_ERA5_LAND,brisbane
2015-11-22,25.30,21.60,23.30,27.10,22.90,25.10,0.40,OPEN_METEO_ERA5_LAND,brisbane
2015-11-23,30.80,21.30,24.90,35.00,24.40,27.90,0.00,OPEN_METEO_ERA5_LAND,brisbane
2015-11-24,29.30,20.60,24.70,33.00,23.50,27.60,0.20,OPEN_METEO_ERA5_LAND,brisbane
2015-11-25,30.30,21.90,25.20,33.90,24.30,27.70,0.00,OPEN_METEO_ERA5_LAND,brisbane
2015-11-26,32.70,21.30,26.30,36.40,23.40,28.90,0.00,OPEN_METEO_ERA5_LAND,brisbane
2015-11-27,30.00,22.50,25.70,34.20,25.40,28.60,0.00,OPEN_METEO_ERA5_LAND,brisbane
2015-11-28,26.30,22.50,24.20,29.30,25.10,27.30,1.20,OPEN_METEO_ERA5_LAND,brisbane
2015-11-29,29.50,22.10,24.80,32.70,25.70,28.50,22.00,OPEN_METEO_ERA5_LAND,brisbane
2015-11-30,30.10,21.40,25.30,35.40,24.40,28.80,1.90,OPEN_METEO_ERA5_LAND,brisbane
2015-12-01,31.10,21.70,25.80,36.20,25.10,29.20,2.80,OPEN_METEO_ERA5_LAND,brisbane
2015-12-02,25.20,21.30,23.20,29.10,24.90,27.20,20.10,OPEN_METEO_ERA5_LAND,brisbane
2015-12-03,24.80,19.70,22.00,25.40,18.70,22.10,0.30,OPEN_METEO_ERA5_LAND,brisbane
2015-12-04,23.70,17.60,20.80,22.70,16.50,20.00,0.50,OPEN_METEO_ERA5_LAND,brisbane
2015-12-05,26.10,17.00,21.30,26.20,17.00,21.50,0.00,OPEN_METEO_ERA5_LAND,brisbane
2015-12-06,27.10,17.00,21.90,28.70,17.40,22.60,0.00,OPEN_METEO_ERA5_LAND,brisbane
2015-12-07,27.70,17.70,22.70,30.90,18.20,24.10,0.00,OPEN_METEO_ERA5_LAND,brisbane
2015-12-08,28.10,19.80,23.70,31.20,21.90,25.80,0.00,OPEN_METEO_ERA5_LAND,brisbane
2015-12-09,30.00,20.90,24.60,34.50,23.50,27.40,0.00,OPEN_METEO_ERA5_LAND,brisbane
2015-12-10,31.40,21.50,25.40,37.90,24.10,28.70,1.60,OPEN_METEO_ERA5_LAND,brisbane
2015-12-11,33.10,20.90,26.60,38.70,24.10,30.40,0.00,OPEN_METEO_ERA5_LAND,brisbane
2015-12-12,24.60,19.80,22.00,27.60,22.20,24.60,17.00,OPEN_METEO_ERA5_LAND,brisbane
2015-12-13,25.20,18.80,21.90,27.00,20.40,23.10,0.40,OPEN_METEO_ERA5_LAND,brisbane
2015-12-14,27.50,18.80,22.90,31.30,20.50,24.90,0.00,OPEN_METEO_ERA5_LAND,brisbane
2015-12-15,28.80,19.90,23.80,33.30,22.70,26.40,0.20,OPEN_METEO_ERA5_LAND,brisbane
2015-12-16,25.00,20.70,22.70,27.40,22.70,24.90,2.70,OPEN_METEO_ERA5_LAND,brisbane
2015-12-17,26.20,19.90,22.90,28.10,21.60,23.90,0.90,OPEN_METEO_ERA5_LAND,brisbane
2015-12-18,26.20,19.30,22.70,27.20,20.90,23.60,0.30,OPEN_METEO_ERA5_LAND,brisbane
2015-12-19,27.70,18.20,22.80,29.80,19.80,24.00,0.00,OPEN_METEO_ERA5_LAND,brisbane
2015-12-20,26.90,20.40,23.60,28.20,22.00,24.90,0.00,OPEN_METEO_ERA5_LAND,brisbane
2015-12-21,28.80,21.00,24.50,31.10,23.40,26.40,0.00,OPEN_METEO_ERA5_LAND,brisbane
2015-12-22,28.90,21.00,24.40,31.70,23.40,26.60,0.00,OPEN_METEO_ERA5_LAND,brisbane
2015-12-23,28.40,21.50,24.60,30.20,24.30,26.40,0.00,OPEN_METEO_ERA5_LAND,brisbane
2015-12-24,25.70,20.40,22.40,29.00,22.20,24.90,19.20,OPEN_METEO_ERA5_LAND,brisbane
2015-12-25,26.40,19.50,22.30,29.70,20.90,24.40,6.70,OPEN_METEO_ERA5_LAND,brisbane
2015-12-26,29.40,19.20,24.20,34.10,21.20,27.00,0.00,OPEN_METEO_ERA5_LAND,brisbane
2015-12-27,28.70,21.00,24.40,32.90,21.80,27.80,26.40,OPEN_METEO_ERA5_LAND,brisbane
2015-12-28,25.80,20.20,22.30,24.90,19.40,21.80,0.00,OPEN_METEO_ERA5_LAND,brisbane
2015-12-29,24.50,18.40,21.30,23.40,17.60,20.40,0.30,OPEN_METEO_ERA5_LAND,brisbane
2015-12-30,27.50,17.70,22.40,27.60,17.30,22.00,0.00,OPEN_METEO_ERA5_LAND,brisbane
2015-12-31,26.50,18.90,22.40,26.20,19.10,22.10,0.00,OPEN_METEO_ERA5_LAND,brisbane
2016-01-01,27.60,18.20,22.20,29.20,18.40,22.70,0.00,OPEN_METEO_ERA5_LAND,brisbane
2016-01-02,27.70,17.00,22.20,31.10,17.90,23.60,0.00,OPEN_METEO_ERA5_LAND,brisbane
2016-01-03,26.10,18.90,22.10,26.70,20.40,23.40,2.10,OPEN_METEO_ERA5_LAND,brisbane
2016-01-04,24.60,19.60,21.80,26.50,21.80,24.20,18.60,OPEN_METEO_ERA5_LAND,brisbane
2016-01-05,22.60,20.40,21.50,25.30,23.10,24.50,45.40,OPEN_METEO_ERA5_LAND,brisbane
2016-01-06,32.20,19.70,25.30,34.70,22.30,27.70,2.40,OPEN_METEO_ERA5_LAND,brisbane
2016-01-07,26.50,20.30,23.60,31.40,23.40,26.30,1.90,OPEN_METEO_ERA5_LAND,brisbane
2016-01-08,27.40,20.00,23.10,30.60,20.90,24.20,0.00,OPEN_METEO_ERA5_LAND,brisbane
2016-01-09,26.80,18.50,22.90,30.70,20.40,25.20,0.90,OPEN_METEO_ERA5_LAND,brisbane
2016-01-10,27.90,19.50,23.60,32.00,21.90,26.40,0.30,OPEN_METEO_ERA5_LAND,brisbane
2016-01-11,28.80,19.60,23.80,33.60,21.90,26.70,0.00,OPEN_METEO_ERA5_LAND,brisbane
2016-01-12,31.20,20.80,25.20,36.90,23.90,28.60,0.00,OPEN_METEO_ERA5_LAND,brisbane
2016-01-13,30.40,21.70,25.10,35.40,25.00,28.60,0.00,OPEN_METEO_ERA5_LAND,brisbane
2016-01-14,29.60,21.40,24.90,34.00,25.00,28.00,0.00,OPEN_METEO_ERA5_LAND,brisbane
2016-01-15,30.80,20.60,24.70,35.50,20.20,26.90,0.10,OPEN_METEO_ERA5_LAND,brisbane
2016-01-16,24.90,19.20,21.50,23.80,19.30,21.10,3.90,OPEN_METEO_ERA5_LAND,brisbane
2016-01-17,25.00,19.40,22.00,23.50,19.20,21.40,0.30,OPEN_METEO_ERA5_LAND,brisbane
2016-01-18,25.70,18.40,22.20,25.90,18.70,22.50,0.00,OPEN_METEO_ERA5_LAND,brisbane
2016-01-19,28.20,18.00,23.10,30.70,19.10,24.90,0.00,OPEN_METEO_ERA5_LAND,brisbane
2016-01-20,30.10,19.60,24.30,35.10,22.50,26.80,0.00,OPEN_METEO_ERA5_LAND,brisbane
2016-01-21,31.00,19.40,24.70,34.90,21.50,26.80,0.00,OPEN_METEO_ERA5_LAND,brisbane
2016-01-22,32.20,20.90,26.00,36.20,23.10,28.30,0.00,OPEN_METEO_ERA5_LAND,brisbane
2016-01-23,30.90,22.80,26.40,35.70,25.00,29.50,2.90,OPEN_METEO_ERA5_LAND,brisbane
2016-01-24,28.60,22.80,25.10,31.40,26.10,28.10,0.50,OPEN_METEO_ERA5_LAND,brisbane
2016-01-25,28.80,22.20,25.00,32.70,26.10,28.20,2.70,OPEN_METEO_ERA5_LAND,brisbane
2016-01-26,27.00,22.20,24.30,29.10,24.60,26.90,2.80,OPEN_METEO_ERA5_LAND,brisbane
2016-01-27,27.90,21.00,24.00,30.30,23.40,25.90,0.10,OPEN_METEO_ERA5_LAND,brisbane
2016-01-28,26.50,21.80,23.80,29.90,24.70,27.60,10.40,OPEN_METEO_ERA5_LAND,brisbane
2016-01-29,35.30,22.40,27.00,40.40,26.30,31.70,18.30,OPEN_METEO_ERA5_LAND,brisbane
2016-01-30,28.50,23.90,25.70,33.50,27.80,30.70,32.80,OPEN_METEO_ERA5_LAND,brisbane
2016-01-31,31.40,22.70,26.60,37.40,25.70,30.90,11.00,OPEN_METEO_ERA5_LAND,brisbane
2016-02-01,35.50,24.50,28.80,40.20,29.30,33.40,0.60,OPEN_METEO_ERA5_LAND,brisbane
2016-02-02,36.80,24.50,29.60,40.40,27.70,32.60,1.40,OPEN_METEO_ERA5_LAND,brisbane
2016-02-03,32.80,22.40,26.80,40.40,26.10,31.60,24.00,OPEN_METEO_ERA5_LAND,brisbane
2016-02-04,25.90,22.70,24.10,30.40,25.60,27.90,11.30,OPEN_METEO_ERA5_LAND,brisbane
2016-02-05,26.20,22.00,23.90,27.80,23.90,25.60,0.30,OPEN_METEO_ERA5_LAND,brisbane
2016-02-06,26.30,22.00,23.70,27.30,23.50,25.20,3.10,OPEN_METEO_ERA5_LAND,brisbane
2016-02-07,27.20,21.30,23.80,29.00,23.10,25.50,0.70,OPEN_METEO_ERA5_LAND,brisbane
2016-02-08,27.80,19.70,23.60,28.60,21.00,24.80,0.00,OPEN_METEO_ERA5_LAND,brisbane
2016-02-09,28.30,20.60,23.90,29.00,22.50,24.80,0.10,OPEN_METEO_ERA5_LAND,brisbane
2016-02-10,26.50,20.90,23.40,27.90,21.50,24.50,0.70,OPEN_METEO_ERA5_LAND,brisbane
2016-02-11,27.50,20.30,23.60,29.40,22.40,25.40,0.90,OPEN_METEO_ERA5_LAND,brisbane
2016-02-12,26.90,20.40,23.50,28.70,22.00,24.70,1.90,OPEN_METEO_ERA5_LAND,brisbane
2016-02-13,25.70,20.20,23.10,26.70,20.80,24.10,1.40,OPEN_METEO_ERA5_LAND,brisbane
2016-02-14,30.10,19.80,24.40,32.20,20.90,26.40,0.00,OPEN_METEO_ERA5_LAND,brisbane
2016-02-15,32.00,18.90,24.80,35.30,20.90,27.50,0.00,OPEN_METEO_ERA5_LAND,brisbane
2016-02-16,33.00,19.90,25.70,39.10,22.80,29.80,0.00,OPEN_METEO_ERA5_LAND,brisbane
2016-02-17,30.80,22.30,25.60,35.70,26.40,29.40,0.10,OPEN_METEO_ERA5_LAND,brisbane
2016-02-18,32.10,23.10,26.50,37.10,27.60,30.50,0.50,OPEN_METEO_ERA5_LAND,brisbane
2016-02-19,29.00,23.90,26.00,34.10,28.20,29.80,1.10,OPEN_METEO_ERA5_LAND,brisbane
2016-02-20,29.20,23.40,25.60,33.30,26.60,28.90,0.20,OPEN_METEO_ERA5_LAND,brisbane
2016-02-21,28.80,22.50,25.20,30.60,24.60,26.80,0.00,OPEN_METEO_ERA5_LAND,brisbane
2016-02-22,29.10,22.50,25.00,30.70,24.20,26.30,0.00,OPEN_METEO_ERA5_LAND,brisbane
2016-02-23,28.10,21.20,24.10,29.70,23.30,25.50,0.70,OPEN_METEO_ERA5_LAND,brisbane
2016-02-24,29.00,21.00,24.20,32.00,23.20,26.30,0.00,OPEN_METEO_ERA5_LAND,brisbane
2016-02-25,30.10,19.90,24.50,33.40,22.40,26.90,0.00,OPEN_METEO_ERA5_LAND,brisbane
2016-02-26,31.60,20.00,25.00,36.80,22.60,28.20,0.00,OPEN_METEO_ERA5_LAND,brisbane
2016-02-27,32.10,22.00,26.40,34.00,23.40,27.60,0.00,OPEN_METEO_ERA5_LAND,brisbane
2016-02-28,30.20,23.40,26.10,33.10,26.00,28.40,0.80,OPEN_METEO_ERA5_LAND,brisbane
2016-02-29,29.10,22.60,25.20,30.90,24.60,26.90,0.50,OPEN_METEO_ERA5_LAND,brisbane
2016-03-01,28.00,22.50,24.30,30.90,24.80,26.70,1.70,OPEN_METEO_ERA5_LAND,brisbane
2016-03-02,27.90,22.20,24.50,31.60,25.20,27.50,2.20,OPEN_METEO_ERA5_LAND,brisbane
2016-03-03,28.10,22.20,24.60,30.70,25.80,27.40,0.90,OPEN_METEO_ERA5_LAND,brisbane
2016-03-04,26.70,21.70,24.00,28.20,23.70,25.80,0.70,OPEN_METEO_ERA5_LAND,brisbane
2016-03-05,26.00,20.80,23.20,27.20,22.70,25.00,0.20,OPEN_METEO_ERA5_LAND,brisbane
2016-03-06,28.70,20.30,24.00,30.70,22.30,25.90,1.10,OPEN_METEO_ERA5_LAND,brisbane
2016-03-07,26.20,21.60,23.60,28.10,24.70,26.10,4.00,OPEN_METEO_ERA5_LAND,brisbane
2016-03-08,27.90,21.20,23.90,32.10,23.70,26.70,2.30,OPEN_METEO_ERA5_LAND,brisbane
2016-03-09,26.50,21.50,23.60,29.70,24.30,26.40,6.60,OPEN_METEO_ERA5_LAND,brisbane
2016-03-10,28.30,20.80,24.30,31.50,23.40,27.20,1.20,OPEN_METEO_ERA5_LAND,brisbane
2016-03-11,28.00,21.80,24.40,31.80,25.00,27.70,1.80,OPEN_METEO_ERA5_LAND,brisbane
2016-03-12,28.90,22.30,24.60,31.40,25.20,26.90,0.00,OPEN_METEO_ERA5_LAND,brisbane
2016-03-13,26.80,22.20,24.10,31.10,24.70,27.00,5.40,OPEN_METEO_ERA5_LAND,brisbane
2016-03-14,28.00,21.80,24.40,31.00,25.20,27.30,0.10,OPEN_METEO_ERA5_LAND,brisbane
2016-03-15,28.90,21.00,24.40,30.80,23.70,26.40,0.00,OPEN_METEO_ERA5_LAND,brisbane
2016-03-16,27.70,21.70,23.80,30.90,23.80,26.00,5.20,OPEN_METEO_ERA5_LAND,brisbane
2016-03-17,27.60,21.30,24.00,29.50,23.60,26.10,0.90,OPEN_METEO_ERA5_LAND,brisbane
2016-03-18,28.50,20.90,24.60,31.40,23.90,27.60,0.00,OPEN_METEO_ERA5_LAND,brisbane
2016-03-19,32.20,22.40,25.60,39.10,25.70,29.20,4.30,OPEN_METEO_ERA5_LAND,brisbane
2016-03-20,26.80,21.50,23.60,29.30,22.60,25.20,3.10,OPEN_METEO_ERA5_LAND,brisbane
2016-03-21,25.90,20.10,22.40,27.60,21.30,23.50,2.40,OPEN_METEO_ERA5_LAND,brisbane
2016-03-22,26.60,19.20,22.10,28.70,20.00,23.30,0.50,OPEN_METEO_ERA5_LAND,brisbane
2016-03-23,27.30,18.50,22.70,29.20,20.20,24.40,0.00,OPEN_METEO_ERA5_LAND,brisbane
2016-03-24,26.90,19.60,23.10,29.60,21.80,25.30,0.30,OPEN_METEO_ERA5_LAND,brisbane
2016-03-25,28.10,19.10,23.30,30.50,21.30,25.20,0.00,OPEN_METEO_ERA5_LAND,brisbane
2016-03-26,29.50,19.70,24.00,33.70,22.30,26.70,2.10,OPEN_METEO_ERA5_LAND,brisbane
2016-03-27,22.90,19.80,21.50,26.20,22.30,24.70,11.70,OPEN_METEO_ERA5_LAND,brisbane
2016-03-28,26.10,19.00,22.40,29.80,21.30,25.20,0.60,OPEN_METEO_ERA5_LAND,brisbane
2016-03-29,28.70,19.30,23.60,33.00,22.20,26.70,0.00,OPEN_METEO_ERA5_LAND,brisbane
2016-03-30,29.30,20.20,24.20,33.30,23.30,27.70,0.30,OPEN_METEO_ERA5_LAND,brisbane
2016-03-31,30.20,19.10,24.00,32.80,21.60,26.40,0.30,OPEN_METEO_ERA5_LAND,brisbane
2016-04-01,27.20,19.80,23.30,29.50,21.20,25.20,0.00,OPEN_METEO_ERA5_LAND,brisbane
2016-04-02,29.30,19.80,23.90,33.00,22.60,26.80,0.00,OPEN_METEO_ERA5_LAND,brisbane
2016-04-03,28.60,18.90,23.90,31.80,21.50,26.60,0.00,OPEN_METEO_ERA5_LAND,brisbane
2016-04-04,27.10,20.30,23.40,27.40,22.40,24.50,0.60,OPEN_METEO_ERA5_LAND,brisbane
2016-04-05,27.80,19.30,22.90,28.40,20.20,23.60,0.50,OPEN_METEO_ERA5_LAND,brisbane
2016-04-06,26.80,19.30,22.60,28.20,20.50,24.00,0.10,OPEN_METEO_ERA5_LAND,brisbane
2016-04-07,29.00,17.10,23.10,32.00,18.70,25.30,0.00,OPEN_METEO_ERA5_LAND,brisbane
2016-04-08,27.30,20.40,23.50,29.30,23.10,25.90,0.00,OPEN_METEO_ERA5_LAND,brisbane
2016-04-09,28.10,20.20,23.80,30.40,23.30,26.20,0.00,OPEN_METEO_ERA5_LAND,brisbane
2016-04-10,29.50,19.40,23.90,31.80,21.90,26.40,0.00,OPEN_METEO_ERA5_LAND,brisbane
2016-04-11,29.60,20.50,24.40,32.40,23.50,27.10,0.00,OPEN_METEO_ERA5_LAND,brisbane
2016-04-12,25.40,19.70,22.00,27.50,21.40,24.20,14.50,OPEN_METEO_ERA5_LAND,brisbane
2016-04-13,24.60,19.20,21.50,24.90,20.00,22.20,0.60,OPEN_METEO_ERA5_LAND,brisbane
2016-04-14,24.00,19.40,21.30,24.40,20.20,21.70,1.00,OPEN_METEO_ERA5_LAND,brisbane
2016-04-15,24.30,17.10,20.50,24.60,16.50,20.50,0.20,OPEN_METEO_ERA5_LAND,brisbane
2016-04-16,24.80,16.60,20.40,25.60,16.70,21.20,0.30,OPEN_METEO_ERA5_LAND,brisbane
2016-04-17,25.60,17.30,21.30,26.80,18.40,22.50,0.30,OPEN_METEO_ERA5_LAND,brisbane
2016-04-18,24.10,17.40,20.60,25.60,17.60,21.80,0.90,OPEN_METEO_ERA5_LAND,brisbane
2016-04-19,25.50,16.10,20.60,27.50,17.00,22.10,0.00,OPEN_METEO_ERA5_LAND,brisbane
2016-04-20,25.90,17.30,21.30,27.40,18.50,22.80,0.40,OPEN_METEO_ERA5_LAND,brisbane
2016-04-21,25.30,18.20,21.50,27.40,19.60,23.50,1.20,OPEN_METEO_ERA5_LAND,brisbane
2016-04-22,26.40,18.70,22.00,29.40,20.80,24.50,0.20,OPEN_METEO_ERA5_LAND,brisbane
2016-04-23,26.50,18.60,22.00,28.20,17.30,22.90,0.00,OPEN_METEO_ERA5_LAND,brisbane
2016-04-24,25.50,17.60,20.70,23.50,14.90,18.80,0.00,OPEN_METEO_ERA5_LAND,brisbane
2016-04-25,24.40,17.60,20.70,21.30,16.30,19.10,0.00,OPEN_METEO_ERA5_LAND,brisbane
2016-04-26,24.40,19.00,21.30,22.50,18.40,20.50,0.00,OPEN_METEO_ERA5_LAND,brisbane
2016-04-27,24.70,18.50,20.80,23.30,18.80,21.10,0.50,OPEN_METEO_ERA5_LAND,brisbane
2016-04-28,24.40,17.80,20.80,25.80,19.00,22.00,1.10,OPEN_METEO_ERA5_LAND,brisbane
2016-04-29,25.10,17.90,21.40,25.80,19.00,22.90,0.60,OPEN_METEO_ERA5_LAND,brisbane
2016-04-30,25.10,19.20,22.00,28.00,22.00,25.00,1.30,OPEN_METEO_ERA5_LAND,brisbane
2016-05-01,27.00,20.60,22.80,30.80,23.90,26.50,0.60,OPEN_METEO_ERA5_LAND,brisbane
2016-05-02,27.90,19.90,22.70,30.70,22.90,25.90,13.40,OPEN_METEO_ERA5_LAND,brisbane
2016-05-03,28.00,20.00,23.00,28.80,22.00,25.20,9.40,OPEN_METEO_ERA5_LAND,brisbane
2016-05-04,26.90,17.60,21.80,27.40,18.00,22.20,0.00,OPEN_METEO_ERA5_LAND,brisbane
2016-05-05,25.80,16.00,20.50,26.80,16.50,21.60,0.00,OPEN_METEO_ERA5_LAND,brisbane
2016-05-06,25.50,16.00,20.40,27.20,17.10,21.90,0.00,OPEN_METEO_ERA5_LAND,brisbane
2016-05-07,25.00,17.20,20.50,25.60,18.30,21.70,0.00,OPEN_METEO_ERA5_LAND,brisbane
2016-05-08,25.60,16.90,20.90,26.70,17.60,22.40,0.00,OPEN_METEO_ERA5_LAND,brisbane
2016-05-09,26.00,18.60,22.20,27.10,20.90,24.30,0.00,OPEN_METEO_ERA5_LAND,brisbane
2016-05-10,27.30,19.60,22.90,28.10,18.10,23.50,0.00,OPEN_METEO_ERA5_LAND,brisbane
2016-05-11,24.70,16.50,20.40,22.60,16.00,18.90,0.00,OPEN_METEO_ERA5_LAND,brisbane
2016-05-12,25.40,12.20,18.20,23.00,8.80,15.70,0.00,OPEN_METEO_ERA5_LAND,brisbane
2016-05-13,25.20,12.00,18.50,25.90,10.80,18.30,0.00,OPEN_METEO_ERA5_LAND,brisbane
2016-05-14,24.60,14.10,19.30,25.00,14.30,19.70,0.00,OPEN_METEO_ERA5_LAND,brisbane
2016-05-15,24.70,13.40,19.00,25.30,13.40,19.30,0.00,OPEN_METEO_ERA5_LAND,brisbane
2016-05-16,26.10,13.00,19.20,26.50,12.80,19.70,0.00,OPEN_METEO_ERA5_LAND,brisbane
2016-05-17,25.70,13.60,19.40,26.40,13.90,20.20,0.00,OPEN_METEO_ERA5_LAND,brisbane
2016-05-18,26.20,14.60,19.90,27.70,15.40,21.30,0.00,OPEN_METEO_ERA5_LAND,brisbane
2016-05-19,27.00,15.30,20.50,28.00,16.20,22.00,0.00,OPEN_METEO_ERA5_LAND,brisbane
2016-05-20,25.80,13.40,19.40,25.20,11.90,19.30,0.00,OPEN_METEO_ERA5_LAND,brisbane
2016-05-21,25.00,15.40,20.00,24.10,15.10,20.10,0.00,OPEN_METEO_ERA5_LAND,brisbane
2016-05-22,24.00,18.10,20.50,24.30,19.00,21.20,0.20,OPEN_METEO_ERA5_LAND,brisbane
2016-05-23,26.80,14.40,20.10,27.30,15.00,20.80,0.00,OPEN_METEO_ERA5_LAND,brisbane
2016-05-24,25.20,15.60,19.70,23.40,14.90,18.90,0.00,OPEN_METEO_ERA5_LAND,brisbane
2016-05-25,24.30,10.50,17.20,22.30,7.90,15.30,0.00,OPEN_METEO_ERA5_LAND,brisbane
2016-05-26,28.50,11.30,19.40,26.70,9.70,18.30,0.10,OPEN_METEO_ERA5_LAND,brisbane
2016-05-27,24.50,17.10,20.60,21.90,14.00,19.00,0.20,OPEN_METEO_ERA5_LAND,brisbane
2016-05-28,22.40,12.90,17.40,18.30,10.20,14.00,0.00,OPEN_METEO_ERA5_LAND,brisbane
2016-05-29,21.50,11.90,16.20,19.50,8.90,13.80,0.00,OPEN_METEO_ERA5_LAND,brisbane
2016-05-30,21.80,9.00,15.50,20.50,6.90,14.20,0.00,OPEN_METEO_ERA5_LAND,brisbane
2016-05-31,21.80,11.70,17.00,20.10,10.80,16.10,0.00,OPEN_METEO_ERA5_LAND,brisbane
2016-06-01,20.00,14.50,17.00,19.20,13.80,16.50,0.40,OPEN_METEO_ERA5_LAND,brisbane
2016-06-02,18.10,14.20,15.90,19.00,14.00,16.20,6.00,OPEN_METEO_ERA5_LAND,brisbane
2016-06-03,19.40,14.10,16.80,20.20,14.30,17.40,8.60,OPEN_METEO_ERA5_LAND,brisbane
2016-06-04,19.90,15.50,18.40,21.50,13.70,18.90,72.30,OPEN_METEO_ERA5_LAND,brisbane
2016-06-05,16.00,13.80,15.20,13.00,10.60,11.90,0.20,OPEN_METEO_ERA5_LAND,brisbane
2016-06-06,17.20,13.00,15.00,13.90,9.30,11.50,0.00,OPEN_METEO_ERA5_LAND,brisbane
2016-06-07,19.30,10.90,14.70,16.10,8.50,12.10,0.00,OPEN_METEO_ERA5_LAND,brisbane
2016-06-08,21.60,10.20,15.70,20.40,8.60,14.50,0.00,OPEN_METEO_ERA5_LAND,brisbane
2016-06-09,25.60,11.40,17.90,26.00,9.90,17.70,0.00,OPEN_METEO_ERA5_LAND,brisbane
2016-06-10,23.20,14.20,18.30,21.20,12.50,16.60,0.00,OPEN_METEO_ERA5_LAND,brisbane
2016-06-11,21.20,11.10,15.70,21.50,9.60,14.90,0.00,OPEN_METEO_ERA5_LAND,brisbane
2016-06-12,19.00,12.50,15.90,16.70,11.50,14.20,0.00,OPEN_METEO_ERA5_LAND,brisbane
2016-06-13,19.90,15.70,17.50,17.30,13.80,15.70,0.00,OPEN_METEO_ERA5_LAND,brisbane
2016-06-14,20.10,15.80,17.50,19.10,15.40,17.00,1.10,OPEN_METEO_ERA5_LAND,brisbane
2016-06-15,20.60,14.60,17.10,19.10,14.40,16.50,0.00,OPEN_METEO_ERA5_LAND,brisbane
2016-06-16,18.80,14.70,16.70,19.00,14.00,16.60,2.30,OPEN_METEO_ERA5_LAND,brisbane
2016-06-17,20.70,12.10,16.90,21.30,11.70,17.30,0.40,OPEN_METEO_ERA5_LAND,brisbane
2016-06-18,22.50,12.70,17.80,23.70,12.80,19.10,0.00,OPEN_METEO_ERA5_LAND,brisbane
2016-06-19,20.70,17.40,19.30,22.30,18.80,20.10,26.90,OPEN_METEO_ERA5_LAND,brisbane
2016-06-20,19.50,14.80,16.90,18.50,12.90,14.90,2.80,OPEN_METEO_ERA5_LAND,brisbane
2016-06-21,18.30,13.00,15.30,16.40,10.30,13.00,0.00,OPEN_METEO_ERA5_LAND,brisbane
2016-06-22,20.80,12.30,15.90,18.60,10.50,14.30,1.20,OPEN_METEO_ERA5_LAND,brisbane
2016-06-23,18.40,14.50,16.00,18.20,13.40,15.40,0.30,OPEN_METEO_ERA5_LAND,brisbane
2016-06-24,21.70,13.90,17.00,19.20,8.90,15.30,0.30,OPEN_METEO_ERA5_LAND,brisbane
2016-06-25,16.90,9.10,12.60,14.20,6.60,9.60,0.00,OPEN_METEO_ERA5_LAND,brisbane
2016-06-26,17.10,6.20,11.90,15.70,3.70,10.30,0.00,OPEN_METEO_ERA5_LAND,brisbane
2016-06-27,16.60,9.00,13.20,13.60,4.40,11.00,2.70,OPEN_METEO_ERA5_LAND,brisbane
2016-06-28,18.10,7.60,11.80,15.10,3.30,8.10,0.00,OPEN_METEO_ERA5_LAND,brisbane
2016-06-29,19.20,7.30,12.90,17.50,4.90,11.00,0.00,OPEN_METEO_ERA5_LAND,brisbane
2016-06-30,19.30,7.80,13.70,19.10,5.80,12.80,0.00,OPEN_METEO_ERA5_LAND,brisbane
2016-07-01,20.00,11.00,15.20,17.10,9.10,13.20,0.00,OPEN_METEO_ERA5_LAND,brisbane
2016-07-02,18.90,7.40,13.10,17.80,5.10,11.30,0.00,OPEN_METEO_ERA5_LAND,brisbane
2016-07-03,19.50,7.20,13.30,19.30,5.10,12.20,0.00,OPEN_METEO_ERA5_LAND,brisbane
2016-07-04,20.60,8.10,14.80,19.70,6.70,14.30,0.00,OPEN_METEO_ERA5_LAND,brisbane
2016-07-05,18.20,12.80,15.40,19.30,10.60,15.30,21.50,OPEN_METEO_ERA5_LAND,brisbane
2016-07-06,15.90,9.80,12.40,11.30,6.00,8.60,0.00,OPEN_METEO_ERA5_LAND,brisbane
2016-07-07,19.90,10.60,14.30,17.60,7.00,11.60,0.00,OPEN_METEO_ERA5_LAND,brisbane
2016-07-08,21.40,9.70,15.00,20.20,8.20,13.50,0.00,OPEN_METEO_ERA5_LAND,brisbane
2016-07-09,20.30,9.00,14.70,19.30,7.70,13.70,0.00,OPEN_METEO_ERA5_LAND,brisbane
2016-07-10,20.70,9.70,14.80,20.30,8.30,14.20,0.00,OPEN_METEO_ERA5_LAND,brisbane
2016-07-11,21.70,11.30,16.60,21.70,10.70,16.90,0.00,OPEN_METEO_ERA5_LAND,brisbane
2016-07-12,23.40,14.40,18.40,24.00,14.00,18.90,0.00,OPEN_METEO_ERA5_LAND,brisbane
2016-07-13,18.30,13.20,15.80,17.40,9.50,12.90,0.00,OPEN_METEO_ERA5_LAND,brisbane
2016-07-14,17.10,11.20,13.70,15.10,7.90,11.30,0.10,OPEN_METEO_ERA5_LAND,brisbane
2016-07-15,17.30,11.60,14.40,15.60,9.90,12.90,0.50,OPEN_METEO_ERA5_LAND,brisbane
2016-07-16,16.50,14.90,15.40,15.00,12.80,14.00,12.50,OPEN_METEO_ERA5_LAND,brisbane
2016-07-17,21.10,15.60,17.60,20.30,15.00,17.50,0.10,OPEN_METEO_ERA5_LAND,brisbane
2016-07-18,21.10,15.80,18.10,21.90,15.90,19.00,0.70,OPEN_METEO_ERA5_LAND,brisbane
2016-07-19,22.90,13.60,18.00,23.40,14.10,18.90,0.00,OPEN_METEO_ERA5_LAND,brisbane
2016-07-20,22.40,13.50,17.90,23.30,13.90,18.90,0.40,OPEN_METEO_ERA5_LAND,brisbane
2016-07-21,25.30,15.40,19.60,26.60,15.60,20.80,0.00,OPEN_METEO_ERA5_LAND,brisbane
2016-07-22,26.80,16.00,20.30,28.60,17.60,22.00,0.00,OPEN_METEO_ERA5_LAND,brisbane
2016-07-23,26.40,16.60,21.60,24.60,13.40,20.50,0.00,OPEN_METEO_ERA5_LAND,brisbane
2016-07-24,20.30,11.60,15.90,19.00,9.30,14.10,0.00,OPEN_METEO_ERA5_LAND,brisbane
2016-07-25,20.40,11.90,15.40,17.80,8.90,12.90,0.00,OPEN_METEO_ERA5_LAND,brisbane
2016-07-26,21.10,10.30,15.10,18.60,7.10,12.60,0.00,OPEN_METEO_ERA5_LAND,brisbane
2016-07-27,20.10,12.30,15.40,16.60,9.50,12.30,0.00,OPEN_METEO_ERA5_LAND,brisbane
2016-07-28,20.70,8.90,14.80,20.20,6.30,13.30,0.00,OPEN_METEO_ERA5_LAND,brisbane
2016-07-29,21.30,8.60,15.00,20.60,7.00,14.00,0.00,OPEN_METEO_ERA5_LAND,brisbane
2016-07-30,21.10,8.70,14.90,20.20,6.50,13.40,0.00,OPEN_METEO_ERA5_LAND,brisbane
2016-07-31,22.90,9.20,15.80,21.90,7.80,14.90,0.00,OPEN_METEO_ERA5_LAND,brisbane
2016-08-01,23.10,8.40,15.80,22.30,6.70,14.90,0.00,OPEN_METEO_ERA5_LAND,brisbane
2016-08-02,22.60,12.50,17.20,22.60,11.80,17.50,4.30,OPEN_METEO_ERA5_LAND,brisbane
2016-08-03,18.80,11.50,14.80,15.80,7.50,12.30,4.20,OPEN_METEO_ERA5_LAND,brisbane
2016-08-04,19.50,11.30,15.10,15.80,7.40,12.10,1.70,OPEN_METEO_ERA5_LAND,brisbane
2016-08-05,18.40,12.30,14.80,15.20,9.80,12.30,0.00,OPEN_METEO_ERA5_LAND,brisbane
2016-08-06,19.70,11.20,14.90,17.80,9.10,13.40,0.00,OPEN_METEO_ERA5_LAND,brisbane
2016-08-07,20.20,10.00,15.10,19.60,8.70,14.30,0.00,OPEN_METEO_ERA5_LAND,brisbane
2016-08-08,19.80,11.50,15.20,18.70,10.50,14.40,0.00,OPEN_METEO_ERA5_LAND,brisbane
2016-08-09,20.40,10.60,15.20,20.40,9.70,14.60,0.00,OPEN_METEO_ERA5_LAND,brisbane
2016-08-10,23.00,10.70,16.60,22.20,9.80,15.90,0.00,OPEN_METEO_ERA5_LAND,brisbane
2016-08-11,23.20,11.70,17.00,23.20,10.80,16.70,4.10,OPEN_METEO_ERA5_LAND,brisbane
2016-08-12,20.30,11.50,15.80,19.30,10.80,15.40,0.20,OPEN_METEO_ERA5_LAND,brisbane
2016-08-13,22.20,10.80,16.30,21.00,10.10,15.80,0.00,OPEN_METEO_ERA5_LAND,brisbane
2016-08-14,21.30,10.90,15.80,20.30,9.10,14.40,0.00,OPEN_METEO_ERA5_LAND,brisbane
2016-08-15,20.70,11.70,16.20,18.60,9.70,14.50,0.00,OPEN_METEO_ERA5_LAND,brisbane
2016-08-16,20.40,13.80,16.60,18.60,12.80,15.20,0.00,OPEN_METEO_ERA5_LAND,brisbane
2016-08-17,20.90,12.00,16.40,19.60,10.40,15.30,0.10,OPEN_METEO_ERA5_LAND,brisbane
2016-08-18,19.70,12.20,16.00,19.10,12.00,15.70,0.90,OPEN_METEO_ERA5_LAND,brisbane
2016-08-19,21.30,13.40,17.20,19.30,12.60,16.30,0.00,OPEN_METEO_ERA5_LAND,brisbane
2016-08-20,24.20,14.60,18.20,24.30,12.50,18.30,1.50,OPEN_METEO_ERA5_LAND,brisbane
2016-08-21,21.40,8.40,15.50,21.10,6.40,14.20,0.00,OPEN_METEO_ERA5_LAND,brisbane
2016-08-22,22.40,12.10,17.70,22.00,11.90,17.50,0.70,OPEN_METEO_ERA5_LAND,brisbane
2016-08-23,22.50,15.50,18.80,23.70,16.00,19.80,10.40,OPEN_METEO_ERA5_LAND,brisbane
2016-08-24,18.10,15.30,16.60,19.90,15.30,17.40,30.20,OPEN_METEO_ERA5_LAND,brisbane
2016-08-25,19.70,12.30,15.60,16.80,8.80,12.70,0.00,OPEN_METEO_ERA5_LAND,brisbane
2016-08-26,19.30,9.20,14.10,18.50,6.20,11.80,0.00,OPEN_METEO_ERA5_LAND,brisbane
2016-08-27,20.20,9.30,14.20,18.20,6.90,12.10,0.00,OPEN_METEO_ERA5_LAND,brisbane
2016-08-28,21.50,8.20,14.70,21.90,6.40,13.80,0.00,OPEN_METEO_ERA5_LAND,brisbane
2016-08-29,22.50,10.10,16.10,23.30,9.00,15.90,0.00,OPEN_METEO_ERA5_LAND,brisbane
2016-08-30,20.80,13.60,17.20,19.60,13.70,16.80,0.00,OPEN_METEO_ERA5_LAND,brisbane
2016-08-31,20.90,13.90,17.30,20.70,13.90,17.30,0.00,OPEN_METEO_ERA5_LAND,brisbane
2016-09-01,23.40,13.80,18.30,23.50,14.00,18.70,0.00,OPEN_METEO_ERA5_LAND,brisbane
2016-09-02,24.20,15.60,20.00,23.80,15.90,20.30,0.00,OPEN_METEO_ERA5_LAND,brisbane
2016-09-03,22.30,15.40,18.80,19.70,11.80,16.70,7.30,OPEN_METEO_ERA5_LAND,brisbane
2016-09-04,23.20,12.30,17.10,23.30,10.00,15.60,0.00,OPEN_METEO_ERA5_LAND,brisbane
2016-09-05,21.20,12.90,17.20,18.90,11.60,15.90,0.00,OPEN_METEO_ERA5_LAND,brisbane
2016-09-06,21.00,13.40,17.20,19.30,12.10,16.30,0.10,OPEN_METEO_ERA5_LAND,brisbane
2016-09-07,21.10,14.50,17.60,19.30,14.60,17.00,1.20,OPEN_METEO_ERA5_LAND,brisbane
2016-09-08,22.20,15.50,18.30,21.90,15.40,18.00,0.20,OPEN_METEO_ERA5_LAND,brisbane
2016-09-09,21.00,14.90,17.90,20.00,14.70,17.70,5.50,OPEN_METEO_ERA5_LAND,brisbane
2016-09-10,22.40,16.10,18.60,22.90,16.60,19.50,17.40,OPEN_METEO_ERA5_LAND,brisbane
2016-09-11,23.60,12.70,18.00,24.60,11.40,18.20,0.00,OPEN_METEO_ERA5_LAND,brisbane
2016-09-12,22.70,12.80,18.20,23.70,13.00,18.90,0.10,OPEN_METEO_ERA5_LAND,brisbane
2016-09-13,24.10,16.60,19.80,25.30,18.10,21.00,0.50,OPEN_METEO_ERA5_LAND,brisbane
2016-09-14,24.50,17.20,20.50,24.30,17.80,21.00,0.00,OPEN_METEO_ERA5_LAND,brisbane
2016-09-15,24.00,18.60,20.30,26.30,19.70,22.10,11.80,OPEN_METEO_ERA5_LAND,brisbane
2016-09-16,23.20,16.50,19.80,23.10,15.00,19.60,5.20,OPEN_METEO_ERA5_LAND,brisbane
2016-09-17,21.90,13.20,18.20,21.70,12.50,18.30,0.20,OPEN_METEO_ERA5_LAND,brisbane
2016-09-18,22.20,17.20,19.60,23.90,18.50,21.30,5.40,OPEN_METEO_ERA5_LAND,brisbane
2016-09-19,21.20,15.70,18.20,20.20,13.20,16.40,0.40,OPEN_METEO_ERA5_LAND,brisbane
2016-09-20,23.50,12.00,18.30,24.40,11.20,18.00,0.00,OPEN_METEO_ERA5_LAND,brisbane
2016-09-21,20.30,16.60,18.50,23.00,17.90,20.40,5.20,OPEN_METEO_ERA5_LAND,brisbane
2016-09-22,23.00,14.30,18.30,21.40,12.70,16.80,0.00,OPEN_METEO_ERA5_LAND,brisbane
2016-09-23,24.30,13.10,18.20,23.80,10.90,16.60,0.00,OPEN_METEO_ERA5_LAND,brisbane
2016-09-24,25.60,11.90,18.40,27.70,11.10,18.60,0.00,OPEN_METEO_ERA5_LAND,brisbane
2016-09-25,25.50,13.60,19.20,24.20,13.80,18.30,0.00,OPEN_METEO_ERA5_LAND,brisbane
2016-09-26,25.60,14.30,19.40,27.00,12.80,18.70,0.00,OPEN_METEO_ERA5_LAND,brisbane
2016-09-27,25.80,14.20,19.00,25.40,11.70,17.40,0.00,OPEN_METEO_ERA5_LAND,brisbane
2016-09-28,25.60,12.60,18.90,27.60,11.20,18.40,0.00,OPEN_METEO_ERA5_LAND,brisbane
2016-09-29,24.40,17.00,19.50,23.50,16.00,19.00,2.00,OPEN_METEO_ERA5_LAND,brisbane
2016-09-30,23.80,14.50,19.00,20.70,12.80,17.20,6.40,OPEN_METEO_ERA5_LAND,brisbane
2016-10-01,25.60,12.10,18.20,23.20,9.30,16.00,0.00,OPEN_METEO_ERA5_LAND,brisbane
2016-10-02,27.50,10.60,19.10,28.90,9.20,18.50,0.00,OPEN_METEO_ERA5_LAND,brisbane
2016-10-03,23.60,17.40,19.70,26.40,17.30,20.90,17.50,OPEN_METEO_ERA5_LAND,brisbane
2016-10-04,24.90,13.70,18.70,23.80,12.10,17.10,0.00,OPEN_METEO_ERA5_LAND,brisbane
2016-10-05,26.80,12.80,19.40,26.40,10.50,18.20,0.00,OPEN_METEO_ERA5_LAND,brisbane
2016-10-06,27.30,11.20,19.10,28.30,9.40,18.20,0.00,OPEN_METEO_ERA5_LAND,brisbane
2016-10-07,27.80,12.70,20.30,28.80,12.50,20.40,0.00,OPEN_METEO_ERA5_LAND,brisbane
2016-10-08,30.70,13.60,21.60,32.10,13.10,22.30,0.00,OPEN_METEO_ERA5_LAND,brisbane
2016-10-09,23.20,15.90,19.40,22.00,15.60,18.90,0.00,OPEN_METEO_ERA5_LAND,brisbane
2016-10-10,26.10,16.30,20.40,28.40,16.70,20.90,0.00,OPEN_METEO_ERA5_LAND,brisbane
2016-10-11,29.60,16.60,20.60,32.50,16.50,21.10,1.70,OPEN_METEO_ERA5_LAND,brisbane
2016-10-12,21.60,16.90,19.00,21.30,16.40,18.70,1.10,OPEN_METEO_ERA5_LAND,brisbane
2016-10-13,25.60,14.20,18.90,25.20,13.10,18.00,0.30,OPEN_METEO_ERA5_LAND,brisbane
2016-10-14,20.70,15.20,17.60,17.60,13.00,15.00,0.00,OPEN_METEO_ERA5_LAND,brisbane
2016-10-15,21.60,13.00,17.60,20.10,11.70,16.10,0.00,OPEN_METEO_ERA5_LAND,brisbane
2016-10-16,24.30,12.10,19.10,23.80,11.50,18.40,0.00,OPEN_METEO_ERA5_LAND,brisbane
2016-10-17,29.40,16.30,21.30,29.00,15.10,21.00,3.10,OPEN_METEO_ERA5_LAND,brisbane
2016-10-18,25.30,11.40,18.50,26.40,9.80,17.90,0.00,OPEN_METEO_ERA5_LAND,brisbane
2016-10-19,29.30,13.00,21.10,30.60,12.80,21.30,0.00,OPEN_METEO_ERA5_LAND,brisbane
2016-10-20,24.90,15.70,20.10,27.20,15.90,21.00,1.70,OPEN_METEO_ERA5_LAND,brisbane
2016-10-21,25.50,18.20,21.30,26.30,19.10,21.70,0.00,OPEN_METEO_ERA5_LAND,brisbane
2016-10-22,29.20,18.00,22.20,30.40,18.90,23.40,2.10,OPEN_METEO_ERA5_LAND,brisbane
2016-10-23,22.30,14.90,18.00,21.50,14.00,16.80,1.80,OPEN_METEO_ERA5_LAND,brisbane
2016-10-24,24.20,13.30,18.70,25.20,11.90,18.00,0.10,OPEN_METEO_ERA5_LAND,brisbane
2016-10-25,27.10,13.90,20.30,27.80,13.90,20.20,0.00,OPEN_METEO_ERA5_LAND,brisbane
2016-10-26,28.80,15.90,21.80,30.60,16.30,22.10,0.00,OPEN_METEO_ERA5_LAND,brisbane
2016-10-27,28.70,17.20,22.20,29.70,17.40,22.70,0.30,OPEN_METEO_ERA5_LAND,brisbane
2016-10-28,27.70,16.80,22.10,28.90,18.00,23.10,0.00,OPEN_METEO_ERA5_LAND,brisbane
2016-10-29,27.00,18.60,22.20,28.70,20.30,23.20,0.30,OPEN_METEO_ERA5_LAND,brisbane
2016-10-30,27.80,18.60,22.70,28.80,20.30,23.20,0.00,OPEN_METEO_ERA5_LAND,brisbane
2016-10-31,29.70,19.80,24.20,29.80,20.20,25.30,0.00,OPEN_METEO_ERA5_LAND,brisbane
2016-11-01,28.10,20.30,22.70,31.80,21.90,25.30,6.00,OPEN_METEO_ERA5_LAND,brisbane
2016-11-02,28.80,16.20,21.90,29.40,14.00,21.10,0.00,OPEN_METEO_ERA5_LAND,brisbane
2016-11-03,25.10,17.70,21.30,26.00,18.90,22.10,1.30,OPEN_METEO_ERA5_LAND,brisbane
2016-11-04,28.40,18.90,22.70,31.20,20.00,24.00,1.30,OPEN_METEO_ERA5_LAND,brisbane
2016-11-05,34.00,18.60,25.50,33.30,19.70,26.30,0.00,OPEN_METEO_ERA5_LAND,brisbane
2016-11-06,33.50,17.60,25.10,34.00,17.40,25.60,0.00,OPEN_METEO_ERA5_LAND,brisbane
2016-11-07,27.50,19.80,23.30,28.80,22.30,24.80,0.30,OPEN_METEO_ERA5_LAND,brisbane
2016-11-08,33.40,21.50,26.20,36.50,24.30,29.00,0.80,OPEN_METEO_ERA5_LAND,brisbane
2016-11-09,32.10,21.30,25.30,35.10,23.30,27.20,2.50,OPEN_METEO_ERA5_LAND,brisbane
2016-11-10,34.60,21.20,26.30,37.40,23.50,28.70,0.50,OPEN_METEO_ERA5_LAND,brisbane
2016-11-11,32.10,20.60,25.20,35.50,23.60,28.20,1.30,OPEN_METEO_ERA5_LAND,brisbane
2016-11-12,34.50,22.70,26.40,38.50,26.10,29.80,5.60,OPEN_METEO_ERA5_LAND,brisbane
2016-11-13,34.40,22.10,27.10,38.30,23.80,30.20,2.40,OPEN_METEO_ERA5_LAND,brisbane
2016-11-14,28.90,19.90,24.20,26.40,16.00,20.80,0.00,OPEN_METEO_ERA5_LAND,brisbane
2016-11-15,23.40,17.10,20.20,23.40,14.80,19.10,0.20,OPEN_METEO_ERA5_LAND,brisbane
2016-11-16,26.50,16.40,21.50,27.20,17.20,22.30,0.00,OPEN_METEO_ERA5_LAND,brisbane
2016-11-17,26.80,18.30,21.70,26.60,19.00,21.80,0.00,OPEN_METEO_ERA5_LAND,brisbane
2016-11-18,26.60,17.60,21.60,28.40,18.00,22.00,0.00,OPEN_METEO_ERA5_LAND,brisbane
2016-11-19,27.20,17.70,22.30,29.00,19.00,23.50,0.00,OPEN_METEO_ERA5_LAND,brisbane
2016-11-20,27.90,17.70,22.60,29.70,19.20,23.90,0.00,OPEN_METEO_ERA5_LAND,brisbane
2016-11-21,27.90,18.30,22.50,28.80,20.30,23.60,0.00,OPEN_METEO_ERA5_LAND,brisbane
2016-11-22,27.20,18.70,22.50,28.40,20.10,23.30,0.00,OPEN_METEO_ERA5_LAND,brisbane
2016-11-23,29.80,19.30,23.70,32.40,20.30,25.60,0.00,OPEN_METEO_ERA5_LAND,brisbane
2016-11-24,35.60,18.80,24.80,37.80,20.30,26.30,0.00,OPEN_METEO_ERA5_LAND,brisbane
2016-11-25,28.80,19.00,23.10,31.00,19.90,24.10,0.00,OPEN_METEO_ERA5_LAND,brisbane
2016-11-26,24.20,19.80,21.60,26.50,22.60,23.80,15.00,OPEN_METEO_ERA5_LAND,brisbane
2016-11-27,26.60,18.70,22.20,30.50,21.10,24.50,4.70,OPEN_METEO_ERA5_LAND,brisbane
2016-11-28,26.30,19.70,22.70,28.80,22.10,24.40,2.00,OPEN_METEO_ERA5_LAND,brisbane
2016-11-29,29.00,18.50,23.10,32.70,20.20,24.90,0.50,OPEN_METEO_ERA5_LAND,brisbane
2016-11-30,29.50,19.60,23.70,33.70,22.00,25.70,0.40,OPEN_METEO_ERA5_LAND,brisbane
2016-12-01,31.20,19.60,24.30,33.90,22.10,26.40,0.40,OPEN_METEO_ERA5_LAND,brisbane
2016-12-02,32.90,19.70,25.70,37.60,22.00,28.80,0.00,OPEN_METEO_ERA5_LAND,brisbane
2016-12-03,32.50,22.00,26.10,37.60,25.70,29.90,2.80,OPEN_METEO_ERA5_LAND,brisbane
2016-12-04,31.60,21.30,25.80,36.30,24.40,29.30,0.00,OPEN_METEO_ERA5_LAND,brisbane
2016-12-05,33.20,22.60,26.70,38.00,25.80,29.70,0.00,OPEN_METEO_ERA5_LAND,brisbane
2016-12-06,34.60,22.70,27.50,39.30,25.80,30.50,1.70,OPEN_METEO_ERA5_LAND,brisbane
2016-12-07,34.50,22.90,26.60,39.10,25.80,30.30,10.70,OPEN_METEO_ERA5_LAND,brisbane
2016-12-08,30.20,22.20,26.00,33.70,25.50,29.80,0.60,OPEN_METEO_ERA5_LAND,brisbane
2016-12-09,30.20,22.60,25.90,29.40,22.30,26.90,6.10,OPEN_METEO_ERA5_LAND,brisbane
2016-12-10,25.80,21.00,23.30,25.90,21.60,23.00,0.00,OPEN_METEO_ERA5_LAND,brisbane
2016-12-11,25.80,20.00,22.50,25.70,20.50,22.50,0.00,OPEN_METEO_ERA5_LAND,brisbane
2016-12-12,27.00,19.80,23.00,28.40,20.10,23.50,0.00,OPEN_METEO_ERA5_LAND,brisbane
2016-12-13,27.50,18.90,23.10,29.50,20.40,24.30,0.00,OPEN_METEO_ERA5_LAND,brisbane
2016-12-14,29.50,19.40,23.90,32.30,22.00,25.40,0.20,OPEN_METEO_ERA5_LAND,brisbane
2016-12-15,31.60,19.40,24.90,36.40,21.60,26.90,0.00,OPEN_METEO_ERA5_LAND,brisbane
2016-12-16,28.80,22.10,24.90,30.40,24.60,26.60,0.20,OPEN_METEO_ERA5_LAND,brisbane
2016-12-17,30.30,21.50,25.50,33.40,24.30,27.60,0.00,OPEN_METEO_ERA5_LAND,brisbane
2016-12-18,32.90,21.50,25.20,37.30,21.50,27.40,12.90,OPEN_METEO_ERA5_LAND,brisbane
2016-12-19,26.30,20.70,22.90,26.20,20.90,22.90,0.00,OPEN_METEO_ERA5_LAND,brisbane
2016-12-20,29.30,20.10,24.30,33.30,21.80,26.40,0.00,OPEN_METEO_ERA5_LAND,brisbane
2016-12-21,34.80,21.90,27.20,40.10,24.80,31.10,1.30,OPEN_METEO_ERA5_LAND,brisbane
2016-12-22,29.10,21.80,24.60,30.80,23.00,26.40,0.00,OPEN_METEO_ERA5_LAND,brisbane
2016-12-23,25.80,20.80,23.30,26.00,22.20,24.20,0.00,OPEN_METEO_ERA5_LAND,brisbane
2016-12-24,26.50,20.00,23.40,28.60,22.00,25.10,1.80,OPEN_METEO_ERA5_LAND,brisbane
2016-12-25,25.40,20.30,22.70,27.60,22.60,25.00,4.20,OPEN_METEO_ERA5_LAND,brisbane
2016-12-26,27.20,20.40,23.50,29.70,22.40,25.20,0.90,OPEN_METEO_ERA5_LAND,brisbane
2016-12-27,28.00,20.80,24.20,30.00,22.80,25.80,0.00,OPEN_METEO_ERA5_LAND,brisbane
2016-12-28,28.80,21.30,24.60,30.60,23.70,26.40,0.00,OPEN_METEO_ERA5_LAND,brisbane
2016-12-29,29.40,21.40,25.00,32.50,25.10,27.70,0.00,OPEN_METEO_ERA5_LAND,brisbane
2016-12-30,32.70,21.20,26.30,37.20,24.40,29.60,0.00,OPEN_METEO_ERA5_LAND,brisbane
2016-12-31,35.10,23.20,28.30,40.00,27.10,32.30,0.00,OPEN_METEO_ERA5_LAND,brisbane
2017-01-01,34.30,24.30,28.20,38.40,28.10,31.70,0.70,OPEN_METEO_ERA5_LAND,brisbane
2017-01-02,31.90,22.20,27.10,36.30,25.10,30.50,4.60,OPEN_METEO_ERA5_LAND,brisbane
2017-01-03,25.70,22.00,22.90,26.10,23.00,24.50,9.40,OPEN_METEO_ERA5_LAND,brisbane
2017-01-04,28.30,20.80,24.20,27.70,21.20,24.40,0.00,OPEN_METEO_ERA5_LAND,brisbane
2017-01-05,28.30,19.90,23.90,30.00,21.40,25.60,1.20,OPEN_METEO_ERA5_LAND,brisbane
2017-01-06,27.60,20.70,24.20,30.60,22.80,26.20,2.70,OPEN_METEO_ERA5_LAND,brisbane
2017-01-07,28.70,21.70,24.40,29.30,22.70,25.00,0.30,OPEN_METEO_ERA5_LAND,brisbane
2017-01-08,28.40,18.70,23.60,28.70,19.70,24.30,0.40,OPEN_METEO_ERA5_LAND,brisbane
2017-01-09,29.50,18.50,24.10,32.60,20.10,26.20,0.40,OPEN_METEO_ERA5_LAND,brisbane
2017-01-10,30.60,21.10,25.60,34.00,24.50,28.50,0.20,OPEN_METEO_ERA5_LAND,brisbane
2017-01-11,32.60,21.80,26.60,36.40,25.00,29.50,0.00,OPEN_METEO_ERA5_LAND,brisbane
2017-01-12,35.30,22.40,27.90,41.30,26.20,32.10,0.50,OPEN_METEO_ERA5_LAND,brisbane
2017-01-13,33.20,23.80,27.80,37.80,28.90,31.80,0.40,OPEN_METEO_ERA5_LAND,brisbane
2017-01-14,36.80,24.00,29.10,42.50,28.10,33.30,0.10,OPEN_METEO_ERA5_LAND,brisbane
2017-01-15,30.90,23.60,26.40,35.70,27.20,30.90,58.50,OPEN_METEO_ERA5_LAND,brisbane
2017-01-16,29.50,22.90,25.60,34.40,26.30,29.30,1.50,OPEN_METEO_ERA5_LAND,brisbane
2017-01-17,29.10,22.30,25.50,33.90,26.00,29.40,1.70,OPEN_METEO_ERA5_LAND,brisbane
2017-01-18,34.80,20.50,26.80,41.60,23.60,30.40,0.00,OPEN_METEO_ERA5_LAND,brisbane
2017-01-19,29.30,23.40,26.10,32.80,25.80,29.20,0.00,OPEN_METEO_ERA5_LAND,brisbane
2017-01-20,31.30,22.60,26.60,37.10,25.60,30.60,0.10,OPEN_METEO_ERA5_LAND,brisbane
2017-01-21,31.50,23.30,26.70,36.90,25.50,29.90,9.30,OPEN_METEO_ERA5_LAND,brisbane
2017-01-22,26.70,21.30,24.00,27.30,22.80,25.20,0.00,OPEN_METEO_ERA5_LAND,brisbane
2017-01-23,27.60,17.60,22.80,30.10,18.50,24.20,0.30,OPEN_METEO_ERA5_LAND,brisbane
2017-01-24,30.50,18.20,24.40,35.20,20.00,26.30,0.00,OPEN_METEO_ERA5_LAND,brisbane
2017-01-25,30.30,20.20,24.90,35.90,22.50,28.00,0.00,OPEN_METEO_ERA5_LAND,brisbane
2017-01-26,30.10,21.60,25.70,33.90,24.60,28.50,0.50,OPEN_METEO_ERA5_LAND,brisbane
2017-01-27,29.00,23.40,25.60,33.00,27.50,29.50,4.00,OPEN_METEO_ERA5_LAND,brisbane
2017-01-28,28.80,23.10,25.30,32.10,26.60,28.70,1.70,OPEN_METEO_ERA5_LAND,brisbane
2017-01-29,30.60,21.70,25.70,35.10,25.20,29.20,0.00,OPEN_METEO_ERA5_LAND,brisbane
2017-01-30,30.40,22.90,25.80,34.90,26.30,29.00,0.90,OPEN_METEO_ERA5_LAND,brisbane
2017-01-31,31.70,21.00,26.00,35.60,24.50,28.90,0.00,OPEN_METEO_ERA5_LAND,brisbane
2017-02-01,31.90,21.00,26.30,36.30,24.00,29.00,0.00,OPEN_METEO_ERA5_LAND,brisbane
2017-02-02,32.60,22.60,27.10,38.20,26.20,30.30,0.00,OPEN_METEO_ERA5_LAND,brisbane
2017-02-03,31.90,23.50,26.80,35.70,26.90,29.90,0.10,OPEN_METEO_ERA5_LAND,brisbane
2017-02-04,32.40,22.20,26.90,36.40,25.50,30.10,0.00,OPEN_METEO_ERA5_LAND,brisbane
2017-02-05,32.50,23.50,27.10,35.80,26.30,30.30,0.00,OPEN_METEO_ERA5_LAND,brisbane
2017-02-06,32.10,23.90,27.10,35.70,26.90,30.20,0.30,OPEN_METEO_ERA5_LAND,brisbane
2017-02-07,32.00,24.40,27.60,35.90,28.20,30.70,0.00,OPEN_METEO_ERA5_LAND,brisbane
2017-02-08,31.80,23.90,27.20,32.20,26.30,28.50,0.00,OPEN_METEO_ERA5_LAND,brisbane
2017-02-09,31.80,23.20,26.50,33.70,25.70,28.50,0.40,OPEN_METEO_ERA5_LAND,brisbane
2017-02-10,32.00,22.40,26.40,36.50,25.90,29.60,0.00,OPEN_METEO_ERA5_LAND,brisbane
2017-02-11,37.20,21.80,27.60,43.00,25.30,30.60,0.00,OPEN_METEO_ERA5_LAND,brisbane
2017-02-12,38.40,21.80,29.30,43.90,24.70,32.70,0.00,OPEN_METEO_ERA5_LAND,brisbane
2017-02-13,34.30,24.80,28.30,38.30,27.30,31.50,0.20,OPEN_METEO_ERA5_LAND,brisbane
2017-02-14,29.40,24.10,26.00,29.10,25.50,27.10,0.30,OPEN_METEO_ERA5_LAND,brisbane
2017-02-15,29.40,21.10,25.30,31.40,22.30,26.60,0.60,OPEN_METEO_ERA5_LAND,brisbane
2017-02-16,31.10,23.00,26.00,34.60,25.40,27.80,0.10,OPEN_METEO_ERA5_LAND,brisbane
2017-02-17,31.80,21.00,25.80,36.10,23.60,28.10,0.00,OPEN_METEO_ERA5_LAND,brisbane
2017-02-18,32.10,22.20,26.60,34.90,23.30,28.10,0.00,OPEN_METEO_ERA5_LAND,brisbane
2017-02-19,32.70,22.90,26.30,36.00,24.00,29.30,26.60,OPEN_METEO_ERA5_LAND,brisbane
2017-02-20,29.50,22.00,25.10,33.20,23.90,27.60,0.80,OPEN_METEO_ERA5_LAND,brisbane
2017-02-21,30.40,20.80,25.10,33.30,23.10,27.10,0.20,OPEN_METEO_ERA5_LAND,brisbane
2017-02-22,28.40,21.00,24.20,28.50,22.30,25.00,0.00,OPEN_METEO_ERA5_LAND,brisbane
2017-02-23,29.50,19.70,24.00,31.30,20.20,25.00,0.00,OPEN_METEO_ERA5_LAND,brisbane
2017-02-24,30.80,18.70,24.20,33.50,20.10,25.70,0.00,OPEN_METEO_ERA5_LAND,brisbane
2017-02-25,31.40,18.50,24.40,32.50,19.40,25.40,0.00,OPEN_METEO_ERA5_LAND,brisbane
2017-02-26,29.90,20.10,24.00,30.70,20.60,24.50,0.60,OPEN_METEO_ERA5_LAND,brisbane
2017-02-27,27.10,20.30,22.40,29.40,21.50,23.70,11.60,OPEN_METEO_ERA5_LAND,brisbane
2017-02-28,28.60,19.60,22.60,33.10,21.10,24.70,7.10,OPEN_METEO_ERA5_LAND,brisbane
2017-03-01,29.50,19.90,23.20,33.80,22.00,25.80,2.00,OPEN_METEO_ERA5_LAND,brisbane
2017-03-02,29.40,21.00,24.10,34.00,23.90,27.40,8.10,OPEN_METEO_ERA5_LAND,brisbane
2017-03-03,29.90,20.80,24.60,35.80,23.60,28.20,5.70,OPEN_METEO_ERA5_LAND,brisbane
2017-03-04,29.50,21.60,24.40,33.10,25.20,27.90,12.70,OPEN_METEO_ERA5_LAND,brisbane
2017-03-05,29.00,21.80,24.80,34.30,25.50,28.90,23.70,OPEN_METEO_ERA5_LAND,brisbane
2017-03-06,29.50,19.80,24.40,33.50,22.30,27.50,0.70,OPEN_METEO_ERA5_LAND,brisbane
2017-03-07,30.40,20.10,23.90,33.40,22.00,25.70,0.00,OPEN_METEO_ERA5_LAND,brisbane
2017-03-08,29.90,18.20,22.80,29.90,17.00,23.00,0.00,OPEN_METEO_ERA5_LAND,brisbane
2017-03-09,28.30,18.70,22.60,28.10,18.90,23.20,0.30,OPEN_METEO_ERA5_LAND,brisbane
2017-03-10,30.50,17.70,22.90,31.20,16.80,23.30,0.00,OPEN_METEO_ERA5_LAND,brisbane
2017-03-11,28.50,18.40,23.00,30.50,20.30,24.70,0.20,OPEN_METEO_ERA5_LAND,brisbane
2017-03-12,30.30,20.50,24.70,34.70,23.40,27.90,2.40,OPEN_METEO_ERA5_LAND,brisbane
2017-03-13,27.60,21.50,24.40,30.30,24.20,27.10,1.20,OPEN_METEO_ERA5_LAND,brisbane
2017-03-14,27.70,21.90,24.50,30.50,24.30,26.60,3.40,OPEN_METEO_ERA5_LAND,brisbane
2017-03-15,26.40,21.80,23.30,29.90,24.40,26.70,3.00,OPEN_METEO_ERA5_LAND,brisbane
2017-03-16,31.80,21.60,25.10,37.10,25.40,29.50,5.00,OPEN_METEO_ERA5_LAND,brisbane
2017-03-17,33.10,21.20,25.30,35.60,24.60,28.40,0.50,OPEN_METEO_ERA5_LAND,brisbane
2017-03-18,32.10,22.30,25.90,35.00,24.40,28.20,6.40,OPEN_METEO_ERA5_LAND,brisbane
2017-03-19,27.90,22.50,24.70,32.20,25.90,28.50,3.40,OPEN_METEO_ERA5_LAND,brisbane
2017-03-20,26.70,22.90,23.90,30.50,26.60,27.80,8.00,OPEN_METEO_ERA5_LAND,brisbane
2017-03-21,27.50,22.70,24.60,30.00,26.50,27.90,4.90,OPEN_METEO_ERA5_LAND,brisbane
2017-03-22,27.00,22.30,24.10,30.70,26.10,28.30,4.80,OPEN_METEO_ERA5_LAND,brisbane
2017-03-23,26.30,21.30,23.80,31.10,24.90,27.90,0.70,OPEN_METEO_ERA5_LAND,brisbane
2017-03-24,27.60,21.10,23.80,31.90,24.20,27.20,5.40,OPEN_METEO_ERA5_LAND,brisbane
2017-03-25,27.30,20.10,23.50,29.20,21.70,25.60,0.10,OPEN_METEO_ERA5_LAND,brisbane
2017-03-26,29.70,19.00,24.10,34.80,21.40,27.50,0.00,OPEN_METEO_ERA5_LAND,brisbane
2017-03-27,28.50,21.70,24.40,31.40,25.00,27.30,0.30,OPEN_METEO_ERA5_LAND,brisbane
2017-03-28,29.60,20.70,24.40,34.20,23.70,27.90,0.00,OPEN_METEO_ERA5_LAND,brisbane
2017-03-29,27.60,22.00,24.60,31.20,25.80,28.60,3.10,OPEN_METEO_ERA5_LAND,brisbane
2017-03-30,24.90,22.30,24.00,28.10,23.30,26.80,77.20,OPEN_METEO_ERA5_LAND,brisbane
2017-03-31,27.70,21.60,24.00,27.20,20.50,23.80,0.10,OPEN_METEO_ERA5_LAND,brisbane
2017-04-01,27.70,17.90,22.00,27.60,17.50,22.00,0.00,OPEN_METEO_ERA5_LAND,brisbane
2017-04-02,26.10,18.90,21.90,26.30,18.50,21.90,0.10,OPEN_METEO_ERA5_LAND,brisbane
2017-04-03,24.80,17.40,20.40,23.50,16.20,19.50,0.10,OPEN_METEO_ERA5_LAND,brisbane
2017-04-04,23.50,16.10,19.50,22.40,14.80,18.50,0.20,OPEN_METEO_ERA5_LAND,brisbane
2017-04-05,23.30,15.50,18.90,21.80,14.60,18.20,0.70,OPEN_METEO_ERA5_LAND,brisbane
2017-04-06,22.50,15.60,18.80,21.70,15.60,18.70,0.40,OPEN_METEO_ERA5_LAND,brisbane
2017-04-07,23.70,15.60,19.40,23.60,15.50,19.30,0.00,OPEN_METEO_ERA5_LAND,brisbane
2017-04-08,25.40,15.40,19.80,25.20,15.40,19.90,0.00,OPEN_METEO_ERA5_LAND,brisbane
2017-04-09,25.60,16.30,20.50,28.20,16.40,21.90,0.20,OPEN_METEO_ERA5_LAND,brisbane
2017-04-10,28.10,16.30,21.10,28.60,12.40,20.50,0.00,OPEN_METEO_ERA5_LAND,brisbane
2017-04-11,26.30,12.90,18.70,26.50,10.10,17.50,0.00,OPEN_METEO_ERA5_LAND,brisbane
2017-04-12,26.80,15.10,20.30,27.80,14.60,20.70,0.10,OPEN_METEO_ERA5_LAND,brisbane
2017-04-13,25.50,16.10,20.10,27.90,16.80,21.30,0.30,OPEN_METEO_ERA5_LAND,brisbane
2017-04-14,25.10,16.10,19.90,27.40,17.60,21.20,0.20,OPEN_METEO_ERA5_LAND,brisbane
2017-04-15,24.50,14.80,19.50,26.40,15.00,20.40,0.50,OPEN_METEO_ERA5_LAND,brisbane
2017-04-16,25.30,14.80,19.80,26.50,15.10,20.60,0.00,OPEN_METEO_ERA5_LAND,brisbane
2017-04-17,25.40,14.60,19.70,26.30,14.90,20.50,0.10,OPEN_METEO_ERA5_LAND,brisbane
2017-04-18,25.30,15.50,19.90,25.90,15.90,20.40,0.20,OPEN_METEO_ERA5_LAND,brisbane
2017-04-19,24.20,15.50,19.70,23.40,15.80,19.50,0.50,OPEN_METEO_ERA5_LAND,brisbane
2017-04-20,24.90,15.90,19.80,23.00,15.50,19.00,0.60,OPEN_METEO_ERA5_LAND,brisbane
2017-04-21,23.60,15.20,19.10,22.50,15.10,18.70,0.10,OPEN_METEO_ERA5_LAND,brisbane
2017-04-22,24.10,16.70,19.60,22.90,17.00,19.30,0.30,OPEN_METEO_ERA5_LAND,brisbane
2017-04-23,24.70,14.70,19.40,25.60,14.30,19.80,1.10,OPEN_METEO_ERA5_LAND,brisbane
2017-04-24,24.80,14.40,19.20,25.30,14.50,20.00,0.40,OPEN_METEO_ERA5_LAND,brisbane
2017-04-25,25.40,14.10,19.40,27.20,14.30,20.40,0.00,OPEN_METEO_ERA5_LAND,brisbane
2017-04-26,24.70,15.70,20.00,25.50,16.90,21.20,2.00,OPEN_METEO_ERA5_LAND,brisbane
2017-04-27,22.10,12.20,17.00,19.70,9.40,14.60,0.00,OPEN_METEO_ERA5_LAND,brisbane
2017-04-28,24.50,12.50,17.80,22.80,10.00,15.50,0.00,OPEN_METEO_ERA5_LAND,brisbane
2017-04-29,25.40,14.00,18.80,24.40,12.00,18.00,0.00,OPEN_METEO_ERA5_LAND,brisbane
2017-04-30,24.90,13.40,18.30,24.60,12.80,18.50,0.00,OPEN_METEO_ERA5_LAND,brisbane
2017-05-01,24.90,12.70,18.50,25.70,12.40,19.00,0.00,OPEN_METEO_ERA5_LAND,brisbane
2017-05-02,26.20,14.90,19.70,27.50,15.20,20.90,0.00,OPEN_METEO_ERA5_LAND,brisbane
2017-05-03,26.30,16.40,20.30,26.70,17.00,20.70,0.60,OPEN_METEO_ERA5_LAND,brisbane
2017-05-04,23.30,16.10,19.20,22.20,15.90,18.60,0.00,OPEN_METEO_ERA5_LAND,brisbane
2017-05-05,24.10,14.50,18.90,23.00,13.90,17.90,0.00,OPEN_METEO_ERA5_LAND,brisbane
2017-05-06,24.10,14.90,18.70,23.70,14.40,18.30,0.00,OPEN_METEO_ERA5_LAND,brisbane
2017-05-07,24.80,15.10,18.90,24.10,14.50,18.80,0.00,OPEN_METEO_ERA5_LAND,brisbane
2017-05-08,19.70,14.10,17.00,21.10,13.10,17.20,5.10,OPEN_METEO_ERA5_LAND,brisbane
2017-05-09,22.70,15.90,18.70,20.40,15.00,17.60,0.00,OPEN_METEO_ERA5_LAND,brisbane
2017-05-10,18.50,15.40,16.60,18.70,14.30,16.40,4.30,OPEN_METEO_ERA5_LAND,brisbane
2017-05-11,23.40,12.90,17.20,22.50,11.30,16.30,0.00,OPEN_METEO_ERA5_LAND,brisbane
2017-05-12,23.00,13.00,17.50,21.80,11.50,16.80,0.10,OPEN_METEO_ERA5_LAND,brisbane
2017-05-13,22.20,14.50,17.60,22.80,14.20,18.00,0.80,OPEN_METEO_ERA5_LAND,brisbane
2017-05-14,20.70,15.30,17.20,22.10,15.40,18.30,6.40,OPEN_METEO_ERA5_LAND,brisbane
2017-05-15,25.20,13.10,18.10,23.90,12.50,17.50,0.00,OPEN_METEO_ERA5_LAND,brisbane
2017-05-16,24.80,12.10,17.60,23.70,10.50,16.70,0.00,OPEN_METEO_ERA5_LAND,brisbane
2017-05-17,23.60,12.00,17.70,23.70,11.00,17.70,0.00,OPEN_METEO_ERA5_LAND,brisbane
2017-05-18,22.20,15.00,18.70,22.00,15.10,18.90,1.30,OPEN_METEO_ERA5_LAND,brisbane
2017-05-19,20.60,17.00,18.10,22.40,17.80,19.60,13.20,OPEN_METEO_ERA5_LAND,brisbane
2017-05-20,23.10,15.40,18.50,24.90,16.30,19.90,8.10,OPEN_METEO_ERA5_LAND,brisbane
2017-05-21,24.30,15.00,18.80,25.90,15.20,20.20,0.70,OPEN_METEO_ERA5_LAND,brisbane
2017-05-22,24.60,15.30,19.00,26.60,16.10,20.40,1.00,OPEN_METEO_ERA5_LAND,brisbane
2017-05-23,24.40,14.70,18.70,26.90,14.90,20.10,0.50,OPEN_METEO_ERA5_LAND,brisbane
2017-05-24,26.70,15.70,19.50,28.00,16.60,21.00,0.00,OPEN_METEO_ERA5_LAND,brisbane
2017-05-25,23.70,13.80,18.10,24.30,12.40,17.80,0.00,OPEN_METEO_ERA5_LAND,brisbane
2017-05-26,23.90,12.70,17.50,24.80,12.10,17.80,0.10,OPEN_METEO_ERA5_LAND,brisbane
2017-05-27,22.60,13.10,16.90,23.30,12.70,17.40,1.10,OPEN_METEO_ERA5_LAND,brisbane
2017-05-28,24.10,13.40,17.80,24.70,13.50,18.70,0.10,OPEN_METEO_ERA5_LAND,brisbane
2017-05-29,25.90,13.20,18.30,24.30,11.90,17.60,0.10,OPEN_METEO_ERA5_LAND,brisbane
2017-05-30,22.50,12.30,16.40,23.00,9.50,15.20,0.00,OPEN_METEO_ERA5_LAND,brisbane
2017-05-31,22.00,10.90,15.00,19.00,7.00,12.00,0.00,OPEN_METEO_ERA5_LAND,brisbane
2017-06-01,21.60,9.40,14.10,18.80,6.30,11.80,0.00,OPEN_METEO_ERA5_LAND,brisbane
2017-06-02,22.30,10.70,15.00,20.10,8.00,13.00,0.00,OPEN_METEO_ERA5_LAND,brisbane
2017-06-03,22.80,10.30,15.10,21.10,8.20,13.40,0.00,OPEN_METEO_ERA5_LAND,brisbane
2017-06-04,22.10,11.70,15.70,20.90,10.20,14.70,0.30,OPEN_METEO_ERA5_LAND,brisbane
2017-06-05,22.40,10.60,15.50,21.50,9.50,14.90,0.00,OPEN_METEO_ERA5_LAND,brisbane
2017-06-06,21.80,11.00,15.50,18.00,7.80,12.50,0.00,OPEN_METEO_ERA5_LAND,brisbane
2017-06-07,19.40,9.10,13.90,16.40,5.60,10.50,0.00,OPEN_METEO_ERA5_LAND,brisbane
2017-06-08,21.50,8.80,13.80,18.40,5.70,11.30,0.00,OPEN_METEO_ERA5_LAND,brisbane
2017-06-09,22.40,10.20,15.80,20.80,7.50,14.10,0.00,OPEN_METEO_ERA5_LAND,brisbane
2017-06-10,21.50,12.80,16.00,21.30,12.20,15.70,5.90,OPEN_METEO_ERA5_LAND,brisbane
2017-06-11,19.80,15.20,16.80,20.90,14.90,17.40,9.30,OPEN_METEO_ERA5_LAND,brisbane
2017-06-12,21.20,13.40,16.30,20.30,12.70,15.70,3.40,OPEN_METEO_ERA5_LAND,brisbane
2017-06-13,17.40,14.50,15.80,17.30,13.10,14.80,43.20,OPEN_METEO_ERA5_LAND,brisbane
2017-06-14,20.00,14.70,17.10,20.40,13.20,16.60,7.90,OPEN_METEO_ERA5_LAND,brisbane
2017-06-15,21.60,13.40,16.90,20.70,12.60,16.70,0.20,OPEN_METEO_ERA5_LAND,brisbane
2017-06-16,21.90,15.20,18.00,22.30,15.00,18.40,0.30,OPEN_METEO_ERA5_LAND,brisbane
2017-06-17,22.60,15.90,18.30,25.00,15.60,19.20,0.30,OPEN_METEO_ERA5_LAND,brisbane
2017-06-18,22.00,13.20,17.20,20.50,12.40,16.10,0.00,OPEN_METEO_ERA5_LAND,brisbane
2017-06-19,21.30,13.90,17.10,19.80,11.80,15.60,0.00,OPEN_METEO_ERA5_LAND,brisbane
2017-06-20,20.60,13.70,16.50,19.10,12.20,15.00,0.00,OPEN_METEO_ERA5_LAND,brisbane
2017-06-21,21.20,11.40,15.50,20.50,9.60,14.30,0.00,OPEN_METEO_ERA5_LAND,brisbane
2017-06-22,21.80,11.20,15.40,21.10,10.20,14.60,0.00,OPEN_METEO_ERA5_LAND,brisbane
2017-06-23,22.00,9.90,14.90,21.70,8.00,14.00,0.00,OPEN_METEO_ERA5_LAND,brisbane
2017-06-24,22.90,9.90,15.70,22.00,8.70,14.70,0.00,OPEN_METEO_ERA5_LAND,brisbane
2017-06-25,22.20,9.90,15.10,22.80,8.10,14.80,0.00,OPEN_METEO_ERA5_LAND,brisbane
2017-06-26,22.80,11.00,16.00,23.30,9.70,16.00,0.00,OPEN_METEO_ERA5_LAND,brisbane
2017-06-27,21.10,11.60,15.70,20.70,10.80,15.40,0.20,OPEN_METEO_ERA5_LAND,brisbane
2017-06-28,22.40,12.40,17.00,22.40,12.20,17.10,0.00,OPEN_METEO_ERA5_LAND,brisbane
2017-06-29,23.60,12.90,17.80,23.20,12.70,17.80,0.20,OPEN_METEO_ERA5_LAND,brisbane
2017-06-30,21.20,11.50,16.00,20.20,9.90,15.30,9.00,OPEN_METEO_ERA5_LAND,brisbane
2017-07-01,18.90,8.50,12.60,17.20,6.20,10.70,0.00,OPEN_METEO_ERA5_LAND,brisbane
2017-07-02,19.60,7.60,12.80,19.40,4.60,11.10,0.00,OPEN_METEO_ERA5_LAND,brisbane
2017-07-03,20.10,7.30,13.70,20.40,5.90,13.20,0.00,OPEN_METEO_ERA5_LAND,brisbane
2017-07-04,24.60,11.70,17.00,24.60,11.60,17.60,0.00,OPEN_METEO_ERA5_LAND,brisbane
2017-07-05,25.20,11.10,17.50,24.70,9.80,17.00,3.20,OPEN_METEO_ERA5_LAND,brisbane
2017-07-06,22.50,12.40,16.60,21.70,9.90,15.50,0.00,OPEN_METEO_ERA5_LAND,brisbane
2017-07-07,18.20,11.30,15.00,19.70,9.50,15.20,19.70,OPEN_METEO_ERA5_LAND,brisbane
2017-07-08,20.70,9.70,14.60,17.90,7.10,12.50,0.00,OPEN_METEO_ERA5_LAND,brisbane
2017-07-09,19.90,8.20,13.00,18.30,5.10,10.90,0.00,OPEN_METEO_ERA5_LAND,brisbane
2017-07-10,19.90,9.00,14.30,18.40,6.40,12.70,0.00,OPEN_METEO_ERA5_LAND,brisbane
2017-07-11,20.70,11.10,15.10,20.10,9.70,14.00,0.10,OPEN_METEO_ERA5_LAND,brisbane
2017-07-12,20.30,9.60,13.70,18.60,7.20,11.90,0.00,OPEN_METEO_ERA5_LAND,brisbane
2017-07-13,19.70,9.70,13.90,18.50,8.10,12.70,0.10,OPEN_METEO_ERA5_LAND,brisbane
2017-07-14,20.00,8.70,14.10,19.50,6.70,13.20,0.40,OPEN_METEO_ERA5_LAND,brisbane
2017-07-15,23.40,10.00,15.90,22.70,9.30,15.70,1.00,OPEN_METEO_ERA5_LAND,brisbane
2017-07-16,20.90,12.60,15.60,21.40,12.60,15.80,6.20,OPEN_METEO_ERA5_LAND,brisbane
2017-07-17,21.90,11.00,15.80,22.10,10.20,15.90,0.20,OPEN_METEO_ERA5_LAND,brisbane
2017-07-18,25.60,12.50,17.90,25.10,12.40,18.30,0.10,OPEN_METEO_ERA5_LAND,brisbane
2017-07-19,19.00,13.90,16.40,16.20,8.40,12.00,0.30,OPEN_METEO_ERA5_LAND,brisbane
2017-07-20,20.60,10.40,14.70,17.70,6.50,11.10,0.00,OPEN_METEO_ERA5_LAND,brisbane
2017-07-21,20.70,7.80,13.30,18.30,4.40,10.40,0.00,OPEN_METEO_ERA5_LAND,brisbane
2017-07-22,20.20,7.50,13.00,19.80,4.60,11.10,0.00,OPEN_METEO_ERA5_LAND,brisbane
2017-07-23,22.60,8.40,14.50,20.00,6.70,12.50,0.00,OPEN_METEO_ERA5_LAND,brisbane
2017-07-24,24.50,8.30,15.10,22.20,5.20,12.50,0.00,OPEN_METEO_ERA5_LAND,brisbane
2017-07-25,23.00,8.80,14.40,20.90,5.60,12.00,0.00,OPEN_METEO_ERA5_LAND,brisbane
2017-07-26,25.10,7.70,15.30,22.70,4.60,12.70,0.00,OPEN_METEO_ERA5_LAND,brisbane
2017-07-27,22.50,9.80,15.40,21.20,7.00,13.50,0.00,OPEN_METEO_ERA5_LAND,brisbane
2017-07-28,25.40,9.90,16.20,24.10,8.30,15.50,0.00,OPEN_METEO_ERA5_LAND,brisbane
2017-07-29,23.30,10.20,16.20,22.40,6.80,14.30,0.00,OPEN_METEO_ERA5_LAND,brisbane
2017-07-30,24.40,6.60,15.00,23.20,5.10,14.10,0.00,OPEN_METEO_ERA5_LAND,brisbane
2017-07-31,24.70,9.90,16.40,25.40,9.50,16.20,0.00,OPEN_METEO_ERA5_LAND,brisbane
2017-08-01,23.00,11.40,16.20,20.90,9.10,13.90,0.00,OPEN_METEO_ERA5_LAND,brisbane
2017-08-02,21.30,8.40,14.20,20.10,6.20,12.70,0.00,OPEN_METEO_ERA5_LAND,brisbane
2017-08-03,21.90,9.40,15.40,20.60,7.50,14.20,0.00,OPEN_METEO_ERA5_LAND,brisbane
2017-08-04,22.70,12.60,17.30,19.60,10.00,15.10,0.60,OPEN_METEO_ERA5_LAND,brisbane
2017-08-05,23.20,10.90,15.50,20.00,7.80,12.70,0.00,OPEN_METEO_ERA5_LAND,brisbane
2017-08-06,23.50,9.80,15.80,23.60,7.00,14.80,0.10,OPEN_METEO_ERA5_LAND,brisbane
2017-08-07,25.50,14.20,18.40,22.80,10.80,17.10,0.20,OPEN_METEO_ERA5_LAND,brisbane
2017-08-08,22.40,10.90,15.70,17.70,6.50,11.40,0.00,OPEN_METEO_ERA5_LAND,brisbane
2017-08-09,23.30,8.50,14.60,21.60,5.20,12.10,0.00,OPEN_METEO_ERA5_LAND,brisbane
2017-08-10,23.50,6.80,14.70,22.20,4.80,13.30,0.00,OPEN_METEO_ERA5_LAND,brisbane
2017-08-11,27.50,10.60,17.70,27.50,10.30,17.40,0.00,OPEN_METEO_ERA5_LAND,brisbane
2017-08-12,29.20,9.10,18.10,26.20,8.00,17.00,0.00,OPEN_METEO_ERA5_LAND,brisbane
2017-08-13,25.00,12.30,17.60,25.90,10.10,17.30,0.00,OPEN_METEO_ERA5_LAND,brisbane
2017-08-14,26.10,12.40,17.70,24.70,11.90,17.40,0.00,OPEN_METEO_ERA5_LAND,brisbane
2017-08-15,26.70,11.40,17.90,25.90,8.30,16.10,0.00,OPEN_METEO_ERA5_LAND,brisbane
2017-08-16,31.80,11.50,20.90,29.90,10.30,19.90,0.00,OPEN_METEO_ERA5_LAND,brisbane
2017-08-17,32.00,16.80,23.20,31.00,15.80,22.10,0.00,OPEN_METEO_ERA5_LAND,brisbane
2017-08-18,25.10,17.00,20.00,19.70,12.10,15.40,0.00,OPEN_METEO_ERA5_LAND,brisbane
2017-08-19,19.90,11.70,15.50,14.00,5.90,9.60,0.00,OPEN_METEO_ERA5_LAND,brisbane
2017-08-20,21.90,8.00,14.10,18.40,3.40,10.50,0.00,OPEN_METEO_ERA5_LAND,brisbane
2017-08-21,21.40,8.20,14.40,20.70,5.70,12.90,0.00,OPEN_METEO_ERA5_LAND,brisbane
2017-08-22,24.70,12.30,18.00,25.60,11.40,17.90,0.60,OPEN_METEO_ERA5_LAND,brisbane
2017-08-23,26.70,12.10,18.60,25.90,11.30,18.60,0.00,OPEN_METEO_ERA5_LAND,brisbane
2017-08-24,25.90,14.90,18.80,25.00,11.60,18.10,3.20,OPEN_METEO_ERA5_LAND,brisbane
2017-08-25,20.80,12.00,15.50,19.40,9.70,13.70,1.00,OPEN_METEO_ERA5_LAND,brisbane
2017-08-26,23.30,11.50,16.10,21.90,8.80,14.30,0.00,OPEN_METEO_ERA5_LAND,brisbane
2017-08-27,23.10,10.30,16.00,20.80,8.90,14.70,0.00,OPEN_METEO_ERA5_LAND,brisbane
2017-08-28,21.80,10.50,15.30,18.20,6.60,12.00,0.00,OPEN_METEO_ERA5_LAND,brisbane
2017-08-29,20.90,7.60,14.40,19.90,4.20,12.50,0.00,OPEN_METEO_ERA5_LAND,brisbane
2017-08-30,25.10,10.00,16.80,21.70,8.50,13.90,0.00,OPEN_METEO_ERA5_LAND,brisbane
2017-08-31,22.50,10.00,15.50,22.00,7.20,13.80,0.00,OPEN_METEO_ERA5_LAND,brisbane
2017-09-01,23.60,9.80,15.80,22.70,8.20,14.20,0.00,OPEN_METEO_ERA5_LAND,brisbane
2017-09-02,24.50,10.70,16.70,24.90,9.30,15.90,0.00,OPEN_METEO_ERA5_LAND,brisbane
2017-09-03,27.50,11.10,18.60,26.90,10.70,18.00,0.00,OPEN_METEO_ERA5_LAND,brisbane
2017-09-04,30.20,13.90,21.50,30.80,13.40,20.90,0.00,OPEN_METEO_ERA5_LAND,brisbane
2017-09-05,26.90,14.60,20.00,22.80,9.60,15.70,0.00,OPEN_METEO_ERA5_LAND,brisbane
2017-09-06,25.90,12.80,18.60,21.40,8.40,14.20,0.00,OPEN_METEO_ERA5_LAND,brisbane
2017-09-07,27.10,11.90,18.30,24.10,7.90,15.10,0.00,OPEN_METEO_ERA5_LAND,brisbane
2017-09-08,25.90,11.80,18.10,22.10,7.90,14.10,0.00,OPEN_METEO_ERA5_LAND,brisbane
2017-09-09,24.70,10.80,16.80,23.60,6.90,14.20,0.00,OPEN_METEO_ERA5_LAND,brisbane
2017-09-10,24.30,9.70,16.70,23.90,7.40,15.10,0.00,OPEN_METEO_ERA5_LAND,brisbane
2017-09-11,26.10,9.70,18.10,26.80,8.70,17.50,0.00,OPEN_METEO_ERA5_LAND,brisbane
2017-09-12,28.40,11.90,19.60,29.60,11.90,20.00,0.00,OPEN_METEO_ERA5_LAND,brisbane
2017-09-13,27.80,14.00,20.60,29.40,14.40,20.80,0.00,OPEN_METEO_ERA5_LAND,brisbane
2017-09-14,23.30,14.60,19.50,20.40,10.10,16.00,0.00,OPEN_METEO_ERA5_LAND,brisbane
2017-09-15,23.80,10.30,16.20,22.80,6.20,13.10,0.00,OPEN_METEO_ERA5_LAND,brisbane
2017-09-16,26.30,10.50,17.70,25.00,8.00,16.00,0.00,OPEN_METEO_ERA5_LAND,brisbane
2017-09-17,23.50,12.20,17.60,22.90,8.90,16.00,0.20,OPEN_METEO_ERA5_LAND,brisbane
2017-09-18,24.20,12.90,18.20,24.20,12.40,17.40,0.00,OPEN_METEO_ERA5_LAND,brisbane
2017-09-19,28.80,12.10,19.70,29.30,11.80,19.40,0.00,OPEN_METEO_ERA5_LAND,brisbane
2017-09-20,25.70,13.90,19.40,27.20,13.70,19.50,0.10,OPEN_METEO_ERA5_LAND,brisbane
2017-09-21,24.60,16.40,20.10,25.60,17.20,20.40,0.50,OPEN_METEO_ERA5_LAND,brisbane
2017-09-22,29.10,16.30,21.30,31.30,17.10,22.50,4.40,OPEN_METEO_ERA5_LAND,brisbane
2017-09-23,29.90,15.90,21.90,32.30,16.90,23.10,0.00,OPEN_METEO_ERA5_LAND,brisbane
2017-09-24,32.00,16.70,23.10,33.70,17.20,23.60,0.00,OPEN_METEO_ERA5_LAND,brisbane
2017-09-25,33.80,18.30,24.60,35.00,19.10,25.00,0.00,OPEN_METEO_ERA5_LAND,brisbane
2017-09-26,29.00,18.40,22.30,29.10,19.30,22.50,0.00,OPEN_METEO_ERA5_LAND,brisbane
2017-09-27,24.00,18.00,21.00,24.40,18.50,21.90,0.20,OPEN_METEO_ERA5_LAND,brisbane
2017-09-28,34.60,17.80,24.40,37.20,19.10,26.20,0.00,OPEN_METEO_ERA5_LAND,brisbane
2017-09-29,36.80,19.70,26.60,35.90,19.00,26.40,0.00,OPEN_METEO_ERA5_LAND,brisbane
2017-09-30,33.10,19.00,24.50,31.50,19.40,23.80,0.00,OPEN_METEO_ERA5_LAND,brisbane
2017-10-01,24.80,17.20,19.90,23.20,17.00,19.30,3.20,OPEN_METEO_ERA5_LAND,brisbane
2017-10-02,22.00,17.60,18.90,20.50,17.90,19.10,23.70,OPEN_METEO_ERA5_LAND,brisbane
2017-10-03,24.20,17.10,19.70,26.40,17.20,21.40,27.80,OPEN_METEO_ERA5_LAND,brisbane
2017-10-04,26.30,17.60,21.10,30.90,19.40,23.60,1.30,OPEN_METEO_ERA5_LAND,brisbane
2017-10-05,28.30,17.80,21.60,33.80,19.00,23.80,0.10,OPEN_METEO_ERA5_LAND,brisbane
2017-10-06,28.90,18.00,23.30,31.80,20.70,26.10,0.10,OPEN_METEO_ERA5_LAND,brisbane
2017-10-07,23.50,18.00,20.50,23.80,18.90,21.10,0.40,OPEN_METEO_ERA5_LAND,brisbane
2017-10-08,25.50,18.70,21.10,28.20,20.20,22.60,0.20,OPEN_METEO_ERA5_LAND,brisbane
2017-10-09,29.20,18.20,22.70,33.60,19.60,25.40,0.50,OPEN_METEO_ERA5_LAND,brisbane
2017-10-10,31.00,21.10,24.60,34.00,22.80,27.10,0.50,OPEN_METEO_ERA5_LAND,brisbane
2017-10-11,27.70,21.10,23.40,32.20,23.50,26.20,2.70,OPEN_METEO_ERA5_LAND,brisbane
2017-10-12,24.70,20.10,22.40,28.40,22.30,25.40,1.90,OPEN_METEO_ERA5_LAND,brisbane
2017-10-13,27.90,18.90,22.80,30.90,21.10,25.50,1.80,OPEN_METEO_ERA5_LAND,brisbane
2017-10-14,23.70,18.00,20.40,26.10,19.00,22.40,20.00,OPEN_METEO_ERA5_LAND,brisbane
2017-10-15,20.90,17.20,18.20,21.20,17.40,18.60,42.60,OPEN_METEO_ERA5_LAND,brisbane
2017-10-16,21.80,17.50,19.50,22.10,17.20,19.40,8.30,OPEN_METEO_ERA5_LAND,brisbane
2017-10-17,20.90,18.20,19.10,20.80,18.00,19.10,13.10,OPEN_METEO_ERA5_LAND,brisbane
2017-10-18,22.80,19.00,20.10,22.10,19.00,20.20,5.70,OPEN_METEO_ERA5_LAND,brisbane
2017-10-19,23.20,17.60,20.30,22.90,18.50,20.70,0.60,OPEN_METEO_ERA5_LAND,brisbane
2017-10-20,24.10,16.70,20.40,24.90,18.50,21.70,0.60,OPEN_METEO_ERA5_LAND,brisbane
2017-10-21,19.00,14.00,17.00,20.60,13.10,17.70,28.10,OPEN_METEO_ERA5_LAND,brisbane
2017-10-22,23.90,12.90,17.80,23.40,11.70,17.50,0.00,OPEN_METEO_ERA5_LAND,brisbane
2017-10-23,22.60,13.60,17.30,25.90,14.00,18.30,7.60,OPEN_METEO_ERA5_LAND,brisbane
2017-10-24,24.10,13.10,18.40,26.40,13.30,19.10,0.40,OPEN_METEO_ERA5_LAND,brisbane
2017-10-25,26.80,13.90,20.30,30.00,14.10,21.00,0.00,OPEN_METEO_ERA5_LAND,brisbane
2017-10-26,29.90,15.50,21.80,32.50,15.50,23.20,7.60,OPEN_METEO_ERA5_LAND,brisbane
2017-10-27,29.50,18.90,23.70,29.00,18.60,23.40,0.00,OPEN_METEO_ERA5_LAND,brisbane
2017-10-28,27.20,16.60,21.80,30.90,18.10,23.80,0.00,OPEN_METEO_ERA5_LAND,brisbane
2017-10-29,29.70,19.10,24.00,34.90,21.60,27.50,0.10,OPEN_METEO_ERA5_LAND,brisbane
2017-10-30,30.80,19.90,24.70,35.50,22.80,28.00,3.10,OPEN_METEO_ERA5_LAND,brisbane
2017-10-31,29.30,19.30,23.20,29.30,17.40,22.80,0.10,OPEN_METEO_ERA5_LAND,brisbane
2017-11-01,26.00,18.10,21.00,27.00,19.40,21.70,0.70,OPEN_METEO_ERA5_LAND,brisbane
2017-11-02,27.20,13.70,20.60,29.30,12.80,21.40,0.00,OPEN_METEO_ERA5_LAND,brisbane
2017-11-03,26.90,16.30,21.70,28.30,18.00,23.10,0.10,OPEN_METEO_ERA5_LAND,brisbane
2017-11-04,28.70,16.90,22.40,33.00,18.40,24.70,0.00,OPEN_METEO_ERA5_LAND,brisbane
2017-11-05,27.50,19.90,22.80,29.00,22.10,24.70,1.10,OPEN_METEO_ERA5_LAND,brisbane
2017-11-06,26.40,19.90,23.10,27.50,22.10,24.80,1.30,OPEN_METEO_ERA5_LAND,brisbane
2017-11-07,27.20,19.00,22.00,29.30,18.50,22.70,3.60,OPEN_METEO_ERA5_LAND,brisbane
2017-11-08,23.70,15.90,19.20,22.80,15.60,18.50,1.50,OPEN_METEO_ERA5_LAND,brisbane
2017-11-09,23.20,13.20,18.30,21.30,11.70,16.90,0.10,OPEN_METEO_ERA5_LAND,brisbane
2017-11-10,23.40,14.60,19.00,21.80,14.10,18.10,0.50,OPEN_METEO_ERA5_LAND,brisbane
2017-11-11,23.60,15.10,18.90,22.20,14.60,18.30,0.40,OPEN_METEO_ERA5_LAND,brisbane
2017-11-12,24.30,14.10,19.00,23.40,13.50,18.20,0.10,OPEN_METEO_ERA5_LAND,brisbane
2017-11-13,24.90,13.90,19.50,24.60,13.40,18.90,0.10,OPEN_METEO_ERA5_LAND,brisbane
2017-11-14,25.90,12.90,19.70,26.40,12.20,19.60,0.00,OPEN_METEO_ERA5_LAND,brisbane
2017-11-15,26.10,15.30,20.60,28.10,15.60,21.30,0.70,OPEN_METEO_ERA5_LAND,brisbane
2017-11-16,26.40,15.80,20.90,29.00,16.90,21.80,0.60,OPEN_METEO_ERA5_LAND,brisbane
2017-11-17,26.00,16.60,21.50,26.90,18.00,22.00,0.30,OPEN_METEO_ERA5_LAND,brisbane
2017-11-18,21.50,15.60,18.80,22.10,16.60,20.10,32.50,OPEN_METEO_ERA5_LAND,brisbane
2017-11-19,23.00,15.60,18.60,23.80,16.10,19.00,9.70,OPEN_METEO_ERA5_LAND,brisbane
2017-11-20,24.30,15.20,19.40,23.60,15.30,19.30,2.10,OPEN_METEO_ERA5_LAND,brisbane
2017-11-21,23.00,15.30,19.00,22.40,15.80,18.80,1.40,OPEN_METEO_ERA5_LAND,brisbane
2017-11-22,23.30,16.00,19.30,22.60,16.30,19.30,0.70,OPEN_METEO_ERA5_LAND,brisbane
2017-11-23,25.40,15.10,20.10,26.70,15.10,20.80,0.80,OPEN_METEO_ERA5_LAND,brisbane
2017-11-24,26.40,15.70,21.10,29.60,16.40,22.80,2.00,OPEN_METEO_ERA5_LAND,brisbane
2017-11-25,27.00,17.30,22.00,29.50,18.50,23.90,0.40,OPEN_METEO_ERA5_LAND,brisbane
2017-11-26,27.60,17.70,22.40,31.00,19.20,24.40,0.80,OPEN_METEO_ERA5_LAND,brisbane
2017-11-27,26.90,19.20,22.70,29.80,21.40,25.10,0.20,OPEN_METEO_ERA5_LAND,brisbane
2017-11-28,27.80,19.30,23.30,31.10,22.00,26.00,1.10,OPEN_METEO_ERA5_LAND,brisbane
2017-11-29,22.80,20.10,21.50,25.80,22.70,24.10,16.50,OPEN_METEO_ERA5_LAND,brisbane
2017-11-30,24.40,19.10,21.50,26.70,21.00,23.80,14.80,OPEN_METEO_ERA5_LAND,brisbane
2017-12-01,26.60,20.10,23.20,29.30,22.10,25.50,2.20,OPEN_METEO_ERA5_LAND,brisbane
2017-12-02,26.90,20.00,23.50,29.20,22.40,25.80,2.40,OPEN_METEO_ERA5_LAND,brisbane
2017-12-03,29.50,21.50,24.10,32.50,23.90,27.00,3.40,OPEN_METEO_ERA5_LAND,brisbane
2017-12-04,26.10,18.70,21.60,28.40,20.20,24.40,17.40,OPEN_METEO_ERA5_LAND,brisbane
2017-12-05,26.50,17.60,21.80,29.80,19.00,23.90,0.40,OPEN_METEO_ERA5_LAND,brisbane
2017-12-06,30.10,16.10,22.80,30.00,14.80,22.70,0.00,OPEN_METEO_ERA5_LAND,brisbane
2017-12-07,31.50,16.10,23.40,34.70,14.80,24.50,0.00,OPEN_METEO_ERA5_LAND,brisbane
2017-12-08,30.90,19.10,24.30,36.60,21.90,27.60,3.20,OPEN_METEO_ERA5_LAND,brisbane
2017-12-09,29.10,19.30,23.10,33.30,20.60,25.60,5.60,OPEN_METEO_ERA5_LAND,brisbane
2017-12-10,27.00,18.00,22.30,28.40,19.30,23.50,0.50,OPEN_METEO_ERA5_LAND,brisbane
2017-12-11,26.50,17.50,21.90,27.70,18.60,22.90,0.40,OPEN_METEO_ERA5_LAND,brisbane
2017-12-12,27.60,16.70,21.90,28.70,17.10,22.50,0.00,OPEN_METEO_ERA5_LAND,brisbane
2017-12-13,27.70,17.60,22.40,29.50,18.70,23.90,0.20,OPEN_METEO_ERA5_LAND,brisbane
2017-12-14,28.20,16.70,22.80,31.20,17.80,24.80,0.00,OPEN_METEO_ERA5_LAND,brisbane
2017-12-15,28.90,18.10,23.50,32.50,20.50,26.10,0.00,OPEN_METEO_ERA5_LAND,brisbane
2017-12-16,29.20,21.10,24.40,32.90,24.30,27.30,1.80,OPEN_METEO_ERA5_LAND,brisbane
2017-12-17,28.70,21.00,24.40,31.50,23.50,26.80,0.00,OPEN_METEO_ERA5_LAND,brisbane
2017-12-18,28.70,20.60,24.10,31.60,22.40,26.10,0.00,OPEN_METEO_ERA5_LAND,brisbane
2017-12-19,30.30,19.30,24.70,34.90,21.00,26.80,0.00,OPEN_METEO_ERA5_LAND,brisbane
2017-12-20,31.60,20.50,25.70,36.10,22.90,27.90,0.00,OPEN_METEO_ERA5_LAND,brisbane
2017-12-21,32.60,21.20,26.20,36.90,23.80,28.90,0.50,OPEN_METEO_ERA5_LAND,brisbane
2017-12-22,29.00,22.50,25.60,33.10,25.60,28.60,3.00,OPEN_METEO_ERA5_LAND,brisbane
2017-12-23,30.50,21.20,24.90,36.20,24.60,28.40,3.00,OPEN_METEO_ERA5_LAND,brisbane
2017-12-24,32.00,19.90,25.70,36.80,22.70,28.40,0.00,OPEN_METEO_ERA5_LAND,brisbane
2017-12-25,35.80,21.10,26.70,39.40,23.50,29.70,2.80,OPEN_METEO_ERA5_LAND,brisbane
2017-12-26,28.70,20.20,23.40,31.70,22.80,26.20,8.40,OPEN_METEO_ERA5_LAND,brisbane
2017-12-27,28.50,20.60,23.80,31.70,22.60,26.00,2.40,OPEN_METEO_ERA5_LAND,brisbane
2017-12-28,27.90,18.90,23.60,32.10,20.90,26.40,0.70,OPEN_METEO_ERA5_LAND,brisbane
2017-12-29,28.70,21.40,25.00,32.20,25.00,28.40,1.10,OPEN_METEO_ERA5_LAND,brisbane
2017-12-30,32.00,21.70,26.50,36.00,24.60,29.70,0.00,OPEN_METEO_ERA5_LAND,brisbane
2017-12-31,32.00,23.10,26.50,39.70,27.50,31.20,7.90,OPEN_METEO_ERA5_LAND,brisbane
2018-01-01,31.10,23.10,26.30,39.00,27.90,31.60,1.90,OPEN_METEO_ERA5_LAND,brisbane
2018-01-02,28.30,22.00,24.70,33.00,25.20,29.00,12.20,OPEN_METEO_ERA5_LAND,brisbane
2018-01-03,30.00,19.60,24.20,36.70,21.90,27.50,3.80,OPEN_METEO_ERA5_LAND,brisbane
2018-01-04,28.30,19.60,23.60,31.80,21.80,26.10,0.20,OPEN_METEO_ERA5_LAND,brisbane
2018-01-05,27.30,20.10,23.70,32.00,22.40,26.50,1.10,OPEN_METEO_ERA5_LAND,brisbane
2018-01-06,29.30,19.20,24.00,34.30,21.40,26.70,0.00,OPEN_METEO_ERA5_LAND,brisbane
2018-01-07,30.00,18.40,24.20,35.50,20.50,27.10,0.00,OPEN_METEO_ERA5_LAND,brisbane
2018-01-08,30.80,20.00,25.00,36.20,22.60,27.60,0.00,OPEN_METEO_ERA5_LAND,brisbane
2018-01-09,31.00,21.00,25.50,35.40,23.40,27.90,0.00,OPEN_METEO_ERA5_LAND,brisbane
2018-01-10,30.80,20.70,25.50,35.10,23.70,28.50,0.00,OPEN_METEO_ERA5_LAND,brisbane
2018-01-11,30.70,22.50,25.90,35.20,26.20,29.40,0.30,OPEN_METEO_ERA5_LAND,brisbane
2018-01-12,30.90,21.20,26.20,34.50,24.60,29.10,0.00,OPEN_METEO_ERA5_LAND,brisbane
2018-01-13,36.30,22.10,28.10,41.60,25.20,32.00,0.00,OPEN_METEO_ERA5_LAND,brisbane
2018-01-14,35.90,21.30,28.60,34.80,20.30,29.00,0.10,OPEN_METEO_ERA5_LAND,brisbane
2018-01-15,29.80,18.00,22.80,32.00,16.30,22.40,0.20,OPEN_METEO_ERA5_LAND,brisbane
2018-01-16,30.50,17.30,23.20,31.80,17.20,22.80,0.00,OPEN_METEO_ERA5_LAND,brisbane
2018-01-17,29.50,16.70,23.00,32.00,17.10,23.60,0.00,OPEN_METEO_ERA5_LAND,brisbane
2018-01-18,29.70,17.50,23.30,33.00,17.90,24.30,0.00,OPEN_METEO_ERA5_LAND,brisbane
2018-01-19,31.20,15.70,23.50,33.80,16.10,24.90,0.00,OPEN_METEO_ERA5_LAND,brisbane
2018-01-20,31.30,16.50,23.60,34.40,16.70,25.00,0.00,OPEN_METEO_ERA5_LAND,brisbane
2018-01-21,30.10,19.80,24.50,31.20,21.50,26.10,0.40,OPEN_METEO_ERA5_LAND,brisbane
2018-01-22,30.60,20.50,25.10,32.30,22.80,27.00,0.10,OPEN_METEO_ERA5_LAND,brisbane
2018-01-23,31.00,20.80,25.70,33.60,23.20,28.10,0.10,OPEN_METEO_ERA5_LAND,brisbane
2018-01-24,28.30,21.90,25.20,31.50,25.40,28.10,3.60,OPEN_METEO_ERA5_LAND,brisbane
2018-01-25,30.80,22.00,26.00,34.30,26.00,29.40,0.90,OPEN_METEO_ERA5_LAND,brisbane
2018-01-26,31.10,22.10,26.30,34.10,26.20,29.90,0.50,OPEN_METEO_ERA5_LAND,brisbane
2018-01-27,30.70,23.10,26.30,34.40,27.10,29.50,5.70,OPEN_METEO_ERA5_LAND,brisbane
2018-01-28,28.50,22.00,25.00,32.10,25.00,27.50,3.40,OPEN_METEO_ERA5_LAND,brisbane
2018-01-29,28.50,21.40,24.80,29.40,23.90,26.40,0.60,OPEN_METEO_ERA5_LAND,brisbane
2018-01-30,29.90,20.50,25.00,32.90,22.50,27.50,2.30,OPEN_METEO_ERA5_LAND,brisbane
2018-01-31,34.40,21.50,26.60,38.20,25.00,29.80,0.10,OPEN_METEO_ERA5_LAND,brisbane
2018-02-01,24.50,20.30,22.50,26.20,21.60,23.40,1.00,OPEN_METEO_ERA5_LAND,brisbane
2018-02-02,20.30,18.10,19.10,21.70,19.50,20.60,7.70,OPEN_METEO_ERA5_LAND,brisbane
2018-02-03,20.20,17.90,18.80,22.00,18.80,20.10,13.90,OPEN_METEO_ERA5_LAND,brisbane
2018-02-04,26.10,17.10,21.20,25.90,17.90,21.50,0.90,OPEN_METEO_ERA5_LAND,brisbane
2018-02-05,27.20,17.30,21.90,28.30,18.00,22.80,0.00,OPEN_METEO_ERA5_LAND,brisbane
2018-02-06,27.90,17.50,22.10,28.60,18.50,22.90,0.30,OPEN_METEO_ERA5_LAND,brisbane
2018-02-07,27.40,17.20,22.20,27.30,17.60,22.40,0.00,OPEN_METEO_ERA5_LAND,brisbane
2018-02-08,27.30,17.00,22.10,27.30,17.40,22.40,0.00,OPEN_METEO_ERA5_LAND,brisbane
2018-02-09,29.70,16.80,22.70,33.80,17.60,24.60,0.00,OPEN_METEO_ERA5_LAND,brisbane
2018-02-10,32.10,17.70,24.30,37.50,19.20,26.80,0.00,OPEN_METEO_ERA5_LAND,brisbane
2018-02-11,32.60,19.80,26.30,38.40,22.40,29.90,0.00,OPEN_METEO_ERA5_LAND,brisbane
2018-02-12,32.80,21.10,26.80,38.10,24.80,30.90,0.00,OPEN_METEO_ERA5_LAND,brisbane
2018-02-13,33.60,24.20,27.20,40.00,28.90,31.90,0.00,OPEN_METEO_ERA5_LAND,brisbane
2018-02-14,34.60,23.00,28.20,42.90,27.30,33.50,0.00,OPEN_METEO_ERA5_LAND,brisbane
2018-02-15,34.80,25.00,28.60,41.10,25.90,32.50,1.30,OPEN_METEO_ERA5_LAND,brisbane
2018-02-16,33.20,24.40,27.70,38.80,27.70,32.30,4.40,OPEN_METEO_ERA5_LAND,brisbane
2018-02-17,30.40,22.50,25.70,33.80,26.00,29.10,6.90,OPEN_METEO_ERA5_LAND,brisbane
2018-02-18,31.60,21.40,25.50,35.90,24.30,28.60,0.40,OPEN_METEO_ERA5_LAND,brisbane
2018-02-19,32.50,19.60,25.20,36.80,21.90,28.00,0.00,OPEN_METEO_ERA5_LAND,brisbane
2018-02-20,28.70,21.30,24.50,29.40,23.30,25.60,0.60,OPEN_METEO_ERA5_LAND,brisbane
2018-02-21,26.00,21.60,23.40,25.00,22.80,23.70,4.30,OPEN_METEO_ERA5_LAND,brisbane
2018-02-22,25.90,21.60,22.90,26.20,23.10,24.50,16.30,OPEN_METEO_ERA5_LAND,brisbane
2018-02-23,24.90,20.90,22.60,29.00,23.00,25.70,123.50,OPEN_METEO_ERA5_LAND,brisbane
2018-02-24,26.10,22.50,23.80,30.50,25.80,27.70,13.60,OPEN_METEO_ERA5_LAND,brisbane
2018-02-25,30.20,21.50,25.20,36.20,25.40,29.70,19.00,OPEN_METEO_ERA5_LAND,brisbane
2018-02-26,30.80,22.60,25.70,37.00,25.50,30.40,16.70,OPEN_METEO_ERA5_LAND,brisbane
2018-02-27,26.30,20.90,23.20,27.00,22.90,24.90,2.80,OPEN_METEO_ERA5_LAND,brisbane
2018-02-28,27.50,18.30,22.80,30.30,19.90,25.10,0.00,OPEN_METEO_ERA5_LAND,brisbane
2018-03-01,33.20,19.10,25.80,37.60,21.40,29.50,0.00,OPEN_METEO_ERA5_LAND,brisbane
2018-03-02,28.50,22.90,25.10,31.60,25.50,28.00,0.30,OPEN_METEO_ERA5_LAND,brisbane
2018-03-03,29.10,22.70,25.50,34.40,27.30,29.70,1.00,OPEN_METEO_ERA5_LAND,brisbane
2018-03-04,32.20,23.40,26.80,38.30,27.30,31.20,3.70,OPEN_METEO_ERA5_LAND,brisbane
2018-03-05,26.60,22.50,24.30,31.00,26.00,28.40,3.00,OPEN_METEO_ERA5_LAND,brisbane
2018-03-06,23.70,18.80,21.70,27.80,20.20,24.00,13.10,OPEN_METEO_ERA5_LAND,brisbane
2018-03-07,23.90,18.40,21.20,25.30,19.80,22.00,4.80,OPEN_METEO_ERA5_LAND,brisbane
2018-03-08,25.10,19.70,21.90,23.70,19.80,21.80,0.60,OPEN_METEO_ERA5_LAND,brisbane
2018-03-09,26.00,18.90,21.90,25.60,19.60,22.10,0.20,OPEN_METEO_ERA5_LAND,brisbane
2018-03-10,25.40,18.40,21.40,24.70,18.60,21.60,1.20,OPEN_METEO_ERA5_LAND,brisbane
2018-03-11,24.00,18.10,20.40,24.50,18.10,21.30,3.20,OPEN_METEO_ERA5_LAND,brisbane
2018-03-12,26.90,16.20,21.50,28.50,16.70,22.70,0.00,OPEN_METEO_ERA5_LAND,brisbane
2018-03-13,25.70,17.80,21.70,26.70,18.90,23.10,1.80,OPEN_METEO_ERA5_LAND,brisbane
2018-03-14,26.50,19.60,22.50,25.60,21.20,23.30,1.00,OPEN_METEO_ERA5_LAND,brisbane
2018-03-15,28.10,19.10,22.60,29.40,20.10,23.90,0.40,OPEN_METEO_ERA5_LAND,brisbane
2018-03-16,29.20,16.60,22.20,32.70,17.20,24.30,0.00,OPEN_METEO_ERA5_LAND,brisbane
2018-03-17,29.30,18.60,23.10,33.60,20.10,25.90,0.00,OPEN_METEO_ERA5_LAND,brisbane
2018-03-18,29.50,19.50,23.90,33.40,22.10,27.30,0.20,OPEN_METEO_ERA5_LAND,brisbane
2018-03-19,30.30,21.90,25.10,34.20,25.90,29.10,0.20,OPEN_METEO_ERA5_LAND,brisbane
2018-03-20,28.50,21.80,24.40,31.60,24.30,27.40,0.40,OPEN_METEO_ERA5_LAND,brisbane
2018-03-21,24.60,20.90,22.50,26.10,22.60,24.10,4.70,OPEN_METEO_ERA5_LAND,brisbane
2018-03-22,26.50,19.80,22.00,26.50,21.50,23.30,1.80,OPEN_METEO_ERA5_LAND,brisbane
2018-03-23,26.70,18.70,22.10,27.70,20.30,23.70,2.90,OPEN_METEO_ERA5_LAND,brisbane
2018-03-24,27.00,18.80,22.40,29.10,20.60,24.30,1.40,OPEN_METEO_ERA5_LAND,brisbane
2018-03-25,25.90,18.50,22.40,28.10,20.20,24.90,1.70,OPEN_METEO_ERA5_LAND,brisbane
2018-03-26,29.20,20.30,24.30,34.70,23.30,28.20,1.30,OPEN_METEO_ERA5_LAND,brisbane
2018-03-27,25.90,21.40,23.20,29.90,24.60,26.70,5.70,OPEN_METEO_ERA5_LAND,brisbane
2018-03-28,29.40,19.90,23.80,31.00,22.20,25.80,0.60,OPEN_METEO_ERA5_LAND,brisbane
2018-03-29,26.60,20.30,23.10,29.10,21.60,25.20,1.00,OPEN_METEO_ERA5_LAND,brisbane
2018-03-30,27.00,20.50,23.40,29.10,22.80,26.00,1.20,OPEN_METEO_ERA5_LAND,brisbane
2018-03-31,27.70,20.00,23.20,29.00,22.30,25.20,1.00,OPEN_METEO_ERA5_LAND,brisbane
2018-04-01,26.50,19.60,22.70,28.30,21.50,25.10,4.40,OPEN_METEO_ERA5_LAND,brisbane
2018-04-02,27.20,20.10,23.00,29.10,23.10,25.70,1.40,OPEN_METEO_ERA5_LAND,brisbane
2018-04-03,26.90,19.20,22.60,27.80,21.30,24.20,0.80,OPEN_METEO_ERA5_LAND,brisbane
2018-04-04,24.60,20.10,21.70,25.40,21.40,22.90,4.20,OPEN_METEO_ERA5_LAND,brisbane
2018-04-05,26.30,19.00,22.00,26.00,20.10,22.70,0.20,OPEN_METEO_ERA5_LAND,brisbane
2018-04-06,26.50,17.90,21.80,27.20,18.50,22.60,0.00,OPEN_METEO_ERA5_LAND,brisbane
2018-04-07,26.90,18.50,22.10,28.10,19.90,23.30,0.20,OPEN_METEO_ERA5_LAND,brisbane
2018-04-08,26.80,16.70,21.50,28.30,17.60,22.70,0.10,OPEN_METEO_ERA5_LAND,brisbane
2018-04-09,27.50,16.50,21.40,31.60,17.70,23.40,0.00,OPEN_METEO_ERA5_LAND,brisbane
2018-04-10,28.00,16.60,21.60,30.20,17.70,23.00,0.70,OPEN_METEO_ERA5_LAND,brisbane
2018-04-11,26.00,18.60,21.50,25.00,19.10,22.10,0.80,OPEN_METEO_ERA5_LAND,brisbane
2018-04-12,25.70,18.70,21.90,25.30,19.20,22.60,0.50,OPEN_METEO_ERA5_LAND,brisbane
2018-04-13,26.50,16.80,21.50,27.40,17.90,22.50,0.50,OPEN_METEO_ERA5_LAND,brisbane
2018-04-14,25.30,18.10,21.40,27.90,19.60,23.40,2.50,OPEN_METEO_ERA5_LAND,brisbane
2018-04-15,31.20,18.40,23.80,33.00,20.10,25.90,0.00,OPEN_METEO_ERA5_LAND,brisbane
2018-04-16,31.70,17.70,23.60,31.70,16.10,23.30,0.00,OPEN_METEO_ERA5_LAND,brisbane
2018-04-17,29.30,16.80,22.60,30.70,15.70,22.70,0.10,OPEN_METEO_ERA5_LAND,brisbane
2018-04-18,24.80,18.80,21.10,26.20,19.40,22.00,2.30,OPEN_METEO_ERA5_LAND,brisbane
2018-04-19,25.90,17.60,21.20,26.40,18.20,22.40,0.90,OPEN_METEO_ERA5_LAND,brisbane
2018-04-20,23.90,18.30,20.40,27.00,20.40,22.80,11.80,OPEN_METEO_ERA5_LAND,brisbane
2018-04-21,24.80,17.00,19.80,26.60,18.20,21.30,6.30,OPEN_METEO_ERA5_LAND,brisbane
2018-04-22,23.70,16.90,19.50,23.60,17.50,20.20,0.70,OPEN_METEO_ERA5_LAND,brisbane
2018-04-23,24.40,16.20,19.30,25.50,16.30,20.10,1.30,OPEN_METEO_ERA5_LAND,brisbane
2018-04-24,25.90,15.80,20.10,26.00,15.50,20.40,0.00,OPEN_METEO_ERA5_LAND,brisbane
2018-04-25,25.70,17.90,20.70,26.40,18.30,21.80,0.50,OPEN_METEO_ERA5_LAND,brisbane
2018-04-26,26.50,16.70,20.90,29.90,17.90,23.00,0.10,OPEN_METEO_ERA5_LAND,brisbane
2018-04-27,25.90,16.80,20.30,26.40,17.30,20.60,0.00,OPEN_METEO_ERA5_LAND,brisbane
2018-04-28,24.00,15.30,18.80,23.30,14.30,18.20,0.50,OPEN_METEO_ERA5_LAND,brisbane
2018-04-29,23.70,14.50,18.40,22.40,13.10,17.60,0.10,OPEN_METEO_ERA5_LAND,brisbane
2018-04-30,23.20,13.80,17.90,22.40,12.90,17.10,0.20,OPEN_METEO_ERA5_LAND,brisbane
2018-05-01,24.00,14.50,18.80,23.10,13.70,18.20,0.00,OPEN_METEO_ERA5_LAND,brisbane
2018-05-02,24.40,16.10,19.40,24.30,16.30,19.70,0.40,OPEN_METEO_ERA5_LAND,brisbane
2018-05-03,24.70,14.70,19.50,25.50,15.30,20.50,0.40,OPEN_METEO_ERA5_LAND,brisbane
2018-05-04,26.40,15.40,20.40,27.80,16.10,21.70,0.20,OPEN_METEO_ERA5_LAND,brisbane
2018-05-05,25.40,16.80,20.60,24.30,18.00,20.90,0.50,OPEN_METEO_ERA5_LAND,brisbane
2018-05-06,25.30,15.20,19.60,23.40,14.60,18.60,0.00,OPEN_METEO_ERA5_LAND,brisbane
2018-05-07,24.60,16.20,19.20,23.40,16.10,19.50,7.80,OPEN_METEO_ERA5_LAND,brisbane
2018-05-08,21.00,17.70,18.70,23.30,19.10,20.40,16.60,OPEN_METEO_ERA5_LAND,brisbane
2018-05-09,25.90,16.30,20.20,26.80,16.90,21.10,0.00,OPEN_METEO_ERA5_LAND,brisbane
2018-05-10,27.40,14.40,20.10,27.30,14.40,20.70,0.00,OPEN_METEO_ERA5_LAND,brisbane
2018-05-11,21.60,12.40,17.70,17.40,9.10,14.00,0.00,OPEN_METEO_ERA5_LAND,brisbane
2018-05-12,21.30,11.40,15.80,17.20,7.20,11.90,0.00,OPEN_METEO_ERA5_LAND,brisbane
2018-05-13,23.10,11.80,16.70,21.50,9.10,15.00,0.00,OPEN_METEO_ERA5_LAND,brisbane
2018-05-14,24.40,12.00,17.20,23.20,10.20,16.00,0.00,OPEN_METEO_ERA5_LAND,brisbane
2018-05-15,24.40,13.10,17.40,23.20,11.90,16.50,0.00,OPEN_METEO_ERA5_LAND,brisbane
2018-05-16,23.90,11.50,16.80,22.40,10.30,15.60,0.00,OPEN_METEO_ERA5_LAND,brisbane
2018-05-17,22.40,12.50,16.50,21.60,11.40,15.80,0.00,OPEN_METEO_ERA5_LAND,brisbane
2018-05-18,23.20,12.50,16.80,23.20,11.80,16.70,0.00,OPEN_METEO_ERA5_LAND,brisbane
2018-05-19,23.80,10.90,16.40,24.10,9.20,15.90,0.00,OPEN_METEO_ERA5_LAND,brisbane
2018-05-20,25.00,12.00,17.30,22.60,10.30,15.50,0.00,OPEN_METEO_ERA5_LAND,brisbane
2018-05-21,23.30,10.90,16.30,22.90,7.20,14.50,0.00,OPEN_METEO_ERA5_LAND,brisbane
2018-05-22,24.00,12.10,16.90,21.60,8.80,14.10,0.00,OPEN_METEO_ERA5_LAND,brisbane
2018-05-23,23.90,11.00,16.70,22.70,8.50,15.50,0.00,OPEN_METEO_ERA5_LAND,brisbane
2018-05-24,24.10,12.60,17.40,23.90,11.90,17.10,0.00,OPEN_METEO_ERA5_LAND,brisbane
2018-05-25,23.00,13.50,17.30,21.80,12.60,16.50,0.10,OPEN_METEO_ERA5_LAND,brisbane
2018-05-26,22.80,13.90,17.60,20.10,13.10,16.60,0.00,OPEN_METEO_ERA5_LAND,brisbane
2018-05-27,22.60,13.80,17.60,20.90,12.30,16.70,0.00,OPEN_METEO_ERA5_LAND,brisbane
2018-05-28,22.20,13.80,17.40,21.40,13.30,17.40,0.80,OPEN_METEO_ERA5_LAND,brisbane
2018-05-29,22.20,15.00,17.80,22.50,15.40,18.40,0.70,OPEN_METEO_ERA5_LAND,brisbane
2018-05-30,24.80,12.50,18.00,24.10,10.80,17.20,0.10,OPEN_METEO_ERA5_LAND,brisbane
2018-05-31,21.80,9.20,15.10,17.60,5.80,11.40,0.00,OPEN_METEO_ERA5_LAND,brisbane
2018-06-01,21.30,9.10,14.50,18.50,5.80,11.80,0.00,OPEN_METEO_ERA5_LAND,brisbane
2018-06-02,22.70,9.30,15.40,18.80,6.80,12.10,0.00,OPEN_METEO_ERA5_LAND,brisbane
2018-06-03,24.40,11.70,16.70,22.70,8.70,14.70,0.00,OPEN_METEO_ERA5_LAND,brisbane
2018-06-04,22.40,11.30,15.80,21.40,9.80,14.70,0.10,OPEN_METEO_ERA5_LAND,brisbane
2018-06-05,21.70,11.30,15.60,20.20,10.30,14.40,0.00,OPEN_METEO_ERA5_LAND,brisbane
2018-06-06,20.70,11.10,14.90,19.10,9.90,13.80,0.60,OPEN_METEO_ERA5_LAND,brisbane
2018-06-07,19.80,12.90,15.60,19.20,12.30,14.80,4.40,OPEN_METEO_ERA5_LAND,brisbane
2018-06-08,21.50,12.80,16.40,21.50,11.60,16.10,0.60,OPEN_METEO_ERA5_LAND,brisbane
2018-06-09,21.90,13.60,17.00,22.60,13.30,17.40,0.10,OPEN_METEO_ERA5_LAND,brisbane
2018-06-10,21.50,12.80,16.50,22.70,12.30,16.50,0.20,OPEN_METEO_ERA5_LAND,brisbane
2018-06-11,21.70,11.70,15.60,20.20,10.20,14.50,0.00,OPEN_METEO_ERA5_LAND,brisbane
2018-06-12,22.30,9.10,15.00,21.20,7.70,14.30,0.00,OPEN_METEO_ERA5_LAND,brisbane
2018-06-13,24.80,9.30,16.80,24.10,8.60,16.50,0.70,OPEN_METEO_ERA5_LAND,brisbane
2018-06-14,24.20,15.10,18.70,23.40,14.20,18.30,0.10,OPEN_METEO_ERA5_LAND,brisbane
2018-06-15,23.00,12.00,16.70,19.80,9.30,13.90,0.00,OPEN_METEO_ERA5_LAND,brisbane
2018-06-16,21.90,10.20,15.20,18.40,6.60,11.90,0.00,OPEN_METEO_ERA5_LAND,brisbane
2018-06-17,18.70,9.40,13.70,13.20,6.70,9.70,0.00,OPEN_METEO_ERA5_LAND,brisbane
2018-06-18,18.40,8.60,13.00,12.90,3.80,8.00,0.00,OPEN_METEO_ERA5_LAND,brisbane
2018-06-19,19.00,9.40,13.30,14.90,5.00,9.00,0.00,OPEN_METEO_ERA5_LAND,brisbane
2018-06-20,21.90,9.00,14.30,18.80,5.60,11.40,0.00,OPEN_METEO_ERA5_LAND,brisbane
2018-06-21,21.10,9.80,14.50,19.60,7.40,12.90,0.40,OPEN_METEO_ERA5_LAND,brisbane
2018-06-22,22.30,9.90,14.90,20.30,8.40,13.40,0.00,OPEN_METEO_ERA5_LAND,brisbane
2018-06-23,22.10,8.90,14.60,20.70,6.80,13.20,0.00,OPEN_METEO_ERA5_LAND,brisbane
2018-06-24,22.20,9.00,14.60,20.10,6.70,12.80,0.00,OPEN_METEO_ERA5_LAND,brisbane
2018-06-25,20.70,9.30,14.40,18.60,7.50,12.90,0.00,OPEN_METEO_ERA5_LAND,brisbane
2018-06-26,20.20,11.60,15.60,18.00,9.90,14.20,0.10,OPEN_METEO_ERA5_LAND,brisbane
2018-06-27,17.60,13.20,15.20,17.60,13.10,14.90,2.80,OPEN_METEO_ERA5_LAND,brisbane
2018-06-28,19.10,12.50,14.90,19.80,12.10,15.10,7.80,OPEN_METEO_ERA5_LAND,brisbane
2018-06-29,22.90,12.50,16.30,23.70,12.30,16.50,0.00,OPEN_METEO_ERA5_LAND,brisbane
2018-06-30,23.00,10.60,16.50,23.50,9.30,16.70,0.00,OPEN_METEO_ERA5_LAND,brisbane
2018-07-01,21.60,14.40,17.40,24.20,15.00,18.70,1.90,OPEN_METEO_ERA5_LAND,brisbane
2018-07-02,23.30,14.10,17.20,23.40,13.80,17.30,4.00,OPEN_METEO_ERA5_LAND,brisbane
2018-07-03,21.90,13.10,16.60,20.00,11.20,14.80,0.00,OPEN_METEO_ERA5_LAND,brisbane
2018-07-04,22.50,13.50,17.30,21.30,12.50,16.70,0.10,OPEN_METEO_ERA5_LAND,brisbane
2018-07-05,22.50,15.20,18.50,22.70,15.60,19.70,4.40,OPEN_METEO_ERA5_LAND,brisbane
2018-07-06,23.60,15.70,18.90,24.20,16.30,19.80,2.10,OPEN_METEO_ERA5_LAND,brisbane
2018-07-07,23.70,14.80,19.00,23.70,9.80,18.50,4.60,OPEN_METEO_ERA5_LAND,brisbane
2018-07-08,19.30,10.10,14.00,15.40,5.40,9.80,0.00,OPEN_METEO_ERA5_LAND,brisbane
2018-07-09,19.30,8.20,13.00,18.00,5.00,10.50,0.00,OPEN_METEO_ERA5_LAND,brisbane
2018-07-10,20.30,8.90,13.60,18.80,6.60,11.90,0.00,OPEN_METEO_ERA5_LAND,brisbane
2018-07-11,19.40,10.00,13.80,18.80,8.60,13.20,3.90,OPEN_METEO_ERA5_LAND,brisbane
2018-07-12,19.20,11.50,15.10,20.00,11.40,15.60,6.80,OPEN_METEO_ERA5_LAND,brisbane
2018-07-13,19.60,9.30,13.50,15.50,5.40,10.40,0.00,OPEN_METEO_ERA5_LAND,brisbane
2018-07-14,18.80,6.70,11.80,17.20,3.00,9.00,0.00,OPEN_METEO_ERA5_LAND,brisbane
2018-07-15,19.30,5.60,11.90,17.30,2.80,9.80,0.00,OPEN_METEO_ERA5_LAND,brisbane
2018-07-16,22.10,7.60,14.10,18.80,5.30,11.50,0.00,OPEN_METEO_ERA5_LAND,brisbane
2018-07-17,21.60,7.10,13.10,19.70,3.70,10.50,0.00,OPEN_METEO_ERA5_LAND,brisbane
2018-07-18,23.10,5.70,13.10,21.40,3.30,11.10,0.00,OPEN_METEO_ERA5_LAND,brisbane
2018-07-19,21.90,6.30,13.40,21.20,3.90,11.80,0.00,OPEN_METEO_ERA5_LAND,brisbane
2018-07-20,22.90,10.50,16.00,21.50,9.00,14.60,0.00,OPEN_METEO_ERA5_LAND,brisbane
2018-07-21,18.50,8.20,12.90,16.30,4.60,10.20,0.00,OPEN_METEO_ERA5_LAND,brisbane
2018-07-22,19.10,6.60,12.20,16.90,3.80,10.10,0.00,OPEN_METEO_ERA5_LAND,brisbane
2018-07-23,20.60,7.00,13.00,19.30,4.90,11.40,0.00,OPEN_METEO_ERA5_LAND,brisbane
2018-07-24,23.40,6.70,14.60,23.20,5.20,13.90,0.00,OPEN_METEO_ERA5_LAND,brisbane
2018-07-25,25.10,8.60,15.50,23.20,7.60,15.00,0.00,OPEN_METEO_ERA5_LAND,brisbane
2018-07-26,24.60,12.50,16.80,24.50,11.40,16.20,0.00,OPEN_METEO_ERA5_LAND,brisbane
2018-07-27,24.40,10.00,16.70,24.20,9.40,16.30,0.00,OPEN_METEO_ERA5_LAND,brisbane
2018-07-28,25.30,10.60,17.20,26.10,10.30,17.40,0.00,OPEN_METEO_ERA5_LAND,brisbane
2018-07-29,24.90,10.10,17.00,24.50,9.50,17.10,0.00,OPEN_METEO_ERA5_LAND,brisbane
2018-07-30,23.10,12.60,17.20,19.30,8.60,14.60,0.60,OPEN_METEO_ERA5_LAND,brisbane
2018-07-31,22.20,8.60,14.40,20.80,5.00,11.70,0.00,OPEN_METEO_ERA5_LAND,brisbane
2018-08-01,23.10,6.60,13.80,20.90,4.10,11.90,0.00,OPEN_METEO_ERA5_LAND,brisbane
2018-08-02,21.90,7.70,14.10,20.50,5.30,12.60,0.00,OPEN_METEO_ERA5_LAND,brisbane
2018-08-03,22.30,9.60,15.40,20.90,8.40,14.40,0.00,OPEN_METEO_ERA5_LAND,brisbane
2018-08-04,25.60,11.80,17.50,24.50,10.70,16.90,0.00,OPEN_METEO_ERA5_LAND,brisbane
2018-08-05,24.20,9.80,16.40,23.00,6.60,15.00,0.00,OPEN_METEO_ERA5_LAND,brisbane
2018-08-06,26.10,12.40,18.80,24.80,11.70,18.30,0.40,OPEN_METEO_ERA5_LAND,brisbane
2018-08-07,21.20,11.50,16.50,16.30,7.90,12.70,0.00,OPEN_METEO_ERA5_LAND,brisbane
2018-08-08,21.40,8.00,13.70,18.50,4.50,10.70,0.00,OPEN_METEO_ERA5_LAND,brisbane
2018-08-09,21.40,7.30,14.00,20.10,3.90,11.50,0.00,OPEN_METEO_ERA5_LAND,brisbane
2018-08-10,21.70,8.20,14.50,20.10,5.90,12.90,0.00,OPEN_METEO_ERA5_LAND,brisbane
2018-08-11,23.10,11.10,16.40,21.80,10.00,15.20,0.00,OPEN_METEO_ERA5_LAND,brisbane
2018-08-12,23.50,11.70,17.00,19.10,6.30,13.70,0.00,OPEN_METEO_ERA5_LAND,brisbane
2018-08-13,21.10,7.30,13.30,18.30,3.10,9.90,0.00,OPEN_METEO_ERA5_LAND,brisbane
2018-08-14,21.90,6.80,13.60,20.90,3.40,11.30,0.00,OPEN_METEO_ERA5_LAND,brisbane
2018-08-15,25.70,5.90,14.90,24.20,4.20,13.70,0.00,OPEN_METEO_ERA5_LAND,brisbane
2018-08-16,28.40,9.10,18.10,24.20,6.50,15.00,0.00,OPEN_METEO_ERA5_LAND,brisbane
2018-08-17,28.00,10.80,18.70,24.70,7.70,15.50,0.00,OPEN_METEO_ERA5_LAND,brisbane
2018-08-18,27.10,10.80,17.50,23.10,7.70,14.90,0.00,OPEN_METEO_ERA5_LAND,brisbane
2018-08-19,21.70,12.20,16.30,15.90,7.70,11.20,0.00,OPEN_METEO_ERA5_LAND,brisbane
2018-08-20,20.40,9.80,14.00,16.10,4.10,9.20,0.00,OPEN_METEO_ERA5_LAND,brisbane
2018-08-21,23.00,7.60,14.70,18.30,3.00,10.00,0.00,OPEN_METEO_ERA5_LAND,brisbane
2018-08-22,23.10,10.10,15.30,18.90,5.30,11.20,0.00,OPEN_METEO_ERA5_LAND,brisbane
2018-08-23,21.30,7.30,14.20,20.20,4.30,12.30,0.10,OPEN_METEO_ERA5_LAND,brisbane
2018-08-24,21.30,11.50,16.10,20.30,10.20,15.40,1.70,OPEN_METEO_ERA5_LAND,brisbane
2018-08-25,20.80,12.30,16.40,19.00,11.90,15.40,0.80,OPEN_METEO_ERA5_LAND,brisbane
2018-08-26,17.70,12.40,15.00,18.70,12.10,15.10,9.30,OPEN_METEO_ERA5_LAND,brisbane
2018-08-27,22.60,11.80,15.80,20.20,9.40,14.10,0.00,OPEN_METEO_ERA5_LAND,brisbane
2018-08-28,20.40,10.30,15.10,20.00,9.60,14.50,0.50,OPEN_METEO_ERA5_LAND,brisbane
2018-08-29,23.70,10.50,15.90,20.00,7.30,13.20,0.00,OPEN_METEO_ERA5_LAND,brisbane
2018-08-30,22.10,8.20,14.80,21.70,4.70,12.70,0.00,OPEN_METEO_ERA5_LAND,brisbane
2018-08-31,24.80,9.20,17.80,22.80,7.90,16.10,0.00,OPEN_METEO_ERA5_LAND,brisbane
2018-09-01,25.60,15.90,19.80,22.60,12.20,17.10,0.00,OPEN_METEO_ERA5_LAND,brisbane
2018-09-02,25.30,12.40,17.80,25.00,9.60,15.70,0.00,OPEN_METEO_ERA5_LAND,brisbane
2018-09-03,19.50,11.30,14.80,17.30,10.10,13.30,1.40,OPEN_METEO_ERA5_LAND,brisbane
2018-09-04,20.00,12.20,15.30,17.30,11.00,13.80,2.70,OPEN_METEO_ERA5_LAND,brisbane
2018-09-05,18.60,11.50,14.70,18.10,10.40,14.00,3.20,OPEN_METEO_ERA5_LAND,brisbane
2018-09-06,21.10,11.40,16.00,19.90,10.80,15.50,0.10,OPEN_METEO_ERA5_LAND,brisbane
2018-09-07,24.20,12.60,18.20,23.40,11.90,17.50,0.00,OPEN_METEO_ERA5_LAND,brisbane
2018-09-08,23.40,15.20,18.40,24.10,15.00,19.10,6.60,OPEN_METEO_ERA5_LAND,brisbane
2018-09-09,25.30,12.10,17.70,24.30,11.30,17.30,0.00,OPEN_METEO_ERA5_LAND,brisbane
2018-09-10,24.00,11.20,16.70,24.30,10.00,15.90,0.00,OPEN_METEO_ERA5_LAND,brisbane
2018-09-11,23.30,11.60,16.80,23.40,10.50,16.30,0.00,OPEN_METEO_ERA5_LAND,brisbane
2018-09-12,23.30,12.70,17.60,23.40,13.20,17.20,0.00,OPEN_METEO_ERA5_LAND,brisbane
2018-09-13,25.50,11.50,17.90,27.60,10.90,17.90,0.00,OPEN_METEO_ERA5_LAND,brisbane
2018-09-14,24.90,12.80,18.70,25.30,13.40,19.10,0.00,OPEN_METEO_ERA5_LAND,brisbane
2018-09-15,27.10,13.20,19.30,27.80,13.00,19.20,0.00,OPEN_METEO_ERA5_LAND,brisbane
2018-09-16,26.50,14.10,19.20,27.00,13.90,18.00,0.10,OPEN_METEO_ERA5_LAND,brisbane
2018-09-17,22.10,12.20,16.80,20.30,10.50,14.90,0.10,OPEN_METEO_ERA5_LAND,brisbane
2018-09-18,22.20,10.70,16.60,20.90,9.50,15.50,0.00,OPEN_METEO_ERA5_LAND,brisbane
2018-09-19,25.20,12.60,18.60,25.50,12.00,17.70,0.00,OPEN_METEO_ERA5_LAND,brisbane
2018-09-20,27.90,14.00,19.30,28.50,13.30,18.90,0.30,OPEN_METEO_ERA5_LAND,brisbane
2018-09-21,23.80,11.80,17.20,20.90,10.10,15.30,0.30,OPEN_METEO_ERA5_LAND,brisbane
2018-09-22,24.00,11.30,17.40,23.10,10.20,16.40,0.00,OPEN_METEO_ERA5_LAND,brisbane
2018-09-23,25.90,11.90,18.30,27.80,11.30,18.30,0.00,OPEN_METEO_ERA5_LAND,brisbane
2018-09-24,24.60,13.60,17.90,24.20,13.50,17.30,0.70,OPEN_METEO_ERA5_LAND,brisbane
2018-09-25,21.80,14.00,16.80,20.40,13.10,15.80,1.70,OPEN_METEO_ERA5_LAND,brisbane
2018-09-26,22.20,12.80,17.30,22.60,12.50,17.20,4.10,OPEN_METEO_ERA5_LAND,brisbane
2018-09-27,23.00,13.40,18.10,23.90,13.00,18.40,0.70,OPEN_METEO_ERA5_LAND,brisbane
2018-09-28,24.80,14.50,19.70,26.70,15.40,20.50,0.20,OPEN_METEO_ERA5_LAND,brisbane
2018-09-29,28.50,15.70,20.70,30.00,16.40,21.90,2.60,OPEN_METEO_ERA5_LAND,brisbane
2018-09-30,18.50,14.20,16.40,19.60,13.50,16.20,16.40,OPEN_METEO_ERA5_LAND,brisbane
2018-10-01,22.50,11.50,16.80,21.70,9.90,15.70,0.00,OPEN_METEO_ERA5_LAND,brisbane
2018-10-02,23.10,12.10,17.10,21.80,11.40,16.20,0.00,OPEN_METEO_ERA5_LAND,brisbane
2018-10-03,24.40,11.10,17.50,26.00,10.00,17.10,0.00,OPEN_METEO_ERA5_LAND,brisbane
2018-10-04,24.90,13.10,18.80,27.10,12.10,18.80,0.00,OPEN_METEO_ERA5_LAND,brisbane
2018-10-05,23.90,14.00,19.00,22.60,13.80,19.00,1.30,OPEN_METEO_ERA5_LAND,brisbane
2018-10-06,21.80,15.20,17.80,23.20,15.90,18.80,17.70,OPEN_METEO_ERA5_LAND,brisbane
2018-10-07,23.10,15.70,18.60,24.10,16.50,19.50,5.70,OPEN_METEO_ERA5_LAND,brisbane
2018-10-08,25.80,14.70,19.40,28.60,15.10,20.80,0.30,OPEN_METEO_ERA5_LAND,brisbane
2018-10-09,25.60,15.00,20.10,27.60,16.30,21.70,0.30,OPEN_METEO_ERA5_LAND,brisbane
2018-10-10,29.30,15.80,21.40,33.70,17.40,23.70,0.30,OPEN_METEO_ERA5_LAND,brisbane
2018-10-11,24.90,16.50,19.00,25.30,15.90,19.60,16.50,OPEN_METEO_ERA5_LAND,brisbane
2018-10-12,20.60,15.30,17.40,19.30,15.00,17.00,20.80,OPEN_METEO_ERA5_LAND,brisbane
2018-10-13,18.30,15.30,16.60,18.90,14.80,16.70,27.40,OPEN_METEO_ERA5_LAND,brisbane
2018-10-14,19.50,15.70,17.80,21.10,15.70,17.90,17.40,OPEN_METEO_ERA5_LAND,brisbane
2018-10-15,21.40,17.00,18.80,22.00,16.70,18.70,24.30,OPEN_METEO_ERA5_LAND,brisbane
2018-10-16,24.10,17.90,20.40,25.80,18.30,21.60,6.20,OPEN_METEO_ERA5_LAND,brisbane
2018-10-17,24.50,17.60,20.60,26.80,19.20,22.40,2.20,OPEN_METEO_ERA5_LAND,brisbane
2018-10-18,24.10,18.40,20.80,26.10,20.00,22.60,3.60,OPEN_METEO_ERA5_LAND,brisbane
2018-10-19,25.40,17.60,20.80,28.10,19.50,22.40,0.60,OPEN_METEO_ERA5_LAND,brisbane
2018-10-20,25.40,16.50,20.60,27.60,17.90,22.30,0.00,OPEN_METEO_ERA5_LAND,brisbane
2018-10-21,27.20,16.70,20.30,31.50,18.50,22.50,7.30,OPEN_METEO_ERA5_LAND,brisbane
2018-10-22,26.70,15.70,20.40,29.60,16.50,22.10,1.50,OPEN_METEO_ERA5_LAND,brisbane
2018-10-23,27.40,15.60,21.10,32.80,16.20,23.10,0.20,OPEN_METEO_ERA5_LAND,brisbane
2018-10-24,30.10,16.80,22.70,36.00,18.60,25.60,0.00,OPEN_METEO_ERA5_LAND,brisbane
2018-10-25,26.40,20.00,22.50,29.30,21.40,24.80,1.40,OPEN_METEO_ERA5_LAND,brisbane
2018-10-26,33.00,17.20,24.30,36.40,19.10,26.20,0.00,OPEN_METEO_ERA5_LAND,brisbane
2018-10-27,27.20,17.80,21.90,30.40,19.60,23.70,0.10,OPEN_METEO_ERA5_LAND,brisbane
2018-10-28,29.90,16.20,21.80,34.30,17.70,23.30,0.20,OPEN_METEO_ERA5_LAND,brisbane
2018-10-29,21.00,16.80,18.90,21.60,17.70,19.70,3.30,OPEN_METEO_ERA5_LAND,brisbane
2018-10-30,24.80,14.80,19.60,26.80,15.30,20.10,0.70,OPEN_METEO_ERA5_LAND,brisbane
2018-10-31,25.30,14.00,20.00,26.90,14.60,20.60,0.00,OPEN_METEO_ERA5_LAND,brisbane
2018-11-01,26.60,15.00,20.80,29.10,15.60,22.00,0.00,OPEN_METEO_ERA5_LAND,brisbane
2018-11-02,26.70,17.30,21.50,28.40,18.20,21.80,0.00,OPEN_METEO_ERA5_LAND,brisbane
2018-11-03,30.60,16.50,22.60,33.60,16.60,23.50,0.00,OPEN_METEO_ERA5_LAND,brisbane
2018-11-04,31.60,17.50,24.30,36.50,18.40,26.40,0.00,OPEN_METEO_ERA5_LAND,brisbane
2018-11-05,30.80,18.70,25.00,36.90,21.40,28.60,0.00,OPEN_METEO_ERA5_LAND,brisbane
2018-11-06,32.00,21.10,26.10,38.90,23.50,29.70,0.00,OPEN_METEO_ERA5_LAND,brisbane
2018-11-07,32.70,20.80,25.90,36.40,22.40,27.80,0.00,OPEN_METEO_ERA5_LAND,brisbane
2018-11-08,25.90,17.20,22.10,26.10,16.20,21.20,0.00,OPEN_METEO_ERA5_LAND,brisbane
2018-11-09,23.40,14.30,19.10,21.30,13.40,18.00,0.10,OPEN_METEO_ERA5_LAND,brisbane
2018-11-10,25.30,12.90,19.90,25.60,12.00,19.50,0.00,OPEN_METEO_ERA5_LAND,brisbane
2018-11-11,26.10,17.10,21.40,26.00,17.70,21.60,0.00,OPEN_METEO_ERA5_LAND,brisbane
2018-11-12,27.40,15.00,21.00,27.00,15.00,20.70,0.00,OPEN_METEO_ERA5_LAND,brisbane
2018-11-13,26.90,15.60,21.00,26.90,15.70,21.00,0.00,OPEN_METEO_ERA5_LAND,brisbane
2018-11-14,27.10,15.50,21.70,28.70,16.10,22.80,0.60,OPEN_METEO_ERA5_LAND,brisbane
2018-11-15,29.30,17.40,23.00,32.20,19.50,25.20,0.30,OPEN_METEO_ERA5_LAND,brisbane
2018-11-16,29.00,18.20,23.40,31.90,20.50,25.40,0.00,OPEN_METEO_ERA5_LAND,brisbane
2018-11-17,29.40,19.00,23.40,31.50,21.60,25.60,5.30,OPEN_METEO_ERA5_LAND,brisbane
2018-11-18,25.10,18.30,21.10,24.90,19.00,21.30,2.60,OPEN_METEO_ERA5_LAND,brisbane
2018-11-19,24.60,16.30,20.50,25.20,16.10,20.40,0.00,OPEN_METEO_ERA5_LAND,brisbane
2018-11-20,25.60,15.00,21.10,27.10,15.40,21.50,0.00,OPEN_METEO_ERA5_LAND,brisbane
2018-11-21,31.20,17.20,23.80,34.80,18.00,25.70,1.40,OPEN_METEO_ERA5_LAND,brisbane
2018-11-22,29.20,20.50,24.20,30.60,19.90,25.90,10.00,OPEN_METEO_ERA5_LAND,brisbane
2018-11-23,28.20,16.30,21.90,25.40,13.70,19.30,0.00,OPEN_METEO_ERA5_LAND,brisbane
2018-11-24,28.90,15.40,21.60,25.80,13.30,18.90,0.00,OPEN_METEO_ERA5_LAND,brisbane
2018-11-25,32.10,14.60,22.60,31.90,13.10,21.80,0.00,OPEN_METEO_ERA5_LAND,brisbane
2018-11-26,33.20,17.40,23.90,32.30,15.80,23.60,0.00,OPEN_METEO_ERA5_LAND,brisbane
2018-11-27,25.90,16.20,21.90,27.20,17.20,23.40,0.00,OPEN_METEO_ERA5_LAND,brisbane
2018-11-28,35.40,20.40,26.70,36.70,19.90,26.70,2.20,OPEN_METEO_ERA5_LAND,brisbane
2018-11-29,32.90,19.90,24.70,32.90,18.30,24.10,0.00,OPEN_METEO_ERA5_LAND,brisbane
2018-11-30,28.30,18.60,23.40,31.20,21.00,25.40,0.50,OPEN_METEO_ERA5_LAND,brisbane
2018-12-01,31.90,19.40,25.10,35.10,21.50,27.80,0.00,OPEN_METEO_ERA5_LAND,brisbane
2018-12-02,36.00,19.80,27.10,39.70,22.50,29.90,0.00,OPEN_METEO_ERA5_LAND,brisbane
2018-12-03,29.20,21.20,25.80,33.00,23.50,26.90,0.00,OPEN_METEO_ERA5_LAND,brisbane
2018-12-04,30.30,18.40,23.50,33.90,20.50,26.10,8.00,OPEN_METEO_ERA5_LAND,brisbane
2018-12-05,26.10,18.60,21.90,27.60,20.20,22.70,4.30,OPEN_METEO_ERA5_LAND,brisbane
2018-12-06,25.80,17.90,21.70,24.40,18.10,20.90,0.00,OPEN_METEO_ERA5_LAND,brisbane
2018-12-07,25.30,17.30,21.20,23.70,16.80,20.70,0.30,OPEN_METEO_ERA5_LAND,brisbane
2018-12-08,25.10,19.30,21.90,24.60,19.50,22.10,1.30,OPEN_METEO_ERA5_LAND,brisbane
2018-12-09,27.30,18.90,22.70,28.80,20.40,24.00,0.70,OPEN_METEO_ERA5_LAND,brisbane
2018-12-10,28.60,19.30,23.30,30.70,21.50,25.30,1.10,OPEN_METEO_ERA5_LAND,brisbane
2018-12-11,28.40,17.80,23.10,30.50,19.60,25.10,0.00,OPEN_METEO_ERA5_LAND,brisbane
2018-12-12,27.90,20.00,23.60,30.50,22.70,25.50,0.00,OPEN_METEO_ERA5_LAND,brisbane
2018-12-13,29.20,19.70,24.10,30.90,21.70,25.50,0.00,OPEN_METEO_ERA5_LAND,brisbane
2018-12-14,29.30,21.40,24.50,32.20,24.10,27.00,13.80,OPEN_METEO_ERA5_LAND,brisbane
2018-12-15,29.40,22.10,25.20,32.30,25.70,28.10,11.60,OPEN_METEO_ERA5_LAND,brisbane
2018-12-16,23.90,22.40,23.00,27.00,24.50,25.80,29.80,OPEN_METEO_ERA5_LAND,brisbane
2018-12-17,25.70,21.80,23.30,29.20,25.20,26.60,26.90,OPEN_METEO_ERA5_LAND,brisbane
2018-12-18,27.70,21.30,24.00,31.00,24.80,27.10,1.90,OPEN_METEO_ERA5_LAND,brisbane
2018-12-19,28.70,21.20,24.50,33.80,25.00,28.20,1.00,OPEN_METEO_ERA5_LAND,brisbane
2018-12-20,32.00,21.90,25.70,38.60,25.40,29.70,0.00,OPEN_METEO_ERA5_LAND,brisbane
2018-12-21,34.50,21.50,27.30,41.90,24.50,31.90,0.10,OPEN_METEO_ERA5_LAND,brisbane
2018-12-22,33.00,21.50,26.20,37.10,22.20,29.30,13.30,OPEN_METEO_ERA5_LAND,brisbane
2018-12-23,26.10,18.80,22.10,26.40,19.70,22.20,0.20,OPEN_METEO_ERA5_LAND,brisbane
2018-12-24,24.90,17.10,21.20,25.10,17.10,21.50,0.70,OPEN_METEO_ERA5_LAND,brisbane
2018-12-25,27.10,15.10,21.40,28.90,15.00,22.20,0.00,OPEN_METEO_ERA5_LAND,brisbane
2018-12-26,27.20,16.10,22.10,29.40,16.70,23.20,0.00,OPEN_METEO_ERA5_LAND,brisbane
2018-12-27,27.90,18.20,22.70,30.70,19.10,24.10,0.00,OPEN_METEO_ERA5_LAND,brisbane
2018-12-28,27.60,19.60,23.40,29.50,21.50,24.80,0.00,OPEN_METEO_ERA5_LAND,brisbane
2018-12-29,28.50,20.10,24.40,31.00,21.40,26.20,0.20,OPEN_METEO_ERA5_LAND,brisbane
2018-12-30,28.70,21.00,24.50,32.10,23.10,26.90,0.40,OPEN_METEO_ERA5_LAND,brisbane
2018-12-31,29.20,21.20,24.80,32.00,23.40,26.50,0.00,OPEN_METEO_ERA5_LAND,brisbane
2019-01-01,29.90,20.60,24.90,33.50,22.60,27.20,0.00,OPEN_METEO_ERA5_LAND,brisbane
2019-01-02,30.00,20.40,24.90,32.60,23.30,27.00,0.00,OPEN_METEO_ERA5_LAND,brisbane
2019-01-03,27.70,21.30,24.40,31.50,24.20,27.40,3.90,OPEN_METEO_ERA5_LAND,brisbane
2019-01-04,29.80,22.80,25.60,32.00,25.50,27.70,0.90,OPEN_METEO_ERA5_LAND,brisbane
2019-01-05,29.50,21.50,25.60,33.10,23.50,27.90,0.00,OPEN_METEO_ERA5_LAND,brisbane
2019-01-06,29.00,22.80,25.40,31.20,26.10,28.00,0.10,OPEN_METEO_ERA5_LAND,brisbane
2019-01-07,28.50,21.90,24.70,29.30,25.00,26.80,3.80,OPEN_METEO_ERA5_LAND,brisbane
2019-01-08,28.40,21.60,24.50,29.40,23.40,26.40,1.70,OPEN_METEO_ERA5_LAND,brisbane
2019-01-09,28.90,22.30,24.90,30.80,25.60,27.90,2.30,OPEN_METEO_ERA5_LAND,brisbane
2019-01-10,28.20,22.40,24.70,30.80,25.50,27.70,2.20,OPEN_METEO_ERA5_LAND,brisbane
2019-01-11,29.20,21.80,24.70,32.10,24.10,27.10,1.60,OPEN_METEO_ERA5_LAND,brisbane
2019-01-12,29.70,19.60,24.30,32.50,21.70,26.30,0.00,OPEN_METEO_ERA5_LAND,brisbane
2019-01-13,30.20,19.80,24.60,32.00,22.10,26.40,0.00,OPEN_METEO_ERA5_LAND,brisbane
2019-01-14,30.10,20.30,24.80,32.90,21.80,26.60,0.20,OPEN_METEO_ERA5_LAND,brisbane
2019-01-15,30.10,20.10,24.90,33.70,23.20,27.50,0.00,OPEN_METEO_ERA5_LAND,brisbane
2019-01-16,31.90,20.60,25.60,35.20,23.50,28.20,0.00,OPEN_METEO_ERA5_LAND,brisbane
2019-01-17,30.20,21.50,25.30,33.40,24.20,27.70,0.70,OPEN_METEO_ERA5_LAND,brisbane
2019-01-18,31.10,20.50,25.10,33.50,22.90,26.90,0.10,OPEN_METEO_ERA5_LAND,brisbane
2019-01-19,32.20,19.10,25.30,35.80,20.80,27.30,0.00,OPEN_METEO_ERA5_LAND,brisbane
2019-01-20,31.70,19.60,25.50,35.20,22.10,28.40,0.00,OPEN_METEO_ERA5_LAND,brisbane
2019-01-21,31.90,21.20,26.20,34.80,24.40,28.80,0.00,OPEN_METEO_ERA5_LAND,brisbane
2019-01-22,30.30,22.00,26.10,33.50,25.10,28.80,0.00,OPEN_METEO_ERA5_LAND,brisbane
2019-01-23,33.30,22.50,26.90,38.10,26.40,29.90,0.00,OPEN_METEO_ERA5_LAND,brisbane
2019-01-24,32.90,22.90,27.40,36.30,25.10,29.80,0.00,OPEN_METEO_ERA5_LAND,brisbane
2019-01-25,31.30,23.60,26.80,33.90,27.70,30.00,1.40,OPEN_METEO_ERA5_LAND,brisbane
2019-01-26,32.00,22.30,26.60,34.60,25.30,28.90,0.50,OPEN_METEO_ERA5_LAND,brisbane
2019-01-27,31.90,20.90,26.10,33.90,23.40,27.30,0.00,OPEN_METEO_ERA5_LAND,brisbane
2019-01-28,32.70,21.40,26.40,33.80,24.20,28.30,0.10,OPEN_METEO_ERA5_LAND,brisbane
2019-01-29,30.70,22.10,25.90,33.30,25.90,28.50,2.80,OPEN_METEO_ERA5_LAND,brisbane
2019-01-30,30.90,22.10,26.00,33.40,25.50,28.80,1.50,OPEN_METEO_ERA5_LAND,brisbane
2019-01-31,30.50,22.40,26.10,33.70,26.40,29.40,1.10,OPEN_METEO_ERA5_LAND,brisbane
2019-02-01,31.90,22.40,26.50,33.50,26.90,29.10,0.00,OPEN_METEO_ERA5_LAND,brisbane
2019-02-02,30.30,22.90,25.80,30.80,25.50,27.30,1.80,OPEN_METEO_ERA5_LAND,brisbane
2019-02-03,28.40,21.90,24.30,29.40,24.20,26.10,5.00,OPEN_METEO_ERA5_LAND,brisbane
2019-02-04,29.40,21.40,24.90,31.10,24.10,27.00,2.20,OPEN_METEO_ERA5_LAND,brisbane
2019-02-05,29.50,21.50,24.70,30.70,24.30,26.60,2.30,OPEN_METEO_ERA5_LAND,brisbane
2019-02-06,28.30,21.60,24.30,29.60,24.10,26.50,5.50,OPEN_METEO_ERA5_LAND,brisbane
2019-02-07,28.60,21.60,24.80,29.90,24.00,26.90,3.50,OPEN_METEO_ERA5_LAND,brisbane
2019-02-08,27.80,22.30,24.30,29.80,25.60,27.40,2.00,OPEN_METEO_ERA5_LAND,brisbane
2019-02-09,30.50,20.90,25.50,36.00,24.20,29.40,0.30,OPEN_METEO_ERA5_LAND,brisbane
2019-02-10,32.20,22.00,26.30,37.90,25.80,29.70,0.30,OPEN_METEO_ERA5_LAND,brisbane
2019-02-11,29.30,21.90,25.50,32.90,24.70,28.30,0.50,OPEN_METEO_ERA5_LAND,brisbane
2019-02-12,33.90,21.90,27.00,38.40,25.10,30.40,0.60,OPEN_METEO_ERA5_LAND,brisbane
2019-02-13,35.00,22.40,27.70,41.80,26.10,32.00,0.30,OPEN_METEO_ERA5_LAND,brisbane
2019-02-14,31.20,23.70,26.30,33.00,24.10,27.50,0.80,OPEN_METEO_ERA5_LAND,brisbane
2019-02-15,29.90,21.30,24.90,29.50,21.80,24.70,0.00,OPEN_METEO_ERA5_LAND,brisbane
2019-02-16,29.90,19.20,24.60,29.70,19.30,24.50,0.00,OPEN_METEO_ERA5_LAND,brisbane
2019-02-17,30.60,19.20,24.50,31.90,19.30,24.90,0.00,OPEN_METEO_ERA5_LAND,brisbane
2019-02-18,30.70,19.80,24.60,31.60,20.60,25.80,0.00,OPEN_METEO_ERA5_LAND,brisbane
2019-02-19,32.90,18.40,25.40,37.30,20.40,28.20,0.00,OPEN_METEO_ERA5_LAND,brisbane
2019-02-20,32.90,21.40,26.60,36.00,24.80,29.50,0.00,OPEN_METEO_ERA5_LAND,brisbane
2019-02-21,33.20,23.50,27.40,35.10,26.50,29.10,0.10,OPEN_METEO_ERA5_LAND,brisbane
2019-02-22,32.00,22.60,26.30,30.10,20.70,25.20,0.10,OPEN_METEO_ERA5_LAND,brisbane
2019-02-23,30.90,20.60,24.90,29.50,19.50,23.50,0.00,OPEN_METEO_ERA5_LAND,brisbane
2019-02-24,29.10,20.30,24.00,27.00,20.60,23.10,0.30,OPEN_METEO_ERA5_LAND,brisbane
2019-02-25,28.20,20.00,23.20,26.40,19.90,22.50,0.60,OPEN_METEO_ERA5_LAND,brisbane
2019-02-26,27.60,18.90,23.20,26.40,19.10,23.10,0.40,OPEN_METEO_ERA5_LAND,brisbane
2019-02-27,26.90,17.80,22.50,26.40,18.30,23.10,0.60,OPEN_METEO_ERA5_LAND,brisbane
2019-02-28,26.60,19.20,22.80,26.50,20.50,23.40,3.90,OPEN_METEO_ERA5_LAND,brisbane
2019-03-01,28.50,20.30,23.80,28.60,21.50,24.40,1.00,OPEN_METEO_ERA5_LAND,brisbane
2019-03-02,26.90,19.40,22.40,27.00,20.90,23.70,4.50,OPEN_METEO_ERA5_LAND,brisbane
2019-03-03,27.70,19.40,23.10,28.40,21.00,24.30,1.80,OPEN_METEO_ERA5_LAND,brisbane
2019-03-04,28.30,19.40,23.40,28.20,21.00,24.80,2.50,OPEN_METEO_ERA5_LAND,brisbane
2019-03-05,29.00,19.80,24.20,30.40,22.00,26.30,0.50,OPEN_METEO_ERA5_LAND,brisbane
2019-03-06,30.80,20.90,25.10,35.20,23.80,28.60,0.80,OPEN_METEO_ERA5_LAND,brisbane
2019-03-07,30.80,21.40,24.90,33.10,24.40,27.70,4.70,OPEN_METEO_ERA5_LAND,brisbane
2019-03-08,29.40,21.60,24.80,31.50,24.70,27.70,3.30,OPEN_METEO_ERA5_LAND,brisbane
2019-03-09,30.20,21.80,25.20,34.00,25.30,28.50,0.30,OPEN_METEO_ERA5_LAND,brisbane
2019-03-10,31.40,21.10,25.50,35.70,24.90,28.60,0.00,OPEN_METEO_ERA5_LAND,brisbane
2019-03-11,35.70,21.40,26.90,41.20,24.70,30.40,0.00,OPEN_METEO_ERA5_LAND,brisbane
2019-03-12,36.60,21.80,28.50,38.80,24.30,31.30,0.00,OPEN_METEO_ERA5_LAND,brisbane
2019-03-13,34.80,21.10,26.80,37.10,21.40,28.60,0.10,OPEN_METEO_ERA5_LAND,brisbane
2019-03-14,29.20,23.00,25.60,32.00,26.00,28.60,4.80,OPEN_METEO_ERA5_LAND,brisbane
2019-03-15,33.10,22.00,25.10,37.70,25.50,29.20,53.70,OPEN_METEO_ERA5_LAND,brisbane
2019-03-16,25.10,20.80,22.60,30.00,23.80,26.50,32.70,OPEN_METEO_ERA5_LAND,brisbane
2019-03-17,25.90,20.10,22.40,30.20,23.00,25.90,5.20,OPEN_METEO_ERA5_LAND,brisbane
2019-03-18,29.40,20.30,23.50,34.30,23.70,27.30,5.90,OPEN_METEO_ERA5_LAND,brisbane
2019-03-19,30.90,18.80,24.60,32.90,21.30,27.30,0.00,OPEN_METEO_ERA5_LAND,brisbane
2019-03-20,30.80,20.00,24.60,37.30,22.90,28.50,1.40,OPEN_METEO_ERA5_LAND,brisbane
2019-03-21,29.40,22.10,24.80,35.30,25.30,28.60,1.40,OPEN_METEO_ERA5_LAND,brisbane
2019-03-22,28.00,21.00,24.20,33.20,24.50,28.40,1.20,OPEN_METEO_ERA5_LAND,brisbane
2019-03-23,31.80,21.30,25.40,37.30,25.10,29.50,0.20,OPEN_METEO_ERA5_LAND,brisbane
2019-03-24,32.20,20.70,25.70,38.70,24.40,29.80,0.00,OPEN_METEO_ERA5_LAND,brisbane
2019-03-25,31.80,20.20,25.20,36.40,23.40,28.60,0.00,OPEN_METEO_ERA5_LAND,brisbane
2019-03-26,29.40,22.50,25.10,32.10,25.50,28.30,2.10,OPEN_METEO_ERA5_LAND,brisbane
2019-03-27,23.70,18.90,21.00,26.90,19.60,22.70,19.40,OPEN_METEO_ERA5_LAND,brisbane
2019-03-28,24.30,18.50,21.20,25.70,19.10,22.50,0.50,OPEN_METEO_ERA5_LAND,brisbane
2019-03-29,26.50,19.30,22.80,28.30,21.00,25.10,2.60,OPEN_METEO_ERA5_LAND,brisbane
2019-03-30,26.40,21.30,23.30,29.40,22.50,26.20,12.50,OPEN_METEO_ERA5_LAND,brisbane
2019-03-31,26.30,14.20,19.50,27.30,11.20,18.70,0.00,OPEN_METEO_ERA5_LAND,brisbane
2019-04-01,25.60,14.90,19.50,25.40,14.40,19.10,0.00,OPEN_METEO_ERA5_LAND,brisbane
2019-04-02,24.10,16.00,19.50,24.90,15.80,20.10,2.50,OPEN_METEO_ERA5_LAND,brisbane
2019-04-03,24.70,17.30,20.40,26.90,18.20,21.50,3.30,OPEN_METEO_ERA5_LAND,brisbane
2019-04-04,26.10,16.70,20.90,25.80,17.30,21.30,0.00,OPEN_METEO_ERA5_LAND,brisbane
2019-04-05,26.60,16.50,20.70,27.20,17.10,21.10,0.00,OPEN_METEO_ERA5_LAND,brisbane
2019-04-06,25.00,16.20,20.70,27.20,16.70,22.00,0.50,OPEN_METEO_ERA5_LAND,brisbane
2019-04-07,26.50,16.50,21.00,30.10,17.80,22.80,0.10,OPEN_METEO_ERA5_LAND,brisbane
2019-04-08,27.60,15.70,21.20,30.90,16.50,23.00,0.00,OPEN_METEO_ERA5_LAND,brisbane
2019-04-09,28.30,16.70,21.80,30.70,18.20,23.30,0.00,OPEN_METEO_ERA5_LAND,brisbane
2019-04-10,25.60,16.60,20.90,26.30,18.10,21.80,1.80,OPEN_METEO_ERA5_LAND,brisbane
2019-04-11,24.20,16.30,20.10,24.20,16.70,20.30,0.30,OPEN_METEO_ERA5_LAND,brisbane
2019-04-12,23.20,15.50,19.20,23.30,15.50,19.40,0.80,OPEN_METEO_ERA5_LAND,brisbane
2019-04-13,24.90,15.20,19.70,25.00,15.40,19.90,0.00,OPEN_METEO_ERA5_LAND,brisbane
2019-04-14,24.30,14.90,19.50,24.60,14.80,19.80,0.10,OPEN_METEO_ERA5_LAND,brisbane
2019-04-15,23.50,16.00,18.80,24.50,16.70,19.90,7.40,OPEN_METEO_ERA5_LAND,brisbane
2019-04-16,23.90,15.40,19.10,25.40,16.00,20.00,1.20,OPEN_METEO_ERA5_LAND,brisbane
2019-04-17,24.70,15.80,19.80,25.40,16.40,20.60,0.40,OPEN_METEO_ERA5_LAND,brisbane
2019-04-18,25.30,16.00,20.30,26.10,16.80,21.40,0.70,OPEN_METEO_ERA5_LAND,brisbane
2019-04-19,23.90,17.70,20.30,26.10,18.80,21.50,3.70,OPEN_METEO_ERA5_LAND,brisbane
2019-04-20,24.60,19.20,20.90,25.70,21.20,22.80,9.90,OPEN_METEO_ERA5_LAND,brisbane
2019-04-21,25.00,18.30,21.10,25.50,20.00,22.40,2.00,OPEN_METEO_ERA5_LAND,brisbane
2019-04-22,25.10,18.20,21.00,25.60,19.70,22.30,2.70,OPEN_METEO_ERA5_LAND,brisbane
2019-04-23,24.60,18.10,20.90,24.80,19.30,22.20,1.70,OPEN_METEO_ERA5_LAND,brisbane
2019-04-24,25.80,17.30,20.80,26.70,18.00,21.90,0.40,OPEN_METEO_ERA5_LAND,brisbane
2019-04-25,24.50,17.10,20.70,25.80,18.20,22.10,1.00,OPEN_METEO_ERA5_LAND,brisbane
2019-04-26,25.80,16.60,20.70,27.90,18.00,22.60,0.00,OPEN_METEO_ERA5_LAND,brisbane
2019-04-27,26.30,16.20,20.60,27.80,16.50,21.80,0.50,OPEN_METEO_ERA5_LAND,brisbane
2019-04-28,26.10,16.40,20.40,27.70,17.10,21.80,0.00,OPEN_METEO_ERA5_LAND,brisbane
2019-04-29,24.30,15.70,19.60,23.40,16.20,19.90,0.60,OPEN_METEO_ERA5_LAND,brisbane
2019-04-30,23.10,14.70,19.10,23.20,14.50,19.80,1.80,OPEN_METEO_ERA5_LAND,brisbane
2019-05-01,25.40,19.40,21.40,26.10,20.60,22.80,1.90,OPEN_METEO_ERA5_LAND,brisbane
2019-05-02,25.40,18.10,21.40,25.80,19.30,22.60,0.20,OPEN_METEO_ERA5_LAND,brisbane
2019-05-03,25.40,16.70,20.90,26.90,18.00,22.80,0.80,OPEN_METEO_ERA5_LAND,brisbane
2019-05-04,24.00,17.20,20.00,26.20,16.70,21.60,5.20,OPEN_METEO_ERA5_LAND,brisbane
2019-05-05,23.80,12.60,17.70,23.50,10.50,16.50,0.00,OPEN_METEO_ERA5_LAND,brisbane
2019-05-06,23.40,12.00,17.10,24.30,10.20,16.30,0.00,OPEN_METEO_ERA5_LAND,brisbane
2019-05-07,24.40,12.00,17.40,24.70,11.00,17.10,0.00,OPEN_METEO_ERA5_LAND,brisbane
2019-05-08,26.00,12.80,18.80,24.80,12.50,18.50,0.00,OPEN_METEO_ERA5_LAND,brisbane
2019-05-09,25.20,12.00,17.90,25.30,10.00,17.00,0.00,OPEN_METEO_ERA5_LAND,brisbane
2019-05-10,25.70,14.00,19.50,27.00,13.70,19.90,0.50,OPEN_METEO_ERA5_LAND,brisbane
2019-05-11,21.90,12.30,16.60,18.20,6.70,12.60,0.40,OPEN_METEO_ERA5_LAND,brisbane
2019-05-12,23.50,10.70,16.70,22.40,7.90,15.20,0.10,OPEN_METEO_ERA5_LAND,brisbane
2019-05-13,23.90,15.30,18.60,22.20,15.30,18.50,1.40,OPEN_METEO_ERA5_LAND,brisbane
2019-05-14,23.80,15.40,18.90,23.90,15.90,19.50,0.90,OPEN_METEO_ERA5_LAND,brisbane
2019-05-15,23.40,15.30,18.90,22.80,15.50,19.10,0.10,OPEN_METEO_ERA5_LAND,brisbane
2019-05-16,24.00,14.70,18.90,23.30,14.90,19.10,0.20,OPEN_METEO_ERA5_LAND,brisbane
2019-05-17,22.60,16.10,18.40,23.20,16.80,19.20,1.10,OPEN_METEO_ERA5_LAND,brisbane
2019-05-18,22.60,14.50,18.10,22.10,14.90,18.40,0.20,OPEN_METEO_ERA5_LAND,brisbane
2019-05-19,22.60,13.90,17.50,22.30,13.60,17.40,0.90,OPEN_METEO_ERA5_LAND,brisbane
2019-05-20,20.90,15.80,17.90,22.20,15.80,18.90,5.00,OPEN_METEO_ERA5_LAND,brisbane
2019-05-21,23.00,15.40,18.30,24.10,16.10,19.30,0.10,OPEN_METEO_ERA5_LAND,brisbane
2019-05-22,22.90,13.40,17.80,23.00,13.20,18.20,0.20,OPEN_METEO_ERA5_LAND,brisbane
2019-05-23,22.10,13.70,17.50,22.10,13.30,17.70,0.30,OPEN_METEO_ERA5_LAND,brisbane
2019-05-24,23.00,13.60,17.50,24.10,13.40,18.00,0.40,OPEN_METEO_ERA5_LAND,brisbane
2019-05-25,22.70,12.60,17.20,24.20,12.30,17.70,0.40,OPEN_METEO_ERA5_LAND,brisbane
2019-05-26,24.70,13.40,18.10,24.60,13.50,18.40,0.00,OPEN_METEO_ERA5_LAND,brisbane
2019-05-27,26.60,12.00,18.50,24.30,11.20,17.00,0.00,OPEN_METEO_ERA5_LAND,brisbane
2019-05-28,21.50,11.60,15.70,18.40,8.60,12.50,0.00,OPEN_METEO_ERA5_LAND,brisbane
2019-05-29,21.20,10.60,14.70,17.20,7.30,11.40,0.00,OPEN_METEO_ERA5_LAND,brisbane
2019-05-30,21.40,10.40,15.00,17.70,7.50,11.60,0.00,OPEN_METEO_ERA5_LAND,brisbane
2019-05-31,19.40,7.10,12.60,15.90,3.10,8.90,0.00,OPEN_METEO_ERA5_LAND,brisbane
2019-06-01,22.30,6.70,14.30,21.00,3.10,12.30,0.00,OPEN_METEO_ERA5_LAND,brisbane
2019-06-02,20.30,13.10,15.60,19.50,12.60,15.60,3.70,OPEN_METEO_ERA5_LAND,brisbane
2019-06-03,21.40,12.80,15.80,19.20,10.80,14.40,0.30,OPEN_METEO_ERA5_LAND,brisbane
2019-06-04,16.10,9.80,12.40,9.90,4.30,7.40,0.00,OPEN_METEO_ERA5_LAND,brisbane
2019-06-05,20.90,9.60,14.30,19.10,6.40,11.90,0.00,OPEN_METEO_ERA5_LAND,brisbane
2019-06-06,21.70,9.60,14.70,19.90,7.50,13.20,0.00,OPEN_METEO_ERA5_LAND,brisbane
2019-06-07,21.70,10.80,15.40,19.60,8.90,14.10,1.30,OPEN_METEO_ERA5_LAND,brisbane
2019-06-08,17.90,13.10,15.10,19.10,12.60,15.20,6.20,OPEN_METEO_ERA5_LAND,brisbane
2019-06-09,22.80,12.60,16.80,22.90,12.20,17.10,0.10,OPEN_METEO_ERA5_LAND,brisbane
2019-06-10,23.80,12.30,16.70,24.00,11.80,16.90,0.00,OPEN_METEO_ERA5_LAND,brisbane
2019-06-11,24.60,12.40,17.40,24.40,11.50,17.40,0.00,OPEN_METEO_ERA5_LAND,brisbane
2019-06-12,22.90,12.90,17.30,23.00,12.50,17.50,0.20,OPEN_METEO_ERA5_LAND,brisbane
2019-06-13,24.20,12.40,17.30,23.60,12.60,17.70,0.00,OPEN_METEO_ERA5_LAND,brisbane
2019-06-14,26.30,12.80,18.60,26.30,12.10,18.90,0.00,OPEN_METEO_ERA5_LAND,brisbane
2019-06-15,24.50,15.00,18.60,25.80,15.60,19.80,1.00,OPEN_METEO_ERA5_LAND,brisbane
2019-06-16,22.40,15.30,17.80,24.20,16.20,19.30,5.60,OPEN_METEO_ERA5_LAND,brisbane
2019-06-17,21.70,12.00,16.30,19.30,8.80,14.40,3.30,OPEN_METEO_ERA5_LAND,brisbane
2019-06-18,21.70,10.10,14.60,21.30,6.90,12.70,0.00,OPEN_METEO_ERA5_LAND,brisbane
2019-06-19,22.30,10.80,15.40,21.60,8.50,14.20,0.00,OPEN_METEO_ERA5_LAND,brisbane
2019-06-20,20.30,11.30,15.00,19.30,10.10,14.20,0.10,OPEN_METEO_ERA5_LAND,brisbane
2019-06-21,21.50,12.00,15.70,18.40,9.00,13.30,0.00,OPEN_METEO_ERA5_LAND,brisbane
2019-06-22,19.80,8.60,13.30,17.30,5.30,10.70,0.00,OPEN_METEO_ERA5_LAND,brisbane
2019-06-23,18.70,8.00,12.80,16.70,5.70,10.90,0.10,OPEN_METEO_ERA5_LAND,brisbane
2019-06-24,19.10,9.00,12.90,16.50,6.50,10.70,0.60,OPEN_METEO_ERA5_LAND,brisbane
2019-06-25,18.20,11.30,14.40,17.40,10.10,13.50,5.50,OPEN_METEO_ERA5_LAND,brisbane
2019-06-26,17.70,14.20,15.30,17.30,13.60,15.00,10.80,OPEN_METEO_ERA5_LAND,brisbane
2019-06-27,21.60,13.10,16.70,20.00,12.20,15.90,1.00,OPEN_METEO_ERA5_LAND,brisbane
2019-06-28,21.30,13.50,16.40,19.80,13.00,15.60,0.80,OPEN_METEO_ERA5_LAND,brisbane
2019-06-29,21.90,13.30,16.40,21.20,12.20,16.10,3.20,OPEN_METEO_ERA5_LAND,brisbane
2019-06-30,22.50,12.00,16.20,23.80,11.20,16.70,0.10,OPEN_METEO_ERA5_LAND,brisbane
2019-07-01,22.40,13.10,16.80,22.10,12.60,17.00,0.30,OPEN_METEO_ERA5_LAND,brisbane
2019-07-02,22.40,13.60,16.90,22.80,13.30,17.10,0.00,OPEN_METEO_ERA5_LAND,brisbane
2019-07-03,22.00,12.60,16.60,19.70,11.70,15.90,0.20,OPEN_METEO_ERA5_LAND,brisbane
2019-07-04,22.00,14.10,17.20,19.20,13.60,16.10,0.90,OPEN_METEO_ERA5_LAND,brisbane
2019-07-05,21.00,15.30,17.50,19.30,14.70,16.50,3.00,OPEN_METEO_ERA5_LAND,brisbane
2019-07-06,20.30,15.10,17.40,19.50,14.60,16.50,1.50,OPEN_METEO_ERA5_LAND,brisbane
2019-07-07,20.60,14.40,16.60,19.70,14.10,16.40,1.10,OPEN_METEO_ERA5_LAND,brisbane
2019-07-08,18.70,13.00,15.50,19.70,13.10,16.00,1.60,OPEN_METEO_ERA5_LAND,brisbane
2019-07-09,22.50,9.70,15.20,22.30,8.40,14.80,0.00,OPEN_METEO_ERA5_LAND,brisbane
2019-07-10,21.60,9.70,14.70,19.20,7.70,12.90,0.00,OPEN_METEO_ERA5_LAND,brisbane
2019-07-11,22.30,9.80,15.00,19.00,7.70,12.70,0.00,OPEN_METEO_ERA5_LAND,brisbane
2019-07-12,24.00,11.00,16.10,21.30,8.50,13.80,0.00,OPEN_METEO_ERA5_LAND,brisbane
2019-07-13,22.10,11.80,16.20,18.20,9.50,13.10,0.00,OPEN_METEO_ERA5_LAND,brisbane
2019-07-14,18.30,7.80,12.70,15.10,3.80,8.80,0.00,OPEN_METEO_ERA5_LAND,brisbane
2019-07-15,18.90,9.10,13.00,14.30,3.70,8.40,0.00,OPEN_METEO_ERA5_LAND,brisbane
2019-07-16,21.00,7.70,13.70,18.30,4.30,10.60,0.00,OPEN_METEO_ERA5_LAND,brisbane
2019-07-17,21.40,8.60,14.30,21.20,5.40,12.30,0.00,OPEN_METEO_ERA5_LAND,brisbane
2019-07-18,22.40,8.90,14.60,19.60,6.10,11.40,0.00,OPEN_METEO_ERA5_LAND,brisbane
2019-07-19,21.20,7.80,13.60,20.30,4.80,11.50,0.00,OPEN_METEO_ERA5_LAND,brisbane
2019-07-20,21.70,7.00,13.50,20.60,4.00,12.00,0.00,OPEN_METEO_ERA5_LAND,brisbane
2019-07-21,21.60,8.40,14.30,20.20,7.30,13.30,0.00,OPEN_METEO_ERA5_LAND,brisbane
2019-07-22,21.20,8.80,14.60,21.40,7.20,14.10,0.30,OPEN_METEO_ERA5_LAND,brisbane
2019-07-23,25.20,11.70,16.70,24.90,11.20,16.30,0.00,OPEN_METEO_ERA5_LAND,brisbane
2019-07-24,25.80,9.20,16.70,21.90,7.30,14.20,0.00,OPEN_METEO_ERA5_LAND,brisbane
2019-07-25,22.20,11.00,16.10,21.10,8.60,14.80,0.00,OPEN_METEO_ERA5_LAND,brisbane
2019-07-26,20.50,11.40,15.60,20.60,10.90,15.70,0.90,OPEN_METEO_ERA5_LAND,brisbane
2019-07-27,24.70,11.10,16.80,23.80,10.60,16.60,0.10,OPEN_METEO_ERA5_LAND,brisbane
2019-07-28,21.60,12.40,16.20,21.10,11.70,15.90,0.80,OPEN_METEO_ERA5_LAND,brisbane
2019-07-29,21.10,11.30,15.60,21.80,10.40,15.40,0.40,OPEN_METEO_ERA5_LAND,brisbane
2019-07-30,24.10,11.20,16.50,22.90,10.30,15.80,0.50,OPEN_METEO_ERA5_LAND,brisbane
2019-07-31,21.50,10.60,15.10,20.30,9.50,14.00,0.20,OPEN_METEO_ERA5_LAND,brisbane
2019-08-01,20.90,11.00,15.00,19.50,10.00,13.90,0.10,OPEN_METEO_ERA5_LAND,brisbane
2019-08-02,21.50,10.20,15.10,19.20,8.90,13.90,0.00,OPEN_METEO_ERA5_LAND,brisbane
2019-08-03,21.80,10.20,15.00,21.90,9.00,14.50,0.20,OPEN_METEO_ERA5_LAND,brisbane
2019-08-04,23.10,9.60,15.20,22.70,8.40,14.50,0.00,OPEN_METEO_ERA5_LAND,brisbane
2019-08-05,21.90,10.40,15.30,21.00,9.60,14.40,0.00,OPEN_METEO_ERA5_LAND,brisbane
2019-08-06,22.10,9.10,14.90,21.60,7.30,14.00,0.00,OPEN_METEO_ERA5_LAND,brisbane
2019-08-07,22.50,11.10,15.90,22.10,10.30,15.80,1.90,OPEN_METEO_ERA5_LAND,brisbane
2019-08-08,27.50,11.40,18.30,24.10,10.60,16.70,0.00,OPEN_METEO_ERA5_LAND,brisbane
2019-08-09,23.80,14.20,17.90,18.80,8.80,13.50,0.00,OPEN_METEO_ERA5_LAND,brisbane
2019-08-10,21.90,13.70,16.50,16.50,8.40,11.70,0.00,OPEN_METEO_ERA5_LAND,brisbane
2019-08-11,19.40,10.10,14.10,13.40,4.20,8.70,0.00,OPEN_METEO_ERA5_LAND,brisbane
2019-08-12,20.50,9.10,13.70,17.10,3.90,10.00,0.00,OPEN_METEO_ERA5_LAND,brisbane
2019-08-13,21.30,8.30,14.40,20.50,5.40,12.60,0.10,OPEN_METEO_ERA5_LAND,brisbane
2019-08-14,21.60,9.30,15.50,20.50,8.00,14.50,0.00,OPEN_METEO_ERA5_LAND,brisbane
2019-08-15,23.00,9.20,15.40,22.40,7.50,14.10,0.00,OPEN_METEO_ERA5_LAND,brisbane
2019-08-16,24.20,10.20,16.50,23.30,9.10,15.50,0.00,OPEN_METEO_ERA5_LAND,brisbane
2019-08-17,26.80,9.70,17.20,25.20,9.00,16.30,0.00,OPEN_METEO_ERA5_LAND,brisbane
2019-08-18,23.10,12.00,17.00,22.60,11.20,16.70,0.00,OPEN_METEO_ERA5_LAND,brisbane
2019-08-19,27.60,12.10,18.50,25.00,9.70,16.00,0.00,OPEN_METEO_ERA5_LAND,brisbane
2019-08-20,21.80,9.10,14.60,18.70,4.90,11.00,0.00,OPEN_METEO_ERA5_LAND,brisbane
2019-08-21,24.90,11.00,17.30,20.60,5.60,12.40,0.00,OPEN_METEO_ERA5_LAND,brisbane
2019-08-22,25.00,13.40,18.60,20.00,9.00,14.10,0.00,OPEN_METEO_ERA5_LAND,brisbane
2019-08-23,22.70,11.90,16.70,21.20,9.90,15.00,0.00,OPEN_METEO_ERA5_LAND,brisbane
2019-08-24,21.70,9.40,15.10,20.40,7.60,13.70,0.00,OPEN_METEO_ERA5_LAND,brisbane
2019-08-25,24.60,8.30,16.30,24.70,6.90,15.30,0.00,OPEN_METEO_ERA5_LAND,brisbane
2019-08-26,25.80,9.80,17.10,26.00,8.30,16.60,0.00,OPEN_METEO_ERA5_LAND,brisbane
2019-08-27,24.40,14.40,18.10,25.40,14.80,18.90,1.90,OPEN_METEO_ERA5_LAND,brisbane
2019-08-28,23.20,14.10,17.80,21.90,14.20,17.90,1.00,OPEN_METEO_ERA5_LAND,brisbane
2019-08-29,20.40,12.20,16.20,19.50,11.80,16.00,1.10,OPEN_METEO_ERA5_LAND,brisbane
2019-08-30,21.00,10.20,14.80,22.10,8.80,14.20,1.20,OPEN_METEO_ERA5_LAND,brisbane
2019-08-31,22.00,9.80,15.10,21.60,8.60,14.20,0.40,OPEN_METEO_ERA5_LAND,brisbane
2019-09-01,24.00,10.30,16.00,24.10,8.60,15.30,0.00,OPEN_METEO_ERA5_LAND,brisbane
2019-09-02,27.20,11.60,17.90,25.60,11.10,17.10,0.00,OPEN_METEO_ERA5_LAND,brisbane
2019-09-03,25.30,11.10,16.90,26.10,9.10,16.10,0.00,OPEN_METEO_ERA5_LAND,brisbane
2019-09-04,32.30,10.90,19.60,29.10,8.90,17.90,0.00,OPEN_METEO_ERA5_LAND,brisbane
2019-09-05,30.30,11.00,19.60,29.90,9.10,18.40,0.00,OPEN_METEO_ERA5_LAND,brisbane
2019-09-06,33.50,11.50,22.10,30.50,10.20,19.70,0.00,OPEN_METEO_ERA5_LAND,brisbane
2019-09-07,25.40,15.90,20.50,20.60,11.20,15.70,0.00,OPEN_METEO_ERA5_LAND,brisbane
2019-09-08,24.40,12.30,18.40,19.50,8.70,13.60,0.00,OPEN_METEO_ERA5_LAND,brisbane
2019-09-09,22.10,13.20,17.20,16.00,8.60,11.70,0.00,OPEN_METEO_ERA5_LAND,brisbane
2019-09-10,23.20,10.30,15.50,21.40,6.10,12.00,0.00,OPEN_METEO_ERA5_LAND,brisbane
2019-09-11,21.60,10.00,15.30,19.50,8.10,13.50,0.20,OPEN_METEO_ERA5_LAND,brisbane
2019-09-12,23.50,9.00,15.80,24.00,7.30,14.70,0.00,OPEN_METEO_ERA5_LAND,brisbane
2019-09-13,30.00,9.60,18.30,26.30,8.20,16.30,0.00,OPEN_METEO_ERA5_LAND,brisbane
2019-09-14,29.20,11.20,18.80,28.40,9.50,17.80,0.00,OPEN_METEO_ERA5_LAND,brisbane
2019-09-15,24.50,12.20,17.80,24.00,11.80,17.20,0.00,OPEN_METEO_ERA5_LAND,brisbane
2019-09-16,26.70,10.70,18.40,27.00,10.60,18.00,0.00,OPEN_METEO_ERA5_LAND,brisbane
2019-09-17,27.40,12.00,19.40,28.80,11.10,19.40,0.00,OPEN_METEO_ERA5_LAND,brisbane
2019-09-18,26.00,13.40,18.60,24.20,10.80,16.90,0.00,OPEN_METEO_ERA5_LAND,brisbane
2019-09-19,25.30,11.90,17.90,26.10,10.90,17.70,0.10,OPEN_METEO_ERA5_LAND,brisbane
2019-09-20,24.40,13.60,18.70,24.20,13.00,19.00,0.30,OPEN_METEO_ERA5_LAND,brisbane
2019-09-21,25.40,16.10,19.80,24.90,16.80,20.50,1.00,OPEN_METEO_ERA5_LAND,brisbane
2019-09-22,26.10,16.80,20.40,27.40,17.80,21.00,0.50,OPEN_METEO_ERA5_LAND,brisbane
2019-09-23,29.80,14.60,20.80,31.60,14.90,21.50,0.00,OPEN_METEO_ERA5_LAND,brisbane
2019-09-24,23.80,15.90,19.60,22.60,16.20,19.00,0.00,OPEN_METEO_ERA5_LAND,brisbane
2019-09-25,24.30,17.40,20.00,24.70,17.70,20.20,1.10,OPEN_METEO_ERA5_LAND,brisbane
2019-09-26,23.90,16.50,19.80,22.40,17.60,19.50,0.80,OPEN_METEO_ERA5_LAND,brisbane
2019-09-27,26.10,15.60,20.30,27.40,15.80,20.20,0.00,OPEN_METEO_ERA5_LAND,brisbane
2019-09-28,30.40,16.90,22.40,31.50,17.40,22.90,0.70,OPEN_METEO_ERA5_LAND,brisbane
2019-09-29,25.30,14.50,19.80,27.30,14.70,20.40,0.00,OPEN_METEO_ERA5_LAND,brisbane
2019-09-30,26.90,16.40,20.60,28.80,17.10,21.40,2.00,OPEN_METEO_ERA5_LAND,brisbane
2019-10-01,22.70,16.00,18.70,21.70,15.00,18.00,2.80,OPEN_METEO_ERA5_LAND,brisbane
2019-10-02,23.70,15.10,18.70,23.20,15.00,18.10,0.10,OPEN_METEO_ERA5_LAND,brisbane
2019-10-03,24.80,11.30,18.10,26.00,10.60,17.90,0.00,OPEN_METEO_ERA5_LAND,brisbane
2019-10-04,25.90,12.50,18.50,27.30,11.90,18.20,0.00,OPEN_METEO_ERA5_LAND,brisbane
2019-10-05,30.20,13.00,19.70,32.20,12.80,20.10,0.00,OPEN_METEO_ERA5_LAND,brisbane
2019-10-06,26.30,15.00,20.20,28.00,15.60,20.60,0.00,OPEN_METEO_ERA5_LAND,brisbane
2019-10-07,31.40,15.70,22.50,35.50,17.00,24.40,0.00,OPEN_METEO_ERA5_LAND,brisbane
2019-10-08,33.20,18.30,25.10,36.30,20.60,26.80,0.00,OPEN_METEO_ERA5_LAND,brisbane
2019-10-09,24.40,16.80,20.10,23.90,15.50,19.20,0.00,OPEN_METEO_ERA5_LAND,brisbane
2019-10-10,22.50,14.40,18.20,21.40,13.60,17.10,0.00,OPEN_METEO_ERA5_LAND,brisbane
2019-10-11,21.70,12.80,17.00,21.20,12.00,16.70,13.40,OPEN_METEO_ERA5_LAND,brisbane
2019-10-12,20.60,13.10,15.70,20.40,11.00,15.50,24.40,OPEN_METEO_ERA5_LAND,brisbane
2019-10-13,23.20,11.70,16.80,22.90,10.00,15.80,0.10,OPEN_METEO_ERA5_LAND,brisbane
2019-10-14,23.80,12.70,18.40,25.70,12.30,18.50,0.10,OPEN_METEO_ERA5_LAND,brisbane
2019-10-15,25.40,16.10,20.50,26.70,17.00,21.40,3.40,OPEN_METEO_ERA5_LAND,brisbane
2019-10-16,27.70,17.60,22.10,31.30,18.80,23.30,0.00,OPEN_METEO_ERA5_LAND,brisbane
2019-10-17,30.60,17.60,23.40,34.00,19.10,25.20,0.00,OPEN_METEO_ERA5_LAND,brisbane
2019-10-18,27.10,17.00,21.90,29.30,15.90,22.30,0.00,OPEN_METEO_ERA5_LAND,brisbane
2019-10-19,26.20,16.20,20.70,29.60,17.40,22.80,5.60,OPEN_METEO_ERA5_LAND,brisbane
2019-10-20,27.40,14.00,20.10,29.70,12.90,19.80,0.00,OPEN_METEO_ERA5_LAND,brisbane
2019-10-21,24.60,15.70,19.50,23.70,15.20,18.70,0.00,OPEN_METEO_ERA5_LAND,brisbane
2019-10-22,24.30,13.50,18.90,25.00,13.10,19.00,0.80,OPEN_METEO_ERA5_LAND,brisbane
2019-10-23,26.00,14.30,19.60,27.30,14.70,20.00,0.00,OPEN_METEO_ERA5_LAND,brisbane
2019-10-24,26.90,13.30,19.70,28.50,13.60,20.00,0.00,OPEN_METEO_ERA5_LAND,brisbane
2019-10-25,27.50,14.60,20.50,28.60,14.90,20.30,0.00,OPEN_METEO_ERA5_LAND,brisbane
2019-10-26,28.70,15.50,21.60,29.80,15.80,21.40,0.00,OPEN_METEO_ERA5_LAND,brisbane
2019-10-27,29.00,15.50,22.10,31.90,16.20,22.80,0.00,OPEN_METEO_ERA5_LAND,brisbane
2019-10-28,27.20,18.90,22.00,28.10,19.40,22.30,0.60,OPEN_METEO_ERA5_LAND,brisbane
2019-10-29,26.30,18.60,21.60,26.90,18.80,21.50,0.20,OPEN_METEO_ERA5_LAND,brisbane
2019-10-30,24.60,17.30,20.60,25.10,17.70,20.80,0.10,OPEN_METEO_ERA5_LAND,brisbane
2019-10-31,24.80,15.00,20.50,24.10,16.00,20.50,0.30,OPEN_METEO_ERA5_LAND,brisbane
2019-11-01,23.80,18.50,20.90,24.10,18.90,21.30,1.40,OPEN_METEO_ERA5_LAND,brisbane
2019-11-02,25.10,18.40,21.40,24.90,19.60,21.80,1.10,OPEN_METEO_ERA5_LAND,brisbane
2019-11-03,26.70,17.70,22.10,27.00,19.20,22.70,1.10,OPEN_METEO_ERA5_LAND,brisbane
2019-11-04,30.20,19.00,23.50,34.10,20.80,25.60,3.90,OPEN_METEO_ERA5_LAND,brisbane
2019-11-05,27.80,15.60,22.30,24.90,15.20,20.30,0.00,OPEN_METEO_ERA5_LAND,brisbane
2019-11-06,27.80,13.40,19.80,28.70,11.50,18.90,0.00,OPEN_METEO_ERA5_LAND,brisbane
2019-11-07,33.70,12.50,22.80,34.50,12.40,22.10,0.00,OPEN_METEO_ERA5_LAND,brisbane
2019-11-08,36.90,14.80,26.30,36.90,15.10,26.00,0.00,OPEN_METEO_ERA5_LAND,brisbane
2019-11-09,30.80,18.60,24.40,29.20,17.40,22.50,0.00,OPEN_METEO_ERA5_LAND,brisbane
2019-11-10,33.00,14.70,23.00,31.00,10.30,20.80,0.00,OPEN_METEO_ERA5_LAND,brisbane
2019-11-11,27.20,17.60,22.30,28.20,17.80,22.80,0.20,OPEN_METEO_ERA5_LAND,brisbane
2019-11-12,31.80,16.90,24.20,34.70,18.10,25.00,0.00,OPEN_METEO_ERA5_LAND,brisbane
2019-11-13,33.10,19.70,24.40,33.90,20.10,24.40,0.00,OPEN_METEO_ERA5_LAND,brisbane
2019-11-14,29.40,17.00,22.60,31.90,18.20,24.10,0.00,OPEN_METEO_ERA5_LAND,brisbane
2019-11-15,32.80,19.70,24.90,35.30,22.40,27.00,0.00,OPEN_METEO_ERA5_LAND,brisbane
2019-11-16,35.50,18.70,26.20,38.30,21.50,28.20,0.00,OPEN_METEO_ERA5_LAND,brisbane
2019-11-17,32.40,19.40,24.20,36.10,19.30,26.20,12.60,OPEN_METEO_ERA5_LAND,brisbane
2019-11-18,26.80,19.40,22.50,28.30,20.40,22.90,0.20,OPEN_METEO_ERA5_LAND,brisbane
2019-11-19,31.00,17.60,23.40,35.10,19.00,25.20,0.00,OPEN_METEO_ERA5_LAND,brisbane
2019-11-20,33.10,19.00,25.00,37.80,21.00,27.50,0.50,OPEN_METEO_ERA5_LAND,brisbane
2019-11-21,28.60,21.10,24.10,30.40,22.30,25.50,0.30,OPEN_METEO_ERA5_LAND,brisbane
2019-11-22,28.80,18.90,23.80,31.00,20.70,24.60,0.00,OPEN_METEO_ERA5_LAND,brisbane
2019-11-23,29.30,19.30,23.80,30.80,21.50,24.70,0.00,OPEN_METEO_ERA5_LAND,brisbane
2019-11-24,29.40,19.10,23.70,32.00,21.60,24.80,0.50,OPEN_METEO_ERA5_LAND,brisbane
2019-11-25,29.30,20.30,24.00,30.80,21.70,24.90,0.00,OPEN_METEO_ERA5_LAND,brisbane
2019-11-26,30.70,20.20,24.70,31.90,21.40,25.50,0.00,OPEN_METEO_ERA5_LAND,brisbane
2019-11-27,31.90,19.70,24.90,35.60,22.00,26.40,0.20,OPEN_METEO_ERA5_LAND,brisbane
2019-11-28,27.30,20.90,23.80,29.50,22.60,25.70,0.70,OPEN_METEO_ERA5_LAND,brisbane
2019-11-29,30.50,21.00,25.10,33.20,23.90,26.80,0.00,OPEN_METEO_ERA5_LAND,brisbane
2019-11-30,33.00,20.90,25.90,35.90,22.30,27.30,0.00,OPEN_METEO_ERA5_LAND,brisbane
2019-12-01,33.50,21.40,25.80,36.40,24.10,28.50,6.40,OPEN_METEO_ERA5_LAND,brisbane
2019-12-02,33.10,21.70,27.20,29.90,21.90,26.30,2.20,OPEN_METEO_ERA5_LAND,brisbane
2019-12-03,34.30,18.30,25.60,31.70,16.80,24.50,0.00,OPEN_METEO_ERA5_LAND,brisbane
2019-12-04,33.60,18.90,25.00,35.30,16.10,23.90,0.00,OPEN_METEO_ERA5_LAND,brisbane
2019-12-05,37.30,17.00,26.20,37.20,16.10,25.40,0.00,OPEN_METEO_ERA5_LAND,brisbane
2019-12-06,38.00,16.40,27.20,39.20,16.50,27.90,0.00,OPEN_METEO_ERA5_LAND,brisbane
2019-12-07,37.60,19.10,27.00,39.70,20.30,28.80,0.00,OPEN_METEO_ERA5_LAND,brisbane
2019-12-08,30.70,21.30,25.00,33.20,22.90,26.80,0.50,OPEN_METEO_ERA5_LAND,brisbane
2019-12-09,31.20,21.90,25.90,33.50,24.50,28.40,0.40,OPEN_METEO_ERA5_LAND,brisbane
2019-12-10,32.90,21.20,26.50,36.60,24.60,29.20,0.00,OPEN_METEO_ERA5_LAND,brisbane
2019-12-11,34.20,21.60,26.90,38.40,24.90,30.00,0.90,OPEN_METEO_ERA5_LAND,brisbane
2019-12-12,31.90,22.00,26.40,35.60,25.70,29.40,0.70,OPEN_METEO_ERA5_LAND,brisbane
2019-12-13,30.10,22.00,24.60,33.80,25.10,27.60,15.80,OPEN_METEO_ERA5_LAND,brisbane
2019-12-14,31.20,20.40,25.30,36.20,23.70,28.60,0.20,OPEN_METEO_ERA5_LAND,brisbane
2019-12-15,32.20,22.30,26.60,37.00,26.30,29.90,0.00,OPEN_METEO_ERA5_LAND,brisbane
2019-12-16,41.40,21.30,28.60,41.50,23.00,29.70,0.00,OPEN_METEO_ERA5_LAND,brisbane
2019-12-17,28.90,20.20,23.90,30.00,20.70,24.00,0.00,OPEN_METEO_ERA5_LAND,brisbane
2019-12-18,28.50,19.60,23.30,29.30,19.50,23.20,0.00,OPEN_METEO_ERA5_LAND,brisbane
2019-12-19,30.00,17.00,23.80,32.20,17.50,24.60,0.00,OPEN_METEO_ERA5_LAND,brisbane
2019-12-20,30.80,18.30,24.70,34.10,19.80,26.40,0.00,OPEN_METEO_ERA5_LAND,brisbane
2019-12-21,31.60,19.70,25.20,35.60,22.30,27.50,0.00,OPEN_METEO_ERA5_LAND,brisbane
2019-12-22,31.40,19.50,25.40,36.00,21.60,27.90,0.00,OPEN_METEO_ERA5_LAND,brisbane
2019-12-23,29.70,22.50,25.50,33.00,24.50,28.40,1.10,OPEN_METEO_ERA5_LAND,brisbane
2019-12-24,28.90,22.60,25.30,31.20,25.50,27.80,3.10,OPEN_METEO_ERA5_LAND,brisbane
2019-12-25,25.20,21.20,23.10,27.90,23.30,25.20,8.90,OPEN_METEO_ERA5_LAND,brisbane
2019-12-26,27.70,20.20,23.10,29.10,22.70,24.70,2.30,OPEN_METEO_ERA5_LAND,brisbane
2019-12-27,25.90,18.80,22.40,26.80,20.50,23.80,1.10,OPEN_METEO_ERA5_LAND,brisbane
2019-12-28,27.50,19.10,23.10,28.50,20.70,24.20,0.10,OPEN_METEO_ERA5_LAND,brisbane
2019-12-29,28.10,20.10,23.60,31.00,21.60,25.10,0.20,OPEN_METEO_ERA5_LAND,brisbane
2019-12-30,28.10,19.60,23.80,30.40,20.90,25.30,0.40,OPEN_METEO_ERA5_LAND,brisbane
2019-12-31,28.30,19.90,24.10,31.30,23.10,26.70,2.20,OPEN_METEO_ERA5_LAND,brisbane
2020-01-01,29.80,21.00,24.90,33.10,24.30,27.70,0.40,OPEN_METEO_ERA5_LAND,brisbane
2020-01-02,29.80,21.20,25.00,34.30,24.70,28.30,0.60,OPEN_METEO_ERA5_LAND,brisbane
2020-01-03,30.10,20.30,24.80,33.30,23.40,27.40,0.00,OPEN_METEO_ERA5_LAND,brisbane
2020-01-04,30.90,19.00,24.70,34.80,21.60,27.00,0.00,OPEN_METEO_ERA5_LAND,brisbane
2020-01-05,31.30,19.60,25.30,35.30,21.90,27.30,0.00,OPEN_METEO_ERA5_LAND,brisbane
2020-01-06,30.00,21.40,25.40,32.60,24.10,28.10,1.50,OPEN_METEO_ERA5_LAND,brisbane
2020-01-07,29.70,21.70,25.40,31.90,25.60,28.20,1.10,OPEN_METEO_ERA5_LAND,brisbane
2020-01-08,31.40,21.10,25.90,34.50,24.20,28.30,0.00,OPEN_METEO_ERA5_LAND,brisbane
2020-01-09,31.80,21.30,26.10,34.40,25.10,28.70,0.10,OPEN_METEO_ERA5_LAND,brisbane
2020-01-10,31.50,22.80,26.70,33.40,26.20,29.00,0.10,OPEN_METEO_ERA5_LAND,brisbane
2020-01-11,32.50,22.30,26.50,36.70,25.10,29.40,4.80,OPEN_METEO_ERA5_LAND,brisbane
2020-01-12,28.10,22.00,24.40,29.30,22.90,26.50,2.20,OPEN_METEO_ERA5_LAND,brisbane
2020-01-13,28.30,21.40,23.80,28.80,21.40,24.30,0.00,OPEN_METEO_ERA5_LAND,brisbane
2020-01-14,29.30,20.50,24.30,32.10,22.20,26.00,2.50,OPEN_METEO_ERA5_LAND,brisbane
2020-01-15,27.30,21.60,24.00,30.50,24.80,27.30,12.50,OPEN_METEO_ERA5_LAND,brisbane
2020-01-16,25.30,21.20,23.50,29.60,24.70,27.30,10.40,OPEN_METEO_ERA5_LAND,brisbane
2020-01-17,27.60,21.90,24.20,31.10,25.10,27.20,13.90,OPEN_METEO_ERA5_LAND,brisbane
2020-01-18,28.40,20.40,23.40,34.00,21.90,27.10,58.80,OPEN_METEO_ERA5_LAND,brisbane
2020-01-19,29.10,20.50,24.70,34.40,23.70,28.70,18.90,OPEN_METEO_ERA5_LAND,brisbane
2020-01-20,32.20,23.60,26.90,38.70,27.60,31.20,7.50,OPEN_METEO_ERA5_LAND,brisbane
2020-01-21,32.90,23.70,27.70,40.40,28.30,32.90,2.20,OPEN_METEO_ERA5_LAND,brisbane
2020-01-22,33.30,23.30,27.50,40.00,27.50,32.30,0.00,OPEN_METEO_ERA5_LAND,brisbane
2020-01-23,30.30,24.80,26.90,35.00,29.30,31.10,2.40,OPEN_METEO_ERA5_LAND,brisbane
2020-01-24,32.10,24.40,27.60,39.70,28.70,32.20,1.40,OPEN_METEO_ERA5_LAND,brisbane
2020-01-25,29.60,24.00,26.40,35.10,28.80,30.70,7.90,OPEN_METEO_ERA5_LAND,brisbane
2020-01-26,27.90,22.80,25.30,32.20,26.50,28.80,2.30,OPEN_METEO_ERA5_LAND,brisbane
2020-01-27,29.30,22.10,25.20,32.30,26.40,28.50,0.70,OPEN_METEO_ERA5_LAND,brisbane
2020-01-28,29.80,22.40,25.70,34.00,26.20,29.40,2.30,OPEN_METEO_ERA5_LAND,brisbane
2020-01-29,32.00,21.90,26.60,38.00,25.70,30.90,0.00,OPEN_METEO_ERA5_LAND,brisbane
2020-01-30,30.30,23.20,26.30,34.60,28.20,30.40,0.10,OPEN_METEO_ERA5_LAND,brisbane
2020-01-31,30.00,22.80,25.80,33.80,26.70,29.30,1.40,OPEN_METEO_ERA5_LAND,brisbane
2020-02-01,30.20,22.30,25.90,34.90,26.20,29.50,1.70,OPEN_METEO_ERA5_LAND,brisbane
2020-02-02,33.00,20.80,26.30,37.20,24.20,29.50,0.00,OPEN_METEO_ERA5_LAND,brisbane
2020-02-03,33.80,21.70,27.50,38.90,25.60,31.50,0.50,OPEN_METEO_ERA5_LAND,brisbane
2020-02-04,26.40,20.90,23.50,30.70,22.50,26.40,11.90,OPEN_METEO_ERA5_LAND,brisbane
2020-02-05,24.50,20.20,21.40,25.00,21.50,23.20,16.50,OPEN_METEO_ERA5_LAND,brisbane
2020-02-06,24.20,20.20,22.00,28.10,22.30,25.20,44.30,OPEN_METEO_ERA5_LAND,brisbane
2020-02-07,24.70,19.60,22.30,28.00,21.40,25.60,37.40,OPEN_METEO_ERA5_LAND,brisbane
2020-02-08,27.40,21.90,23.50,32.10,25.70,27.50,38.50,OPEN_METEO_ERA5_LAND,brisbane
2020-02-09,28.00,21.40,23.80,33.20,24.60,27.80,23.80,OPEN_METEO_ERA5_LAND,brisbane
2020-02-10,28.00,20.90,24.20,32.20,24.20,28.20,12.30,OPEN_METEO_ERA5_LAND,brisbane
2020-02-11,27.70,22.90,24.30,32.70,27.10,28.60,18.90,OPEN_METEO_ERA5_LAND,brisbane
2020-02-12,24.70,22.20,23.00,28.10,26.10,27.10,52.50,OPEN_METEO_ERA5_LAND,brisbane
2020-02-13,25.40,21.80,23.10,29.10,25.20,27.20,27.10,OPEN_METEO_ERA5_LAND,brisbane
2020-02-14,29.20,21.20,24.60,34.80,24.40,28.60,3.70,OPEN_METEO_ERA5_LAND,brisbane
2020-02-15,29.90,21.90,25.80,36.40,25.90,30.30,8.10,OPEN_METEO_ERA5_LAND,brisbane
2020-02-16,30.80,22.80,26.20,37.20,27.30,31.10,1.10,OPEN_METEO_ERA5_LAND,brisbane
2020-02-17,30.50,23.00,26.10,36.40,26.90,30.60,0.20,OPEN_METEO_ERA5_LAND,brisbane
2020-02-18,30.70,21.90,25.90,36.10,25.70,30.40,0.20,OPEN_METEO_ERA5_LAND,brisbane
2020-02-19,32.40,23.30,27.20,38.30,27.80,32.00,0.50,OPEN_METEO_ERA5_LAND,brisbane
2020-02-20,31.60,21.90,26.10,38.30,21.10,29.20,0.00,OPEN_METEO_ERA5_LAND,brisbane
2020-02-21,28.10,21.30,24.40,31.40,24.30,27.30,1.10,OPEN_METEO_ERA5_LAND,brisbane
2020-02-22,27.40,21.90,24.30,29.50,24.60,25.80,1.00,OPEN_METEO_ERA5_LAND,brisbane
2020-02-23,24.90,20.50,22.80,26.30,22.80,24.40,3.10,OPEN_METEO_ERA5_LAND,brisbane
2020-02-24,26.40,19.90,22.60,28.70,21.90,25.20,5.80,OPEN_METEO_ERA5_LAND,brisbane
2020-02-25,27.00,20.70,23.20,28.90,22.70,26.00,7.10,OPEN_METEO_ERA5_LAND,brisbane
2020-02-26,28.50,20.60,24.50,35.60,23.70,29.00,3.00,OPEN_METEO_ERA5_LAND,brisbane
2020-02-27,26.30,21.90,23.80,31.50,25.30,28.10,22.50,OPEN_METEO_ERA5_LAND,brisbane
2020-02-28,30.80,20.50,24.70,36.90,23.80,28.90,1.70,OPEN_METEO_ERA5_LAND,brisbane
2020-02-29,28.50,20.90,24.50,32.70,24.10,27.60,0.70,OPEN_METEO_ERA5_LAND,brisbane
2020-03-01,29.40,19.80,24.30,33.80,22.30,27.50,0.00,OPEN_METEO_ERA5_LAND,brisbane
2020-03-02,31.90,19.60,25.10,38.10,22.30,28.90,0.00,OPEN_METEO_ERA5_LAND,brisbane
2020-03-03,31.50,19.70,25.30,36.10,22.50,29.00,0.00,OPEN_METEO_ERA5_LAND,brisbane
2020-03-04,28.40,22.70,24.90,30.30,26.10,28.00,2.30,OPEN_METEO_ERA5_LAND,brisbane
2020-03-05,28.60,22.90,25.50,30.90,25.50,28.10,3.00,OPEN_METEO_ERA5_LAND,brisbane
2020-03-06,28.90,23.10,25.30,34.80,27.10,29.50,8.80,OPEN_METEO_ERA5_LAND,brisbane
2020-03-07,29.40,22.50,24.90,33.20,24.40,28.20,6.90,OPEN_METEO_ERA5_LAND,brisbane
2020-03-08,26.80,21.30,23.60,27.60,22.40,24.60,0.10,OPEN_METEO_ERA5_LAND,brisbane
2020-03-09,22.50,19.50,21.10,25.30,20.50,22.90,27.10,OPEN_METEO_ERA5_LAND,brisbane
2020-03-10,23.40,18.50,20.50,25.60,19.40,22.00,11.00,OPEN_METEO_ERA5_LAND,brisbane
2020-03-11,25.90,17.50,21.20,24.60,17.50,21.10,0.00,OPEN_METEO_ERA5_LAND,brisbane
2020-03-12,24.30,17.20,19.90,24.70,17.00,20.40,8.00,OPEN_METEO_ERA5_LAND,brisbane
2020-03-13,24.90,16.40,20.60,24.60,16.30,20.80,0.40,OPEN_METEO_ERA5_LAND,brisbane
2020-03-14,26.60,16.00,21.10,27.10,16.00,21.30,0.10,OPEN_METEO_ERA5_LAND,brisbane
2020-03-15,26.20,17.50,21.10,25.60,17.10,20.50,0.70,OPEN_METEO_ERA5_LAND,brisbane
2020-03-16,25.90,16.50,20.70,25.40,16.10,20.40,0.20,OPEN_METEO_ERA5_LAND,brisbane
2020-03-17,26.30,16.40,20.60,26.30,15.70,20.40,0.00,OPEN_METEO_ERA5_LAND,brisbane
2020-03-18,26.90,15.50,20.60,28.40,15.40,21.00,0.00,OPEN_METEO_ERA5_LAND,brisbane
2020-03-19,26.50,15.60,21.20,29.60,15.90,22.60,0.00,OPEN_METEO_ERA5_LAND,brisbane
2020-03-20,28.10,16.60,21.80,31.00,17.40,23.60,0.00,OPEN_METEO_ERA5_LAND,brisbane
2020-03-21,31.90,16.50,23.50,36.30,18.20,26.20,0.00,OPEN_METEO_ERA5_LAND,brisbane
2020-03-22,30.70,20.40,24.40,36.00,22.90,27.80,0.20,OPEN_METEO_ERA5_LAND,brisbane
2020-03-23,27.50,20.00,23.30,28.90,22.70,25.20,1.10,OPEN_METEO_ERA5_LAND,brisbane
2020-03-24,25.90,19.40,22.20,26.40,20.90,23.60,0.70,OPEN_METEO_ERA5_LAND,brisbane
2020-03-25,26.30,18.20,21.70,27.70,19.90,23.10,0.50,OPEN_METEO_ERA5_LAND,brisbane
2020-03-26,27.10,16.50,21.70,28.00,17.20,23.20,0.20,OPEN_METEO_ERA5_LAND,brisbane
2020-03-27,24.00,18.20,20.30,24.80,19.40,21.50,11.60,OPEN_METEO_ERA5_LAND,brisbane
2020-03-28,26.10,16.60,20.30,29.00,17.30,22.00,10.00,OPEN_METEO_ERA5_LAND,brisbane
2020-03-29,26.60,18.60,21.40,31.20,20.60,24.20,8.30,OPEN_METEO_ERA5_LAND,brisbane
2020-03-30,27.60,16.80,22.10,32.20,18.30,24.90,0.10,OPEN_METEO_ERA5_LAND,brisbane
2020-03-31,28.90,18.50,22.60,33.40,20.90,25.80,4.40,OPEN_METEO_ERA5_LAND,brisbane
2020-04-01,27.60,18.40,22.40,29.20,20.30,24.60,0.20,OPEN_METEO_ERA5_LAND,brisbane
2020-04-02,27.60,18.50,22.50,30.60,20.40,24.90,0.50,OPEN_METEO_ERA5_LAND,brisbane
2020-04-03,28.50,18.70,23.30,32.00,20.90,26.00,0.10,OPEN_METEO_ERA5_LAND,brisbane
2020-04-04,29.20,20.80,24.20,30.50,23.00,26.80,0.20,OPEN_METEO_ERA5_LAND,brisbane
2020-04-05,28.10,17.40,21.90,29.40,17.30,23.10,0.00,OPEN_METEO_ERA5_LAND,brisbane
2020-04-06,27.00,15.60,20.80,29.00,15.20,21.70,0.20,OPEN_METEO_ERA5_LAND,brisbane
2020-04-07,27.00,16.20,21.20,28.00,16.90,22.00,0.10,OPEN_METEO_ERA5_LAND,brisbane
2020-04-08,24.90,17.30,20.80,24.90,18.20,21.50,0.00,OPEN_METEO_ERA5_LAND,brisbane
2020-04-09,25.30,17.30,20.90,24.50,17.60,21.50,0.60,OPEN_METEO_ERA5_LAND,brisbane
2020-04-10,25.70,17.80,21.20,27.20,19.30,23.10,4.80,OPEN_METEO_ERA5_LAND,brisbane
2020-04-11,30.70,18.80,23.70,30.60,18.40,24.10,0.00,OPEN_METEO_ERA5_LAND,brisbane
2020-04-12,26.50,16.30,20.70,27.10,14.90,19.70,0.00,OPEN_METEO_ERA5_LAND,brisbane
2020-04-13,25.80,13.50,19.50,26.50,13.00,19.60,0.00,OPEN_METEO_ERA5_LAND,brisbane
2020-04-14,26.40,14.20,20.30,27.00,14.20,21.00,0.00,OPEN_METEO_ERA5_LAND,brisbane
2020-04-15,25.60,15.20,20.20,26.10,15.50,21.00,0.30,OPEN_METEO_ERA5_LAND,brisbane
2020-04-16,28.10,14.60,20.90,29.80,14.70,21.80,0.00,OPEN_METEO_ERA5_LAND,brisbane
2020-04-17,32.80,16.70,23.80,33.70,18.20,25.60,0.00,OPEN_METEO_ERA5_LAND,brisbane
2020-04-18,27.30,16.50,21.50,27.50,17.30,21.60,1.60,OPEN_METEO_ERA5_LAND,brisbane
2020-04-19,24.70,15.50,19.50,25.90,15.90,20.30,1.40,OPEN_METEO_ERA5_LAND,brisbane
2020-04-20,28.10,13.00,19.70,25.80,10.40,18.30,0.00,OPEN_METEO_ERA5_LAND,brisbane
2020-04-21,27.50,14.50,20.40,28.90,12.50,20.40,0.00,OPEN_METEO_ERA5_LAND,brisbane
2020-04-22,31.10,16.70,22.40,31.20,17.70,23.60,0.00,OPEN_METEO_ERA5_LAND,brisbane
2020-04-23,26.30,15.90,20.60,27.40,16.20,21.50,0.00,OPEN_METEO_ERA5_LAND,brisbane
2020-04-24,28.20,15.40,20.80,29.20,15.90,22.10,0.00,OPEN_METEO_ERA5_LAND,brisbane
2020-04-25,27.00,15.80,20.50,27.50,16.60,21.50,0.00,OPEN_METEO_ERA5_LAND,brisbane
2020-04-26,27.30,14.80,20.50,28.40,15.10,21.40,0.00,OPEN_METEO_ERA5_LAND,brisbane
2020-04-27,27.80,15.20,20.70,29.40,15.70,21.90,0.20,OPEN_METEO_ERA5_LAND,brisbane
2020-04-28,25.00,17.40,20.80,26.20,18.70,22.10,1.10,OPEN_METEO_ERA5_LAND,brisbane
2020-04-29,26.00,16.30,20.80,26.20,17.60,22.10,0.80,OPEN_METEO_ERA5_LAND,brisbane
2020-04-30,28.30,15.90,21.20,29.30,14.30,22.10,0.60,OPEN_METEO_ERA5_LAND,brisbane
2020-05-01,22.40,13.60,17.60,18.70,9.70,13.80,0.00,OPEN_METEO_ERA5_LAND,brisbane
2020-05-02,22.20,11.00,16.30,18.30,6.90,12.30,0.00,OPEN_METEO_ERA5_LAND,brisbane
2020-05-03,24.20,12.80,17.80,20.90,10.30,14.60,0.00,OPEN_METEO_ERA5_LAND,brisbane
2020-05-04,25.20,11.70,17.10,23.80,8.80,15.10,0.00,OPEN_METEO_ERA5_LAND,brisbane
2020-05-05,24.20,12.00,17.10,23.30,10.70,15.80,0.20,OPEN_METEO_ERA5_LAND,brisbane
2020-05-06,22.40,14.10,17.80,21.90,13.50,17.30,0.40,OPEN_METEO_ERA5_LAND,brisbane
2020-05-07,24.10,13.30,18.30,23.90,12.70,18.50,1.00,OPEN_METEO_ERA5_LAND,brisbane
2020-05-08,25.00,13.10,18.80,25.50,13.20,19.50,0.00,OPEN_METEO_ERA5_LAND,brisbane
2020-05-09,24.90,13.70,19.50,24.50,14.20,19.90,0.10,OPEN_METEO_ERA5_LAND,brisbane
2020-05-10,26.60,14.40,20.10,25.90,14.50,20.20,0.00,OPEN_METEO_ERA5_LAND,brisbane
2020-05-11,23.60,13.10,17.70,21.70,11.70,15.80,0.60,OPEN_METEO_ERA5_LAND,brisbane
2020-05-12,22.50,11.70,16.30,20.70,9.40,14.90,0.00,OPEN_METEO_ERA5_LAND,brisbane
2020-05-13,22.50,12.60,17.20,22.20,11.80,17.20,0.50,OPEN_METEO_ERA5_LAND,brisbane
2020-05-14,23.80,13.70,18.10,23.20,13.90,18.30,0.10,OPEN_METEO_ERA5_LAND,brisbane
2020-05-15,24.20,12.00,17.30,22.30,10.30,16.00,0.00,OPEN_METEO_ERA5_LAND,brisbane
2020-05-16,22.80,13.40,17.40,20.30,12.10,16.10,0.10,OPEN_METEO_ERA5_LAND,brisbane
2020-05-17,23.00,13.60,17.70,21.10,13.10,16.80,0.40,OPEN_METEO_ERA5_LAND,brisbane
2020-05-18,23.80,14.90,18.10,20.70,14.80,17.10,1.90,OPEN_METEO_ERA5_LAND,brisbane
2020-05-19,22.00,13.40,17.50,21.20,12.70,17.20,1.10,OPEN_METEO_ERA5_LAND,brisbane
2020-05-20,21.30,15.00,17.30,22.60,15.20,18.40,4.90,OPEN_METEO_ERA5_LAND,brisbane
2020-05-21,19.50,15.00,17.60,21.80,15.90,18.90,5.90,OPEN_METEO_ERA5_LAND,brisbane
2020-05-22,18.00,11.90,14.90,16.30,7.20,11.10,0.00,OPEN_METEO_ERA5_LAND,brisbane
2020-05-23,15.00,10.80,12.60,11.50,6.20,8.60,0.00,OPEN_METEO_ERA5_LAND,brisbane
2020-05-24,21.00,9.60,14.00,18.50,5.30,10.50,0.00,OPEN_METEO_ERA5_LAND,brisbane
2020-05-25,23.00,11.80,16.40,22.00,9.50,14.80,0.00,OPEN_METEO_ERA5_LAND,brisbane
2020-05-26,23.10,12.20,16.40,22.50,9.10,14.60,0.00,OPEN_METEO_ERA5_LAND,brisbane
2020-05-27,23.80,12.70,17.30,23.80,11.40,16.70,0.00,OPEN_METEO_ERA5_LAND,brisbane
2020-05-28,23.80,13.30,17.50,24.40,13.00,18.00,0.00,OPEN_METEO_ERA5_LAND,brisbane
2020-05-29,22.80,13.80,17.60,21.50,13.00,17.40,0.30,OPEN_METEO_ERA5_LAND,brisbane
2020-05-30,23.10,12.60,16.80,22.00,11.70,16.10,0.00,OPEN_METEO_ERA5_LAND,brisbane
2020-05-31,20.50,13.10,16.30,21.30,12.80,16.70,0.20,OPEN_METEO_ERA5_LAND,brisbane
2020-06-01,23.70,13.60,17.70,23.20,14.10,18.10,0.10,OPEN_METEO_ERA5_LAND,brisbane
2020-06-02,19.00,12.50,15.50,16.90,7.30,11.20,0.00,OPEN_METEO_ERA5_LAND,brisbane
2020-06-03,21.10,8.80,14.10,18.80,5.10,11.10,0.00,OPEN_METEO_ERA5_LAND,brisbane
2020-06-04,21.40,9.90,14.70,18.70,7.00,12.50,0.00,OPEN_METEO_ERA5_LAND,brisbane
2020-06-05,22.20,11.30,15.50,20.50,9.10,14.10,0.00,OPEN_METEO_ERA5_LAND,brisbane
2020-06-06,22.40,9.80,15.20,21.60,8.10,14.50,0.00,OPEN_METEO_ERA5_LAND,brisbane
2020-06-07,20.90,10.30,14.90,20.80,9.20,14.70,0.60,OPEN_METEO_ERA5_LAND,brisbane
2020-06-08,21.40,10.90,15.20,19.90,9.80,14.40,0.30,OPEN_METEO_ERA5_LAND,brisbane
2020-06-09,21.90,10.00,15.50,19.10,8.20,13.80,0.00,OPEN_METEO_ERA5_LAND,brisbane
2020-06-10,21.90,14.50,17.20,22.00,13.90,17.60,5.10,OPEN_METEO_ERA5_LAND,brisbane
2020-06-11,22.40,14.10,17.10,24.40,14.50,18.30,3.10,OPEN_METEO_ERA5_LAND,brisbane
2020-06-12,23.90,12.30,17.00,24.20,12.00,17.40,0.00,OPEN_METEO_ERA5_LAND,brisbane
2020-06-13,22.40,12.90,17.60,23.40,12.90,18.40,1.90,OPEN_METEO_ERA5_LAND,brisbane
2020-06-14,23.60,17.90,19.60,25.50,19.30,21.30,12.30,OPEN_METEO_ERA5_LAND,brisbane
2020-06-15,23.50,14.10,18.30,24.70,13.40,18.90,0.00,OPEN_METEO_ERA5_LAND,brisbane
2020-06-16,21.70,14.00,17.30,21.60,13.80,17.60,1.00,OPEN_METEO_ERA5_LAND,brisbane
2020-06-17,22.20,12.50,16.90,20.80,12.00,16.40,0.00,OPEN_METEO_ERA5_LAND,brisbane
2020-06-18,21.60,13.20,16.50,19.90,12.30,15.90,1.90,OPEN_METEO_ERA5_LAND,brisbane
2020-06-19,19.60,11.70,15.40,18.40,10.50,14.60,0.40,OPEN_METEO_ERA5_LAND,brisbane
2020-06-20,18.10,11.70,14.70,18.40,11.10,14.60,0.70,OPEN_METEO_ERA5_LAND,brisbane
2020-06-21,20.90,11.60,15.60,21.40,11.20,15.80,0.40,OPEN_METEO_ERA5_LAND,brisbane
2020-06-22,19.50,10.10,14.90,15.50,7.90,12.40,0.00,OPEN_METEO_ERA5_LAND,brisbane
2020-06-23,18.20,9.00,12.90,13.80,6.20,9.50,0.00,OPEN_METEO_ERA5_LAND,brisbane
2020-06-24,19.40,9.00,13.20,16.20,5.20,9.90,0.00,OPEN_METEO_ERA5_LAND,brisbane
2020-06-25,20.30,8.30,13.30,18.70,5.30,11.10,0.00,OPEN_METEO_ERA5_LAND,brisbane
2020-06-26,20.70,9.00,13.90,20.30,6.40,12.40,0.00,OPEN_METEO_ERA5_LAND,brisbane
2020-06-27,22.00,9.60,14.50,20.70,7.80,13.20,0.00,OPEN_METEO_ERA5_LAND,brisbane
2020-06-28,16.40,12.10,13.90,16.40,11.50,13.60,3.30,OPEN_METEO_ERA5_LAND,brisbane
2020-06-29,20.70,9.80,14.40,19.50,8.20,13.20,0.00,OPEN_METEO_ERA5_LAND,brisbane
2020-06-30,19.50,9.60,13.80,18.70,8.00,13.00,1.10,OPEN_METEO_ERA5_LAND,brisbane
2020-07-01,19.80,9.60,14.10,19.80,8.10,13.60,0.10,OPEN_METEO_ERA5_LAND,brisbane
2020-07-02,22.20,9.30,14.70,21.70,8.00,14.40,0.00,OPEN_METEO_ERA5_LAND,brisbane
2020-07-03,23.50,10.10,16.10,22.50,9.10,15.70,0.00,OPEN_METEO_ERA5_LAND,brisbane
2020-07-04,19.40,10.80,14.70,14.90,6.30,10.70,0.00,OPEN_METEO_ERA5_LAND,brisbane
2020-07-05,20.00,6.90,12.30,17.20,3.30,9.40,0.00,OPEN_METEO_ERA5_LAND,brisbane
2020-07-06,20.70,7.60,13.10,19.80,4.70,11.30,0.00,OPEN_METEO_ERA5_LAND,brisbane
2020-07-07,21.60,7.80,13.80,20.70,5.40,12.30,0.00,OPEN_METEO_ERA5_LAND,brisbane
2020-07-08,22.50,9.70,15.00,21.10,7.70,13.60,0.20,OPEN_METEO_ERA5_LAND,brisbane
2020-07-09,17.00,13.60,14.80,17.20,13.10,14.70,8.60,OPEN_METEO_ERA5_LAND,brisbane
2020-07-10,21.60,13.20,16.20,20.20,13.30,16.10,0.40,OPEN_METEO_ERA5_LAND,brisbane
2020-07-11,21.70,11.70,16.40,21.60,11.50,16.60,1.30,OPEN_METEO_ERA5_LAND,brisbane
2020-07-12,21.90,11.80,16.10,21.40,11.50,16.20,2.30,OPEN_METEO_ERA5_LAND,brisbane
2020-07-13,19.80,11.60,14.80,16.80,8.00,12.50,0.00,OPEN_METEO_ERA5_LAND,brisbane
2020-07-14,17.20,9.10,12.60,11.90,4.50,8.10,0.00,OPEN_METEO_ERA5_LAND,brisbane
2020-07-15,20.90,9.40,14.20,17.60,5.90,10.70,0.00,OPEN_METEO_ERA5_LAND,brisbane
2020-07-16,20.50,9.40,14.10,16.90,5.80,10.40,0.00,OPEN_METEO_ERA5_LAND,brisbane
2020-07-17,22.40,8.80,14.20,20.70,5.60,12.10,0.00,OPEN_METEO_ERA5_LAND,brisbane
2020-07-18,22.40,10.30,15.20,20.90,8.40,13.90,0.00,OPEN_METEO_ERA5_LAND,brisbane
2020-07-19,23.70,9.80,15.30,22.20,8.00,14.20,0.00,OPEN_METEO_ERA5_LAND,brisbane
2020-07-20,24.30,9.40,15.70,21.50,7.20,14.00,0.00,OPEN_METEO_ERA5_LAND,brisbane
2020-07-21,21.00,11.50,15.30,18.10,10.00,13.30,0.00,OPEN_METEO_ERA5_LAND,brisbane
2020-07-22,18.30,11.70,14.60,16.90,9.70,13.20,0.30,OPEN_METEO_ERA5_LAND,brisbane
2020-07-23,18.30,12.10,14.50,18.20,11.00,13.90,4.30,OPEN_METEO_ERA5_LAND,brisbane
2020-07-24,16.80,13.40,14.90,16.60,12.90,14.60,10.50,OPEN_METEO_ERA5_LAND,brisbane
2020-07-25,18.80,14.10,15.90,19.90,14.20,16.40,11.60,OPEN_METEO_ERA5_LAND,brisbane
2020-07-26,21.50,14.20,17.00,19.80,11.90,16.70,9.30,OPEN_METEO_ERA5_LAND,brisbane
2020-07-27,18.10,12.00,14.60,14.40,8.80,11.60,0.00,OPEN_METEO_ERA5_LAND,brisbane
2020-07-28,20.70,11.10,14.90,18.20,8.70,12.50,0.00,OPEN_METEO_ERA5_LAND,brisbane
2020-07-29,21.40,9.60,14.60,20.50,7.10,13.10,0.00,OPEN_METEO_ERA5_LAND,brisbane
2020-07-30,22.40,11.00,15.60,22.30,8.90,14.30,0.00,OPEN_METEO_ERA5_LAND,brisbane
2020-07-31,21.60,10.50,15.10,19.90,8.30,13.50,0.00,OPEN_METEO_ERA5_LAND,brisbane
2020-08-01,21.20,11.00,15.00,19.80,9.50,13.90,0.00,OPEN_METEO_ERA5_LAND,brisbane
2020-08-02,21.50,9.50,15.10,21.70,7.90,14.40,0.00,OPEN_METEO_ERA5_LAND,brisbane
2020-08-03,20.70,10.50,15.10,20.20,9.30,14.60,0.00,OPEN_METEO_ERA5_LAND,brisbane
2020-08-04,22.40,11.10,15.70,21.10,10.30,14.80,0.00,OPEN_METEO_ERA5_LAND,brisbane
2020-08-05,25.00,7.90,15.60,24.10,6.50,14.80,0.00,OPEN_METEO_ERA5_LAND,brisbane
2020-08-06,23.80,9.30,15.80,23.50,6.60,14.50,0.00,OPEN_METEO_ERA5_LAND,brisbane
2020-08-07,21.60,13.80,16.80,20.90,14.30,17.10,18.90,OPEN_METEO_ERA5_LAND,brisbane
2020-08-08,22.60,12.70,16.70,22.40,10.70,15.90,0.20,OPEN_METEO_ERA5_LAND,brisbane
2020-08-09,17.70,9.60,13.20,14.10,6.60,9.90,0.00,OPEN_METEO_ERA5_LAND,brisbane
2020-08-10,17.90,9.90,13.20,13.30,7.20,9.50,0.00,OPEN_METEO_ERA5_LAND,brisbane
2020-08-11,21.50,10.10,14.90,20.90,7.40,13.30,0.00,OPEN_METEO_ERA5_LAND,brisbane
2020-08-12,20.50,10.60,15.40,20.40,9.80,15.10,0.20,OPEN_METEO_ERA5_LAND,brisbane
2020-08-13,25.30,10.10,17.10,26.70,9.90,17.50,0.00,OPEN_METEO_ERA5_LAND,brisbane
2020-08-14,23.20,12.30,17.70,23.90,12.00,18.10,0.00,OPEN_METEO_ERA5_LAND,brisbane
2020-08-15,24.20,15.00,18.00,23.40,13.10,17.90,7.60,OPEN_METEO_ERA5_LAND,brisbane
2020-08-16,21.60,12.00,15.90,18.10,9.80,13.30,0.00,OPEN_METEO_ERA5_LAND,brisbane
2020-08-17,21.20,11.30,15.20,18.00,8.40,12.30,0.00,OPEN_METEO_ERA5_LAND,brisbane
2020-08-18,23.60,9.40,15.70,22.40,7.20,14.10,0.00,OPEN_METEO_ERA5_LAND,brisbane
2020-08-19,25.30,11.90,18.20,21.30,11.00,15.70,0.00,OPEN_METEO_ERA5_LAND,brisbane
2020-08-20,21.50,13.70,17.00,16.90,9.00,12.70,0.00,OPEN_METEO_ERA5_LAND,brisbane
2020-08-21,21.70,9.70,15.50,17.60,7.30,12.40,0.00,OPEN_METEO_ERA5_LAND,brisbane
2020-08-22,21.70,12.20,16.10,16.50,9.00,11.80,0.00,OPEN_METEO_ERA5_LAND,brisbane
2020-08-23,19.60,9.70,14.20,14.40,5.00,9.30,0.00,OPEN_METEO_ERA5_LAND,brisbane
2020-08-24,22.10,9.00,14.00,19.50,5.10,10.80,0.00,OPEN_METEO_ERA5_LAND,brisbane
2020-08-25,22.00,7.40,13.80,21.60,4.20,11.40,0.00,OPEN_METEO_ERA5_LAND,brisbane
2020-08-26,19.20,7.20,13.50,17.90,4.00,11.40,1.00,OPEN_METEO_ERA5_LAND,brisbane
2020-08-27,21.10,8.20,14.40,19.80,6.20,13.00,0.00,OPEN_METEO_ERA5_LAND,brisbane
2020-08-28,26.20,8.80,16.40,23.10,7.20,14.80,0.00,OPEN_METEO_ERA5_LAND,brisbane
2020-08-29,22.40,11.50,16.20,20.10,10.00,14.70,0.00,OPEN_METEO_ERA5_LAND,brisbane
2020-08-30,21.90,11.40,16.20,20.50,10.70,15.40,0.40,OPEN_METEO_ERA5_LAND,brisbane
2020-08-31,26.60,9.80,17.30,25.90,8.70,16.50,0.00,OPEN_METEO_ERA5_LAND,brisbane
2020-09-01,24.20,11.00,16.90,24.90,8.90,16.40,0.10,OPEN_METEO_ERA5_LAND,brisbane
2020-09-02,23.70,12.90,17.90,22.70,12.60,17.80,0.90,OPEN_METEO_ERA5_LAND,brisbane
2020-09-03,24.70,14.20,18.80,24.50,14.10,18.70,1.00,OPEN_METEO_ERA5_LAND,brisbane
2020-09-04,24.20,14.90,19.40,23.20,15.10,19.00,0.10,OPEN_METEO_ERA5_LAND,brisbane
2020-09-05,25.70,13.90,19.40,25.60,13.80,19.10,0.00,OPEN_METEO_ERA5_LAND,brisbane
2020-09-06,22.60,15.10,18.40,23.20,15.90,18.30,3.20,OPEN_METEO_ERA5_LAND,brisbane
2020-09-07,23.40,15.60,18.60,21.70,15.10,17.50,3.10,OPEN_METEO_ERA5_LAND,brisbane
2020-09-08,22.90,12.60,17.40,21.20,11.60,16.50,0.10,OPEN_METEO_ERA5_LAND,brisbane
2020-09-09,22.90,11.10,17.00,23.00,10.00,16.60,0.00,OPEN_METEO_ERA5_LAND,brisbane
2020-09-10,20.10,11.80,15.50,19.50,11.00,14.70,6.30,OPEN_METEO_ERA5_LAND,brisbane
2020-09-11,21.40,13.50,16.80,17.80,12.00,14.90,1.10,OPEN_METEO_ERA5_LAND,brisbane
2020-09-12,21.70,12.00,16.50,20.10,10.40,15.00,0.00,OPEN_METEO_ERA5_LAND,brisbane
2020-09-13,21.50,12.40,17.10,21.90,12.20,17.20,1.70,OPEN_METEO_ERA5_LAND,brisbane
2020-09-14,26.10,12.00,18.30,28.10,11.10,19.00,0.00,OPEN_METEO_ERA5_LAND,brisbane
2020-09-15,24.30,13.40,18.30,24.00,13.50,18.50,0.00,OPEN_METEO_ERA5_LAND,brisbane
2020-09-16,23.40,13.30,18.00,23.10,13.20,18.10,0.20,OPEN_METEO_ERA5_LAND,brisbane
2020-09-17,25.60,13.00,18.70,27.30,12.50,19.40,0.00,OPEN_METEO_ERA5_LAND,brisbane
2020-09-18,24.50,14.60,18.90,24.50,15.20,19.30,2.30,OPEN_METEO_ERA5_LAND,brisbane
2020-09-19,24.00,15.50,19.30,23.30,16.10,19.20,0.10,OPEN_METEO_ERA5_LAND,brisbane
2020-09-20,25.90,15.80,20.30,28.30,16.60,21.70,0.40,OPEN_METEO_ERA5_LAND,brisbane
2020-09-21,28.80,15.80,21.50,30.50,17.20,22.70,0.00,OPEN_METEO_ERA5_LAND,brisbane
2020-09-22,30.10,18.60,22.90,31.10,20.30,24.50,0.00,OPEN_METEO_ERA5_LAND,brisbane
2020-09-23,28.50,20.60,23.40,27.30,17.60,23.20,0.00,OPEN_METEO_ERA5_LAND,brisbane
2020-09-24,28.90,16.30,21.40,27.90,14.50,19.40,0.00,OPEN_METEO_ERA5_LAND,brisbane
2020-09-25,27.10,10.70,20.00,28.50,9.30,19.90,1.30,OPEN_METEO_ERA5_LAND,brisbane
2020-09-26,23.70,14.30,18.80,20.70,9.30,14.30,0.00,OPEN_METEO_ERA5_LAND,brisbane
2020-09-27,24.70,10.60,16.70,23.50,6.60,13.90,0.00,OPEN_METEO_ERA5_LAND,brisbane
2020-09-28,23.00,10.90,16.40,22.60,8.90,14.90,0.10,OPEN_METEO_ERA5_LAND,brisbane
2020-09-29,22.80,11.50,16.80,20.80,10.00,15.00,0.20,OPEN_METEO_ERA5_LAND,brisbane
2020-09-30,23.30,11.90,17.50,21.80,10.50,16.50,0.00,OPEN_METEO_ERA5_LAND,brisbane
2020-10-01,27.50,13.50,19.90,28.40,12.60,19.40,0.90,OPEN_METEO_ERA5_LAND,brisbane
2020-10-02,29.10,13.80,20.60,30.30,14.00,21.30,0.00,OPEN_METEO_ERA5_LAND,brisbane
2020-10-03,25.90,15.50,20.20,25.20,16.00,20.10,0.00,OPEN_METEO_ERA5_LAND,brisbane
2020-10-04,25.60,16.80,20.70,25.40,16.60,20.10,0.00,OPEN_METEO_ERA5_LAND,brisbane
2020-10-05,26.60,17.50,21.20,26.90,17.20,21.10,0.00,OPEN_METEO_ERA5_LAND,brisbane
2020-10-06,25.50,14.70,20.00,25.20,15.30,20.20,0.60,OPEN_METEO_ERA5_LAND,brisbane
2020-10-07,24.80,14.00,19.60,24.00,14.00,19.40,0.00,OPEN_METEO_ERA5_LAND,brisbane
2020-10-08,26.80,13.90,20.30,27.60,13.80,19.80,0.00,OPEN_METEO_ERA5_LAND,brisbane
2020-10-09,31.00,14.90,22.10,33.50,15.30,22.80,0.00,OPEN_METEO_ERA5_LAND,brisbane
2020-10-10,28.00,14.30,20.90,28.40,13.40,20.60,0.00,OPEN_METEO_ERA5_LAND,brisbane
2020-10-11,26.10,14.90,20.50,26.20,15.10,20.60,0.00,OPEN_METEO_ERA5_LAND,brisbane
2020-10-12,25.40,17.60,20.80,24.80,18.20,20.90,0.00,OPEN_METEO_ERA5_LAND,brisbane
2020-10-13,26.20,14.90,20.30,25.50,14.60,19.50,0.00,OPEN_METEO_ERA5_LAND,brisbane
2020-10-14,23.10,15.00,18.80,22.00,14.10,17.90,2.40,OPEN_METEO_ERA5_LAND,brisbane
2020-10-15,25.30,14.40,19.80,25.20,13.30,19.20,0.30,OPEN_METEO_ERA5_LAND,brisbane
2020-10-16,28.50,13.40,20.60,30.70,13.10,21.20,0.00,OPEN_METEO_ERA5_LAND,brisbane
2020-10-17,27.80,15.50,21.00,28.60,17.00,21.40,0.00,OPEN_METEO_ERA5_LAND,brisbane
2020-10-18,29.60,15.80,21.90,31.60,16.20,22.20,0.10,OPEN_METEO_ERA5_LAND,brisbane
2020-10-19,29.10,17.00,21.80,26.70,18.10,21.50,1.20,OPEN_METEO_ERA5_LAND,brisbane
2020-10-20,26.50,16.10,20.70,26.30,16.00,20.30,0.00,OPEN_METEO_ERA5_LAND,brisbane
2020-10-21,26.20,14.70,20.30,27.20,14.20,20.40,0.90,OPEN_METEO_ERA5_LAND,brisbane
2020-10-22,23.60,17.80,20.30,25.60,19.40,21.80,26.00,OPEN_METEO_ERA5_LAND,brisbane
2020-10-23,27.00,17.30,22.10,28.80,19.00,23.20,1.10,OPEN_METEO_ERA5_LAND,brisbane
2020-10-24,25.80,19.90,22.00,26.30,21.40,23.70,8.70,OPEN_METEO_ERA5_LAND,brisbane
2020-10-25,28.10,18.60,22.50,31.80,20.80,25.00,25.80,OPEN_METEO_ERA5_LAND,brisbane
2020-10-26,27.70,18.20,21.60,31.70,20.20,24.20,5.70,OPEN_METEO_ERA5_LAND,brisbane
2020-10-27,24.60,17.00,20.00,25.60,18.50,21.20,33.60,OPEN_METEO_ERA5_LAND,brisbane
2020-10-28,25.30,16.40,20.30,28.10,17.40,22.30,17.80,OPEN_METEO_ERA5_LAND,brisbane
2020-10-29,26.90,17.40,21.20,31.50,18.90,23.20,32.10,OPEN_METEO_ERA5_LAND,brisbane
2020-10-30,28.60,14.20,21.70,30.80,12.90,22.10,0.00,OPEN_METEO_ERA5_LAND,brisbane
2020-10-31,28.90,18.10,22.80,30.70,19.00,24.00,9.80,OPEN_METEO_ERA5_LAND,brisbane
2020-11-01,30.00,16.00,22.20,30.10,13.40,21.80,0.00,OPEN_METEO_ERA5_LAND,brisbane
2020-11-02,26.50,16.50,21.00,28.40,17.30,22.00,0.30,OPEN_METEO_ERA5_LAND,brisbane
2020-11-03,26.10,14.60,19.50,27.80,14.80,19.80,0.00,OPEN_METEO_ERA5_LAND,brisbane
2020-11-04,26.40,13.80,19.80,30.60,13.40,20.70,0.00,OPEN_METEO_ERA5_LAND,brisbane
2020-11-05,30.30,15.80,23.10,34.50,16.70,24.70,0.00,OPEN_METEO_ERA5_LAND,brisbane
2020-11-06,26.00,15.00,20.30,28.70,13.00,20.20,0.00,OPEN_METEO_ERA5_LAND,brisbane
2020-11-07,25.00,16.60,20.40,27.30,16.80,20.70,0.30,OPEN_METEO_ERA5_LAND,brisbane
2020-11-08,22.70,16.00,19.60,21.30,15.50,18.60,0.50,OPEN_METEO_ERA5_LAND,brisbane
2020-11-09,23.90,14.20,18.80,23.30,12.70,17.80,0.00,OPEN_METEO_ERA5_LAND,brisbane
2020-11-10,25.30,13.70,19.40,25.30,13.60,19.30,0.00,OPEN_METEO_ERA5_LAND,brisbane
2020-11-11,26.30,14.40,20.50,28.70,14.60,21.10,0.00,OPEN_METEO_ERA5_LAND,brisbane
2020-11-12,27.10,16.40,21.40,28.60,17.40,21.90,0.00,OPEN_METEO_ERA5_LAND,brisbane
2020-11-13,25.40,17.50,21.90,25.70,18.00,22.20,1.50,OPEN_METEO_ERA5_LAND,brisbane
2020-11-14,32.30,17.50,24.30,36.40,18.90,26.40,0.00,OPEN_METEO_ERA5_LAND,brisbane
2020-11-15,30.20,18.90,24.40,34.80,20.20,27.40,0.00,OPEN_METEO_ERA5_LAND,brisbane
2020-11-16,30.60,21.60,25.40,34.00,24.80,28.20,0.00,OPEN_METEO_ERA5_LAND,brisbane
2020-11-17,32.50,20.60,25.40,36.90,22.50,28.00,1.10,OPEN_METEO_ERA5_LAND,brisbane
2020-11-18,28.30,20.40,23.20,28.50,20.90,23.10,0.00,OPEN_METEO_ERA5_LAND,brisbane
2020-11-19,27.80,17.50,22.50,28.40,17.70,22.60,0.00,OPEN_METEO_ERA5_LAND,brisbane
2020-11-20,28.60,17.30,23.10,31.10,17.90,23.90,0.00,OPEN_METEO_ERA5_LAND,brisbane
2020-11-21,30.20,18.00,23.60,33.20,20.40,25.20,0.00,OPEN_METEO_ERA5_LAND,brisbane
2020-11-22,30.10,17.40,23.60,32.10,19.20,24.80,0.00,OPEN_METEO_ERA5_LAND,brisbane
2020-11-23,33.00,17.40,24.50,35.10,18.70,25.70,0.00,OPEN_METEO_ERA5_LAND,brisbane
2020-11-24,32.70,20.70,24.90,35.80,21.50,26.40,2.40,OPEN_METEO_ERA5_LAND,brisbane
2020-11-25,26.40,20.20,22.80,26.60,21.60,23.40,1.30,OPEN_METEO_ERA5_LAND,brisbane
2020-11-26,28.90,17.40,23.10,31.40,18.60,24.60,0.00,OPEN_METEO_ERA5_LAND,brisbane
2020-11-27,27.50,18.30,23.00,29.10,20.30,24.50,0.40,OPEN_METEO_ERA5_LAND,brisbane
2020-11-28,29.10,19.00,23.60,30.70,20.20,24.40,0.00,OPEN_METEO_ERA5_LAND,brisbane
2020-11-29,32.70,17.30,24.70,35.90,18.60,26.00,0.00,OPEN_METEO_ERA5_LAND,brisbane
2020-11-30,30.80,19.40,24.90,34.10,20.90,26.70,0.00,OPEN_METEO_ERA5_LAND,brisbane
2020-12-01,32.60,21.60,26.10,36.30,24.10,28.60,0.00,OPEN_METEO_ERA5_LAND,brisbane
2020-12-02,31.90,22.10,26.60,36.70,24.10,29.50,0.00,OPEN_METEO_ERA5_LAND,brisbane
2020-12-03,30.80,23.20,26.20,34.30,26.50,29.00,0.90,OPEN_METEO_ERA5_LAND,brisbane
2020-12-04,34.60,22.10,27.00,38.90,25.00,29.80,0.00,OPEN_METEO_ERA5_LAND,brisbane
2020-12-05,32.60,21.50,26.60,36.50,24.50,29.10,0.00,OPEN_METEO_ERA5_LAND,brisbane
2020-12-06,36.00,21.90,28.10,39.80,23.70,30.20,0.00,OPEN_METEO_ERA5_LAND,brisbane
2020-12-07,34.70,23.20,28.40,37.10,26.50,31.70,13.80,OPEN_METEO_ERA5_LAND,brisbane
2020-12-08,32.60,21.80,25.60,30.90,22.60,26.90,0.10,OPEN_METEO_ERA5_LAND,brisbane
2020-12-09,26.20,20.20,23.00,27.60,21.30,23.80,0.20,OPEN_METEO_ERA5_LAND,brisbane
2020-12-10,28.30,19.70,23.60,30.50,21.40,25.30,0.70,OPEN_METEO_ERA5_LAND,brisbane
2020-12-11,25.40,18.70,21.50,25.50,19.80,22.40,12.60,OPEN_METEO_ERA5_LAND,brisbane
2020-12-12,23.40,17.40,19.30,26.50,18.10,20.40,21.20,OPEN_METEO_ERA5_LAND,brisbane
2020-12-13,21.70,18.60,19.50,21.40,18.20,19.80,83.40,OPEN_METEO_ERA5_LAND,brisbane
2020-12-14,23.80,20.60,21.70,27.80,21.00,23.60,47.90,OPEN_METEO_ERA5_LAND,brisbane
2020-12-15,27.90,20.80,24.00,31.20,24.10,27.60,4.90,OPEN_METEO_ERA5_LAND,brisbane
2020-12-16,28.40,20.90,24.30,34.10,24.30,28.20,10.80,OPEN_METEO_ERA5_LAND,brisbane
2020-12-17,27.30,22.30,24.30,30.80,25.30,27.40,8.00,OPEN_METEO_ERA5_LAND,brisbane
2020-12-18,28.80,21.50,25.20,33.00,25.20,28.70,0.40,OPEN_METEO_ERA5_LAND,brisbane
2020-12-19,28.70,22.70,25.50,33.90,26.20,29.10,1.50,OPEN_METEO_ERA5_LAND,brisbane
2020-12-20,29.50,22.40,25.60,33.90,26.50,29.00,0.00,OPEN_METEO_ERA5_LAND,brisbane
2020-12-21,29.00,22.10,25.50,33.40,25.60,28.60,0.30,OPEN_METEO_ERA5_LAND,brisbane
2020-12-22,32.50,21.30,26.20,36.90,23.50,29.00,2.20,OPEN_METEO_ERA5_LAND,brisbane
2020-12-23,31.10,20.90,25.10,35.50,22.30,26.60,0.00,OPEN_METEO_ERA5_LAND,brisbane
2020-12-24,27.40,18.30,22.70,29.10,19.30,23.80,0.00,OPEN_METEO_ERA5_LAND,brisbane
2020-12-25,27.70,19.50,23.00,30.90,21.70,25.00,1.80,OPEN_METEO_ERA5_LAND,brisbane
2020-12-26,26.70,18.70,22.80,27.70,19.60,24.00,0.40,OPEN_METEO_ERA5_LAND,brisbane
2020-12-27,27.80,19.60,23.50,30.80,21.50,25.60,0.10,OPEN_METEO_ERA5_LAND,brisbane
2020-12-28,29.70,18.90,24.40,33.40,21.00,26.20,0.00,OPEN_METEO_ERA5_LAND,brisbane
2020-12-29,28.70,21.40,24.80,31.50,24.70,27.60,2.00,OPEN_METEO_ERA5_LAND,brisbane
2020-12-30,25.50,20.90,22.90,28.40,23.80,25.90,6.50,OPEN_METEO_ERA5_LAND,brisbane
2020-12-31,28.50,19.80,23.80,30.20,22.30,25.60,0.50,OPEN_METEO_ERA5_LAND,brisbane
2021-01-01,26.90,20.70,23.50,30.10,23.00,26.00,5.00,OPEN_METEO_ERA5_LAND,brisbane
2021-01-02,27.50,20.20,23.60,30.90,22.80,26.30,2.10,OPEN_METEO_ERA5_LAND,brisbane
2021-01-03,28.80,20.50,24.50,32.70,23.40,27.50,1.70,OPEN_METEO_ERA5_LAND,brisbane
2021-01-04,28.10,22.60,24.80,32.10,26.20,28.20,1.30,OPEN_METEO_ERA5_LAND,brisbane
2021-01-05,31.90,21.80,26.30,37.70,25.10,29.90,0.50,OPEN_METEO_ERA5_LAND,brisbane
2021-01-06,32.20,21.90,26.30,37.90,25.20,30.50,3.10,OPEN_METEO_ERA5_LAND,brisbane
2021-01-07,25.70,21.40,23.10,27.40,22.50,25.00,2.40,OPEN_METEO_ERA5_LAND,brisbane
2021-01-08,22.60,19.10,20.70,23.00,19.90,21.30,14.50,OPEN_METEO_ERA5_LAND,brisbane
2021-01-09,25.00,17.80,20.60,24.40,18.40,21.40,6.10,OPEN_METEO_ERA5_LAND,brisbane
2021-01-10,25.40,18.30,21.90,25.80,18.40,22.30,0.20,OPEN_METEO_ERA5_LAND,brisbane
2021-01-11,26.40,17.60,21.70,26.90,18.50,22.50,1.50,OPEN_METEO_ERA5_LAND,brisbane
2021-01-12,28.00,17.00,22.10,30.00,18.00,23.50,0.30,OPEN_METEO_ERA5_LAND,brisbane
2021-01-13,29.00,18.10,23.30,30.60,19.40,24.90,0.00,OPEN_METEO_ERA5_LAND,brisbane
2021-01-14,29.50,18.90,24.00,33.30,21.20,26.40,0.00,OPEN_METEO_ERA5_LAND,brisbane
2021-01-15,31.20,18.30,24.70,35.40,20.40,27.40,0.00,OPEN_METEO_ERA5_LAND,brisbane
2021-01-16,33.90,21.00,25.40,38.30,24.30,28.90,28.50,OPEN_METEO_ERA5_LAND,brisbane
2021-01-17,28.30,21.60,24.40,31.30,23.80,26.90,1.60,OPEN_METEO_ERA5_LAND,brisbane
2021-01-18,29.20,21.20,24.50,34.70,23.90,28.00,35.30,OPEN_METEO_ERA5_LAND,brisbane
2021-01-19,29.20,20.60,23.60,34.40,22.70,26.80,20.20,OPEN_METEO_ERA5_LAND,brisbane
2021-01-20,25.20,20.60,22.90,28.00,22.40,24.50,4.10,OPEN_METEO_ERA5_LAND,brisbane
2021-01-21,26.10,18.60,22.00,27.20,20.30,23.20,0.50,OPEN_METEO_ERA5_LAND,brisbane
2021-01-22,27.70,18.50,22.80,30.20,19.80,24.30,0.00,OPEN_METEO_ERA5_LAND,brisbane
2021-01-23,27.00,17.50,22.60,29.30,18.90,24.40,0.50,OPEN_METEO_ERA5_LAND,brisbane
2021-01-24,29.00,19.30,23.20,32.00,20.70,25.20,0.50,OPEN_METEO_ERA5_LAND,brisbane
2021-01-25,26.40,19.90,23.10,29.60,22.50,25.70,2.20,OPEN_METEO_ERA5_LAND,brisbane
2021-01-26,29.20,17.90,23.50,32.90,19.90,26.30,0.00,OPEN_METEO_ERA5_LAND,brisbane
2021-01-27,29.30,20.50,24.70,33.60,23.90,28.60,1.40,OPEN_METEO_ERA5_LAND,brisbane
2021-01-28,28.90,21.80,24.40,30.30,25.00,26.70,2.60,OPEN_METEO_ERA5_LAND,brisbane
2021-01-29,27.90,20.70,23.80,29.80,23.10,25.80,2.50,OPEN_METEO_ERA5_LAND,brisbane
2021-01-30,29.10,20.00,24.30,31.80,22.20,26.80,0.10,OPEN_METEO_ERA5_LAND,brisbane
2021-01-31,27.90,21.10,24.20,31.80,24.50,27.30,7.60,OPEN_METEO_ERA5_LAND,brisbane
2021-02-01,27.20,20.60,23.70,28.10,23.20,25.20,0.90,OPEN_METEO_ERA5_LAND,brisbane
2021-02-02,23.90,20.50,22.00,27.70,23.20,25.50,49.30,OPEN_METEO_ERA5_LAND,brisbane
2021-02-03,27.50,19.60,22.90,28.50,21.50,24.50,0.80,OPEN_METEO_ERA5_LAND,brisbane
2021-02-04,27.60,17.40,22.80,31.20,18.10,25.00,0.30,OPEN_METEO_ERA5_LAND,brisbane
2021-02-05,28.50,19.30,23.60,31.30,21.70,26.00,0.50,OPEN_METEO_ERA5_LAND,brisbane
2021-02-06,30.10,19.30,24.00,34.50,21.40,26.80,0.20,OPEN_METEO_ERA5_LAND,brisbane
2021-02-07,32.90,19.90,25.90,39.00,23.40,30.00,1.20,OPEN_METEO_ERA5_LAND,brisbane
2021-02-08,28.60,21.70,24.20,30.40,23.50,26.30,20.80,OPEN_METEO_ERA5_LAND,brisbane
2021-02-09,27.80,18.70,23.10,28.00,20.20,23.60,0.00,OPEN_METEO_ERA5_LAND,brisbane
2021-02-10,25.70,17.60,21.90,26.80,17.60,22.60,1.20,OPEN_METEO_ERA5_LAND,brisbane
2021-02-11,26.30,17.30,21.90,28.00,18.50,23.30,0.80,OPEN_METEO_ERA5_LAND,brisbane
2021-02-12,28.10,18.30,23.00,31.80,19.20,24.60,0.70,OPEN_METEO_ERA5_LAND,brisbane
2021-02-13,32.90,18.70,24.60,36.50,20.20,26.50,0.20,OPEN_METEO_ERA5_LAND,brisbane
2021-02-14,28.70,21.80,24.20,31.10,22.00,26.60,5.90,OPEN_METEO_ERA5_LAND,brisbane
2021-02-15,27.80,19.70,23.40,29.00,20.80,24.40,0.20,OPEN_METEO_ERA5_LAND,brisbane
2021-02-16,28.30,18.90,22.90,29.10,19.80,23.60,2.50,OPEN_METEO_ERA5_LAND,brisbane
2021-02-17,26.20,18.20,22.20,26.60,19.40,22.80,1.50,OPEN_METEO_ERA5_LAND,brisbane
2021-02-18,26.40,19.20,22.40,28.10,19.50,23.70,2.80,OPEN_METEO_ERA5_LAND,brisbane
2021-02-19,28.30,20.50,23.40,31.40,22.80,26.00,1.80,OPEN_METEO_ERA5_LAND,brisbane
2021-02-20,27.90,20.70,23.90,31.60,23.50,27.10,0.50,OPEN_METEO_ERA5_LAND,brisbane
2021-02-21,33.00,20.60,25.80,35.20,22.90,28.00,0.40,OPEN_METEO_ERA5_LAND,brisbane
2021-02-22,33.80,20.80,26.20,36.80,23.60,29.50,0.00,OPEN_METEO_ERA5_LAND,brisbane
2021-02-23,31.30,21.90,26.00,34.90,26.00,29.50,0.80,OPEN_METEO_ERA5_LAND,brisbane
2021-02-24,28.00,20.90,23.60,30.00,24.00,26.50,7.90,OPEN_METEO_ERA5_LAND,brisbane
2021-02-25,27.70,21.30,24.30,31.50,24.80,27.90,3.90,OPEN_METEO_ERA5_LAND,brisbane
2021-02-26,30.90,21.40,25.60,35.80,24.80,29.30,0.00,OPEN_METEO_ERA5_LAND,brisbane
2021-02-27,29.70,20.90,25.00,33.90,24.70,28.90,1.00,OPEN_METEO_ERA5_LAND,brisbane
2021-02-28,29.20,22.90,25.70,33.50,27.60,29.90,1.90,OPEN_METEO_ERA5_LAND,brisbane
2021-03-01,28.30,21.60,24.70,32.40,25.80,28.90,1.00,OPEN_METEO_ERA5_LAND,brisbane
2021-03-02,32.80,21.60,26.10,39.50,24.90,30.20,2.50,OPEN_METEO_ERA5_LAND,brisbane
2021-03-03,25.90,21.50,23.00,29.10,23.80,25.20,12.90,OPEN_METEO_ERA5_LAND,brisbane
2021-03-04,24.50,19.20,21.50,26.40,20.50,23.00,3.30,OPEN_METEO_ERA5_LAND,brisbane
2021-03-05,30.20,16.70,22.90,31.50,17.60,24.80,0.10,OPEN_METEO_ERA5_LAND,brisbane
2021-03-06,26.70,19.00,22.60,28.40,20.80,24.30,0.40,OPEN_METEO_ERA5_LAND,brisbane
2021-03-07,26.50,19.80,22.90,30.30,22.20,25.30,1.10,OPEN_METEO_ERA5_LAND,brisbane
2021-03-08,29.00,20.40,24.20,32.10,23.00,26.30,0.50,OPEN_METEO_ERA5_LAND,brisbane
2021-03-09,29.40,20.80,24.50,33.40,23.20,27.50,0.70,OPEN_METEO_ERA5_LAND,brisbane
2021-03-10,29.40,20.20,24.10,33.40,23.00,27.60,4.70,OPEN_METEO_ERA5_LAND,brisbane
2021-03-11,24.80,20.80,22.60,28.30,23.90,26.20,22.30,OPEN_METEO_ERA5_LAND,brisbane
2021-03-12,26.90,20.00,23.00,31.20,22.70,26.10,5.70,OPEN_METEO_ERA5_LAND,brisbane
2021-03-13,27.90,19.90,23.60,31.50,22.70,26.70,0.80,OPEN_METEO_ERA5_LAND,brisbane
2021-03-14,29.00,20.00,24.40,33.20,22.40,27.50,0.10,OPEN_METEO_ERA5_LAND,brisbane
2021-03-15,23.50,20.10,21.80,27.20,21.40,24.60,33.60,OPEN_METEO_ERA5_LAND,brisbane
2021-03-16,23.40,18.60,20.10,24.10,18.50,20.70,13.80,OPEN_METEO_ERA5_LAND,brisbane
2021-03-17,20.90,17.60,18.90,22.50,18.60,20.50,25.20,OPEN_METEO_ERA5_LAND,brisbane
2021-03-18,26.50,18.30,21.90,28.10,20.00,24.20,2.60,OPEN_METEO_ERA5_LAND,brisbane
2021-03-19,27.90,18.90,22.70,32.90,20.60,25.70,3.00,OPEN_METEO_ERA5_LAND,brisbane
2021-03-20,26.40,20.10,22.40,30.10,22.70,25.70,12.50,OPEN_METEO_ERA5_LAND,brisbane
2021-03-21,25.60,21.00,22.70,29.90,24.30,26.20,11.80,OPEN_METEO_ERA5_LAND,brisbane
2021-03-22,22.80,21.60,22.00,26.20,23.60,25.00,119.80,OPEN_METEO_ERA5_LAND,brisbane
2021-03-23,24.40,21.90,22.80,27.80,24.40,26.00,57.50,OPEN_METEO_ERA5_LAND,brisbane
2021-03-24,29.60,21.20,25.00,30.90,21.30,27.10,7.60,OPEN_METEO_ERA5_LAND,brisbane
2021-03-25,29.80,18.20,23.30,30.10,18.30,23.10,0.00,OPEN_METEO_ERA5_LAND,brisbane
2021-03-26,28.40,17.20,22.10,31.60,16.30,23.00,0.00,OPEN_METEO_ERA5_LAND,brisbane
2021-03-27,28.50,17.40,22.30,31.50,18.90,24.40,0.20,OPEN_METEO_ERA5_LAND,brisbane
2021-03-28,29.50,16.50,22.70,30.60,16.30,24.20,0.00,OPEN_METEO_ERA5_LAND,brisbane
2021-03-29,27.30,17.00,22.10,30.40,18.20,24.10,0.60,OPEN_METEO_ERA5_LAND,brisbane
2021-03-30,24.50,17.70,20.60,24.90,19.00,21.70,0.80,OPEN_METEO_ERA5_LAND,brisbane
2021-03-31,25.40,15.90,19.90,24.90,16.10,20.40,0.50,OPEN_METEO_ERA5_LAND,brisbane
2021-04-01,23.50,16.30,19.60,24.30,16.60,20.40,1.50,OPEN_METEO_ERA5_LAND,brisbane
2021-04-02,25.70,17.20,20.90,24.90,18.10,21.00,1.00,OPEN_METEO_ERA5_LAND,brisbane
2021-04-03,23.70,17.60,20.70,23.00,17.60,21.30,2.20,OPEN_METEO_ERA5_LAND,brisbane
2021-04-04,21.90,18.60,20.20,24.90,20.20,22.40,22.40,OPEN_METEO_ERA5_LAND,brisbane
2021-04-05,22.10,20.10,21.00,24.10,21.40,23.00,22.60,OPEN_METEO_ERA5_LAND,brisbane
2021-04-06,22.40,19.20,21.00,24.60,20.00,22.50,28.90,OPEN_METEO_ERA5_LAND,brisbane
2021-04-07,26.20,18.80,21.40,26.80,19.70,22.70,11.90,OPEN_METEO_ERA5_LAND,brisbane
2021-04-08,26.10,18.30,21.40,27.80,18.40,22.30,1.70,OPEN_METEO_ERA5_LAND,brisbane
2021-04-09,28.50,17.10,21.70,30.40,18.00,23.50,0.00,OPEN_METEO_ERA5_LAND,brisbane
2021-04-10,32.00,17.30,23.90,32.30,18.10,24.30,0.00,OPEN_METEO_ERA5_LAND,brisbane
2021-04-11,28.20,16.80,21.40,27.80,13.80,20.50,0.00,OPEN_METEO_ERA5_LAND,brisbane
2021-04-12,23.10,12.40,17.30,24.30,8.90,16.00,0.00,OPEN_METEO_ERA5_LAND,brisbane
2021-04-13,22.90,13.50,17.70,23.20,12.50,17.30,0.00,OPEN_METEO_ERA5_LAND,brisbane
2021-04-14,24.50,12.10,17.90,25.60,11.00,18.40,0.00,OPEN_METEO_ERA5_LAND,brisbane
2021-04-15,26.50,13.60,19.50,29.50,13.70,20.50,0.00,OPEN_METEO_ERA5_LAND,brisbane
2021-04-16,28.60,14.40,20.80,30.80,15.30,22.10,0.00,OPEN_METEO_ERA5_LAND,brisbane
2021-04-17,22.90,16.80,19.70,25.40,17.00,21.00,8.30,OPEN_METEO_ERA5_LAND,brisbane
2021-04-18,23.40,13.50,18.00,24.70,12.90,18.20,0.50,OPEN_METEO_ERA5_LAND,brisbane
2021-04-19,24.10,12.90,17.90,26.50,12.40,18.40,0.00,OPEN_METEO_ERA5_LAND,brisbane
2021-04-20,26.20,12.90,18.80,26.80,12.50,19.30,0.00,OPEN_METEO_ERA5_LAND,brisbane
2021-04-21,28.70,14.90,20.40,27.80,13.30,19.80,0.00,OPEN_METEO_ERA5_LAND,brisbane
2021-04-22,22.60,11.70,17.40,21.50,9.70,15.90,0.00,OPEN_METEO_ERA5_LAND,brisbane
2021-04-23,22.80,11.10,16.90,23.40,7.90,15.70,0.00,OPEN_METEO_ERA5_LAND,brisbane
2021-04-24,23.40,10.80,17.00,24.30,9.50,16.90,0.00,OPEN_METEO_ERA5_LAND,brisbane
2021-04-25,24.50,12.30,17.50,25.80,11.50,17.80,0.00,OPEN_METEO_ERA5_LAND,brisbane
2021-04-26,23.00,13.60,17.90,23.30,13.50,18.20,0.30,OPEN_METEO_ERA5_LAND,brisbane
2021-04-27,24.30,13.50,18.60,23.80,13.20,18.40,0.10,OPEN_METEO_ERA5_LAND,brisbane
2021-04-28,23.40,14.30,18.30,23.20,13.90,18.30,0.40,OPEN_METEO_ERA5_LAND,brisbane
2021-04-29,23.20,14.50,18.30,24.00,14.60,18.70,0.80,OPEN_METEO_ERA5_LAND,brisbane
2021-04-30,22.00,15.60,18.10,22.90,16.10,18.80,9.60,OPEN_METEO_ERA5_LAND,brisbane
2021-05-01,21.10,16.00,17.80,22.40,16.10,18.80,10.30,OPEN_METEO_ERA5_LAND,brisbane
2021-05-02,22.20,16.00,18.40,22.60,16.30,19.10,5.30,OPEN_METEO_ERA5_LAND,brisbane
2021-05-03,23.70,15.10,18.70,25.20,15.30,19.80,2.40,OPEN_METEO_ERA5_LAND,brisbane
2021-05-04,23.80,14.00,18.40,26.10,14.30,19.60,4.60,OPEN_METEO_ERA5_LAND,brisbane
2021-05-05,18.90,12.50,15.60,20.20,9.40,15.40,12.70,OPEN_METEO_ERA5_LAND,brisbane
2021-05-06,23.30,11.50,16.80,22.70,9.00,15.20,0.00,OPEN_METEO_ERA5_LAND,brisbane
2021-05-07,24.30,13.90,18.50,24.30,12.80,18.40,0.10,OPEN_METEO_ERA5_LAND,brisbane
2021-05-08,25.60,16.20,19.80,27.70,16.60,20.90,0.00,OPEN_METEO_ERA5_LAND,brisbane
2021-05-09,24.90,15.90,19.50,27.50,16.60,21.30,0.00,OPEN_METEO_ERA5_LAND,brisbane
2021-05-10,27.30,14.60,20.30,29.40,15.40,22.00,0.10,OPEN_METEO_ERA5_LAND,brisbane
2021-05-11,26.00,15.20,20.30,28.50,16.20,22.00,1.30,OPEN_METEO_ERA5_LAND,brisbane
2021-05-12,23.50,16.80,19.70,26.50,18.40,22.00,22.40,OPEN_METEO_ERA5_LAND,brisbane
2021-05-13,23.60,14.40,18.60,22.50,11.60,18.10,4.60,OPEN_METEO_ERA5_LAND,brisbane
2021-05-14,23.30,12.10,16.70,22.40,9.50,14.90,0.00,OPEN_METEO_ERA5_LAND,brisbane
2021-05-15,22.70,11.30,16.20,22.00,8.80,14.10,0.00,OPEN_METEO_ERA5_LAND,brisbane
2021-05-16,20.00,9.70,14.60,19.20,7.20,12.80,0.00,OPEN_METEO_ERA5_LAND,brisbane
2021-05-17,21.80,9.00,14.40,19.90,6.90,12.40,0.00,OPEN_METEO_ERA5_LAND,brisbane
2021-05-18,21.90,9.80,15.10,21.60,7.70,14.10,0.00,OPEN_METEO_ERA5_LAND,brisbane
2021-05-19,21.40,12.30,16.10,20.90,11.80,15.80,1.10,OPEN_METEO_ERA5_LAND,brisbane
2021-05-20,22.10,12.10,16.50,21.80,11.30,16.20,0.10,OPEN_METEO_ERA5_LAND,brisbane
2021-05-21,21.80,11.30,15.80,20.30,9.90,14.90,0.00,OPEN_METEO_ERA5_LAND,brisbane
2021-05-22,22.30,12.70,16.40,21.20,11.60,15.80,0.10,OPEN_METEO_ERA5_LAND,brisbane
2021-05-23,22.50,13.30,16.80,21.90,12.90,16.60,0.10,OPEN_METEO_ERA5_LAND,brisbane
2021-05-24,23.30,13.10,16.90,22.30,12.70,16.50,0.00,OPEN_METEO_ERA5_LAND,brisbane
2021-05-25,22.80,12.80,16.70,23.10,12.20,16.80,0.00,OPEN_METEO_ERA5_LAND,brisbane
2021-05-26,24.30,11.80,17.20,24.20,11.40,17.50,0.00,OPEN_METEO_ERA5_LAND,brisbane
2021-05-27,22.90,13.60,17.30,23.60,12.60,17.00,0.10,OPEN_METEO_ERA5_LAND,brisbane
2021-05-28,20.90,10.80,15.10,19.50,7.90,13.30,0.00,OPEN_METEO_ERA5_LAND,brisbane
2021-05-29,20.20,9.80,14.10,17.90,7.10,11.60,0.00,OPEN_METEO_ERA5_LAND,brisbane
2021-05-30,20.60,11.60,15.00,19.00,9.10,13.10,0.00,OPEN_METEO_ERA5_LAND,brisbane
2021-05-31,21.20,10.90,15.20,20.80,8.70,14.10,0.00,OPEN_METEO_ERA5_LAND,brisbane
2021-06-01,21.90,10.40,15.50,22.20,8.90,15.00,0.00,OPEN_METEO_ERA5_LAND,brisbane
2021-06-02,22.40,11.80,16.30,23.00,10.80,16.30,0.00,OPEN_METEO_ERA5_LAND,brisbane
2021-06-03,19.30,13.40,16.40,20.30,14.00,17.20,8.50,OPEN_METEO_ERA5_LAND,brisbane
2021-06-04,21.30,12.70,16.30,18.70,9.90,14.40,0.00,OPEN_METEO_ERA5_LAND,brisbane
2021-06-05,20.70,10.10,14.70,19.90,8.40,13.00,0.00,OPEN_METEO_ERA5_LAND,brisbane
2021-06-06,20.20,9.00,13.50,19.60,6.30,12.20,0.00,OPEN_METEO_ERA5_LAND,brisbane
2021-06-07,21.10,8.40,14.20,21.20,6.10,13.30,0.00,OPEN_METEO_ERA5_LAND,brisbane
2021-06-08,20.60,9.50,15.00,20.60,8.20,14.60,0.20,OPEN_METEO_ERA5_LAND,brisbane
2021-06-09,16.80,10.20,14.30,15.60,6.50,11.30,4.00,OPEN_METEO_ERA5_LAND,brisbane
2021-06-10,17.40,6.10,10.90,13.70,3.50,8.10,0.00,OPEN_METEO_ERA5_LAND,brisbane
2021-06-11,18.40,7.60,12.00,16.50,4.50,9.70,0.00,OPEN_METEO_ERA5_LAND,brisbane
2021-06-12,20.40,8.00,13.20,18.50,6.10,11.70,0.00,OPEN_METEO_ERA5_LAND,brisbane
2021-06-13,21.10,9.00,13.70,18.40,6.90,11.70,0.00,OPEN_METEO_ERA5_LAND,brisbane
2021-06-14,21.20,8.10,13.60,20.70,6.00,12.40,0.00,OPEN_METEO_ERA5_LAND,brisbane
2021-06-15,21.10,10.20,14.60,23.00,9.00,14.80,9.30,OPEN_METEO_ERA5_LAND,brisbane
2021-06-16,22.90,11.30,15.50,23.70,10.10,15.60,0.00,OPEN_METEO_ERA5_LAND,brisbane
2021-06-17,22.20,11.80,16.60,20.00,9.30,15.20,1.40,OPEN_METEO_ERA5_LAND,brisbane
2021-06-18,19.30,10.10,14.30,15.40,7.30,11.10,0.00,OPEN_METEO_ERA5_LAND,brisbane
2021-06-19,18.30,10.80,13.70,15.00,6.70,9.80,0.00,OPEN_METEO_ERA5_LAND,brisbane
2021-06-20,21.50,10.30,14.50,19.80,7.40,12.50,0.00,OPEN_METEO_ERA5_LAND,brisbane
2021-06-21,21.20,9.70,14.30,20.70,7.50,13.10,0.00,OPEN_METEO_ERA5_LAND,brisbane
2021-06-22,21.10,10.50,14.90,19.10,9.50,13.80,0.00,OPEN_METEO_ERA5_LAND,brisbane
2021-06-23,21.70,12.60,16.40,21.00,11.80,16.30,0.70,OPEN_METEO_ERA5_LAND,brisbane
2021-06-24,20.40,13.30,16.70,20.60,13.70,17.10,1.50,OPEN_METEO_ERA5_LAND,brisbane
2021-06-25,19.30,15.70,17.20,21.70,15.60,18.30,10.30,OPEN_METEO_ERA5_LAND,brisbane
2021-06-26,18.20,13.20,16.10,19.00,11.60,15.80,4.90,OPEN_METEO_ERA5_LAND,brisbane
2021-06-27,20.70,9.50,14.10,19.70,6.80,12.40,0.00,OPEN_METEO_ERA5_LAND,brisbane
2021-06-28,20.60,9.30,14.20,18.50,7.30,12.40,0.00,OPEN_METEO_ERA5_LAND,brisbane
2021-06-29,20.00,10.90,14.40,19.00,9.70,13.70,1.40,OPEN_METEO_ERA5_LAND,brisbane
2021-06-30,20.60,12.50,15.20,20.00,11.90,14.70,2.20,OPEN_METEO_ERA5_LAND,brisbane
2021-07-01,20.30,11.60,15.70,21.00,11.20,15.80,4.60,OPEN_METEO_ERA5_LAND,brisbane
2021-07-02,20.20,13.60,16.80,22.20,12.90,17.80,11.70,OPEN_METEO_ERA5_LAND,brisbane
2021-07-03,17.90,14.80,15.90,19.40,15.10,16.90,17.10,OPEN_METEO_ERA5_LAND,brisbane
2021-07-04,21.00,12.80,15.80,21.60,11.80,15.60,0.40,OPEN_METEO_ERA5_LAND,brisbane
2021-07-05,18.80,9.50,13.00,16.40,6.50,10.30,0.00,OPEN_METEO_ERA5_LAND,brisbane
2021-07-06,19.00,8.60,12.70,18.50,6.10,11.00,0.00,OPEN_METEO_ERA5_LAND,brisbane
2021-07-07,19.80,7.50,12.60,19.20,5.20,11.10,0.00,OPEN_METEO_ERA5_LAND,brisbane
2021-07-08,18.70,8.00,12.90,19.00,5.80,12.10,0.40,OPEN_METEO_ERA5_LAND,brisbane
2021-07-09,19.90,13.10,15.30,20.60,11.60,15.20,9.40,OPEN_METEO_ERA5_LAND,brisbane
2021-07-10,18.40,11.40,14.10,13.90,7.00,10.30,0.00,OPEN_METEO_ERA5_LAND,brisbane
2021-07-11,20.80,10.00,14.20,19.10,7.20,12.30,0.00,OPEN_METEO_ERA5_LAND,brisbane
2021-07-12,19.20,9.40,13.20,19.00,7.70,12.30,1.90,OPEN_METEO_ERA5_LAND,brisbane
2021-07-13,20.50,8.10,13.80,20.30,6.30,13.20,0.20,OPEN_METEO_ERA5_LAND,brisbane
2021-07-14,20.70,10.50,16.00,19.70,9.60,15.40,0.00,OPEN_METEO_ERA5_LAND,brisbane
2021-07-15,21.90,14.90,17.80,23.50,14.00,18.20,0.50,OPEN_METEO_ERA5_LAND,brisbane
2021-07-16,23.40,16.00,18.50,24.40,12.20,17.40,6.20,OPEN_METEO_ERA5_LAND,brisbane
2021-07-17,19.50,12.50,15.90,14.90,7.80,11.50,0.00,OPEN_METEO_ERA5_LAND,brisbane
2021-07-18,19.30,10.50,14.20,15.90,6.20,10.60,0.00,OPEN_METEO_ERA5_LAND,brisbane
2021-07-19,20.20,7.70,13.10,18.90,5.10,11.20,0.00,OPEN_METEO_ERA5_LAND,brisbane
2021-07-20,18.10,8.40,13.00,14.20,5.70,9.60,0.00,OPEN_METEO_ERA5_LAND,brisbane
2021-07-21,15.70,8.70,12.00,10.60,4.70,7.40,0.00,OPEN_METEO_ERA5_LAND,brisbane
2021-07-22,18.50,6.10,11.50,18.00,2.70,9.20,0.00,OPEN_METEO_ERA5_LAND,brisbane
2021-07-23,18.00,8.30,13.20,17.70,6.00,12.40,5.50,OPEN_METEO_ERA5_LAND,brisbane
2021-07-24,21.40,10.90,15.60,18.80,9.60,13.80,1.10,OPEN_METEO_ERA5_LAND,brisbane
2021-07-25,19.60,10.60,14.70,14.30,7.90,10.40,0.00,OPEN_METEO_ERA5_LAND,brisbane
2021-07-26,21.10,9.10,13.70,19.40,4.60,11.00,0.00,OPEN_METEO_ERA5_LAND,brisbane
2021-07-27,21.30,6.30,13.70,20.50,4.30,12.50,0.00,OPEN_METEO_ERA5_LAND,brisbane
2021-07-28,23.10,8.90,16.00,22.50,7.00,15.10,0.00,OPEN_METEO_ERA5_LAND,brisbane
2021-07-29,24.60,11.50,17.20,22.40,9.10,15.50,0.20,OPEN_METEO_ERA5_LAND,brisbane
2021-07-30,20.60,8.10,13.60,19.60,5.70,11.80,0.00,OPEN_METEO_ERA5_LAND,brisbane
2021-07-31,21.70,9.10,14.80,21.30,7.20,13.70,0.00,OPEN_METEO_ERA5_LAND,brisbane
2021-08-01,25.80,9.70,16.90,27.20,8.50,17.20,0.00,OPEN_METEO_ERA5_LAND,brisbane
2021-08-02,23.80,12.20,17.50,24.40,11.70,17.90,0.00,OPEN_METEO_ERA5_LAND,brisbane
2021-08-03,24.40,15.70,19.20,25.20,14.70,20.00,0.10,OPEN_METEO_ERA5_LAND,brisbane
2021-08-04,19.20,11.00,14.60,15.20,7.10,10.50,0.40,OPEN_METEO_ERA5_LAND,brisbane
2021-08-05,20.40,9.40,14.10,17.30,5.50,10.60,0.00,OPEN_METEO_ERA5_LAND,brisbane
2021-08-06,21.40,8.60,14.00,20.90,6.00,12.30,0.00,OPEN_METEO_ERA5_LAND,brisbane
2021-08-07,22.00,8.80,14.20,21.50,6.50,12.70,0.00,OPEN_METEO_ERA5_LAND,brisbane
2021-08-08,21.70,8.30,14.70,20.70,5.50,12.70,0.00,OPEN_METEO_ERA5_LAND,brisbane
2021-08-09,18.90,12.00,15.10,16.50,11.40,13.80,1.20,OPEN_METEO_ERA5_LAND,brisbane
2021-08-10,20.00,10.00,14.90,18.40,8.60,13.90,0.00,OPEN_METEO_ERA5_LAND,brisbane
2021-08-11,21.10,10.60,15.50,20.60,9.60,15.40,0.20,OPEN_METEO_ERA5_LAND,brisbane
2021-08-12,23.10,11.90,16.80,23.20,10.80,16.80,0.00,OPEN_METEO_ERA5_LAND,brisbane
2021-08-13,24.30,13.70,17.80,26.10,13.40,18.50,0.10,OPEN_METEO_ERA5_LAND,brisbane
2021-08-14,22.40,13.70,17.30,23.90,14.00,18.30,1.30,OPEN_METEO_ERA5_LAND,brisbane
2021-08-15,23.50,13.00,17.50,25.20,12.80,18.00,0.00,OPEN_METEO_ERA5_LAND,brisbane
2021-08-16,26.30,12.50,18.70,24.90,12.50,18.50,0.60,OPEN_METEO_ERA5_LAND,brisbane
2021-08-17,23.00,10.90,16.50,22.50,8.00,15.00,0.00,OPEN_METEO_ERA5_LAND,brisbane
2021-08-18,18.90,11.80,15.10,17.30,10.80,14.20,0.20,OPEN_METEO_ERA5_LAND,brisbane
2021-08-19,21.10,10.30,15.60,20.10,9.30,14.90,0.50,OPEN_METEO_ERA5_LAND,brisbane
2021-08-20,22.70,10.60,16.20,23.30,9.60,16.10,0.20,OPEN_METEO_ERA5_LAND,brisbane
2021-08-21,25.30,11.20,17.50,26.00,10.80,17.30,0.00,OPEN_METEO_ERA5_LAND,brisbane
2021-08-22,24.60,11.30,17.60,25.80,11.00,17.70,0.00,OPEN_METEO_ERA5_LAND,brisbane
2021-08-23,23.70,12.90,18.10,23.30,12.70,17.80,0.00,OPEN_METEO_ERA5_LAND,brisbane
2021-08-24,20.10,11.70,16.10,17.30,8.40,13.50,10.30,OPEN_METEO_ERA5_LAND,brisbane
2021-08-25,20.80,9.20,14.10,18.30,4.80,10.60,0.00,OPEN_METEO_ERA5_LAND,brisbane
2021-08-26,20.80,8.80,13.80,18.10,5.10,10.40,0.00,OPEN_METEO_ERA5_LAND,brisbane
2021-08-27,22.50,8.70,14.40,19.30,5.20,11.30,0.00,OPEN_METEO_ERA5_LAND,brisbane
2021-08-28,24.40,7.90,15.00,23.30,5.00,13.00,0.00,OPEN_METEO_ERA5_LAND,brisbane
2021-08-29,22.90,9.10,16.50,22.80,7.00,15.80,0.00,OPEN_METEO_ERA5_LAND,brisbane
2021-08-30,26.80,13.00,18.40,25.70,9.50,17.00,0.00,OPEN_METEO_ERA5_LAND,brisbane
2021-08-31,25.80,12.10,18.10,27.30,11.30,18.90,0.50,OPEN_METEO_ERA5_LAND,brisbane
2021-09-01,26.20,16.00,19.50,28.20,16.80,20.90,0.00,OPEN_METEO_ERA5_LAND,brisbane
2021-09-02,23.50,16.30,19.40,22.60,16.40,19.20,0.80,OPEN_METEO_ERA5_LAND,brisbane
2021-09-03,22.90,14.60,18.00,21.70,13.70,17.60,0.10,OPEN_METEO_ERA5_LAND,brisbane
2021-09-04,22.90,13.40,17.90,22.60,13.10,18.00,0.30,OPEN_METEO_ERA5_LAND,brisbane
2021-09-05,24.80,13.90,17.40,24.60,10.00,16.40,1.30,OPEN_METEO_ERA5_LAND,brisbane
2021-09-06,22.90,10.60,15.80,21.30,7.80,13.40,0.00,OPEN_METEO_ERA5_LAND,brisbane
2021-09-07,23.50,9.50,15.50,21.20,7.00,13.70,0.00,OPEN_METEO_ERA5_LAND,brisbane
2021-09-08,23.20,8.30,15.80,22.20,6.10,14.70,0.00,OPEN_METEO_ERA5_LAND,brisbane
2021-09-09,24.10,10.90,16.90,25.10,9.90,16.30,0.00,OPEN_METEO_ERA5_LAND,brisbane
2021-09-10,29.50,10.10,18.60,29.80,8.90,18.40,0.00,OPEN_METEO_ERA5_LAND,brisbane
2021-09-11,25.60,10.90,17.60,26.60,10.10,17.40,0.00,OPEN_METEO_ERA5_LAND,brisbane
2021-09-12,26.10,10.80,18.60,26.70,9.60,17.80,0.00,OPEN_METEO_ERA5_LAND,brisbane
2021-09-13,29.50,14.30,20.80,31.40,14.10,21.10,1.10,OPEN_METEO_ERA5_LAND,brisbane
2021-09-14,22.10,12.30,16.80,16.40,9.10,12.90,0.00,OPEN_METEO_ERA5_LAND,brisbane
2021-09-15,24.00,9.30,15.90,22.60,6.50,13.80,0.00,OPEN_METEO_ERA5_LAND,brisbane
2021-09-16,22.60,10.10,16.00,22.00,8.40,14.60,0.10,OPEN_METEO_ERA5_LAND,brisbane
2021-09-17,23.00,10.70,16.70,23.00,9.90,16.00,0.10,OPEN_METEO_ERA5_LAND,brisbane
2021-09-18,25.40,12.20,18.60,25.00,11.20,17.60,0.00,OPEN_METEO_ERA5_LAND,brisbane
2021-09-19,28.10,14.60,20.40,29.10,14.30,20.50,0.00,OPEN_METEO_ERA5_LAND,brisbane
2021-09-20,28.00,14.30,20.70,28.40,14.80,21.10,0.10,OPEN_METEO_ERA5_LAND,brisbane
2021-09-21,24.20,12.30,18.70,19.70,7.40,14.70,0.30,OPEN_METEO_ERA5_LAND,brisbane
2021-09-22,23.90,9.70,16.00,22.30,5.50,13.20,0.00,OPEN_METEO_ERA5_LAND,brisbane
2021-09-23,25.00,10.30,16.90,25.40,8.60,15.90,0.00,OPEN_METEO_ERA5_LAND,brisbane
2021-09-24,27.20,11.00,18.60,27.60,10.30,18.10,0.00,OPEN_METEO_ERA5_LAND,brisbane
2021-09-25,29.70,11.60,20.20,30.80,11.70,20.20,0.00,OPEN_METEO_ERA5_LAND,brisbane
2021-09-26,24.90,14.60,19.00,24.30,13.60,18.00,0.50,OPEN_METEO_ERA5_LAND,brisbane
2021-09-27,19.80,14.50,17.10,17.70,13.70,15.80,1.80,OPEN_METEO_ERA5_LAND,brisbane
2021-09-28,21.30,13.70,17.70,18.90,13.00,16.20,0.00,OPEN_METEO_ERA5_LAND,brisbane
2021-09-29,22.00,16.20,18.80,19.40,15.70,17.70,0.10,OPEN_METEO_ERA5_LAND,brisbane
2021-09-30,25.90,15.30,19.50,25.60,15.50,20.10,11.40,OPEN_METEO_ERA5_LAND,brisbane
2021-10-01,25.50,15.30,19.40,26.30,15.50,20.10,5.70,OPEN_METEO_ERA5_LAND,brisbane
2021-10-02,27.70,12.30,19.30,25.70,12.10,18.60,0.60,OPEN_METEO_ERA5_LAND,brisbane
2021-10-03,30.30,13.40,20.80,30.10,12.60,20.60,0.00,OPEN_METEO_ERA5_LAND,brisbane
2021-10-04,35.90,12.90,23.90,36.60,12.90,23.50,0.00,OPEN_METEO_ERA5_LAND,brisbane
2021-10-05,30.30,16.00,22.40,29.10,12.50,19.70,0.00,OPEN_METEO_ERA5_LAND,brisbane
2021-10-06,26.90,13.60,19.30,27.40,10.70,17.90,0.00,OPEN_METEO_ERA5_LAND,brisbane
2021-10-07,26.20,12.20,19.10,27.70,12.20,19.20,0.40,OPEN_METEO_ERA5_LAND,brisbane
2021-10-08,29.20,16.10,21.30,31.30,16.60,21.80,0.00,OPEN_METEO_ERA5_LAND,brisbane
2021-10-09,27.70,16.00,21.20,29.80,17.40,22.10,0.00,OPEN_METEO_ERA5_LAND,brisbane
2021-10-10,29.10,17.20,22.10,31.00,18.50,22.60,0.00,OPEN_METEO_ERA5_LAND,brisbane
2021-10-11,29.70,16.00,21.90,31.50,17.10,22.90,7.30,OPEN_METEO_ERA5_LAND,brisbane
2021-10-12,21.10,16.20,18.30,22.30,15.90,18.60,38.00,OPEN_METEO_ERA5_LAND,brisbane
2021-10-13,23.20,16.50,19.70,24.30,16.90,20.30,5.10,OPEN_METEO_ERA5_LAND,brisbane
2021-10-14,23.10,18.60,20.40,24.00,19.70,21.70,3.80,OPEN_METEO_ERA5_LAND,brisbane
2021-10-15,29.20,16.50,22.90,28.80,14.70,23.30,0.90,OPEN_METEO_ERA5_LAND,brisbane
2021-10-16,26.10,13.90,19.40,24.20,11.40,17.30,0.00,OPEN_METEO_ERA5_LAND,brisbane
2021-10-17,26.50,12.20,19.00,28.70,10.40,18.50,0.00,OPEN_METEO_ERA5_LAND,brisbane
2021-10-18,24.40,14.60,19.20,25.30,15.60,20.10,4.10,OPEN_METEO_ERA5_LAND,brisbane
2021-10-19,25.80,14.40,19.30,28.90,14.70,20.60,1.50,OPEN_METEO_ERA5_LAND,brisbane
2021-10-20,25.30,15.00,19.70,27.90,16.20,21.10,0.60,OPEN_METEO_ERA5_LAND,brisbane
2021-10-21,23.10,16.50,19.30,25.20,16.70,20.40,2.10,OPEN_METEO_ERA5_LAND,brisbane
2021-10-22,25.60,18.10,20.70,28.80,19.40,22.70,10.90,OPEN_METEO_ERA5_LAND,brisbane
2021-10-23,27.80,20.10,23.50,31.50,22.50,26.20,0.20,OPEN_METEO_ERA5_LAND,brisbane
2021-10-24,33.00,19.70,25.70,33.10,21.60,26.50,0.00,OPEN_METEO_ERA5_LAND,brisbane
2021-10-25,25.90,18.40,21.60,30.20,20.30,23.90,10.20,OPEN_METEO_ERA5_LAND,brisbane
2021-10-26,24.50,18.60,21.00,28.40,20.40,23.10,6.00,OPEN_METEO_ERA5_LAND,brisbane
2021-10-27,27.60,18.30,22.20,32.00,19.70,24.40,2.40,OPEN_METEO_ERA5_LAND,brisbane
2021-10-28,30.20,19.20,24.30,34.10,21.50,26.80,0.00,OPEN_METEO_ERA5_LAND,brisbane
2021-10-29,29.00,20.40,22.90,31.40,22.40,25.10,3.30,OPEN_METEO_ERA5_LAND,brisbane
2021-10-30,32.40,19.30,23.80,37.50,21.00,26.50,0.40,OPEN_METEO_ERA5_LAND,brisbane
2021-10-31,22.80,17.10,20.10,22.40,17.60,19.80,0.20,OPEN_METEO_ERA5_LAND,brisbane
2021-11-01,24.00,14.30,19.30,24.50,13.70,19.00,0.00,OPEN_METEO_ERA5_LAND,brisbane
2021-11-02,23.70,16.10,19.90,25.00,15.60,19.90,0.20,OPEN_METEO_ERA5_LAND,brisbane
2021-11-03,24.10,15.50,19.60,24.10,15.30,19.40,0.00,OPEN_METEO_ERA5_LAND,brisbane
2021-11-04,24.80,15.10,19.60,25.70,14.80,19.80,1.30,OPEN_METEO_ERA5_LAND,brisbane
2021-11-05,24.00,15.60,19.60,25.60,15.60,20.10,4.00,OPEN_METEO_ERA5_LAND,brisbane
2021-11-06,23.20,16.50,19.80,24.90,17.80,21.10,2.70,OPEN_METEO_ERA5_LAND,brisbane
2021-11-07,26.20,17.30,21.40,28.20,18.50,22.60,5.30,OPEN_METEO_ERA5_LAND,brisbane
2021-11-08,29.30,19.60,22.80,32.00,20.60,25.10,15.60,OPEN_METEO_ERA5_LAND,brisbane
2021-11-09,26.90,19.10,22.70,31.10,21.80,25.50,0.90,OPEN_METEO_ERA5_LAND,brisbane
2021-11-10,28.30,21.00,23.80,33.40,24.40,27.00,21.60,OPEN_METEO_ERA5_LAND,brisbane
2021-11-11,29.40,21.80,24.70,33.80,25.00,28.50,26.00,OPEN_METEO_ERA5_LAND,brisbane
2021-11-12,28.40,22.90,24.70,31.70,24.50,28.20,29.10,OPEN_METEO_ERA5_LAND,brisbane
2021-11-13,25.90,16.00,20.60,23.40,12.50,17.80,0.00,OPEN_METEO_ERA5_LAND,brisbane
2021-11-14,27.20,13.60,20.20,26.50,11.80,18.80,0.00,OPEN_METEO_ERA5_LAND,brisbane
2021-11-15,29.30,15.10,21.50,28.10,13.20,20.00,0.00,OPEN_METEO_ERA5_LAND,brisbane
2021-11-16,29.10,15.30,21.40,29.90,13.80,21.10,0.00,OPEN_METEO_ERA5_LAND,brisbane
2021-11-17,25.50,17.50,20.70,26.60,17.50,20.90,2.60,OPEN_METEO_ERA5_LAND,brisbane
2021-11-18,24.80,17.90,20.80,26.60,18.80,21.60,1.30,OPEN_METEO_ERA5_LAND,brisbane
2021-11-19,27.40,16.50,21.70,30.60,17.30,23.00,0.20,OPEN_METEO_ERA5_LAND,brisbane
2021-11-20,29.60,17.10,23.30,34.70,18.30,25.30,0.00,OPEN_METEO_ERA5_LAND,brisbane
2021-11-21,27.80,20.30,23.30,30.60,22.80,25.70,2.40,OPEN_METEO_ERA5_LAND,brisbane
2021-11-22,24.40,19.80,21.80,26.30,21.20,23.50,12.10,OPEN_METEO_ERA5_LAND,brisbane
2021-11-23,24.90,18.00,21.00,26.90,20.00,22.70,18.20,OPEN_METEO_ERA5_LAND,brisbane
2021-11-24,26.20,19.80,22.80,29.50,22.70,25.40,3.60,OPEN_METEO_ERA5_LAND,brisbane
2021-11-25,24.80,20.20,22.30,27.30,22.60,25.30,8.50,OPEN_METEO_ERA5_LAND,brisbane
2021-11-26,27.20,20.70,23.20,31.80,23.70,26.50,33.60,OPEN_METEO_ERA5_LAND,brisbane
2021-11-27,26.70,20.80,23.10,29.30,22.10,25.40,2.80,OPEN_METEO_ERA5_LAND,brisbane
2021-11-28,26.50,19.60,22.40,27.60,20.50,23.30,0.70,OPEN_METEO_ERA5_LAND,brisbane
2021-11-29,25.90,19.60,22.30,26.80,21.00,23.60,7.10,OPEN_METEO_ERA5_LAND,brisbane
2021-11-30,23.30,20.50,21.40,26.80,22.90,24.30,42.80,OPEN_METEO_ERA5_LAND,brisbane
2021-12-01,24.60,19.50,21.70,28.70,21.90,25.10,50.70,OPEN_METEO_ERA5_LAND,brisbane
2021-12-02,28.50,20.50,23.40,34.80,23.20,26.70,4.60,OPEN_METEO_ERA5_LAND,brisbane
2021-12-03,28.80,19.90,24.00,33.60,21.70,27.10,0.80,OPEN_METEO_ERA5_LAND,brisbane
2021-12-04,29.20,19.00,23.70,34.80,21.30,27.00,0.00,OPEN_METEO_ERA5_LAND,brisbane
2021-12-05,27.40,18.80,22.00,29.80,20.30,23.40,5.80,OPEN_METEO_ERA5_LAND,brisbane
2021-12-06,26.90,17.10,22.10,30.10,18.00,23.90,0.50,OPEN_METEO_ERA5_LAND,brisbane
2021-12-07,27.30,18.20,22.60,31.90,20.40,25.50,3.10,OPEN_METEO_ERA5_LAND,brisbane
2021-12-08,28.70,19.60,23.20,33.70,22.20,26.70,11.50,OPEN_METEO_ERA5_LAND,brisbane
2021-12-09,30.90,18.60,24.10,36.60,21.50,27.60,3.50,OPEN_METEO_ERA5_LAND,brisbane
2021-12-10,29.30,19.10,24.10,33.50,17.70,26.30,16.80,OPEN_METEO_ERA5_LAND,brisbane
2021-12-11,29.00,16.30,22.40,32.80,14.80,23.10,0.00,OPEN_METEO_ERA5_LAND,brisbane
2021-12-12,26.90,18.20,22.30,30.80,19.50,23.90,1.60,OPEN_METEO_ERA5_LAND,brisbane
2021-12-13,26.50,17.80,22.20,30.40,19.20,24.10,0.30,OPEN_METEO_ERA5_LAND,brisbane
2021-12-14,30.50,17.30,22.80,33.60,18.60,24.40,0.00,OPEN_METEO_ERA5_LAND,brisbane
2021-12-15,30.30,16.40,22.70,33.90,17.00,24.40,0.00,OPEN_METEO_ERA5_LAND,brisbane
2021-12-16,30.30,17.20,23.70,35.80,18.90,26.80,0.00,OPEN_METEO_ERA5_LAND,brisbane
2021-12-17,29.30,19.30,23.70,33.20,21.90,26.40,3.20,OPEN_METEO_ERA5_LAND,brisbane
2021-12-18,28.30,18.50,23.40,32.30,21.10,26.20,1.10,OPEN_METEO_ERA5_LAND,brisbane
2021-12-19,29.20,17.50,23.70,33.20,19.40,25.90,0.00,OPEN_METEO_ERA5_LAND,brisbane
2021-12-20,32.40,19.50,25.10,38.40,21.80,28.30,0.00,OPEN_METEO_ERA5_LAND,brisbane
2021-12-21,32.00,21.20,25.60,37.00,23.90,28.80,0.00,OPEN_METEO_ERA5_LAND,brisbane
2021-12-22,31.10,19.30,24.80,36.60,22.20,27.80,0.00,OPEN_METEO_ERA5_LAND,brisbane
2021-12-23,29.90,19.20,23.70,35.80,20.80,26.90,2.90,OPEN_METEO_ERA5_LAND,brisbane
2021-12-24,29.20,21.30,24.30,33.80,24.50,28.10,4.80,OPEN_METEO_ERA5_LAND,brisbane
2021-12-25,28.90,20.60,23.70,33.70,23.40,26.60,2.80,OPEN_METEO_ERA5_LAND,brisbane
2021-12-26,27.60,19.80,22.90,31.00,22.50,25.60,4.40,OPEN_METEO_ERA5_LAND,brisbane
2021-12-27,28.40,19.40,22.70,31.10,22.20,25.40,21.10,OPEN_METEO_ERA5_LAND,brisbane
2021-12-28,23.80,19.30,21.20,22.50,18.70,21.10,0.80,OPEN_METEO_ERA5_LAND,brisbane
2021-12-29,25.40,17.30,21.00,26.30,17.70,21.30,0.70,OPEN_METEO_ERA5_LAND,brisbane
2021-12-30,26.30,16.50,21.10,25.60,16.60,21.30,0.30,OPEN_METEO_ERA5_LAND,brisbane
2021-12-31,25.10,17.50,21.60,25.60,17.60,22.40,2.10,OPEN_METEO_ERA5_LAND,brisbane
2022-01-01,25.50,19.50,21.40,27.30,21.10,23.40,14.30,OPEN_METEO_ERA5_LAND,brisbane
2022-01-02,27.50,18.40,22.50,30.50,19.70,23.80,2.60,OPEN_METEO_ERA5_LAND,brisbane
2022-01-03,28.70,19.40,24.00,29.10,19.40,24.00,0.00,OPEN_METEO_ERA5_LAND,brisbane
2022-01-04,30.40,21.70,25.10,32.90,21.10,26.20,3.60,OPEN_METEO_ERA5_LAND,brisbane
2022-01-05,28.40,21.50,24.60,32.90,23.90,27.20,2.20,OPEN_METEO_ERA5_LAND,brisbane
2022-01-06,28.10,22.20,24.80,31.10,24.80,27.30,6.20,OPEN_METEO_ERA5_LAND,brisbane
2022-01-07,25.30,22.70,23.70,28.40,25.20,26.50,20.20,OPEN_METEO_ERA5_LAND,brisbane
2022-01-08,25.90,22.60,24.10,29.80,25.60,27.50,9.50,OPEN_METEO_ERA5_LAND,brisbane
2022-01-09,28.10,22.20,24.80,33.70,26.10,28.60,3.30,OPEN_METEO_ERA5_LAND,brisbane
2022-01-10,28.90,21.00,24.80,31.50,24.20,27.60,0.00,OPEN_METEO_ERA5_LAND,brisbane
2022-01-11,28.50,20.30,24.10,31.50,21.80,26.40,0.70,OPEN_METEO_ERA5_LAND,brisbane
2022-01-12,28.20,18.00,22.90,30.80,18.80,24.50,0.70,OPEN_METEO_ERA5_LAND,brisbane
2022-01-13,28.60,19.10,23.40,31.20,20.90,25.00,0.60,OPEN_METEO_ERA5_LAND,brisbane
2022-01-14,27.20,17.40,22.70,31.50,18.30,24.80,3.70,OPEN_METEO_ERA5_LAND,brisbane
2022-01-15,28.90,19.50,24.40,32.90,22.40,26.90,0.00,OPEN_METEO_ERA5_LAND,brisbane
2022-01-16,30.90,21.60,25.40,36.60,23.70,28.80,1.10,OPEN_METEO_ERA5_LAND,brisbane
2022-01-17,31.20,22.30,26.00,35.80,26.10,29.80,1.80,OPEN_METEO_ERA5_LAND,brisbane
2022-01-18,29.70,22.70,25.90,34.60,27.60,29.80,0.70,OPEN_METEO_ERA5_LAND,brisbane
2022-01-19,29.90,22.10,25.00,35.70,26.40,29.10,15.60,OPEN_METEO_ERA5_LAND,brisbane
2022-01-20,23.90,20.10,22.20,26.90,21.20,24.40,18.60,OPEN_METEO_ERA5_LAND,brisbane
2022-01-21,27.00,19.10,22.70,26.90,19.40,22.70,2.30,OPEN_METEO_ERA5_LAND,brisbane
2022-01-22,25.50,19.00,21.70,25.80,19.90,22.60,1.00,OPEN_METEO_ERA5_LAND,brisbane
2022-01-23,27.20,18.00,22.20,30.40,18.70,23.80,1.50,OPEN_METEO_ERA5_LAND,brisbane
2022-01-24,28.50,18.20,23.20,32.80,19.90,25.70,0.70,OPEN_METEO_ERA5_LAND,brisbane
2022-01-25,29.00,20.30,24.20,33.60,22.90,27.40,1.60,OPEN_METEO_ERA5_LAND,brisbane
2022-01-26,25.80,21.30,23.40,29.60,25.10,27.10,13.00,OPEN_METEO_ERA5_LAND,brisbane
2022-01-27,26.90,20.90,23.70,28.00,23.00,25.70,0.00,OPEN_METEO_ERA5_LAND,brisbane
2022-01-28,28.40,20.90,24.00,31.40,23.50,26.30,1.40,OPEN_METEO_ERA5_LAND,brisbane
2022-01-29,29.10,20.70,24.30,32.40,23.00,26.80,0.90,OPEN_METEO_ERA5_LAND,brisbane
2022-01-30,29.50,19.90,24.50,33.60,22.00,27.30,1.10,OPEN_METEO_ERA5_LAND,brisbane
2022-01-31,30.70,20.80,25.30,36.70,23.80,29.30,2.00,OPEN_METEO_ERA5_LAND,brisbane
2022-02-01,34.60,21.80,27.10,41.90,25.90,32.20,2.00,OPEN_METEO_ERA5_LAND,brisbane
2022-02-02,33.90,24.90,27.70,40.50,30.20,33.30,9.40,OPEN_METEO_ERA5_LAND,brisbane
2022-02-03,30.10,21.10,24.40,35.10,23.40,28.40,52.60,OPEN_METEO_ERA5_LAND,brisbane
2022-02-04,27.30,18.40,22.60,28.70,18.50,23.00,1.40,OPEN_METEO_ERA5_LAND,brisbane
2022-02-05,26.80,17.80,21.70,26.50,16.70,21.00,0.00,OPEN_METEO_ERA5_LAND,brisbane
2022-02-06,26.00,17.40,21.20,25.30,17.50,21.10,1.00,OPEN_METEO_ERA5_LAND,brisbane
2022-02-07,26.90,17.40,21.50,27.20,17.20,21.70,0.00,OPEN_METEO_ERA5_LAND,brisbane
2022-02-08,27.50,16.50,21.40,29.60,16.20,22.30,0.10,OPEN_METEO_ERA5_LAND,brisbane
2022-02-09,28.40,16.30,22.10,32.10,16.90,23.90,0.70,OPEN_METEO_ERA5_LAND,brisbane
2022-02-10,29.70,16.90,22.80,32.90,18.10,24.40,0.00,OPEN_METEO_ERA5_LAND,brisbane
2022-02-11,30.60,16.70,22.90,33.70,16.80,24.00,1.10,OPEN_METEO_ERA5_LAND,brisbane
2022-02-12,28.60,18.80,22.50,30.60,19.60,23.40,6.20,OPEN_METEO_ERA5_LAND,brisbane
2022-02-13,27.30,17.10,22.20,27.90,17.10,22.60,0.40,OPEN_METEO_ERA5_LAND,brisbane
2022-02-14,27.20,18.70,22.10,28.40,19.60,23.50,5.10,OPEN_METEO_ERA5_LAND,brisbane
2022-02-15,26.40,18.50,22.30,26.70,19.70,23.40,0.50,OPEN_METEO_ERA5_LAND,brisbane
2022-02-16,27.50,19.30,22.90,29.20,20.60,24.30,0.10,OPEN_METEO_ERA5_LAND,brisbane
2022-02-17,28.50,17.50,22.90,32.20,19.20,25.20,0.30,OPEN_METEO_ERA5_LAND,brisbane
2022-02-18,31.10,18.20,24.20,37.50,20.10,27.80,1.40,OPEN_METEO_ERA5_LAND,brisbane
2022-02-19,30.90,19.50,24.30,35.70,22.30,27.10,1.50,OPEN_METEO_ERA5_LAND,brisbane
2022-02-20,27.60,19.80,23.40,31.40,22.00,26.10,1.80,OPEN_METEO_ERA5_LAND,brisbane
2022-02-21,28.90,19.70,24.00,32.90,22.60,27.30,1.30,OPEN_METEO_ERA5_LAND,brisbane
2022-02-22,29.20,20.50,23.90,32.30,23.40,26.70,8.00,OPEN_METEO_ERA5_LAND,brisbane
2022-02-23,27.60,21.00,23.10,31.30,23.00,26.00,67.60,OPEN_METEO_ERA5_LAND,brisbane
2022-02-24,27.00,21.20,23.30,29.10,24.40,26.00,54.90,OPEN_METEO_ERA5_LAND,brisbane
2022-02-25,23.10,21.60,22.40,25.70,23.80,24.70,76.30,OPEN_METEO_ERA5_LAND,brisbane
2022-02-26,22.60,20.20,21.50,24.40,21.60,23.30,166.50,OPEN_METEO_ERA5_LAND,brisbane
2022-02-27,23.00,20.70,21.70,25.50,21.80,23.60,113.00,OPEN_METEO_ERA5_LAND,brisbane
2022-02-28,27.80,19.50,23.20,32.40,21.90,26.50,5.80,OPEN_METEO_ERA5_LAND,brisbane
2022-03-01,28.50,21.10,23.90,32.90,23.20,27.00,7.20,OPEN_METEO_ERA5_LAND,brisbane
2022-03-02,30.20,20.40,24.30,37.40,23.60,28.20,1.90,OPEN_METEO_ERA5_LAND,brisbane
2022-03-03,27.50,20.90,23.30,32.80,24.10,26.80,64.80,OPEN_METEO_ERA5_LAND,brisbane
2022-03-04,27.40,19.70,23.00,31.20,22.30,26.10,1.70,OPEN_METEO_ERA5_LAND,brisbane
2022-03-05,29.20,19.30,23.80,34.10,21.70,27.20,0.90,OPEN_METEO_ERA5_LAND,brisbane
2022-03-06,30.50,20.70,24.20,36.60,24.70,28.50,18.20,OPEN_METEO_ERA5_LAND,brisbane
2022-03-07,29.10,19.20,23.60,32.60,21.50,26.50,0.20,OPEN_METEO_ERA5_LAND,brisbane
2022-03-08,32.40,20.10,25.50,37.30,22.90,29.60,0.50,OPEN_METEO_ERA5_LAND,brisbane
2022-03-09,34.00,20.90,25.90,38.30,24.50,30.00,0.00,OPEN_METEO_ERA5_LAND,brisbane
2022-03-10,25.90,21.00,23.20,27.70,23.60,25.40,9.30,OPEN_METEO_ERA5_LAND,brisbane
2022-03-11,24.80,19.60,21.70,26.80,21.00,23.30,4.20,OPEN_METEO_ERA5_LAND,brisbane
2022-03-12,26.20,17.50,21.60,28.40,18.50,22.70,0.90,OPEN_METEO_ERA5_LAND,brisbane
2022-03-13,26.10,16.90,21.10,27.50,17.50,22.10,1.00,OPEN_METEO_ERA5_LAND,brisbane
2022-03-14,27.60,16.40,21.40,29.50,17.20,22.70,0.60,OPEN_METEO_ERA5_LAND,brisbane
2022-03-15,26.80,17.60,21.70,29.00,18.00,22.70,1.50,OPEN_METEO_ERA5_LAND,brisbane
2022-03-16,27.30,17.90,22.00,29.60,19.00,23.80,0.60,OPEN_METEO_ERA5_LAND,brisbane
2022-03-17,28.50,18.80,22.90,31.60,20.50,25.20,0.20,OPEN_METEO_ERA5_LAND,brisbane
2022-03-18,27.90,18.40,22.40,31.90,20.10,24.60,1.20,OPEN_METEO_ERA5_LAND,brisbane
2022-03-19,27.80,17.70,22.20,28.90,18.60,23.40,0.50,OPEN_METEO_ERA5_LAND,brisbane
2022-03-20,27.30,17.40,21.90,29.40,17.60,23.40,0.00,OPEN_METEO_ERA5_LAND,brisbane
2022-03-21,28.40,17.10,21.90,30.50,18.20,23.70,0.00,OPEN_METEO_ERA5_LAND,brisbane
2022-03-22,28.60,17.10,21.90,31.30,18.00,23.80,0.00,OPEN_METEO_ERA5_LAND,brisbane
2022-03-23,30.10,16.20,22.60,34.80,17.60,25.10,0.00,OPEN_METEO_ERA5_LAND,brisbane
2022-03-24,28.90,19.00,23.50,33.10,21.80,26.80,0.30,OPEN_METEO_ERA5_LAND,brisbane
2022-03-25,28.70,19.20,22.40,33.60,21.70,25.40,8.70,OPEN_METEO_ERA5_LAND,brisbane
2022-03-26,27.10,19.00,21.60,31.70,21.50,24.50,7.50,OPEN_METEO_ERA5_LAND,brisbane
2022-03-27,27.30,17.40,21.60,30.40,19.20,23.90,8.30,OPEN_METEO_ERA5_LAND,brisbane
2022-03-28,22.20,18.70,20.20,24.60,17.60,22.60,78.30,OPEN_METEO_ERA5_LAND,brisbane
2022-03-29,24.40,18.40,20.80,27.50,19.80,22.80,10.30,OPEN_METEO_ERA5_LAND,brisbane
2022-03-30,26.20,19.00,21.90,26.40,19.30,22.50,11.70,OPEN_METEO_ERA5_LAND,brisbane
2022-03-31,27.60,19.20,23.10,29.40,20.50,24.40,0.60,OPEN_METEO_ERA5_LAND,brisbane
2022-04-01,26.30,16.60,21.20,29.70,15.70,22.10,0.10,OPEN_METEO_ERA5_LAND,brisbane
2022-04-02,26.10,16.80,20.90,29.30,18.30,23.00,2.70,OPEN_METEO_ERA5_LAND,brisbane
2022-04-03,27.50,17.50,22.30,31.20,19.30,24.90,0.70,OPEN_METEO_ERA5_LAND,brisbane
2022-04-04,26.80,18.80,21.90,29.90,20.70,24.50,0.40,OPEN_METEO_ERA5_LAND,brisbane
2022-04-05,27.70,16.50,21.70,33.10,17.60,24.40,1.30,OPEN_METEO_ERA5_LAND,brisbane
2022-04-06,26.40,19.90,22.40,28.30,21.50,24.20,1.40,OPEN_METEO_ERA5_LAND,brisbane
2022-04-07,26.30,18.40,21.50,27.60,19.40,22.60,0.40,OPEN_METEO_ERA5_LAND,brisbane
2022-04-08,26.30,18.20,21.60,27.60,19.20,22.50,0.30,OPEN_METEO_ERA5_LAND,brisbane
2022-04-09,24.80,19.00,21.20,26.40,20.30,22.80,6.30,OPEN_METEO_ERA5_LAND,brisbane
2022-04-10,26.20,17.30,21.50,28.00,18.50,23.20,0.00,OPEN_METEO_ERA5_LAND,brisbane
2022-04-11,27.70,16.90,21.60,29.90,17.70,23.70,0.00,OPEN_METEO_ERA5_LAND,brisbane
2022-04-12,27.30,18.50,22.10,30.80,20.60,24.50,1.50,OPEN_METEO_ERA5_LAND,brisbane
2022-04-13,25.30,17.10,20.10,27.80,18.80,21.70,7.20,OPEN_METEO_ERA5_LAND,brisbane
2022-04-14,24.30,15.60,19.40,24.70,16.20,19.80,1.40,OPEN_METEO_ERA5_LAND,brisbane
2022-04-15,25.60,15.50,19.40,26.10,15.20,19.50,0.20,OPEN_METEO_ERA5_LAND,brisbane
2022-04-16,24.90,15.00,19.20,25.50,14.70,19.50,0.10,OPEN_METEO_ERA5_LAND,brisbane
2022-04-17,23.50,15.50,19.30,23.90,15.80,19.90,0.20,OPEN_METEO_ERA5_LAND,brisbane
2022-04-18,25.60,15.10,19.50,27.50,15.40,20.50,0.00,OPEN_METEO_ERA5_LAND,brisbane
2022-04-19,25.30,14.20,19.70,27.00,14.30,20.90,0.00,OPEN_METEO_ERA5_LAND,brisbane
2022-04-20,28.60,16.10,21.80,30.70,16.90,23.40,0.20,OPEN_METEO_ERA5_LAND,brisbane
2022-04-21,26.30,15.90,20.30,27.40,15.80,21.00,0.10,OPEN_METEO_ERA5_LAND,brisbane
2022-04-22,25.10,17.40,20.40,25.40,17.40,20.70,0.50,OPEN_METEO_ERA5_LAND,brisbane
2022-04-23,22.50,16.60,19.20,22.50,17.20,19.30,3.70,OPEN_METEO_ERA5_LAND,brisbane
2022-04-24,22.50,16.40,19.00,22.10,16.10,18.60,0.80,OPEN_METEO_ERA5_LAND,brisbane
2022-04-25,21.50,16.30,18.50,21.10,16.10,18.60,2.60,OPEN_METEO_ERA5_LAND,brisbane
2022-04-26,20.70,16.10,18.30,22.70,16.60,19.00,5.30,OPEN_METEO_ERA5_LAND,brisbane
2022-04-27,24.50,15.50,19.60,24.60,15.90,20.50,1.30,OPEN_METEO_ERA5_LAND,brisbane
2022-04-28,24.90,17.30,20.90,26.10,18.20,22.40,0.70,OPEN_METEO_ERA5_LAND,brisbane
2022-04-29,25.80,17.90,21.20,27.40,19.40,23.00,1.20,OPEN_METEO_ERA5_LAND,brisbane
2022-04-30,25.70,17.70,21.00,27.90,19.40,23.20,1.10,OPEN_METEO_ERA5_LAND,brisbane
2022-05-01,22.40,16.60,19.00,23.90,17.80,20.70,3.00,OPEN_METEO_ERA5_LAND,brisbane
2022-05-02,24.60,15.90,19.30,24.50,15.60,19.50,0.00,OPEN_METEO_ERA5_LAND,brisbane
2022-05-03,24.20,13.20,18.30,25.90,12.70,18.90,0.30,OPEN_METEO_ERA5_LAND,brisbane
2022-05-04,25.20,14.60,19.10,28.00,14.80,20.50,0.40,OPEN_METEO_ERA5_LAND,brisbane
2022-05-05,26.20,17.20,21.20,28.80,19.20,23.80,2.60,OPEN_METEO_ERA5_LAND,brisbane
2022-05-06,26.00,18.50,20.80,29.40,20.90,23.50,15.00,OPEN_METEO_ERA5_LAND,brisbane
2022-05-07,24.30,17.60,20.00,27.60,18.30,22.00,17.50,OPEN_METEO_ERA5_LAND,brisbane
2022-05-08,22.10,16.60,19.00,23.10,17.30,20.00,9.20,OPEN_METEO_ERA5_LAND,brisbane
2022-05-09,18.80,16.40,17.60,19.20,16.60,18.00,30.50,OPEN_METEO_ERA5_LAND,brisbane
2022-05-10,22.20,16.70,19.30,21.80,16.80,19.30,0.80,OPEN_METEO_ERA5_LAND,brisbane
2022-05-11,20.10,18.70,19.40,20.40,18.60,19.70,49.00,OPEN_METEO_ERA5_LAND,brisbane
2022-05-12,21.20,19.70,20.20,22.20,19.80,21.00,48.90,OPEN_METEO_ERA5_LAND,brisbane
2022-05-13,21.90,20.20,20.80,23.70,20.90,22.20,23.80,OPEN_METEO_ERA5_LAND,brisbane
2022-05-14,21.90,20.00,20.90,24.80,21.30,22.90,25.40,OPEN_METEO_ERA5_LAND,brisbane
2022-05-15,24.90,19.80,22.00,28.90,22.90,25.50,10.40,OPEN_METEO_ERA5_LAND,brisbane
2022-05-16,26.10,19.10,22.00,30.40,21.90,25.60,3.10,OPEN_METEO_ERA5_LAND,brisbane
2022-05-17,24.70,18.90,21.20,28.30,21.10,23.80,3.00,OPEN_METEO_ERA5_LAND,brisbane
2022-05-18,24.30,18.20,20.80,27.50,20.40,23.20,0.60,OPEN_METEO_ERA5_LAND,brisbane
2022-05-19,22.40,16.10,19.20,22.80,16.20,19.80,1.60,OPEN_METEO_ERA5_LAND,brisbane
2022-05-20,19.80,16.10,17.70,20.40,16.00,17.60,3.20,OPEN_METEO_ERA5_LAND,brisbane
2022-05-21,18.00,15.40,16.30,18.40,14.90,16.40,18.90,OPEN_METEO_ERA5_LAND,brisbane
2022-05-22,18.70,15.20,16.60,19.40,15.20,16.60,9.70,OPEN_METEO_ERA5_LAND,brisbane
2022-05-23,19.20,14.50,16.50,19.50,14.20,16.20,0.80,OPEN_METEO_ERA5_LAND,brisbane
2022-05-24,21.10,14.50,16.80,21.00,14.20,16.60,0.50,OPEN_METEO_ERA5_LAND,brisbane
2022-05-25,22.20,13.70,17.30,21.70,13.20,17.20,0.30,OPEN_METEO_ERA5_LAND,brisbane
2022-05-26,21.50,13.80,17.00,22.60,13.60,17.30,3.60,OPEN_METEO_ERA5_LAND,brisbane
2022-05-27,22.40,13.70,17.40,23.50,13.30,17.80,0.10,OPEN_METEO_ERA5_LAND,brisbane
2022-05-28,23.50,13.70,17.60,24.00,13.30,17.70,0.00,OPEN_METEO_ERA5_LAND,brisbane
2022-05-29,20.90,13.10,16.40,18.30,11.60,14.40,0.00,OPEN_METEO_ERA5_LAND,brisbane
2022-05-30,18.20,12.70,15.60,17.80,10.70,14.70,0.90,OPEN_METEO_ERA5_LAND,brisbane
2022-05-31,18.70,13.80,16.20,14.90,7.80,12.00,0.00,OPEN_METEO_ERA5_LAND,brisbane
2022-06-01,19.00,12.70,15.30,15.10,9.10,11.50,0.00,OPEN_METEO_ERA5_LAND,brisbane
2022-06-02,17.90,8.90,12.90,16.50,5.60,10.60,0.00,OPEN_METEO_ERA5_LAND,brisbane
2022-06-03,20.50,8.30,14.60,20.10,6.20,13.70,5.50,OPEN_METEO_ERA5_LAND,brisbane
2022-06-04,19.70,11.60,16.30,17.40,9.10,14.90,2.60,OPEN_METEO_ERA5_LAND,brisbane
2022-06-05,18.90,9.20,13.90,18.60,7.20,12.70,0.10,OPEN_METEO_ERA5_LAND,brisbane
2022-06-06,20.30,12.10,16.20,17.20,10.10,14.60,2.60,OPEN_METEO_ERA5_LAND,brisbane
2022-06-07,16.30,10.60,12.90,14.30,8.00,10.10,0.00,OPEN_METEO_ERA5_LAND,brisbane
2022-06-08,18.00,8.20,12.20,15.60,5.20,9.10,0.00,OPEN_METEO_ERA5_LAND,brisbane
2022-06-09,17.00,6.10,10.70,13.60,2.00,6.70,0.00,OPEN_METEO_ERA5_LAND,brisbane
2022-06-10,16.90,6.10,10.80,13.50,2.00,7.10,0.00,OPEN_METEO_ERA5_LAND,brisbane
2022-06-11,17.50,7.30,11.80,14.50,4.10,8.40,0.00,OPEN_METEO_ERA5_LAND,brisbane
2022-06-12,18.70,9.00,12.90,15.50,3.90,8.70,0.00,OPEN_METEO_ERA5_LAND,brisbane
2022-06-13,19.70,7.80,12.90,19.60,4.50,11.00,0.00,OPEN_METEO_ERA5_LAND,brisbane
2022-06-14,20.70,9.60,14.30,21.20,8.40,14.00,0.60,OPEN_METEO_ERA5_LAND,brisbane
2022-06-15,21.20,10.20,14.70,22.30,9.10,14.80,1.00,OPEN_METEO_ERA5_LAND,brisbane
2022-06-16,22.70,10.50,15.40,21.40,9.70,14.30,0.10,OPEN_METEO_ERA5_LAND,brisbane
2022-06-17,21.40,9.70,14.30,19.60,7.00,12.30,0.00,OPEN_METEO_ERA5_LAND,brisbane
2022-06-18,20.70,9.10,13.70,19.60,6.60,12.20,0.20,OPEN_METEO_ERA5_LAND,brisbane
2022-06-19,21.20,9.90,14.80,20.20,7.90,13.70,0.20,OPEN_METEO_ERA5_LAND,brisbane
2022-06-20,20.70,10.90,14.80,20.00,9.80,14.20,0.00,OPEN_METEO_ERA5_LAND,brisbane
2022-06-21,21.20,9.70,14.40,20.70,8.00,13.50,0.00,OPEN_METEO_ERA5_LAND,brisbane
2022-06-22,22.30,8.90,14.80,21.70,6.90,13.80,0.00,OPEN_METEO_ERA5_LAND,brisbane
2022-06-23,21.60,9.30,14.50,21.80,7.30,13.70,0.00,OPEN_METEO_ERA5_LAND,brisbane
2022-06-24,22.30,8.50,13.90,19.50,7.00,12.40,0.00,OPEN_METEO_ERA5_LAND,brisbane
2022-06-25,20.70,8.30,13.30,19.30,5.80,11.50,0.00,OPEN_METEO_ERA5_LAND,brisbane
2022-06-26,20.80,7.10,13.20,20.10,4.60,11.80,0.00,OPEN_METEO_ERA5_LAND,brisbane
2022-06-27,21.50,9.90,14.60,20.10,7.50,12.70,0.00,OPEN_METEO_ERA5_LAND,brisbane
2022-06-28,20.00,9.10,13.50,17.50,6.10,11.30,0.00,OPEN_METEO_ERA5_LAND,brisbane
2022-06-29,18.50,10.90,14.40,17.40,9.10,13.30,0.40,OPEN_METEO_ERA5_LAND,brisbane
2022-06-30,19.60,11.30,15.00,19.80,10.20,14.80,0.20,OPEN_METEO_ERA5_LAND,brisbane
2022-07-01,15.60,14.20,14.70,15.70,13.60,14.70,13.70,OPEN_METEO_ERA5_LAND,brisbane
2022-07-02,17.20,12.70,15.00,17.90,12.50,15.30,14.30,OPEN_METEO_ERA5_LAND,brisbane
2022-07-03,19.40,10.50,14.40,17.80,7.90,12.70,0.00,OPEN_METEO_ERA5_LAND,brisbane
2022-07-04,13.80,10.70,12.00,11.90,7.90,10.00,4.90,OPEN_METEO_ERA5_LAND,brisbane
2022-07-05,13.70,10.20,11.70,13.50,8.60,10.90,17.00,OPEN_METEO_ERA5_LAND,brisbane
2022-07-06,18.10,11.30,14.00,18.20,10.20,12.90,6.00,OPEN_METEO_ERA5_LAND,brisbane
2022-07-07,21.80,12.70,16.70,19.90,10.00,14.30,0.00,OPEN_METEO_ERA5_LAND,brisbane
2022-07-08,18.00,9.70,13.50,14.40,5.20,9.70,0.00,OPEN_METEO_ERA5_LAND,brisbane
2022-07-09,17.60,6.90,11.40,16.40,3.90,9.00,0.00,OPEN_METEO_ERA5_LAND,brisbane
2022-07-10,18.70,6.40,11.40,17.90,3.50,9.40,0.00,OPEN_METEO_ERA5_LAND,brisbane
2022-07-11,19.50,7.00,12.40,18.20,4.00,10.50,0.30,OPEN_METEO_ERA5_LAND,brisbane
2022-07-12,18.70,7.30,11.90,19.20,5.70,11.20,13.40,OPEN_METEO_ERA5_LAND,brisbane
2022-07-13,17.20,6.90,11.70,13.60,4.90,8.40,0.00,OPEN_METEO_ERA5_LAND,brisbane
2022-07-14,18.40,8.10,12.50,15.30,3.70,9.00,0.00,OPEN_METEO_ERA5_LAND,brisbane
2022-07-15,20.30,9.10,13.40,19.30,6.70,11.60,0.00,OPEN_METEO_ERA5_LAND,brisbane
2022-07-16,19.70,7.00,12.50,19.80,4.50,11.10,0.00,OPEN_METEO_ERA5_LAND,brisbane
2022-07-17,20.50,8.30,14.10,19.60,6.60,13.30,0.10,OPEN_METEO_ERA5_LAND,brisbane
2022-07-18,23.30,11.20,16.40,22.70,9.10,15.40,0.00,OPEN_METEO_ERA5_LAND,brisbane
2022-07-19,20.30,8.60,13.40,19.30,5.60,11.70,0.20,OPEN_METEO_ERA5_LAND,brisbane
2022-07-20,17.80,11.40,14.40,14.90,10.30,12.60,0.20,OPEN_METEO_ERA5_LAND,brisbane
2022-07-21,17.40,12.90,14.70,15.80,11.00,13.30,10.80,OPEN_METEO_ERA5_LAND,brisbane
2022-07-22,16.40,14.30,15.10,14.80,12.20,13.20,10.30,OPEN_METEO_ERA5_LAND,brisbane
2022-07-23,20.70,13.20,16.20,18.20,11.50,14.40,0.10,OPEN_METEO_ERA5_LAND,brisbane
2022-07-24,21.40,11.40,15.20,21.10,10.00,14.30,0.00,OPEN_METEO_ERA5_LAND,brisbane
2022-07-25,20.90,9.50,14.10,21.60,7.90,13.40,0.00,OPEN_METEO_ERA5_LAND,brisbane
2022-07-26,24.00,8.50,16.20,24.00,7.40,15.30,0.00,OPEN_METEO_ERA5_LAND,brisbane
2022-07-27,18.20,9.00,13.20,13.50,4.40,8.70,0.00,OPEN_METEO_ERA5_LAND,brisbane
2022-07-28,19.70,7.70,13.00,18.80,4.60,11.00,0.00,OPEN_METEO_ERA5_LAND,brisbane
2022-07-29,21.30,7.40,13.10,19.10,5.00,10.90,0.00,OPEN_METEO_ERA5_LAND,brisbane
2022-07-30,19.60,8.20,13.40,17.50,6.30,11.60,0.00,OPEN_METEO_ERA5_LAND,brisbane
2022-07-31,19.90,9.80,14.40,18.60,8.30,13.20,0.10,OPEN_METEO_ERA5_LAND,brisbane
2022-08-01,18.20,11.40,14.20,18.40,10.90,14.40,0.00,OPEN_METEO_ERA5_LAND,brisbane
2022-08-02,22.20,9.90,15.20,22.70,8.90,15.00,0.00,OPEN_METEO_ERA5_LAND,brisbane
2022-08-03,22.40,11.00,15.80,22.80,10.50,16.00,0.00,OPEN_METEO_ERA5_LAND,brisbane
2022-08-04,22.20,11.10,16.40,21.80,10.40,15.90,0.00,OPEN_METEO_ERA5_LAND,brisbane
2022-08-05,23.30,12.10,17.80,23.20,11.70,18.20,1.00,OPEN_METEO_ERA5_LAND,brisbane
2022-08-06,21.50,13.10,16.60,20.30,10.60,15.60,8.10,OPEN_METEO_ERA5_LAND,brisbane
2022-08-07,21.10,10.10,14.60,19.30,6.60,11.80,0.00,OPEN_METEO_ERA5_LAND,brisbane
2022-08-08,20.00,8.50,13.50,18.00,5.40,11.30,0.00,OPEN_METEO_ERA5_LAND,brisbane
2022-08-09,19.60,8.60,13.40,18.50,6.20,11.60,0.00,OPEN_METEO_ERA5_LAND,brisbane
2022-08-10,20.40,8.60,13.60,19.10,6.30,11.70,0.00,OPEN_METEO_ERA5_LAND,brisbane
2022-08-11,20.60,8.80,13.90,20.70,6.80,12.80,0.00,OPEN_METEO_ERA5_LAND,brisbane
2022-08-12,17.40,11.20,14.60,18.40,10.30,14.70,1.40,OPEN_METEO_ERA5_LAND,brisbane
2022-08-13,16.90,9.60,14.50,17.70,7.90,14.30,19.90,OPEN_METEO_ERA5_LAND,brisbane
2022-08-14,21.00,7.00,13.50,18.90,4.20,11.30,0.00,OPEN_METEO_ERA5_LAND,brisbane
2022-08-15,19.80,7.90,13.00,17.50,5.40,10.70,0.00,OPEN_METEO_ERA5_LAND,brisbane
2022-08-16,20.60,7.00,12.90,18.90,4.60,11.00,0.20,OPEN_METEO_ERA5_LAND,brisbane
2022-08-17,20.00,7.80,13.30,18.60,5.30,11.70,0.00,OPEN_METEO_ERA5_LAND,brisbane
2022-08-18,22.70,8.40,14.30,22.80,6.10,13.10,0.00,OPEN_METEO_ERA5_LAND,brisbane
2022-08-19,26.60,7.70,16.40,25.50,5.90,15.10,0.00,OPEN_METEO_ERA5_LAND,brisbane
2022-08-20,22.70,11.10,15.80,23.40,9.20,14.80,0.00,OPEN_METEO_ERA5_LAND,brisbane
2022-08-21,20.40,8.90,14.20,18.50,6.30,12.50,0.50,OPEN_METEO_ERA5_LAND,brisbane
2022-08-22,20.60,9.20,14.60,20.20,7.70,14.00,0.70,OPEN_METEO_ERA5_LAND,brisbane
2022-08-23,23.50,10.30,16.60,23.10,9.00,15.90,5.50,OPEN_METEO_ERA5_LAND,brisbane
2022-08-24,19.70,8.40,13.50,16.60,2.70,9.30,0.00,OPEN_METEO_ERA5_LAND,brisbane
2022-08-25,21.30,7.60,13.40,21.20,4.30,11.50,0.00,OPEN_METEO_ERA5_LAND,brisbane
2022-08-26,20.10,7.10,13.40,19.30,4.70,12.10,0.70,OPEN_METEO_ERA5_LAND,brisbane
2022-08-27,20.40,9.10,14.40,20.10,7.70,13.60,0.80,OPEN_METEO_ERA5_LAND,brisbane
2022-08-28,21.50,10.80,15.80,20.90,9.80,15.30,0.50,OPEN_METEO_ERA5_LAND,brisbane
2022-08-29,21.80,12.30,16.60,20.90,11.80,16.50,1.60,OPEN_METEO_ERA5_LAND,brisbane
2022-08-30,19.90,13.60,16.20,20.50,13.20,17.10,7.40,OPEN_METEO_ERA5_LAND,brisbane
2022-08-31,22.90,13.90,16.80,24.10,14.00,17.50,13.30,OPEN_METEO_ERA5_LAND,brisbane
2022-09-01,22.30,11.50,16.60,23.50,11.10,16.90,0.50,OPEN_METEO_ERA5_LAND,brisbane
2022-09-02,20.40,13.00,16.70,21.80,12.80,17.50,5.80,OPEN_METEO_ERA5_LAND,brisbane
2022-09-03,18.80,14.00,15.70,16.70,12.50,14.60,28.70,OPEN_METEO_ERA5_LAND,brisbane
2022-09-04,21.00,12.70,16.00,18.20,9.80,13.80,0.00,OPEN_METEO_ERA5_LAND,brisbane
2022-09-05,19.80,10.20,14.80,18.70,8.10,13.40,0.10,OPEN_METEO_ERA5_LAND,brisbane
2022-09-06,19.60,9.80,14.30,18.70,8.60,13.20,0.00,OPEN_METEO_ERA5_LAND,brisbane
2022-09-07,20.10,9.40,14.40,19.50,7.90,13.40,1.00,OPEN_METEO_ERA5_LAND,brisbane
2022-09-08,20.10,9.60,15.30,19.10,8.40,14.70,0.10,OPEN_METEO_ERA5_LAND,brisbane
2022-09-09,21.10,13.00,16.20,22.00,12.30,16.60,21.60,OPEN_METEO_ERA5_LAND,brisbane
2022-09-10,24.20,9.80,17.80,22.60,8.10,16.20,0.00,OPEN_METEO_ERA5_LAND,brisbane
2022-09-11,24.00,12.60,17.30,24.50,10.30,16.40,0.00,OPEN_METEO_ERA5_LAND,brisbane
2022-09-12,22.80,14.30,17.50,21.40,12.30,16.30,0.20,OPEN_METEO_ERA5_LAND,brisbane
2022-09-13,23.80,11.50,16.80,24.80,9.10,15.60,0.00,OPEN_METEO_ERA5_LAND,brisbane
2022-09-14,21.60,11.00,15.90,23.30,10.00,15.50,0.60,OPEN_METEO_ERA5_LAND,brisbane
2022-09-15,20.80,10.90,16.50,19.80,10.30,15.80,1.40,OPEN_METEO_ERA5_LAND,brisbane
2022-09-16,23.50,14.10,18.10,24.40,13.60,18.10,11.70,OPEN_METEO_ERA5_LAND,brisbane
2022-09-17,28.50,14.20,20.10,27.70,14.50,19.90,1.20,OPEN_METEO_ERA5_LAND,brisbane
2022-09-18,26.20,12.20,18.50,25.30,10.70,17.70,0.00,OPEN_METEO_ERA5_LAND,brisbane
2022-09-19,28.50,11.10,18.40,29.00,9.70,17.80,0.00,OPEN_METEO_ERA5_LAND,brisbane
2022-09-20,25.90,11.40,18.00,27.60,9.20,17.40,0.00,OPEN_METEO_ERA5_LAND,brisbane
2022-09-21,21.70,14.60,18.10,21.40,14.90,18.60,5.40,OPEN_METEO_ERA5_LAND,brisbane
2022-09-22,20.80,15.40,18.00,21.90,15.40,18.90,9.90,OPEN_METEO_ERA5_LAND,brisbane
2022-09-23,24.90,14.30,18.90,24.60,13.80,19.00,24.80,OPEN_METEO_ERA5_LAND,brisbane
2022-09-24,26.60,14.00,19.90,26.60,13.70,19.60,0.00,OPEN_METEO_ERA5_LAND,brisbane
2022-09-25,25.20,14.10,18.90,27.10,12.50,18.70,0.00,OPEN_METEO_ERA5_LAND,brisbane
2022-09-26,26.10,12.60,18.90,27.90,12.40,19.50,0.10,OPEN_METEO_ERA5_LAND,brisbane
2022-09-27,22.90,15.20,18.90,23.20,15.30,19.40,19.60,OPEN_METEO_ERA5_LAND,brisbane
2022-09-28,24.20,16.50,19.30,25.40,17.10,20.40,22.00,OPEN_METEO_ERA5_LAND,brisbane
2022-09-29,22.40,14.60,17.80,22.00,11.80,15.90,0.00,OPEN_METEO_ERA5_LAND,brisbane
2022-09-30,26.40,11.60,17.90,25.60,10.30,17.40,0.00,OPEN_METEO_ERA5_LAND,brisbane
2022-10-01,22.30,13.90,16.90,22.40,13.80,16.40,6.40,OPEN_METEO_ERA5_LAND,brisbane
2022-10-02,18.50,11.90,14.50,18.70,11.40,14.10,8.70,OPEN_METEO_ERA5_LAND,brisbane
2022-10-03,21.60,9.90,15.60,22.00,8.90,15.00,0.10,OPEN_METEO_ERA5_LAND,brisbane
2022-10-04,21.50,10.70,16.30,21.90,9.70,15.90,0.10,OPEN_METEO_ERA5_LAND,brisbane
2022-10-05,23.10,11.30,17.40,23.60,10.30,17.00,0.80,OPEN_METEO_ERA5_LAND,brisbane
2022-10-06,21.30,15.20,17.90,21.60,15.60,18.60,3.70,OPEN_METEO_ERA5_LAND,brisbane
2022-10-07,22.70,16.10,19.20,22.40,17.50,19.70,0.00,OPEN_METEO_ERA5_LAND,brisbane
2022-10-08,23.80,15.10,19.90,25.10,15.20,20.40,0.30,OPEN_METEO_ERA5_LAND,brisbane
2022-10-09,26.50,18.20,21.10,27.30,18.20,22.10,6.50,OPEN_METEO_ERA5_LAND,brisbane
2022-10-10,21.10,15.60,18.30,19.40,15.40,17.50,1.00,OPEN_METEO_ERA5_LAND,brisbane
2022-10-11,22.00,13.20,17.30,20.20,12.10,16.00,0.00,OPEN_METEO_ERA5_LAND,brisbane
2022-10-12,23.10,12.40,17.70,22.70,11.40,16.70,0.00,OPEN_METEO_ERA5_LAND,brisbane
2022-10-13,23.90,13.80,18.60,24.20,13.00,18.60,0.20,OPEN_METEO_ERA5_LAND,brisbane
2022-10-14,25.60,15.10,20.30,27.00,15.80,21.60,0.20,OPEN_METEO_ERA5_LAND,brisbane
2022-10-15,24.70,16.00,20.10,25.60,14.90,19.90,0.00,OPEN_METEO_ERA5_LAND,brisbane
2022-10-16,24.20,14.30,19.30,25.80,14.70,20.00,0.50,OPEN_METEO_ERA5_LAND,brisbane
2022-10-17,22.30,15.80,18.90,23.50,16.70,19.80,4.80,OPEN_METEO_ERA5_LAND,brisbane
2022-10-18,23.60,14.30,19.40,24.80,15.10,20.00,0.80,OPEN_METEO_ERA5_LAND,brisbane
2022-10-19,21.50,17.60,19.60,22.50,18.70,20.50,3.90,OPEN_METEO_ERA5_LAND,brisbane
2022-10-20,23.60,18.20,20.30,23.30,18.90,21.10,1.00,OPEN_METEO_ERA5_LAND,brisbane
2022-10-21,21.70,19.00,19.90,22.50,19.60,21.20,22.50,OPEN_METEO_ERA5_LAND,brisbane
2022-10-22,21.40,17.80,19.40,22.50,18.60,20.40,22.60,OPEN_METEO_ERA5_LAND,brisbane
2022-10-23,21.50,18.00,19.10,21.80,17.20,19.60,97.40,OPEN_METEO_ERA5_LAND,brisbane
2022-10-24,29.30,16.90,22.30,32.00,16.70,23.70,1.80,OPEN_METEO_ERA5_LAND,brisbane
2022-10-25,27.50,18.20,21.80,30.30,19.70,23.80,8.90,OPEN_METEO_ERA5_LAND,brisbane
2022-10-26,32.30,18.30,23.70,33.40,20.20,25.40,0.00,OPEN_METEO_ERA5_LAND,brisbane
2022-10-27,33.10,17.10,24.40,36.60,18.10,26.40,0.00,OPEN_METEO_ERA5_LAND,brisbane
2022-10-28,30.20,19.30,24.10,31.00,18.10,23.60,0.00,OPEN_METEO_ERA5_LAND,brisbane
2022-10-29,29.90,15.10,22.00,29.40,14.20,21.40,0.00,OPEN_METEO_ERA5_LAND,brisbane
2022-10-30,28.40,14.80,21.20,31.00,14.10,21.40,0.00,OPEN_METEO_ERA5_LAND,brisbane
2022-10-31,28.00,16.70,22.60,32.30,17.20,24.30,0.80,OPEN_METEO_ERA5_LAND,brisbane
2022-11-01,25.40,18.00,20.90,26.20,16.80,21.40,30.70,OPEN_METEO_ERA5_LAND,brisbane
2022-11-02,22.00,13.80,17.90,19.70,10.80,14.80,0.00,OPEN_METEO_ERA5_LAND,brisbane
2022-11-03,22.50,10.80,16.70,23.90,7.50,15.30,0.00,OPEN_METEO_ERA5_LAND,brisbane
2022-11-04,23.90,11.80,17.90,23.60,10.40,16.80,0.00,OPEN_METEO_ERA5_LAND,brisbane
2022-11-05,23.50,13.70,18.30,24.40,13.10,18.00,0.40,OPEN_METEO_ERA5_LAND,brisbane
2022-11-06,23.70,13.90,18.70,23.70,13.50,18.60,0.90,OPEN_METEO_ERA5_LAND,brisbane
2022-11-07,24.10,14.20,18.80,24.40,14.00,18.70,0.20,OPEN_METEO_ERA5_LAND,brisbane
2022-11-08,23.20,13.10,18.00,24.00,12.40,17.70,2.30,OPEN_METEO_ERA5_LAND,brisbane
2022-11-09,23.80,12.80,18.40,23.00,12.00,17.70,0.00,OPEN_METEO_ERA5_LAND,brisbane
2022-11-10,24.90,14.00,18.80,25.60,13.80,18.60,0.30,OPEN_METEO_ERA5_LAND,brisbane
2022-11-11,26.10,12.20,19.20,28.40,11.50,19.40,0.00,OPEN_METEO_ERA5_LAND,brisbane
2022-11-12,27.50,13.50,20.90,31.20,13.90,21.90,0.10,OPEN_METEO_ERA5_LAND,brisbane
2022-11-13,27.50,16.50,22.10,31.00,17.20,23.10,0.00,OPEN_METEO_ERA5_LAND,brisbane
2022-11-14,29.20,19.00,23.50,30.90,20.00,25.00,0.20,OPEN_METEO_ERA5_LAND,brisbane
2022-11-15,33.20,18.10,24.60,33.80,16.50,24.60,0.00,OPEN_METEO_ERA5_LAND,brisbane
2022-11-16,29.70,17.00,22.70,28.50,15.10,20.40,0.00,OPEN_METEO_ERA5_LAND,brisbane
2022-11-17,24.30,14.40,18.90,22.90,11.50,16.70,0.00,OPEN_METEO_ERA5_LAND,brisbane
2022-11-18,25.90,11.80,19.00,26.80,10.60,18.50,0.00,OPEN_METEO_ERA5_LAND,brisbane
2022-11-19,28.30,15.20,21.70,29.50,14.80,21.70,0.90,OPEN_METEO_ERA5_LAND,brisbane
2022-11-20,33.40,19.10,25.10,36.30,20.70,27.50,0.70,OPEN_METEO_ERA5_LAND,brisbane
2022-11-21,33.90,21.80,26.40,32.10,19.60,26.00,0.00,OPEN_METEO_ERA5_LAND,brisbane
2022-11-22,30.40,18.20,22.50,28.80,15.30,20.80,0.00,OPEN_METEO_ERA5_LAND,brisbane
2022-11-23,28.20,16.20,21.10,27.00,13.70,19.10,0.00,OPEN_METEO_ERA5_LAND,brisbane
2022-11-24,27.20,16.70,22.10,27.70,14.10,21.60,0.00,OPEN_METEO_ERA5_LAND,brisbane
2022-11-25,31.10,15.00,23.10,33.90,15.40,24.10,0.00,OPEN_METEO_ERA5_LAND,brisbane
2022-11-26,34.00,15.60,23.30,35.40,16.20,24.00,0.00,OPEN_METEO_ERA5_LAND,brisbane
2022-11-27,29.20,18.80,22.80,31.30,20.80,25.00,4.60,OPEN_METEO_ERA5_LAND,brisbane
2022-11-28,30.30,20.40,24.30,33.50,21.70,26.70,12.60,OPEN_METEO_ERA5_LAND,brisbane
2022-11-29,30.40,20.90,24.40,33.70,22.70,26.70,0.80,OPEN_METEO_ERA5_LAND,brisbane
2022-11-30,22.20,16.80,19.80,22.50,16.60,19.90,13.20,OPEN_METEO_ERA5_LAND,brisbane
2022-12-01,17.70,15.50,16.60,16.70,14.60,15.60,17.30,OPEN_METEO_ERA5_LAND,brisbane
2022-12-02,24.10,14.90,19.00,23.90,13.80,18.00,0.70,OPEN_METEO_ERA5_LAND,brisbane
2022-12-03,24.30,15.20,19.60,24.10,14.20,18.60,0.70,OPEN_METEO_ERA5_LAND,brisbane
2022-12-04,25.10,15.10,20.10,25.60,14.30,20.10,0.10,OPEN_METEO_ERA5_LAND,brisbane
2022-12-05,28.10,16.30,21.80,31.70,16.70,23.60,0.50,OPEN_METEO_ERA5_LAND,brisbane
2022-12-06,34.60,16.40,24.90,39.20,17.60,27.10,0.00,OPEN_METEO_ERA5_LAND,brisbane
2022-12-07,28.60,17.50,23.40,33.80,19.60,26.10,0.00,OPEN_METEO_ERA5_LAND,brisbane
2022-12-08,29.40,19.90,24.50,33.50,20.20,27.10,5.10,OPEN_METEO_ERA5_LAND,brisbane
2022-12-09,25.50,20.00,22.20,26.80,20.50,22.90,0.30,OPEN_METEO_ERA5_LAND,brisbane
2022-12-10,25.60,18.60,21.70,27.60,19.80,22.50,0.40,OPEN_METEO_ERA5_LAND,brisbane
2022-12-11,27.00,18.90,22.70,29.40,20.20,24.00,0.00,OPEN_METEO_ERA5_LAND,brisbane
2022-12-12,29.60,18.10,24.00,33.20,19.80,26.20,0.30,OPEN_METEO_ERA5_LAND,brisbane
2022-12-13,29.10,20.60,24.10,33.50,22.60,26.70,1.10,OPEN_METEO_ERA5_LAND,brisbane
2022-12-14,32.50,18.90,24.30,33.30,18.60,25.70,0.20,OPEN_METEO_ERA5_LAND,brisbane
2022-12-15,28.10,16.50,21.80,30.10,16.00,22.60,0.10,OPEN_METEO_ERA5_LAND,brisbane
2022-12-16,25.80,17.00,21.30,28.40,17.50,22.20,2.00,OPEN_METEO_ERA5_LAND,brisbane
2022-12-17,25.00,17.10,20.90,26.60,17.20,21.00,0.90,OPEN_METEO_ERA5_LAND,brisbane
2022-12-18,25.30,15.70,20.50,26.50,16.30,20.40,0.30,OPEN_METEO_ERA5_LAND,brisbane
2022-12-19,25.60,15.50,20.40,26.50,15.30,20.00,0.00,OPEN_METEO_ERA5_LAND,brisbane
2022-12-20,27.90,14.20,20.30,28.50,12.60,19.50,0.00,OPEN_METEO_ERA5_LAND,brisbane
2022-12-21,26.10,14.60,20.60,26.50,14.00,20.30,0.00,OPEN_METEO_ERA5_LAND,brisbane
2022-12-22,26.90,16.10,21.90,28.50,16.20,22.30,0.00,OPEN_METEO_ERA5_LAND,brisbane
2022-12-23,30.00,18.30,23.30,32.50,19.10,24.10,0.60,OPEN_METEO_ERA5_LAND,brisbane
2022-12-24,27.00,19.90,22.30,30.10,20.90,24.70,12.50,OPEN_METEO_ERA5_LAND,brisbane
2022-12-25,27.80,19.10,22.70,31.60,21.70,25.80,13.30,OPEN_METEO_ERA5_LAND,brisbane
2022-12-26,27.00,19.10,22.60,29.20,21.30,24.30,1.60,OPEN_METEO_ERA5_LAND,brisbane
2022-12-27,26.40,18.50,21.90,27.80,19.90,23.00,1.90,OPEN_METEO_ERA5_LAND,brisbane
2022-12-28,26.50,17.80,21.80,28.10,19.30,23.00,2.50,OPEN_METEO_ERA5_LAND,brisbane
2022-12-29,27.50,17.00,22.40,27.50,17.90,23.40,0.10,OPEN_METEO_ERA5_LAND,brisbane
2022-12-30,27.20,20.60,22.70,28.90,22.70,24.70,3.80,OPEN_METEO_ERA5_LAND,brisbane
2022-12-31,28.00,19.30,23.10,30.60,21.40,25.00,0.60,OPEN_METEO_ERA5_LAND,brisbane
2023-01-01,27.80,18.70,23.00,31.00,20.70,24.90,1.00,OPEN_METEO_ERA5_LAND,brisbane
2023-01-02,27.40,17.80,22.60,29.80,19.10,24.20,1.90,OPEN_METEO_ERA5_LAND,brisbane
2023-01-03,30.60,17.60,23.40,34.50,19.20,25.40,0.00,OPEN_METEO_ERA5_LAND,brisbane
2023-01-04,31.30,18.80,25.00,37.10,21.50,28.50,11.20,OPEN_METEO_ERA5_LAND,brisbane
2023-01-05,27.30,21.10,23.50,31.10,23.60,27.30,10.60,OPEN_METEO_ERA5_LAND,brisbane
2023-01-06,27.30,18.70,22.60,31.20,19.60,24.50,2.40,OPEN_METEO_ERA5_LAND,brisbane
2023-01-07,27.50,17.40,22.70,30.60,18.60,24.20,0.60,OPEN_METEO_ERA5_LAND,brisbane
2023-01-08,28.80,18.50,23.30,33.60,19.70,25.40,0.50,OPEN_METEO_ERA5_LAND,brisbane
2023-01-09,29.90,20.50,24.10,34.90,22.90,26.80,0.40,OPEN_METEO_ERA5_LAND,brisbane
2023-01-10,30.10,18.30,23.50,34.40,20.50,25.70,0.10,OPEN_METEO_ERA5_LAND,brisbane
2023-01-11,29.90,17.70,23.40,32.40,19.10,24.80,0.00,OPEN_METEO_ERA5_LAND,brisbane
2023-01-12,28.80,18.60,23.60,30.50,20.00,25.30,0.00,OPEN_METEO_ERA5_LAND,brisbane
2023-01-13,29.10,18.50,23.40,30.60,20.00,24.60,0.50,OPEN_METEO_ERA5_LAND,brisbane
2023-01-14,25.60,20.40,22.60,27.00,21.90,23.90,1.70,OPEN_METEO_ERA5_LAND,brisbane
2023-01-15,27.30,19.30,23.30,27.70,20.90,24.50,0.00,OPEN_METEO_ERA5_LAND,brisbane
2023-01-16,26.30,21.80,23.50,27.60,24.50,25.60,4.40,OPEN_METEO_ERA5_LAND,brisbane
2023-01-17,28.60,19.60,23.70,30.40,21.30,25.20,0.10,OPEN_METEO_ERA5_LAND,brisbane
2023-01-18,28.60,18.90,23.20,30.40,20.70,24.40,0.70,OPEN_METEO_ERA5_LAND,brisbane
2023-01-19,29.60,16.90,23.60,32.90,17.80,25.30,0.10,OPEN_METEO_ERA5_LAND,brisbane
2023-01-20,27.60,20.00,22.50,30.40,21.50,24.10,3.90,OPEN_METEO_ERA5_LAND,brisbane
2023-01-21,28.70,17.50,22.70,30.00,18.20,23.50,0.20,OPEN_METEO_ERA5_LAND,brisbane
2023-01-22,28.00,17.30,22.70,30.40,18.40,24.30,1.60,OPEN_METEO_ERA5_LAND,brisbane
2023-01-23,29.70,18.50,24.20,32.80,19.60,26.00,0.00,OPEN_METEO_ERA5_LAND,brisbane
2023-01-24,30.10,19.40,24.50,33.90,22.10,27.60,4.80,OPEN_METEO_ERA5_LAND,brisbane
2023-01-25,31.40,20.30,25.10,37.10,23.60,28.80,1.90,OPEN_METEO_ERA5_LAND,brisbane
2023-01-26,32.70,20.60,26.20,40.00,24.10,30.60,0.00,OPEN_METEO_ERA5_LAND,brisbane
2023-01-27,32.00,21.40,26.30,35.60,25.10,29.90,0.20,OPEN_METEO_ERA5_LAND,brisbane
2023-01-28,32.10,20.90,25.20,38.70,24.60,29.60,2.20,OPEN_METEO_ERA5_LAND,brisbane
2023-01-29,31.10,21.20,25.60,36.90,25.00,29.60,1.90,OPEN_METEO_ERA5_LAND,brisbane
2023-01-30,30.60,21.80,25.30,35.50,25.30,28.70,4.70,OPEN_METEO_ERA5_LAND,brisbane
2023-01-31,32.40,22.00,26.10,35.70,25.10,29.60,16.70,OPEN_METEO_ERA5_LAND,brisbane
2023-02-01,32.90,22.50,25.80,39.50,26.90,30.40,5.20,OPEN_METEO_ERA5_LAND,brisbane
2023-02-02,29.50,22.60,25.90,33.50,26.40,30.20,2.40,OPEN_METEO_ERA5_LAND,brisbane
2023-02-03,33.30,21.90,27.20,41.20,26.30,32.40,8.00,OPEN_METEO_ERA5_LAND,brisbane
2023-02-04,28.40,22.90,25.10,30.80,26.50,28.10,2.70,OPEN_METEO_ERA5_LAND,brisbane
2023-02-05,30.20,21.40,25.50,33.60,24.50,28.30,0.30,OPEN_METEO_ERA5_LAND,brisbane
2023-02-06,29.80,20.10,24.70,32.20,21.90,26.70,0.00,OPEN_METEO_ERA5_LAND,brisbane
2023-02-07,29.10,18.60,23.90,31.20,20.20,25.40,0.00,OPEN_METEO_ERA5_LAND,brisbane
2023-02-08,29.50,19.70,24.40,31.10,20.90,25.50,0.00,OPEN_METEO_ERA5_LAND,brisbane
2023-02-09,28.20,20.30,23.90,29.10,22.40,25.10,1.20,OPEN_METEO_ERA5_LAND,brisbane
2023-02-10,30.40,19.30,24.40,31.70,20.10,25.30,0.20,OPEN_METEO_ERA5_LAND,brisbane
2023-02-11,33.30,18.80,24.90,36.60,19.90,26.70,0.00,OPEN_METEO_ERA5_LAND,brisbane
2023-02-12,37.70,19.20,26.70,40.70,21.50,29.00,0.00,OPEN_METEO_ERA5_LAND,brisbane
2023-02-13,34.00,22.30,26.80,38.50,25.00,29.90,1.30,OPEN_METEO_ERA5_LAND,brisbane
2023-02-14,27.80,20.00,23.50,31.30,21.60,26.10,45.00,OPEN_METEO_ERA5_LAND,brisbane
2023-02-15,27.50,19.20,22.90,30.20,21.10,24.40,3.80,OPEN_METEO_ERA5_LAND,brisbane
2023-02-16,27.80,17.00,22.30,29.30,17.60,23.30,0.00,OPEN_METEO_ERA5_LAND,brisbane
2023-02-17,28.40,16.50,22.50,32.40,17.10,24.40,0.00,OPEN_METEO_ERA5_LAND,brisbane
2023-02-18,30.00,18.00,23.50,34.60,19.50,25.80,0.00,OPEN_METEO_ERA5_LAND,brisbane
2023-02-19,29.20,17.70,23.50,32.90,19.50,25.50,0.00,OPEN_METEO_ERA5_LAND,brisbane
2023-02-20,27.90,20.90,23.90,29.80,23.50,26.10,1.90,OPEN_METEO_ERA5_LAND,brisbane
2023-02-21,28.60,19.80,23.40,29.40,22.00,25.20,0.70,OPEN_METEO_ERA5_LAND,brisbane
2023-02-22,28.50,18.80,22.70,29.60,19.80,23.60,0.90,OPEN_METEO_ERA5_LAND,brisbane
2023-02-23,27.50,19.20,22.30,28.00,20.80,23.00,1.10,OPEN_METEO_ERA5_LAND,brisbane
2023-02-24,26.40,18.70,21.60,28.10,19.90,22.50,6.30,OPEN_METEO_ERA5_LAND,brisbane
2023-02-25,27.50,17.40,22.20,29.60,17.90,23.50,1.20,OPEN_METEO_ERA5_LAND,brisbane
2023-02-26,28.60,17.00,22.60,32.80,18.00,24.80,1.00,OPEN_METEO_ERA5_LAND,brisbane
2023-02-27,30.00,18.50,23.80,34.50,20.80,26.60,0.00,OPEN_METEO_ERA5_LAND,brisbane
2023-02-28,30.40,19.50,24.20,34.90,22.30,26.80,0.00,OPEN_METEO_ERA5_LAND,brisbane
2023-03-01,31.50,19.60,24.70,35.20,21.60,27.00,1.50,OPEN_METEO_ERA5_LAND,brisbane
2023-03-02,28.40,21.40,24.20,31.10,24.60,27.20,2.60,OPEN_METEO_ERA5_LAND,brisbane
2023-03-03,29.20,20.10,23.50,32.10,21.50,25.40,1.00,OPEN_METEO_ERA5_LAND,brisbane
2023-03-04,28.90,17.80,22.80,29.50,18.40,23.30,0.00,OPEN_METEO_ERA5_LAND,brisbane
2023-03-05,29.10,17.30,23.10,31.40,18.20,24.40,0.10,OPEN_METEO_ERA5_LAND,brisbane
2023-03-06,29.70,18.60,24.10,32.70,21.40,26.20,0.10,OPEN_METEO_ERA5_LAND,brisbane
2023-03-07,32.20,18.50,25.10,36.20,20.50,27.30,0.00,OPEN_METEO_ERA5_LAND,brisbane
2023-03-08,31.20,21.90,25.90,33.10,24.30,28.60,0.00,OPEN_METEO_ERA5_LAND,brisbane
2023-03-09,29.90,21.70,24.60,32.20,23.70,27.40,3.70,OPEN_METEO_ERA5_LAND,brisbane
2023-03-10,29.40,21.20,23.50,33.20,23.70,27.00,10.70,OPEN_METEO_ERA5_LAND,brisbane
2023-03-11,26.50,21.70,23.70,29.90,25.80,27.90,33.00,OPEN_METEO_ERA5_LAND,brisbane
2023-03-12,30.60,21.80,24.60,35.40,25.80,29.00,12.80,OPEN_METEO_ERA5_LAND,brisbane
2023-03-13,29.10,21.50,24.70,34.10,25.30,28.30,5.60,OPEN_METEO_ERA5_LAND,brisbane
2023-03-14,30.30,20.20,24.30,36.10,22.60,27.50,0.70,OPEN_METEO_ERA5_LAND,brisbane
2023-03-15,30.80,19.80,24.80,36.70,22.80,28.60,1.40,OPEN_METEO_ERA5_LAND,brisbane
2023-03-16,33.60,21.00,26.00,39.40,24.50,30.60,0.70,OPEN_METEO_ERA5_LAND,brisbane
2023-03-17,35.60,22.50,27.00,40.70,26.70,31.80,0.00,OPEN_METEO_ERA5_LAND,brisbane
2023-03-18,31.50,23.00,26.40,36.70,26.20,30.90,0.60,OPEN_METEO_ERA5_LAND,brisbane
2023-03-19,30.70,22.60,25.50,33.80,25.70,29.00,0.50,OPEN_METEO_ERA5_LAND,brisbane
2023-03-20,31.10,19.80,25.10,35.30,22.20,28.30,0.10,OPEN_METEO_ERA5_LAND,brisbane
2023-03-21,29.20,21.20,24.80,30.00,23.10,26.30,0.70,OPEN_METEO_ERA5_LAND,brisbane
2023-03-22,24.90,21.00,22.60,27.10,22.90,24.80,6.10,OPEN_METEO_ERA5_LAND,brisbane
2023-03-23,28.30,19.40,23.40,31.20,20.90,25.10,0.00,OPEN_METEO_ERA5_LAND,brisbane
2023-03-24,30.80,17.60,23.20,35.60,19.00,26.00,0.50,OPEN_METEO_ERA5_LAND,brisbane
2023-03-25,29.30,19.00,23.30,33.80,21.70,26.40,8.60,OPEN_METEO_ERA5_LAND,brisbane
2023-03-26,28.00,19.10,23.10,30.90,21.80,25.90,20.50,OPEN_METEO_ERA5_LAND,brisbane
2023-03-27,29.60,19.70,24.20,33.60,22.20,27.10,0.60,OPEN_METEO_ERA5_LAND,brisbane
2023-03-28,31.20,20.10,25.00,36.40,23.70,29.00,0.30,OPEN_METEO_ERA5_LAND,brisbane
2023-03-29,26.00,22.00,23.60,30.40,26.00,27.70,2.90,OPEN_METEO_ERA5_LAND,brisbane
2023-03-30,30.10,19.60,23.90,30.70,17.50,25.00,6.20,OPEN_METEO_ERA5_LAND,brisbane
2023-03-31,28.40,15.40,21.50,29.30,14.00,21.30,0.00,OPEN_METEO_ERA5_LAND,brisbane
2023-04-01,24.70,17.80,20.30,24.80,17.50,20.70,0.00,OPEN_METEO_ERA5_LAND,brisbane
2023-04-02,26.90,15.20,20.60,28.90,15.80,21.50,0.20,OPEN_METEO_ERA5_LAND,brisbane
2023-04-03,26.90,16.20,21.00,28.30,16.40,21.70,1.00,OPEN_METEO_ERA5_LAND,brisbane
2023-04-04,26.70,17.30,20.80,29.20,18.10,22.60,8.50,OPEN_METEO_ERA5_LAND,brisbane
2023-04-05,29.00,16.60,21.90,29.50,17.90,23.20,0.10,OPEN_METEO_ERA5_LAND,brisbane
2023-04-06,26.10,16.70,21.20,28.80,17.20,22.50,0.20,OPEN_METEO_ERA5_LAND,brisbane
2023-04-07,24.50,17.10,20.60,25.30,18.50,22.20,2.90,OPEN_METEO_ERA5_LAND,brisbane
2023-04-08,27.30,18.40,22.60,24.50,17.30,21.60,0.00,OPEN_METEO_ERA5_LAND,brisbane
2023-04-09,26.50,16.90,21.10,23.80,14.80,18.70,0.00,OPEN_METEO_ERA5_LAND,brisbane
2023-04-10,25.80,14.50,19.90,23.30,12.00,17.40,0.00,OPEN_METEO_ERA5_LAND,brisbane
2023-04-11,27.00,12.70,19.30,25.20,10.30,17.00,0.00,OPEN_METEO_ERA5_LAND,brisbane
2023-04-12,27.80,12.90,19.60,25.10,10.70,17.60,0.00,OPEN_METEO_ERA5_LAND,brisbane
2023-04-13,27.90,15.40,21.40,24.60,13.70,18.70,0.00,OPEN_METEO_ERA5_LAND,brisbane
2023-04-14,27.30,13.90,20.30,27.90,12.40,19.90,0.00,OPEN_METEO_ERA5_LAND,brisbane
2023-04-15,25.40,14.20,19.90,26.70,14.20,20.40,0.90,OPEN_METEO_ERA5_LAND,brisbane
2023-04-16,29.50,15.90,22.30,31.10,17.10,23.70,0.00,OPEN_METEO_ERA5_LAND,brisbane
2023-04-17,29.30,18.50,23.20,30.70,20.60,24.20,0.20,OPEN_METEO_ERA5_LAND,brisbane
2023-04-18,27.30,16.70,21.40,26.00,16.70,20.70,0.00,OPEN_METEO_ERA5_LAND,brisbane
2023-04-19,26.30,16.60,20.50,25.90,15.70,19.80,0.00,OPEN_METEO_ERA5_LAND,brisbane
2023-04-20,27.40,15.20,20.80,26.40,14.40,19.80,0.00,OPEN_METEO_ERA5_LAND,brisbane
2023-04-21,25.30,16.50,20.60,23.80,15.80,19.70,1.70,OPEN_METEO_ERA5_LAND,brisbane
2023-04-22,25.70,16.80,20.70,24.10,15.80,19.70,0.00,OPEN_METEO_ERA5_LAND,brisbane
2023-04-23,26.90,15.40,20.60,24.00,15.10,19.40,0.00,OPEN_METEO_ERA5_LAND,brisbane
2023-04-24,25.30,17.10,20.50,23.20,17.40,20.00,2.40,OPEN_METEO_ERA5_LAND,brisbane
2023-04-25,24.10,17.10,19.80,22.40,17.00,19.60,2.30,OPEN_METEO_ERA5_LAND,brisbane
2023-04-26,22.70,15.80,18.80,22.30,15.80,18.80,1.50,OPEN_METEO_ERA5_LAND,brisbane
2023-04-27,24.50,15.90,19.40,24.50,16.40,20.10,1.30,OPEN_METEO_ERA5_LAND,brisbane
2023-04-28,24.70,15.80,19.70,24.90,16.60,20.30,0.40,OPEN_METEO_ERA5_LAND,brisbane
2023-04-29,24.10,14.30,18.90,25.20,14.60,20.00,0.50,OPEN_METEO_ERA5_LAND,brisbane
2023-04-30,26.00,16.30,19.80,25.40,14.20,19.40,8.90,OPEN_METEO_ERA5_LAND,brisbane
2023-05-01,23.80,12.70,17.50,21.40,10.10,14.80,0.00,OPEN_METEO_ERA5_LAND,brisbane
2023-05-02,24.30,12.50,17.70,22.30,9.40,15.20,0.00,OPEN_METEO_ERA5_LAND,brisbane
2023-05-03,26.00,13.30,18.70,26.00,11.30,17.60,0.00,OPEN_METEO_ERA5_LAND,brisbane
2023-05-04,26.10,12.70,18.70,25.50,10.80,17.70,0.10,OPEN_METEO_ERA5_LAND,brisbane
2023-05-05,23.60,13.60,18.10,23.20,13.30,18.20,0.30,OPEN_METEO_ERA5_LAND,brisbane
2023-05-06,25.30,12.50,18.20,25.70,11.70,18.30,0.00,OPEN_METEO_ERA5_LAND,brisbane
2023-05-07,25.00,12.70,18.30,24.20,11.70,17.50,0.40,OPEN_METEO_ERA5_LAND,brisbane
2023-05-08,21.20,9.70,14.80,16.30,4.60,9.70,0.00,OPEN_METEO_ERA5_LAND,brisbane
2023-05-09,22.20,7.90,14.50,20.20,4.00,11.80,0.00,OPEN_METEO_ERA5_LAND,brisbane
2023-05-10,24.00,9.50,16.20,22.50,7.10,14.60,0.00,OPEN_METEO_ERA5_LAND,brisbane
2023-05-11,23.30,12.30,17.20,21.80,11.50,16.50,0.00,OPEN_METEO_ERA5_LAND,brisbane
2023-05-12,23.50,13.40,17.80,22.50,13.00,17.30,0.00,OPEN_METEO_ERA5_LAND,brisbane
2023-05-13,23.80,13.10,17.90,22.30,12.60,17.10,0.10,OPEN_METEO_ERA5_LAND,brisbane
2023-05-14,21.80,14.40,17.20,21.80,13.90,17.20,12.70,OPEN_METEO_ERA5_LAND,brisbane
2023-05-15,21.30,15.40,17.60,21.80,15.50,18.30,36.80,OPEN_METEO_ERA5_LAND,brisbane
2023-05-16,19.20,14.80,17.20,20.00,13.60,16.70,48.00,OPEN_METEO_ERA5_LAND,brisbane
2023-05-17,22.60,12.30,16.60,21.70,11.00,15.50,0.00,OPEN_METEO_ERA5_LAND,brisbane
2023-05-18,21.10,11.40,15.70,20.70,9.50,14.60,0.00,OPEN_METEO_ERA5_LAND,brisbane
2023-05-19,20.50,9.40,14.10,19.30,7.00,12.60,0.00,OPEN_METEO_ERA5_LAND,brisbane
2023-05-20,20.90,9.00,14.00,18.80,7.20,11.90,0.00,OPEN_METEO_ERA5_LAND,brisbane
2023-05-21,20.40,10.00,14.40,17.00,6.20,11.10,0.00,OPEN_METEO_ERA5_LAND,brisbane
2023-05-22,21.60,9.40,14.50,21.50,6.40,12.90,0.00,OPEN_METEO_ERA5_LAND,brisbane
2023-05-23,22.40,8.60,14.40,21.90,6.30,13.20,0.00,OPEN_METEO_ERA5_LAND,brisbane
2023-05-24,22.20,9.10,14.80,23.10,7.20,14.30,0.00,OPEN_METEO_ERA5_LAND,brisbane
2023-05-25,23.10,9.90,15.30,23.70,8.50,14.80,0.00,OPEN_METEO_ERA5_LAND,brisbane
2023-05-26,25.70,10.10,17.10,23.40,8.20,15.10,0.00,OPEN_METEO_ERA5_LAND,brisbane
2023-05-27,21.60,10.20,15.10,20.70,7.20,13.00,0.00,OPEN_METEO_ERA5_LAND,brisbane
2023-05-28,21.50,9.20,14.60,19.00,6.60,12.00,0.00,OPEN_METEO_ERA5_LAND,brisbane
2023-05-29,20.60,9.00,13.90,18.30,5.70,11.10,0.00,OPEN_METEO_ERA5_LAND,brisbane
2023-05-30,21.80,8.20,13.90,20.30,5.40,11.90,0.00,OPEN_METEO_ERA5_LAND,brisbane
2023-05-31,22.70,6.80,14.30,22.20,4.60,13.00,0.00,OPEN_METEO_ERA5_LAND,brisbane
2023-06-01,24.50,9.10,16.10,22.10,7.20,14.70,0.00,OPEN_METEO_ERA5_LAND,brisbane
2023-06-02,23.70,10.40,16.40,23.60,9.10,16.00,0.00,OPEN_METEO_ERA5_LAND,brisbane
2023-06-03,22.90,13.20,17.50,23.80,12.90,18.10,0.40,OPEN_METEO_ERA5_LAND,brisbane
2023-06-04,22.00,15.50,18.40,21.70,16.20,19.30,2.70,OPEN_METEO_ERA5_LAND,brisbane
2023-06-05,21.30,15.40,17.50,19.00,15.40,17.20,1.30,OPEN_METEO_ERA5_LAND,brisbane
2023-06-06,20.90,13.00,16.80,20.20,12.50,16.60,0.10,OPEN_METEO_ERA5_LAND,brisbane
2023-06-07,22.00,12.20,16.20,20.80,11.60,15.90,0.20,OPEN_METEO_ERA5_LAND,brisbane
2023-06-08,22.30,14.20,17.10,22.70,14.00,17.40,0.10,OPEN_METEO_ERA5_LAND,brisbane
2023-06-09,23.00,11.80,17.30,20.60,9.60,16.20,0.40,OPEN_METEO_ERA5_LAND,brisbane
2023-06-10,22.40,9.30,15.30,21.90,6.90,14.00,0.00,OPEN_METEO_ERA5_LAND,brisbane
2023-06-11,22.80,12.40,16.60,21.60,11.70,16.00,0.00,OPEN_METEO_ERA5_LAND,brisbane
2023-06-12,20.00,11.90,15.70,20.60,11.10,16.00,1.50,OPEN_METEO_ERA5_LAND,brisbane
2023-06-13,23.30,12.00,16.50,23.20,11.60,16.70,0.70,OPEN_METEO_ERA5_LAND,brisbane
2023-06-14,23.70,11.30,16.70,20.80,9.30,14.10,0.00,OPEN_METEO_ERA5_LAND,brisbane
2023-06-15,20.90,9.10,13.90,18.70,6.00,11.40,0.00,OPEN_METEO_ERA5_LAND,brisbane
2023-06-16,20.40,7.70,13.40,19.50,4.40,11.40,0.00,OPEN_METEO_ERA5_LAND,brisbane
2023-06-17,21.50,9.70,14.50,20.90,7.70,13.40,0.00,OPEN_METEO_ERA5_LAND,brisbane
2023-06-18,22.90,9.00,14.90,21.80,7.60,14.00,0.00,OPEN_METEO_ERA5_LAND,brisbane
2023-06-19,21.90,11.80,15.70,18.20,8.30,12.70,0.00,OPEN_METEO_ERA5_LAND,brisbane
2023-06-20,20.00,8.90,13.90,16.20,4.50,10.40,0.00,OPEN_METEO_ERA5_LAND,brisbane
2023-06-21,19.70,5.80,12.40,18.10,2.70,9.90,0.00,OPEN_METEO_ERA5_LAND,brisbane
2023-06-22,20.70,7.40,13.90,19.10,5.00,12.30,0.00,OPEN_METEO_ERA5_LAND,brisbane
2023-06-23,24.20,11.00,16.50,22.40,9.40,15.70,5.80,OPEN_METEO_ERA5_LAND,brisbane
2023-06-24,23.80,9.40,15.10,19.80,6.70,12.50,0.00,OPEN_METEO_ERA5_LAND,brisbane
2023-06-25,28.10,8.00,16.70,26.20,6.10,15.10,0.00,OPEN_METEO_ERA5_LAND,brisbane
2023-06-26,24.30,14.20,18.10,19.40,10.10,13.90,0.00,OPEN_METEO_ERA5_LAND,brisbane
2023-06-27,21.70,10.40,15.30,19.50,7.00,12.30,0.00,OPEN_METEO_ERA5_LAND,brisbane
2023-06-28,25.30,9.90,16.90,23.70,8.80,16.10,0.00,OPEN_METEO_ERA5_LAND,brisbane
2023-06-29,20.80,11.80,17.10,18.00,7.60,14.20,0.00,OPEN_METEO_ERA5_LAND,brisbane
2023-06-30,20.30,7.80,12.80,16.40,3.00,8.70,0.00,OPEN_METEO_ERA5_LAND,brisbane
2023-07-01,19.80,7.70,12.90,16.70,4.40,10.00,0.00,OPEN_METEO_ERA5_LAND,brisbane
2023-07-02,21.90,9.70,15.00,19.00,7.90,13.20,0.00,OPEN_METEO_ERA5_LAND,brisbane
2023-07-03,19.40,13.10,15.70,17.50,12.50,15.10,1.90,OPEN_METEO_ERA5_LAND,brisbane
2023-07-04,19.20,14.80,16.60,20.70,15.10,17.90,25.60,OPEN_METEO_ERA5_LAND,brisbane
2023-07-05,24.00,14.40,18.20,23.50,12.70,18.30,0.00,OPEN_METEO_ERA5_LAND,brisbane
2023-07-06,24.30,9.70,16.50,22.90,8.40,15.40,0.00,OPEN_METEO_ERA5_LAND,brisbane
2023-07-07,21.50,11.30,16.00,17.90,8.10,12.50,0.00,OPEN_METEO_ERA5_LAND,brisbane
2023-07-08,20.60,8.80,14.00,17.00,6.00,10.70,0.00,OPEN_METEO_ERA5_LAND,brisbane
2023-07-09,20.30,10.60,15.00,17.90,7.40,11.60,0.00,OPEN_METEO_ERA5_LAND,brisbane
2023-07-10,22.10,8.20,14.50,21.60,5.60,12.80,0.00,OPEN_METEO_ERA5_LAND,brisbane
2023-07-11,23.30,8.80,14.40,22.00,6.80,13.10,0.00,OPEN_METEO_ERA5_LAND,brisbane
2023-07-12,21.60,8.10,14.40,20.50,5.40,13.20,0.70,OPEN_METEO_ERA5_LAND,brisbane
2023-07-13,22.10,11.00,15.70,20.30,10.00,14.70,0.00,OPEN_METEO_ERA5_LAND,brisbane
2023-07-14,21.30,9.50,14.60,20.90,8.00,13.80,0.00,OPEN_METEO_ERA5_LAND,brisbane
2023-07-15,21.90,9.10,14.70,20.80,7.30,13.80,0.00,OPEN_METEO_ERA5_LAND,brisbane
2023-07-16,23.70,9.60,16.00,22.50,8.00,14.90,0.00,OPEN_METEO_ERA5_LAND,brisbane
2023-07-17,18.40,10.60,14.80,18.40,9.10,14.60,1.70,OPEN_METEO_ERA5_LAND,brisbane
2023-07-18,20.30,13.20,15.60,20.80,13.00,15.90,1.10,OPEN_METEO_ERA5_LAND,brisbane
2023-07-19,23.80,10.70,16.20,21.70,9.40,15.10,0.00,OPEN_METEO_ERA5_LAND,brisbane
2023-07-20,21.70,8.40,13.70,20.80,6.50,12.40,0.00,OPEN_METEO_ERA5_LAND,brisbane
2023-07-21,24.10,6.40,14.80,20.80,4.50,12.80,0.00,OPEN_METEO_ERA5_LAND,brisbane
2023-07-22,21.30,8.90,13.90,19.40,6.80,11.80,0.00,OPEN_METEO_ERA5_LAND,brisbane
2023-07-23,21.60,7.60,13.80,20.40,4.90,12.00,0.00,OPEN_METEO_ERA5_LAND,brisbane
2023-07-24,19.60,11.20,14.90,16.00,9.60,12.60,0.00,OPEN_METEO_ERA5_LAND,brisbane
2023-07-25,21.90,10.00,14.80,18.50,8.30,12.60,0.00,OPEN_METEO_ERA5_LAND,brisbane
2023-07-26,22.50,10.10,15.10,20.10,8.70,13.70,0.00,OPEN_METEO_ERA5_LAND,brisbane
2023-07-27,21.70,10.40,15.10,19.70,9.10,13.90,0.00,OPEN_METEO_ERA5_LAND,brisbane
2023-07-28,23.80,9.50,15.70,21.90,8.10,14.50,0.00,OPEN_METEO_ERA5_LAND,brisbane
2023-07-29,24.50,9.80,16.10,23.70,8.60,15.50,0.00,OPEN_METEO_ERA5_LAND,brisbane
2023-07-30,25.20,9.60,16.50,25.90,8.20,15.90,0.00,OPEN_METEO_ERA5_LAND,brisbane
2023-07-31,27.20,9.20,17.50,25.70,8.50,17.20,0.00,OPEN_METEO_ERA5_LAND,brisbane
2023-08-01,24.70,11.90,17.60,26.50,11.20,17.90,0.20,OPEN_METEO_ERA5_LAND,brisbane
2023-08-02,23.20,14.20,17.50,20.70,13.60,16.60,0.10,OPEN_METEO_ERA5_LAND,brisbane
2023-08-03,21.10,12.00,16.00,19.60,11.00,15.10,1.10,OPEN_METEO_ERA5_LAND,brisbane
2023-08-04,22.10,12.30,16.10,20.60,11.60,15.50,0.30,OPEN_METEO_ERA5_LAND,brisbane
2023-08-05,23.10,11.30,16.30,22.20,10.70,15.50,0.10,OPEN_METEO_ERA5_LAND,brisbane
2023-08-06,19.40,11.20,14.80,19.10,10.20,14.40,3.60,OPEN_METEO_ERA5_LAND,brisbane
2023-08-07,21.00,11.60,15.40,19.80,10.70,14.50,0.60,OPEN_METEO_ERA5_LAND,brisbane
2023-08-08,20.80,11.40,15.20,19.10,10.10,13.80,0.00,OPEN_METEO_ERA5_LAND,brisbane
2023-08-09,21.10,10.20,14.80,19.10,8.90,13.50,0.00,OPEN_METEO_ERA5_LAND,brisbane
2023-08-10,23.10,9.80,15.30,22.40,8.70,14.60,0.00,OPEN_METEO_ERA5_LAND,brisbane
2023-08-11,26.90,8.30,16.60,24.70,7.10,15.50,0.00,OPEN_METEO_ERA5_LAND,brisbane
2023-08-12,27.30,9.20,17.20,25.90,7.00,15.90,0.00,OPEN_METEO_ERA5_LAND,brisbane
2023-08-13,28.60,11.30,18.40,25.70,9.40,17.10,0.00,OPEN_METEO_ERA5_LAND,brisbane
2023-08-14,29.60,11.70,18.50,27.30,10.90,17.70,0.00,OPEN_METEO_ERA5_LAND,brisbane
2023-08-15,26.50,12.00,18.20,25.50,9.70,17.00,1.20,OPEN_METEO_ERA5_LAND,brisbane
2023-08-16,22.30,13.70,17.40,22.60,13.20,17.40,0.50,OPEN_METEO_ERA5_LAND,brisbane
2023-08-17,23.60,11.90,18.20,23.60,11.10,18.60,0.80,OPEN_METEO_ERA5_LAND,brisbane
2023-08-18,24.10,15.50,19.30,21.20,12.10,17.50,0.10,OPEN_METEO_ERA5_LAND,brisbane
2023-08-19,21.10,12.60,16.10,16.60,7.80,11.50,0.00,OPEN_METEO_ERA5_LAND,brisbane
2023-08-20,22.70,9.20,15.40,21.70,6.20,13.30,0.00,OPEN_METEO_ERA5_LAND,brisbane
2023-08-21,23.50,9.50,16.00,22.60,7.90,15.00,0.00,OPEN_METEO_ERA5_LAND,brisbane
2023-08-22,25.90,10.40,17.40,25.50,9.60,17.10,0.20,OPEN_METEO_ERA5_LAND,brisbane
2023-08-23,28.00,12.40,19.00,28.00,12.30,19.30,0.00,OPEN_METEO_ERA5_LAND,brisbane
2023-08-24,24.20,12.40,17.70,23.10,11.70,16.90,0.00,OPEN_METEO_ERA5_LAND,brisbane
2023-08-25,24.60,11.20,16.70,24.80,10.40,16.10,0.00,OPEN_METEO_ERA5_LAND,brisbane
2023-08-26,23.40,10.50,16.50,22.30,9.10,15.70,0.30,OPEN_METEO_ERA5_LAND,brisbane
2023-08-27,23.80,11.50,16.70,23.20,10.70,16.20,1.90,OPEN_METEO_ERA5_LAND,brisbane
2023-08-28,24.40,11.30,16.70,24.30,10.60,16.20,1.00,OPEN_METEO_ERA5_LAND,brisbane
2023-08-29,23.30,10.90,15.90,24.10,10.30,15.90,0.10,OPEN_METEO_ERA5_LAND,brisbane
2023-08-30,23.40,11.50,16.30,24.50,11.10,16.50,1.60,OPEN_METEO_ERA5_LAND,brisbane
2023-08-31,24.60,10.60,17.40,26.10,10.10,17.70,0.00,OPEN_METEO_ERA5_LAND,brisbane
2023-09-01,28.40,12.70,19.00,26.70,11.90,18.80,0.00,OPEN_METEO_ERA5_LAND,brisbane
2023-09-02,22.40,13.40,17.50,22.60,12.90,17.20,0.20,OPEN_METEO_ERA5_LAND,brisbane
2023-09-03,23.60,14.80,18.60,25.30,15.20,19.00,1.30,OPEN_METEO_ERA5_LAND,brisbane
2023-09-04,21.50,14.80,17.90,22.50,15.20,18.70,5.90,OPEN_METEO_ERA5_LAND,brisbane
2023-09-05,28.50,12.50,19.80,30.60,11.80,20.30,1.90,OPEN_METEO_ERA5_LAND,brisbane
2023-09-06,26.20,15.60,20.20,26.70,16.10,20.20,0.00,OPEN_METEO_ERA5_LAND,brisbane
2023-09-07,25.90,15.60,19.90,26.90,16.60,20.90,0.00,OPEN_METEO_ERA5_LAND,brisbane
2023-09-08,26.50,15.60,20.30,27.20,16.10,21.20,2.30,OPEN_METEO_ERA5_LAND,brisbane
2023-09-09,24.30,11.40,17.20,23.60,8.40,15.60,0.00,OPEN_METEO_ERA5_LAND,brisbane
2023-09-10,22.10,9.60,15.60,20.70,7.80,13.90,0.00,OPEN_METEO_ERA5_LAND,brisbane
2023-09-11,21.90,10.60,15.80,19.60,9.00,14.00,0.30,OPEN_METEO_ERA5_LAND,brisbane
2023-09-12,23.40,9.60,15.90,22.70,7.80,14.70,0.80,OPEN_METEO_ERA5_LAND,brisbane
2023-09-13,24.30,10.90,16.50,25.70,9.90,16.20,4.00,OPEN_METEO_ERA5_LAND,brisbane
2023-09-14,23.70,11.60,16.70,22.60,10.60,15.80,1.80,OPEN_METEO_ERA5_LAND,brisbane
2023-09-15,24.50,10.40,16.80,23.90,9.10,15.80,0.00,OPEN_METEO_ERA5_LAND,brisbane
2023-09-16,24.90,10.70,17.30,25.90,9.60,17.00,0.00,OPEN_METEO_ERA5_LAND,brisbane
2023-09-17,25.70,10.80,17.80,26.90,10.30,17.80,0.00,OPEN_METEO_ERA5_LAND,brisbane
2023-09-18,25.50,11.00,18.00,26.90,10.70,18.00,0.00,OPEN_METEO_ERA5_LAND,brisbane
2023-09-19,25.70,12.40,18.40,26.60,12.20,18.30,0.00,OPEN_METEO_ERA5_LAND,brisbane
2023-09-20,28.70,13.00,19.90,30.60,12.90,20.40,0.00,OPEN_METEO_ERA5_LAND,brisbane
2023-09-21,34.00,11.90,21.90,35.20,11.90,22.60,0.00,OPEN_METEO_ERA5_LAND,brisbane
2023-09-22,24.30,15.20,19.70,22.20,14.40,17.90,0.00,OPEN_METEO_ERA5_LAND,brisbane
2023-09-23,22.90,13.00,17.70,20.30,12.10,15.90,0.00,OPEN_METEO_ERA5_LAND,brisbane
2023-09-24,22.60,13.90,17.60,20.40,13.20,16.40,0.40,OPEN_METEO_ERA5_LAND,brisbane
2023-09-25,22.90,12.40,17.30,22.30,11.60,16.60,0.10,OPEN_METEO_ERA5_LAND,brisbane
2023-09-26,26.80,10.10,18.10,28.80,9.30,17.70,0.00,OPEN_METEO_ERA5_LAND,brisbane
2023-09-27,31.00,11.30,20.50,32.30,11.10,20.50,0.00,OPEN_METEO_ERA5_LAND,brisbane
2023-09-28,29.20,14.60,19.10,31.90,15.10,20.30,19.30,OPEN_METEO_ERA5_LAND,brisbane
2023-09-29,27.40,15.70,20.20,30.00,16.50,21.20,0.00,OPEN_METEO_ERA5_LAND,brisbane
2023-09-30,27.00,14.10,19.70,29.50,14.80,20.40,0.00,OPEN_METEO_ERA5_LAND,brisbane
2023-10-01,25.90,13.20,19.50,26.30,12.80,19.20,0.00,OPEN_METEO_ERA5_LAND,brisbane
2023-10-02,27.70,12.20,20.00,29.50,12.10,20.30,0.00,OPEN_METEO_ERA5_LAND,brisbane
2023-10-03,27.00,14.40,20.50,26.80,14.30,20.70,0.00,OPEN_METEO_ERA5_LAND,brisbane
2023-10-04,25.20,16.20,21.00,25.10,17.50,21.10,2.90,OPEN_METEO_ERA5_LAND,brisbane
2023-10-05,28.10,18.60,22.40,27.80,15.10,21.70,0.40,OPEN_METEO_ERA5_LAND,brisbane
2023-10-06,25.50,14.60,20.00,24.40,12.40,18.60,0.10,OPEN_METEO_ERA5_LAND,brisbane
2023-10-07,23.60,14.60,18.50,22.30,13.80,17.20,0.70,OPEN_METEO_ERA5_LAND,brisbane
2023-10-08,22.70,12.80,17.60,21.20,12.40,16.20,0.20,OPEN_METEO_ERA5_LAND,brisbane
2023-10-09,24.60,11.30,17.90,23.20,10.40,16.70,0.00,OPEN_METEO_ERA5_LAND,brisbane
2023-10-10,26.70,11.50,19.00,28.10,11.40,18.90,0.00,OPEN_METEO_ERA5_LAND,brisbane
2023-10-11,27.60,12.70,19.90,30.00,12.90,20.40,0.10,OPEN_METEO_ERA5_LAND,brisbane
2023-10-12,28.30,14.90,20.90,30.00,15.20,20.90,0.00,OPEN_METEO_ERA5_LAND,brisbane
2023-10-13,32.90,14.60,23.00,33.50,15.50,23.20,0.10,OPEN_METEO_ERA5_LAND,brisbane
2023-10-14,28.50,17.30,21.80,30.80,18.10,23.00,0.20,OPEN_METEO_ERA5_LAND,brisbane
2023-10-15,31.80,14.90,22.60,33.50,15.80,23.70,0.00,OPEN_METEO_ERA5_LAND,brisbane
2023-10-16,31.30,17.10,22.90,33.50,18.10,24.30,1.20,OPEN_METEO_ERA5_LAND,brisbane
2023-10-17,28.00,17.20,20.90,28.40,15.70,19.60,0.00,OPEN_METEO_ERA5_LAND,brisbane
2023-10-18,25.20,13.70,19.10,23.40,13.30,17.90,0.10,OPEN_METEO_ERA5_LAND,brisbane
2023-10-19,26.50,12.90,19.20,25.70,12.30,18.30,0.00,OPEN_METEO_ERA5_LAND,brisbane
2023-10-20,27.40,13.20,20.00,28.10,12.70,20.00,0.00,OPEN_METEO_ERA5_LAND,brisbane
2023-10-21,28.00,15.50,21.40,29.90,16.60,22.20,0.00,OPEN_METEO_ERA5_LAND,brisbane
2023-10-22,29.80,16.60,22.80,32.30,17.60,23.60,0.00,OPEN_METEO_ERA5_LAND,brisbane
2023-10-23,31.90,17.60,23.90,35.60,18.80,25.20,0.00,OPEN_METEO_ERA5_LAND,brisbane
2023-10-24,28.90,18.30,23.70,31.70,20.30,24.70,0.00,OPEN_METEO_ERA5_LAND,brisbane
2023-10-25,30.40,18.50,24.10,33.70,19.80,25.00,0.00,OPEN_METEO_ERA5_LAND,brisbane
2023-10-26,30.60,18.30,23.10,34.10,19.70,24.50,3.70,OPEN_METEO_ERA5_LAND,brisbane
2023-10-27,23.90,15.50,18.80,24.30,14.00,17.90,6.20,OPEN_METEO_ERA5_LAND,brisbane
2023-10-28,25.10,13.20,18.40,24.00,11.80,16.80,0.00,OPEN_METEO_ERA5_LAND,brisbane
2023-10-29,23.70,11.90,18.00,23.80,11.00,17.40,0.10,OPEN_METEO_ERA5_LAND,brisbane
2023-10-30,28.00,11.90,19.90,29.80,12.00,20.00,0.00,OPEN_METEO_ERA5_LAND,brisbane
2023-10-31,32.60,14.30,23.00,35.40,15.10,23.90,0.00,OPEN_METEO_ERA5_LAND,brisbane
2023-11-01,27.60,16.00,21.90,28.90,15.50,21.60,0.20,OPEN_METEO_ERA5_LAND,brisbane
2023-11-02,26.20,14.90,20.00,26.60,14.90,19.60,0.00,OPEN_METEO_ERA5_LAND,brisbane
2023-11-03,24.10,14.50,19.90,24.30,14.90,20.70,5.00,OPEN_METEO_ERA5_LAND,brisbane
2023-11-04,26.40,16.40,21.20,27.80,17.80,22.10,1.80,OPEN_METEO_ERA5_LAND,brisbane
2023-11-05,24.30,17.70,20.20,25.60,18.80,21.50,13.40,OPEN_METEO_ERA5_LAND,brisbane
2023-11-06,22.60,16.10,19.10,22.30,16.70,19.40,2.30,OPEN_METEO_ERA5_LAND,brisbane
2023-11-07,23.80,13.50,19.00,23.90,13.40,19.20,2.30,OPEN_METEO_ERA5_LAND,brisbane
2023-11-08,25.60,15.20,20.30,26.70,16.10,20.80,1.40,OPEN_METEO_ERA5_LAND,brisbane
2023-11-09,26.30,15.00,21.00,27.00,15.50,21.30,0.00,OPEN_METEO_ERA5_LAND,brisbane
2023-11-10,26.40,16.90,21.00,28.40,17.50,21.80,2.00,OPEN_METEO_ERA5_LAND,brisbane
2023-11-11,26.20,15.60,20.70,27.70,16.40,21.60,1.00,OPEN_METEO_ERA5_LAND,brisbane
2023-11-12,28.00,15.80,22.10,29.60,17.10,23.00,0.00,OPEN_METEO_ERA5_LAND,brisbane
2023-11-13,31.00,16.20,23.30,35.10,16.90,24.80,0.00,OPEN_METEO_ERA5_LAND,brisbane
2023-11-14,28.40,20.30,23.40,31.50,22.20,25.20,1.20,OPEN_METEO_ERA5_LAND,brisbane
2023-11-15,32.90,18.70,25.20,38.90,20.70,28.00,0.00,OPEN_METEO_ERA5_LAND,brisbane
2023-11-16,36.00,21.30,28.00,39.80,24.90,31.20,1.10,OPEN_METEO_ERA5_LAND,brisbane
2023-11-17,32.80,19.40,24.30,38.50,18.70,26.70,17.50,OPEN_METEO_ERA5_LAND,brisbane
2023-11-18,26.10,16.60,21.30,26.30,16.80,21.00,0.00,OPEN_METEO_ERA5_LAND,brisbane
2023-11-19,27.30,15.50,21.90,28.30,16.10,22.50,0.00,OPEN_METEO_ERA5_LAND,brisbane
2023-11-20,22.10,19.30,21.10,23.10,20.20,22.00,15.10,OPEN_METEO_ERA5_LAND,brisbane
2023-11-21,24.80,19.60,21.60,27.90,21.30,23.80,26.60,OPEN_METEO_ERA5_LAND,brisbane
2023-11-22,27.00,19.50,22.50,30.20,21.90,24.50,5.70,OPEN_METEO_ERA5_LAND,brisbane
2023-11-23,25.10,19.20,22.20,27.20,21.10,23.90,1.50,OPEN_METEO_ERA5_LAND,brisbane
2023-11-24,26.80,19.20,22.50,28.20,20.50,23.40,0.80,OPEN_METEO_ERA5_LAND,brisbane
2023-11-25,23.60,17.90,21.00,23.80,19.70,22.30,2.90,OPEN_METEO_ERA5_LAND,brisbane
2023-11-26,27.60,16.70,22.40,30.40,18.30,24.00,0.30,OPEN_METEO_ERA5_LAND,brisbane
2023-11-27,30.60,18.00,23.70,36.10,20.40,26.30,2.60,OPEN_METEO_ERA5_LAND,brisbane
2023-11-28,22.70,19.50,20.90,25.80,21.20,23.70,33.00,OPEN_METEO_ERA5_LAND,brisbane
2023-11-29,30.10,18.80,23.50,34.80,20.90,26.50,8.40,OPEN_METEO_ERA5_LAND,brisbane
2023-11-30,33.80,19.50,26.30,35.00,21.60,27.80,0.20,OPEN_METEO_ERA5_LAND,brisbane
2023-12-01,33.90,21.40,26.50,35.50,22.20,27.90,5.50,OPEN_METEO_ERA5_LAND,brisbane
2023-12-02,32.80,20.30,25.80,36.80,23.40,29.20,18.80,OPEN_METEO_ERA5_LAND,brisbane
2023-12-03,33.20,20.10,25.60,36.90,20.70,27.90,0.00,OPEN_METEO_ERA5_LAND,brisbane
2023-12-04,30.70,20.70,24.60,36.00,24.10,28.00,5.30,OPEN_METEO_ERA5_LAND,brisbane
2023-12-05,29.10,19.80,24.20,34.30,22.70,27.30,1.50,OPEN_METEO_ERA5_LAND,brisbane
2023-12-06,31.80,19.30,24.90,38.20,22.20,28.40,0.00,OPEN_METEO_ERA5_LAND,brisbane
2023-12-07,30.20,18.60,24.30,34.40,21.00,27.40,0.00,OPEN_METEO_ERA5_LAND,brisbane
2023-12-08,30.20,19.40,24.50,34.20,22.00,27.40,0.10,OPEN_METEO_ERA5_LAND,brisbane
2023-12-09,29.20,21.00,24.70,32.10,22.90,26.70,0.10,OPEN_METEO_ERA5_LAND,brisbane
2023-12-10,29.10,20.20,24.80,31.00,22.50,26.20,0.00,OPEN_METEO_ERA5_LAND,brisbane
2023-12-11,29.20,20.50,24.80,30.60,21.00,25.40,0.00,OPEN_METEO_ERA5_LAND,brisbane
2023-12-12,29.40,20.80,24.50,30.60,21.90,25.50,0.30,OPEN_METEO_ERA5_LAND,brisbane
2023-12-13,29.40,20.80,25.00,31.80,22.40,26.40,0.00,OPEN_METEO_ERA5_LAND,brisbane
2023-12-14,31.90,18.70,25.60,34.60,20.40,27.90,0.00,OPEN_METEO_ERA5_LAND,brisbane
2023-12-15,33.10,22.40,26.40,37.30,26.30,30.20,5.20,OPEN_METEO_ERA5_LAND,brisbane
2023-12-16,32.50,22.30,26.90,39.40,25.00,31.40,0.50,OPEN_METEO_ERA5_LAND,brisbane
2023-12-17,33.40,22.30,27.20,40.90,26.50,31.80,2.30,OPEN_METEO_ERA5_LAND,brisbane
2023-12-18,29.90,23.90,26.30,34.20,27.20,30.20,5.00,OPEN_METEO_ERA5_LAND,brisbane
2023-12-19,30.10,20.90,25.40,34.30,24.20,28.60,0.50,OPEN_METEO_ERA5_LAND,brisbane
2023-12-20,29.50,20.30,25.10,33.20,23.30,28.00,0.90,OPEN_METEO_ERA5_LAND,brisbane
2023-12-21,29.10,20.90,23.70,34.50,23.60,27.50,16.40,OPEN_METEO_ERA5_LAND,brisbane
2023-12-22,24.90,18.20,21.30,27.30,19.50,23.60,13.00,OPEN_METEO_ERA5_LAND,brisbane
2023-12-23,28.20,16.30,22.60,31.70,17.60,24.70,2.20,OPEN_METEO_ERA5_LAND,brisbane
2023-12-24,27.80,19.90,22.80,30.90,22.60,26.00,25.80,OPEN_METEO_ERA5_LAND,brisbane
2023-12-25,33.80,19.60,25.20,39.70,22.30,29.20,3.20,OPEN_METEO_ERA5_LAND,brisbane
2023-12-26,32.20,20.30,25.30,39.60,22.40,28.80,4.90,OPEN_METEO_ERA5_LAND,brisbane
2023-12-27,32.80,21.30,26.40,38.40,24.30,30.40,0.80,OPEN_METEO_ERA5_LAND,brisbane
2023-12-28,34.80,21.30,27.90,38.10,24.30,31.30,0.30,OPEN_METEO_ERA5_LAND,brisbane
2023-12-29,37.90,21.40,28.20,42.80,22.70,32.10,0.00,OPEN_METEO_ERA5_LAND,brisbane
2023-12-30,26.40,20.00,23.80,30.20,23.00,27.50,17.80,OPEN_METEO_ERA5_LAND,brisbane
2023-12-31,29.50,18.80,24.10,33.50,21.40,27.00,1.10,OPEN_METEO_ERA5_LAND,brisbane
