date,tmax,tmin,tmean,atmax,atmin,atmean,precip,source,city_id
2013-01-01,15.90,7.70,11.70,13.50,4.30,8.90,0.00,OPEN_METEO_ERA5_LAND,shenzhen
2013-01-02,20.50,10.20,14.80,18.90,8.10,13.20,0.00,OPEN_METEO_ERA5_LAND,shenzhen
2013-01-03,16.80,8.30,13.60,13.70,3.60,10.40,0.00,OPEN_METEO_ERA5_LAND,shenzhen
2013-01-04,14.20,7.30,9.90,11.20,2.70,6.00,0.00,OPEN_METEO_ERA5_LAND,shenzhen
2013-01-05,17.30,8.50,12.20,15.80,4.40,9.50,0.00,OPEN_METEO_ERA5_LAND,shenzhen
2013-01-06,17.60,8.70,12.40,15.80,5.30,9.80,0.00,OPEN_METEO_ERA5_LAND,shenzhen
2013-01-07,18.80,8.60,13.30,18.10,5.40,11.30,0.00,OPEN_METEO_ERA5_LAND,shenzhen
2013-01-08,20.00,12.20,15.20,19.20,9.60,13.80,0.00,OPEN_METEO_ERA5_LAND,shenzhen
2013-01-09,17.40,10.90,13.60,14.80,6.80,10.30,0.00,OPEN_METEO_ERA5_LAND,shenzhen
2013-01-10,16.90,10.10,13.30,14.80,5.90,10.40,0.00,OPEN_METEO_ERA5_LAND,shenzhen
2013-01-11,19.40,12.50,15.50,18.60,10.40,13.80,0.00,OPEN_METEO_ERA5_LAND,shenzhen
2013-01-12,20.20,11.60,15.40,20.30,9.20,14.00,0.00,OPEN_METEO_ERA5_LAND,shenzhen
2013-01-13,21.10,12.40,16.00,19.90,11.00,14.90,0.00,OPEN_METEO_ERA5_LAND,shenzhen
2013-01-14,19.40,9.60,14.00,18.40,6.40,11.80,0.00,OPEN_METEO_ERA5_LAND,shenzhen
2013-01-15,18.30,11.80,14.90,17.20,9.90,13.50,0.00,OPEN_METEO_ERA5_LAND,shenzhen
2013-01-16,21.90,12.90,16.80,22.00,12.10,16.30,0.00,OPEN_METEO_ERA5_LAND,shenzhen
2013-01-17,20.30,12.70,16.00,18.00,9.10,13.90,0.00,OPEN_METEO_ERA5_LAND,shenzhen
2013-01-18,17.50,11.50,14.00,15.80,8.20,11.30,0.00,OPEN_METEO_ERA5_LAND,shenzhen
2013-01-19,17.60,11.60,14.50,15.50,9.50,12.50,0.00,OPEN_METEO_ERA5_LAND,shenzhen
2013-01-20,21.50,15.30,17.90,20.70,14.30,17.10,0.00,OPEN_METEO_ERA5_LAND,shenzhen
2013-01-21,23.60,17.30,19.80,25.20,17.20,20.60,0.20,OPEN_METEO_ERA5_LAND,shenzhen
2013-01-22,25.20,17.00,20.20,25.70,18.00,21.10,0.00,OPEN_METEO_ERA5_LAND,shenzhen
2013-01-23,22.20,15.60,18.40,22.80,13.70,18.20,0.00,OPEN_METEO_ERA5_LAND,shenzhen
2013-01-24,23.10,15.30,18.90,24.10,16.10,19.40,0.00,OPEN_METEO_ERA5_LAND,shenzhen
2013-01-25,21.80,13.70,17.30,22.10,10.90,16.30,0.00,OPEN_METEO_ERA5_LAND,shenzhen
2013-01-26,21.60,15.30,17.60,22.30,14.50,17.60,2.90,OPEN_METEO_ERA5_LAND,shenzhen
2013-01-27,20.60,14.40,16.90,20.10,12.70,16.00,0.70,OPEN_METEO_ERA5_LAND,shenzhen
2013-01-28,19.80,13.70,16.50,17.10,12.00,14.60,0.00,OPEN_METEO_ERA5_LAND,shenzhen
2013-01-29,22.30,15.60,18.00,22.70,14.60,17.50,0.00,OPEN_METEO_ERA5_LAND,shenzhen
2013-01-30,21.70,14.70,17.80,20.10,14.20,17.10,0.00,OPEN_METEO_ERA5_LAND,shenzhen
2013-01-31,22.40,16.30,18.70,22.40,15.00,18.20,0.00,OPEN_METEO_ERA5_LAND,shenzhen
2013-02-01,25.80,16.00,20.50,27.90,16.50,21.50,0.00,OPEN_METEO_ERA5_LAND,shenzhen
2013-02-02,27.00,16.40,20.50,27.80,17.50,21.00,0.00,OPEN_METEO_ERA5_LAND,shenzhen
2013-02-03,22.80,18.50,20.10,23.50,17.80,20.20,0.00,OPEN_METEO_ERA5_LAND,shenzhen
2013-02-04,25.00,19.50,21.90,28.30,20.80,24.30,0.80,OPEN_METEO_ERA5_LAND,shenzhen
2013-02-05,26.00,19.70,21.90,28.50,22.00,24.80,1.90,OPEN_METEO_ERA5_LAND,shenzhen
2013-02-06,25.70,19.70,21.90,28.10,21.70,24.00,0.00,OPEN_METEO_ERA5_LAND,shenzhen
2013-02-07,24.00,19.20,20.90,24.90,19.60,21.70,0.10,OPEN_METEO_ERA5_LAND,shenzhen
2013-02-08,19.90,10.60,16.60,20.70,6.40,14.80,0.90,OPEN_METEO_ERA5_LAND,shenzhen
2013-02-09,15.00,9.60,12.00,12.00,5.50,8.50,0.00,OPEN_METEO_ERA5_LAND,shenzhen
2013-02-10,19.70,11.80,15.40,19.90,9.00,14.20,0.00,OPEN_METEO_ERA5_LAND,shenzhen
2013-02-11,21.90,16.10,17.90,21.80,14.90,17.20,0.00,OPEN_METEO_ERA5_LAND,shenzhen
2013-02-12,24.60,14.00,18.70,24.50,10.80,17.50,0.00,OPEN_METEO_ERA5_LAND,shenzhen
2013-02-13,21.00,12.40,16.20,21.30,9.10,14.80,0.00,OPEN_METEO_ERA5_LAND,shenzhen
2013-02-14,22.40,17.10,19.20,23.80,17.10,19.70,0.00,OPEN_METEO_ERA5_LAND,shenzhen
2013-02-15,26.20,17.60,21.20,26.20,16.00,21.80,0.50,OPEN_METEO_ERA5_LAND,shenzhen
2013-02-16,20.40,14.90,17.50,19.80,12.40,16.10,0.00,OPEN_METEO_ERA5_LAND,shenzhen
2013-02-17,23.10,17.10,19.20,24.40,16.20,19.50,0.00,OPEN_METEO_ERA5_LAND,shenzhen
2013-02-18,26.00,18.20,21.40,27.90,19.20,23.40,0.20,OPEN_METEO_ERA5_LAND,shenzhen
2013-02-19,27.50,15.60,20.40,29.40,12.50,21.10,0.00,OPEN_METEO_ERA5_LAND,shenzhen
2013-02-20,19.20,14.20,16.60,17.60,11.20,14.60,0.00,OPEN_METEO_ERA5_LAND,shenzhen
2013-02-21,21.40,15.20,17.70,21.50,13.20,16.90,0.00,OPEN_METEO_ERA5_LAND,shenzhen
2013-02-22,23.40,15.00,18.40,22.80,12.40,17.00,0.00,OPEN_METEO_ERA5_LAND,shenzhen
2013-02-23,22.40,14.40,17.80,22.30,11.90,16.40,0.00,OPEN_METEO_ERA5_LAND,shenzhen
2013-02-24,22.80,15.50,18.80,22.30,14.40,17.90,0.00,OPEN_METEO_ERA5_LAND,shenzhen
2013-02-25,23.70,18.60,20.40,22.70,18.00,19.80,0.00,OPEN_METEO_ERA5_LAND,shenzhen
2013-02-26,24.70,19.20,21.50,26.70,20.10,23.30,0.00,OPEN_METEO_ERA5_LAND,shenzhen
2013-02-27,27.20,20.10,23.10,30.90,23.20,26.10,0.60,OPEN_METEO_ERA5_LAND,shenzhen
2013-02-28,23.50,19.20,21.00,23.20,19.40,21.40,0.10,OPEN_METEO_ERA5_LAND,shenzhen
2013-03-01,26.60,20.30,22.60,28.40,21.20,24.40,0.40,OPEN_METEO_ERA5_LAND,shenzhen
2013-03-02,21.80,13.20,17.30,25.10,9.40,16.00,2.10,OPEN_METEO_ERA5_LAND,shenzhen
2013-03-03,16.50,11.20,13.50,13.00,7.50,9.80,1.80,OPEN_METEO_ERA5_LAND,shenzhen
2013-03-04,21.90,10.80,15.90,20.70,7.30,13.50,0.00,OPEN_METEO_ERA5_LAND,shenzhen
2013-03-05,23.10,14.10,18.00,21.00,12.40,16.20,0.00,OPEN_METEO_ERA5_LAND,shenzhen
2013-03-06,24.40,14.60,18.90,25.80,13.70,18.80,0.00,OPEN_METEO_ERA5_LAND,shenzhen
2013-03-07,26.20,13.50,19.70,27.20,13.60,20.10,0.00,OPEN_METEO_ERA5_LAND,shenzhen
2013-03-08,28.00,15.20,21.10,29.10,16.40,21.50,0.00,OPEN_METEO_ERA5_LAND,shenzhen
2013-03-09,26.80,14.00,20.30,27.50,14.10,20.60,0.00,OPEN_METEO_ERA5_LAND,shenzhen
2013-03-10,27.10,15.40,20.70,29.80,15.60,21.70,0.00,OPEN_METEO_ERA5_LAND,shenzhen
2013-03-11,25.60,16.60,20.60,27.50,17.70,21.30,0.00,OPEN_METEO_ERA5_LAND,shenzhen
2013-03-12,25.80,18.00,21.10,27.30,18.50,21.90,0.00,OPEN_METEO_ERA5_LAND,shenzhen
2013-03-13,27.80,19.30,23.00,29.10,21.60,25.20,0.00,OPEN_METEO_ERA5_LAND,shenzhen
2013-03-14,23.90,18.80,20.70,24.60,17.90,20.90,0.70,OPEN_METEO_ERA5_LAND,shenzhen
2013-03-15,23.60,18.10,20.10,24.40,18.00,20.00,0.00,OPEN_METEO_ERA5_LAND,shenzhen
2013-03-16,24.00,17.10,20.00,24.90,17.10,20.40,0.00,OPEN_METEO_ERA5_LAND,shenzhen
2013-03-17,26.40,18.70,22.10,27.80,20.00,23.80,0.00,OPEN_METEO_ERA5_LAND,shenzhen
2013-03-18,27.10,20.70,23.40,29.40,24.10,26.60,0.40,OPEN_METEO_ERA5_LAND,shenzhen
2013-03-19,28.50,22.00,24.50,30.00,25.60,27.40,1.10,OPEN_METEO_ERA5_LAND,shenzhen
2013-03-20,27.30,22.60,24.30,30.70,25.70,28.00,14.80,OPEN_METEO_ERA5_LAND,shenzhen
2013-03-21,24.00,20.50,22.40,27.10,21.40,24.40,1.10,OPEN_METEO_ERA5_LAND,shenzhen
2013-03-22,26.70,20.40,22.80,29.70,21.40,24.50,0.00,OPEN_METEO_ERA5_LAND,shenzhen
2013-03-23,28.00,20.20,23.50,31.50,23.00,26.50,0.00,OPEN_METEO_ERA5_LAND,shenzhen
2013-03-24,27.90,20.10,23.80,31.20,22.70,27.10,2.70,OPEN_METEO_ERA5_LAND,shenzhen
2013-03-25,23.00,20.80,21.90,26.60,20.00,23.00,1.10,OPEN_METEO_ERA5_LAND,shenzhen
2013-03-26,23.50,19.90,21.50,25.70,19.00,22.40,17.00,OPEN_METEO_ERA5_LAND,shenzhen
2013-03-27,24.50,17.70,21.20,26.60,18.10,22.80,5.80,OPEN_METEO_ERA5_LAND,shenzhen
2013-03-28,24.00,19.90,21.20,25.40,20.80,22.90,36.80,OPEN_METEO_ERA5_LAND,shenzhen
2013-03-29,24.00,19.50,21.30,26.90,21.80,23.70,22.90,OPEN_METEO_ERA5_LAND,shenzhen
2013-03-30,22.70,18.90,20.40,22.60,18.00,20.50,21.80,OPEN_METEO_ERA5_LAND,shenzhen
2013-03-31,23.40,19.40,20.80,25.00,21.00,22.30,43.40,OPEN_METEO_ERA5_LAND,shenzhen
2013-04-01,24.00,19.10,21.10,26.40,19.10,22.50,1.60,OPEN_METEO_ERA5_LAND,shenzhen
2013-04-02,25.00,19.60,21.40,28.70,22.00,24.30,24.20,OPEN_METEO_ERA5_LAND,shenzhen
2013-04-03,23.10,19.00,20.60,24.60,18.70,21.00,7.90,OPEN_METEO_ERA5_LAND,shenzhen
2013-04-04,23.40,19.60,21.40,24.90,20.20,22.60,2.10,OPEN_METEO_ERA5_LAND,shenzhen
2013-04-05,27.60,21.60,24.30,31.30,23.90,27.60,14.60,OPEN_METEO_ERA5_LAND,shenzhen
2013-04-06,22.00,15.50,19.30,25.90,12.10,18.30,2.80,OPEN_METEO_ERA5_LAND,shenzhen
2013-04-07,20.70,13.60,17.30,20.70,10.40,15.60,0.00,OPEN_METEO_ERA5_LAND,shenzhen
2013-04-08,21.90,18.00,19.70,23.00,17.40,20.10,2.40,OPEN_METEO_ERA5_LAND,shenzhen
2013-04-09,22.80,18.20,20.40,24.10,18.80,21.50,6.00,OPEN_METEO_ERA5_LAND,shenzhen
2013-04-10,22.60,18.50,19.90,22.90,18.90,20.70,10.30,OPEN_METEO_ERA5_LAND,shenzhen
2013-04-11,20.60,17.40,18.80,20.30,17.50,18.90,3.20,OPEN_METEO_ERA5_LAND,shenzhen
2013-04-12,20.60,17.10,18.40,20.50,16.80,18.30,0.00,OPEN_METEO_ERA5_LAND,shenzhen
2013-04-13,22.80,17.00,19.80,23.90,17.40,20.50,0.50,OPEN_METEO_ERA5_LAND,shenzhen
2013-04-14,25.80,18.40,21.60,27.70,20.60,23.60,0.70,OPEN_METEO_ERA5_LAND,shenzhen
2013-04-15,27.10,18.20,22.20,31.80,20.70,25.20,0.00,OPEN_METEO_ERA5_LAND,shenzhen
2013-04-16,26.60,20.20,23.50,29.00,23.00,26.40,0.20,OPEN_METEO_ERA5_LAND,shenzhen
2013-04-17,26.90,23.40,24.60,31.60,27.20,29.10,6.30,OPEN_METEO_ERA5_LAND,shenzhen
2013-04-18,27.40,23.00,24.80,31.90,27.00,29.20,5.70,OPEN_METEO_ERA5_LAND,shenzhen
2013-04-19,27.60,22.90,24.80,34.10,27.00,29.70,17.10,OPEN_METEO_ERA5_LAND,shenzhen
2013-04-20,27.10,22.80,24.50,31.70,25.90,28.90,4.30,OPEN_METEO_ERA5_LAND,shenzhen
2013-04-21,23.70,20.20,22.10,28.00,20.80,23.60,2.40,OPEN_METEO_ERA5_LAND,shenzhen
2013-04-22,23.40,20.40,21.50,23.80,20.70,22.00,1.70,OPEN_METEO_ERA5_LAND,shenzhen
2013-04-23,26.50,21.20,23.40,29.90,22.50,25.80,0.00,OPEN_METEO_ERA5_LAND,shenzhen
2013-04-24,28.90,21.40,24.90,34.40,25.10,29.20,0.00,OPEN_METEO_ERA5_LAND,shenzhen
2013-04-25,29.60,22.50,25.50,35.80,27.00,30.60,12.10,OPEN_METEO_ERA5_LAND,shenzhen
2013-04-26,24.10,21.10,22.60,28.00,21.60,25.00,7.00,OPEN_METEO_ERA5_LAND,shenzhen
2013-04-27,23.90,20.10,21.90,24.60,20.50,22.70,2.50,OPEN_METEO_ERA5_LAND,shenzhen
2013-04-28,25.90,21.90,23.20,28.30,23.60,25.30,2.30,OPEN_METEO_ERA5_LAND,shenzhen
2013-04-29,27.20,22.90,24.70,31.70,25.60,28.20,2.90,OPEN_METEO_ERA5_LAND,shenzhen
2013-04-30,28.70,23.00,25.20,34.90,26.60,30.00,15.30,OPEN_METEO_ERA5_LAND,shenzhen
2013-05-01,26.90,20.80,22.90,30.00,20.30,24.60,0.70,OPEN_METEO_ERA5_LAND,shenzhen
2013-05-02,23.80,18.40,20.40,24.10,16.90,19.90,14.00,OPEN_METEO_ERA5_LAND,shenzhen
2013-05-03,24.80,18.30,21.10,26.50,18.70,22.00,7.50,OPEN_METEO_ERA5_LAND,shenzhen
2013-05-04,23.80,19.30,21.20,25.30,19.60,22.50,2.60,OPEN_METEO_ERA5_LAND,shenzhen
2013-05-05,25.70,20.70,22.90,28.60,22.50,25.10,0.00,OPEN_METEO_ERA5_LAND,shenzhen
2013-05-06,26.90,21.90,23.40,31.50,24.10,26.30,0.90,OPEN_METEO_ERA5_LAND,shenzhen
2013-05-07,26.90,21.80,23.80,30.80,24.80,26.90,2.30,OPEN_METEO_ERA5_LAND,shenzhen
2013-05-08,25.70,22.70,24.10,28.90,25.60,27.20,7.30,OPEN_METEO_ERA5_LAND,shenzhen
2013-05-09,28.20,22.50,24.90,34.20,26.60,29.70,4.00,OPEN_METEO_ERA5_LAND,shenzhen
2013-05-10,28.40,23.00,25.20,35.10,27.50,30.60,18.00,OPEN_METEO_ERA5_LAND,shenzhen
2013-05-11,28.40,23.10,25.20,33.60,27.40,30.30,14.00,OPEN_METEO_ERA5_LAND,shenzhen
2013-05-12,29.10,23.00,25.40,36.90,27.60,30.70,5.60,OPEN_METEO_ERA5_LAND,shenzhen
2013-05-13,29.70,23.40,26.00,37.40,27.90,31.40,0.50,OPEN_METEO_ERA5_LAND,shenzhen
2013-05-14,29.90,24.30,26.70,35.50,29.30,31.80,1.10,OPEN_METEO_ERA5_LAND,shenzhen
2013-05-15,30.50,25.80,27.80,37.50,30.20,33.40,3.40,OPEN_METEO_ERA5_LAND,shenzhen
2013-05-16,28.90,25.00,27.20,35.70,31.20,33.00,20.40,OPEN_METEO_ERA5_LAND,shenzhen
2013-05-17,29.10,24.60,26.40,35.30,30.10,32.30,18.30,OPEN_METEO_ERA5_LAND,shenzhen
2013-05-18,30.70,24.80,27.50,38.30,30.70,33.50,7.70,OPEN_METEO_ERA5_LAND,shenzhen
2013-05-19,30.00,26.50,27.80,36.70,32.90,34.40,8.10,OPEN_METEO_ERA5_LAND,shenzhen
2013-05-20,30.50,25.20,27.70,37.60,31.20,34.20,8.90,OPEN_METEO_ERA5_LAND,shenzhen
2013-05-21,27.90,25.10,26.00,33.10,29.80,31.40,19.60,OPEN_METEO_ERA5_LAND,shenzhen
2013-05-22,29.20,24.90,26.00,34.50,30.00,31.50,45.40,OPEN_METEO_ERA5_LAND,shenzhen
2013-05-23,29.60,24.90,26.60,35.90,30.60,32.50,6.80,OPEN_METEO_ERA5_LAND,shenzhen
2013-05-24,30.70,24.30,27.10,38.90,29.60,33.40,3.30,OPEN_METEO_ERA5_LAND,shenzhen
2013-05-25,28.30,25.20,25.90,33.70,29.70,31.00,12.70,OPEN_METEO_ERA5_LAND,shenzhen
2013-05-26,29.60,24.90,27.30,35.60,29.20,32.10,5.50,OPEN_METEO_ERA5_LAND,shenzhen
2013-05-27,28.40,26.30,27.10,34.40,30.90,32.70,27.00,OPEN_METEO_ERA5_LAND,shenzhen
2013-05-28,30.60,26.00,28.20,37.00,31.80,34.50,5.50,OPEN_METEO_ERA5_LAND,shenzhen
2013-05-29,30.80,25.30,28.20,37.50,30.70,34.20,9.90,OPEN_METEO_ERA5_LAND,shenzhen
2013-05-30,31.30,25.70,28.10,39.20,32.40,35.10,4.50,OPEN_METEO_ERA5_LAND,shenzhen
2013-05-31,31.70,25.50,28.40,39.20,31.50,34.90,0.10,OPEN_METEO_ERA5_LAND,shenzhen
2013-06-01,31.50,26.40,28.70,40.00,32.10,34.90,0.00,OPEN_METEO_ERA5_LAND,shenzhen
2013-06-02,32.00,26.80,29.10,37.80,32.60,34.80,0.00,OPEN_METEO_ERA5_LAND,shenzhen
2013-06-03,32.30,27.00,29.20,41.10,32.70,35.80,1.70,OPEN_METEO_ERA5_LAND,shenzhen
2013-06-04,29.70,26.20,27.50,36.60,32.40,33.90,14.00,OPEN_METEO_ERA5_LAND,shenzhen
2013-06-05,29.50,24.90,26.60,36.10,30.20,32.30,12.80,OPEN_METEO_ERA5_LAND,shenzhen
2013-06-06,30.20,24.60,27.40,37.70,29.70,33.10,4.90,OPEN_METEO_ERA5_LAND,shenzhen
2013-06-07,31.00,26.20,28.40,37.80,32.10,34.20,1.40,OPEN_METEO_ERA5_LAND,shenzhen
2013-06-08,30.60,27.00,28.50,36.40,32.50,34.50,1.80,OPEN_METEO_ERA5_LAND,shenzhen
2013-06-09,31.10,26.70,28.40,38.30,32.30,35.10,10.70,OPEN_METEO_ERA5_LAND,shenzhen
2013-06-10,29.40,26.00,27.20,35.90,32.10,33.80,19.70,OPEN_METEO_ERA5_LAND,shenzhen
2013-06-11,25.80,22.10,23.80,32.40,24.30,27.00,43.70,OPEN_METEO_ERA5_LAND,shenzhen
2013-06-12,26.90,21.60,23.90,29.40,23.00,26.00,5.80,OPEN_METEO_ERA5_LAND,shenzhen
2013-06-13,27.30,22.00,24.60,30.70,24.70,27.60,13.10,OPEN_METEO_ERA5_LAND,shenzhen
2013-06-14,26.60,23.30,25.00,30.10,26.00,28.10,16.90,OPEN_METEO_ERA5_LAND,shenzhen
2013-06-15,27.40,24.80,25.80,32.20,28.90,30.20,22.90,OPEN_METEO_ERA5_LAND,shenzhen
2013-06-16,29.50,25.80,27.00,35.30,30.10,31.90,14.70,OPEN_METEO_ERA5_LAND,shenzhen
2013-06-17,29.80,25.90,27.50,36.00,30.90,32.90,6.40,OPEN_METEO_ERA5_LAND,shenzhen
2013-06-18,31.80,26.00,28.40,40.20,32.10,35.20,1.30,OPEN_METEO_ERA5_LAND,shenzhen
2013-06-19,32.20,25.60,28.80,39.90,32.00,35.60,0.50,OPEN_METEO_ERA5_LAND,shenzhen
2013-06-20,32.80,26.50,29.30,41.90,32.90,36.20,0.20,OPEN_METEO_ERA5_LAND,shenzhen
2013-06-21,30.90,26.50,28.40,38.00,30.80,33.90,4.60,OPEN_METEO_ERA5_LAND,shenzhen
2013-06-22,29.70,26.20,27.60,35.00,29.70,31.90,13.50,OPEN_METEO_ERA5_LAND,shenzhen
2013-06-23,29.20,25.60,27.00,34.20,29.60,31.80,14.70,OPEN_METEO_ERA5_LAND,shenzhen
2013-06-24,28.40,25.60,26.70,33.80,30.30,31.70,29.40,OPEN_METEO_ERA5_LAND,shenzhen
2013-06-25,29.60,25.10,27.70,35.10,30.20,33.00,25.00,OPEN_METEO_ERA5_LAND,shenzhen
2013-06-26,31.10,27.10,28.90,36.30,31.90,34.30,0.30,OPEN_METEO_ERA5_LAND,shenzhen
2013-06-27,31.40,27.40,29.10,36.90,32.30,34.20,0.20,OPEN_METEO_ERA5_LAND,shenzhen
2013-06-28,31.30,27.20,28.90,37.20,32.20,34.10,1.10,OPEN_METEO_ERA5_LAND,shenzhen
2013-06-29,31.70,27.10,29.10,40.00,32.40,35.10,0.70,OPEN_METEO_ERA5_LAND,shenzhen
2013-06-30,31.80,26.90,28.90,38.60,32.10,34.90,0.70,OPEN_METEO_ERA5_LAND,shenzhen
2013-07-01,29.60,26.20,27.50,34.40,29.80,31.70,13.00,OPEN_METEO_ERA5_LAND,shenzhen
2013-07-02,30.60,26.50,28.20,35.70,29.80,32.40,2.50,OPEN_METEO_ERA5_LAND,shenzhen
2013-07-03,30.90,26.50,28.50,36.50,32.20,33.90,1.30,OPEN_METEO_ERA5_LAND,shenzhen
2013-07-04,31.50,26.50,28.70,38.30,32.20,34.50,0.00,OPEN_METEO_ERA5_LAND,shenzhen
2013-07-05,31.70,26.20,28.60,38.10,32.00,34.40,0.00,OPEN_METEO_ERA5_LAND,shenzhen
2013-07-06,29.30,26.20,27.40,35.10,31.20,32.80,13.20,OPEN_METEO_ERA5_LAND,shenzhen
2013-07-07,29.10,26.00,27.20,34.70,30.20,31.80,13.30,OPEN_METEO_ERA5_LAND,shenzhen
2013-07-08,30.50,25.50,28.00,37.70,29.50,33.20,3.00,OPEN_METEO_ERA5_LAND,shenzhen
2013-07-09,30.30,25.40,27.60,37.20,31.10,33.70,4.20,OPEN_METEO_ERA5_LAND,shenzhen
2013-07-10,29.60,24.90,27.00,36.20,30.70,32.80,11.80,OPEN_METEO_ERA5_LAND,shenzhen
2013-07-11,31.40,25.30,27.90,39.90,30.90,34.40,2.70,OPEN_METEO_ERA5_LAND,shenzhen
2013-07-12,32.50,26.30,29.00,40.60,32.30,35.60,0.40,OPEN_METEO_ERA5_LAND,shenzhen
2013-07-13,33.00,27.20,29.70,40.50,32.80,35.70,0.00,OPEN_METEO_ERA5_LAND,shenzhen
2013-07-14,29.30,26.30,27.90,34.50,31.10,33.00,5.70,OPEN_METEO_ERA5_LAND,shenzhen
2013-07-15,29.80,25.40,26.90,35.60,30.20,32.20,9.10,OPEN_METEO_ERA5_LAND,shenzhen
2013-07-16,29.80,25.20,26.80,36.30,30.40,32.50,25.40,OPEN_METEO_ERA5_LAND,shenzhen
2013-07-17,28.80,25.10,26.10,34.90,29.30,31.20,24.10,OPEN_METEO_ERA5_LAND,shenzhen
2013-07-18,30.00,24.70,27.10,36.20,30.10,32.80,1.30,OPEN_METEO_ERA5_LAND,shenzhen
2013-07-19,29.10,25.40,26.90,34.60,30.00,31.90,11.00,OPEN_METEO_ERA5_LAND,shenzhen
2013-07-20,30.10,25.70,27.00,35.80,30.30,31.90,16.80,OPEN_METEO_ERA5_LAND,shenzhen
2013-07-21,29.50,25.70,27.20,36.40,30.80,32.50,7.40,OPEN_METEO_ERA5_LAND,shenzhen
2013-07-22,30.00,25.90,27.10,36.50,30.50,32.20,9.10,OPEN_METEO_ERA5_LAND,shenzhen
2013-07-23,30.60,25.40,27.50,38.50,30.20,33.00,4.60,OPEN_METEO_ERA5_LAND,shenzhen
2013-07-24,27.90,25.40,26.30,32.70,29.60,30.90,13.20,OPEN_METEO_ERA5_LAND,shenzhen
2013-07-25,27.00,24.60,25.70,31.90,29.10,30.10,18.60,OPEN_METEO_ERA5_LAND,shenzhen
2013-07-26,26.90,24.70,25.40,30.70,28.50,29.50,32.30,OPEN_METEO_ERA5_LAND,shenzhen
2013-07-27,27.00,24.60,25.70,31.30,29.10,30.20,12.50,OPEN_METEO_ERA5_LAND,shenzhen
2013-07-28,28.90,25.30,26.70,33.70,29.50,31.60,17.40,OPEN_METEO_ERA5_LAND,shenzhen
2013-07-29,31.30,25.20,27.80,39.80,30.40,34.20,4.10,OPEN_METEO_ERA5_LAND,shenzhen
2013-07-30,31.60,25.30,28.20,39.00,31.50,34.60,0.00,OPEN_METEO_ERA5_LAND,shenzhen
2013-07-31,31.10,26.60,28.30,37.70,31.50,34.10,4.70,OPEN_METEO_ERA5_LAND,shenzhen
2013-08-01,29.70,26.60,27.80,34.80,31.10,32.30,6.40,OPEN_METEO_ERA5_LAND,shenzhen
2013-08-02,28.30,25.80,27.00,32.10,29.00,30.70,16.00,OPEN_METEO_ERA5_LAND,shenzhen
2013-08-03,29.20,25.90,27.40,34.10,29.10,31.50,12.00,OPEN_METEO_ERA5_LAND,shenzhen
2013-08-04,31.10,26.10,28.20,38.70,31.10,34.30,0.40,OPEN_METEO_ERA5_LAND,shenzhen
2013-08-05,32.00,25.30,28.50,39.10,31.50,35.10,0.30,OPEN_METEO_ERA5_LAND,shenzhen
2013-08-06,31.40,25.50,28.40,39.40,31.50,34.80,0.70,OPEN_METEO_ERA5_LAND,shenzhen
2013-08-07,29.20,26.50,27.70,34.40,31.60,32.90,8.40,OPEN_METEO_ERA5_LAND,shenzhen
2013-08-08,31.20,25.80,27.90,39.30,31.00,34.00,5.10,OPEN_METEO_ERA5_LAND,shenzhen
2013-08-09,32.40,25.50,28.60,39.40,31.40,34.90,0.00,OPEN_METEO_ERA5_LAND,shenzhen
2013-08-10,32.30,26.30,29.20,41.50,32.90,36.50,1.30,OPEN_METEO_ERA5_LAND,shenzhen
2013-08-11,31.50,26.60,28.70,38.70,32.90,34.80,3.50,OPEN_METEO_ERA5_LAND,shenzhen
2013-08-12,32.90,26.30,29.10,40.10,32.00,35.70,0.80,OPEN_METEO_ERA5_LAND,shenzhen
2013-08-13,28.50,25.70,27.10,34.30,28.10,31.20,25.90,OPEN_METEO_ERA5_LAND,shenzhen
2013-08-14,29.50,26.00,27.20,31.90,28.00,29.40,17.80,OPEN_METEO_ERA5_LAND,shenzhen
2013-08-15,28.80,25.90,27.10,32.40,28.40,30.50,42.50,OPEN_METEO_ERA5_LAND,shenzhen
2013-08-16,26.70,25.30,26.00,31.60,28.60,29.90,72.40,OPEN_METEO_ERA5_LAND,shenzhen
2013-08-17,27.40,25.40,26.20,32.80,29.50,30.80,65.70,OPEN_METEO_ERA5_LAND,shenzhen
2013-08-18,28.70,25.40,26.50,34.40,30.20,31.70,27.30,OPEN_METEO_ERA5_LAND,shenzhen
2013-08-19,29.80,25.70,27.30,36.50,30.60,33.30,11.10,OPEN_METEO_ERA5_LAND,shenzhen
2013-08-20,32.10,25.80,28.20,41.60,32.20,35.40,8.70,OPEN_METEO_ERA5_LAND,shenzhen
2013-08-21,31.90,25.80,28.30,39.40,31.90,34.90,4.80,OPEN_METEO_ERA5_LAND,shenzhen
2013-08-22,30.50,26.50,28.00,35.90,31.80,33.70,21.50,OPEN_METEO_ERA5_LAND,shenzhen
2013-08-23,29.80,26.10,27.40,35.00,30.70,32.20,33.30,OPEN_METEO_ERA5_LAND,shenzhen
2013-08-24,29.10,25.60,27.10,34.40,30.10,32.10,9.50,OPEN_METEO_ERA5_LAND,shenzhen
2013-08-25,30.00,25.80,27.60,37.30,31.00,33.50,4.00,OPEN_METEO_ERA5_LAND,shenzhen
2013-08-26,31.20,26.10,28.20,39.20,31.80,34.70,3.10,OPEN_METEO_ERA5_LAND,shenzhen
2013-08-27,32.10,25.70,28.50,40.30,32.10,35.40,0.30,OPEN_METEO_ERA5_LAND,shenzhen
2013-08-28,32.10,25.80,28.70,40.20,32.60,35.60,0.30,OPEN_METEO_ERA5_LAND,shenzhen
2013-08-29,32.80,26.60,29.10,41.50,32.80,36.10,1.10,OPEN_METEO_ERA5_LAND,shenzhen
2013-08-30,29.50,26.50,27.90,36.20,33.70,34.40,17.10,OPEN_METEO_ERA5_LAND,shenzhen
2013-08-31,28.20,25.40,26.30,34.70,31.00,32.60,24.40,OPEN_METEO_ERA5_LAND,shenzhen
2013-09-01,29.00,25.30,26.80,35.60,31.60,33.10,22.10,OPEN_METEO_ERA5_LAND,shenzhen
2013-09-02,29.20,24.70,26.70,35.60,30.40,32.50,10.70,OPEN_METEO_ERA5_LAND,shenzhen
2013-09-03,29.30,24.60,26.30,33.90,30.20,31.70,12.00,OPEN_METEO_ERA5_LAND,shenzhen
2013-09-04,27.90,24.90,25.70,32.80,28.60,30.40,32.80,OPEN_METEO_ERA5_LAND,shenzhen
2013-09-05,27.50,24.30,25.50,32.50,28.20,29.80,16.20,OPEN_METEO_ERA5_LAND,shenzhen
2013-09-06,29.50,24.40,26.50,35.30,28.70,31.10,2.30,OPEN_METEO_ERA5_LAND,shenzhen
2013-09-07,30.50,24.80,27.20,35.70,29.70,32.30,0.00,OPEN_METEO_ERA5_LAND,shenzhen
2013-09-08,30.70,25.50,27.70,36.10,30.50,32.90,0.00,OPEN_METEO_ERA5_LAND,shenzhen
2013-09-09,30.50,25.50,27.60,36.60,30.70,32.90,0.00,OPEN_METEO_ERA5_LAND,shenzhen
2013-09-10,30.50,25.50,27.60,36.50,30.80,33.00,0.40,OPEN_METEO_ERA5_LAND,shenzhen
2013-09-11,30.20,25.70,27.70,36.40,30.80,33.20,0.10,OPEN_METEO_ERA5_LAND,shenzhen
2013-09-12,30.40,25.80,27.60,36.60,31.70,33.10,1.20,OPEN_METEO_ERA5_LAND,shenzhen
2013-09-13,29.10,25.30,26.80,34.70,30.70,32.30,7.60,OPEN_METEO_ERA5_LAND,shenzhen
2013-09-14,30.10,25.20,27.20,36.70,30.80,33.10,3.40,OPEN_METEO_ERA5_LAND,shenzhen
2013-09-15,31.40,25.20,27.70,39.00,31.30,34.00,8.20,OPEN_METEO_ERA5_LAND,shenzhen
2013-09-16,30.50,25.70,27.60,34.50,29.40,31.90,1.30,OPEN_METEO_ERA5_LAND,shenzhen
2013-09-17,29.60,25.30,27.20,33.40,27.00,30.00,0.00,OPEN_METEO_ERA5_LAND,shenzhen
2013-09-18,29.40,25.00,27.00,32.40,26.90,29.70,0.00,OPEN_METEO_ERA5_LAND,shenzhen
2013-09-19,31.10,25.00,27.60,36.60,28.80,32.30,1.30,OPEN_METEO_ERA5_LAND,shenzhen
2013-09-20,32.60,25.10,28.50,38.40,31.10,34.30,0.00,OPEN_METEO_ERA5_LAND,shenzhen
2013-09-21,33.10,26.00,29.10,36.60,29.20,33.00,0.20,OPEN_METEO_ERA5_LAND,shenzhen
2013-09-22,28.70,25.50,27.30,32.40,26.10,29.60,23.40,OPEN_METEO_ERA5_LAND,shenzhen
2013-09-23,28.90,25.30,26.70,33.30,25.90,30.10,52.50,OPEN_METEO_ERA5_LAND,shenzhen
2013-09-24,29.60,25.50,27.10,36.10,29.90,32.00,2.50,OPEN_METEO_ERA5_LAND,shenzhen
2013-09-25,30.40,25.80,27.50,35.30,30.00,32.20,0.40,OPEN_METEO_ERA5_LAND,shenzhen
2013-09-26,28.70,22.50,25.60,32.00,23.10,28.20,0.00,OPEN_METEO_ERA5_LAND,shenzhen
2013-09-27,28.80,21.70,25.10,32.50,22.30,27.80,0.00,OPEN_METEO_ERA5_LAND,shenzhen
2013-09-28,28.00,24.30,25.90,31.10,27.60,29.40,1.50,OPEN_METEO_ERA5_LAND,shenzhen
2013-09-29,24.70,22.60,23.80,28.20,23.90,25.90,9.40,OPEN_METEO_ERA5_LAND,shenzhen
2013-09-30,28.00,23.50,25.40,31.70,25.60,28.60,4.50,OPEN_METEO_ERA5_LAND,shenzhen
2013-10-01,29.90,24.30,26.70,34.90,28.20,31.30,0.10,OPEN_METEO_ERA5_LAND,shenzhen
2013-10-02,30.20,23.60,26.30,32.80,25.70,29.40,0.00,OPEN_METEO_ERA5_LAND,shenzhen
2013-10-03,28.90,22.20,25.10,32.80,24.60,28.10,0.00,OPEN_METEO_ERA5_LAND,shenzhen
2013-10-04,28.40,21.60,24.80,31.00,25.10,28.00,0.00,OPEN_METEO_ERA5_LAND,shenzhen
2013-10-05,28.40,21.40,24.60,30.90,23.50,27.20,0.00,OPEN_METEO_ERA5_LAND,shenzhen
2013-10-06,29.40,20.60,24.50,30.70,21.20,25.70,0.00,OPEN_METEO_ERA5_LAND,shenzhen
2013-10-07,30.70,22.30,25.80,31.90,22.70,26.70,0.00,OPEN_METEO_ERA5_LAND,shenzhen
2013-10-08,28.30,23.50,25.60,30.20,24.60,27.40,0.10,OPEN_METEO_ERA5_LAND,shenzhen
2013-10-09,29.00,23.00,25.60,34.30,25.80,29.40,0.70,OPEN_METEO_ERA5_LAND,shenzhen
2013-10-10,29.80,23.80,26.30,35.10,27.50,31.00,0.10,OPEN_METEO_ERA5_LAND,shenzhen
2013-10-11,31.00,23.50,27.00,36.60,28.50,31.80,0.30,OPEN_METEO_ERA5_LAND,shenzhen
2013-10-12,31.30,24.30,27.00,36.60,28.20,31.30,0.00,OPEN_METEO_ERA5_LAND,shenzhen
2013-10-13,29.60,24.90,26.50,33.10,26.00,28.60,0.00,OPEN_METEO_ERA5_LAND,shenzhen
2013-10-14,26.00,23.40,24.60,29.70,25.20,27.40,6.00,OPEN_METEO_ERA5_LAND,shenzhen
2013-10-15,29.20,24.20,26.00,31.30,27.80,29.50,0.00,OPEN_METEO_ERA5_LAND,shenzhen
2013-10-16,27.50,22.10,24.50,28.70,21.70,25.80,0.20,OPEN_METEO_ERA5_LAND,shenzhen
2013-10-17,26.70,22.60,24.00,28.20,23.00,25.30,0.00,OPEN_METEO_ERA5_LAND,shenzhen
2013-10-18,26.40,21.70,23.60,26.50,21.50,24.40,0.00,OPEN_METEO_ERA5_LAND,shenzhen
2013-10-19,28.10,20.50,23.80,29.30,19.70,24.70,0.30,OPEN_METEO_ERA5_LAND,shenzhen
2013-10-20,28.40,20.20,24.10,30.60,19.40,25.40,0.00,OPEN_METEO_ERA5_LAND,shenzhen
2013-10-21,28.40,21.00,24.40,30.90,20.90,26.10,0.00,OPEN_METEO_ERA5_LAND,shenzhen
2013-10-22,29.20,21.80,24.60,30.10,22.60,26.00,0.00,OPEN_METEO_ERA5_LAND,shenzhen
2013-10-23,27.80,19.80,23.20,27.40,18.50,22.70,0.00,OPEN_METEO_ERA5_LAND,shenzhen
2013-10-24,27.90,19.00,23.00,27.00,17.00,21.50,0.00,OPEN_METEO_ERA5_LAND,shenzhen
2013-10-25,27.20,20.20,22.90,25.50,17.50,20.60,0.00,OPEN_METEO_ERA5_LAND,shenzhen
2013-10-26,25.10,17.30,20.90,25.10,13.70,19.10,0.00,OPEN_METEO_ERA5_LAND,shenzhen
2013-10-27,24.80,18.00,21.00,24.60,18.10,20.80,0.00,OPEN_METEO_ERA5_LAND,shenzhen
2013-10-28,25.80,19.10,22.00,26.30,19.10,22.30,0.00,OPEN_METEO_ERA5_LAND,shenzhen
2013-10-29,26.00,20.00,22.80,27.10,21.30,24.20,0.00,OPEN_METEO_ERA5_LAND,shenzhen
2013-10-30,27.40,21.60,23.80,29.30,24.00,25.70,0.00,OPEN_METEO_ERA5_LAND,shenzhen
2013-10-31,29.50,21.40,24.90,31.80,24.30,27.30,0.00,OPEN_METEO_ERA5_LAND,shenzhen
2013-11-01,30.50,20.30,25.10,31.10,22.70,26.80,0.00,OPEN_METEO_ERA5_LAND,shenzhen
2013-11-02,28.40,23.30,25.40,28.50,22.70,25.50,0.00,OPEN_METEO_ERA5_LAND,shenzhen
2013-11-03,27.70,23.50,25.00,27.30,22.90,24.80,0.30,OPEN_METEO_ERA5_LAND,shenzhen
2013-11-04,24.50,21.00,22.60,25.10,21.70,23.20,5.10,OPEN_METEO_ERA5_LAND,shenzhen
2013-11-05,25.70,20.10,22.40,26.90,21.30,23.90,2.70,OPEN_METEO_ERA5_LAND,shenzhen
2013-11-06,27.10,21.80,23.60,29.60,23.10,25.90,1.50,OPEN_METEO_ERA5_LAND,shenzhen
2013-11-07,27.90,21.40,23.90,30.50,23.50,26.10,0.00,OPEN_METEO_ERA5_LAND,shenzhen
2013-11-08,27.90,21.30,24.00,29.90,22.80,25.90,0.00,OPEN_METEO_ERA5_LAND,shenzhen
2013-11-09,29.10,21.60,25.30,30.80,24.00,27.30,0.00,OPEN_METEO_ERA5_LAND,shenzhen
2013-11-10,25.70,24.10,24.80,28.80,26.20,27.30,6.60,OPEN_METEO_ERA5_LAND,shenzhen
2013-11-11,26.30,22.30,24.20,26.90,22.70,25.40,0.00,OPEN_METEO_ERA5_LAND,shenzhen
2013-11-12,24.70,20.60,22.70,25.30,21.80,23.30,9.10,OPEN_METEO_ERA5_LAND,shenzhen
2013-11-13,20.50,17.90,19.10,21.30,16.80,18.80,0.60,OPEN_METEO_ERA5_LAND,shenzhen
2013-11-14,22.10,17.10,19.40,21.70,16.10,18.70,0.00,OPEN_METEO_ERA5_LAND,shenzhen
2013-11-15,24.50,17.00,20.30,24.50,14.70,19.30,0.00,OPEN_METEO_ERA5_LAND,shenzhen
2013-11-16,25.30,16.70,20.60,25.70,15.30,19.90,0.00,OPEN_METEO_ERA5_LAND,shenzhen
2013-11-17,24.40,16.60,20.20,23.20,14.10,18.40,0.00,OPEN_METEO_ERA5_LAND,shenzhen
2013-11-18,23.80,17.00,19.80,21.50,14.30,17.80,0.00,OPEN_METEO_ERA5_LAND,shenzhen
2013-11-19,22.70,16.80,19.70,21.40,15.40,18.60,0.00,OPEN_METEO_ERA5_LAND,shenzhen
2013-11-20,21.50,17.70,19.50,19.90,16.90,18.70,0.00,OPEN_METEO_ERA5_LAND,shenzhen
2013-11-21,23.60,17.60,20.10,22.00,17.00,19.70,1.00,OPEN_METEO_ERA5_LAND,shenzhen
2013-11-22,23.30,18.30,20.50,23.10,18.00,20.80,2.60,OPEN_METEO_ERA5_LAND,shenzhen
2013-11-23,24.40,19.00,21.30,23.70,19.10,21.60,0.10,OPEN_METEO_ERA5_LAND,shenzhen
2013-11-24,26.50,19.00,21.80,30.20,18.50,23.70,6.70,OPEN_METEO_ERA5_LAND,shenzhen
2013-11-25,22.40,14.00,17.70,19.50,9.60,14.80,0.00,OPEN_METEO_ERA5_LAND,shenzhen
2013-11-26,21.60,14.10,18.10,21.20,11.80,17.00,0.00,OPEN_METEO_ERA5_LAND,shenzhen
2013-11-27,21.90,14.70,19.10,21.50,11.10,17.90,0.90,OPEN_METEO_ERA5_LAND,shenzhen
2013-11-28,19.40,12.70,15.20,15.10,8.20,11.00,2.70,OPEN_METEO_ERA5_LAND,shenzhen
2013-11-29,17.70,11.00,13.80,13.50,5.10,8.90,0.00,OPEN_METEO_ERA5_LAND,shenzhen
2013-11-30,19.20,9.70,14.20,17.00,6.20,11.30,0.00,OPEN_METEO_ERA5_LAND,shenzhen
2013-12-01,21.60,11.30,15.80,18.70,8.40,13.00,0.00,OPEN_METEO_ERA5_LAND,shenzhen
2013-12-02,22.70,11.20,16.60,20.30,8.30,14.10,0.00,OPEN_METEO_ERA5_LAND,shenzhen
2013-12-03,22.70,14.20,17.60,20.90,12.80,16.40,0.00,OPEN_METEO_ERA5_LAND,shenzhen
2013-12-04,24.30,11.20,17.70,21.80,9.60,15.80,0.00,OPEN_METEO_ERA5_LAND,shenzhen
2013-12-05,21.80,11.90,16.50,20.40,8.40,14.10,0.00,OPEN_METEO_ERA5_LAND,shenzhen
2013-12-06,22.90,11.00,16.50,19.50,8.70,13.90,0.00,OPEN_METEO_ERA5_LAND,shenzhen
2013-12-07,23.40,12.50,17.40,22.70,10.40,16.20,0.00,OPEN_METEO_ERA5_LAND,shenzhen
2013-12-08,21.80,13.40,17.90,21.90,12.90,17.90,0.50,OPEN_METEO_ERA5_LAND,shenzhen
2013-12-09,26.20,18.00,21.40,25.60,16.30,21.00,0.60,OPEN_METEO_ERA5_LAND,shenzhen
2013-12-10,21.60,16.20,18.70,20.30,13.10,16.80,0.00,OPEN_METEO_ERA5_LAND,shenzhen
2013-12-11,20.40,16.80,18.40,18.90,13.30,15.90,0.00,OPEN_METEO_ERA5_LAND,shenzhen
2013-12-12,19.80,15.30,17.30,18.50,11.70,15.30,0.00,OPEN_METEO_ERA5_LAND,shenzhen
2013-12-13,21.40,16.60,18.30,20.30,14.40,17.30,0.60,OPEN_METEO_ERA5_LAND,shenzhen
2013-12-14,19.30,15.40,17.00,18.40,14.10,16.10,17.80,OPEN_METEO_ERA5_LAND,shenzhen
2013-12-15,15.90,13.50,14.90,15.00,11.40,13.80,23.80,OPEN_METEO_ERA5_LAND,shenzhen
2013-12-16,13.10,10.20,11.60,10.80,6.80,8.20,23.70,OPEN_METEO_ERA5_LAND,shenzhen
2013-12-17,11.50,8.70,10.30,9.10,5.10,7.50,30.00,OPEN_METEO_ERA5_LAND,shenzhen
2013-12-18,13.30,7.00,9.70,9.30,2.30,5.30,0.00,OPEN_METEO_ERA5_LAND,shenzhen
2013-12-19,14.30,8.10,10.70,11.50,3.50,6.90,0.00,OPEN_METEO_ERA5_LAND,shenzhen
2013-12-20,15.20,9.00,12.00,12.60,4.80,8.80,0.00,OPEN_METEO_ERA5_LAND,shenzhen
2013-12-21,15.70,10.10,12.60,12.80,6.00,9.30,0.00,OPEN_METEO_ERA5_LAND,shenzhen
2013-12-22,15.40,7.20,10.90,12.90,2.90,7.60,0.00,OPEN_METEO_ERA5_LAND,shenzhen
2013-12-23,17.20,7.70,12.10,14.80,4.30,9.20,0.00,OPEN_METEO_ERA5_LAND,shenzhen
2013-12-24,17.20,8.20,12.30,14.80,4.60,9.40,0.00,OPEN_METEO_ERA5_LAND,shenzhen
2013-12-25,17.30,9.10,12.80,15.30,5.80,10.10,0.00,OPEN_METEO_ERA5_LAND,shenzhen
2013-12-26,17.00,8.90,12.40,12.40,4.80,8.30,0.00,OPEN_METEO_ERA5_LAND,shenzhen
2013-12-27,15.00,8.50,11.00,10.50,3.20,6.20,0.00,OPEN_METEO_ERA5_LAND,shenzhen
2013-12-28,14.10,5.60,9.50,10.90,0.80,5.30,0.00,OPEN_METEO_ERA5_LAND,shenzhen
2013-12-29,15.00,6.00,10.00,12.50,1.20,6.30,0.00,OPEN_METEO_ERA5_LAND,shenzhen
2013-12-30,17.30,6.90,11.50,14.60,3.70,8.60,0.00,OPEN_METEO_ERA5_LAND,shenzhen
2013-12-31,18.90,8.20,12.60,16.50,5.00,9.90,0.00,OPEN_METEO_ERA5_LAND,shenzhen
2014-01-01,19.40,7.70,13.10,18.50,4.40,10.90,0.00,OPEN_METEO_ERA5_LAND,shenzhen
2014-01-02,20.90,10.40,15.40,21.30,9.00,14.90,0.00,OPEN_METEO_ERA5_LAND,shenzhen
2014-01-03,24.10,15.30,18.90,24.10,15.00,19.00,0.00,OPEN_METEO_ERA5_LAND,shenzhen
2014-01-04,21.80,13.50,16.90,18.90,10.90,14.50,0.00,OPEN_METEO_ERA5_LAND,shenzhen
2014-01-05,19.30,10.70,14.90,17.90,7.30,12.40,0.00,OPEN_METEO_ERA5_LAND,shenzhen
2014-01-06,19.60,13.00,16.10,18.00,10.80,14.40,0.00,OPEN_METEO_ERA5_LAND,shenzhen
2014-01-07,20.60,16.30,17.90,19.80,14.80,17.20,0.00,OPEN_METEO_ERA5_LAND,shenzhen
2014-01-08,22.70,13.20,18.30,22.00,9.50,17.70,0.20,OPEN_METEO_ERA5_LAND,shenzhen
2014-01-09,17.20,12.00,14.20,14.70,8.00,11.00,0.00,OPEN_METEO_ERA5_LAND,shenzhen
2014-01-10,18.20,13.80,15.30,16.40,11.50,13.40,0.00,OPEN_METEO_ERA5_LAND,shenzhen
2014-01-11,21.40,14.10,16.70,21.50,12.40,16.00,0.00,OPEN_METEO_ERA5_LAND,shenzhen
2014-01-12,21.70,12.40,16.80,19.60,8.20,15.20,0.00,OPEN_METEO_ERA5_LAND,shenzhen
2014-01-13,15.90,9.50,12.10,12.00,5.60,8.20,0.00,OPEN_METEO_ERA5_LAND,shenzhen
2014-01-14,17.30,8.60,12.50,15.00,4.60,8.90,0.00,OPEN_METEO_ERA5_LAND,shenzhen
2014-01-15,16.90,8.20,12.30,14.70,4.30,9.10,0.00,OPEN_METEO_ERA5_LAND,shenzhen
2014-01-16,18.10,10.10,13.50,16.30,7.50,11.40,0.00,OPEN_METEO_ERA5_LAND,shenzhen
2014-01-17,20.90,10.30,15.10,18.80,9.00,13.60,0.00,OPEN_METEO_ERA5_LAND,shenzhen
2014-01-18,20.60,11.30,15.30,17.00,7.10,11.50,0.00,OPEN_METEO_ERA5_LAND,shenzhen
2014-01-19,16.90,10.00,13.20,14.10,7.20,10.80,0.00,OPEN_METEO_ERA5_LAND,shenzhen
2014-01-20,21.30,10.60,15.40,18.10,8.90,12.70,0.00,OPEN_METEO_ERA5_LAND,shenzhen
2014-01-21,18.60,10.50,14.00,14.20,4.80,8.80,0.00,OPEN_METEO_ERA5_LAND,shenzhen
2014-01-22,17.90,7.70,12.30,14.50,2.90,8.20,0.00,OPEN_METEO_ERA5_LAND,shenzhen
2014-01-23,17.00,8.90,12.50,14.70,6.30,9.90,0.00,OPEN_METEO_ERA5_LAND,shenzhen
2014-01-24,19.70,11.80,15.20,18.10,9.40,13.60,0.00,OPEN_METEO_ERA5_LAND,shenzhen
2014-01-25,22.20,14.00,17.70,22.60,13.30,17.70,0.00,OPEN_METEO_ERA5_LAND,shenzhen
2014-01-26,23.70,15.10,18.50,24.80,14.70,18.50,0.00,OPEN_METEO_ERA5_LAND,shenzhen
2014-01-27,20.80,14.90,17.00,20.30,12.70,15.40,0.00,OPEN_METEO_ERA5_LAND,shenzhen
2014-01-28,21.50,14.00,16.90,20.70,13.30,16.10,0.00,OPEN_METEO_ERA5_LAND,shenzhen
2014-01-29,22.90,11.50,16.80,22.60,11.10,16.40,0.00,OPEN_METEO_ERA5_LAND,shenzhen
2014-01-30,24.40,12.80,17.70,25.40,13.00,18.00,0.00,OPEN_METEO_ERA5_LAND,shenzhen
2014-01-31,24.20,11.40,17.90,25.00,10.90,18.30,0.00,OPEN_METEO_ERA5_LAND,shenzhen
2014-02-01,24.10,15.60,19.00,24.90,16.40,19.80,0.00,OPEN_METEO_ERA5_LAND,shenzhen
2014-02-02,25.20,13.80,18.90,26.60,14.50,19.70,0.00,OPEN_METEO_ERA5_LAND,shenzhen
2014-02-03,26.60,15.10,20.10,27.80,15.40,20.70,0.00,OPEN_METEO_ERA5_LAND,shenzhen
2014-02-04,21.80,14.90,18.20,21.00,15.60,17.60,0.00,OPEN_METEO_ERA5_LAND,shenzhen
2014-02-05,19.90,16.00,17.60,18.50,14.40,16.30,0.00,OPEN_METEO_ERA5_LAND,shenzhen
2014-02-06,24.30,17.20,19.80,25.50,17.30,20.50,0.00,OPEN_METEO_ERA5_LAND,shenzhen
2014-02-07,25.10,17.10,21.00,26.00,16.80,22.50,1.60,OPEN_METEO_ERA5_LAND,shenzhen
2014-02-08,18.30,13.80,16.20,18.50,10.90,14.70,2.30,OPEN_METEO_ERA5_LAND,shenzhen
2014-02-09,17.30,6.90,13.20,16.90,1.80,10.90,10.30,OPEN_METEO_ERA5_LAND,shenzhen
2014-02-10,8.40,5.50,7.10,3.40,0.10,1.90,2.40,OPEN_METEO_ERA5_LAND,shenzhen
2014-02-11,8.90,5.30,6.70,3.90,-0.10,1.60,0.90,OPEN_METEO_ERA5_LAND,shenzhen
2014-02-12,9.50,6.30,7.70,6.20,1.80,3.70,5.00,OPEN_METEO_ERA5_LAND,shenzhen
2014-02-13,7.90,5.50,6.90,3.30,1.20,2.50,8.60,OPEN_METEO_ERA5_LAND,shenzhen
2014-02-14,15.20,5.70,10.10,12.60,0.40,5.90,0.00,OPEN_METEO_ERA5_LAND,shenzhen
2014-02-15,14.50,7.90,11.20,12.90,3.90,8.50,0.20,OPEN_METEO_ERA5_LAND,shenzhen
2014-02-16,20.40,14.50,17.10,20.20,13.00,16.50,0.30,OPEN_METEO_ERA5_LAND,shenzhen
2014-02-17,23.40,17.30,19.80,25.20,18.00,21.10,0.30,OPEN_METEO_ERA5_LAND,shenzhen
2014-02-18,23.10,9.90,17.00,24.30,4.60,16.80,2.10,OPEN_METEO_ERA5_LAND,shenzhen
2014-02-19,9.60,6.80,8.40,4.50,1.70,3.40,4.70,OPEN_METEO_ERA5_LAND,shenzhen
2014-02-20,17.60,5.10,11.30,15.90,0.50,8.20,0.00,OPEN_METEO_ERA5_LAND,shenzhen
2014-02-21,17.00,10.40,13.60,14.20,7.90,10.80,0.00,OPEN_METEO_ERA5_LAND,shenzhen
2014-02-22,17.40,13.10,14.90,15.40,9.90,12.50,1.20,OPEN_METEO_ERA5_LAND,shenzhen
2014-02-23,19.70,14.40,16.50,17.90,13.20,15.20,0.00,OPEN_METEO_ERA5_LAND,shenzhen
2014-02-24,21.00,15.00,17.80,19.90,14.30,17.20,0.00,OPEN_METEO_ERA5_LAND,shenzhen
2014-02-25,23.00,16.60,19.50,23.60,16.50,20.10,0.40,OPEN_METEO_ERA5_LAND,shenzhen
2014-02-26,24.80,17.80,20.60,27.90,19.70,22.90,0.70,OPEN_METEO_ERA5_LAND,shenzhen
2014-02-27,23.60,17.80,20.20,25.00,18.70,21.20,0.00,OPEN_METEO_ERA5_LAND,shenzhen
2014-02-28,21.90,18.00,19.90,21.80,18.00,20.30,2.00,OPEN_METEO_ERA5_LAND,shenzhen
2014-03-01,25.00,19.30,21.50,26.30,20.70,23.10,0.10,OPEN_METEO_ERA5_LAND,shenzhen
2014-03-02,21.40,15.70,19.00,23.00,14.60,19.40,3.00,OPEN_METEO_ERA5_LAND,shenzhen
2014-03-03,21.30,16.90,18.60,20.50,15.00,17.50,0.90,OPEN_METEO_ERA5_LAND,shenzhen
2014-03-04,23.60,17.10,19.60,25.30,15.90,19.80,1.90,OPEN_METEO_ERA5_LAND,shenzhen
2014-03-05,18.90,14.70,16.90,18.40,12.40,15.70,1.70,OPEN_METEO_ERA5_LAND,shenzhen
2014-03-06,21.10,16.60,18.40,19.50,15.30,17.10,2.80,OPEN_METEO_ERA5_LAND,shenzhen
2014-03-07,19.20,15.60,17.00,17.40,13.70,15.30,1.90,OPEN_METEO_ERA5_LAND,shenzhen
2014-03-08,20.60,15.80,17.70,21.20,14.20,16.80,2.50,OPEN_METEO_ERA5_LAND,shenzhen
2014-03-09,15.60,12.90,14.40,14.10,10.10,12.30,3.00,OPEN_METEO_ERA5_LAND,shenzhen
2014-03-10,16.30,14.30,15.20,14.50,12.40,13.50,3.20,OPEN_METEO_ERA5_LAND,shenzhen
2014-03-11,20.30,15.40,18.10,19.60,13.50,17.10,3.90,OPEN_METEO_ERA5_LAND,shenzhen
2014-03-12,26.00,18.70,21.80,28.10,19.20,23.80,8.20,OPEN_METEO_ERA5_LAND,shenzhen
2014-03-13,23.10,17.60,20.30,24.20,16.10,20.50,2.50,OPEN_METEO_ERA5_LAND,shenzhen
2014-03-14,18.60,15.80,17.20,16.30,13.30,14.90,0.20,OPEN_METEO_ERA5_LAND,shenzhen
2014-03-15,20.40,15.20,17.50,19.90,14.00,16.70,0.70,OPEN_METEO_ERA5_LAND,shenzhen
2014-03-16,23.90,17.20,19.80,25.40,17.00,20.50,0.20,OPEN_METEO_ERA5_LAND,shenzhen
2014-03-17,24.80,17.90,21.00,26.50,19.40,22.80,0.00,OPEN_METEO_ERA5_LAND,shenzhen
2014-03-18,25.90,19.50,22.20,28.80,22.40,24.80,0.00,OPEN_METEO_ERA5_LAND,shenzhen
2014-03-19,27.40,19.90,23.20,31.20,22.80,26.40,0.00,OPEN_METEO_ERA5_LAND,shenzhen
2014-03-20,28.50,16.20,21.90,32.10,12.40,23.50,0.00,OPEN_METEO_ERA5_LAND,shenzhen
2014-03-21,18.70,14.60,16.40,16.60,11.30,13.80,0.20,OPEN_METEO_ERA5_LAND,shenzhen
2014-03-22,21.70,14.90,17.70,21.50,13.00,16.50,0.70,OPEN_METEO_ERA5_LAND,shenzhen
2014-03-23,22.80,15.80,18.70,22.80,14.40,17.80,0.00,OPEN_METEO_ERA5_LAND,shenzhen
2014-03-24,24.40,16.30,19.90,25.90,16.00,20.20,0.00,OPEN_METEO_ERA5_LAND,shenzhen
2014-03-25,26.00,18.10,21.60,28.10,19.50,23.30,0.20,OPEN_METEO_ERA5_LAND,shenzhen
2014-03-26,28.70,18.20,22.70,32.70,20.50,25.20,0.00,OPEN_METEO_ERA5_LAND,shenzhen
2014-03-27,27.90,19.00,22.80,30.90,21.50,25.50,0.00,OPEN_METEO_ERA5_LAND,shenzhen
2014-03-28,27.40,21.40,23.80,30.40,23.80,26.60,0.80,OPEN_METEO_ERA5_LAND,shenzhen
2014-03-29,28.60,22.20,24.70,32.80,25.60,28.80,4.10,OPEN_METEO_ERA5_LAND,shenzhen
2014-03-30,27.00,21.10,24.00,30.50,22.20,27.20,28.00,OPEN_METEO_ERA5_LAND,shenzhen
2014-03-31,25.10,20.90,22.50,29.00,22.30,25.60,31.10,OPEN_METEO_ERA5_LAND,shenzhen
2014-04-01,22.40,21.00,21.50,25.20,23.70,24.20,25.60,OPEN_METEO_ERA5_LAND,shenzhen
2014-04-02,22.10,20.30,21.10,23.40,21.90,22.70,10.80,OPEN_METEO_ERA5_LAND,shenzhen
2014-04-03,24.10,19.10,21.10,27.80,20.60,23.40,33.20,OPEN_METEO_ERA5_LAND,shenzhen
2014-04-04,23.10,18.60,20.60,23.80,18.90,21.80,0.20,OPEN_METEO_ERA5_LAND,shenzhen
2014-04-05,24.40,17.70,20.60,26.80,18.40,21.50,0.00,OPEN_METEO_ERA5_LAND,shenzhen
2014-04-06,22.30,18.50,19.80,23.40,18.30,20.70,22.10,OPEN_METEO_ERA5_LAND,shenzhen
2014-04-07,22.30,17.90,19.60,22.60,17.70,19.90,11.30,OPEN_METEO_ERA5_LAND,shenzhen
2014-04-08,24.40,19.40,21.20,28.10,20.40,23.50,2.50,OPEN_METEO_ERA5_LAND,shenzhen
2014-04-09,26.60,19.70,22.40,32.10,22.40,25.60,0.10,OPEN_METEO_ERA5_LAND,shenzhen
2014-04-10,25.00,20.40,22.10,27.60,22.20,23.90,0.00,OPEN_METEO_ERA5_LAND,shenzhen
2014-04-11,26.00,20.10,22.70,28.90,21.60,24.90,0.00,OPEN_METEO_ERA5_LAND,shenzhen
2014-04-12,27.80,21.60,24.10,33.40,24.30,27.70,0.00,OPEN_METEO_ERA5_LAND,shenzhen
2014-04-13,29.90,21.50,25.40,35.50,25.50,30.10,0.00,OPEN_METEO_ERA5_LAND,shenzhen
2014-04-14,25.20,21.40,23.40,28.90,21.90,26.10,2.50,OPEN_METEO_ERA5_LAND,shenzhen
2014-04-15,24.70,20.00,22.10,26.80,20.80,23.10,1.00,OPEN_METEO_ERA5_LAND,shenzhen
2014-04-16,26.10,21.20,23.30,28.60,22.60,25.60,0.30,OPEN_METEO_ERA5_LAND,shenzhen
2014-04-17,28.10,22.00,24.50,32.80,25.30,28.20,0.20,OPEN_METEO_ERA5_LAND,shenzhen
2014-04-18,28.40,21.40,24.30,32.80,25.30,28.20,0.00,OPEN_METEO_ERA5_LAND,shenzhen
2014-04-19,28.20,21.40,24.60,32.30,25.00,28.40,0.10,OPEN_METEO_ERA5_LAND,shenzhen
2014-04-20,29.40,22.00,25.30,35.40,26.40,30.20,2.00,OPEN_METEO_ERA5_LAND,shenzhen
2014-04-21,28.00,23.60,25.20,31.60,27.30,28.70,0.80,OPEN_METEO_ERA5_LAND,shenzhen
2014-04-22,28.60,23.00,25.40,34.70,27.30,30.20,1.30,OPEN_METEO_ERA5_LAND,shenzhen
2014-04-23,25.80,23.00,24.10,29.50,24.70,26.80,2.20,OPEN_METEO_ERA5_LAND,shenzhen
2014-04-24,26.50,22.40,24.00,29.10,23.80,26.10,0.30,OPEN_METEO_ERA5_LAND,shenzhen
2014-04-25,27.70,23.00,24.70,31.70,25.60,27.90,0.90,OPEN_METEO_ERA5_LAND,shenzhen
2014-04-26,27.80,23.00,24.90,31.70,27.00,28.80,1.70,OPEN_METEO_ERA5_LAND,shenzhen
2014-04-27,30.20,21.70,25.20,36.10,25.30,29.20,0.80,OPEN_METEO_ERA5_LAND,shenzhen
2014-04-28,28.70,21.60,24.80,33.20,22.00,27.20,0.10,OPEN_METEO_ERA5_LAND,shenzhen
2014-04-29,27.00,21.60,24.00,31.70,25.10,27.20,3.00,OPEN_METEO_ERA5_LAND,shenzhen
2014-04-30,26.30,21.70,23.50,30.80,24.60,26.80,31.30,OPEN_METEO_ERA5_LAND,shenzhen
2014-05-01,24.20,21.10,22.10,26.00,23.00,24.40,36.80,OPEN_METEO_ERA5_LAND,shenzhen
2014-05-02,26.10,21.90,23.60,28.80,24.10,26.00,0.00,OPEN_METEO_ERA5_LAND,shenzhen
2014-05-03,26.80,21.90,24.10,29.90,24.20,26.30,0.00,OPEN_METEO_ERA5_LAND,shenzhen
2014-05-04,25.90,22.80,24.00,29.50,24.80,27.00,4.60,OPEN_METEO_ERA5_LAND,shenzhen
2014-05-05,23.60,19.70,21.70,28.00,19.70,23.20,3.50,OPEN_METEO_ERA5_LAND,shenzhen
2014-05-06,20.90,19.30,20.00,21.90,20.40,21.20,8.60,OPEN_METEO_ERA5_LAND,shenzhen
2014-05-07,22.10,19.60,20.90,25.00,21.20,23.00,20.00,OPEN_METEO_ERA5_LAND,shenzhen
2014-05-08,25.90,21.50,23.50,28.80,24.30,26.70,6.00,OPEN_METEO_ERA5_LAND,shenzhen
2014-05-09,25.20,22.50,23.60,28.10,26.30,27.10,25.70,OPEN_METEO_ERA5_LAND,shenzhen
2014-05-10,27.60,23.60,25.30,31.00,26.10,28.50,11.20,OPEN_METEO_ERA5_LAND,shenzhen
2014-05-11,25.70,23.50,24.30,30.00,27.40,28.60,59.70,OPEN_METEO_ERA5_LAND,shenzhen
2014-05-12,27.90,23.20,25.20,33.10,27.70,30.30,17.20,OPEN_METEO_ERA5_LAND,shenzhen
2014-05-13,28.60,23.90,26.10,33.50,29.00,31.20,14.20,OPEN_METEO_ERA5_LAND,shenzhen
2014-05-14,30.10,26.00,27.70,36.00,30.70,32.60,1.20,OPEN_METEO_ERA5_LAND,shenzhen
2014-05-15,30.20,25.90,27.50,35.90,31.40,33.50,9.00,OPEN_METEO_ERA5_LAND,shenzhen
2014-05-16,30.40,24.40,26.80,37.00,30.10,32.80,18.60,OPEN_METEO_ERA5_LAND,shenzhen
2014-05-17,29.80,25.50,27.20,35.80,30.40,33.20,9.90,OPEN_METEO_ERA5_LAND,shenzhen
2014-05-18,29.00,25.20,26.50,35.10,30.60,32.40,18.20,OPEN_METEO_ERA5_LAND,shenzhen
2014-05-19,30.00,25.50,27.50,37.60,30.70,33.60,8.60,OPEN_METEO_ERA5_LAND,shenzhen
2014-05-20,29.30,24.30,26.50,35.90,29.40,32.10,25.60,OPEN_METEO_ERA5_LAND,shenzhen
2014-05-21,30.50,24.10,27.20,36.80,29.70,32.80,15.00,OPEN_METEO_ERA5_LAND,shenzhen
2014-05-22,29.10,27.10,27.90,34.30,31.20,32.80,4.90,OPEN_METEO_ERA5_LAND,shenzhen
2014-05-23,28.60,25.60,27.00,35.30,30.90,33.10,11.20,OPEN_METEO_ERA5_LAND,shenzhen
2014-05-24,30.40,26.30,27.90,36.40,32.00,33.50,3.90,OPEN_METEO_ERA5_LAND,shenzhen
2014-05-25,31.40,25.90,28.30,40.50,31.60,34.90,1.30,OPEN_METEO_ERA5_LAND,shenzhen
2014-05-26,31.40,26.20,28.50,38.10,32.20,34.80,0.30,OPEN_METEO_ERA5_LAND,shenzhen
2014-05-27,32.00,26.40,28.80,40.00,32.90,35.60,1.10,OPEN_METEO_ERA5_LAND,shenzhen
2014-05-28,31.50,26.50,28.70,40.40,32.70,35.30,1.70,OPEN_METEO_ERA5_LAND,shenzhen
2014-05-29,30.80,26.60,28.30,37.30,32.20,34.40,3.20,OPEN_METEO_ERA5_LAND,shenzhen
2014-05-30,31.50,26.60,28.70,38.60,32.50,35.00,0.30,OPEN_METEO_ERA5_LAND,shenzhen
2014-05-31,31.80,27.00,29.10,38.80,33.20,35.30,0.30,OPEN_METEO_ERA5_LAND,shenzhen
2014-06-01,31.90,27.10,29.20,40.30,33.20,35.70,0.10,OPEN_METEO_ERA5_LAND,shenzhen
2014-06-02,31.80,27.30,29.20,38.00,33.20,35.00,0.10,OPEN_METEO_ERA5_LAND,shenzhen
2014-06-03,30.40,26.90,28.40,37.20,33.40,35.10,5.50,OPEN_METEO_ERA5_LAND,shenzhen
2014-06-04,32.10,26.00,28.90,38.60,32.80,35.30,0.80,OPEN_METEO_ERA5_LAND,shenzhen
2014-06-05,31.00,27.20,28.90,38.60,33.90,35.70,4.30,OPEN_METEO_ERA5_LAND,shenzhen
2014-06-06,31.00,26.40,28.10,38.70,33.10,34.90,7.10,OPEN_METEO_ERA5_LAND,shenzhen
2014-06-07,28.80,25.80,27.00,34.20,31.70,33.10,22.00,OPEN_METEO_ERA5_LAND,shenzhen
2014-06-08,32.00,25.40,28.10,39.30,30.80,34.30,8.00,OPEN_METEO_ERA5_LAND,shenzhen
2014-06-09,30.40,25.80,27.40,37.60,30.70,33.00,1.60,OPEN_METEO_ERA5_LAND,shenzhen
2014-06-10,30.30,26.30,27.70,37.00,31.30,33.40,2.30,OPEN_METEO_ERA5_LAND,shenzhen
2014-06-11,28.80,26.10,27.30,34.00,31.10,32.60,2.30,OPEN_METEO_ERA5_LAND,shenzhen
2014-06-12,31.20,25.50,27.70,36.30,30.10,32.20,0.30,OPEN_METEO_ERA5_LAND,shenzhen
2014-06-13,32.30,23.10,27.60,36.10,27.70,31.70,0.40,OPEN_METEO_ERA5_LAND,shenzhen
2014-06-14,33.10,25.30,28.70,37.70,29.90,33.40,1.00,OPEN_METEO_ERA5_LAND,shenzhen
2014-06-15,31.40,26.30,28.00,36.60,32.00,33.80,6.10,OPEN_METEO_ERA5_LAND,shenzhen
2014-06-16,32.60,27.40,29.30,40.60,33.20,35.40,0.60,OPEN_METEO_ERA5_LAND,shenzhen
2014-06-17,31.20,26.70,28.50,38.10,31.80,34.80,7.30,OPEN_METEO_ERA5_LAND,shenzhen
2014-06-18,31.10,26.60,28.40,38.10,32.60,34.70,12.00,OPEN_METEO_ERA5_LAND,shenzhen
2014-06-19,31.20,26.90,28.90,39.40,32.90,35.10,4.30,OPEN_METEO_ERA5_LAND,shenzhen
2014-06-20,30.70,27.40,28.50,37.60,32.70,34.40,7.70,OPEN_METEO_ERA5_LAND,shenzhen
2014-06-21,31.30,26.90,28.80,38.50,33.00,35.40,11.90,OPEN_METEO_ERA5_LAND,shenzhen
2014-06-22,29.40,26.40,27.50,35.80,32.50,34.00,13.20,OPEN_METEO_ERA5_LAND,shenzhen
2014-06-23,30.10,25.90,27.40,36.30,31.60,33.50,14.40,OPEN_METEO_ERA5_LAND,shenzhen
2014-06-24,30.70,26.00,28.00,38.00,31.70,34.30,6.10,OPEN_METEO_ERA5_LAND,shenzhen
2014-06-25,29.70,26.80,28.10,35.90,32.20,34.00,6.90,OPEN_METEO_ERA5_LAND,shenzhen
2014-06-26,31.60,26.60,28.90,39.80,32.70,35.80,1.40,OPEN_METEO_ERA5_LAND,shenzhen
2014-06-27,32.30,27.00,29.30,41.20,33.50,36.70,2.50,OPEN_METEO_ERA5_LAND,shenzhen
2014-06-28,32.30,27.00,29.40,40.50,34.20,36.60,0.60,OPEN_METEO_ERA5_LAND,shenzhen
2014-06-29,30.80,27.00,28.40,37.50,32.30,34.40,5.30,OPEN_METEO_ERA5_LAND,shenzhen
2014-06-30,31.00,26.40,28.00,37.50,31.30,33.70,11.70,OPEN_METEO_ERA5_LAND,shenzhen
2014-07-01,30.20,26.20,28.00,36.50,31.80,34.00,4.70,OPEN_METEO_ERA5_LAND,shenzhen
2014-07-02,31.80,26.40,28.70,39.90,32.70,35.20,3.20,OPEN_METEO_ERA5_LAND,shenzhen
2014-07-03,32.20,26.90,29.30,39.10,32.70,35.60,0.90,OPEN_METEO_ERA5_LAND,shenzhen
2014-07-04,32.40,27.40,29.70,39.30,33.60,36.00,0.30,OPEN_METEO_ERA5_LAND,shenzhen
2014-07-05,32.60,27.40,29.80,42.00,33.30,36.80,0.90,OPEN_METEO_ERA5_LAND,shenzhen
2014-07-06,32.70,27.10,29.50,38.90,33.60,36.40,3.80,OPEN_METEO_ERA5_LAND,shenzhen
2014-07-07,31.50,27.70,29.00,39.30,34.40,36.40,7.80,OPEN_METEO_ERA5_LAND,shenzhen
2014-07-08,32.50,27.50,29.30,41.40,34.80,37.20,7.00,OPEN_METEO_ERA5_LAND,shenzhen
2014-07-09,33.00,26.60,29.40,42.00,33.20,36.80,3.20,OPEN_METEO_ERA5_LAND,shenzhen
2014-07-10,30.30,26.40,28.40,37.50,33.00,35.30,14.60,OPEN_METEO_ERA5_LAND,shenzhen
2014-07-11,31.10,26.50,28.40,37.90,33.10,35.00,10.20,OPEN_METEO_ERA5_LAND,shenzhen
2014-07-12,30.00,26.70,28.20,36.50,32.30,34.10,10.60,OPEN_METEO_ERA5_LAND,shenzhen
2014-07-13,31.90,25.40,28.50,40.00,31.20,35.00,9.60,OPEN_METEO_ERA5_LAND,shenzhen
2014-07-14,31.80,26.30,28.80,39.30,32.20,35.30,2.60,OPEN_METEO_ERA5_LAND,shenzhen
2014-07-15,32.20,26.80,29.30,41.10,33.40,36.20,1.60,OPEN_METEO_ERA5_LAND,shenzhen
2014-07-16,32.00,26.00,29.20,38.80,32.70,35.60,0.50,OPEN_METEO_ERA5_LAND,shenzhen
2014-07-17,30.90,27.00,28.30,35.00,30.00,32.90,9.10,OPEN_METEO_ERA5_LAND,shenzhen
2014-07-18,28.70,26.50,27.20,31.20,28.50,29.90,20.10,OPEN_METEO_ERA5_LAND,shenzhen
2014-07-19,30.70,26.10,27.90,36.70,29.80,32.60,15.10,OPEN_METEO_ERA5_LAND,shenzhen
2014-07-20,31.10,26.40,28.30,38.10,32.00,34.60,3.20,OPEN_METEO_ERA5_LAND,shenzhen
2014-07-21,32.10,26.10,28.50,40.40,32.80,35.50,2.70,OPEN_METEO_ERA5_LAND,shenzhen
2014-07-22,33.10,26.30,29.30,41.10,33.40,36.60,0.50,OPEN_METEO_ERA5_LAND,shenzhen
2014-07-23,33.70,28.10,30.40,41.50,34.10,36.80,0.10,OPEN_METEO_ERA5_LAND,shenzhen
2014-07-24,31.50,28.20,29.50,37.60,33.00,35.20,2.80,OPEN_METEO_ERA5_LAND,shenzhen
2014-07-25,32.30,27.00,29.20,42.20,33.10,36.20,2.40,OPEN_METEO_ERA5_LAND,shenzhen
2014-07-26,29.70,26.10,27.50,35.80,30.80,33.20,9.40,OPEN_METEO_ERA5_LAND,shenzhen
2014-07-27,29.90,25.40,27.40,35.90,30.60,32.90,6.60,OPEN_METEO_ERA5_LAND,shenzhen
2014-07-28,31.80,25.40,28.40,41.50,31.70,35.40,0.40,OPEN_METEO_ERA5_LAND,shenzhen
2014-07-29,32.20,25.80,29.00,40.10,32.40,35.70,0.20,OPEN_METEO_ERA5_LAND,shenzhen
2014-07-30,32.40,26.10,29.20,42.20,32.40,36.40,1.50,OPEN_METEO_ERA5_LAND,shenzhen
2014-07-31,33.50,27.50,30.10,41.10,34.10,36.90,0.00,OPEN_METEO_ERA5_LAND,shenzhen
2014-08-01,34.40,27.50,30.50,42.10,34.10,37.60,5.30,OPEN_METEO_ERA5_LAND,shenzhen
2014-08-02,33.30,26.60,29.60,42.00,32.40,36.60,15.30,OPEN_METEO_ERA5_LAND,shenzhen
2014-08-03,32.60,26.40,29.20,40.80,32.50,36.10,4.70,OPEN_METEO_ERA5_LAND,shenzhen
2014-08-04,32.10,27.00,29.40,41.70,33.50,36.50,1.90,OPEN_METEO_ERA5_LAND,shenzhen
2014-08-05,31.30,26.90,28.80,38.70,33.40,35.60,18.00,OPEN_METEO_ERA5_LAND,shenzhen
2014-08-06,29.90,26.40,27.80,36.50,32.30,34.10,9.70,OPEN_METEO_ERA5_LAND,shenzhen
2014-08-07,30.90,26.20,27.90,37.70,31.60,34.00,10.20,OPEN_METEO_ERA5_LAND,shenzhen
2014-08-08,30.70,26.50,28.40,37.20,32.80,34.50,1.80,OPEN_METEO_ERA5_LAND,shenzhen
2014-08-09,31.20,26.20,28.10,36.70,31.50,33.70,6.10,OPEN_METEO_ERA5_LAND,shenzhen
2014-08-10,31.60,26.90,28.90,38.20,32.40,34.70,2.90,OPEN_METEO_ERA5_LAND,shenzhen
2014-08-11,31.30,27.70,29.10,39.00,33.60,35.40,4.50,OPEN_METEO_ERA5_LAND,shenzhen
2014-08-12,29.50,27.60,28.40,36.90,33.80,34.80,17.60,OPEN_METEO_ERA5_LAND,shenzhen
2014-08-13,27.70,25.90,27.10,34.90,31.60,33.20,26.90,OPEN_METEO_ERA5_LAND,shenzhen
2014-08-14,30.10,25.80,27.70,37.30,30.90,33.70,15.80,OPEN_METEO_ERA5_LAND,shenzhen
2014-08-15,31.60,26.40,28.60,39.20,31.80,35.00,1.50,OPEN_METEO_ERA5_LAND,shenzhen
2014-08-16,31.30,26.60,28.70,38.10,33.10,34.90,0.80,OPEN_METEO_ERA5_LAND,shenzhen
2014-08-17,31.50,26.70,28.70,37.30,32.20,34.50,0.30,OPEN_METEO_ERA5_LAND,shenzhen
2014-08-18,31.80,26.80,28.80,37.90,32.20,34.50,0.10,OPEN_METEO_ERA5_LAND,shenzhen
2014-08-19,29.30,25.70,27.00,35.90,31.30,32.80,22.10,OPEN_METEO_ERA5_LAND,shenzhen
2014-08-20,27.80,25.00,26.30,34.20,29.90,32.00,17.40,OPEN_METEO_ERA5_LAND,shenzhen
2014-08-21,30.10,24.90,27.20,37.00,29.50,33.00,3.20,OPEN_METEO_ERA5_LAND,shenzhen
2014-08-22,31.00,25.10,27.80,39.70,31.10,34.40,4.20,OPEN_METEO_ERA5_LAND,shenzhen
2014-08-23,31.30,25.40,28.00,39.10,31.60,34.40,1.80,OPEN_METEO_ERA5_LAND,shenzhen
2014-08-24,31.80,25.50,28.30,39.30,31.20,34.40,0.00,OPEN_METEO_ERA5_LAND,shenzhen
2014-08-25,31.40,25.50,28.10,39.10,31.70,34.80,1.10,OPEN_METEO_ERA5_LAND,shenzhen
2014-08-26,31.40,26.30,28.40,39.20,32.70,34.90,0.50,OPEN_METEO_ERA5_LAND,shenzhen
2014-08-27,29.00,26.10,27.30,32.80,29.90,31.50,7.10,OPEN_METEO_ERA5_LAND,shenzhen
2014-08-28,29.60,26.10,27.50,35.40,30.10,32.60,8.60,OPEN_METEO_ERA5_LAND,shenzhen
2014-08-29,31.40,25.50,28.30,38.50,31.30,34.50,0.10,OPEN_METEO_ERA5_LAND,shenzhen
2014-08-30,31.00,25.90,28.10,37.00,32.30,34.10,4.80,OPEN_METEO_ERA5_LAND,shenzhen
2014-08-31,30.60,26.10,27.80,38.20,31.30,33.60,12.30,OPEN_METEO_ERA5_LAND,shenzhen
2014-09-01,31.40,26.40,28.50,38.00,31.70,34.40,0.40,OPEN_METEO_ERA5_LAND,shenzhen
2014-09-02,31.80,25.20,28.40,41.60,31.40,35.40,0.20,OPEN_METEO_ERA5_LAND,shenzhen
2014-09-03,32.40,26.40,29.00,39.30,32.60,35.40,0.20,OPEN_METEO_ERA5_LAND,shenzhen
2014-09-04,33.10,26.60,29.20,41.60,33.30,36.20,3.10,OPEN_METEO_ERA5_LAND,shenzhen
2014-09-05,31.00,26.40,28.10,39.40,31.80,34.40,5.10,OPEN_METEO_ERA5_LAND,shenzhen
2014-09-06,31.80,25.70,28.40,39.50,31.00,34.50,1.20,OPEN_METEO_ERA5_LAND,shenzhen
2014-09-07,30.30,26.70,28.00,36.20,31.40,33.40,4.70,OPEN_METEO_ERA5_LAND,shenzhen
2014-09-08,30.20,26.30,27.90,37.70,31.70,33.60,5.20,OPEN_METEO_ERA5_LAND,shenzhen
2014-09-09,31.40,26.10,28.50,38.80,31.90,34.80,0.50,OPEN_METEO_ERA5_LAND,shenzhen
2014-09-10,31.50,26.40,28.70,40.40,32.90,35.50,0.50,OPEN_METEO_ERA5_LAND,shenzhen
2014-09-11,31.60,25.60,28.20,39.70,31.90,34.80,2.70,OPEN_METEO_ERA5_LAND,shenzhen
2014-09-12,29.60,25.70,27.20,34.80,30.20,32.20,9.30,OPEN_METEO_ERA5_LAND,shenzhen
2014-09-13,31.10,25.90,27.90,39.30,30.90,34.00,7.20,OPEN_METEO_ERA5_LAND,shenzhen
2014-09-14,31.90,26.60,28.60,40.20,32.60,35.40,4.00,OPEN_METEO_ERA5_LAND,shenzhen
2014-09-15,32.50,26.00,28.50,37.20,26.90,33.00,7.60,OPEN_METEO_ERA5_LAND,shenzhen
2014-09-16,26.80,25.80,26.20,29.80,26.30,27.90,39.30,OPEN_METEO_ERA5_LAND,shenzhen
2014-09-17,29.60,25.70,27.30,34.90,29.10,31.80,9.00,OPEN_METEO_ERA5_LAND,shenzhen
2014-09-18,31.40,25.70,28.40,38.90,31.80,34.80,0.10,OPEN_METEO_ERA5_LAND,shenzhen
2014-09-19,32.80,26.40,29.30,40.10,32.00,35.50,0.30,OPEN_METEO_ERA5_LAND,shenzhen
2014-09-20,30.70,25.20,27.60,34.20,27.40,31.20,0.20,OPEN_METEO_ERA5_LAND,shenzhen
2014-09-21,29.10,24.20,26.30,32.10,26.00,28.90,0.10,OPEN_METEO_ERA5_LAND,shenzhen
2014-09-22,29.30,23.70,26.10,34.90,25.70,29.80,0.40,OPEN_METEO_ERA5_LAND,shenzhen
2014-09-23,29.80,23.70,26.30,35.90,27.00,31.00,0.20,OPEN_METEO_ERA5_LAND,shenzhen
2014-09-24,30.20,23.30,26.90,36.40,27.90,32.10,0.30,OPEN_METEO_ERA5_LAND,shenzhen
2014-09-25,30.80,24.20,27.20,37.30,29.20,32.70,0.00,OPEN_METEO_ERA5_LAND,shenzhen
2014-09-26,30.60,25.00,27.50,38.50,30.20,33.50,1.50,OPEN_METEO_ERA5_LAND,shenzhen
2014-09-27,31.20,25.30,27.90,38.10,31.20,33.80,0.00,OPEN_METEO_ERA5_LAND,shenzhen
2014-09-28,31.30,25.40,28.00,38.60,31.30,34.00,0.00,OPEN_METEO_ERA5_LAND,shenzhen
2014-09-29,31.90,25.30,28.30,37.90,31.10,34.30,0.00,OPEN_METEO_ERA5_LAND,shenzhen
2014-09-30,33.40,25.80,28.90,40.60,31.60,35.20,2.40,OPEN_METEO_ERA5_LAND,shenzhen
2014-10-01,30.40,23.90,26.80,36.80,28.10,32.10,12.40,OPEN_METEO_ERA5_LAND,shenzhen
2014-10-02,31.00,24.50,27.40,37.70,29.80,33.50,3.70,OPEN_METEO_ERA5_LAND,shenzhen
2014-10-03,30.60,24.80,27.00,37.70,30.30,32.70,4.80,OPEN_METEO_ERA5_LAND,shenzhen
2014-10-04,28.30,24.40,25.90,33.00,29.00,30.40,6.90,OPEN_METEO_ERA5_LAND,shenzhen
2014-10-05,29.50,23.80,25.90,32.10,27.00,29.30,0.00,OPEN_METEO_ERA5_LAND,shenzhen
2014-10-06,28.60,22.40,25.20,30.20,24.20,27.20,0.00,OPEN_METEO_ERA5_LAND,shenzhen
2014-10-07,27.80,22.40,24.70,30.60,23.70,26.80,0.00,OPEN_METEO_ERA5_LAND,shenzhen
2014-10-08,28.00,22.00,24.50,30.10,24.10,26.70,0.00,OPEN_METEO_ERA5_LAND,shenzhen
2014-10-09,28.90,21.20,24.80,31.00,24.00,27.30,0.00,OPEN_METEO_ERA5_LAND,shenzhen
2014-10-10,29.20,21.10,25.10,31.30,23.60,27.40,0.00,OPEN_METEO_ERA5_LAND,shenzhen
2014-10-11,30.70,22.70,26.20,33.90,24.80,28.70,0.00,OPEN_METEO_ERA5_LAND,shenzhen
2014-10-12,30.10,22.90,25.70,32.20,22.80,27.50,0.00,OPEN_METEO_ERA5_LAND,shenzhen
2014-10-13,28.60,21.40,24.70,29.80,20.10,24.90,0.00,OPEN_METEO_ERA5_LAND,shenzhen
2014-10-14,27.70,20.70,24.00,29.70,19.20,24.40,0.00,OPEN_METEO_ERA5_LAND,shenzhen
2014-10-15,27.50,20.60,23.60,29.80,21.20,25.30,0.00,OPEN_METEO_ERA5_LAND,shenzhen
2014-10-16,27.10,22.10,24.20,28.40,23.70,25.30,0.00,OPEN_METEO_ERA5_LAND,shenzhen
2014-10-17,27.20,21.30,23.80,28.60,21.80,24.70,0.00,OPEN_METEO_ERA5_LAND,shenzhen
2014-10-18,27.90,21.00,24.20,29.80,22.60,25.80,0.00,OPEN_METEO_ERA5_LAND,shenzhen
2014-10-19,27.90,22.80,24.90,30.90,25.00,27.30,0.00,OPEN_METEO_ERA5_LAND,shenzhen
2014-10-20,29.00,22.70,25.40,32.20,25.80,28.70,0.00,OPEN_METEO_ERA5_LAND,shenzhen
2014-10-21,31.40,22.30,26.50,35.70,26.70,30.90,0.00,OPEN_METEO_ERA5_LAND,shenzhen
2014-10-22,30.80,23.90,26.60,32.60,25.00,28.80,1.40,OPEN_METEO_ERA5_LAND,shenzhen
2014-10-23,27.10,23.00,24.60,29.10,25.00,27.00,2.00,OPEN_METEO_ERA5_LAND,shenzhen
2014-10-24,27.30,23.20,24.60,29.90,25.60,27.00,0.00,OPEN_METEO_ERA5_LAND,shenzhen
2014-10-25,27.00,22.70,24.40,28.90,25.00,26.70,0.00,OPEN_METEO_ERA5_LAND,shenzhen
2014-10-26,27.80,22.90,24.60,30.60,26.20,27.70,0.20,OPEN_METEO_ERA5_LAND,shenzhen
2014-10-27,29.90,22.70,25.60,32.80,25.10,28.40,0.00,OPEN_METEO_ERA5_LAND,shenzhen
2014-10-28,27.60,23.00,24.80,28.70,22.90,25.50,0.00,OPEN_METEO_ERA5_LAND,shenzhen
2014-10-29,28.10,22.70,24.80,30.00,23.80,26.40,0.00,OPEN_METEO_ERA5_LAND,shenzhen
2014-10-30,28.00,23.30,25.00,30.50,25.20,27.40,0.00,OPEN_METEO_ERA5_LAND,shenzhen
2014-10-31,29.40,22.70,25.40,33.00,25.70,28.80,0.00,OPEN_METEO_ERA5_LAND,shenzhen
2014-11-01,30.20,21.80,25.60,34.80,26.00,29.60,0.00,OPEN_METEO_ERA5_LAND,shenzhen
2014-11-02,29.50,21.20,25.10,30.10,19.10,26.10,0.00,OPEN_METEO_ERA5_LAND,shenzhen
2014-11-03,22.10,19.70,21.00,21.70,16.80,19.30,0.00,OPEN_METEO_ERA5_LAND,shenzhen
2014-11-04,26.00,21.00,23.00,28.10,21.10,23.90,0.00,OPEN_METEO_ERA5_LAND,shenzhen
2014-11-05,26.40,22.20,23.80,27.80,22.60,25.10,0.00,OPEN_METEO_ERA5_LAND,shenzhen
2014-11-06,27.40,22.30,24.30,29.40,25.00,26.50,0.00,OPEN_METEO_ERA5_LAND,shenzhen
2014-11-07,24.80,21.40,23.00,25.70,23.20,24.40,4.50,OPEN_METEO_ERA5_LAND,shenzhen
2014-11-08,22.80,18.90,20.30,24.90,18.70,20.90,6.60,OPEN_METEO_ERA5_LAND,shenzhen
2014-11-09,24.60,18.30,21.00,26.00,17.90,21.70,1.50,OPEN_METEO_ERA5_LAND,shenzhen
2014-11-10,24.90,21.10,22.40,26.20,21.80,24.00,0.00,OPEN_METEO_ERA5_LAND,shenzhen
2014-11-11,25.40,20.70,22.40,27.50,23.00,24.70,4.30,OPEN_METEO_ERA5_LAND,shenzhen
2014-11-12,20.60,18.80,19.60,22.30,17.70,19.60,2.90,OPEN_METEO_ERA5_LAND,shenzhen
2014-11-13,21.30,16.80,18.70,20.60,15.30,17.40,1.20,OPEN_METEO_ERA5_LAND,shenzhen
2014-11-14,22.80,17.10,19.60,22.80,16.20,19.20,0.00,OPEN_METEO_ERA5_LAND,shenzhen
2014-11-15,25.10,18.00,21.10,25.60,17.60,21.60,0.00,OPEN_METEO_ERA5_LAND,shenzhen
2014-11-16,26.30,18.80,22.00,26.70,18.50,22.40,0.00,OPEN_METEO_ERA5_LAND,shenzhen
2014-11-17,24.20,16.20,19.80,23.50,14.00,18.00,0.00,OPEN_METEO_ERA5_LAND,shenzhen
2014-11-18,23.70,15.80,19.30,23.20,13.60,17.80,0.00,OPEN_METEO_ERA5_LAND,shenzhen
2014-11-19,24.10,16.00,19.70,23.10,14.20,18.80,0.00,OPEN_METEO_ERA5_LAND,shenzhen
2014-11-20,24.30,17.80,20.50,24.90,17.80,20.90,0.00,OPEN_METEO_ERA5_LAND,shenzhen
2014-11-21,25.90,18.80,21.50,27.10,19.70,22.80,0.00,OPEN_METEO_ERA5_LAND,shenzhen
2014-11-22,26.40,18.90,22.00,27.30,20.60,23.40,0.00,OPEN_METEO_ERA5_LAND,shenzhen
2014-11-23,25.60,20.60,22.50,26.90,21.90,24.10,0.00,OPEN_METEO_ERA5_LAND,shenzhen
2014-11-24,27.00,21.00,23.10,28.90,23.00,25.10,0.00,OPEN_METEO_ERA5_LAND,shenzhen
2014-11-25,28.30,19.00,23.30,31.10,21.80,26.20,0.00,OPEN_METEO_ERA5_LAND,shenzhen
2014-11-26,26.20,20.10,22.60,28.10,20.20,24.10,0.00,OPEN_METEO_ERA5_LAND,shenzhen
2014-11-27,24.50,20.30,22.20,25.20,21.60,23.30,0.80,OPEN_METEO_ERA5_LAND,shenzhen
2014-11-28,27.50,21.40,23.60,30.10,23.30,26.00,0.00,OPEN_METEO_ERA5_LAND,shenzhen
2014-11-29,25.70,22.40,23.80,27.70,25.40,26.40,0.80,OPEN_METEO_ERA5_LAND,shenzhen
2014-11-30,27.50,22.90,24.70,31.90,25.60,28.30,0.60,OPEN_METEO_ERA5_LAND,shenzhen
2014-12-01,22.70,15.30,18.40,25.70,12.60,16.00,2.60,OPEN_METEO_ERA5_LAND,shenzhen
2014-12-02,16.70,13.30,15.20,15.40,10.60,13.00,8.10,OPEN_METEO_ERA5_LAND,shenzhen
2014-12-03,20.80,16.30,18.10,21.00,14.90,17.40,7.60,OPEN_METEO_ERA5_LAND,shenzhen
2014-12-04,15.00,11.30,12.60,12.90,6.70,8.50,3.70,OPEN_METEO_ERA5_LAND,shenzhen
2014-12-05,15.70,12.30,13.40,13.10,7.70,9.70,0.30,OPEN_METEO_ERA5_LAND,shenzhen
2014-12-06,18.60,13.50,15.80,16.80,10.60,13.30,0.00,OPEN_METEO_ERA5_LAND,shenzhen
2014-12-07,16.50,14.70,15.50,14.70,11.70,13.20,3.40,OPEN_METEO_ERA5_LAND,shenzhen
2014-12-08,19.80,13.50,15.70,18.20,10.60,13.70,0.30,OPEN_METEO_ERA5_LAND,shenzhen
2014-12-09,22.00,15.70,18.40,21.20,14.90,17.70,0.00,OPEN_METEO_ERA5_LAND,shenzhen
2014-12-10,20.90,17.10,18.50,19.90,15.30,17.80,0.00,OPEN_METEO_ERA5_LAND,shenzhen
2014-12-11,19.20,14.00,16.60,16.30,9.90,13.30,0.00,OPEN_METEO_ERA5_LAND,shenzhen
2014-12-12,16.70,11.00,13.30,12.10,5.60,8.30,0.00,OPEN_METEO_ERA5_LAND,shenzhen
2014-12-13,17.90,8.90,13.00,14.60,3.30,8.80,0.00,OPEN_METEO_ERA5_LAND,shenzhen
2014-12-14,19.40,10.60,14.60,16.60,6.90,11.80,0.00,OPEN_METEO_ERA5_LAND,shenzhen
2014-12-15,21.50,14.90,17.60,20.70,13.40,16.40,0.00,OPEN_METEO_ERA5_LAND,shenzhen
2014-12-16,18.50,11.40,15.50,15.60,4.80,10.20,0.00,OPEN_METEO_ERA5_LAND,shenzhen
2014-12-17,16.00,8.60,11.90,10.40,1.70,5.80,0.00,OPEN_METEO_ERA5_LAND,shenzhen
2014-12-18,15.00,9.30,12.10,10.90,4.00,7.70,1.00,OPEN_METEO_ERA5_LAND,shenzhen
2014-12-19,12.50,10.80,11.50,10.30,7.60,8.70,6.60,OPEN_METEO_ERA5_LAND,shenzhen
2014-12-20,19.10,9.60,13.90,16.80,5.60,11.10,0.00,OPEN_METEO_ERA5_LAND,shenzhen
2014-12-21,19.40,11.20,15.30,15.20,5.50,11.60,0.00,OPEN_METEO_ERA5_LAND,shenzhen
2014-12-22,16.50,8.10,12.20,13.10,2.40,7.90,0.00,OPEN_METEO_ERA5_LAND,shenzhen
2014-12-23,18.60,13.40,15.10,16.20,9.90,12.20,0.00,OPEN_METEO_ERA5_LAND,shenzhen
2014-12-24,22.20,13.40,17.40,22.20,10.80,16.40,0.00,OPEN_METEO_ERA5_LAND,shenzhen
2014-12-25,18.60,15.10,17.00,17.90,14.60,16.00,6.00,OPEN_METEO_ERA5_LAND,shenzhen
2014-12-26,17.30,14.50,15.80,16.90,12.90,14.80,1.90,OPEN_METEO_ERA5_LAND,shenzhen
2014-12-27,16.20,13.20,15.10,15.30,11.40,13.40,2.70,OPEN_METEO_ERA5_LAND,shenzhen
2014-12-28,16.30,11.30,12.90,13.20,8.00,10.00,0.80,OPEN_METEO_ERA5_LAND,shenzhen
2014-12-29,18.40,8.70,12.80,15.00,4.80,9.60,0.00,OPEN_METEO_ERA5_LAND,shenzhen
2014-12-30,19.60,7.80,13.60,17.80,5.70,11.70,0.00,OPEN_METEO_ERA5_LAND,shenzhen
2014-12-31,22.00,8.80,14.80,19.20,7.10,12.70,0.00,OPEN_METEO_ERA5_LAND,shenzhen
2015-01-01,19.30,11.00,14.60,16.20,7.00,11.50,0.00,OPEN_METEO_ERA5_LAND,shenzhen
2015-01-02,18.40,10.40,14.00,16.60,6.90,11.60,0.00,OPEN_METEO_ERA5_LAND,shenzhen
2015-01-03,19.00,11.80,14.80,17.00,9.60,12.80,0.00,OPEN_METEO_ERA5_LAND,shenzhen
2015-01-04,21.10,13.60,16.80,21.80,12.40,16.30,0.00,OPEN_METEO_ERA5_LAND,shenzhen
2015-01-05,23.30,16.60,19.20,24.20,16.80,19.70,0.00,OPEN_METEO_ERA5_LAND,shenzhen
2015-01-06,24.90,17.90,20.60,26.70,19.20,22.50,0.00,OPEN_METEO_ERA5_LAND,shenzhen
2015-01-07,18.20,13.60,16.70,19.80,10.00,14.80,0.00,OPEN_METEO_ERA5_LAND,shenzhen
2015-01-08,19.00,12.20,14.90,16.50,7.90,11.70,0.00,OPEN_METEO_ERA5_LAND,shenzhen
2015-01-09,18.00,11.00,14.20,15.60,7.50,12.00,0.00,OPEN_METEO_ERA5_LAND,shenzhen
2015-01-10,20.10,11.60,15.00,17.40,9.00,13.00,0.00,OPEN_METEO_ERA5_LAND,shenzhen
2015-01-11,18.70,13.30,15.60,16.20,10.70,13.30,0.00,OPEN_METEO_ERA5_LAND,shenzhen
2015-01-12,15.90,11.50,13.50,14.70,8.50,10.60,16.40,OPEN_METEO_ERA5_LAND,shenzhen
2015-01-13,13.40,9.90,11.60,11.00,7.20,9.30,20.60,OPEN_METEO_ERA5_LAND,shenzhen
2015-01-14,17.40,8.50,12.30,15.80,4.50,9.40,0.00,OPEN_METEO_ERA5_LAND,shenzhen
2015-01-15,18.00,8.10,12.60,17.40,4.80,10.50,0.00,OPEN_METEO_ERA5_LAND,shenzhen
2015-01-16,20.50,12.10,15.80,18.80,11.10,14.20,0.00,OPEN_METEO_ERA5_LAND,shenzhen
2015-01-17,18.70,11.20,14.50,16.90,8.00,12.20,0.00,OPEN_METEO_ERA5_LAND,shenzhen
2015-01-18,19.40,11.60,14.90,17.40,9.40,12.90,0.00,OPEN_METEO_ERA5_LAND,shenzhen
2015-01-19,19.50,10.10,14.30,17.20,6.30,11.60,0.00,OPEN_METEO_ERA5_LAND,shenzhen
2015-01-20,19.70,12.90,15.50,18.50,11.90,14.10,0.00,OPEN_METEO_ERA5_LAND,shenzhen
2015-01-21,22.10,10.80,16.00,21.30,9.80,15.30,0.00,OPEN_METEO_ERA5_LAND,shenzhen
2015-01-22,21.30,12.30,16.00,19.80,9.20,13.70,0.00,OPEN_METEO_ERA5_LAND,shenzhen
2015-01-23,19.30,10.90,14.90,17.60,9.20,13.00,0.00,OPEN_METEO_ERA5_LAND,shenzhen
2015-01-24,20.00,14.40,16.80,18.90,12.70,15.20,0.00,OPEN_METEO_ERA5_LAND,shenzhen
2015-01-25,21.70,16.10,18.20,22.60,15.30,18.40,0.80,OPEN_METEO_ERA5_LAND,shenzhen
2015-01-26,23.80,15.10,18.80,26.30,15.30,19.60,0.00,OPEN_METEO_ERA5_LAND,shenzhen
2015-01-27,21.90,16.00,18.30,22.20,16.00,18.50,0.00,OPEN_METEO_ERA5_LAND,shenzhen
2015-01-28,19.30,15.50,17.00,17.90,13.50,15.20,0.00,OPEN_METEO_ERA5_LAND,shenzhen
2015-01-29,21.30,14.00,17.00,21.60,12.60,16.40,0.00,OPEN_METEO_ERA5_LAND,shenzhen
2015-01-30,20.20,12.70,16.00,18.70,9.20,14.30,0.00,OPEN_METEO_ERA5_LAND,shenzhen
2015-01-31,18.30,11.20,14.50,16.80,7.60,11.90,0.00,OPEN_METEO_ERA5_LAND,shenzhen
2015-02-01,18.40,11.60,14.80,16.90,8.40,12.60,0.00,OPEN_METEO_ERA5_LAND,shenzhen
2015-02-02,20.00,13.70,16.00,19.50,12.00,15.10,0.00,OPEN_METEO_ERA5_LAND,shenzhen
2015-02-03,22.60,15.00,17.90,23.50,14.60,18.00,0.00,OPEN_METEO_ERA5_LAND,shenzhen
2015-02-04,19.00,12.30,15.80,17.20,8.70,13.70,0.00,OPEN_METEO_ERA5_LAND,shenzhen
2015-02-05,14.90,10.30,11.90,10.70,5.70,7.80,0.00,OPEN_METEO_ERA5_LAND,shenzhen
2015-02-06,16.70,10.30,13.40,15.70,6.40,10.90,0.00,OPEN_METEO_ERA5_LAND,shenzhen
2015-02-07,18.50,13.50,15.30,17.20,12.10,13.90,0.60,OPEN_METEO_ERA5_LAND,shenzhen
2015-02-08,19.30,12.90,15.40,16.10,8.10,11.70,0.00,OPEN_METEO_ERA5_LAND,shenzhen
2015-02-09,18.50,11.20,14.50,17.20,8.60,12.40,0.00,OPEN_METEO_ERA5_LAND,shenzhen
2015-02-10,18.50,11.20,14.60,18.20,9.10,13.00,0.00,OPEN_METEO_ERA5_LAND,shenzhen
2015-02-11,19.90,12.00,15.70,18.30,11.50,14.50,0.00,OPEN_METEO_ERA5_LAND,shenzhen
2015-02-12,22.70,11.00,16.50,21.40,9.70,14.90,0.00,OPEN_METEO_ERA5_LAND,shenzhen
2015-02-13,22.20,12.10,16.90,19.70,10.90,15.10,0.00,OPEN_METEO_ERA5_LAND,shenzhen
2015-02-14,22.70,15.80,18.90,22.10,13.70,17.40,0.10,OPEN_METEO_ERA5_LAND,shenzhen
2015-02-15,21.50,17.20,19.10,24.70,17.40,20.60,6.80,OPEN_METEO_ERA5_LAND,shenzhen
2015-02-16,25.50,17.20,20.50,27.50,19.30,22.60,0.00,OPEN_METEO_ERA5_LAND,shenzhen
2015-02-17,24.00,15.60,19.30,26.60,16.90,20.70,0.00,OPEN_METEO_ERA5_LAND,shenzhen
2015-02-18,22.00,16.70,18.90,21.70,16.00,18.50,0.00,OPEN_METEO_ERA5_LAND,shenzhen
2015-02-19,21.10,16.80,18.40,19.90,15.20,16.90,1.00,OPEN_METEO_ERA5_LAND,shenzhen
2015-02-20,22.40,17.20,19.20,21.80,16.20,18.70,0.00,OPEN_METEO_ERA5_LAND,shenzhen
2015-02-21,25.50,18.60,21.20,27.20,19.00,23.10,1.20,OPEN_METEO_ERA5_LAND,shenzhen
2015-02-22,24.00,18.40,20.60,26.30,20.60,23.10,10.20,OPEN_METEO_ERA5_LAND,shenzhen
2015-02-23,22.00,19.20,20.10,23.70,21.20,21.90,5.60,OPEN_METEO_ERA5_LAND,shenzhen
2015-02-24,23.30,18.90,20.70,24.90,20.20,22.20,1.00,OPEN_METEO_ERA5_LAND,shenzhen
2015-02-25,24.60,19.90,21.70,26.50,21.80,23.90,2.00,OPEN_METEO_ERA5_LAND,shenzhen
2015-02-26,26.00,20.20,22.40,28.30,23.00,24.80,0.20,OPEN_METEO_ERA5_LAND,shenzhen
2015-02-27,22.00,19.80,20.90,24.50,19.70,21.60,0.00,OPEN_METEO_ERA5_LAND,shenzhen
2015-02-28,23.70,19.30,20.80,24.60,19.10,21.40,0.00,OPEN_METEO_ERA5_LAND,shenzhen
2015-03-01,21.00,14.00,17.70,21.50,10.60,15.80,0.50,OPEN_METEO_ERA5_LAND,shenzhen
2015-03-02,20.70,16.10,18.50,19.80,14.10,17.50,0.00,OPEN_METEO_ERA5_LAND,shenzhen
2015-03-03,23.90,15.50,20.20,25.70,14.20,20.80,4.50,OPEN_METEO_ERA5_LAND,shenzhen
2015-03-04,20.30,14.90,17.60,19.70,13.40,16.90,1.60,OPEN_METEO_ERA5_LAND,shenzhen
2015-03-05,21.90,17.30,19.20,21.50,15.80,18.50,0.00,OPEN_METEO_ERA5_LAND,shenzhen
2015-03-06,21.30,17.30,19.00,22.00,17.00,19.20,0.10,OPEN_METEO_ERA5_LAND,shenzhen
2015-03-07,23.00,15.80,19.00,24.10,14.40,18.80,0.00,OPEN_METEO_ERA5_LAND,shenzhen
2015-03-08,24.00,18.10,20.10,25.30,17.80,20.70,0.00,OPEN_METEO_ERA5_LAND,shenzhen
2015-03-09,25.70,17.60,21.30,28.60,19.50,23.60,0.80,OPEN_METEO_ERA5_LAND,shenzhen
2015-03-10,20.90,17.00,18.60,20.90,14.90,17.40,1.10,OPEN_METEO_ERA5_LAND,shenzhen
2015-03-11,19.30,15.30,17.20,18.40,13.80,16.00,2.40,OPEN_METEO_ERA5_LAND,shenzhen
2015-03-12,18.50,14.50,16.50,18.70,13.20,15.90,3.30,OPEN_METEO_ERA5_LAND,shenzhen
2015-03-13,22.10,17.00,19.20,22.00,16.50,19.00,0.40,OPEN_METEO_ERA5_LAND,shenzhen
2015-03-14,24.10,17.90,20.70,25.10,18.60,21.50,0.20,OPEN_METEO_ERA5_LAND,shenzhen
2015-03-15,26.20,19.80,22.40,28.30,21.60,24.50,1.40,OPEN_METEO_ERA5_LAND,shenzhen
2015-03-16,26.60,21.10,23.30,29.00,24.10,26.00,0.70,OPEN_METEO_ERA5_LAND,shenzhen
2015-03-17,27.60,21.90,24.00,29.00,24.40,26.10,0.00,OPEN_METEO_ERA5_LAND,shenzhen
2015-03-18,27.50,22.50,24.40,28.50,25.30,26.80,0.20,OPEN_METEO_ERA5_LAND,shenzhen
2015-03-19,28.50,22.60,24.90,31.90,26.60,28.40,0.20,OPEN_METEO_ERA5_LAND,shenzhen
2015-03-20,28.30,21.10,24.50,31.60,24.40,28.00,0.00,OPEN_METEO_ERA5_LAND,shenzhen
2015-03-21,27.90,19.90,23.40,32.30,23.50,26.90,0.00,OPEN_METEO_ERA5_LAND,shenzhen
2015-03-22,25.40,20.50,22.40,27.10,20.70,24.40,0.00,OPEN_METEO_ERA5_LAND,shenzhen
2015-03-23,24.60,19.30,21.10,26.00,18.60,21.50,1.00,OPEN_METEO_ERA5_LAND,shenzhen
2015-03-24,23.60,18.20,20.20,23.80,18.30,20.40,1.50,OPEN_METEO_ERA5_LAND,shenzhen
2015-03-25,20.90,17.50,18.80,19.60,16.70,18.00,0.30,OPEN_METEO_ERA5_LAND,shenzhen
2015-03-26,21.90,16.90,19.30,22.30,16.40,19.30,1.10,OPEN_METEO_ERA5_LAND,shenzhen
2015-03-27,25.60,18.20,21.30,28.10,19.40,22.80,0.30,OPEN_METEO_ERA5_LAND,shenzhen
2015-03-28,25.70,19.40,21.70,28.20,20.40,23.10,0.00,OPEN_METEO_ERA5_LAND,shenzhen
2015-03-29,27.00,18.30,22.20,29.80,20.50,24.20,0.00,OPEN_METEO_ERA5_LAND,shenzhen
2015-03-30,28.40,20.50,23.60,31.10,22.70,26.10,0.50,OPEN_METEO_ERA5_LAND,shenzhen
2015-03-31,28.70,21.40,24.40,31.10,24.70,27.30,0.10,OPEN_METEO_ERA5_LAND,shenzhen
2015-04-01,29.30,22.30,25.00,31.50,25.60,27.70,0.00,OPEN_METEO_ERA5_LAND,shenzhen
2015-04-02,29.20,22.90,25.60,31.00,25.70,28.10,0.00,OPEN_METEO_ERA5_LAND,shenzhen
2015-04-03,29.90,23.90,26.30,32.40,26.90,29.20,0.30,OPEN_METEO_ERA5_LAND,shenzhen
2015-04-04,30.10,24.50,26.70,33.80,27.80,29.80,0.00,OPEN_METEO_ERA5_LAND,shenzhen
2015-04-05,30.00,23.20,26.10,33.70,27.00,29.70,0.00,OPEN_METEO_ERA5_LAND,shenzhen
2015-04-06,32.40,23.20,27.20,37.10,27.30,31.40,0.00,OPEN_METEO_ERA5_LAND,shenzhen
2015-04-07,29.40,19.20,25.40,31.90,16.90,28.40,3.00,OPEN_METEO_ERA5_LAND,shenzhen
2015-04-08,19.60,16.00,17.50,17.80,14.00,15.30,1.20,OPEN_METEO_ERA5_LAND,shenzhen
2015-04-09,23.30,15.00,18.80,24.20,14.00,18.60,0.90,OPEN_METEO_ERA5_LAND,shenzhen
2015-04-10,19.50,16.00,17.40,18.60,15.20,16.70,2.60,OPEN_METEO_ERA5_LAND,shenzhen
2015-04-11,18.40,14.90,16.70,19.20,14.70,16.80,18.90,OPEN_METEO_ERA5_LAND,shenzhen
2015-04-12,24.60,16.30,19.80,24.90,16.70,20.10,0.10,OPEN_METEO_ERA5_LAND,shenzhen
2015-04-13,27.10,16.40,21.30,27.40,15.30,20.90,0.00,OPEN_METEO_ERA5_LAND,shenzhen
2015-04-14,25.20,15.60,20.10,25.80,13.10,18.70,0.00,OPEN_METEO_ERA5_LAND,shenzhen
2015-04-15,26.30,16.30,20.90,27.10,16.20,20.80,0.00,OPEN_METEO_ERA5_LAND,shenzhen
2015-04-16,27.70,16.90,22.10,30.50,17.60,23.40,0.00,OPEN_METEO_ERA5_LAND,shenzhen
2015-04-17,27.70,16.80,22.60,28.90,18.50,23.90,0.00,OPEN_METEO_ERA5_LAND,shenzhen
2015-04-18,29.00,21.90,25.40,30.70,23.60,28.00,1.50,OPEN_METEO_ERA5_LAND,shenzhen
2015-04-19,30.40,24.80,26.80,33.70,28.20,30.10,0.10,OPEN_METEO_ERA5_LAND,shenzhen
2015-04-20,30.90,21.00,26.20,35.20,21.70,30.00,15.20,OPEN_METEO_ERA5_LAND,shenzhen
2015-04-21,25.20,19.30,21.90,27.30,19.40,23.20,3.50,OPEN_METEO_ERA5_LAND,shenzhen
2015-04-22,26.60,20.20,22.80,30.20,21.60,24.50,0.00,OPEN_METEO_ERA5_LAND,shenzhen
2015-04-23,24.60,21.00,22.40,25.50,20.90,22.90,4.10,OPEN_METEO_ERA5_LAND,shenzhen
2015-04-24,28.20,20.60,23.90,32.60,21.90,26.20,0.30,OPEN_METEO_ERA5_LAND,shenzhen
2015-04-25,27.40,21.00,23.70,31.80,23.60,26.50,0.00,OPEN_METEO_ERA5_LAND,shenzhen
2015-04-26,27.10,21.40,23.70,30.40,23.70,25.80,0.00,OPEN_METEO_ERA5_LAND,shenzhen
2015-04-27,29.10,20.80,24.40,32.80,23.20,27.30,0.00,OPEN_METEO_ERA5_LAND,shenzhen
2015-04-28,29.90,21.30,25.50,33.00,25.30,28.80,0.00,OPEN_METEO_ERA5_LAND,shenzhen
2015-04-29,31.30,23.00,26.50,37.70,27.50,31.30,0.50,OPEN_METEO_ERA5_LAND,shenzhen
2015-04-30,31.30,23.60,27.20,36.90,29.00,32.10,1.10,OPEN_METEO_ERA5_LAND,shenzhen
2015-05-01,30.40,24.40,26.90,34.80,28.80,30.60,1.00,OPEN_METEO_ERA5_LAND,shenzhen
2015-05-02,30.60,24.80,27.20,34.90,28.70,31.40,2.70,OPEN_METEO_ERA5_LAND,shenzhen
2015-05-03,31.10,24.70,27.20,36.30,30.00,32.20,7.80,OPEN_METEO_ERA5_LAND,shenzhen
2015-05-04,30.90,24.50,27.20,36.60,29.20,32.50,6.50,OPEN_METEO_ERA5_LAND,shenzhen
2015-05-05,29.70,24.00,26.30,35.40,28.80,31.00,8.70,OPEN_METEO_ERA5_LAND,shenzhen
2015-05-06,29.60,24.60,26.90,34.20,28.50,31.30,4.00,OPEN_METEO_ERA5_LAND,shenzhen
2015-05-07,30.70,24.50,27.00,36.40,29.50,32.40,2.70,OPEN_METEO_ERA5_LAND,shenzhen
2015-05-08,29.90,25.70,27.50,33.70,30.30,31.90,3.50,OPEN_METEO_ERA5_LAND,shenzhen
2015-05-09,29.40,25.20,26.90,34.70,29.90,32.20,13.60,OPEN_METEO_ERA5_LAND,shenzhen
2015-05-10,28.90,25.10,26.40,33.40,29.90,31.30,6.80,OPEN_METEO_ERA5_LAND,shenzhen
2015-05-11,28.80,24.30,26.30,33.20,28.70,30.90,11.80,OPEN_METEO_ERA5_LAND,shenzhen
2015-05-12,28.80,20.50,24.80,31.60,20.50,26.70,0.60,OPEN_METEO_ERA5_LAND,shenzhen
2015-05-13,29.40,23.50,26.30,34.20,26.80,30.20,1.10,OPEN_METEO_ERA5_LAND,shenzhen
2015-05-14,31.00,25.50,27.90,35.90,30.40,32.30,0.00,OPEN_METEO_ERA5_LAND,shenzhen
2015-05-15,31.00,25.90,28.20,35.40,30.70,32.70,1.10,OPEN_METEO_ERA5_LAND,shenzhen
2015-05-16,29.40,25.40,27.10,34.80,30.70,32.30,12.40,OPEN_METEO_ERA5_LAND,shenzhen
2015-05-17,27.90,25.00,25.90,32.20,29.10,30.80,27.40,OPEN_METEO_ERA5_LAND,shenzhen
2015-05-18,29.30,25.00,26.90,33.80,28.90,31.60,18.10,OPEN_METEO_ERA5_LAND,shenzhen
2015-05-19,28.60,25.60,26.90,33.40,30.00,31.90,12.00,OPEN_METEO_ERA5_LAND,shenzhen
2015-05-20,27.50,25.10,26.20,33.00,30.70,31.90,35.90,OPEN_METEO_ERA5_LAND,shenzhen
2015-05-21,28.70,23.80,25.70,35.30,26.70,30.70,29.70,OPEN_METEO_ERA5_LAND,shenzhen
2015-05-22,26.00,23.20,24.50,30.50,25.70,28.20,23.00,OPEN_METEO_ERA5_LAND,shenzhen
2015-05-23,26.00,24.70,25.20,32.30,29.40,30.70,54.80,OPEN_METEO_ERA5_LAND,shenzhen
2015-05-24,26.50,24.30,25.30,32.90,29.40,31.10,37.20,OPEN_METEO_ERA5_LAND,shenzhen
2015-05-25,29.50,24.40,26.60,35.20,30.20,32.70,19.60,OPEN_METEO_ERA5_LAND,shenzhen
2015-05-26,28.00,25.00,26.10,33.20,30.40,31.60,45.50,OPEN_METEO_ERA5_LAND,shenzhen
2015-05-27,30.00,25.40,27.10,36.00,30.70,32.80,17.90,OPEN_METEO_ERA5_LAND,shenzhen
2015-05-28,30.60,26.80,28.50,37.00,32.50,34.50,2.80,OPEN_METEO_ERA5_LAND,shenzhen
2015-05-29,31.20,27.30,29.00,37.70,33.40,35.10,1.30,OPEN_METEO_ERA5_LAND,shenzhen
2015-05-30,30.30,26.60,28.60,37.10,33.20,35.10,8.90,OPEN_METEO_ERA5_LAND,shenzhen
2015-05-31,31.00,26.30,28.30,38.40,32.50,35.00,8.50,OPEN_METEO_ERA5_LAND,shenzhen
2015-06-01,30.70,26.10,28.00,37.50,31.50,34.20,10.30,OPEN_METEO_ERA5_LAND,shenzhen
2015-06-02,30.90,26.80,28.60,37.50,32.00,34.20,1.70,OPEN_METEO_ERA5_LAND,shenzhen
2015-06-03,31.20,26.90,28.80,36.90,32.40,34.40,0.40,OPEN_METEO_ERA5_LAND,shenzhen
2015-06-04,31.00,26.70,28.60,37.00,32.90,34.60,1.10,OPEN_METEO_ERA5_LAND,shenzhen
2015-06-05,29.90,25.80,27.40,36.00,31.90,33.30,9.60,OPEN_METEO_ERA5_LAND,shenzhen
2015-06-06,30.70,25.80,28.00,37.50,32.10,34.40,0.90,OPEN_METEO_ERA5_LAND,shenzhen
2015-06-07,31.10,26.50,28.70,35.90,31.90,33.70,0.80,OPEN_METEO_ERA5_LAND,shenzhen
2015-06-08,31.50,26.20,28.70,38.40,31.10,34.30,1.40,OPEN_METEO_ERA5_LAND,shenzhen
2015-06-09,31.20,27.10,28.90,37.40,33.00,34.50,3.50,OPEN_METEO_ERA5_LAND,shenzhen
2015-06-10,31.10,26.90,28.80,38.30,32.80,35.20,7.50,OPEN_METEO_ERA5_LAND,shenzhen
2015-06-11,31.50,26.40,28.70,39.90,32.30,35.50,7.50,OPEN_METEO_ERA5_LAND,shenzhen
2015-06-12,31.60,26.40,28.60,40.20,33.00,35.50,5.10,OPEN_METEO_ERA5_LAND,shenzhen
2015-06-13,30.60,27.30,28.60,35.00,33.30,34.30,0.30,OPEN_METEO_ERA5_LAND,shenzhen
2015-06-14,31.10,26.20,28.40,38.40,31.90,34.70,4.00,OPEN_METEO_ERA5_LAND,shenzhen
2015-06-15,31.70,25.90,28.80,39.60,31.70,35.30,1.70,OPEN_METEO_ERA5_LAND,shenzhen
2015-06-16,31.90,26.20,29.00,38.40,32.40,34.80,0.40,OPEN_METEO_ERA5_LAND,shenzhen
2015-06-17,31.90,26.80,29.10,38.80,32.40,34.90,1.00,OPEN_METEO_ERA5_LAND,shenzhen
2015-06-18,32.30,27.30,29.50,38.50,33.30,35.60,0.80,OPEN_METEO_ERA5_LAND,shenzhen
2015-06-19,32.70,26.90,29.60,40.00,33.70,36.30,1.10,OPEN_METEO_ERA5_LAND,shenzhen
2015-06-20,32.90,26.90,29.60,42.00,33.90,36.60,1.20,OPEN_METEO_ERA5_LAND,shenzhen
2015-06-21,30.90,27.20,28.60,37.70,31.40,34.10,7.00,OPEN_METEO_ERA5_LAND,shenzhen
2015-06-22,30.60,26.40,27.90,36.30,31.10,32.90,13.30,OPEN_METEO_ERA5_LAND,shenzhen
2015-06-23,30.20,26.20,27.80,34.50,30.50,32.50,10.20,OPEN_METEO_ERA5_LAND,shenzhen
2015-06-24,30.00,25.80,27.80,35.50,30.40,32.80,6.20,OPEN_METEO_ERA5_LAND,shenzhen
2015-06-25,30.90,26.10,28.40,37.20,30.60,34.10,7.10,OPEN_METEO_ERA5_LAND,shenzhen
2015-06-26,31.70,26.70,29.20,37.70,32.00,34.70,1.10,OPEN_METEO_ERA5_LAND,shenzhen
2015-06-27,32.10,27.60,29.60,38.10,32.90,35.20,0.10,OPEN_METEO_ERA5_LAND,shenzhen
2015-06-28,32.40,27.00,29.50,38.70,32.70,35.40,0.90,OPEN_METEO_ERA5_LAND,shenzhen
2015-06-29,32.20,27.50,29.60,38.10,33.50,35.40,0.90,OPEN_METEO_ERA5_LAND,shenzhen
2015-06-30,32.30,27.90,29.80,38.90,33.60,35.60,0.40,OPEN_METEO_ERA5_LAND,shenzhen
2015-07-01,32.60,28.10,30.10,38.90,34.10,35.90,0.40,OPEN_METEO_ERA5_LAND,shenzhen
2015-07-02,32.80,28.30,30.20,40.60,34.40,36.50,0.50,OPEN_METEO_ERA5_LAND,shenzhen
2015-07-03,32.70,27.90,30.00,40.30,34.30,36.60,0.00,OPEN_METEO_ERA5_LAND,shenzhen
2015-07-04,33.00,27.70,30.00,40.20,34.80,36.50,0.00,OPEN_METEO_ERA5_LAND,shenzhen
2015-07-05,31.90,26.70,29.00,39.10,33.20,35.80,2.80,OPEN_METEO_ERA5_LAND,shenzhen
2015-07-06,31.80,25.40,28.50,38.10,28.90,33.20,0.30,OPEN_METEO_ERA5_LAND,shenzhen
2015-07-07,31.70,25.60,28.50,36.60,27.60,31.50,0.00,OPEN_METEO_ERA5_LAND,shenzhen
2015-07-08,31.80,24.70,27.80,35.60,26.10,30.20,0.00,OPEN_METEO_ERA5_LAND,shenzhen
2015-07-09,29.30,24.30,26.40,32.00,27.10,28.90,25.20,OPEN_METEO_ERA5_LAND,shenzhen
2015-07-10,31.30,25.30,27.60,37.40,29.20,32.80,21.30,OPEN_METEO_ERA5_LAND,shenzhen
2015-07-11,33.00,25.80,29.20,39.50,31.50,35.20,0.00,OPEN_METEO_ERA5_LAND,shenzhen
2015-07-12,34.00,27.10,30.00,42.30,33.60,36.60,0.70,OPEN_METEO_ERA5_LAND,shenzhen
2015-07-13,33.30,27.20,29.70,41.90,34.20,37.00,1.20,OPEN_METEO_ERA5_LAND,shenzhen
2015-07-14,32.70,27.40,29.30,41.00,33.90,36.30,0.90,OPEN_METEO_ERA5_LAND,shenzhen
2015-07-15,32.20,26.40,28.70,40.60,32.50,35.40,2.80,OPEN_METEO_ERA5_LAND,shenzhen
2015-07-16,32.80,26.10,28.70,39.90,32.30,35.40,7.30,OPEN_METEO_ERA5_LAND,shenzhen
2015-07-17,31.10,26.30,28.00,37.40,32.40,34.70,25.30,OPEN_METEO_ERA5_LAND,shenzhen
2015-07-18,31.20,26.40,28.10,38.00,32.90,34.40,10.40,OPEN_METEO_ERA5_LAND,shenzhen
2015-07-19,30.80,25.80,27.90,36.10,31.60,33.20,4.50,OPEN_METEO_ERA5_LAND,shenzhen
2015-07-20,28.10,25.90,26.90,33.70,31.50,32.40,34.30,OPEN_METEO_ERA5_LAND,shenzhen
2015-07-21,27.00,25.50,26.10,31.90,28.70,29.90,94.20,OPEN_METEO_ERA5_LAND,shenzhen
2015-07-22,29.00,26.30,27.40,34.30,31.80,32.90,10.20,OPEN_METEO_ERA5_LAND,shenzhen
2015-07-23,28.50,26.50,27.40,33.10,31.10,32.30,17.70,OPEN_METEO_ERA5_LAND,shenzhen
2015-07-24,28.50,25.90,27.10,33.30,30.50,31.80,22.60,OPEN_METEO_ERA5_LAND,shenzhen
2015-07-25,28.90,25.80,27.30,34.30,30.10,32.00,13.50,OPEN_METEO_ERA5_LAND,shenzhen
2015-07-26,30.10,25.80,27.50,35.30,29.90,32.20,6.50,OPEN_METEO_ERA5_LAND,shenzhen
2015-07-27,30.60,25.00,27.50,37.10,29.60,33.10,9.20,OPEN_METEO_ERA5_LAND,shenzhen
2015-07-28,30.40,25.50,27.40,37.40,31.10,33.20,6.50,OPEN_METEO_ERA5_LAND,shenzhen
2015-07-29,29.50,25.10,27.00,35.60,30.40,32.30,10.90,OPEN_METEO_ERA5_LAND,shenzhen
2015-07-30,29.70,24.90,27.20,35.80,30.40,32.60,4.20,OPEN_METEO_ERA5_LAND,shenzhen
2015-07-31,30.40,24.80,27.60,36.80,30.40,32.90,0.30,OPEN_METEO_ERA5_LAND,shenzhen
2015-08-01,30.40,24.80,27.60,37.80,30.40,33.30,0.40,OPEN_METEO_ERA5_LAND,shenzhen
2015-08-02,31.20,24.70,27.90,37.70,29.90,33.40,0.00,OPEN_METEO_ERA5_LAND,shenzhen
2015-08-03,31.60,25.40,28.20,38.50,31.10,34.10,0.10,OPEN_METEO_ERA5_LAND,shenzhen
2015-08-04,31.50,25.30,28.30,39.00,31.90,34.80,0.00,OPEN_METEO_ERA5_LAND,shenzhen
2015-08-05,31.90,25.50,28.60,39.80,31.40,35.00,0.00,OPEN_METEO_ERA5_LAND,shenzhen
2015-08-06,32.40,25.80,28.90,40.50,31.80,35.60,0.90,OPEN_METEO_ERA5_LAND,shenzhen
2015-08-07,34.40,26.60,30.10,40.40,33.40,36.60,0.40,OPEN_METEO_ERA5_LAND,shenzhen
2015-08-08,34.60,28.40,31.20,39.60,33.60,36.30,0.00,OPEN_METEO_ERA5_LAND,shenzhen
2015-08-09,33.50,28.50,30.70,39.50,33.10,36.00,0.40,OPEN_METEO_ERA5_LAND,shenzhen
2015-08-10,29.00,25.80,27.30,35.10,30.90,32.90,48.20,OPEN_METEO_ERA5_LAND,shenzhen
2015-08-11,30.40,25.60,27.80,36.30,31.10,34.00,12.60,OPEN_METEO_ERA5_LAND,shenzhen
2015-08-12,31.80,26.10,28.20,40.40,32.60,34.80,12.30,OPEN_METEO_ERA5_LAND,shenzhen
2015-08-13,29.50,25.50,27.60,35.10,31.30,33.40,7.90,OPEN_METEO_ERA5_LAND,shenzhen
2015-08-14,29.70,25.90,27.40,34.90,32.10,33.40,15.60,OPEN_METEO_ERA5_LAND,shenzhen
2015-08-15,28.60,25.60,27.00,34.70,31.20,33.20,29.20,OPEN_METEO_ERA5_LAND,shenzhen
2015-08-16,30.20,26.60,28.50,37.40,32.20,35.10,5.30,OPEN_METEO_ERA5_LAND,shenzhen
2015-08-17,30.90,27.30,28.70,37.30,33.30,35.10,3.30,OPEN_METEO_ERA5_LAND,shenzhen
2015-08-18,31.80,27.30,29.10,38.70,33.70,35.60,0.70,OPEN_METEO_ERA5_LAND,shenzhen
2015-08-19,32.30,27.10,29.20,41.50,33.90,36.40,1.00,OPEN_METEO_ERA5_LAND,shenzhen
2015-08-20,31.30,26.90,28.60,39.40,33.80,35.90,10.30,OPEN_METEO_ERA5_LAND,shenzhen
2015-08-21,32.60,26.60,29.00,41.40,32.60,35.90,7.00,OPEN_METEO_ERA5_LAND,shenzhen
2015-08-22,32.20,27.00,29.30,40.10,33.10,35.40,0.90,OPEN_METEO_ERA5_LAND,shenzhen
2015-08-23,32.80,26.90,29.50,39.70,32.80,35.70,0.00,OPEN_METEO_ERA5_LAND,shenzhen
2015-08-24,32.70,26.90,29.70,39.50,33.40,36.00,0.00,OPEN_METEO_ERA5_LAND,shenzhen
2015-08-25,32.80,26.60,29.10,38.60,31.00,34.60,0.00,OPEN_METEO_ERA5_LAND,shenzhen
2015-08-26,30.10,25.30,27.50,36.60,31.30,33.60,0.50,OPEN_METEO_ERA5_LAND,shenzhen
2015-08-27,31.00,25.60,27.70,39.10,31.60,34.10,2.30,OPEN_METEO_ERA5_LAND,shenzhen
2015-08-28,29.90,25.40,27.10,36.70,31.40,33.10,15.30,OPEN_METEO_ERA5_LAND,shenzhen
2015-08-29,29.80,24.80,26.40,35.50,30.60,32.50,17.60,OPEN_METEO_ERA5_LAND,shenzhen
2015-08-30,27.20,24.90,25.80,32.90,30.80,31.80,18.50,OPEN_METEO_ERA5_LAND,shenzhen
2015-08-31,28.90,25.20,26.40,34.70,31.20,32.40,13.30,OPEN_METEO_ERA5_LAND,shenzhen
2015-09-01,28.20,25.00,26.20,33.60,30.60,31.70,24.90,OPEN_METEO_ERA5_LAND,shenzhen
2015-09-02,28.20,25.10,26.40,33.30,30.10,31.70,11.30,OPEN_METEO_ERA5_LAND,shenzhen
2015-09-03,29.50,25.60,27.20,35.90,30.10,32.70,10.30,OPEN_METEO_ERA5_LAND,shenzhen
2015-09-04,31.10,25.80,28.00,39.70,31.50,34.30,0.80,OPEN_METEO_ERA5_LAND,shenzhen
2015-09-05,31.40,25.60,28.30,38.20,32.10,34.70,0.10,OPEN_METEO_ERA5_LAND,shenzhen
2015-09-06,31.70,27.20,29.10,37.80,32.50,35.00,0.90,OPEN_METEO_ERA5_LAND,shenzhen
2015-09-07,29.50,26.20,27.50,36.30,31.70,33.80,12.40,OPEN_METEO_ERA5_LAND,shenzhen
2015-09-08,29.60,25.50,27.30,34.70,30.00,31.70,3.20,OPEN_METEO_ERA5_LAND,shenzhen
2015-09-09,30.00,25.80,27.40,35.40,29.30,31.80,0.00,OPEN_METEO_ERA5_LAND,shenzhen
2015-09-10,29.70,25.60,27.20,35.50,30.10,31.80,0.00,OPEN_METEO_ERA5_LAND,shenzhen
2015-09-11,29.40,25.20,26.80,36.60,29.90,31.70,0.30,OPEN_METEO_ERA5_LAND,shenzhen
2015-09-12,30.00,24.90,26.80,35.90,29.50,31.50,1.30,OPEN_METEO_ERA5_LAND,shenzhen
2015-09-13,29.40,24.20,26.50,32.60,26.50,29.70,0.10,OPEN_METEO_ERA5_LAND,shenzhen
2015-09-14,29.70,23.80,26.40,32.90,26.50,29.50,0.00,OPEN_METEO_ERA5_LAND,shenzhen
2015-09-15,29.80,25.30,27.20,34.30,28.70,30.90,0.00,OPEN_METEO_ERA5_LAND,shenzhen
2015-09-16,29.00,25.10,26.40,33.40,28.70,30.40,12.00,OPEN_METEO_ERA5_LAND,shenzhen
2015-09-17,29.30,24.90,26.80,34.70,29.40,31.40,0.10,OPEN_METEO_ERA5_LAND,shenzhen
2015-09-18,30.20,25.10,27.10,37.30,30.30,32.60,0.60,OPEN_METEO_ERA5_LAND,shenzhen
2015-09-19,30.40,24.90,27.50,36.90,30.40,33.20,0.90,OPEN_METEO_ERA5_LAND,shenzhen
2015-09-20,29.80,25.00,27.10,35.50,30.40,32.80,8.60,OPEN_METEO_ERA5_LAND,shenzhen
2015-09-21,29.00,23.80,25.90,35.90,27.90,31.40,16.20,OPEN_METEO_ERA5_LAND,shenzhen
2015-09-22,29.90,23.40,26.60,36.80,27.30,31.90,4.60,OPEN_METEO_ERA5_LAND,shenzhen
2015-09-23,30.90,25.60,27.80,38.60,31.20,33.90,0.20,OPEN_METEO_ERA5_LAND,shenzhen
2015-09-24,31.40,25.90,28.20,39.40,32.00,34.60,0.00,OPEN_METEO_ERA5_LAND,shenzhen
2015-09-25,31.70,26.40,28.80,38.50,32.30,35.00,0.00,OPEN_METEO_ERA5_LAND,shenzhen
2015-09-26,31.90,26.30,28.50,39.00,32.50,35.20,2.60,OPEN_METEO_ERA5_LAND,shenzhen
2015-09-27,30.40,25.80,27.80,36.00,30.90,33.40,0.70,OPEN_METEO_ERA5_LAND,shenzhen
2015-09-28,31.10,25.40,27.70,35.50,28.50,31.70,0.00,OPEN_METEO_ERA5_LAND,shenzhen
2015-09-29,30.50,24.50,27.30,34.70,25.80,30.80,0.00,OPEN_METEO_ERA5_LAND,shenzhen
2015-09-30,31.10,26.30,28.30,37.70,32.20,34.00,0.00,OPEN_METEO_ERA5_LAND,shenzhen
2015-10-01,30.90,25.70,27.70,37.90,31.10,33.90,4.80,OPEN_METEO_ERA5_LAND,shenzhen
2015-10-02,29.80,23.90,26.50,34.60,26.10,29.90,1.10,OPEN_METEO_ERA5_LAND,shenzhen
2015-10-03,28.00,24.80,25.80,29.80,26.90,28.40,18.00,OPEN_METEO_ERA5_LAND,shenzhen
2015-10-04,25.80,24.90,25.30,28.10,26.10,27.20,56.20,OPEN_METEO_ERA5_LAND,shenzhen
2015-10-05,26.60,24.80,25.60,30.80,27.10,29.00,10.00,OPEN_METEO_ERA5_LAND,shenzhen
2015-10-06,28.10,24.90,25.90,33.10,28.70,30.30,5.60,OPEN_METEO_ERA5_LAND,shenzhen
2015-10-07,28.90,24.30,26.00,35.90,29.50,31.60,13.30,OPEN_METEO_ERA5_LAND,shenzhen
2015-10-08,29.70,24.10,26.40,35.40,29.40,31.30,1.50,OPEN_METEO_ERA5_LAND,shenzhen
2015-10-09,28.70,23.30,25.50,32.70,25.10,28.40,0.00,OPEN_METEO_ERA5_LAND,shenzhen
2015-10-10,26.20,20.70,23.30,28.60,18.70,24.40,1.00,OPEN_METEO_ERA5_LAND,shenzhen
2015-10-11,20.10,18.00,19.00,19.90,15.90,17.40,3.00,OPEN_METEO_ERA5_LAND,shenzhen
2015-10-12,25.00,20.00,22.30,25.90,19.80,22.70,0.00,OPEN_METEO_ERA5_LAND,shenzhen
2015-10-13,26.70,21.30,23.40,28.00,22.70,24.90,0.50,OPEN_METEO_ERA5_LAND,shenzhen
2015-10-14,27.20,21.30,23.90,31.10,23.60,26.60,0.00,OPEN_METEO_ERA5_LAND,shenzhen
2015-10-15,28.20,21.30,24.30,32.00,24.10,27.50,0.00,OPEN_METEO_ERA5_LAND,shenzhen
2015-10-16,28.50,20.30,24.00,31.60,23.60,27.20,0.00,OPEN_METEO_ERA5_LAND,shenzhen
2015-10-17,29.10,19.90,24.10,31.90,22.80,27.10,0.00,OPEN_METEO_ERA5_LAND,shenzhen
2015-10-18,28.50,19.90,24.00,30.60,22.90,26.50,0.00,OPEN_METEO_ERA5_LAND,shenzhen
2015-10-19,27.90,19.20,23.30,29.90,20.50,25.00,0.00,OPEN_METEO_ERA5_LAND,shenzhen
2015-10-20,28.10,20.80,23.80,30.30,21.60,25.70,0.00,OPEN_METEO_ERA5_LAND,shenzhen
2015-10-21,28.90,22.00,24.90,32.50,24.00,27.80,0.00,OPEN_METEO_ERA5_LAND,shenzhen
2015-10-22,29.60,22.30,25.70,32.80,26.10,29.40,0.20,OPEN_METEO_ERA5_LAND,shenzhen
2015-10-23,30.20,22.70,25.90,33.10,27.10,29.90,0.00,OPEN_METEO_ERA5_LAND,shenzhen
2015-10-24,29.10,22.10,25.30,32.90,26.00,29.10,0.00,OPEN_METEO_ERA5_LAND,shenzhen
2015-10-25,28.10,24.20,25.50,30.80,27.00,28.20,0.30,OPEN_METEO_ERA5_LAND,shenzhen
2015-10-26,27.10,23.40,25.00,30.40,26.20,28.10,0.00,OPEN_METEO_ERA5_LAND,shenzhen
2015-10-27,29.00,23.50,26.00,34.60,28.20,31.10,0.00,OPEN_METEO_ERA5_LAND,shenzhen
2015-10-28,29.00,23.40,25.80,34.40,27.90,30.10,1.00,OPEN_METEO_ERA5_LAND,shenzhen
2015-10-29,27.90,24.10,25.50,30.90,27.90,29.00,0.60,OPEN_METEO_ERA5_LAND,shenzhen
2015-10-30,29.20,23.30,25.80,33.80,27.30,29.90,0.00,OPEN_METEO_ERA5_LAND,shenzhen
2015-10-31,27.90,22.40,24.60,30.30,24.00,26.50,0.40,OPEN_METEO_ERA5_LAND,shenzhen
2015-11-01,24.40,17.10,21.00,24.00,14.80,20.30,0.00,OPEN_METEO_ERA5_LAND,shenzhen
2015-11-02,24.90,16.30,20.20,24.80,13.90,19.10,0.00,OPEN_METEO_ERA5_LAND,shenzhen
2015-11-03,25.80,19.00,22.20,26.80,17.60,22.80,0.00,OPEN_METEO_ERA5_LAND,shenzhen
2015-11-04,27.00,21.00,23.60,29.10,23.00,25.90,0.00,OPEN_METEO_ERA5_LAND,shenzhen
2015-11-05,28.30,22.30,24.90,31.90,25.70,28.20,0.00,OPEN_METEO_ERA5_LAND,shenzhen
2015-11-06,28.20,23.50,25.20,31.40,26.60,28.30,0.00,OPEN_METEO_ERA5_LAND,shenzhen
2015-11-07,28.50,23.80,25.60,31.80,27.40,29.10,0.40,OPEN_METEO_ERA5_LAND,shenzhen
2015-11-08,29.10,24.00,26.00,33.40,28.10,30.10,0.30,OPEN_METEO_ERA5_LAND,shenzhen
2015-11-09,29.70,22.70,25.70,32.40,23.20,28.90,0.00,OPEN_METEO_ERA5_LAND,shenzhen
2015-11-10,26.40,21.50,23.70,27.90,21.60,24.80,0.20,OPEN_METEO_ERA5_LAND,shenzhen
2015-11-11,26.40,22.30,23.70,27.50,23.20,24.80,0.40,OPEN_METEO_ERA5_LAND,shenzhen
2015-11-12,26.20,22.40,24.00,27.20,23.60,25.30,0.00,OPEN_METEO_ERA5_LAND,shenzhen
2015-11-13,25.80,20.00,23.00,30.00,20.70,25.50,7.80,OPEN_METEO_ERA5_LAND,shenzhen
2015-11-14,27.00,19.90,22.80,30.80,21.40,25.70,0.10,OPEN_METEO_ERA5_LAND,shenzhen
2015-11-15,26.50,22.70,24.20,27.50,25.40,26.30,0.00,OPEN_METEO_ERA5_LAND,shenzhen
2015-11-16,27.40,23.20,24.70,29.70,26.00,27.70,1.50,OPEN_METEO_ERA5_LAND,shenzhen
2015-11-17,28.90,23.50,25.50,32.20,28.00,29.60,0.00,OPEN_METEO_ERA5_LAND,shenzhen
2015-11-18,29.70,22.90,25.50,34.50,27.40,30.20,0.00,OPEN_METEO_ERA5_LAND,shenzhen
2015-11-19,28.30,22.50,24.90,31.90,27.00,28.80,0.00,OPEN_METEO_ERA5_LAND,shenzhen
2015-11-20,27.80,22.80,24.80,31.40,25.40,27.80,0.00,OPEN_METEO_ERA5_LAND,shenzhen
2015-11-21,26.90,22.90,24.40,29.20,24.70,26.70,1.10,OPEN_METEO_ERA5_LAND,shenzhen
2015-11-22,28.30,22.00,24.60,31.60,24.30,27.50,0.00,OPEN_METEO_ERA5_LAND,shenzhen
2015-11-23,28.70,21.10,24.30,30.80,22.20,26.60,0.00,OPEN_METEO_ERA5_LAND,shenzhen
2015-11-24,27.20,21.40,23.60,29.20,23.40,26.00,0.40,OPEN_METEO_ERA5_LAND,shenzhen
2015-11-25,24.70,15.00,20.90,25.10,10.70,19.90,0.50,OPEN_METEO_ERA5_LAND,shenzhen
2015-11-26,21.20,13.50,16.40,16.10,8.80,11.70,0.10,OPEN_METEO_ERA5_LAND,shenzhen
2015-11-27,20.30,11.70,16.40,18.00,6.80,13.10,0.00,OPEN_METEO_ERA5_LAND,shenzhen
2015-11-28,23.00,17.20,19.70,22.70,15.30,18.80,0.00,OPEN_METEO_ERA5_LAND,shenzhen
2015-11-29,25.80,17.80,21.30,25.80,18.60,21.40,0.00,OPEN_METEO_ERA5_LAND,shenzhen
2015-11-30,25.40,17.00,20.90,26.50,16.20,21.40,0.10,OPEN_METEO_ERA5_LAND,shenzhen
2015-12-01,25.10,20.50,22.00,26.40,22.10,23.50,0.00,OPEN_METEO_ERA5_LAND,shenzhen
2015-12-02,26.80,19.10,22.70,29.30,17.50,24.40,0.50,OPEN_METEO_ERA5_LAND,shenzhen
2015-12-03,19.20,16.60,17.90,18.10,15.30,16.50,1.90,OPEN_METEO_ERA5_LAND,shenzhen
2015-12-04,21.10,15.80,17.80,19.70,14.20,16.20,0.00,OPEN_METEO_ERA5_LAND,shenzhen
2015-12-05,21.40,13.80,17.60,22.00,11.60,16.00,6.00,OPEN_METEO_ERA5_LAND,shenzhen
2015-12-06,17.20,11.90,14.30,14.50,8.60,11.30,3.60,OPEN_METEO_ERA5_LAND,shenzhen
2015-12-07,20.20,12.20,15.70,19.30,8.90,13.40,0.00,OPEN_METEO_ERA5_LAND,shenzhen
2015-12-08,17.90,14.60,16.00,16.80,12.00,14.40,5.40,OPEN_METEO_ERA5_LAND,shenzhen
2015-12-09,16.90,14.90,15.70,16.60,14.30,15.30,57.60,OPEN_METEO_ERA5_LAND,shenzhen
2015-12-10,22.00,14.60,17.60,23.00,14.50,17.80,6.70,OPEN_METEO_ERA5_LAND,shenzhen
2015-12-11,21.20,15.00,17.70,21.70,13.40,17.40,0.00,OPEN_METEO_ERA5_LAND,shenzhen
2015-12-12,21.50,17.80,19.50,21.10,17.80,19.30,0.50,OPEN_METEO_ERA5_LAND,shenzhen
2015-12-13,22.90,18.30,20.10,24.00,18.30,20.80,0.00,OPEN_METEO_ERA5_LAND,shenzhen
2015-12-14,20.40,15.40,18.50,21.30,13.10,18.40,0.00,OPEN_METEO_ERA5_LAND,shenzhen
2015-12-15,18.10,13.40,15.40,15.80,9.60,12.60,0.00,OPEN_METEO_ERA5_LAND,shenzhen
2015-12-16,15.80,10.50,12.80,11.00,4.70,7.70,0.00,OPEN_METEO_ERA5_LAND,shenzhen
2015-12-17,13.70,8.60,10.70,9.30,2.40,5.60,0.00,OPEN_METEO_ERA5_LAND,shenzhen
2015-12-18,15.70,7.80,11.30,12.40,3.30,7.70,0.00,OPEN_METEO_ERA5_LAND,shenzhen
2015-12-19,18.20,10.30,13.90,16.00,7.00,11.40,0.00,OPEN_METEO_ERA5_LAND,shenzhen
2015-12-20,17.30,13.30,15.60,16.30,11.50,14.20,0.20,OPEN_METEO_ERA5_LAND,shenzhen
2015-12-21,20.10,15.40,17.50,20.30,14.40,17.10,0.30,OPEN_METEO_ERA5_LAND,shenzhen
2015-12-22,22.60,18.20,20.00,23.20,18.50,20.90,0.00,OPEN_METEO_ERA5_LAND,shenzhen
2015-12-23,24.10,18.70,21.20,26.40,20.40,23.50,0.00,OPEN_METEO_ERA5_LAND,shenzhen
2015-12-24,25.40,18.60,22.30,28.40,19.40,25.30,3.80,OPEN_METEO_ERA5_LAND,shenzhen
2015-12-25,17.00,14.20,15.40,14.80,11.00,12.90,1.00,OPEN_METEO_ERA5_LAND,shenzhen
2015-12-26,18.20,13.50,15.40,17.60,11.10,13.80,0.00,OPEN_METEO_ERA5_LAND,shenzhen
2015-12-27,16.80,14.10,15.40,16.40,13.40,14.60,2.70,OPEN_METEO_ERA5_LAND,shenzhen
2015-12-28,19.60,14.60,16.70,18.80,12.30,15.30,0.00,OPEN_METEO_ERA5_LAND,shenzhen
2015-12-29,20.00,15.00,17.00,19.00,13.20,16.10,0.00,OPEN_METEO_ERA5_LAND,shenzhen
2015-12-30,19.40,12.60,15.70,18.40,11.10,14.20,3.20,OPEN_METEO_ERA5_LAND,shenzhen
2015-12-31,19.90,13.20,15.90,18.80,10.90,14.30,0.00,OPEN_METEO_ERA5_LAND,shenzhen
2016-01-01,21.00,14.10,17.00,21.10,13.20,16.60,0.00,OPEN_METEO_ERA5_LAND,shenzhen
2016-01-02,21.60,14.20,17.60,22.50,14.30,18.20,1.70,OPEN_METEO_ERA5_LAND,shenzhen
2016-01-03,21.10,17.80,18.90,23.30,19.00,20.50,1.20,OPEN_METEO_ERA5_LAND,shenzhen
2016-01-04,23.20,18.70,20.10,25.60,20.20,22.00,0.10,OPEN_METEO_ERA5_LAND,shenzhen
2016-01-05,21.70,19.00,20.00,25.40,20.50,22.40,47.40,OPEN_METEO_ERA5_LAND,shenzhen
2016-01-06,23.20,16.30,19.80,23.80,14.70,20.80,0.20,OPEN_METEO_ERA5_LAND,shenzhen
2016-01-07,20.90,14.40,17.10,21.10,12.80,16.60,0.00,OPEN_METEO_ERA5_LAND,shenzhen
2016-01-08,20.60,15.50,17.30,20.50,14.80,17.10,0.00,OPEN_METEO_ERA5_LAND,shenzhen
2016-01-09,18.90,15.20,16.90,17.40,14.10,15.70,0.00,OPEN_METEO_ERA5_LAND,shenzhen
2016-01-10,19.00,16.40,17.40,18.30,15.30,16.60,7.50,OPEN_METEO_ERA5_LAND,shenzhen
2016-01-11,18.70,14.30,16.50,18.30,12.90,16.10,18.50,OPEN_METEO_ERA5_LAND,shenzhen
2016-01-12,16.60,13.00,14.60,15.40,10.70,12.60,0.00,OPEN_METEO_ERA5_LAND,shenzhen
2016-01-13,18.50,11.60,14.70,17.30,8.70,12.90,0.00,OPEN_METEO_ERA5_LAND,shenzhen
2016-01-14,16.90,13.10,14.80,16.10,11.00,13.50,4.00,OPEN_METEO_ERA5_LAND,shenzhen
2016-01-15,15.00,12.90,13.90,13.80,11.30,12.80,20.80,OPEN_METEO_ERA5_LAND,shenzhen
2016-01-16,18.90,14.10,17.30,19.10,13.20,16.50,4.30,OPEN_METEO_ERA5_LAND,shenzhen
2016-01-17,20.20,13.40,17.60,19.80,10.50,17.50,15.20,OPEN_METEO_ERA5_LAND,shenzhen
2016-01-18,17.50,9.70,13.90,16.60,6.10,11.90,0.00,OPEN_METEO_ERA5_LAND,shenzhen
2016-01-19,16.40,14.30,15.40,14.60,12.00,13.60,1.00,OPEN_METEO_ERA5_LAND,shenzhen
2016-01-20,17.00,14.80,15.90,15.60,13.00,14.40,5.60,OPEN_METEO_ERA5_LAND,shenzhen
2016-01-21,16.30,11.80,14.80,15.80,9.50,13.60,2.90,OPEN_METEO_ERA5_LAND,shenzhen
2016-01-22,12.80,7.60,11.20,11.00,2.60,8.40,6.00,OPEN_METEO_ERA5_LAND,shenzhen
2016-01-23,7.10,5.60,6.20,1.90,-1.00,-0.10,2.40,OPEN_METEO_ERA5_LAND,shenzhen
2016-01-24,5.50,2.70,3.90,-1.50,-4.60,-2.90,4.40,OPEN_METEO_ERA5_LAND,shenzhen
2016-01-25,9.80,1.50,5.50,5.40,-5.20,0.10,0.00,OPEN_METEO_ERA5_LAND,shenzhen
2016-01-26,10.90,5.40,7.60,7.20,0.80,3.60,4.90,OPEN_METEO_ERA5_LAND,shenzhen
2016-01-27,15.90,7.70,11.50,15.20,5.00,9.70,10.20,OPEN_METEO_ERA5_LAND,shenzhen
2016-01-28,16.80,15.60,16.20,17.90,15.10,16.10,39.00,OPEN_METEO_ERA5_LAND,shenzhen
2016-01-29,18.80,14.80,16.80,19.90,14.20,17.20,28.60,OPEN_METEO_ERA5_LAND,shenzhen
2016-01-30,20.50,13.70,16.70,20.20,12.40,16.50,0.80,OPEN_METEO_ERA5_LAND,shenzhen
2016-01-31,17.20,14.70,16.10,16.20,12.80,14.80,1.70,OPEN_METEO_ERA5_LAND,shenzhen
2016-02-01,16.10,7.10,9.40,15.20,2.20,5.40,6.60,OPEN_METEO_ERA5_LAND,shenzhen
2016-02-02,8.80,6.50,7.60,5.20,1.60,3.30,2.20,OPEN_METEO_ERA5_LAND,shenzhen
2016-02-03,14.10,7.80,10.50,12.10,3.90,7.50,0.00,OPEN_METEO_ERA5_LAND,shenzhen
2016-02-04,19.10,10.30,14.30,18.50,8.10,12.70,0.00,OPEN_METEO_ERA5_LAND,shenzhen
2016-02-05,16.80,10.30,12.80,14.00,6.60,9.50,0.00,OPEN_METEO_ERA5_LAND,shenzhen
2016-02-06,15.60,8.90,11.60,11.00,3.30,6.70,0.00,OPEN_METEO_ERA5_LAND,shenzhen
2016-02-07,16.20,6.20,10.60,12.20,1.30,6.40,0.00,OPEN_METEO_ERA5_LAND,shenzhen
2016-02-08,18.60,6.40,12.40,17.20,3.20,10.00,0.00,OPEN_METEO_ERA5_LAND,shenzhen
2016-02-09,20.80,9.30,14.90,20.80,6.90,13.50,0.00,OPEN_METEO_ERA5_LAND,shenzhen
2016-02-10,21.00,15.10,17.50,21.50,13.50,16.80,0.40,OPEN_METEO_ERA5_LAND,shenzhen
2016-02-11,24.10,16.20,19.70,26.50,16.80,21.40,0.60,OPEN_METEO_ERA5_LAND,shenzhen
2016-02-12,24.60,19.20,21.30,26.60,21.30,23.30,2.20,OPEN_METEO_ERA5_LAND,shenzhen
2016-02-13,25.00,20.50,22.40,27.60,22.60,24.60,2.50,OPEN_METEO_ERA5_LAND,shenzhen
2016-02-14,21.70,12.60,19.10,24.80,7.70,18.90,3.00,OPEN_METEO_ERA5_LAND,shenzhen
2016-02-15,11.50,9.10,10.20,7.10,4.20,5.40,0.40,OPEN_METEO_ERA5_LAND,shenzhen
2016-02-16,13.10,8.70,10.50,10.10,4.00,6.80,0.00,OPEN_METEO_ERA5_LAND,shenzhen
2016-02-17,13.60,11.00,12.10,11.00,7.70,9.40,0.40,OPEN_METEO_ERA5_LAND,shenzhen
2016-02-18,16.70,11.90,14.10,16.30,10.30,13.20,3.00,OPEN_METEO_ERA5_LAND,shenzhen
2016-02-19,15.60,14.30,14.80,15.00,13.30,14.20,11.30,OPEN_METEO_ERA5_LAND,shenzhen
2016-02-20,19.70,12.30,15.30,17.90,9.60,13.10,1.20,OPEN_METEO_ERA5_LAND,shenzhen
2016-02-21,17.20,14.00,15.90,15.20,12.60,13.90,0.30,OPEN_METEO_ERA5_LAND,shenzhen
2016-02-22,22.50,16.50,19.20,24.60,15.60,19.60,3.80,OPEN_METEO_ERA5_LAND,shenzhen
2016-02-23,16.30,12.30,14.70,15.70,8.90,12.80,0.20,OPEN_METEO_ERA5_LAND,shenzhen
2016-02-24,14.00,11.00,12.40,11.60,7.50,9.30,0.50,OPEN_METEO_ERA5_LAND,shenzhen
2016-02-25,16.40,12.30,13.90,14.40,9.80,11.70,0.00,OPEN_METEO_ERA5_LAND,shenzhen
2016-02-26,16.00,12.70,14.00,14.50,10.30,12.20,0.00,OPEN_METEO_ERA5_LAND,shenzhen
2016-02-27,20.90,12.80,15.70,21.10,11.30,14.90,0.00,OPEN_METEO_ERA5_LAND,shenzhen
2016-02-28,21.10,10.50,15.90,22.40,9.00,15.40,0.00,OPEN_METEO_ERA5_LAND,shenzhen
2016-02-29,23.70,10.80,17.10,22.70,8.90,15.90,0.00,OPEN_METEO_ERA5_LAND,shenzhen
2016-03-01,20.30,14.10,16.60,20.30,12.40,15.60,0.00,OPEN_METEO_ERA5_LAND,shenzhen
2016-03-02,20.30,13.80,16.40,20.00,11.80,15.10,0.00,OPEN_METEO_ERA5_LAND,shenzhen
2016-03-03,22.80,13.40,17.70,25.10,13.00,18.30,0.00,OPEN_METEO_ERA5_LAND,shenzhen
2016-03-04,23.90,16.10,19.30,25.50,16.90,20.50,0.00,OPEN_METEO_ERA5_LAND,shenzhen
2016-03-05,23.40,18.50,20.50,25.10,19.80,21.90,0.00,OPEN_METEO_ERA5_LAND,shenzhen
2016-03-06,25.80,17.80,21.20,29.40,19.50,23.30,0.00,OPEN_METEO_ERA5_LAND,shenzhen
2016-03-07,23.90,16.50,20.10,25.80,18.10,21.70,0.80,OPEN_METEO_ERA5_LAND,shenzhen
2016-03-08,25.20,18.70,21.60,26.40,20.10,23.40,0.40,OPEN_METEO_ERA5_LAND,shenzhen
2016-03-09,24.00,20.20,21.90,26.50,23.00,24.80,25.00,OPEN_METEO_ERA5_LAND,shenzhen
2016-03-10,19.60,8.20,11.90,20.80,4.00,8.70,18.50,OPEN_METEO_ERA5_LAND,shenzhen
2016-03-11,12.60,7.60,10.30,10.20,3.50,6.90,1.90,OPEN_METEO_ERA5_LAND,shenzhen
2016-03-12,16.70,11.70,14.60,15.90,9.50,13.30,3.60,OPEN_METEO_ERA5_LAND,shenzhen
2016-03-13,20.70,15.20,17.40,23.60,13.80,17.50,9.00,OPEN_METEO_ERA5_LAND,shenzhen
2016-03-14,18.40,12.00,15.20,17.50,9.40,13.50,0.00,OPEN_METEO_ERA5_LAND,shenzhen
2016-03-15,16.40,14.60,15.60,15.10,13.30,14.30,1.90,OPEN_METEO_ERA5_LAND,shenzhen
2016-03-16,19.90,14.80,17.00,19.60,13.30,16.40,4.90,OPEN_METEO_ERA5_LAND,shenzhen
2016-03-17,21.50,17.40,19.40,22.50,17.30,20.00,2.70,OPEN_METEO_ERA5_LAND,shenzhen
2016-03-18,24.40,19.40,22.00,28.40,21.10,25.00,0.20,OPEN_METEO_ERA5_LAND,shenzhen
2016-03-19,26.90,21.40,23.40,30.90,25.10,27.20,2.60,OPEN_METEO_ERA5_LAND,shenzhen
2016-03-20,23.30,20.40,21.60,25.10,20.50,22.70,0.30,OPEN_METEO_ERA5_LAND,shenzhen
2016-03-21,22.10,18.20,20.00,23.20,17.50,20.20,25.50,OPEN_METEO_ERA5_LAND,shenzhen
2016-03-22,22.30,17.90,19.90,23.50,17.50,20.10,10.10,OPEN_METEO_ERA5_LAND,shenzhen
2016-03-23,25.30,17.20,20.90,29.10,16.80,22.60,31.80,OPEN_METEO_ERA5_LAND,shenzhen
2016-03-24,16.90,12.10,15.10,16.30,9.80,13.70,23.00,OPEN_METEO_ERA5_LAND,shenzhen
2016-03-25,17.20,11.10,13.70,16.40,8.10,11.60,5.30,OPEN_METEO_ERA5_LAND,shenzhen
2016-03-26,19.80,10.60,15.30,20.60,8.30,14.40,0.00,OPEN_METEO_ERA5_LAND,shenzhen
2016-03-27,20.60,11.80,16.10,20.30,10.30,14.90,0.00,OPEN_METEO_ERA5_LAND,shenzhen
2016-03-28,19.60,13.00,16.00,19.50,11.10,14.70,0.00,OPEN_METEO_ERA5_LAND,shenzhen
2016-03-29,22.00,14.10,18.10,22.90,13.30,17.90,0.00,OPEN_METEO_ERA5_LAND,shenzhen
2016-03-30,23.80,17.70,20.70,26.80,18.30,22.80,0.40,OPEN_METEO_ERA5_LAND,shenzhen
2016-03-31,26.40,18.80,22.10,30.20,21.70,25.10,0.00,OPEN_METEO_ERA5_LAND,shenzhen
2016-04-01,26.20,19.20,22.00,29.80,22.10,25.00,0.00,OPEN_METEO_ERA5_LAND,shenzhen
2016-04-02,25.90,20.10,22.40,29.20,22.50,25.00,0.00,OPEN_METEO_ERA5_LAND,shenzhen
2016-04-03,26.40,20.80,23.00,29.70,23.70,26.10,0.00,OPEN_METEO_ERA5_LAND,shenzhen
2016-04-04,27.10,20.90,23.70,29.80,24.10,27.20,5.50,OPEN_METEO_ERA5_LAND,shenzhen
2016-04-05,27.10,21.20,23.60,30.30,24.20,26.80,0.60,OPEN_METEO_ERA5_LAND,shenzhen
2016-04-06,28.00,22.20,24.40,31.60,25.00,27.50,0.00,OPEN_METEO_ERA5_LAND,shenzhen
2016-04-07,28.00,22.90,24.90,31.40,26.90,28.50,0.00,OPEN_METEO_ERA5_LAND,shenzhen
2016-04-08,28.50,23.50,25.30,32.60,27.40,29.20,0.70,OPEN_METEO_ERA5_LAND,shenzhen
2016-04-09,28.40,23.30,25.30,32.00,27.20,29.10,0.40,OPEN_METEO_ERA5_LAND,shenzhen
2016-04-10,26.80,23.10,24.80,29.50,27.00,28.20,13.40,OPEN_METEO_ERA5_LAND,shenzhen
2016-04-11,24.30,21.30,22.40,28.10,23.00,25.40,14.30,OPEN_METEO_ERA5_LAND,shenzhen
2016-04-12,24.60,20.90,22.50,27.50,22.00,24.40,25.70,OPEN_METEO_ERA5_LAND,shenzhen
2016-04-13,27.00,22.60,24.50,31.90,26.20,28.90,27.80,OPEN_METEO_ERA5_LAND,shenzhen
2016-04-14,28.20,22.90,25.40,33.50,26.60,29.90,3.20,OPEN_METEO_ERA5_LAND,shenzhen
2016-04-15,26.20,23.30,24.60,29.40,26.10,28.00,2.00,OPEN_METEO_ERA5_LAND,shenzhen
2016-04-16,28.60,23.80,25.80,32.00,27.00,29.40,1.30,OPEN_METEO_ERA5_LAND,shenzhen
2016-04-17,28.90,24.30,26.20,32.60,29.20,30.60,1.20,OPEN_METEO_ERA5_LAND,shenzhen
2016-04-18,25.90,20.20,23.70,31.20,19.80,26.50,2.90,OPEN_METEO_ERA5_LAND,shenzhen
2016-04-19,24.70,21.00,22.10,26.10,21.50,23.00,4.90,OPEN_METEO_ERA5_LAND,shenzhen
2016-04-20,26.40,21.10,23.40,30.00,22.50,26.00,0.00,OPEN_METEO_ERA5_LAND,shenzhen
2016-04-21,28.10,22.40,24.90,33.10,26.70,29.60,1.40,OPEN_METEO_ERA5_LAND,shenzhen
2016-04-22,29.00,22.50,25.30,33.10,27.00,29.70,2.40,OPEN_METEO_ERA5_LAND,shenzhen
2016-04-23,27.50,23.40,25.10,32.20,27.60,29.50,32.10,OPEN_METEO_ERA5_LAND,shenzhen
2016-04-24,26.10,22.20,23.90,28.90,26.20,27.70,41.90,OPEN_METEO_ERA5_LAND,shenzhen
2016-04-25,28.00,23.00,24.70,33.10,27.00,29.10,22.90,OPEN_METEO_ERA5_LAND,shenzhen
2016-04-26,29.30,24.00,26.10,34.90,28.60,30.80,6.20,OPEN_METEO_ERA5_LAND,shenzhen
2016-04-27,29.30,22.90,25.60,35.90,27.50,30.70,7.60,OPEN_METEO_ERA5_LAND,shenzhen
2016-04-28,29.50,23.30,25.90,35.50,28.10,30.50,1.40,OPEN_METEO_ERA5_LAND,shenzhen
2016-04-29,26.30,22.60,24.00,29.20,24.00,26.40,0.00,OPEN_METEO_ERA5_LAND,shenzhen
2016-04-30,25.20,22.10,23.30,27.40,23.80,25.20,2.40,OPEN_METEO_ERA5_LAND,shenzhen
2016-05-01,28.10,21.60,24.40,32.00,23.60,27.50,5.10,OPEN_METEO_ERA5_LAND,shenzhen
2016-05-02,29.80,23.80,26.50,35.40,27.90,31.10,0.10,OPEN_METEO_ERA5_LAND,shenzhen
2016-05-03,28.80,24.50,26.60,35.60,30.40,32.40,8.00,OPEN_METEO_ERA5_LAND,shenzhen
2016-05-04,29.20,23.40,26.10,35.90,28.50,31.40,3.90,OPEN_METEO_ERA5_LAND,shenzhen
2016-05-05,30.00,25.20,27.20,35.70,30.20,32.30,2.40,OPEN_METEO_ERA5_LAND,shenzhen
2016-05-06,30.30,25.40,27.50,36.40,30.70,33.20,2.60,OPEN_METEO_ERA5_LAND,shenzhen
2016-05-07,30.20,25.70,27.70,34.80,31.00,32.70,0.00,OPEN_METEO_ERA5_LAND,shenzhen
2016-05-08,29.60,25.80,27.50,33.90,31.50,32.80,1.70,OPEN_METEO_ERA5_LAND,shenzhen
2016-05-09,30.60,25.70,27.90,37.10,31.10,33.40,1.00,OPEN_METEO_ERA5_LAND,shenzhen
2016-05-10,26.90,23.90,25.70,32.80,27.80,30.90,19.30,OPEN_METEO_ERA5_LAND,shenzhen
2016-05-11,28.50,21.40,24.80,34.30,22.80,27.90,0.00,OPEN_METEO_ERA5_LAND,shenzhen
2016-05-12,28.30,22.60,25.20,33.30,25.40,28.70,0.00,OPEN_METEO_ERA5_LAND,shenzhen
2016-05-13,28.60,23.70,25.80,33.50,27.80,29.90,0.00,OPEN_METEO_ERA5_LAND,shenzhen
2016-05-14,28.30,24.50,25.90,33.20,27.50,29.50,1.20,OPEN_METEO_ERA5_LAND,shenzhen
2016-05-15,30.00,24.10,26.70,37.70,27.10,31.70,1.50,OPEN_METEO_ERA5_LAND,shenzhen
2016-05-16,27.30,19.20,23.30,29.80,18.20,24.60,0.80,OPEN_METEO_ERA5_LAND,shenzhen
2016-05-17,25.30,22.60,23.70,27.40,24.40,25.80,0.40,OPEN_METEO_ERA5_LAND,shenzhen
2016-05-18,27.10,22.80,24.40,30.20,24.80,26.60,0.00,OPEN_METEO_ERA5_LAND,shenzhen
2016-05-19,27.80,23.40,25.30,31.70,26.20,28.50,0.10,OPEN_METEO_ERA5_LAND,shenzhen
2016-05-20,26.60,23.70,24.90,31.30,27.10,29.10,20.70,OPEN_METEO_ERA5_LAND,shenzhen
2016-05-21,28.20,23.90,25.40,33.20,28.20,30.20,163.50,OPEN_METEO_ERA5_LAND,shenzhen
2016-05-22,29.90,23.40,26.10,35.30,26.60,30.00,0.50,OPEN_METEO_ERA5_LAND,shenzhen
2016-05-23,29.70,22.90,26.20,36.00,26.10,30.80,0.20,OPEN_METEO_ERA5_LAND,shenzhen
2016-05-24,30.10,24.00,26.70,36.80,29.20,32.50,2.10,OPEN_METEO_ERA5_LAND,shenzhen
2016-05-25,30.30,25.00,27.40,36.10,30.70,32.60,0.00,OPEN_METEO_ERA5_LAND,shenzhen
2016-05-26,30.00,25.50,27.40,35.70,30.10,32.10,0.10,OPEN_METEO_ERA5_LAND,shenzhen
2016-05-27,29.90,25.80,27.40,35.00,30.00,31.30,7.40,OPEN_METEO_ERA5_LAND,shenzhen
2016-05-28,30.20,25.80,27.00,36.90,30.00,32.00,12.10,OPEN_METEO_ERA5_LAND,shenzhen
2016-05-29,30.00,25.70,27.60,36.80,31.40,33.80,9.20,OPEN_METEO_ERA5_LAND,shenzhen
2016-05-30,30.90,26.40,28.30,38.90,32.50,35.10,5.50,OPEN_METEO_ERA5_LAND,shenzhen
2016-05-31,31.30,26.50,28.70,38.80,32.10,34.90,0.40,OPEN_METEO_ERA5_LAND,shenzhen
2016-06-01,31.70,27.40,29.30,38.00,33.40,35.00,0.90,OPEN_METEO_ERA5_LAND,shenzhen
2016-06-02,32.10,27.60,29.50,38.70,33.40,35.40,0.30,OPEN_METEO_ERA5_LAND,shenzhen
2016-06-03,32.00,27.80,29.60,38.30,33.50,35.50,0.40,OPEN_METEO_ERA5_LAND,shenzhen
2016-06-04,31.30,26.50,28.20,40.00,33.20,35.20,31.10,OPEN_METEO_ERA5_LAND,shenzhen
2016-06-05,28.10,25.20,26.60,34.50,31.00,33.00,20.30,OPEN_METEO_ERA5_LAND,shenzhen
2016-06-06,28.80,25.00,26.60,35.60,30.30,32.30,29.50,OPEN_METEO_ERA5_LAND,shenzhen
2016-06-07,31.50,24.60,27.50,38.60,30.30,33.50,4.60,OPEN_METEO_ERA5_LAND,shenzhen
2016-06-08,29.70,25.30,26.70,36.50,30.60,32.70,16.80,OPEN_METEO_ERA5_LAND,shenzhen
2016-06-09,29.20,25.20,26.70,34.60,31.30,32.60,17.00,OPEN_METEO_ERA5_LAND,shenzhen
2016-06-10,30.70,25.00,27.20,37.40,30.70,33.10,9.30,OPEN_METEO_ERA5_LAND,shenzhen
2016-06-11,27.90,25.20,26.50,32.80,30.80,31.90,24.00,OPEN_METEO_ERA5_LAND,shenzhen
2016-06-12,28.20,25.30,26.60,34.50,30.40,32.10,52.20,OPEN_METEO_ERA5_LAND,shenzhen
2016-06-13,31.00,25.80,27.60,37.60,30.90,34.00,27.70,OPEN_METEO_ERA5_LAND,shenzhen
2016-06-14,31.00,27.30,28.80,37.10,33.00,35.20,7.30,OPEN_METEO_ERA5_LAND,shenzhen
2016-06-15,31.50,27.00,29.00,38.10,32.70,35.20,3.80,OPEN_METEO_ERA5_LAND,shenzhen
2016-06-16,30.20,26.70,27.90,36.90,32.30,34.20,11.80,OPEN_METEO_ERA5_LAND,shenzhen
2016-06-17,30.90,26.20,28.40,38.60,32.60,35.10,5.90,OPEN_METEO_ERA5_LAND,shenzhen
2016-06-18,30.60,26.60,28.60,37.50,32.10,34.70,3.30,OPEN_METEO_ERA5_LAND,shenzhen
2016-06-19,32.20,26.90,29.20,39.60,32.90,35.60,0.00,OPEN_METEO_ERA5_LAND,shenzhen
2016-06-20,31.80,26.60,29.10,38.50,33.00,35.40,1.80,OPEN_METEO_ERA5_LAND,shenzhen
2016-06-21,31.70,26.70,29.10,39.20,33.20,35.70,0.80,OPEN_METEO_ERA5_LAND,shenzhen
2016-06-22,32.10,26.80,29.10,40.70,33.30,35.70,0.40,OPEN_METEO_ERA5_LAND,shenzhen
2016-06-23,32.10,26.60,29.10,38.80,33.20,35.50,0.10,OPEN_METEO_ERA5_LAND,shenzhen
2016-06-24,32.40,26.80,29.30,42.00,33.20,36.50,0.30,OPEN_METEO_ERA5_LAND,shenzhen
2016-06-25,32.80,27.00,29.40,42.50,33.80,36.70,1.60,OPEN_METEO_ERA5_LAND,shenzhen
2016-06-26,32.50,27.30,29.50,40.30,33.90,36.40,1.80,OPEN_METEO_ERA5_LAND,shenzhen
2016-06-27,32.20,27.50,29.60,40.10,33.80,36.40,1.60,OPEN_METEO_ERA5_LAND,shenzhen
2016-06-28,29.50,26.70,27.80,35.60,32.50,33.70,11.10,OPEN_METEO_ERA5_LAND,shenzhen
2016-06-29,29.70,26.10,27.90,35.30,31.30,33.70,10.40,OPEN_METEO_ERA5_LAND,shenzhen
2016-06-30,31.20,26.60,28.20,38.00,31.70,34.00,10.40,OPEN_METEO_ERA5_LAND,shenzhen
2016-07-01,30.80,26.60,28.60,37.40,32.40,34.40,1.30,OPEN_METEO_ERA5_LAND,shenzhen
2016-07-02,31.00,26.60,28.60,38.70,32.20,34.60,2.90,OPEN_METEO_ERA5_LAND,shenzhen
2016-07-03,30.50,26.70,27.90,36.70,31.60,33.30,11.20,OPEN_METEO_ERA5_LAND,shenzhen
2016-07-04,29.80,26.10,27.60,35.20,31.20,32.60,8.90,OPEN_METEO_ERA5_LAND,shenzhen
2016-07-05,29.90,26.20,27.80,36.50,31.40,33.40,3.80,OPEN_METEO_ERA5_LAND,shenzhen
2016-07-06,29.60,25.70,27.60,35.40,30.60,33.10,5.60,OPEN_METEO_ERA5_LAND,shenzhen
2016-07-07,32.50,26.50,28.90,41.60,32.50,35.90,2.10,OPEN_METEO_ERA5_LAND,shenzhen
2016-07-08,34.10,27.10,30.20,40.10,33.00,36.50,0.30,OPEN_METEO_ERA5_LAND,shenzhen
2016-07-09,34.90,28.40,31.20,43.00,34.30,38.20,1.20,OPEN_METEO_ERA5_LAND,shenzhen
2016-07-10,31.00,26.20,28.40,38.80,30.90,34.90,38.60,OPEN_METEO_ERA5_LAND,shenzhen
2016-07-11,31.20,26.60,28.30,39.90,31.90,34.80,20.00,OPEN_METEO_ERA5_LAND,shenzhen
2016-07-12,27.90,26.20,27.00,34.40,31.60,33.20,20.30,OPEN_METEO_ERA5_LAND,shenzhen
2016-07-13,29.70,25.80,27.70,36.30,31.30,33.80,9.20,OPEN_METEO_ERA5_LAND,shenzhen
2016-07-14,31.00,26.20,28.00,38.60,32.00,34.30,9.90,OPEN_METEO_ERA5_LAND,shenzhen
2016-07-15,31.60,27.00,28.90,39.00,33.30,35.60,1.80,OPEN_METEO_ERA5_LAND,shenzhen
2016-07-16,31.90,27.60,29.50,40.70,33.40,36.10,1.90,OPEN_METEO_ERA5_LAND,shenzhen
2016-07-17,31.90,28.00,29.70,39.00,34.10,35.90,0.80,OPEN_METEO_ERA5_LAND,shenzhen
2016-07-18,31.50,26.90,29.10,37.30,32.20,34.70,1.30,OPEN_METEO_ERA5_LAND,shenzhen
2016-07-19,31.20,26.40,28.50,37.60,31.80,34.00,2.50,OPEN_METEO_ERA5_LAND,shenzhen
2016-07-20,31.40,26.70,28.90,38.60,31.70,34.30,1.40,OPEN_METEO_ERA5_LAND,shenzhen
2016-07-21,31.70,26.60,28.80,40.00,32.00,35.00,1.20,OPEN_METEO_ERA5_LAND,shenzhen
2016-07-22,32.30,26.30,29.10,39.00,32.80,35.30,0.70,OPEN_METEO_ERA5_LAND,shenzhen
2016-07-23,32.60,27.00,29.40,39.50,33.40,35.80,0.20,OPEN_METEO_ERA5_LAND,shenzhen
2016-07-24,33.40,27.00,29.70,41.30,33.60,36.40,0.00,OPEN_METEO_ERA5_LAND,shenzhen
2016-07-25,33.60,26.70,29.70,41.40,33.20,36.50,0.00,OPEN_METEO_ERA5_LAND,shenzhen
2016-07-26,30.70,26.80,28.50,38.40,32.30,34.70,4.60,OPEN_METEO_ERA5_LAND,shenzhen
2016-07-27,31.50,26.30,28.80,38.00,32.60,34.90,3.10,OPEN_METEO_ERA5_LAND,shenzhen
2016-07-28,32.10,26.80,29.20,38.90,33.60,35.70,1.40,OPEN_METEO_ERA5_LAND,shenzhen
2016-07-29,33.60,26.80,29.80,40.00,33.00,36.00,0.00,OPEN_METEO_ERA5_LAND,shenzhen
2016-07-30,33.40,27.50,30.00,41.90,34.10,36.90,3.00,OPEN_METEO_ERA5_LAND,shenzhen
2016-07-31,32.70,26.90,29.40,40.70,33.50,36.30,1.50,OPEN_METEO_ERA5_LAND,shenzhen
2016-08-01,32.70,26.80,29.00,39.50,30.30,35.20,8.80,OPEN_METEO_ERA5_LAND,shenzhen
2016-08-02,27.20,25.50,26.50,31.30,27.00,28.90,133.60,OPEN_METEO_ERA5_LAND,shenzhen
2016-08-03,28.60,26.10,27.10,33.50,29.60,31.70,11.60,OPEN_METEO_ERA5_LAND,shenzhen
2016-08-04,30.40,25.70,27.30,37.20,30.60,32.90,18.20,OPEN_METEO_ERA5_LAND,shenzhen
2016-08-05,32.00,26.20,28.80,40.70,32.40,35.90,4.60,OPEN_METEO_ERA5_LAND,shenzhen
2016-08-06,33.10,27.10,29.60,41.60,33.80,36.80,0.20,OPEN_METEO_ERA5_LAND,shenzhen
2016-08-07,32.90,28.00,30.10,41.50,34.90,37.40,0.40,OPEN_METEO_ERA5_LAND,shenzhen
2016-08-08,33.20,27.80,29.80,41.30,35.00,37.30,2.90,OPEN_METEO_ERA5_LAND,shenzhen
2016-08-09,33.10,27.90,30.00,42.00,35.80,37.80,2.30,OPEN_METEO_ERA5_LAND,shenzhen
2016-08-10,28.10,25.80,26.70,35.90,32.30,33.20,28.70,OPEN_METEO_ERA5_LAND,shenzhen
2016-08-11,31.10,25.60,27.80,39.00,31.40,34.40,4.90,OPEN_METEO_ERA5_LAND,shenzhen
2016-08-12,30.00,26.40,27.40,37.10,32.30,33.90,11.60,OPEN_METEO_ERA5_LAND,shenzhen
2016-08-13,30.90,25.70,27.80,37.80,31.70,34.20,7.50,OPEN_METEO_ERA5_LAND,shenzhen
2016-08-14,28.80,25.60,26.90,34.50,31.10,32.50,14.30,OPEN_METEO_ERA5_LAND,shenzhen
2016-08-15,28.00,25.30,26.40,35.00,30.40,32.30,18.00,OPEN_METEO_ERA5_LAND,shenzhen
2016-08-16,28.60,25.60,26.60,33.60,29.80,31.80,23.10,OPEN_METEO_ERA5_LAND,shenzhen
2016-08-17,29.80,25.60,27.10,34.50,29.60,31.30,18.20,OPEN_METEO_ERA5_LAND,shenzhen
2016-08-18,30.40,26.40,27.80,35.70,29.90,31.80,11.10,OPEN_METEO_ERA5_LAND,shenzhen
2016-08-19,31.00,26.30,28.10,37.50,31.00,33.70,5.30,OPEN_METEO_ERA5_LAND,shenzhen
2016-08-20,32.20,26.80,28.90,42.10,33.50,36.60,5.20,OPEN_METEO_ERA5_LAND,shenzhen
2016-08-21,33.00,25.90,28.40,41.00,32.00,35.40,24.00,OPEN_METEO_ERA5_LAND,shenzhen
2016-08-22,31.40,26.50,28.60,39.40,32.50,35.20,0.00,OPEN_METEO_ERA5_LAND,shenzhen
2016-08-23,32.80,26.30,28.90,42.10,33.20,36.10,0.90,OPEN_METEO_ERA5_LAND,shenzhen
2016-08-24,32.50,26.30,29.20,41.00,33.00,36.20,0.50,OPEN_METEO_ERA5_LAND,shenzhen
2016-08-25,32.70,26.40,29.30,40.40,33.40,36.40,0.00,OPEN_METEO_ERA5_LAND,shenzhen
2016-08-26,33.50,26.90,29.80,42.70,34.00,37.40,3.80,OPEN_METEO_ERA5_LAND,shenzhen
2016-08-27,31.70,26.10,28.30,39.40,32.60,35.30,33.20,OPEN_METEO_ERA5_LAND,shenzhen
2016-08-28,30.20,25.90,27.70,35.80,31.50,33.20,8.30,OPEN_METEO_ERA5_LAND,shenzhen
2016-08-29,29.30,24.90,26.70,34.40,26.50,29.90,0.00,OPEN_METEO_ERA5_LAND,shenzhen
2016-08-30,30.50,24.50,27.20,36.30,29.00,32.00,0.00,OPEN_METEO_ERA5_LAND,shenzhen
2016-08-31,30.90,25.20,27.60,37.80,30.70,33.50,3.60,OPEN_METEO_ERA5_LAND,shenzhen
2016-09-01,29.90,25.60,27.50,35.80,30.70,33.20,16.70,OPEN_METEO_ERA5_LAND,shenzhen
2016-09-02,28.00,25.80,26.80,33.70,31.30,32.50,23.00,OPEN_METEO_ERA5_LAND,shenzhen
2016-09-03,27.40,25.30,26.30,34.30,31.30,32.90,22.00,OPEN_METEO_ERA5_LAND,shenzhen
2016-09-04,29.60,25.80,27.10,36.10,31.10,32.90,7.50,OPEN_METEO_ERA5_LAND,shenzhen
2016-09-05,29.10,25.90,27.10,34.10,30.90,32.10,4.90,OPEN_METEO_ERA5_LAND,shenzhen
2016-09-06,27.90,25.40,26.50,34.40,31.30,32.50,48.90,OPEN_METEO_ERA5_LAND,shenzhen
2016-09-07,28.80,25.30,26.40,35.20,31.40,32.70,28.60,OPEN_METEO_ERA5_LAND,shenzhen
2016-09-08,29.20,25.30,26.60,36.50,31.60,33.40,39.30,OPEN_METEO_ERA5_LAND,shenzhen
2016-09-09,29.70,25.40,27.00,35.70,31.20,33.20,14.30,OPEN_METEO_ERA5_LAND,shenzhen
2016-09-10,28.70,25.10,26.80,34.40,31.10,32.80,20.50,OPEN_METEO_ERA5_LAND,shenzhen
2016-09-11,30.70,24.70,27.20,38.50,30.30,33.70,9.00,OPEN_METEO_ERA5_LAND,shenzhen
2016-09-12,31.10,24.70,27.60,38.80,29.70,33.50,0.80,OPEN_METEO_ERA5_LAND,shenzhen
2016-09-13,30.40,25.60,27.60,38.10,30.30,33.40,2.70,OPEN_METEO_ERA5_LAND,shenzhen
2016-09-14,31.20,25.60,28.10,36.00,30.80,32.90,0.00,OPEN_METEO_ERA5_LAND,shenzhen
2016-09-15,31.40,26.20,28.50,36.60,30.30,33.30,0.10,OPEN_METEO_ERA5_LAND,shenzhen
2016-09-16,31.20,25.90,28.20,36.60,29.90,33.30,0.10,OPEN_METEO_ERA5_LAND,shenzhen
2016-09-17,31.20,25.40,28.20,36.90,30.30,33.30,0.30,OPEN_METEO_ERA5_LAND,shenzhen
2016-09-18,30.60,24.40,27.30,35.70,27.00,31.40,0.00,OPEN_METEO_ERA5_LAND,shenzhen
2016-09-19,30.50,25.20,27.20,35.50,28.30,31.50,1.10,OPEN_METEO_ERA5_LAND,shenzhen
2016-09-20,28.80,23.20,25.90,32.60,25.40,29.50,6.00,OPEN_METEO_ERA5_LAND,shenzhen
2016-09-21,29.70,24.70,26.80,33.00,27.50,30.20,0.00,OPEN_METEO_ERA5_LAND,shenzhen
2016-09-22,29.30,25.10,26.80,33.10,29.10,30.70,0.00,OPEN_METEO_ERA5_LAND,shenzhen
2016-09-23,28.70,25.20,26.70,32.40,29.20,30.70,1.40,OPEN_METEO_ERA5_LAND,shenzhen
2016-09-24,29.90,25.30,27.10,34.90,29.50,31.50,0.00,OPEN_METEO_ERA5_LAND,shenzhen
2016-09-25,30.90,25.50,27.60,37.40,30.00,32.90,0.00,OPEN_METEO_ERA5_LAND,shenzhen
2016-09-26,31.30,25.40,28.10,38.40,31.10,34.20,1.30,OPEN_METEO_ERA5_LAND,shenzhen
2016-09-27,34.10,26.50,29.90,38.90,32.30,35.10,0.00,OPEN_METEO_ERA5_LAND,shenzhen
2016-09-28,31.40,27.30,29.00,33.40,29.50,31.50,0.00,OPEN_METEO_ERA5_LAND,shenzhen
2016-09-29,27.10,21.80,24.20,29.60,23.60,26.10,6.40,OPEN_METEO_ERA5_LAND,shenzhen
2016-09-30,28.70,21.30,24.60,33.80,23.40,27.60,0.50,OPEN_METEO_ERA5_LAND,shenzhen
2016-10-01,29.00,24.00,26.00,35.10,28.50,31.20,9.40,OPEN_METEO_ERA5_LAND,shenzhen
2016-10-02,29.90,24.10,26.60,35.00,28.20,31.50,1.80,OPEN_METEO_ERA5_LAND,shenzhen
2016-10-03,30.90,25.10,26.80,37.40,30.00,32.30,5.70,OPEN_METEO_ERA5_LAND,shenzhen
2016-10-04,30.10,24.80,26.90,36.40,30.10,32.60,3.00,OPEN_METEO_ERA5_LAND,shenzhen
2016-10-05,30.10,25.20,27.20,35.70,30.70,32.50,4.80,OPEN_METEO_ERA5_LAND,shenzhen
2016-10-06,30.70,24.90,27.50,35.60,29.20,32.30,0.70,OPEN_METEO_ERA5_LAND,shenzhen
2016-10-07,31.20,25.30,27.40,36.70,29.30,32.40,9.50,OPEN_METEO_ERA5_LAND,shenzhen
2016-10-08,29.50,24.00,26.60,32.30,25.50,29.90,1.10,OPEN_METEO_ERA5_LAND,shenzhen
2016-10-09,26.80,23.00,24.40,29.40,24.20,26.00,0.90,OPEN_METEO_ERA5_LAND,shenzhen
2016-10-10,26.70,21.70,23.90,28.40,21.70,24.80,0.00,OPEN_METEO_ERA5_LAND,shenzhen
2016-10-11,24.70,21.90,23.10,25.70,22.10,23.80,0.50,OPEN_METEO_ERA5_LAND,shenzhen
2016-10-12,24.60,21.00,22.60,26.40,22.00,24.00,9.00,OPEN_METEO_ERA5_LAND,shenzhen
2016-10-13,28.50,21.20,24.50,31.30,22.00,26.60,0.00,OPEN_METEO_ERA5_LAND,shenzhen
2016-10-14,28.90,22.30,25.20,32.50,23.70,27.90,0.00,OPEN_METEO_ERA5_LAND,shenzhen
2016-10-15,29.70,22.50,25.80,33.00,24.10,29.10,0.00,OPEN_METEO_ERA5_LAND,shenzhen
2016-10-16,30.70,23.70,27.00,33.80,25.60,29.70,0.00,OPEN_METEO_ERA5_LAND,shenzhen
2016-10-17,29.00,24.50,26.10,32.10,26.20,28.90,16.60,OPEN_METEO_ERA5_LAND,shenzhen
2016-10-18,25.80,24.40,24.90,28.10,26.70,27.50,50.50,OPEN_METEO_ERA5_LAND,shenzhen
2016-10-19,27.10,24.40,25.50,30.90,27.20,29.20,26.30,OPEN_METEO_ERA5_LAND,shenzhen
2016-10-20,30.80,23.50,26.90,35.60,28.40,31.50,0.00,OPEN_METEO_ERA5_LAND,shenzhen
2016-10-21,26.60,24.10,25.30,30.40,23.90,26.80,74.50,OPEN_METEO_ERA5_LAND,shenzhen
2016-10-22,29.10,25.20,26.90,34.90,30.30,32.20,0.30,OPEN_METEO_ERA5_LAND,shenzhen
2016-10-23,29.70,23.90,26.30,37.20,29.20,32.50,5.00,OPEN_METEO_ERA5_LAND,shenzhen
2016-10-24,29.10,24.50,26.20,35.20,29.90,31.90,3.70,OPEN_METEO_ERA5_LAND,shenzhen
2016-10-25,28.80,25.10,26.50,35.10,30.50,32.00,1.20,OPEN_METEO_ERA5_LAND,shenzhen
2016-10-26,29.60,24.90,26.70,35.30,29.90,32.00,0.20,OPEN_METEO_ERA5_LAND,shenzhen
2016-10-27,30.20,24.30,26.80,36.10,29.70,32.30,0.00,OPEN_METEO_ERA5_LAND,shenzhen
2016-10-28,30.60,23.50,26.70,36.20,28.80,32.30,0.00,OPEN_METEO_ERA5_LAND,shenzhen
2016-10-29,27.40,20.20,24.30,30.80,18.80,26.40,1.10,OPEN_METEO_ERA5_LAND,shenzhen
2016-10-30,26.20,19.00,22.40,28.10,17.90,22.80,0.10,OPEN_METEO_ERA5_LAND,shenzhen
2016-10-31,27.60,20.30,23.50,30.00,20.70,24.90,0.00,OPEN_METEO_ERA5_LAND,shenzhen
2016-11-01,25.60,19.80,22.00,25.90,18.60,21.70,0.00,OPEN_METEO_ERA5_LAND,shenzhen
2016-11-02,25.10,18.40,20.90,24.70,16.90,20.00,0.00,OPEN_METEO_ERA5_LAND,shenzhen
2016-11-03,23.30,16.90,19.80,23.60,14.90,18.90,0.00,OPEN_METEO_ERA5_LAND,shenzhen
2016-11-04,24.70,17.10,20.70,26.70,16.80,21.60,0.00,OPEN_METEO_ERA5_LAND,shenzhen
2016-11-05,26.00,18.90,22.30,28.60,21.00,24.70,0.00,OPEN_METEO_ERA5_LAND,shenzhen
2016-11-06,26.20,19.30,22.70,28.70,21.80,25.10,0.00,OPEN_METEO_ERA5_LAND,shenzhen
2016-11-07,27.20,21.40,24.00,30.50,24.10,27.10,0.10,OPEN_METEO_ERA5_LAND,shenzhen
2016-11-08,26.20,18.30,23.20,29.50,16.30,25.10,1.00,OPEN_METEO_ERA5_LAND,shenzhen
2016-11-09,21.80,16.50,18.80,22.10,14.00,17.60,0.50,OPEN_METEO_ERA5_LAND,shenzhen
2016-11-10,16.00,13.90,14.50,13.50,11.30,12.30,12.20,OPEN_METEO_ERA5_LAND,shenzhen
2016-11-11,19.70,13.90,16.80,21.20,12.70,16.80,4.40,OPEN_METEO_ERA5_LAND,shenzhen
2016-11-12,26.30,19.80,22.50,29.50,21.30,24.90,0.00,OPEN_METEO_ERA5_LAND,shenzhen
2016-11-13,26.70,22.20,24.10,29.90,25.30,27.30,0.00,OPEN_METEO_ERA5_LAND,shenzhen
2016-11-14,28.40,21.80,24.40,33.10,25.50,28.80,0.00,OPEN_METEO_ERA5_LAND,shenzhen
2016-11-15,29.00,21.20,24.30,34.60,25.50,28.40,0.00,OPEN_METEO_ERA5_LAND,shenzhen
2016-11-16,26.20,22.10,23.70,28.80,23.60,26.10,0.00,OPEN_METEO_ERA5_LAND,shenzhen
2016-11-17,26.70,21.70,23.60,29.60,24.30,26.70,0.00,OPEN_METEO_ERA5_LAND,shenzhen
2016-11-18,26.90,22.00,23.90,30.30,24.90,27.10,3.10,OPEN_METEO_ERA5_LAND,shenzhen
2016-11-19,27.30,22.80,24.70,30.40,26.20,27.70,1.60,OPEN_METEO_ERA5_LAND,shenzhen
2016-11-20,27.00,23.30,24.70,30.10,25.70,27.50,0.60,OPEN_METEO_ERA5_LAND,shenzhen
2016-11-21,25.80,22.80,23.90,29.50,25.80,26.90,7.80,OPEN_METEO_ERA5_LAND,shenzhen
2016-11-22,23.20,21.30,22.50,26.80,23.00,25.60,70.40,OPEN_METEO_ERA5_LAND,shenzhen
2016-11-23,21.40,12.90,18.30,23.60,8.50,17.60,14.00,OPEN_METEO_ERA5_LAND,shenzhen
2016-11-24,17.90,12.00,14.10,16.00,7.60,10.80,0.00,OPEN_METEO_ERA5_LAND,shenzhen
2016-11-25,20.50,13.50,16.70,20.40,10.70,15.30,0.60,OPEN_METEO_ERA5_LAND,shenzhen
2016-11-26,17.70,10.90,14.30,17.00,7.50,11.80,13.20,OPEN_METEO_ERA5_LAND,shenzhen
2016-11-27,18.50,10.00,13.90,16.90,6.60,11.20,5.10,OPEN_METEO_ERA5_LAND,shenzhen
2016-11-28,19.50,12.10,15.70,17.50,8.90,13.50,0.00,OPEN_METEO_ERA5_LAND,shenzhen
2016-11-29,21.30,15.10,17.70,20.70,12.70,16.30,0.00,OPEN_METEO_ERA5_LAND,shenzhen
2016-11-30,21.00,15.20,17.90,20.00,12.90,16.40,0.00,OPEN_METEO_ERA5_LAND,shenzhen
2016-12-01,21.10,13.50,16.90,20.50,10.90,15.30,0.00,OPEN_METEO_ERA5_LAND,shenzhen
2016-12-02,21.40,15.10,17.90,21.50,13.10,17.10,0.00,OPEN_METEO_ERA5_LAND,shenzhen
2016-12-03,22.40,16.90,19.30,23.40,16.60,19.70,0.00,OPEN_METEO_ERA5_LAND,shenzhen
2016-12-04,23.80,18.30,20.20,25.00,19.40,21.40,0.00,OPEN_METEO_ERA5_LAND,shenzhen
2016-12-05,25.70,17.50,21.20,27.60,18.40,22.40,0.00,OPEN_METEO_ERA5_LAND,shenzhen
2016-12-06,21.00,16.70,18.80,19.20,14.50,16.70,0.00,OPEN_METEO_ERA5_LAND,shenzhen
2016-12-07,21.60,15.40,18.00,21.20,13.50,16.90,0.00,OPEN_METEO_ERA5_LAND,shenzhen
2016-12-08,21.00,13.90,17.20,20.30,11.20,15.70,0.00,OPEN_METEO_ERA5_LAND,shenzhen
2016-12-09,22.10,12.50,17.10,22.20,10.70,16.40,0.00,OPEN_METEO_ERA5_LAND,shenzhen
2016-12-10,22.80,14.90,18.80,23.30,14.50,19.00,0.00,OPEN_METEO_ERA5_LAND,shenzhen
2016-12-11,22.50,17.70,19.70,22.30,17.70,19.60,0.00,OPEN_METEO_ERA5_LAND,shenzhen
2016-12-12,23.80,17.80,20.20,24.90,17.50,20.70,0.00,OPEN_METEO_ERA5_LAND,shenzhen
2016-12-13,25.90,17.40,21.30,28.30,18.50,22.90,0.00,OPEN_METEO_ERA5_LAND,shenzhen
2016-12-14,21.50,15.20,18.10,20.00,11.90,16.00,0.00,OPEN_METEO_ERA5_LAND,shenzhen
2016-12-15,18.20,12.60,15.10,15.30,8.00,11.60,0.00,OPEN_METEO_ERA5_LAND,shenzhen
2016-12-16,16.60,9.80,12.90,13.50,5.00,9.20,0.00,OPEN_METEO_ERA5_LAND,shenzhen
2016-12-17,18.50,10.70,15.00,17.30,7.60,12.90,0.00,OPEN_METEO_ERA5_LAND,shenzhen
2016-12-18,22.30,16.10,18.40,22.20,14.60,17.80,0.00,OPEN_METEO_ERA5_LAND,shenzhen
2016-12-19,23.10,16.80,19.50,23.40,16.60,19.70,0.00,OPEN_METEO_ERA5_LAND,shenzhen
2016-12-20,23.70,18.70,20.90,23.90,20.00,21.80,0.00,OPEN_METEO_ERA5_LAND,shenzhen
2016-12-21,23.50,20.40,21.70,26.30,21.40,23.70,4.30,OPEN_METEO_ERA5_LAND,shenzhen
2016-12-22,23.70,16.20,20.20,23.50,13.80,20.30,1.40,OPEN_METEO_ERA5_LAND,shenzhen
2016-12-23,20.50,15.60,18.00,20.80,13.40,17.00,0.00,OPEN_METEO_ERA5_LAND,shenzhen
2016-12-24,18.90,16.00,17.60,18.10,14.50,16.60,1.50,OPEN_METEO_ERA5_LAND,shenzhen
2016-12-25,22.30,17.60,19.20,21.90,16.80,19.00,0.00,OPEN_METEO_ERA5_LAND,shenzhen
2016-12-26,24.90,17.50,20.60,26.30,16.20,21.40,0.00,OPEN_METEO_ERA5_LAND,shenzhen
2016-12-27,17.40,10.90,14.50,13.80,5.80,9.80,0.00,OPEN_METEO_ERA5_LAND,shenzhen
2016-12-28,14.00,8.70,11.70,11.20,3.80,7.60,0.00,OPEN_METEO_ERA5_LAND,shenzhen
2016-12-29,15.70,11.00,13.50,12.20,6.20,9.50,0.00,OPEN_METEO_ERA5_LAND,shenzhen
2016-12-30,17.90,11.70,14.60,15.60,8.00,11.80,0.00,OPEN_METEO_ERA5_LAND,shenzhen
2016-12-31,21.00,14.50,17.30,20.10,12.20,16.00,0.00,OPEN_METEO_ERA5_LAND,shenzhen
2017-01-01,22.60,14.70,18.40,22.30,13.30,18.40,0.00,OPEN_METEO_ERA5_LAND,shenzhen
2017-01-02,25.90,16.10,19.80,26.80,16.20,20.60,0.00,OPEN_METEO_ERA5_LAND,shenzhen
2017-01-03,24.50,16.50,19.30,25.20,16.90,19.90,0.00,OPEN_METEO_ERA5_LAND,shenzhen
2017-01-04,23.90,16.70,19.20,24.60,16.50,19.40,0.00,OPEN_METEO_ERA5_LAND,shenzhen
2017-01-05,25.70,17.00,20.50,27.60,17.80,21.90,0.30,OPEN_METEO_ERA5_LAND,shenzhen
2017-01-06,26.20,17.30,20.90,27.70,18.50,22.10,0.20,OPEN_METEO_ERA5_LAND,shenzhen
2017-01-07,23.90,17.90,20.20,24.50,18.10,20.80,0.00,OPEN_METEO_ERA5_LAND,shenzhen
2017-01-08,26.60,16.60,21.00,27.80,15.90,21.60,0.00,OPEN_METEO_ERA5_LAND,shenzhen
2017-01-09,23.40,14.50,18.40,23.10,12.30,17.40,0.00,OPEN_METEO_ERA5_LAND,shenzhen
2017-01-10,21.80,15.80,18.40,20.70,14.90,17.60,0.00,OPEN_METEO_ERA5_LAND,shenzhen
2017-01-11,23.80,17.00,19.30,22.80,15.90,18.80,0.60,OPEN_METEO_ERA5_LAND,shenzhen
2017-01-12,20.20,13.40,16.50,19.10,10.90,14.60,0.00,OPEN_METEO_ERA5_LAND,shenzhen
2017-01-13,14.40,12.00,12.90,12.10,8.90,10.30,0.70,OPEN_METEO_ERA5_LAND,shenzhen
2017-01-14,13.80,11.20,12.70,11.90,8.80,10.50,1.20,OPEN_METEO_ERA5_LAND,shenzhen
2017-01-15,14.20,11.90,12.80,12.10,9.30,10.70,0.70,OPEN_METEO_ERA5_LAND,shenzhen
2017-01-16,15.90,11.00,13.40,15.30,8.20,11.60,0.50,OPEN_METEO_ERA5_LAND,shenzhen
2017-01-17,19.20,12.90,16.00,18.20,11.50,15.10,0.10,OPEN_METEO_ERA5_LAND,shenzhen
2017-01-18,22.00,14.70,18.20,22.60,14.20,18.40,0.30,OPEN_METEO_ERA5_LAND,shenzhen
2017-01-19,21.80,16.10,18.30,22.60,15.20,18.80,0.80,OPEN_METEO_ERA5_LAND,shenzhen
2017-01-20,17.30,11.50,14.30,15.10,8.00,11.20,0.00,OPEN_METEO_ERA5_LAND,shenzhen
2017-01-21,19.50,10.40,14.60,18.00,6.40,11.70,0.00,OPEN_METEO_ERA5_LAND,shenzhen
2017-01-22,19.20,9.70,14.20,16.70,6.00,11.20,0.00,OPEN_METEO_ERA5_LAND,shenzhen
2017-01-23,20.80,9.80,14.80,19.30,6.70,12.60,0.00,OPEN_METEO_ERA5_LAND,shenzhen
2017-01-24,20.10,13.10,15.90,17.20,10.40,13.60,0.00,OPEN_METEO_ERA5_LAND,shenzhen
2017-01-25,23.00,13.30,17.10,21.70,11.70,15.80,0.00,OPEN_METEO_ERA5_LAND,shenzhen
2017-01-26,21.80,11.30,15.80,20.40,8.50,14.10,0.00,OPEN_METEO_ERA5_LAND,shenzhen
2017-01-27,22.40,11.80,16.40,20.50,10.50,14.90,0.00,OPEN_METEO_ERA5_LAND,shenzhen
2017-01-28,21.50,13.60,16.70,20.10,12.60,15.60,0.60,OPEN_METEO_ERA5_LAND,shenzhen
2017-01-29,23.80,16.70,19.50,25.10,16.00,19.90,0.20,OPEN_METEO_ERA5_LAND,shenzhen
2017-01-30,22.00,17.30,19.20,22.50,15.60,19.40,3.00,OPEN_METEO_ERA5_LAND,shenzhen
2017-01-31,20.00,13.70,16.30,19.10,11.50,14.80,0.10,OPEN_METEO_ERA5_LAND,shenzhen
2017-02-01,23.20,14.70,17.80,22.30,13.10,16.90,0.00,OPEN_METEO_ERA5_LAND,shenzhen
2017-02-02,20.50,12.00,15.90,19.50,8.90,14.20,0.00,OPEN_METEO_ERA5_LAND,shenzhen
2017-02-03,20.40,13.40,16.30,20.00,11.40,15.00,0.00,OPEN_METEO_ERA5_LAND,shenzhen
2017-02-04,22.70,15.00,18.00,22.10,14.40,17.80,8.40,OPEN_METEO_ERA5_LAND,shenzhen
2017-02-05,22.10,16.00,18.20,22.50,15.00,18.70,2.60,OPEN_METEO_ERA5_LAND,shenzhen
2017-02-06,22.30,15.60,18.00,22.70,13.60,17.50,0.10,OPEN_METEO_ERA5_LAND,shenzhen
2017-02-07,17.50,14.60,16.00,14.90,10.90,13.40,0.10,OPEN_METEO_ERA5_LAND,shenzhen
2017-02-08,17.80,13.20,16.00,18.30,9.90,14.80,6.30,OPEN_METEO_ERA5_LAND,shenzhen
2017-02-09,15.80,7.60,11.00,11.70,2.60,6.70,0.00,OPEN_METEO_ERA5_LAND,shenzhen
2017-02-10,14.70,6.50,10.20,11.90,1.70,6.10,0.00,OPEN_METEO_ERA5_LAND,shenzhen
2017-02-11,17.30,7.20,12.20,15.00,3.10,8.90,0.00,OPEN_METEO_ERA5_LAND,shenzhen
2017-02-12,18.70,8.00,13.00,17.00,4.20,10.60,0.00,OPEN_METEO_ERA5_LAND,shenzhen
2017-02-13,20.80,9.60,14.70,19.30,7.10,12.80,0.00,OPEN_METEO_ERA5_LAND,shenzhen
2017-02-14,21.30,12.60,16.20,18.90,9.70,13.70,0.00,OPEN_METEO_ERA5_LAND,shenzhen
2017-02-15,21.10,12.70,16.40,19.50,10.00,14.20,0.00,OPEN_METEO_ERA5_LAND,shenzhen
2017-02-16,24.00,13.10,17.80,25.30,12.70,17.60,0.00,OPEN_METEO_ERA5_LAND,shenzhen
2017-02-17,27.10,13.90,19.50,28.40,14.10,19.90,0.00,OPEN_METEO_ERA5_LAND,shenzhen
2017-02-18,28.00,14.90,19.90,27.80,15.40,19.90,0.00,OPEN_METEO_ERA5_LAND,shenzhen
2017-02-19,23.30,15.70,18.20,23.70,13.80,17.70,0.10,OPEN_METEO_ERA5_LAND,shenzhen
2017-02-20,26.90,16.90,20.60,28.30,17.00,21.80,0.20,OPEN_METEO_ERA5_LAND,shenzhen
2017-02-21,21.20,16.80,19.30,20.70,16.40,18.90,7.20,OPEN_METEO_ERA5_LAND,shenzhen
2017-02-22,25.70,16.80,20.30,27.70,16.50,21.60,8.10,OPEN_METEO_ERA5_LAND,shenzhen
2017-02-23,20.30,11.20,15.20,22.50,7.60,13.10,2.00,OPEN_METEO_ERA5_LAND,shenzhen
2017-02-24,11.10,9.00,10.10,7.70,5.70,6.70,0.10,OPEN_METEO_ERA5_LAND,shenzhen
2017-02-25,11.80,8.70,10.00,9.10,5.00,7.00,1.40,OPEN_METEO_ERA5_LAND,shenzhen
2017-02-26,18.80,8.40,13.20,17.00,5.30,11.00,0.50,OPEN_METEO_ERA5_LAND,shenzhen
2017-02-27,20.10,12.20,15.60,18.70,10.30,14.10,0.00,OPEN_METEO_ERA5_LAND,shenzhen
2017-02-28,21.70,13.40,17.10,20.70,11.90,15.80,0.00,OPEN_METEO_ERA5_LAND,shenzhen
2017-03-01,23.20,14.70,18.40,21.80,14.60,17.80,0.40,OPEN_METEO_ERA5_LAND,shenzhen
2017-03-02,22.70,13.30,17.50,19.20,9.80,14.30,0.00,OPEN_METEO_ERA5_LAND,shenzhen
2017-03-03,21.80,13.30,17.00,21.20,11.80,15.50,0.00,OPEN_METEO_ERA5_LAND,shenzhen
2017-03-04,23.80,15.80,19.00,24.90,14.70,18.60,0.00,OPEN_METEO_ERA5_LAND,shenzhen
2017-03-05,25.60,17.90,21.20,25.90,18.50,22.20,0.20,OPEN_METEO_ERA5_LAND,shenzhen
2017-03-06,24.50,15.20,20.00,24.30,12.70,19.80,0.40,OPEN_METEO_ERA5_LAND,shenzhen
2017-03-07,20.80,15.70,17.90,20.20,14.30,17.00,0.00,OPEN_METEO_ERA5_LAND,shenzhen
2017-03-08,17.20,13.90,15.40,15.40,11.90,13.80,0.70,OPEN_METEO_ERA5_LAND,shenzhen
2017-03-09,19.70,15.00,16.80,18.30,13.30,15.60,0.20,OPEN_METEO_ERA5_LAND,shenzhen
2017-03-10,24.60,17.20,20.30,24.90,16.40,20.90,2.80,OPEN_METEO_ERA5_LAND,shenzhen
2017-03-11,20.90,16.80,18.70,21.00,15.50,18.50,0.90,OPEN_METEO_ERA5_LAND,shenzhen
2017-03-12,22.60,18.30,20.10,23.40,17.90,20.50,0.00,OPEN_METEO_ERA5_LAND,shenzhen
2017-03-13,26.70,18.90,22.20,28.30,20.50,24.10,0.10,OPEN_METEO_ERA5_LAND,shenzhen
2017-03-14,21.50,14.40,17.70,24.50,12.00,17.10,1.50,OPEN_METEO_ERA5_LAND,shenzhen
2017-03-15,20.50,14.50,16.90,19.80,12.70,15.60,0.50,OPEN_METEO_ERA5_LAND,shenzhen
2017-03-16,21.20,15.80,18.20,21.20,15.10,18.10,0.10,OPEN_METEO_ERA5_LAND,shenzhen
2017-03-17,22.60,17.50,19.60,22.80,17.70,19.60,0.00,OPEN_METEO_ERA5_LAND,shenzhen
2017-03-18,23.40,18.20,19.90,25.20,18.20,20.60,3.10,OPEN_METEO_ERA5_LAND,shenzhen
2017-03-19,20.80,18.40,19.60,22.70,19.20,20.90,18.00,OPEN_METEO_ERA5_LAND,shenzhen
2017-03-20,27.20,19.20,22.30,30.30,20.80,24.80,0.20,OPEN_METEO_ERA5_LAND,shenzhen
2017-03-21,27.20,19.60,22.30,31.00,20.70,24.60,1.20,OPEN_METEO_ERA5_LAND,shenzhen
2017-03-22,20.50,17.90,19.20,20.70,18.50,19.70,5.30,OPEN_METEO_ERA5_LAND,shenzhen
2017-03-23,25.00,18.00,20.80,27.50,18.90,22.50,0.50,OPEN_METEO_ERA5_LAND,shenzhen
2017-03-24,24.70,19.00,21.20,27.40,19.30,22.50,0.00,OPEN_METEO_ERA5_LAND,shenzhen
2017-03-25,20.10,13.90,17.60,21.70,11.30,16.80,0.90,OPEN_METEO_ERA5_LAND,shenzhen
2017-03-26,15.80,11.30,13.80,14.00,8.00,11.20,0.80,OPEN_METEO_ERA5_LAND,shenzhen
2017-03-27,23.00,11.80,17.20,21.60,9.90,15.60,0.00,OPEN_METEO_ERA5_LAND,shenzhen
2017-03-28,24.50,16.90,20.20,25.40,16.20,20.30,0.00,OPEN_METEO_ERA5_LAND,shenzhen
2017-03-29,25.60,18.70,21.50,27.00,19.90,22.50,0.40,OPEN_METEO_ERA5_LAND,shenzhen
2017-03-30,25.60,19.70,22.30,27.30,20.50,23.80,0.20,OPEN_METEO_ERA5_LAND,shenzhen
2017-03-31,23.10,14.80,19.40,27.10,11.90,20.70,28.90,OPEN_METEO_ERA5_LAND,shenzhen
2017-04-01,21.90,12.10,16.70,21.90,9.50,15.40,0.10,OPEN_METEO_ERA5_LAND,shenzhen
2017-04-02,22.00,13.20,17.50,22.10,12.00,16.70,0.00,OPEN_METEO_ERA5_LAND,shenzhen
2017-04-03,23.10,14.20,18.50,23.60,13.30,18.00,0.00,OPEN_METEO_ERA5_LAND,shenzhen
2017-04-04,24.00,16.60,19.90,25.20,17.10,20.40,0.00,OPEN_METEO_ERA5_LAND,shenzhen
2017-04-05,25.70,17.80,21.50,27.70,18.70,22.90,0.60,OPEN_METEO_ERA5_LAND,shenzhen
2017-04-06,25.10,20.20,22.10,27.30,22.50,24.80,1.60,OPEN_METEO_ERA5_LAND,shenzhen
2017-04-07,28.20,21.30,23.80,31.70,24.90,27.30,0.00,OPEN_METEO_ERA5_LAND,shenzhen
2017-04-08,28.40,21.00,24.20,32.30,24.20,27.50,0.90,OPEN_METEO_ERA5_LAND,shenzhen
2017-04-09,27.50,22.10,24.80,30.00,26.00,28.00,0.30,OPEN_METEO_ERA5_LAND,shenzhen
2017-04-10,28.20,24.30,25.70,30.50,28.00,29.00,1.40,OPEN_METEO_ERA5_LAND,shenzhen
2017-04-11,28.60,20.80,25.20,33.50,21.80,29.60,16.80,OPEN_METEO_ERA5_LAND,shenzhen
2017-04-12,20.00,16.50,18.10,20.70,15.00,17.70,12.80,OPEN_METEO_ERA5_LAND,shenzhen
2017-04-13,22.90,15.60,18.60,24.40,14.40,18.80,0.10,OPEN_METEO_ERA5_LAND,shenzhen
2017-04-14,25.00,17.50,21.10,27.90,18.40,23.00,0.90,OPEN_METEO_ERA5_LAND,shenzhen
2017-04-15,27.20,20.30,23.40,31.20,22.70,26.20,0.90,OPEN_METEO_ERA5_LAND,shenzhen
2017-04-16,29.60,21.80,24.60,34.60,25.00,28.20,0.50,OPEN_METEO_ERA5_LAND,shenzhen
2017-04-17,28.80,21.70,24.70,33.50,25.50,28.70,0.00,OPEN_METEO_ERA5_LAND,shenzhen
2017-04-18,30.60,22.20,25.70,34.60,26.10,29.70,0.00,OPEN_METEO_ERA5_LAND,shenzhen
2017-04-19,29.20,23.00,25.70,33.30,26.70,29.20,1.40,OPEN_METEO_ERA5_LAND,shenzhen
2017-04-20,28.40,23.50,25.00,32.70,27.60,28.90,6.90,OPEN_METEO_ERA5_LAND,shenzhen
2017-04-21,27.40,22.20,24.90,32.00,24.20,28.80,15.70,OPEN_METEO_ERA5_LAND,shenzhen
2017-04-22,21.90,16.80,19.20,22.60,14.70,18.70,1.80,OPEN_METEO_ERA5_LAND,shenzhen
2017-04-23,23.00,18.00,19.90,24.30,18.90,21.00,3.30,OPEN_METEO_ERA5_LAND,shenzhen
2017-04-24,24.00,19.70,21.10,25.20,21.00,22.50,1.40,OPEN_METEO_ERA5_LAND,shenzhen
2017-04-25,24.50,20.30,22.00,26.20,21.90,24.20,15.30,OPEN_METEO_ERA5_LAND,shenzhen
2017-04-26,26.80,20.90,23.50,30.30,24.50,27.30,5.20,OPEN_METEO_ERA5_LAND,shenzhen
2017-04-27,22.20,19.00,20.50,26.10,18.20,21.50,8.70,OPEN_METEO_ERA5_LAND,shenzhen
2017-04-28,23.80,17.20,20.20,25.40,16.50,20.70,0.00,OPEN_METEO_ERA5_LAND,shenzhen
2017-04-29,26.50,16.70,21.30,30.20,18.10,23.30,0.40,OPEN_METEO_ERA5_LAND,shenzhen
2017-04-30,26.90,18.40,22.50,30.60,20.20,24.70,0.00,OPEN_METEO_ERA5_LAND,shenzhen
2017-05-01,27.60,20.50,23.80,31.90,23.40,26.70,0.30,OPEN_METEO_ERA5_LAND,shenzhen
2017-05-02,29.30,22.40,25.40,34.80,25.70,29.50,0.80,OPEN_METEO_ERA5_LAND,shenzhen
2017-05-03,29.20,24.20,26.00,33.20,28.40,29.90,0.60,OPEN_METEO_ERA5_LAND,shenzhen
2017-05-04,26.50,22.50,24.50,31.10,27.00,28.60,12.70,OPEN_METEO_ERA5_LAND,shenzhen
2017-05-05,29.00,21.40,24.90,33.70,25.00,29.30,1.50,OPEN_METEO_ERA5_LAND,shenzhen
2017-05-06,29.90,23.50,25.90,36.10,28.40,31.00,9.70,OPEN_METEO_ERA5_LAND,shenzhen
2017-05-07,27.30,23.30,24.80,31.50,26.80,28.40,0.40,OPEN_METEO_ERA5_LAND,shenzhen
2017-05-08,28.90,23.20,25.50,32.90,26.20,29.00,7.70,OPEN_METEO_ERA5_LAND,shenzhen
2017-05-09,28.90,22.60,25.40,34.00,26.90,30.10,4.00,OPEN_METEO_ERA5_LAND,shenzhen
2017-05-10,30.50,23.40,25.80,38.00,28.10,30.70,6.70,OPEN_METEO_ERA5_LAND,shenzhen
2017-05-11,30.60,23.60,26.10,36.50,27.80,30.50,0.00,OPEN_METEO_ERA5_LAND,shenzhen
2017-05-12,29.60,24.50,26.40,34.80,29.50,31.50,2.60,OPEN_METEO_ERA5_LAND,shenzhen
2017-05-13,26.50,23.00,24.30,30.70,26.80,28.50,10.40,OPEN_METEO_ERA5_LAND,shenzhen
2017-05-14,28.70,22.40,25.30,34.10,26.50,30.00,2.00,OPEN_METEO_ERA5_LAND,shenzhen
2017-05-15,26.00,22.90,24.40,31.20,27.40,28.90,16.30,OPEN_METEO_ERA5_LAND,shenzhen
2017-05-16,25.60,21.90,24.00,28.50,23.70,26.60,11.30,OPEN_METEO_ERA5_LAND,shenzhen
2017-05-17,28.90,21.50,24.80,32.70,24.20,28.10,0.00,OPEN_METEO_ERA5_LAND,shenzhen
2017-05-18,25.30,22.10,23.50,26.80,24.00,25.80,1.00,OPEN_METEO_ERA5_LAND,shenzhen
2017-05-19,25.70,22.10,23.40,27.30,23.20,25.90,6.80,OPEN_METEO_ERA5_LAND,shenzhen
2017-05-20,25.00,22.00,23.20,27.30,24.20,25.80,1.10,OPEN_METEO_ERA5_LAND,shenzhen
2017-05-21,27.20,22.80,24.30,30.00,24.30,26.80,0.90,OPEN_METEO_ERA5_LAND,shenzhen
2017-05-22,27.40,23.30,24.90,30.20,24.60,27.50,1.40,OPEN_METEO_ERA5_LAND,shenzhen
2017-05-23,29.80,23.60,26.20,36.10,27.00,31.20,11.80,OPEN_METEO_ERA5_LAND,shenzhen
2017-05-24,26.10,23.30,24.70,31.30,27.20,29.60,16.20,OPEN_METEO_ERA5_LAND,shenzhen
2017-05-25,28.40,22.00,24.80,32.30,24.30,28.10,0.50,OPEN_METEO_ERA5_LAND,shenzhen
2017-05-26,25.00,21.60,23.50,28.40,23.10,26.20,0.00,OPEN_METEO_ERA5_LAND,shenzhen
2017-05-27,28.90,21.70,24.60,32.10,24.30,27.10,0.00,OPEN_METEO_ERA5_LAND,shenzhen
2017-05-28,30.50,22.50,25.20,35.20,24.20,27.80,0.00,OPEN_METEO_ERA5_LAND,shenzhen
2017-05-29,29.10,22.50,25.10,33.80,24.90,28.00,0.00,OPEN_METEO_ERA5_LAND,shenzhen
2017-05-30,29.60,22.50,25.60,35.00,26.30,29.70,0.80,OPEN_METEO_ERA5_LAND,shenzhen
2017-05-31,30.60,23.60,26.70,35.90,28.60,31.70,0.00,OPEN_METEO_ERA5_LAND,shenzhen
2017-06-01,29.70,25.80,27.50,34.50,30.10,32.00,1.80,OPEN_METEO_ERA5_LAND,shenzhen
2017-06-02,29.40,26.90,27.90,34.00,31.90,33.00,4.00,OPEN_METEO_ERA5_LAND,shenzhen
2017-06-03,32.00,26.60,28.60,38.90,32.20,34.60,5.20,OPEN_METEO_ERA5_LAND,shenzhen
2017-06-04,30.70,26.80,28.20,36.00,32.70,34.20,2.10,OPEN_METEO_ERA5_LAND,shenzhen
2017-06-05,31.10,26.70,28.40,36.90,32.10,33.90,0.80,OPEN_METEO_ERA5_LAND,shenzhen
2017-06-06,31.40,26.50,28.30,39.50,32.10,34.40,12.40,OPEN_METEO_ERA5_LAND,shenzhen
2017-06-07,31.20,25.80,28.20,37.60,31.60,34.20,4.90,OPEN_METEO_ERA5_LAND,shenzhen
2017-06-08,31.90,25.80,28.30,38.50,32.00,34.10,1.10,OPEN_METEO_ERA5_LAND,shenzhen
2017-06-09,31.40,24.40,28.00,36.60,29.60,33.40,2.70,OPEN_METEO_ERA5_LAND,shenzhen
2017-06-10,31.50,26.10,28.60,37.40,32.20,34.40,0.90,OPEN_METEO_ERA5_LAND,shenzhen
2017-06-11,32.80,25.80,28.90,39.80,32.60,35.10,0.80,OPEN_METEO_ERA5_LAND,shenzhen
2017-06-12,29.10,25.00,27.00,33.60,26.10,30.60,14.60,OPEN_METEO_ERA5_LAND,shenzhen
2017-06-13,27.80,24.80,25.80,33.30,26.70,29.80,82.20,OPEN_METEO_ERA5_LAND,shenzhen
2017-06-14,29.00,25.20,26.80,34.10,30.10,32.40,12.30,OPEN_METEO_ERA5_LAND,shenzhen
2017-06-15,29.40,25.30,27.00,34.90,30.50,32.40,9.90,OPEN_METEO_ERA5_LAND,shenzhen
2017-06-16,28.90,25.60,26.70,34.00,29.70,31.60,23.90,OPEN_METEO_ERA5_LAND,shenzhen
2017-06-17,26.50,24.50,25.20,31.70,29.50,30.40,163.60,OPEN_METEO_ERA5_LAND,shenzhen
2017-06-18,27.90,24.10,25.20,32.40,29.20,30.40,63.00,OPEN_METEO_ERA5_LAND,shenzhen
2017-06-19,27.00,24.50,25.60,32.30,29.40,30.60,58.40,OPEN_METEO_ERA5_LAND,shenzhen
2017-06-20,28.40,24.50,26.20,33.40,29.00,31.10,10.90,OPEN_METEO_ERA5_LAND,shenzhen
2017-06-21,28.90,25.10,26.40,34.30,29.10,31.30,13.10,OPEN_METEO_ERA5_LAND,shenzhen
2017-06-22,29.60,25.60,27.50,35.60,30.40,33.00,5.10,OPEN_METEO_ERA5_LAND,shenzhen
2017-06-23,30.70,26.00,27.90,37.10,31.50,33.40,2.70,OPEN_METEO_ERA5_LAND,shenzhen
2017-06-24,30.60,26.20,27.70,37.80,31.30,33.10,4.60,OPEN_METEO_ERA5_LAND,shenzhen
2017-06-25,30.40,26.20,27.80,36.70,30.80,32.90,1.50,OPEN_METEO_ERA5_LAND,shenzhen
2017-06-26,30.00,26.10,27.90,36.90,31.10,33.40,2.10,OPEN_METEO_ERA5_LAND,shenzhen
2017-06-27,30.80,26.00,28.10,36.60,31.20,33.80,3.60,OPEN_METEO_ERA5_LAND,shenzhen
2017-06-28,31.10,26.40,28.30,36.80,32.30,34.20,0.70,OPEN_METEO_ERA5_LAND,shenzhen
2017-06-29,30.90,26.20,28.20,37.40,32.60,34.30,3.70,OPEN_METEO_ERA5_LAND,shenzhen
2017-06-30,30.90,25.50,28.00,36.70,31.10,33.50,0.60,OPEN_METEO_ERA5_LAND,shenzhen
2017-07-01,30.70,25.40,27.60,35.50,30.60,32.40,2.30,OPEN_METEO_ERA5_LAND,shenzhen
2017-07-02,29.20,25.90,27.10,34.10,30.80,32.30,12.20,OPEN_METEO_ERA5_LAND,shenzhen
2017-07-03,28.80,25.10,26.50,34.20,30.00,31.60,11.70,OPEN_METEO_ERA5_LAND,shenzhen
2017-07-04,29.70,25.00,26.90,36.20,29.80,32.40,7.80,OPEN_METEO_ERA5_LAND,shenzhen
2017-07-05,29.10,25.20,26.50,34.00,29.80,31.30,6.20,OPEN_METEO_ERA5_LAND,shenzhen
2017-07-06,29.40,25.10,26.40,34.80,29.00,31.00,10.10,OPEN_METEO_ERA5_LAND,shenzhen
2017-07-07,27.90,24.80,26.10,33.20,29.40,30.80,6.60,OPEN_METEO_ERA5_LAND,shenzhen
2017-07-08,27.80,24.90,26.00,33.20,28.70,30.90,13.80,OPEN_METEO_ERA5_LAND,shenzhen
2017-07-09,30.60,25.20,27.70,36.60,29.90,32.90,2.60,OPEN_METEO_ERA5_LAND,shenzhen
2017-07-10,30.30,26.10,27.70,36.00,31.60,33.10,0.20,OPEN_METEO_ERA5_LAND,shenzhen
2017-07-11,31.40,25.40,28.10,37.90,31.40,33.90,0.60,OPEN_METEO_ERA5_LAND,shenzhen
2017-07-12,30.40,25.20,27.70,37.10,30.90,33.60,6.20,OPEN_METEO_ERA5_LAND,shenzhen
2017-07-13,31.00,25.50,27.90,38.10,31.60,33.70,0.30,OPEN_METEO_ERA5_LAND,shenzhen
2017-07-14,31.00,25.50,27.80,38.00,31.00,33.30,0.90,OPEN_METEO_ERA5_LAND,shenzhen
2017-07-15,29.50,25.20,26.60,35.50,29.30,31.00,3.10,OPEN_METEO_ERA5_LAND,shenzhen
2017-07-16,29.50,25.00,26.30,35.30,28.00,30.30,8.00,OPEN_METEO_ERA5_LAND,shenzhen
2017-07-17,27.70,24.40,25.50,33.10,28.40,29.80,19.60,OPEN_METEO_ERA5_LAND,shenzhen
2017-07-18,26.50,24.20,25.10,31.30,28.60,29.70,20.00,OPEN_METEO_ERA5_LAND,shenzhen
2017-07-19,28.60,24.50,26.10,34.80,29.80,31.50,5.90,OPEN_METEO_ERA5_LAND,shenzhen
2017-07-20,29.50,25.30,26.70,36.30,30.70,31.90,8.30,OPEN_METEO_ERA5_LAND,shenzhen
2017-07-21,29.80,25.10,26.60,35.90,30.10,31.80,5.40,OPEN_METEO_ERA5_LAND,shenzhen
2017-07-22,31.10,25.30,27.70,37.80,30.70,33.00,6.60,OPEN_METEO_ERA5_LAND,shenzhen
2017-07-23,27.50,24.30,25.80,31.90,28.80,30.20,9.00,OPEN_METEO_ERA5_LAND,shenzhen
2017-07-24,29.40,24.90,26.80,35.60,29.60,32.10,5.50,OPEN_METEO_ERA5_LAND,shenzhen
2017-07-25,30.70,25.70,28.00,37.90,31.30,34.00,0.50,OPEN_METEO_ERA5_LAND,shenzhen
2017-07-26,32.40,25.20,28.10,41.00,31.60,34.60,0.30,OPEN_METEO_ERA5_LAND,shenzhen
2017-07-27,31.50,25.30,27.40,38.30,30.80,33.00,8.80,OPEN_METEO_ERA5_LAND,shenzhen
2017-07-28,33.10,25.60,29.00,38.70,30.60,34.40,0.10,OPEN_METEO_ERA5_LAND,shenzhen
2017-07-29,33.10,26.70,29.30,40.80,32.50,35.50,9.50,OPEN_METEO_ERA5_LAND,shenzhen
2017-07-30,34.60,27.00,30.20,41.50,33.30,36.40,0.50,OPEN_METEO_ERA5_LAND,shenzhen
2017-07-31,32.00,27.80,29.10,38.20,33.40,35.00,10.30,OPEN_METEO_ERA5_LAND,shenzhen
2017-08-01,30.90,26.40,28.60,37.80,31.80,34.80,7.70,OPEN_METEO_ERA5_LAND,shenzhen
2017-08-02,31.00,26.60,28.10,38.90,32.20,34.60,12.00,OPEN_METEO_ERA5_LAND,shenzhen
2017-08-03,28.50,25.80,27.00,33.80,31.00,32.90,6.80,OPEN_METEO_ERA5_LAND,shenzhen
2017-08-04,28.80,25.00,27.00,34.40,30.30,32.70,2.10,OPEN_METEO_ERA5_LAND,shenzhen
2017-08-05,32.00,26.00,28.20,40.20,32.20,34.70,3.60,OPEN_METEO_ERA5_LAND,shenzhen
2017-08-06,31.80,26.30,28.70,38.80,31.70,35.20,1.20,OPEN_METEO_ERA5_LAND,shenzhen
2017-08-07,31.50,27.40,29.00,38.60,33.50,35.20,0.80,OPEN_METEO_ERA5_LAND,shenzhen
2017-08-08,31.20,27.40,28.90,36.40,32.60,34.40,1.70,OPEN_METEO_ERA5_LAND,shenzhen
2017-08-09,30.80,26.90,28.70,36.90,31.90,34.10,2.50,OPEN_METEO_ERA5_LAND,shenzhen
2017-08-10,30.60,26.90,28.30,35.60,31.80,33.50,7.80,OPEN_METEO_ERA5_LAND,shenzhen
2017-08-11,30.40,27.30,28.50,37.60,33.20,34.60,3.30,OPEN_METEO_ERA5_LAND,shenzhen
2017-08-12,31.10,27.10,28.70,36.20,32.20,33.90,0.50,OPEN_METEO_ERA5_LAND,shenzhen
2017-08-13,31.50,26.80,28.40,36.60,32.30,33.70,0.80,OPEN_METEO_ERA5_LAND,shenzhen
2017-08-14,30.90,26.70,28.40,35.90,32.50,33.70,1.20,OPEN_METEO_ERA5_LAND,shenzhen
2017-08-15,31.20,26.10,28.20,36.70,32.20,33.80,1.10,OPEN_METEO_ERA5_LAND,shenzhen
2017-08-16,30.40,26.30,28.10,35.90,32.50,33.90,1.80,OPEN_METEO_ERA5_LAND,shenzhen
2017-08-17,31.20,25.90,28.30,37.80,32.00,34.40,2.30,OPEN_METEO_ERA5_LAND,shenzhen
2017-08-18,32.30,25.80,28.70,39.20,32.40,35.10,0.30,OPEN_METEO_ERA5_LAND,shenzhen
2017-08-19,32.70,25.90,28.90,39.70,32.30,35.30,0.40,OPEN_METEO_ERA5_LAND,shenzhen
2017-08-20,32.60,25.90,29.00,37.50,32.20,34.80,0.20,OPEN_METEO_ERA5_LAND,shenzhen
2017-08-21,34.40,27.10,30.10,40.00,33.40,36.20,0.00,OPEN_METEO_ERA5_LAND,shenzhen
2017-08-22,35.00,26.20,29.40,41.10,32.00,35.40,11.10,OPEN_METEO_ERA5_LAND,shenzhen
2017-08-23,26.50,25.30,25.90,31.50,24.40,27.90,70.90,OPEN_METEO_ERA5_LAND,shenzhen
2017-08-24,31.20,25.40,27.50,36.70,29.20,32.50,7.80,OPEN_METEO_ERA5_LAND,shenzhen
2017-08-25,29.60,25.40,26.90,36.60,30.70,32.40,7.40,OPEN_METEO_ERA5_LAND,shenzhen
2017-08-26,32.60,25.10,28.20,38.10,29.80,33.50,1.40,OPEN_METEO_ERA5_LAND,shenzhen
2017-08-27,26.80,24.40,25.60,30.30,24.20,27.90,38.20,OPEN_METEO_ERA5_LAND,shenzhen
2017-08-28,26.10,24.00,24.80,30.50,28.30,29.20,42.20,OPEN_METEO_ERA5_LAND,shenzhen
2017-08-29,31.50,23.40,27.20,39.00,28.20,33.10,0.90,OPEN_METEO_ERA5_LAND,shenzhen
2017-08-30,31.90,24.50,27.70,39.00,29.20,33.70,3.60,OPEN_METEO_ERA5_LAND,shenzhen
2017-08-31,31.30,25.30,27.60,39.60,30.90,33.90,7.90,OPEN_METEO_ERA5_LAND,shenzhen
2017-09-01,30.30,24.90,27.30,37.00,29.80,33.30,5.70,OPEN_METEO_ERA5_LAND,shenzhen
2017-09-02,28.90,25.60,27.00,34.90,31.80,33.30,2.80,OPEN_METEO_ERA5_LAND,shenzhen
2017-09-03,30.00,25.20,27.10,34.80,30.50,32.50,14.50,OPEN_METEO_ERA5_LAND,shenzhen
2017-09-04,27.30,25.50,26.10,32.30,29.10,30.60,59.30,OPEN_METEO_ERA5_LAND,shenzhen
2017-09-05,29.80,25.40,27.10,36.40,30.70,32.80,6.40,OPEN_METEO_ERA5_LAND,shenzhen
2017-09-06,31.00,25.60,27.60,38.10,31.80,34.00,10.80,OPEN_METEO_ERA5_LAND,shenzhen
2017-09-07,29.40,25.20,27.10,36.30,30.80,33.30,11.80,OPEN_METEO_ERA5_LAND,shenzhen
2017-09-08,30.00,25.40,27.40,37.20,31.30,33.30,2.00,OPEN_METEO_ERA5_LAND,shenzhen
2017-09-09,30.10,25.50,26.90,36.60,30.90,32.60,9.40,OPEN_METEO_ERA5_LAND,shenzhen
2017-09-10,30.50,25.20,27.10,38.20,30.70,33.10,8.00,OPEN_METEO_ERA5_LAND,shenzhen
2017-09-11,31.30,25.40,27.90,38.50,31.60,34.50,4.30,OPEN_METEO_ERA5_LAND,shenzhen
2017-09-12,33.20,25.40,28.50,40.50,31.30,35.00,2.90,OPEN_METEO_ERA5_LAND,shenzhen
2017-09-13,30.80,25.20,27.70,36.90,30.20,33.00,1.00,OPEN_METEO_ERA5_LAND,shenzhen
2017-09-14,31.10,25.10,27.60,36.40,29.40,31.60,0.80,OPEN_METEO_ERA5_LAND,shenzhen
2017-09-15,30.70,25.40,27.80,36.90,29.30,33.00,0.40,OPEN_METEO_ERA5_LAND,shenzhen
2017-09-16,31.90,25.00,28.30,38.10,30.30,33.90,0.10,OPEN_METEO_ERA5_LAND,shenzhen
2017-09-17,32.70,26.10,29.10,38.40,32.30,34.70,0.00,OPEN_METEO_ERA5_LAND,shenzhen
2017-09-18,30.90,25.60,27.90,35.70,31.00,33.00,0.50,OPEN_METEO_ERA5_LAND,shenzhen
2017-09-19,30.50,25.10,27.40,35.00,30.30,32.10,0.30,OPEN_METEO_ERA5_LAND,shenzhen
2017-09-20,30.80,24.80,27.30,36.30,30.40,32.70,2.50,OPEN_METEO_ERA5_LAND,shenzhen
2017-09-21,30.80,25.30,27.60,37.80,30.30,33.60,7.40,OPEN_METEO_ERA5_LAND,shenzhen
2017-09-22,29.30,25.30,27.00,35.10,30.90,32.70,3.10,OPEN_METEO_ERA5_LAND,shenzhen
2017-09-23,30.60,25.30,27.60,35.50,30.10,32.60,1.50,OPEN_METEO_ERA5_LAND,shenzhen
2017-09-24,29.80,25.90,27.20,33.40,29.60,31.30,4.80,OPEN_METEO_ERA5_LAND,shenzhen
2017-09-25,30.00,25.80,27.40,34.80,30.70,32.60,1.90,OPEN_METEO_ERA5_LAND,shenzhen
2017-09-26,31.90,25.80,28.40,37.90,32.00,34.60,0.00,OPEN_METEO_ERA5_LAND,shenzhen
2017-09-27,33.40,25.60,28.70,40.50,31.80,35.30,0.00,OPEN_METEO_ERA5_LAND,shenzhen
2017-09-28,32.70,26.50,28.80,39.90,33.10,35.50,1.00,OPEN_METEO_ERA5_LAND,shenzhen
2017-09-29,30.80,25.90,27.90,35.70,32.10,33.20,1.80,OPEN_METEO_ERA5_LAND,shenzhen
2017-09-30,29.40,25.20,26.40,35.40,28.90,31.30,9.20,OPEN_METEO_ERA5_LAND,shenzhen
2017-10-01,29.30,25.40,26.60,34.80,30.00,31.70,9.40,OPEN_METEO_ERA5_LAND,shenzhen
2017-10-02,30.20,25.60,27.10,37.80,30.80,32.70,1.40,OPEN_METEO_ERA5_LAND,shenzhen
2017-10-03,30.90,25.40,27.80,37.50,31.00,33.60,0.90,OPEN_METEO_ERA5_LAND,shenzhen
2017-10-04,29.30,25.20,26.60,34.60,29.60,31.70,5.50,OPEN_METEO_ERA5_LAND,shenzhen
2017-10-05,30.30,24.00,26.60,34.20,27.80,31.10,0.70,OPEN_METEO_ERA5_LAND,shenzhen
2017-10-06,30.60,24.60,27.00,35.00,28.20,31.50,0.30,OPEN_METEO_ERA5_LAND,shenzhen
2017-10-07,30.80,24.80,27.30,34.90,28.60,31.80,0.00,OPEN_METEO_ERA5_LAND,shenzhen
2017-10-08,31.30,24.80,27.30,35.10,29.90,31.90,0.10,OPEN_METEO_ERA5_LAND,shenzhen
2017-10-09,31.30,24.80,27.50,35.00,28.80,31.40,0.20,OPEN_METEO_ERA5_LAND,shenzhen
2017-10-10,31.90,26.40,28.40,35.90,31.10,33.00,0.00,OPEN_METEO_ERA5_LAND,shenzhen
2017-10-11,31.00,26.30,28.20,35.20,30.70,33.20,0.00,OPEN_METEO_ERA5_LAND,shenzhen
2017-10-12,30.80,23.60,27.10,34.70,25.50,30.30,1.10,OPEN_METEO_ERA5_LAND,shenzhen
2017-10-13,28.20,20.80,24.00,30.00,20.30,24.80,0.00,OPEN_METEO_ERA5_LAND,shenzhen
2017-10-14,25.30,20.00,22.30,24.70,19.30,21.70,0.20,OPEN_METEO_ERA5_LAND,shenzhen
2017-10-15,21.30,17.90,19.50,22.80,16.10,17.90,43.60,OPEN_METEO_ERA5_LAND,shenzhen
2017-10-16,25.80,21.20,23.20,28.30,21.50,25.60,39.80,OPEN_METEO_ERA5_LAND,shenzhen
2017-10-17,27.20,19.50,23.00,29.60,19.60,24.60,2.00,OPEN_METEO_ERA5_LAND,shenzhen
2017-10-18,27.90,20.70,23.70,30.90,21.20,25.20,0.00,OPEN_METEO_ERA5_LAND,shenzhen
2017-10-19,27.20,19.30,22.50,28.50,19.50,23.40,0.00,OPEN_METEO_ERA5_LAND,shenzhen
2017-10-20,27.00,18.80,21.70,28.60,18.60,22.40,0.00,OPEN_METEO_ERA5_LAND,shenzhen
2017-10-21,26.40,17.80,21.00,27.20,17.60,21.20,0.00,OPEN_METEO_ERA5_LAND,shenzhen
2017-10-22,24.50,17.00,20.30,25.00,15.90,20.10,0.00,OPEN_METEO_ERA5_LAND,shenzhen
2017-10-23,25.20,16.50,20.80,26.20,15.30,20.80,0.00,OPEN_METEO_ERA5_LAND,shenzhen
2017-10-24,25.70,17.80,21.70,26.80,17.10,22.40,0.00,OPEN_METEO_ERA5_LAND,shenzhen
2017-10-25,25.70,19.70,22.20,26.80,20.50,23.30,0.00,OPEN_METEO_ERA5_LAND,shenzhen
2017-10-26,27.00,19.10,22.60,27.60,21.00,24.30,0.00,OPEN_METEO_ERA5_LAND,shenzhen
2017-10-27,26.90,18.70,22.80,27.30,17.70,23.20,0.00,OPEN_METEO_ERA5_LAND,shenzhen
2017-10-28,26.60,18.20,22.30,27.30,17.90,22.30,0.00,OPEN_METEO_ERA5_LAND,shenzhen
2017-10-29,26.10,17.50,21.40,25.30,16.10,20.30,0.00,OPEN_METEO_ERA5_LAND,shenzhen
2017-10-30,24.90,16.90,20.40,23.30,14.20,18.60,0.00,OPEN_METEO_ERA5_LAND,shenzhen
2017-10-31,24.00,14.60,19.10,23.70,11.80,17.90,0.00,OPEN_METEO_ERA5_LAND,shenzhen
2017-11-01,25.60,16.20,20.50,25.90,15.30,20.90,0.00,OPEN_METEO_ERA5_LAND,shenzhen
2017-11-02,28.00,16.90,21.70,27.30,17.90,22.40,0.00,OPEN_METEO_ERA5_LAND,shenzhen
2017-11-03,28.20,18.40,22.40,25.70,16.00,21.20,0.00,OPEN_METEO_ERA5_LAND,shenzhen
2017-11-04,23.80,19.50,21.60,21.70,16.70,19.60,0.80,OPEN_METEO_ERA5_LAND,shenzhen
2017-11-05,24.70,17.50,21.10,22.80,15.20,19.40,0.00,OPEN_METEO_ERA5_LAND,shenzhen
2017-11-06,25.80,18.80,21.50,25.80,16.80,21.10,2.30,OPEN_METEO_ERA5_LAND,shenzhen
2017-11-07,24.30,18.50,21.00,25.00,17.90,21.40,3.70,OPEN_METEO_ERA5_LAND,shenzhen
2017-11-08,27.20,19.50,22.60,28.60,19.30,23.70,0.10,OPEN_METEO_ERA5_LAND,shenzhen
2017-11-09,28.50,19.90,23.30,30.20,21.30,25.20,0.00,OPEN_METEO_ERA5_LAND,shenzhen
2017-11-10,30.00,20.90,24.30,32.10,22.40,26.70,0.20,OPEN_METEO_ERA5_LAND,shenzhen
2017-11-11,28.80,21.40,24.10,30.80,23.60,26.10,0.10,OPEN_METEO_ERA5_LAND,shenzhen
2017-11-12,25.40,20.40,22.20,26.00,21.70,23.20,1.10,OPEN_METEO_ERA5_LAND,shenzhen
2017-11-13,24.20,20.50,21.70,25.50,21.40,23.40,2.20,OPEN_METEO_ERA5_LAND,shenzhen
2017-11-14,24.70,20.70,22.30,27.00,23.50,25.10,5.10,OPEN_METEO_ERA5_LAND,shenzhen
2017-11-15,23.50,20.30,21.90,25.60,22.90,24.50,1.50,OPEN_METEO_ERA5_LAND,shenzhen
2017-11-16,25.80,20.50,22.40,27.20,21.80,24.20,0.00,OPEN_METEO_ERA5_LAND,shenzhen
2017-11-17,27.60,21.00,23.50,30.80,23.80,26.60,0.10,OPEN_METEO_ERA5_LAND,shenzhen
2017-11-18,25.50,18.20,21.70,27.90,16.80,23.00,0.40,OPEN_METEO_ERA5_LAND,shenzhen
2017-11-19,19.50,15.40,17.50,18.60,13.50,16.30,0.00,OPEN_METEO_ERA5_LAND,shenzhen
2017-11-20,16.80,13.60,15.40,16.10,10.60,13.20,0.00,OPEN_METEO_ERA5_LAND,shenzhen
2017-11-21,21.60,13.00,16.60,21.50,10.50,15.50,0.00,OPEN_METEO_ERA5_LAND,shenzhen
2017-11-22,21.00,14.50,16.90,20.00,11.30,15.20,0.00,OPEN_METEO_ERA5_LAND,shenzhen
2017-11-23,17.80,11.80,14.50,14.10,7.70,11.00,0.00,OPEN_METEO_ERA5_LAND,shenzhen
2017-11-24,16.40,12.40,14.10,13.90,8.90,11.20,0.00,OPEN_METEO_ERA5_LAND,shenzhen
2017-11-25,17.10,13.20,14.70,15.30,11.00,13.00,1.10,OPEN_METEO_ERA5_LAND,shenzhen
2017-11-26,18.70,14.00,16.00,17.30,12.80,14.80,0.00,OPEN_METEO_ERA5_LAND,shenzhen
2017-11-27,21.80,13.10,17.70,21.50,11.60,17.20,0.00,OPEN_METEO_ERA5_LAND,shenzhen
2017-11-28,25.70,18.40,21.00,27.20,18.70,22.40,0.30,OPEN_METEO_ERA5_LAND,shenzhen
2017-11-29,27.20,19.60,22.80,29.00,20.90,25.00,0.20,OPEN_METEO_ERA5_LAND,shenzhen
2017-11-30,25.00,18.80,21.80,26.00,17.10,23.00,0.00,OPEN_METEO_ERA5_LAND,shenzhen
2017-12-01,21.80,14.30,17.90,20.00,11.50,16.00,0.00,OPEN_METEO_ERA5_LAND,shenzhen
2017-12-02,22.30,14.00,17.80,21.40,11.40,16.40,0.00,OPEN_METEO_ERA5_LAND,shenzhen
2017-12-03,24.10,14.30,18.70,24.20,12.50,18.30,0.00,OPEN_METEO_ERA5_LAND,shenzhen
2017-12-04,22.20,15.20,18.00,20.30,13.20,16.40,0.00,OPEN_METEO_ERA5_LAND,shenzhen
2017-12-05,19.20,15.10,16.50,16.90,12.80,14.30,0.00,OPEN_METEO_ERA5_LAND,shenzhen
2017-12-06,21.70,13.90,17.10,20.80,11.90,15.90,0.00,OPEN_METEO_ERA5_LAND,shenzhen
2017-12-07,23.00,13.70,17.90,21.20,12.70,16.90,0.00,OPEN_METEO_ERA5_LAND,shenzhen
2017-12-08,19.50,12.50,15.70,15.30,8.10,11.50,0.00,OPEN_METEO_ERA5_LAND,shenzhen
2017-12-09,18.60,9.10,13.90,16.00,5.00,10.60,0.00,OPEN_METEO_ERA5_LAND,shenzhen
2017-12-10,21.70,10.70,16.00,19.30,8.20,13.90,0.00,OPEN_METEO_ERA5_LAND,shenzhen
2017-12-11,21.60,11.40,16.60,19.60,7.40,14.00,0.00,OPEN_METEO_ERA5_LAND,shenzhen
2017-12-12,20.30,13.20,16.70,17.60,9.90,14.50,0.00,OPEN_METEO_ERA5_LAND,shenzhen
2017-12-13,19.00,16.00,17.50,17.90,14.40,16.20,0.20,OPEN_METEO_ERA5_LAND,shenzhen
2017-12-14,22.00,16.30,18.40,20.40,14.50,17.20,0.10,OPEN_METEO_ERA5_LAND,shenzhen
2017-12-15,21.30,15.40,17.90,20.80,13.20,16.90,0.00,OPEN_METEO_ERA5_LAND,shenzhen
2017-12-16,16.10,9.50,13.10,12.20,4.80,9.10,0.00,OPEN_METEO_ERA5_LAND,shenzhen
2017-12-17,13.40,8.50,10.30,8.60,3.30,5.40,0.00,OPEN_METEO_ERA5_LAND,shenzhen
2017-12-18,16.40,6.80,10.90,12.20,1.90,6.30,0.00,OPEN_METEO_ERA5_LAND,shenzhen
2017-12-19,16.50,6.70,11.50,11.20,1.40,6.20,0.00,OPEN_METEO_ERA5_LAND,shenzhen
2017-12-20,18.60,9.30,13.20,12.60,3.80,7.60,0.00,OPEN_METEO_ERA5_LAND,shenzhen
2017-12-21,19.20,8.10,13.20,15.50,3.00,9.20,0.00,OPEN_METEO_ERA5_LAND,shenzhen
2017-12-22,20.90,11.40,15.80,18.20,9.10,13.40,0.00,OPEN_METEO_ERA5_LAND,shenzhen
2017-12-23,22.00,15.10,18.20,21.40,13.60,16.90,0.00,OPEN_METEO_ERA5_LAND,shenzhen
2017-12-24,23.90,15.90,19.20,20.60,11.80,16.60,0.00,OPEN_METEO_ERA5_LAND,shenzhen
2017-12-25,21.60,12.00,16.20,18.00,6.40,12.20,0.00,OPEN_METEO_ERA5_LAND,shenzhen
2017-12-26,23.20,13.20,17.20,20.80,10.70,15.10,0.00,OPEN_METEO_ERA5_LAND,shenzhen
2017-12-27,20.20,12.40,16.30,18.00,9.90,14.60,0.50,OPEN_METEO_ERA5_LAND,shenzhen
2017-12-28,19.20,16.20,17.40,18.20,13.90,16.20,0.00,OPEN_METEO_ERA5_LAND,shenzhen
2017-12-29,23.30,13.60,17.50,22.70,12.40,16.60,0.00,OPEN_METEO_ERA5_LAND,shenzhen
2017-12-30,23.60,14.10,18.40,22.30,12.20,17.10,0.00,OPEN_METEO_ERA5_LAND,shenzhen
2017-12-31,21.30,12.30,16.40,18.80,8.30,13.60,0.00,OPEN_METEO_ERA5_LAND,shenzhen
2018-01-01,20.50,11.30,15.80,18.60,8.90,14.30,0.00,OPEN_METEO_ERA5_LAND,shenzhen
2018-01-02,21.00,15.10,17.60,19.20,13.60,16.10,0.00,OPEN_METEO_ERA5_LAND,shenzhen
2018-01-03,23.50,16.90,19.20,21.40,16.00,17.80,0.00,OPEN_METEO_ERA5_LAND,shenzhen
2018-01-04,21.00,17.00,18.40,20.10,16.00,17.40,0.30,OPEN_METEO_ERA5_LAND,shenzhen
2018-01-05,21.70,16.40,18.40,20.30,15.10,17.30,0.20,OPEN_METEO_ERA5_LAND,shenzhen
2018-01-06,17.30,14.70,15.70,16.00,13.90,14.70,7.80,OPEN_METEO_ERA5_LAND,shenzhen
2018-01-07,18.30,14.70,16.50,17.60,13.40,15.90,19.80,OPEN_METEO_ERA5_LAND,shenzhen
2018-01-08,19.40,7.40,13.60,21.60,2.90,11.60,3.00,OPEN_METEO_ERA5_LAND,shenzhen
2018-01-09,9.10,5.70,7.10,5.10,0.90,2.60,2.80,OPEN_METEO_ERA5_LAND,shenzhen
2018-01-10,12.20,8.00,10.30,8.00,2.50,5.50,0.00,OPEN_METEO_ERA5_LAND,shenzhen
2018-01-11,14.80,8.70,11.20,10.30,3.80,6.50,0.00,OPEN_METEO_ERA5_LAND,shenzhen
2018-01-12,14.10,5.70,9.80,10.00,0.40,5.40,0.00,OPEN_METEO_ERA5_LAND,shenzhen
2018-01-13,15.00,5.20,10.10,12.30,1.60,7.00,0.00,OPEN_METEO_ERA5_LAND,shenzhen
2018-01-14,17.40,8.80,12.60,15.30,6.00,10.30,0.00,OPEN_METEO_ERA5_LAND,shenzhen
2018-01-15,18.70,10.00,13.80,17.40,8.20,12.30,0.00,OPEN_METEO_ERA5_LAND,shenzhen
2018-01-16,22.20,11.50,16.10,22.40,10.30,15.40,0.00,OPEN_METEO_ERA5_LAND,shenzhen
2018-01-17,24.40,11.80,17.60,24.10,10.60,16.60,0.00,OPEN_METEO_ERA5_LAND,shenzhen
2018-01-18,24.30,13.80,18.70,24.50,13.00,18.30,0.00,OPEN_METEO_ERA5_LAND,shenzhen
2018-01-19,19.40,17.80,18.40,20.50,18.20,19.10,1.50,OPEN_METEO_ERA5_LAND,shenzhen
2018-01-20,22.70,16.60,18.80,22.60,16.80,19.10,0.00,OPEN_METEO_ERA5_LAND,shenzhen
2018-01-21,21.80,15.60,18.10,21.50,15.50,18.10,0.00,OPEN_METEO_ERA5_LAND,shenzhen
2018-01-22,25.30,15.70,19.30,26.30,15.00,19.80,0.00,OPEN_METEO_ERA5_LAND,shenzhen
2018-01-23,23.90,15.00,18.50,23.90,14.10,18.30,0.00,OPEN_METEO_ERA5_LAND,shenzhen
2018-01-24,20.10,15.10,17.10,18.50,13.30,15.50,0.00,OPEN_METEO_ERA5_LAND,shenzhen
2018-01-25,19.60,15.40,16.90,18.70,13.60,15.30,0.00,OPEN_METEO_ERA5_LAND,shenzhen
2018-01-26,20.20,12.60,16.30,18.50,9.30,14.30,0.00,OPEN_METEO_ERA5_LAND,shenzhen
2018-01-27,17.10,10.00,13.80,14.70,6.60,11.40,0.00,OPEN_METEO_ERA5_LAND,shenzhen
2018-01-28,15.60,7.70,13.20,14.40,3.00,10.80,0.50,OPEN_METEO_ERA5_LAND,shenzhen
2018-01-29,7.20,5.30,6.10,2.40,0.20,1.30,0.30,OPEN_METEO_ERA5_LAND,shenzhen
2018-01-30,7.10,4.30,5.80,3.90,-0.00,2.00,2.50,OPEN_METEO_ERA5_LAND,shenzhen
2018-01-31,7.30,5.10,6.60,3.50,0.10,2.50,4.20,OPEN_METEO_ERA5_LAND,shenzhen
2018-02-01,13.20,3.40,8.10,10.20,-1.60,4.10,0.00,OPEN_METEO_ERA5_LAND,shenzhen
2018-02-02,10.10,7.10,8.40,6.60,1.80,4.00,0.00,OPEN_METEO_ERA5_LAND,shenzhen
2018-02-03,13.30,5.10,8.40,9.60,-0.50,3.60,0.00,OPEN_METEO_ERA5_LAND,shenzhen
2018-02-04,13.20,4.10,8.00,9.30,-1.10,3.40,0.00,OPEN_METEO_ERA5_LAND,shenzhen
2018-02-05,12.50,4.90,7.80,8.60,-0.20,3.30,0.00,OPEN_METEO_ERA5_LAND,shenzhen
2018-02-06,14.40,3.40,8.90,11.50,-1.60,4.80,0.00,OPEN_METEO_ERA5_LAND,shenzhen
2018-02-07,15.00,5.60,10.20,11.00,1.50,6.40,0.00,OPEN_METEO_ERA5_LAND,shenzhen
2018-02-08,17.30,7.30,12.30,15.80,3.60,9.70,0.00,OPEN_METEO_ERA5_LAND,shenzhen
2018-02-09,21.10,13.30,16.20,21.50,10.80,15.30,0.00,OPEN_METEO_ERA5_LAND,shenzhen
2018-02-10,24.60,14.90,18.30,24.70,11.00,17.80,0.00,OPEN_METEO_ERA5_LAND,shenzhen
2018-02-11,19.10,10.50,14.50,16.80,6.50,11.20,0.00,OPEN_METEO_ERA5_LAND,shenzhen
2018-02-12,18.90,8.20,13.30,16.30,4.00,9.60,0.00,OPEN_METEO_ERA5_LAND,shenzhen
2018-02-13,20.10,8.50,14.00,18.10,4.60,10.80,0.00,OPEN_METEO_ERA5_LAND,shenzhen
2018-02-14,21.30,12.30,16.70,20.30,10.60,15.60,0.00,OPEN_METEO_ERA5_LAND,shenzhen
2018-02-15,25.40,15.40,19.60,25.90,15.70,20.20,0.00,OPEN_METEO_ERA5_LAND,shenzhen
2018-02-16,26.20,16.40,21.10,27.30,18.00,22.30,0.00,OPEN_METEO_ERA5_LAND,shenzhen
2018-02-17,21.80,15.80,18.20,20.80,14.70,17.40,0.00,OPEN_METEO_ERA5_LAND,shenzhen
2018-02-18,24.30,16.70,19.50,24.50,15.90,19.20,0.00,OPEN_METEO_ERA5_LAND,shenzhen
2018-02-19,25.50,17.10,20.90,27.30,17.90,22.50,0.60,OPEN_METEO_ERA5_LAND,shenzhen
2018-02-20,26.00,19.20,21.70,28.70,20.00,23.70,1.00,OPEN_METEO_ERA5_LAND,shenzhen
2018-02-21,20.10,17.30,18.60,19.70,16.70,18.50,0.60,OPEN_METEO_ERA5_LAND,shenzhen
2018-02-22,17.20,11.40,14.00,16.60,8.60,11.80,5.10,OPEN_METEO_ERA5_LAND,shenzhen
2018-02-23,18.90,11.40,14.60,18.20,8.80,13.20,0.30,OPEN_METEO_ERA5_LAND,shenzhen
2018-02-24,24.10,15.20,18.60,26.40,14.20,18.70,0.10,OPEN_METEO_ERA5_LAND,shenzhen
2018-02-25,23.70,15.70,19.40,24.50,13.90,19.60,0.10,OPEN_METEO_ERA5_LAND,shenzhen
2018-02-26,23.30,13.90,17.10,23.20,12.00,16.20,0.10,OPEN_METEO_ERA5_LAND,shenzhen
2018-02-27,23.50,14.10,17.80,24.30,12.90,17.30,0.10,OPEN_METEO_ERA5_LAND,shenzhen
2018-02-28,25.60,17.30,20.70,27.90,18.00,22.30,0.20,OPEN_METEO_ERA5_LAND,shenzhen
2018-03-01,27.50,17.10,21.30,29.10,18.80,23.00,0.00,OPEN_METEO_ERA5_LAND,shenzhen
2018-03-02,27.30,18.50,21.70,29.00,19.60,23.00,0.00,OPEN_METEO_ERA5_LAND,shenzhen
2018-03-03,28.70,19.90,23.20,30.80,21.70,25.50,0.10,OPEN_METEO_ERA5_LAND,shenzhen
2018-03-04,26.10,21.50,23.30,27.90,24.70,26.30,3.50,OPEN_METEO_ERA5_LAND,shenzhen
2018-03-05,29.00,22.20,24.40,31.50,25.60,28.20,1.40,OPEN_METEO_ERA5_LAND,shenzhen
2018-03-06,22.00,17.90,19.80,26.10,15.90,18.80,0.10,OPEN_METEO_ERA5_LAND,shenzhen
2018-03-07,23.70,17.50,19.80,24.60,15.60,19.30,1.90,OPEN_METEO_ERA5_LAND,shenzhen
2018-03-08,14.40,11.30,12.50,11.70,7.00,8.90,5.30,OPEN_METEO_ERA5_LAND,shenzhen
2018-03-09,19.00,7.90,13.20,16.10,3.70,9.80,0.00,OPEN_METEO_ERA5_LAND,shenzhen
2018-03-10,21.30,10.00,15.10,20.50,8.20,13.40,0.00,OPEN_METEO_ERA5_LAND,shenzhen
2018-03-11,23.10,12.40,16.70,21.00,10.10,15.10,0.00,OPEN_METEO_ERA5_LAND,shenzhen
2018-03-12,26.20,14.80,19.30,26.50,14.40,19.10,0.00,OPEN_METEO_ERA5_LAND,shenzhen
2018-03-13,26.30,16.30,20.50,26.60,16.60,20.80,0.00,OPEN_METEO_ERA5_LAND,shenzhen
2018-03-14,22.50,18.20,19.80,23.10,18.60,20.40,4.00,OPEN_METEO_ERA5_LAND,shenzhen
2018-03-15,25.60,17.60,20.80,27.00,18.60,22.60,0.80,OPEN_METEO_ERA5_LAND,shenzhen
2018-03-16,27.50,18.10,21.90,31.10,19.60,24.20,0.60,OPEN_METEO_ERA5_LAND,shenzhen
2018-03-17,23.30,17.70,19.90,23.00,16.60,19.40,0.10,OPEN_METEO_ERA5_LAND,shenzhen
2018-03-18,25.60,18.40,21.20,26.90,18.10,21.80,0.00,OPEN_METEO_ERA5_LAND,shenzhen
2018-03-19,26.00,19.30,22.30,27.20,20.90,24.20,3.50,OPEN_METEO_ERA5_LAND,shenzhen
2018-03-20,22.40,14.50,19.00,23.90,12.50,18.50,4.10,OPEN_METEO_ERA5_LAND,shenzhen
2018-03-21,21.80,10.50,15.90,19.70,7.30,13.20,0.00,OPEN_METEO_ERA5_LAND,shenzhen
2018-03-22,23.00,11.60,17.20,23.10,9.00,15.70,0.00,OPEN_METEO_ERA5_LAND,shenzhen
2018-03-23,24.90,14.20,18.80,23.50,13.90,18.00,0.00,OPEN_METEO_ERA5_LAND,shenzhen
2018-03-24,23.90,16.10,19.90,23.30,16.30,19.90,0.00,OPEN_METEO_ERA5_LAND,shenzhen
2018-03-25,22.00,17.10,19.70,21.40,17.10,19.50,2.00,OPEN_METEO_ERA5_LAND,shenzhen
2018-03-26,27.50,17.20,21.40,29.20,17.80,22.90,0.90,OPEN_METEO_ERA5_LAND,shenzhen
2018-03-27,25.50,18.30,21.50,27.50,18.80,22.90,1.30,OPEN_METEO_ERA5_LAND,shenzhen
2018-03-28,25.80,18.10,21.40,26.60,19.90,22.60,0.40,OPEN_METEO_ERA5_LAND,shenzhen
2018-03-29,25.90,18.80,21.80,26.10,20.40,23.20,0.40,OPEN_METEO_ERA5_LAND,shenzhen
2018-03-30,28.40,19.20,22.90,30.00,21.30,24.40,0.20,OPEN_METEO_ERA5_LAND,shenzhen
2018-03-31,28.60,19.40,23.00,29.00,19.60,23.00,0.00,OPEN_METEO_ERA5_LAND,shenzhen
2018-04-01,29.10,19.40,23.20,31.20,21.70,24.60,0.00,OPEN_METEO_ERA5_LAND,shenzhen
2018-04-02,29.60,19.00,23.30,31.50,21.70,25.10,0.00,OPEN_METEO_ERA5_LAND,shenzhen
2018-04-03,28.80,19.20,23.50,30.20,21.40,25.30,0.00,OPEN_METEO_ERA5_LAND,shenzhen
2018-04-04,29.40,19.30,23.70,31.00,21.90,25.80,0.00,OPEN_METEO_ERA5_LAND,shenzhen
2018-04-05,27.90,20.20,23.60,29.10,23.40,25.70,0.40,OPEN_METEO_ERA5_LAND,shenzhen
2018-04-06,25.50,14.90,20.60,27.50,9.70,20.00,0.50,OPEN_METEO_ERA5_LAND,shenzhen
2018-04-07,22.90,13.00,17.00,18.70,8.60,12.70,0.30,OPEN_METEO_ERA5_LAND,shenzhen
2018-04-08,24.70,11.70,18.00,25.60,8.20,16.10,0.00,OPEN_METEO_ERA5_LAND,shenzhen
2018-04-09,26.20,15.00,20.40,25.80,14.80,20.50,0.40,OPEN_METEO_ERA5_LAND,shenzhen
2018-04-10,27.80,18.70,22.70,28.10,20.40,24.00,0.00,OPEN_METEO_ERA5_LAND,shenzhen
2018-04-11,28.80,20.10,24.00,30.60,23.00,26.50,0.90,OPEN_METEO_ERA5_LAND,shenzhen
2018-04-12,30.00,21.60,25.10,32.00,24.60,27.90,0.00,OPEN_METEO_ERA5_LAND,shenzhen
2018-04-13,31.10,22.40,25.90,33.70,25.70,28.90,0.00,OPEN_METEO_ERA5_LAND,shenzhen
2018-04-14,31.20,22.60,25.90,33.90,26.30,29.50,0.30,OPEN_METEO_ERA5_LAND,shenzhen
2018-04-15,23.70,17.40,18.80,27.30,15.80,18.50,17.90,OPEN_METEO_ERA5_LAND,shenzhen
2018-04-16,19.70,15.50,17.30,19.80,14.70,16.90,3.20,OPEN_METEO_ERA5_LAND,shenzhen
2018-04-17,24.60,15.60,18.90,26.00,14.60,19.40,0.20,OPEN_METEO_ERA5_LAND,shenzhen
2018-04-18,24.80,18.70,21.10,26.50,20.80,22.70,0.10,OPEN_METEO_ERA5_LAND,shenzhen
2018-04-19,26.10,19.70,22.20,28.20,21.60,23.70,0.10,OPEN_METEO_ERA5_LAND,shenzhen
2018-04-20,26.40,20.50,22.70,28.20,22.60,24.40,1.30,OPEN_METEO_ERA5_LAND,shenzhen
2018-04-21,27.40,21.60,23.70,28.90,23.30,25.60,0.60,OPEN_METEO_ERA5_LAND,shenzhen
2018-04-22,28.90,21.90,24.80,31.90,24.80,28.00,0.50,OPEN_METEO_ERA5_LAND,shenzhen
2018-04-23,29.50,23.10,25.40,32.80,27.60,29.00,0.80,OPEN_METEO_ERA5_LAND,shenzhen
2018-04-24,25.30,22.80,23.70,30.00,26.10,27.80,25.90,OPEN_METEO_ERA5_LAND,shenzhen
2018-04-25,25.40,20.20,22.30,27.00,20.40,23.80,1.80,OPEN_METEO_ERA5_LAND,shenzhen
2018-04-26,23.60,21.20,22.00,25.90,23.50,24.60,21.10,OPEN_METEO_ERA5_LAND,shenzhen
2018-04-27,27.30,21.40,23.50,32.00,24.60,27.50,24.10,OPEN_METEO_ERA5_LAND,shenzhen
2018-04-28,27.50,21.50,23.80,30.90,24.10,26.70,0.00,OPEN_METEO_ERA5_LAND,shenzhen
2018-04-29,28.60,21.70,24.60,32.00,25.20,27.90,0.60,OPEN_METEO_ERA5_LAND,shenzhen
2018-04-30,28.50,22.30,24.70,33.90,26.10,29.00,2.00,OPEN_METEO_ERA5_LAND,shenzhen
2018-05-01,29.40,23.70,25.80,33.70,28.40,30.40,0.60,OPEN_METEO_ERA5_LAND,shenzhen
2018-05-02,29.50,23.80,26.10,34.50,28.80,31.00,0.50,OPEN_METEO_ERA5_LAND,shenzhen
2018-05-03,31.00,22.10,25.40,36.70,23.70,29.20,21.10,OPEN_METEO_ERA5_LAND,shenzhen
2018-05-04,26.30,20.90,23.20,28.90,21.70,24.60,16.40,OPEN_METEO_ERA5_LAND,shenzhen
2018-05-05,27.80,22.50,24.80,30.50,24.00,27.10,0.80,OPEN_METEO_ERA5_LAND,shenzhen
2018-05-06,28.30,23.70,25.60,33.20,27.20,29.80,18.90,OPEN_METEO_ERA5_LAND,shenzhen
2018-05-07,26.60,23.70,24.90,31.00,27.30,28.90,17.90,OPEN_METEO_ERA5_LAND,shenzhen
2018-05-08,28.30,23.00,24.70,33.90,27.20,29.60,17.30,OPEN_METEO_ERA5_LAND,shenzhen
2018-05-09,24.40,21.70,23.20,28.30,22.60,26.00,54.80,OPEN_METEO_ERA5_LAND,shenzhen
2018-05-10,26.20,21.50,23.20,27.40,22.40,24.10,1.80,OPEN_METEO_ERA5_LAND,shenzhen
2018-05-11,25.90,22.30,23.90,28.10,23.50,26.00,0.00,OPEN_METEO_ERA5_LAND,shenzhen
2018-05-12,28.40,22.30,25.00,33.60,25.70,29.40,6.00,OPEN_METEO_ERA5_LAND,shenzhen
2018-05-13,29.10,23.00,26.00,33.80,27.70,30.60,1.10,OPEN_METEO_ERA5_LAND,shenzhen
2018-05-14,30.10,24.30,26.80,35.50,29.10,31.60,0.00,OPEN_METEO_ERA5_LAND,shenzhen
2018-05-15,30.10,24.30,26.80,34.00,29.40,31.40,0.00,OPEN_METEO_ERA5_LAND,shenzhen
2018-05-16,29.80,23.80,26.70,33.80,28.80,31.20,0.00,OPEN_METEO_ERA5_LAND,shenzhen
2018-05-17,30.00,24.40,27.10,34.50,29.70,32.00,0.40,OPEN_METEO_ERA5_LAND,shenzhen
2018-05-18,30.70,25.60,27.70,35.80,31.30,33.10,0.30,OPEN_METEO_ERA5_LAND,shenzhen
2018-05-19,31.30,25.50,27.90,37.20,31.70,33.60,0.70,OPEN_METEO_ERA5_LAND,shenzhen
2018-05-20,31.30,25.40,28.00,36.70,31.40,33.40,0.10,OPEN_METEO_ERA5_LAND,shenzhen
2018-05-21,31.50,25.20,28.00,37.30,31.10,33.60,0.10,OPEN_METEO_ERA5_LAND,shenzhen
2018-05-22,30.90,25.60,27.80,36.30,31.60,33.50,1.60,OPEN_METEO_ERA5_LAND,shenzhen
2018-05-23,32.90,25.10,28.80,38.40,30.90,34.40,0.50,OPEN_METEO_ERA5_LAND,shenzhen
2018-05-24,30.80,24.70,27.40,36.70,30.00,32.60,2.60,OPEN_METEO_ERA5_LAND,shenzhen
2018-05-25,31.80,24.80,28.10,36.60,29.50,32.70,0.10,OPEN_METEO_ERA5_LAND,shenzhen
2018-05-26,32.20,26.70,28.70,37.50,32.30,34.10,1.00,OPEN_METEO_ERA5_LAND,shenzhen
2018-05-27,31.60,26.40,28.30,37.70,31.40,33.80,5.30,OPEN_METEO_ERA5_LAND,shenzhen
2018-05-28,31.80,25.40,28.10,37.70,30.60,33.80,8.50,OPEN_METEO_ERA5_LAND,shenzhen
2018-05-29,33.10,26.50,29.20,38.10,31.10,34.80,0.10,OPEN_METEO_ERA5_LAND,shenzhen
2018-05-30,34.10,26.80,29.70,39.70,33.00,35.40,1.20,OPEN_METEO_ERA5_LAND,shenzhen
2018-05-31,34.30,27.00,29.90,38.90,33.00,35.20,0.00,OPEN_METEO_ERA5_LAND,shenzhen
2018-06-01,32.60,24.70,28.60,38.40,29.20,33.60,1.90,OPEN_METEO_ERA5_LAND,shenzhen
2018-06-02,30.40,25.50,27.50,35.00,29.80,31.80,1.40,OPEN_METEO_ERA5_LAND,shenzhen
2018-06-03,30.60,25.10,27.60,34.40,29.70,31.80,0.20,OPEN_METEO_ERA5_LAND,shenzhen
2018-06-04,30.00,25.60,27.00,33.30,30.00,31.10,4.30,OPEN_METEO_ERA5_LAND,shenzhen
2018-06-05,28.40,24.80,26.00,33.80,29.30,30.80,25.60,OPEN_METEO_ERA5_LAND,shenzhen
2018-06-06,29.10,25.10,26.20,34.90,29.40,31.00,19.50,OPEN_METEO_ERA5_LAND,shenzhen
2018-06-07,27.70,24.60,25.80,32.40,29.10,30.00,25.70,OPEN_METEO_ERA5_LAND,shenzhen
2018-06-08,26.60,24.80,25.40,30.40,28.00,29.20,81.60,OPEN_METEO_ERA5_LAND,shenzhen
2018-06-09,30.00,25.20,27.20,34.70,29.20,32.10,3.90,OPEN_METEO_ERA5_LAND,shenzhen
2018-06-10,30.70,25.20,28.10,36.60,29.90,33.30,2.50,OPEN_METEO_ERA5_LAND,shenzhen
2018-06-11,32.40,24.20,28.20,37.30,26.30,32.40,0.00,OPEN_METEO_ERA5_LAND,shenzhen
2018-06-12,29.70,24.70,26.50,36.00,27.90,31.80,31.80,OPEN_METEO_ERA5_LAND,shenzhen
2018-06-13,26.70,24.00,25.30,33.10,27.20,30.50,157.80,OPEN_METEO_ERA5_LAND,shenzhen
2018-06-14,28.70,23.00,25.70,33.60,27.50,30.50,9.00,OPEN_METEO_ERA5_LAND,shenzhen
2018-06-15,28.50,22.60,25.60,32.00,25.60,29.00,0.30,OPEN_METEO_ERA5_LAND,shenzhen
2018-06-16,29.30,24.70,26.60,32.40,28.30,30.20,0.90,OPEN_METEO_ERA5_LAND,shenzhen
2018-06-17,31.70,23.80,27.10,36.30,26.50,30.90,0.10,OPEN_METEO_ERA5_LAND,shenzhen
2018-06-18,30.30,24.90,27.30,37.00,29.70,32.30,1.40,OPEN_METEO_ERA5_LAND,shenzhen
2018-06-19,29.50,25.90,27.40,34.80,30.40,32.50,3.80,OPEN_METEO_ERA5_LAND,shenzhen
2018-06-20,30.70,26.30,27.90,36.40,31.90,33.70,3.80,OPEN_METEO_ERA5_LAND,shenzhen
2018-06-21,29.40,25.90,27.60,35.20,31.40,33.40,4.20,OPEN_METEO_ERA5_LAND,shenzhen
2018-06-22,28.00,25.70,26.70,33.70,31.10,32.20,9.40,OPEN_METEO_ERA5_LAND,shenzhen
2018-06-23,27.90,25.10,26.30,33.30,30.10,31.30,12.70,OPEN_METEO_ERA5_LAND,shenzhen
2018-06-24,30.10,25.20,27.20,35.30,30.10,32.00,3.50,OPEN_METEO_ERA5_LAND,shenzhen
2018-06-25,28.40,24.80,26.00,33.10,29.70,30.80,9.20,OPEN_METEO_ERA5_LAND,shenzhen
2018-06-26,29.70,25.00,26.80,36.40,30.00,32.10,4.00,OPEN_METEO_ERA5_LAND,shenzhen
2018-06-27,29.60,24.80,27.20,36.70,30.50,33.10,2.00,OPEN_METEO_ERA5_LAND,shenzhen
2018-06-28,30.50,25.60,27.80,35.90,31.30,33.40,0.80,OPEN_METEO_ERA5_LAND,shenzhen
2018-06-29,31.00,26.40,28.30,37.60,31.70,33.80,0.80,OPEN_METEO_ERA5_LAND,shenzhen
2018-06-30,30.30,26.70,28.00,36.60,32.00,33.80,6.70,OPEN_METEO_ERA5_LAND,shenzhen
2018-07-01,30.40,26.50,28.00,37.30,32.10,33.80,3.60,OPEN_METEO_ERA5_LAND,shenzhen
2018-07-02,30.30,25.90,27.70,35.90,31.00,33.00,7.00,OPEN_METEO_ERA5_LAND,shenzhen
2018-07-03,29.80,26.60,27.90,36.80,31.10,33.60,6.10,OPEN_METEO_ERA5_LAND,shenzhen
2018-07-04,31.10,26.10,28.50,36.40,30.70,33.60,3.20,OPEN_METEO_ERA5_LAND,shenzhen
2018-07-05,29.60,26.90,28.20,35.70,32.10,33.80,3.50,OPEN_METEO_ERA5_LAND,shenzhen
2018-07-06,30.50,26.70,28.20,36.10,31.60,33.90,1.10,OPEN_METEO_ERA5_LAND,shenzhen
2018-07-07,28.50,26.00,27.10,34.50,31.50,33.20,2.60,OPEN_METEO_ERA5_LAND,shenzhen
2018-07-08,29.50,25.70,27.00,36.30,31.10,32.60,4.90,OPEN_METEO_ERA5_LAND,shenzhen
2018-07-09,29.30,25.00,26.60,33.80,29.60,31.20,5.10,OPEN_METEO_ERA5_LAND,shenzhen
2018-07-10,31.10,24.80,27.30,36.10,29.80,32.20,2.90,OPEN_METEO_ERA5_LAND,shenzhen
2018-07-11,31.60,24.40,28.00,37.70,30.00,33.60,0.50,OPEN_METEO_ERA5_LAND,shenzhen
2018-07-12,30.10,25.90,27.60,35.60,30.40,32.80,2.20,OPEN_METEO_ERA5_LAND,shenzhen
2018-07-13,27.90,24.80,25.80,32.00,28.80,30.10,14.70,OPEN_METEO_ERA5_LAND,shenzhen
2018-07-14,27.50,24.50,25.70,30.90,28.00,29.00,15.80,OPEN_METEO_ERA5_LAND,shenzhen
2018-07-15,26.40,24.70,25.40,29.00,26.30,28.20,22.30,OPEN_METEO_ERA5_LAND,shenzhen
2018-07-16,30.50,24.60,27.00,34.20,27.60,30.70,8.00,OPEN_METEO_ERA5_LAND,shenzhen
2018-07-17,32.50,25.50,28.50,37.40,29.30,33.70,6.80,OPEN_METEO_ERA5_LAND,shenzhen
2018-07-18,30.30,25.70,27.20,33.90,28.80,30.80,4.20,OPEN_METEO_ERA5_LAND,shenzhen
2018-07-19,28.10,25.30,26.60,32.80,29.30,30.80,5.40,OPEN_METEO_ERA5_LAND,shenzhen
2018-07-20,30.30,25.20,27.30,35.00,29.90,32.30,2.50,OPEN_METEO_ERA5_LAND,shenzhen
2018-07-21,31.60,25.00,27.90,39.10,30.60,34.10,1.70,OPEN_METEO_ERA5_LAND,shenzhen
2018-07-22,31.10,26.20,28.20,37.60,32.00,34.10,0.50,OPEN_METEO_ERA5_LAND,shenzhen
2018-07-23,29.50,25.90,27.00,34.70,30.50,32.10,13.20,OPEN_METEO_ERA5_LAND,shenzhen
2018-07-24,29.80,25.40,27.00,35.40,30.30,32.30,8.90,OPEN_METEO_ERA5_LAND,shenzhen
2018-07-25,30.30,25.50,27.20,37.10,31.30,33.00,9.50,OPEN_METEO_ERA5_LAND,shenzhen
2018-07-26,29.90,25.60,27.40,36.20,31.30,33.40,6.70,OPEN_METEO_ERA5_LAND,shenzhen
2018-07-27,30.80,25.10,27.40,40.00,29.40,33.70,9.90,OPEN_METEO_ERA5_LAND,shenzhen
2018-07-28,31.40,25.70,28.10,38.60,32.00,34.40,1.00,OPEN_METEO_ERA5_LAND,shenzhen
2018-07-29,31.40,25.10,28.10,38.20,31.20,34.10,1.70,OPEN_METEO_ERA5_LAND,shenzhen
2018-07-30,31.60,25.40,28.00,38.70,31.10,34.10,2.20,OPEN_METEO_ERA5_LAND,shenzhen
2018-07-31,31.50,26.20,28.60,37.70,32.80,34.50,0.30,OPEN_METEO_ERA5_LAND,shenzhen
2018-08-01,31.10,26.60,28.60,38.00,32.40,34.80,2.00,OPEN_METEO_ERA5_LAND,shenzhen
2018-08-02,29.80,26.10,27.60,35.50,31.60,33.60,4.30,OPEN_METEO_ERA5_LAND,shenzhen
2018-08-03,29.30,25.90,27.50,35.70,31.20,33.40,5.20,OPEN_METEO_ERA5_LAND,shenzhen
2018-08-04,30.10,24.80,27.50,36.00,30.00,33.60,4.20,OPEN_METEO_ERA5_LAND,shenzhen
2018-08-05,31.40,26.20,27.90,39.00,32.10,34.50,6.80,OPEN_METEO_ERA5_LAND,shenzhen
2018-08-06,32.00,25.70,27.90,40.30,32.20,34.60,8.10,OPEN_METEO_ERA5_LAND,shenzhen
2018-08-07,32.00,25.10,28.20,40.40,30.70,34.60,1.20,OPEN_METEO_ERA5_LAND,shenzhen
2018-08-08,31.10,25.60,28.10,37.90,31.20,33.80,0.30,OPEN_METEO_ERA5_LAND,shenzhen
2018-08-09,31.30,26.00,28.10,35.90,30.70,32.70,3.40,OPEN_METEO_ERA5_LAND,shenzhen
2018-08-10,28.60,24.80,26.30,33.80,29.20,31.20,21.90,OPEN_METEO_ERA5_LAND,shenzhen
2018-08-11,27.40,25.10,25.90,31.80,29.20,30.40,30.60,OPEN_METEO_ERA5_LAND,shenzhen
2018-08-12,27.10,25.10,25.90,31.90,29.50,30.50,105.20,OPEN_METEO_ERA5_LAND,shenzhen
2018-08-13,30.00,25.40,27.40,35.70,30.40,32.30,2.20,OPEN_METEO_ERA5_LAND,shenzhen
2018-08-14,28.30,25.40,26.80,32.40,29.40,31.10,13.30,OPEN_METEO_ERA5_LAND,shenzhen
2018-08-15,28.30,25.60,26.70,32.70,29.80,31.30,10.10,OPEN_METEO_ERA5_LAND,shenzhen
2018-08-16,27.50,25.50,26.40,32.40,30.40,31.40,9.10,OPEN_METEO_ERA5_LAND,shenzhen
2018-08-17,27.90,25.40,26.30,33.80,31.20,32.40,20.80,OPEN_METEO_ERA5_LAND,shenzhen
2018-08-18,29.60,24.80,27.00,35.00,30.10,32.70,11.30,OPEN_METEO_ERA5_LAND,shenzhen
2018-08-19,29.20,25.60,26.80,35.90,31.10,32.80,7.20,OPEN_METEO_ERA5_LAND,shenzhen
2018-08-20,28.60,24.50,26.40,35.00,29.90,32.20,28.70,OPEN_METEO_ERA5_LAND,shenzhen
2018-08-21,31.30,24.40,26.90,38.80,29.60,33.20,24.10,OPEN_METEO_ERA5_LAND,shenzhen
2018-08-22,31.00,25.10,27.60,38.60,31.00,34.10,6.90,OPEN_METEO_ERA5_LAND,shenzhen
2018-08-23,30.70,26.10,28.10,36.70,32.40,34.30,3.10,OPEN_METEO_ERA5_LAND,shenzhen
2018-08-24,31.10,25.50,27.80,39.10,31.20,34.10,12.60,OPEN_METEO_ERA5_LAND,shenzhen
2018-08-25,32.90,25.80,28.80,37.90,31.90,34.60,0.70,OPEN_METEO_ERA5_LAND,shenzhen
2018-08-26,31.20,25.00,27.40,37.80,29.50,33.30,9.40,OPEN_METEO_ERA5_LAND,shenzhen
2018-08-27,28.80,25.20,26.20,34.80,29.50,31.60,42.30,OPEN_METEO_ERA5_LAND,shenzhen
2018-08-28,27.70,24.90,25.70,33.50,28.90,30.50,52.10,OPEN_METEO_ERA5_LAND,shenzhen
2018-08-29,27.80,24.40,25.80,32.70,29.00,30.40,23.20,OPEN_METEO_ERA5_LAND,shenzhen
2018-08-30,27.00,24.40,25.40,32.20,28.80,30.00,35.90,OPEN_METEO_ERA5_LAND,shenzhen
2018-08-31,27.10,24.50,25.70,32.60,28.70,30.80,17.90,OPEN_METEO_ERA5_LAND,shenzhen
2018-09-01,26.80,24.60,25.60,32.70,29.80,30.90,14.00,OPEN_METEO_ERA5_LAND,shenzhen
2018-09-02,26.90,23.40,25.20,31.60,28.20,30.20,17.10,OPEN_METEO_ERA5_LAND,shenzhen
2018-09-03,28.90,24.00,26.20,35.20,29.00,31.50,4.20,OPEN_METEO_ERA5_LAND,shenzhen
2018-09-04,30.80,25.30,27.70,37.90,30.30,33.40,0.60,OPEN_METEO_ERA5_LAND,shenzhen
2018-09-05,31.40,26.10,28.20,39.00,32.70,35.00,1.80,OPEN_METEO_ERA5_LAND,shenzhen
2018-09-06,30.80,26.00,27.90,37.80,32.00,34.50,5.60,OPEN_METEO_ERA5_LAND,shenzhen
2018-09-07,30.30,24.70,26.70,37.20,29.00,32.90,11.90,OPEN_METEO_ERA5_LAND,shenzhen
2018-09-08,28.30,23.80,25.70,32.70,27.10,29.60,5.50,OPEN_METEO_ERA5_LAND,shenzhen
2018-09-09,29.30,22.20,25.60,33.40,24.20,28.80,2.70,OPEN_METEO_ERA5_LAND,shenzhen
2018-09-10,28.80,23.70,25.80,34.10,27.80,30.30,2.40,OPEN_METEO_ERA5_LAND,shenzhen
2018-09-11,30.20,22.10,26.30,34.30,25.60,30.00,0.00,OPEN_METEO_ERA5_LAND,shenzhen
2018-09-12,28.70,24.10,25.90,32.10,26.00,29.00,3.10,OPEN_METEO_ERA5_LAND,shenzhen
2018-09-13,28.30,24.10,26.10,33.70,27.90,30.50,3.70,OPEN_METEO_ERA5_LAND,shenzhen
2018-09-14,31.70,24.40,27.20,37.60,29.50,33.10,2.80,OPEN_METEO_ERA5_LAND,shenzhen
2018-09-15,33.20,25.10,28.80,37.90,30.50,33.80,0.50,OPEN_METEO_ERA5_LAND,shenzhen
2018-09-16,28.80,24.20,25.60,31.40,21.00,24.70,174.10,OPEN_METEO_ERA5_LAND,shenzhen
2018-09-17,28.30,24.50,25.70,32.10,26.60,29.20,22.90,OPEN_METEO_ERA5_LAND,shenzhen
2018-09-18,29.80,25.00,26.80,35.10,29.00,31.50,2.60,OPEN_METEO_ERA5_LAND,shenzhen
2018-09-19,30.50,24.50,27.20,36.90,29.90,32.80,1.00,OPEN_METEO_ERA5_LAND,shenzhen
2018-09-20,30.10,25.30,27.50,37.20,30.90,33.70,3.10,OPEN_METEO_ERA5_LAND,shenzhen
2018-09-21,31.20,24.20,27.50,37.10,29.80,33.00,1.00,OPEN_METEO_ERA5_LAND,shenzhen
2018-09-22,30.90,24.10,27.10,38.40,29.60,33.20,5.20,OPEN_METEO_ERA5_LAND,shenzhen
2018-09-23,30.00,24.60,26.30,36.40,29.50,31.80,4.30,OPEN_METEO_ERA5_LAND,shenzhen
2018-09-24,29.00,23.50,25.30,35.20,28.50,30.40,24.70,OPEN_METEO_ERA5_LAND,shenzhen
2018-09-25,28.70,23.60,25.80,33.60,28.50,30.20,2.20,OPEN_METEO_ERA5_LAND,shenzhen
2018-09-26,28.60,23.50,25.70,33.60,27.90,30.60,3.80,OPEN_METEO_ERA5_LAND,shenzhen
2018-09-27,28.60,23.60,25.80,33.90,28.20,30.60,4.20,OPEN_METEO_ERA5_LAND,shenzhen
2018-09-28,28.60,22.30,25.50,31.80,23.20,28.30,0.00,OPEN_METEO_ERA5_LAND,shenzhen
2018-09-29,28.80,21.20,24.80,31.50,22.70,27.20,0.00,OPEN_METEO_ERA5_LAND,shenzhen
2018-09-30,28.40,21.10,24.70,31.30,22.00,27.00,0.00,OPEN_METEO_ERA5_LAND,shenzhen
2018-10-01,27.80,21.30,24.40,29.50,22.40,26.80,0.00,OPEN_METEO_ERA5_LAND,shenzhen
2018-10-02,28.00,21.30,24.30,30.60,20.80,26.40,0.00,OPEN_METEO_ERA5_LAND,shenzhen
2018-10-03,27.80,20.30,24.10,29.40,21.80,26.20,0.00,OPEN_METEO_ERA5_LAND,shenzhen
2018-10-04,27.90,20.40,23.90,29.00,20.80,25.40,0.00,OPEN_METEO_ERA5_LAND,shenzhen
2018-10-05,27.50,18.70,22.90,27.40,17.60,22.90,0.00,OPEN_METEO_ERA5_LAND,shenzhen
2018-10-06,27.90,18.00,23.10,29.30,17.30,23.50,0.00,OPEN_METEO_ERA5_LAND,shenzhen
2018-10-07,29.10,20.60,24.40,31.10,22.40,26.80,0.00,OPEN_METEO_ERA5_LAND,shenzhen
2018-10-08,29.10,21.80,24.90,32.10,25.30,28.20,0.10,OPEN_METEO_ERA5_LAND,shenzhen
2018-10-09,28.00,22.10,25.10,32.00,25.70,29.10,1.50,OPEN_METEO_ERA5_LAND,shenzhen
2018-10-10,28.40,20.70,24.20,30.80,21.50,27.10,2.50,OPEN_METEO_ERA5_LAND,shenzhen
2018-10-11,24.40,18.50,21.00,25.00,18.00,21.20,0.00,OPEN_METEO_ERA5_LAND,shenzhen
2018-10-12,24.50,18.90,21.30,26.20,18.60,22.30,1.10,OPEN_METEO_ERA5_LAND,shenzhen
2018-10-13,26.00,20.30,22.80,27.90,21.90,24.80,0.00,OPEN_METEO_ERA5_LAND,shenzhen
2018-10-14,26.30,21.70,23.70,28.30,24.10,26.30,0.40,OPEN_METEO_ERA5_LAND,shenzhen
2018-10-15,27.50,22.90,24.40,30.50,25.90,27.80,14.00,OPEN_METEO_ERA5_LAND,shenzhen
2018-10-16,25.90,20.50,22.90,29.50,22.10,26.10,31.50,OPEN_METEO_ERA5_LAND,shenzhen
2018-10-17,23.10,18.90,20.80,24.30,19.50,22.20,6.10,OPEN_METEO_ERA5_LAND,shenzhen
2018-10-18,23.30,19.00,20.80,24.30,19.40,22.10,8.10,OPEN_METEO_ERA5_LAND,shenzhen
2018-10-19,25.70,20.60,22.60,27.60,21.80,24.20,0.40,OPEN_METEO_ERA5_LAND,shenzhen
2018-10-20,25.20,20.50,22.60,27.30,21.60,24.30,0.00,OPEN_METEO_ERA5_LAND,shenzhen
2018-10-21,26.40,21.40,23.20,29.90,23.80,25.70,0.00,OPEN_METEO_ERA5_LAND,shenzhen
2018-10-22,27.30,21.10,23.70,30.90,24.20,27.30,1.50,OPEN_METEO_ERA5_LAND,shenzhen
2018-10-23,26.90,19.50,22.90,30.10,19.80,25.30,0.50,OPEN_METEO_ERA5_LAND,shenzhen
2018-10-24,26.00,20.10,22.80,28.10,21.50,25.10,0.00,OPEN_METEO_ERA5_LAND,shenzhen
2018-10-25,27.10,22.10,23.90,29.90,25.70,27.10,0.40,OPEN_METEO_ERA5_LAND,shenzhen
2018-10-26,27.40,20.80,23.90,32.30,23.60,27.80,2.80,OPEN_METEO_ERA5_LAND,shenzhen
2018-10-27,26.00,19.40,22.40,27.10,18.00,22.60,0.00,OPEN_METEO_ERA5_LAND,shenzhen
2018-10-28,24.80,17.40,20.80,24.10,15.90,20.10,0.00,OPEN_METEO_ERA5_LAND,shenzhen
2018-10-29,25.60,16.00,20.50,24.20,14.90,19.60,0.00,OPEN_METEO_ERA5_LAND,shenzhen
2018-10-30,25.60,16.80,20.80,24.20,14.90,19.20,0.00,OPEN_METEO_ERA5_LAND,shenzhen
2018-10-31,25.30,17.90,21.40,22.10,15.10,19.00,0.00,OPEN_METEO_ERA5_LAND,shenzhen
2018-11-01,24.40,18.10,21.30,21.80,14.80,18.90,1.00,OPEN_METEO_ERA5_LAND,shenzhen
2018-11-02,21.50,17.00,19.20,21.50,16.20,19.10,6.10,OPEN_METEO_ERA5_LAND,shenzhen
2018-11-03,23.80,17.10,20.20,25.50,17.50,21.40,0.10,OPEN_METEO_ERA5_LAND,shenzhen
2018-11-04,26.20,18.70,22.00,28.00,20.00,24.00,0.10,OPEN_METEO_ERA5_LAND,shenzhen
2018-11-05,27.70,21.20,23.40,29.40,23.40,25.80,0.10,OPEN_METEO_ERA5_LAND,shenzhen
2018-11-06,27.10,20.80,23.30,29.60,22.50,25.50,0.00,OPEN_METEO_ERA5_LAND,shenzhen
2018-11-07,28.60,21.10,23.90,30.40,23.80,26.80,0.30,OPEN_METEO_ERA5_LAND,shenzhen
2018-11-08,25.60,19.50,22.80,27.00,19.50,24.50,0.80,OPEN_METEO_ERA5_LAND,shenzhen
2018-11-09,26.50,17.40,21.70,28.10,16.00,22.20,0.10,OPEN_METEO_ERA5_LAND,shenzhen
2018-11-10,26.30,21.10,22.90,26.70,22.30,24.40,0.00,OPEN_METEO_ERA5_LAND,shenzhen
2018-11-11,27.30,19.60,23.00,29.00,21.20,25.00,0.00,OPEN_METEO_ERA5_LAND,shenzhen
2018-11-12,27.90,20.90,23.70,30.00,23.60,26.30,0.70,OPEN_METEO_ERA5_LAND,shenzhen
2018-11-13,27.70,17.70,22.40,29.70,16.70,23.30,0.00,OPEN_METEO_ERA5_LAND,shenzhen
2018-11-14,26.20,20.00,22.50,26.80,20.80,23.30,0.00,OPEN_METEO_ERA5_LAND,shenzhen
2018-11-15,25.70,21.00,22.70,26.10,21.30,23.60,0.60,OPEN_METEO_ERA5_LAND,shenzhen
2018-11-16,25.70,22.00,23.40,27.60,24.00,25.80,0.10,OPEN_METEO_ERA5_LAND,shenzhen
2018-11-17,25.60,20.30,22.60,27.50,21.00,24.50,0.20,OPEN_METEO_ERA5_LAND,shenzhen
2018-11-18,28.00,20.90,23.60,30.30,22.00,25.80,0.00,OPEN_METEO_ERA5_LAND,shenzhen
2018-11-19,25.10,16.60,21.10,25.50,14.70,20.80,0.00,OPEN_METEO_ERA5_LAND,shenzhen
2018-11-20,24.50,18.20,21.30,25.20,17.20,21.70,0.00,OPEN_METEO_ERA5_LAND,shenzhen
2018-11-21,28.00,17.80,22.10,32.20,16.20,23.80,4.00,OPEN_METEO_ERA5_LAND,shenzhen
2018-11-22,20.40,15.10,17.80,19.70,11.90,15.80,0.20,OPEN_METEO_ERA5_LAND,shenzhen
2018-11-23,23.90,13.60,18.90,23.60,11.20,17.90,0.00,OPEN_METEO_ERA5_LAND,shenzhen
2018-11-24,26.40,16.00,20.40,26.80,15.90,20.70,0.00,OPEN_METEO_ERA5_LAND,shenzhen
2018-11-25,19.20,16.90,17.90,19.30,16.00,17.90,12.40,OPEN_METEO_ERA5_LAND,shenzhen
2018-11-26,22.00,16.20,18.80,22.30,16.20,19.40,8.40,OPEN_METEO_ERA5_LAND,shenzhen
2018-11-27,19.80,16.80,18.20,20.40,16.00,18.70,14.50,OPEN_METEO_ERA5_LAND,shenzhen
2018-11-28,21.10,18.00,19.20,22.10,19.40,20.90,9.10,OPEN_METEO_ERA5_LAND,shenzhen
2018-11-29,24.00,15.50,19.50,25.10,15.10,20.20,0.00,OPEN_METEO_ERA5_LAND,shenzhen
2018-11-30,22.20,17.10,19.40,22.20,16.00,19.60,0.00,OPEN_METEO_ERA5_LAND,shenzhen
2018-12-01,23.50,18.30,20.40,24.40,18.60,21.30,0.00,OPEN_METEO_ERA5_LAND,shenzhen
2018-12-02,24.10,18.90,20.80,25.60,20.10,22.20,0.00,OPEN_METEO_ERA5_LAND,shenzhen
2018-12-03,26.10,19.30,22.10,28.90,21.10,24.30,0.00,OPEN_METEO_ERA5_LAND,shenzhen
2018-12-04,27.00,19.50,22.80,30.00,21.60,25.80,0.40,OPEN_METEO_ERA5_LAND,shenzhen
2018-12-05,24.30,18.90,21.50,25.60,19.30,23.00,0.20,OPEN_METEO_ERA5_LAND,shenzhen
2018-12-06,25.60,20.00,22.10,28.70,20.60,24.30,2.60,OPEN_METEO_ERA5_LAND,shenzhen
2018-12-07,19.00,13.60,16.80,18.40,10.80,15.20,0.50,OPEN_METEO_ERA5_LAND,shenzhen
2018-12-08,18.00,11.70,14.00,16.10,8.30,11.40,0.00,OPEN_METEO_ERA5_LAND,shenzhen
2018-12-09,12.50,9.50,10.90,10.10,6.70,8.20,3.50,OPEN_METEO_ERA5_LAND,shenzhen
2018-12-10,17.00,9.60,13.00,15.40,6.40,11.10,0.30,OPEN_METEO_ERA5_LAND,shenzhen
2018-12-11,17.70,10.30,13.90,14.80,6.90,11.10,0.40,OPEN_METEO_ERA5_LAND,shenzhen
2018-12-12,13.80,7.20,10.30,9.80,3.00,6.40,0.00,OPEN_METEO_ERA5_LAND,shenzhen
2018-12-13,15.60,8.30,11.40,12.80,4.40,8.20,0.00,OPEN_METEO_ERA5_LAND,shenzhen
2018-12-14,17.90,8.60,12.90,16.10,5.20,10.60,0.00,OPEN_METEO_ERA5_LAND,shenzhen
2018-12-15,20.80,9.60,15.40,20.40,7.20,14.50,0.00,OPEN_METEO_ERA5_LAND,shenzhen
2018-12-16,16.80,13.50,15.60,16.50,11.90,14.70,0.10,OPEN_METEO_ERA5_LAND,shenzhen
2018-12-17,18.80,10.30,14.00,15.40,6.90,11.10,0.00,OPEN_METEO_ERA5_LAND,shenzhen
2018-12-18,19.80,9.30,14.60,18.00,6.40,12.60,0.00,OPEN_METEO_ERA5_LAND,shenzhen
2018-12-19,22.10,15.50,18.30,22.20,14.80,18.30,0.10,OPEN_METEO_ERA5_LAND,shenzhen
2018-12-20,25.50,17.80,20.60,27.20,18.50,22.10,0.90,OPEN_METEO_ERA5_LAND,shenzhen
2018-12-21,25.40,18.90,21.10,26.90,20.50,22.80,0.00,OPEN_METEO_ERA5_LAND,shenzhen
2018-12-22,26.80,17.40,21.00,29.20,18.00,22.50,0.00,OPEN_METEO_ERA5_LAND,shenzhen
2018-12-23,20.40,15.10,18.30,22.40,14.10,17.70,9.60,OPEN_METEO_ERA5_LAND,shenzhen
2018-12-24,17.90,13.30,15.20,16.60,11.20,14.10,3.20,OPEN_METEO_ERA5_LAND,shenzhen
2018-12-25,20.90,14.00,17.10,21.80,13.80,17.70,0.00,OPEN_METEO_ERA5_LAND,shenzhen
2018-12-26,25.30,16.00,19.70,27.40,16.10,21.30,0.00,OPEN_METEO_ERA5_LAND,shenzhen
2018-12-27,21.50,13.60,17.50,20.60,11.30,16.20,0.10,OPEN_METEO_ERA5_LAND,shenzhen
2018-12-28,18.70,11.10,14.60,16.20,7.10,11.70,0.00,OPEN_METEO_ERA5_LAND,shenzhen
2018-12-29,13.20,6.50,9.50,9.30,1.80,5.10,0.00,OPEN_METEO_ERA5_LAND,shenzhen
2018-12-30,11.20,4.90,8.30,8.20,0.30,3.90,0.20,OPEN_METEO_ERA5_LAND,shenzhen
2018-12-31,12.40,6.20,8.80,8.50,1.60,4.80,0.20,OPEN_METEO_ERA5_LAND,shenzhen
2019-01-01,13.50,5.30,9.60,10.10,0.80,5.90,1.00,OPEN_METEO_ERA5_LAND,shenzhen
2019-01-02,13.60,7.20,10.50,10.90,3.40,7.30,2.20,OPEN_METEO_ERA5_LAND,shenzhen
2019-01-03,15.30,9.30,12.20,14.20,6.30,10.30,3.20,OPEN_METEO_ERA5_LAND,shenzhen
2019-01-04,21.10,14.00,17.60,21.90,13.20,17.80,0.20,OPEN_METEO_ERA5_LAND,shenzhen
2019-01-05,22.70,16.80,18.70,25.00,16.80,19.80,0.70,OPEN_METEO_ERA5_LAND,shenzhen
2019-01-06,18.30,13.10,15.50,17.90,10.90,14.30,0.00,OPEN_METEO_ERA5_LAND,shenzhen
2019-01-07,19.80,13.80,16.90,20.40,13.50,17.20,0.00,OPEN_METEO_ERA5_LAND,shenzhen
2019-01-08,19.00,13.80,16.90,18.10,11.50,16.10,0.20,OPEN_METEO_ERA5_LAND,shenzhen
2019-01-09,20.60,11.30,15.60,20.40,8.90,14.60,0.20,OPEN_METEO_ERA5_LAND,shenzhen
2019-01-10,22.50,14.90,18.20,23.10,14.10,18.40,1.20,OPEN_METEO_ERA5_LAND,shenzhen
2019-01-11,25.70,16.80,20.20,28.10,17.40,21.80,0.00,OPEN_METEO_ERA5_LAND,shenzhen
2019-01-12,25.20,15.60,20.00,27.00,14.70,21.50,0.00,OPEN_METEO_ERA5_LAND,shenzhen
2019-01-13,23.10,16.80,19.20,25.00,17.50,20.30,0.00,OPEN_METEO_ERA5_LAND,shenzhen
2019-01-14,22.70,15.00,18.10,24.10,15.10,18.90,0.50,OPEN_METEO_ERA5_LAND,shenzhen
2019-01-15,18.50,15.60,17.40,18.90,12.50,17.20,2.60,OPEN_METEO_ERA5_LAND,shenzhen
2019-01-16,17.60,10.80,13.90,15.30,6.90,11.10,0.30,OPEN_METEO_ERA5_LAND,shenzhen
2019-01-17,19.30,9.20,13.50,17.90,6.00,11.30,0.00,OPEN_METEO_ERA5_LAND,shenzhen
2019-01-18,20.00,8.70,14.40,19.30,5.80,12.70,0.30,OPEN_METEO_ERA5_LAND,shenzhen
2019-01-19,23.10,14.10,17.50,23.80,13.90,17.20,1.10,OPEN_METEO_ERA5_LAND,shenzhen
2019-01-20,24.80,15.20,19.10,25.60,12.00,19.40,5.50,OPEN_METEO_ERA5_LAND,shenzhen
2019-01-21,18.70,10.20,14.10,16.30,6.50,11.10,0.40,OPEN_METEO_ERA5_LAND,shenzhen
2019-01-22,18.40,8.70,13.20,15.30,5.10,9.90,0.00,OPEN_METEO_ERA5_LAND,shenzhen
2019-01-23,19.50,7.90,13.40,18.40,4.30,11.30,0.00,OPEN_METEO_ERA5_LAND,shenzhen
2019-01-24,20.60,11.10,15.10,18.30,9.60,13.50,0.00,OPEN_METEO_ERA5_LAND,shenzhen
2019-01-25,24.40,12.00,17.60,23.30,10.20,16.60,0.00,OPEN_METEO_ERA5_LAND,shenzhen
2019-01-26,22.30,13.00,17.10,19.80,9.70,14.90,0.00,OPEN_METEO_ERA5_LAND,shenzhen
2019-01-27,20.20,11.20,15.40,19.00,9.60,13.90,0.00,OPEN_METEO_ERA5_LAND,shenzhen
2019-01-28,21.80,14.00,16.70,19.80,11.80,14.90,0.00,OPEN_METEO_ERA5_LAND,shenzhen
2019-01-29,22.20,13.30,17.00,20.10,12.20,15.80,0.00,OPEN_METEO_ERA5_LAND,shenzhen
2019-01-30,23.30,14.00,18.10,23.10,13.00,17.40,0.00,OPEN_METEO_ERA5_LAND,shenzhen
2019-01-31,26.00,15.70,20.70,25.80,16.10,21.10,0.50,OPEN_METEO_ERA5_LAND,shenzhen
2019-02-01,19.60,11.50,16.00,17.50,7.10,13.20,0.00,OPEN_METEO_ERA5_LAND,shenzhen
2019-02-02,22.70,15.20,17.90,23.20,14.50,17.60,0.00,OPEN_METEO_ERA5_LAND,shenzhen
2019-02-03,26.20,16.90,21.20,27.30,17.30,22.60,0.00,OPEN_METEO_ERA5_LAND,shenzhen
2019-02-04,27.50,18.30,21.50,29.20,18.90,23.00,0.10,OPEN_METEO_ERA5_LAND,shenzhen
2019-02-05,24.40,17.00,19.90,25.50,16.50,20.30,0.60,OPEN_METEO_ERA5_LAND,shenzhen
2019-02-06,24.90,18.10,20.90,25.50,19.80,22.40,0.50,OPEN_METEO_ERA5_LAND,shenzhen
2019-02-07,25.60,19.80,22.00,26.70,22.20,23.80,0.00,OPEN_METEO_ERA5_LAND,shenzhen
2019-02-08,26.30,18.80,21.40,27.40,19.10,22.70,1.10,OPEN_METEO_ERA5_LAND,shenzhen
2019-02-09,22.10,18.30,19.80,22.50,17.50,20.00,0.10,OPEN_METEO_ERA5_LAND,shenzhen
2019-02-10,22.50,17.10,19.00,22.60,16.30,19.00,0.30,OPEN_METEO_ERA5_LAND,shenzhen
2019-02-11,23.50,11.90,17.30,24.00,8.90,16.50,0.10,OPEN_METEO_ERA5_LAND,shenzhen
2019-02-12,23.90,14.70,18.30,24.90,13.00,17.90,0.00,OPEN_METEO_ERA5_LAND,shenzhen
2019-02-13,26.10,16.70,20.50,27.70,17.90,21.80,0.20,OPEN_METEO_ERA5_LAND,shenzhen
2019-02-14,25.30,17.10,20.20,26.10,17.20,20.50,0.20,OPEN_METEO_ERA5_LAND,shenzhen
2019-02-15,23.80,17.30,19.80,24.60,17.50,20.30,0.30,OPEN_METEO_ERA5_LAND,shenzhen
2019-02-16,27.20,17.80,21.50,28.80,19.30,22.90,0.70,OPEN_METEO_ERA5_LAND,shenzhen
2019-02-17,22.00,17.60,19.30,21.20,16.50,18.70,0.30,OPEN_METEO_ERA5_LAND,shenzhen
2019-02-18,20.20,16.60,18.20,20.70,13.50,17.40,9.10,OPEN_METEO_ERA5_LAND,shenzhen
2019-02-19,22.10,17.10,19.80,24.90,17.30,21.40,19.80,OPEN_METEO_ERA5_LAND,shenzhen
2019-02-20,25.90,19.90,22.50,28.50,21.90,25.10,0.90,OPEN_METEO_ERA5_LAND,shenzhen
2019-02-21,24.50,20.50,22.00,26.10,22.10,24.20,1.20,OPEN_METEO_ERA5_LAND,shenzhen
2019-02-22,22.50,13.00,18.20,23.00,10.90,18.00,4.10,OPEN_METEO_ERA5_LAND,shenzhen
2019-02-23,19.70,11.50,15.50,19.70,8.30,13.80,10.50,OPEN_METEO_ERA5_LAND,shenzhen
2019-02-24,20.70,10.30,14.50,21.60,7.30,13.40,5.40,OPEN_METEO_ERA5_LAND,shenzhen
2019-02-25,19.30,11.90,15.30,20.10,9.70,14.90,3.30,OPEN_METEO_ERA5_LAND,shenzhen
2019-02-26,21.10,14.50,17.90,20.80,13.50,17.50,0.10,OPEN_METEO_ERA5_LAND,shenzhen
2019-02-27,24.90,16.80,20.40,26.60,17.00,21.50,0.10,OPEN_METEO_ERA5_LAND,shenzhen
2019-02-28,26.40,17.60,21.50,28.70,19.20,23.70,0.40,OPEN_METEO_ERA5_LAND,shenzhen
2019-03-01,24.10,18.20,20.40,25.80,18.10,21.10,0.00,OPEN_METEO_ERA5_LAND,shenzhen
2019-03-02,24.30,18.80,21.00,25.20,19.80,22.20,0.30,OPEN_METEO_ERA5_LAND,shenzhen
2019-03-03,24.10,17.80,20.60,25.20,17.40,22.60,14.80,OPEN_METEO_ERA5_LAND,shenzhen
2019-03-04,23.20,15.10,19.00,24.50,13.80,18.80,5.60,OPEN_METEO_ERA5_LAND,shenzhen
2019-03-05,24.70,18.10,20.90,26.20,17.40,22.00,28.20,OPEN_METEO_ERA5_LAND,shenzhen
2019-03-06,23.00,17.10,20.00,25.00,16.60,21.60,15.70,OPEN_METEO_ERA5_LAND,shenzhen
2019-03-07,18.00,14.30,15.70,17.60,12.60,14.90,30.50,OPEN_METEO_ERA5_LAND,shenzhen
2019-03-08,17.60,13.60,15.70,16.50,11.90,14.50,9.40,OPEN_METEO_ERA5_LAND,shenzhen
2019-03-09,21.40,15.70,17.90,23.30,15.00,18.10,4.00,OPEN_METEO_ERA5_LAND,shenzhen
2019-03-10,19.10,14.20,16.30,18.90,13.30,15.90,2.20,OPEN_METEO_ERA5_LAND,shenzhen
2019-03-11,22.80,12.90,17.00,23.50,11.80,16.90,4.40,OPEN_METEO_ERA5_LAND,shenzhen
2019-03-12,23.00,14.50,18.10,24.60,14.60,18.60,0.00,OPEN_METEO_ERA5_LAND,shenzhen
2019-03-13,22.80,16.00,19.20,23.20,15.40,18.90,0.40,OPEN_METEO_ERA5_LAND,shenzhen
2019-03-14,20.80,16.20,18.50,22.00,15.60,18.80,33.60,OPEN_METEO_ERA5_LAND,shenzhen
2019-03-15,22.30,14.50,16.90,23.20,12.40,16.30,10.40,OPEN_METEO_ERA5_LAND,shenzhen
2019-03-16,21.70,15.30,18.20,20.50,14.90,17.70,0.00,OPEN_METEO_ERA5_LAND,shenzhen
2019-03-17,22.70,17.00,19.50,23.70,15.90,19.60,0.70,OPEN_METEO_ERA5_LAND,shenzhen
2019-03-18,25.30,17.70,20.60,28.60,17.90,22.10,0.10,OPEN_METEO_ERA5_LAND,shenzhen
2019-03-19,27.40,18.30,22.00,30.60,20.10,24.40,0.00,OPEN_METEO_ERA5_LAND,shenzhen
2019-03-20,26.20,20.70,22.90,28.30,22.50,25.40,0.30,OPEN_METEO_ERA5_LAND,shenzhen
2019-03-21,26.90,21.60,23.80,30.00,24.80,27.00,0.70,OPEN_METEO_ERA5_LAND,shenzhen
2019-03-22,26.60,22.10,24.00,30.50,25.60,28.20,8.00,OPEN_METEO_ERA5_LAND,shenzhen
2019-03-23,21.40,13.80,18.30,24.10,11.70,18.30,18.00,OPEN_METEO_ERA5_LAND,shenzhen
2019-03-24,20.00,12.70,16.00,19.50,10.60,15.20,5.90,OPEN_METEO_ERA5_LAND,shenzhen
2019-03-25,22.50,15.60,19.20,24.20,15.20,20.40,1.00,OPEN_METEO_ERA5_LAND,shenzhen
2019-03-26,25.30,18.60,21.40,27.70,20.20,23.20,0.00,OPEN_METEO_ERA5_LAND,shenzhen
2019-03-27,26.50,18.50,21.70,29.90,19.70,23.60,0.00,OPEN_METEO_ERA5_LAND,shenzhen
2019-03-28,27.20,19.70,23.00,30.30,22.30,26.00,0.30,OPEN_METEO_ERA5_LAND,shenzhen
2019-03-29,26.50,21.30,23.20,29.50,24.60,26.50,1.20,OPEN_METEO_ERA5_LAND,shenzhen
2019-03-30,25.20,18.80,21.90,27.50,19.20,24.10,4.40,OPEN_METEO_ERA5_LAND,shenzhen
2019-03-31,24.10,19.60,21.20,24.20,19.60,21.70,7.70,OPEN_METEO_ERA5_LAND,shenzhen
2019-04-01,21.50,17.80,19.20,22.50,17.30,19.40,3.90,OPEN_METEO_ERA5_LAND,shenzhen
2019-04-02,23.90,17.40,20.00,26.20,16.50,20.60,0.00,OPEN_METEO_ERA5_LAND,shenzhen
2019-04-03,25.80,19.70,21.90,28.50,20.60,23.60,0.20,OPEN_METEO_ERA5_LAND,shenzhen
2019-04-04,24.40,18.90,21.20,26.30,19.30,22.40,0.00,OPEN_METEO_ERA5_LAND,shenzhen
2019-04-05,26.90,18.50,22.40,29.40,21.00,25.10,0.10,OPEN_METEO_ERA5_LAND,shenzhen
2019-04-06,27.50,19.80,23.40,30.50,22.70,26.40,0.10,OPEN_METEO_ERA5_LAND,shenzhen
2019-04-07,27.50,20.90,24.10,30.70,24.30,27.40,0.00,OPEN_METEO_ERA5_LAND,shenzhen
2019-04-08,28.00,22.50,24.80,31.70,26.70,28.60,0.30,OPEN_METEO_ERA5_LAND,shenzhen
2019-04-09,28.50,23.00,25.10,31.80,26.80,28.70,0.00,OPEN_METEO_ERA5_LAND,shenzhen
2019-04-10,29.30,22.60,25.50,33.30,26.50,29.50,0.20,OPEN_METEO_ERA5_LAND,shenzhen
2019-04-11,28.90,21.50,25.50,32.60,22.80,29.60,13.00,OPEN_METEO_ERA5_LAND,shenzhen
2019-04-12,23.70,19.50,21.10,23.30,20.00,21.80,0.60,OPEN_METEO_ERA5_LAND,shenzhen
2019-04-13,25.40,20.70,22.30,27.40,20.90,23.40,3.50,OPEN_METEO_ERA5_LAND,shenzhen
2019-04-14,27.40,20.80,22.80,31.70,22.70,25.70,9.20,OPEN_METEO_ERA5_LAND,shenzhen
2019-04-15,24.60,19.80,21.70,26.60,21.00,23.00,0.50,OPEN_METEO_ERA5_LAND,shenzhen
2019-04-16,22.60,19.60,20.70,24.80,20.40,22.50,23.60,OPEN_METEO_ERA5_LAND,shenzhen
2019-04-17,27.50,18.80,22.90,31.00,21.20,25.80,0.90,OPEN_METEO_ERA5_LAND,shenzhen
2019-04-18,26.40,21.20,23.20,27.70,24.30,25.60,60.40,OPEN_METEO_ERA5_LAND,shenzhen
2019-04-19,25.60,21.10,23.10,29.80,23.00,26.50,23.00,OPEN_METEO_ERA5_LAND,shenzhen
2019-04-20,27.80,21.90,23.60,31.80,24.10,27.10,22.50,OPEN_METEO_ERA5_LAND,shenzhen
2019-04-21,28.00,22.60,25.00,32.50,26.40,29.40,8.30,OPEN_METEO_ERA5_LAND,shenzhen
2019-04-22,29.50,24.00,26.20,34.30,28.60,30.90,0.80,OPEN_METEO_ERA5_LAND,shenzhen
2019-04-23,29.40,22.80,26.00,33.80,27.10,30.70,0.40,OPEN_METEO_ERA5_LAND,shenzhen
2019-04-24,29.40,24.10,26.20,33.60,28.80,30.50,0.00,OPEN_METEO_ERA5_LAND,shenzhen
2019-04-25,30.00,23.60,26.40,34.60,27.70,30.80,2.70,OPEN_METEO_ERA5_LAND,shenzhen
2019-04-26,29.40,22.70,25.90,33.70,26.80,31.00,11.60,OPEN_METEO_ERA5_LAND,shenzhen
2019-04-27,26.80,22.60,24.40,28.70,25.20,27.10,1.40,OPEN_METEO_ERA5_LAND,shenzhen
2019-04-28,27.30,22.90,24.30,30.40,24.60,27.20,0.20,OPEN_METEO_ERA5_LAND,shenzhen
2019-04-29,28.80,22.70,25.50,33.00,26.70,29.50,1.00,OPEN_METEO_ERA5_LAND,shenzhen
2019-04-30,27.40,23.40,24.90,30.90,27.30,29.00,16.80,OPEN_METEO_ERA5_LAND,shenzhen
2019-05-01,26.90,21.30,23.70,30.30,22.90,26.40,4.40,OPEN_METEO_ERA5_LAND,shenzhen
2019-05-02,25.20,19.90,21.90,26.80,21.00,23.50,2.60,OPEN_METEO_ERA5_LAND,shenzhen
2019-05-03,23.80,18.80,21.20,25.30,19.70,22.30,1.10,OPEN_METEO_ERA5_LAND,shenzhen
2019-05-04,23.50,19.80,21.60,23.40,20.30,21.80,8.10,OPEN_METEO_ERA5_LAND,shenzhen
2019-05-05,23.60,20.00,22.00,24.90,21.20,23.40,12.40,OPEN_METEO_ERA5_LAND,shenzhen
2019-05-06,24.50,20.10,22.00,26.30,21.50,23.60,6.20,OPEN_METEO_ERA5_LAND,shenzhen
2019-05-07,23.90,18.40,20.70,24.80,18.10,21.10,5.60,OPEN_METEO_ERA5_LAND,shenzhen
2019-05-08,23.60,17.80,19.90,24.40,17.60,20.60,19.10,OPEN_METEO_ERA5_LAND,shenzhen
2019-05-09,25.50,19.00,22.10,28.50,20.60,24.70,5.80,OPEN_METEO_ERA5_LAND,shenzhen
2019-05-10,27.80,21.70,24.20,32.20,25.20,28.10,0.80,OPEN_METEO_ERA5_LAND,shenzhen
2019-05-11,29.10,21.70,24.80,33.90,25.40,28.50,0.00,OPEN_METEO_ERA5_LAND,shenzhen
2019-05-12,28.40,22.00,24.60,33.40,25.00,27.80,0.00,OPEN_METEO_ERA5_LAND,shenzhen
2019-05-13,28.30,22.80,25.20,32.80,25.90,29.20,0.50,OPEN_METEO_ERA5_LAND,shenzhen
2019-05-14,30.30,23.40,26.40,35.90,28.20,31.50,0.90,OPEN_METEO_ERA5_LAND,shenzhen
2019-05-15,29.30,24.60,26.50,35.00,30.30,32.10,8.50,OPEN_METEO_ERA5_LAND,shenzhen
2019-05-16,29.70,25.50,27.30,35.80,30.90,32.90,2.30,OPEN_METEO_ERA5_LAND,shenzhen
2019-05-17,29.20,25.80,27.40,35.10,30.70,32.80,4.30,OPEN_METEO_ERA5_LAND,shenzhen
2019-05-18,30.30,26.40,27.80,37.30,31.70,33.40,1.60,OPEN_METEO_ERA5_LAND,shenzhen
2019-05-19,30.70,26.60,28.20,36.00,32.10,33.80,1.10,OPEN_METEO_ERA5_LAND,shenzhen
2019-05-20,29.50,24.70,27.00,36.70,29.50,33.10,17.20,OPEN_METEO_ERA5_LAND,shenzhen
2019-05-21,27.20,23.00,24.70,30.20,26.20,27.90,7.50,OPEN_METEO_ERA5_LAND,shenzhen
2019-05-22,28.40,22.80,25.00,33.10,26.00,28.90,15.80,OPEN_METEO_ERA5_LAND,shenzhen
2019-05-23,27.90,23.50,25.20,34.20,27.50,29.90,17.90,OPEN_METEO_ERA5_LAND,shenzhen
2019-05-24,27.20,23.80,25.10,30.10,26.70,28.10,1.40,OPEN_METEO_ERA5_LAND,shenzhen
2019-05-25,28.40,24.00,25.70,33.30,27.70,30.00,3.70,OPEN_METEO_ERA5_LAND,shenzhen
2019-05-26,27.50,24.00,25.60,32.60,28.30,30.20,16.80,OPEN_METEO_ERA5_LAND,shenzhen
2019-05-27,28.70,24.10,25.70,33.20,28.80,30.70,24.30,OPEN_METEO_ERA5_LAND,shenzhen
2019-05-28,27.10,24.10,25.40,32.80,28.70,30.70,23.40,OPEN_METEO_ERA5_LAND,shenzhen
2019-05-29,25.30,22.90,23.70,29.20,25.20,27.10,91.70,OPEN_METEO_ERA5_LAND,shenzhen
2019-05-30,25.80,22.40,23.50,28.90,25.00,26.40,26.90,OPEN_METEO_ERA5_LAND,shenzhen
2019-05-31,26.60,23.30,24.80,31.80,27.20,29.50,12.70,OPEN_METEO_ERA5_LAND,shenzhen
2019-06-01,27.50,24.20,25.70,32.20,28.30,30.40,14.80,OPEN_METEO_ERA5_LAND,shenzhen
2019-06-02,27.70,24.90,26.20,33.50,28.80,30.80,17.60,OPEN_METEO_ERA5_LAND,shenzhen
2019-06-03,28.20,24.30,25.70,32.10,28.50,30.10,31.80,OPEN_METEO_ERA5_LAND,shenzhen
2019-06-04,31.00,24.60,26.70,37.50,29.70,32.30,11.00,OPEN_METEO_ERA5_LAND,shenzhen
2019-06-05,29.10,25.10,26.90,34.70,29.80,32.60,7.10,OPEN_METEO_ERA5_LAND,shenzhen
2019-06-06,30.40,26.00,27.70,36.10,31.40,33.40,0.90,OPEN_METEO_ERA5_LAND,shenzhen
2019-06-07,30.90,25.90,28.10,36.30,31.60,33.70,0.20,OPEN_METEO_ERA5_LAND,shenzhen
2019-06-08,30.80,26.40,28.20,37.20,32.00,33.70,0.30,OPEN_METEO_ERA5_LAND,shenzhen
2019-06-09,30.40,26.60,28.10,35.00,31.10,33.10,1.70,OPEN_METEO_ERA5_LAND,shenzhen
2019-06-10,29.80,24.90,27.60,34.70,30.10,32.80,3.80,OPEN_METEO_ERA5_LAND,shenzhen
2019-06-11,29.10,24.60,26.50,35.50,29.50,32.40,33.70,OPEN_METEO_ERA5_LAND,shenzhen
2019-06-12,29.70,25.40,26.60,34.80,30.60,32.30,13.00,OPEN_METEO_ERA5_LAND,shenzhen
2019-06-13,29.50,25.20,26.90,35.50,30.50,32.60,25.80,OPEN_METEO_ERA5_LAND,shenzhen
2019-06-14,30.70,23.30,27.00,36.40,26.60,31.60,15.70,OPEN_METEO_ERA5_LAND,shenzhen
2019-06-15,30.70,23.40,26.60,36.40,25.80,30.70,1.60,OPEN_METEO_ERA5_LAND,shenzhen
2019-06-16,29.30,24.80,26.50,33.50,28.40,30.10,0.00,OPEN_METEO_ERA5_LAND,shenzhen
2019-06-17,28.10,25.20,26.30,32.20,27.90,30.30,7.40,OPEN_METEO_ERA5_LAND,shenzhen
2019-06-18,29.20,25.40,27.20,35.60,31.20,33.20,7.60,OPEN_METEO_ERA5_LAND,shenzhen
2019-06-19,30.60,25.90,27.90,38.10,31.80,34.00,1.50,OPEN_METEO_ERA5_LAND,shenzhen
2019-06-20,30.60,26.50,28.20,37.60,32.80,34.30,1.70,OPEN_METEO_ERA5_LAND,shenzhen
2019-06-21,31.20,26.90,28.70,36.40,32.10,34.30,1.50,OPEN_METEO_ERA5_LAND,shenzhen
2019-06-22,31.30,27.00,28.90,37.00,32.00,34.30,1.90,OPEN_METEO_ERA5_LAND,shenzhen
2019-06-23,31.20,27.20,28.70,36.60,31.90,34.00,1.10,OPEN_METEO_ERA5_LAND,shenzhen
2019-06-24,29.30,25.60,27.00,35.00,30.70,32.70,13.10,OPEN_METEO_ERA5_LAND,shenzhen
2019-06-25,29.60,25.30,26.80,34.90,30.50,32.60,16.00,OPEN_METEO_ERA5_LAND,shenzhen
2019-06-26,29.70,24.40,26.40,36.40,29.30,31.90,14.60,OPEN_METEO_ERA5_LAND,shenzhen
2019-06-27,30.70,25.40,28.30,37.60,30.70,34.70,3.30,OPEN_METEO_ERA5_LAND,shenzhen
2019-06-28,30.70,27.20,28.70,38.30,33.10,35.30,1.40,OPEN_METEO_ERA5_LAND,shenzhen
2019-06-29,30.70,26.90,28.70,38.00,32.30,35.00,2.50,OPEN_METEO_ERA5_LAND,shenzhen
2019-06-30,32.10,26.70,28.40,40.00,32.90,35.10,27.80,OPEN_METEO_ERA5_LAND,shenzhen
2019-07-01,30.80,26.00,28.30,37.70,31.80,34.20,3.10,OPEN_METEO_ERA5_LAND,shenzhen
2019-07-02,29.90,26.10,27.70,36.20,31.00,33.10,4.80,OPEN_METEO_ERA5_LAND,shenzhen
2019-07-03,28.60,25.40,26.60,33.40,30.20,31.70,15.00,OPEN_METEO_ERA5_LAND,shenzhen
2019-07-04,30.30,25.70,27.80,35.10,30.20,32.70,8.40,OPEN_METEO_ERA5_LAND,shenzhen
2019-07-05,30.80,26.20,28.10,35.80,30.70,33.20,2.30,OPEN_METEO_ERA5_LAND,shenzhen
2019-07-06,30.80,26.60,28.30,36.30,31.60,33.60,1.80,OPEN_METEO_ERA5_LAND,shenzhen
2019-07-07,31.20,26.20,28.20,36.50,31.40,33.40,3.00,OPEN_METEO_ERA5_LAND,shenzhen
2019-07-08,30.30,26.60,28.10,35.70,31.80,33.40,2.30,OPEN_METEO_ERA5_LAND,shenzhen
2019-07-09,30.50,26.70,28.20,35.10,30.70,33.10,2.60,OPEN_METEO_ERA5_LAND,shenzhen
2019-07-10,28.10,25.60,26.60,33.30,30.80,32.00,17.30,OPEN_METEO_ERA5_LAND,shenzhen
2019-07-11,28.80,25.20,26.50,34.30,30.60,32.10,20.40,OPEN_METEO_ERA5_LAND,shenzhen
2019-07-12,30.10,25.10,27.80,36.60,30.10,33.30,2.40,OPEN_METEO_ERA5_LAND,shenzhen
2019-07-13,30.30,27.10,28.40,34.70,32.00,33.30,3.20,OPEN_METEO_ERA5_LAND,shenzhen
2019-07-14,30.60,27.10,28.30,36.50,32.40,34.20,2.50,OPEN_METEO_ERA5_LAND,shenzhen
2019-07-15,31.50,26.80,28.60,38.00,32.90,35.00,0.70,OPEN_METEO_ERA5_LAND,shenzhen
2019-07-16,32.00,25.80,28.70,39.00,32.20,35.30,0.80,OPEN_METEO_ERA5_LAND,shenzhen
2019-07-17,33.60,26.60,29.60,41.70,33.60,36.80,0.30,OPEN_METEO_ERA5_LAND,shenzhen
2019-07-18,33.60,27.40,29.80,42.20,34.50,37.20,6.50,OPEN_METEO_ERA5_LAND,shenzhen
2019-07-19,32.10,26.50,28.70,39.40,32.70,35.20,15.10,OPEN_METEO_ERA5_LAND,shenzhen
2019-07-20,29.70,26.90,28.00,36.40,33.20,34.20,8.60,OPEN_METEO_ERA5_LAND,shenzhen
2019-07-21,29.60,26.80,27.90,36.30,33.00,34.30,2.10,OPEN_METEO_ERA5_LAND,shenzhen
2019-07-22,28.60,25.90,27.10,34.30,31.80,33.30,9.20,OPEN_METEO_ERA5_LAND,shenzhen
2019-07-23,30.30,25.20,27.40,37.80,31.00,33.40,1.30,OPEN_METEO_ERA5_LAND,shenzhen
2019-07-24,30.20,25.70,27.80,38.10,31.40,34.20,1.60,OPEN_METEO_ERA5_LAND,shenzhen
2019-07-25,30.60,26.20,28.30,38.50,32.40,34.80,3.80,OPEN_METEO_ERA5_LAND,shenzhen
2019-07-26,31.50,26.10,28.70,37.40,32.50,34.70,0.80,OPEN_METEO_ERA5_LAND,shenzhen
2019-07-27,31.20,26.80,28.70,37.20,32.90,34.80,1.40,OPEN_METEO_ERA5_LAND,shenzhen
2019-07-28,29.80,26.10,27.80,36.30,32.10,33.90,3.20,OPEN_METEO_ERA5_LAND,shenzhen
2019-07-29,30.30,25.20,26.90,38.10,30.60,32.20,8.30,OPEN_METEO_ERA5_LAND,shenzhen
2019-07-30,30.00,25.60,27.00,35.90,29.60,31.30,7.30,OPEN_METEO_ERA5_LAND,shenzhen
2019-07-31,26.70,24.70,25.60,29.70,25.70,28.00,33.50,OPEN_METEO_ERA5_LAND,shenzhen
2019-08-01,25.70,24.80,25.30,29.10,27.00,28.10,72.60,OPEN_METEO_ERA5_LAND,shenzhen
2019-08-02,28.40,24.50,26.00,33.70,28.50,30.20,22.80,OPEN_METEO_ERA5_LAND,shenzhen
2019-08-03,26.60,24.60,25.60,31.50,28.80,30.20,16.10,OPEN_METEO_ERA5_LAND,shenzhen
2019-08-04,31.10,24.90,27.40,36.00,30.20,32.30,2.00,OPEN_METEO_ERA5_LAND,shenzhen
2019-08-05,32.30,24.90,28.40,39.40,30.10,34.10,0.80,OPEN_METEO_ERA5_LAND,shenzhen
2019-08-06,31.70,25.60,28.20,39.30,31.10,34.60,7.50,OPEN_METEO_ERA5_LAND,shenzhen
2019-08-07,32.40,25.60,28.60,39.50,31.70,34.80,4.70,OPEN_METEO_ERA5_LAND,shenzhen
2019-08-08,32.60,25.90,29.00,40.30,32.00,35.60,4.70,OPEN_METEO_ERA5_LAND,shenzhen
2019-08-09,34.30,26.40,30.10,42.20,32.20,36.90,0.20,OPEN_METEO_ERA5_LAND,shenzhen
2019-08-10,31.70,27.30,29.10,39.00,32.40,35.30,2.30,OPEN_METEO_ERA5_LAND,shenzhen
2019-08-11,31.00,25.90,28.50,38.10,30.50,34.40,13.90,OPEN_METEO_ERA5_LAND,shenzhen
2019-08-12,30.80,25.80,28.40,37.90,31.80,34.70,12.90,OPEN_METEO_ERA5_LAND,shenzhen
2019-08-13,31.50,25.50,28.40,39.30,30.50,34.70,11.30,OPEN_METEO_ERA5_LAND,shenzhen
2019-08-14,31.50,26.60,28.60,39.00,32.50,35.10,5.40,OPEN_METEO_ERA5_LAND,shenzhen
2019-08-15,30.10,25.70,28.10,37.00,31.80,34.30,15.80,OPEN_METEO_ERA5_LAND,shenzhen
2019-08-16,29.80,26.70,27.90,36.40,32.70,34.00,10.90,OPEN_METEO_ERA5_LAND,shenzhen
2019-08-17,29.50,26.10,27.20,36.30,31.60,33.00,14.80,OPEN_METEO_ERA5_LAND,shenzhen
2019-08-18,27.90,25.40,26.60,33.80,30.00,31.70,21.10,OPEN_METEO_ERA5_LAND,shenzhen
2019-08-19,30.60,25.20,26.90,38.20,30.80,33.00,29.40,OPEN_METEO_ERA5_LAND,shenzhen
2019-08-20,30.20,24.90,27.20,36.00,30.30,32.50,1.30,OPEN_METEO_ERA5_LAND,shenzhen
2019-08-21,31.70,25.00,28.00,37.70,30.80,33.60,0.00,OPEN_METEO_ERA5_LAND,shenzhen
2019-08-22,31.50,25.10,28.00,39.00,31.00,34.50,1.90,OPEN_METEO_ERA5_LAND,shenzhen
2019-08-23,30.70,25.70,27.60,38.30,31.70,34.20,14.00,OPEN_METEO_ERA5_LAND,shenzhen
2019-08-24,33.40,26.00,29.60,39.80,32.60,36.00,1.10,OPEN_METEO_ERA5_LAND,shenzhen
2019-08-25,29.70,26.00,27.80,35.20,30.50,33.00,30.20,OPEN_METEO_ERA5_LAND,shenzhen
2019-08-26,29.10,25.30,27.10,34.80,29.60,32.00,21.50,OPEN_METEO_ERA5_LAND,shenzhen
2019-08-27,30.90,25.60,27.80,39.20,31.10,34.40,2.60,OPEN_METEO_ERA5_LAND,shenzhen
2019-08-28,33.60,25.00,28.90,40.20,31.00,34.90,0.50,OPEN_METEO_ERA5_LAND,shenzhen
2019-08-29,30.30,26.40,27.50,35.60,30.60,32.10,5.40,OPEN_METEO_ERA5_LAND,shenzhen
2019-08-30,28.70,24.90,26.40,33.90,30.00,31.60,16.10,OPEN_METEO_ERA5_LAND,shenzhen
2019-08-31,26.90,24.60,25.60,32.10,28.80,30.60,12.10,OPEN_METEO_ERA5_LAND,shenzhen
2019-09-01,29.70,24.20,26.00,34.70,27.70,30.00,19.20,OPEN_METEO_ERA5_LAND,shenzhen
2019-09-02,27.50,24.20,25.70,31.00,27.30,29.20,13.00,OPEN_METEO_ERA5_LAND,shenzhen
2019-09-03,30.20,23.80,26.40,34.10,27.40,30.40,6.00,OPEN_METEO_ERA5_LAND,shenzhen
2019-09-04,27.30,24.40,25.60,31.00,28.10,29.60,13.10,OPEN_METEO_ERA5_LAND,shenzhen
2019-09-05,27.30,24.50,25.50,31.40,27.90,29.90,15.50,OPEN_METEO_ERA5_LAND,shenzhen
2019-09-06,31.00,24.60,27.50,36.60,29.20,32.90,0.70,OPEN_METEO_ERA5_LAND,shenzhen
2019-09-07,31.80,24.90,27.70,39.30,31.00,34.30,8.90,OPEN_METEO_ERA5_LAND,shenzhen
2019-09-08,32.40,25.80,28.60,40.40,32.00,35.70,4.60,OPEN_METEO_ERA5_LAND,shenzhen
2019-09-09,31.10,25.50,28.00,38.70,31.30,34.60,5.80,OPEN_METEO_ERA5_LAND,shenzhen
2019-09-10,31.30,25.40,28.00,37.10,31.40,33.90,1.40,OPEN_METEO_ERA5_LAND,shenzhen
2019-09-11,31.80,25.70,28.10,39.40,31.70,34.60,0.70,OPEN_METEO_ERA5_LAND,shenzhen
2019-09-12,31.80,25.70,28.50,38.10,31.10,34.70,1.00,OPEN_METEO_ERA5_LAND,shenzhen
2019-09-13,31.20,25.30,27.90,38.70,31.20,34.40,1.80,OPEN_METEO_ERA5_LAND,shenzhen
2019-09-14,30.30,24.80,27.40,36.80,29.90,33.60,4.00,OPEN_METEO_ERA5_LAND,shenzhen
2019-09-15,30.10,24.10,27.00,37.10,28.30,32.70,8.40,OPEN_METEO_ERA5_LAND,shenzhen
2019-09-16,30.50,24.60,27.10,37.00,29.80,32.80,8.30,OPEN_METEO_ERA5_LAND,shenzhen
2019-09-17,30.20,25.10,27.00,36.80,30.10,32.70,14.70,OPEN_METEO_ERA5_LAND,shenzhen
2019-09-18,31.50,24.90,27.60,35.90,30.40,32.70,1.60,OPEN_METEO_ERA5_LAND,shenzhen
2019-09-19,30.70,23.20,27.10,34.50,27.90,31.30,1.40,OPEN_METEO_ERA5_LAND,shenzhen
2019-09-20,30.00,22.80,26.00,31.80,25.10,28.70,0.00,OPEN_METEO_ERA5_LAND,shenzhen
2019-09-21,29.80,20.90,25.10,30.30,20.50,25.80,0.00,OPEN_METEO_ERA5_LAND,shenzhen
2019-09-22,28.80,20.20,24.50,29.00,19.40,24.90,0.00,OPEN_METEO_ERA5_LAND,shenzhen
2019-09-23,29.70,20.70,24.80,32.70,19.90,26.30,0.10,OPEN_METEO_ERA5_LAND,shenzhen
2019-09-24,30.10,22.10,25.60,32.60,25.50,28.80,0.00,OPEN_METEO_ERA5_LAND,shenzhen
2019-09-25,30.60,22.00,25.60,32.90,25.40,28.80,0.20,OPEN_METEO_ERA5_LAND,shenzhen
2019-09-26,29.30,21.70,25.60,32.40,25.10,29.00,0.50,OPEN_METEO_ERA5_LAND,shenzhen
2019-09-27,31.10,21.80,26.10,33.30,25.40,29.50,0.20,OPEN_METEO_ERA5_LAND,shenzhen
2019-09-28,32.00,21.90,26.50,33.70,25.90,29.80,0.00,OPEN_METEO_ERA5_LAND,shenzhen
2019-09-29,32.70,22.70,27.60,35.10,27.40,31.70,0.10,OPEN_METEO_ERA5_LAND,shenzhen
2019-09-30,33.80,22.90,28.50,35.70,26.90,31.90,0.00,OPEN_METEO_ERA5_LAND,shenzhen
2019-10-01,33.80,24.90,28.70,37.40,29.00,32.20,0.00,OPEN_METEO_ERA5_LAND,shenzhen
2019-10-02,32.80,25.50,28.30,35.80,30.80,32.70,0.00,OPEN_METEO_ERA5_LAND,shenzhen
2019-10-03,32.10,24.70,27.50,35.80,29.60,31.60,0.10,OPEN_METEO_ERA5_LAND,shenzhen
2019-10-04,31.10,24.00,27.10,34.70,28.40,31.30,0.20,OPEN_METEO_ERA5_LAND,shenzhen
2019-10-05,32.10,23.50,28.00,36.40,28.60,32.50,0.40,OPEN_METEO_ERA5_LAND,shenzhen
2019-10-06,31.20,23.60,27.00,32.40,25.10,29.90,4.30,OPEN_METEO_ERA5_LAND,shenzhen
2019-10-07,29.10,23.90,25.90,33.00,26.60,29.70,3.00,OPEN_METEO_ERA5_LAND,shenzhen
2019-10-08,29.90,23.70,26.30,34.80,28.10,30.80,0.50,OPEN_METEO_ERA5_LAND,shenzhen
2019-10-09,29.80,23.60,26.20,32.90,27.30,30.00,0.10,OPEN_METEO_ERA5_LAND,shenzhen
2019-10-10,29.00,23.70,25.80,34.10,27.90,30.60,1.50,OPEN_METEO_ERA5_LAND,shenzhen
2019-10-11,30.50,23.90,26.80,34.90,28.60,31.40,0.30,OPEN_METEO_ERA5_LAND,shenzhen
2019-10-12,30.90,25.20,27.20,36.30,30.10,32.60,2.10,OPEN_METEO_ERA5_LAND,shenzhen
2019-10-13,27.20,23.50,24.80,31.20,27.20,29.10,34.30,OPEN_METEO_ERA5_LAND,shenzhen
2019-10-14,28.30,22.40,24.30,32.00,23.30,27.70,10.00,OPEN_METEO_ERA5_LAND,shenzhen
2019-10-15,27.80,21.60,24.00,28.90,22.50,26.10,1.20,OPEN_METEO_ERA5_LAND,shenzhen
2019-10-16,28.30,21.00,24.10,30.10,22.10,25.80,0.10,OPEN_METEO_ERA5_LAND,shenzhen
2019-10-17,28.10,20.20,23.90,29.40,19.60,25.50,0.00,OPEN_METEO_ERA5_LAND,shenzhen
2019-10-18,28.50,19.80,24.00,29.50,18.90,25.50,0.00,OPEN_METEO_ERA5_LAND,shenzhen
2019-10-19,29.60,20.60,24.30,30.90,20.50,26.00,0.00,OPEN_METEO_ERA5_LAND,shenzhen
2019-10-20,28.60,21.00,24.00,30.70,23.80,26.50,0.00,OPEN_METEO_ERA5_LAND,shenzhen
2019-10-21,28.30,20.00,23.40,29.90,22.30,25.50,0.00,OPEN_METEO_ERA5_LAND,shenzhen
2019-10-22,26.60,19.40,22.70,28.00,20.90,23.80,0.00,OPEN_METEO_ERA5_LAND,shenzhen
2019-10-23,27.80,20.30,23.70,29.70,22.60,25.40,0.00,OPEN_METEO_ERA5_LAND,shenzhen
2019-10-24,29.00,21.10,24.60,30.50,22.60,26.60,0.00,OPEN_METEO_ERA5_LAND,shenzhen
2019-10-25,28.50,21.50,24.70,30.20,22.90,26.70,0.00,OPEN_METEO_ERA5_LAND,shenzhen
2019-10-26,28.40,22.80,24.90,30.40,24.90,27.30,0.20,OPEN_METEO_ERA5_LAND,shenzhen
2019-10-27,29.40,19.20,24.10,32.40,18.80,25.70,0.00,OPEN_METEO_ERA5_LAND,shenzhen
2019-10-28,28.30,20.00,23.80,30.90,19.10,25.60,1.60,OPEN_METEO_ERA5_LAND,shenzhen
2019-10-29,26.60,17.20,21.70,25.90,15.30,20.60,0.00,OPEN_METEO_ERA5_LAND,shenzhen
2019-10-30,27.80,18.00,22.60,26.80,15.50,21.10,0.00,OPEN_METEO_ERA5_LAND,shenzhen
2019-10-31,25.90,20.00,22.50,25.20,18.00,21.90,0.50,OPEN_METEO_ERA5_LAND,shenzhen
2019-11-01,28.60,20.70,24.00,29.60,21.60,25.70,0.00,OPEN_METEO_ERA5_LAND,shenzhen
2019-11-02,30.70,21.20,24.70,32.90,23.50,26.90,0.00,OPEN_METEO_ERA5_LAND,shenzhen
2019-11-03,30.50,20.70,25.20,30.20,22.90,25.90,0.00,OPEN_METEO_ERA5_LAND,shenzhen
2019-11-04,29.20,20.80,24.40,27.50,18.10,22.50,0.00,OPEN_METEO_ERA5_LAND,shenzhen
2019-11-05,27.80,18.60,22.80,26.20,16.20,21.30,0.00,OPEN_METEO_ERA5_LAND,shenzhen
2019-11-06,28.40,17.70,22.60,27.90,15.80,22.50,0.00,OPEN_METEO_ERA5_LAND,shenzhen
2019-11-07,27.50,18.00,22.60,25.50,15.90,21.10,0.00,OPEN_METEO_ERA5_LAND,shenzhen
2019-11-08,27.10,17.70,21.90,25.30,14.70,19.50,0.00,OPEN_METEO_ERA5_LAND,shenzhen
2019-11-09,26.70,16.60,21.10,25.70,14.20,19.90,0.00,OPEN_METEO_ERA5_LAND,shenzhen
2019-11-10,27.40,16.60,21.30,25.80,17.30,21.50,0.00,OPEN_METEO_ERA5_LAND,shenzhen
2019-11-11,27.40,16.60,21.50,26.60,17.60,21.50,0.00,OPEN_METEO_ERA5_LAND,shenzhen
2019-11-12,25.90,19.00,22.10,26.80,20.80,23.20,0.00,OPEN_METEO_ERA5_LAND,shenzhen
2019-11-13,30.70,19.30,23.80,30.30,20.70,25.20,0.00,OPEN_METEO_ERA5_LAND,shenzhen
2019-11-14,26.40,17.80,22.00,26.20,15.20,21.00,0.00,OPEN_METEO_ERA5_LAND,shenzhen
2019-11-15,27.20,17.70,21.50,29.20,18.50,22.30,0.00,OPEN_METEO_ERA5_LAND,shenzhen
2019-11-16,26.20,18.60,21.40,27.00,19.50,22.00,0.00,OPEN_METEO_ERA5_LAND,shenzhen
2019-11-17,28.60,18.50,22.40,30.40,20.30,24.50,0.00,OPEN_METEO_ERA5_LAND,shenzhen
2019-11-18,28.90,17.50,22.60,29.50,14.50,22.90,0.00,OPEN_METEO_ERA5_LAND,shenzhen
2019-11-19,23.40,12.80,18.20,21.80,9.00,15.80,0.00,OPEN_METEO_ERA5_LAND,shenzhen
2019-11-20,24.60,14.40,19.20,23.70,11.30,17.60,0.00,OPEN_METEO_ERA5_LAND,shenzhen
2019-11-21,25.90,15.10,20.20,24.80,13.20,19.60,0.00,OPEN_METEO_ERA5_LAND,shenzhen
2019-11-22,27.30,15.70,20.70,27.30,14.20,20.30,0.00,OPEN_METEO_ERA5_LAND,shenzhen
2019-11-23,27.70,16.90,21.50,28.30,18.00,22.80,0.00,OPEN_METEO_ERA5_LAND,shenzhen
2019-11-24,28.50,17.30,22.00,29.80,18.70,23.70,0.00,OPEN_METEO_ERA5_LAND,shenzhen
2019-11-25,29.20,20.50,23.40,29.10,19.20,24.10,0.00,OPEN_METEO_ERA5_LAND,shenzhen
2019-11-26,25.10,15.80,20.50,24.20,13.10,19.30,0.00,OPEN_METEO_ERA5_LAND,shenzhen
2019-11-27,27.90,17.10,22.10,29.00,15.70,22.80,0.00,OPEN_METEO_ERA5_LAND,shenzhen
2019-11-28,21.70,13.20,17.40,18.50,9.40,13.90,0.00,OPEN_METEO_ERA5_LAND,shenzhen
2019-11-29,22.60,12.10,16.70,20.90,8.50,14.10,0.00,OPEN_METEO_ERA5_LAND,shenzhen
2019-11-30,24.40,12.40,18.20,23.50,10.30,17.20,0.00,OPEN_METEO_ERA5_LAND,shenzhen
2019-12-01,27.00,15.10,20.20,26.10,13.90,19.30,0.00,OPEN_METEO_ERA5_LAND,shenzhen
2019-12-02,19.50,11.00,15.30,15.30,6.70,11.00,0.00,OPEN_METEO_ERA5_LAND,shenzhen
2019-12-03,19.10,9.90,14.10,15.00,4.80,9.50,0.00,OPEN_METEO_ERA5_LAND,shenzhen
2019-12-04,21.30,9.70,15.50,16.30,4.90,10.70,0.00,OPEN_METEO_ERA5_LAND,shenzhen
2019-12-05,16.20,12.20,13.80,10.70,7.40,8.80,0.70,OPEN_METEO_ERA5_LAND,shenzhen
2019-12-06,19.30,12.00,14.80,13.70,7.00,9.70,0.70,OPEN_METEO_ERA5_LAND,shenzhen
2019-12-07,20.10,9.10,14.20,14.70,4.30,9.40,0.00,OPEN_METEO_ERA5_LAND,shenzhen
2019-12-08,20.00,8.90,14.00,15.50,4.40,9.90,0.00,OPEN_METEO_ERA5_LAND,shenzhen
2019-12-09,21.10,9.70,14.80,17.70,6.10,12.00,0.00,OPEN_METEO_ERA5_LAND,shenzhen
2019-12-10,22.60,11.20,16.60,21.40,10.00,15.60,0.00,OPEN_METEO_ERA5_LAND,shenzhen
2019-12-11,24.40,12.20,17.30,22.70,10.20,15.80,0.00,OPEN_METEO_ERA5_LAND,shenzhen
2019-12-12,22.80,12.50,17.70,21.40,11.10,16.50,0.10,OPEN_METEO_ERA5_LAND,shenzhen
2019-12-13,23.40,16.20,18.70,22.00,14.90,17.60,0.00,OPEN_METEO_ERA5_LAND,shenzhen
2019-12-14,25.20,14.80,18.90,24.50,14.20,18.40,0.00,OPEN_METEO_ERA5_LAND,shenzhen
2019-12-15,22.60,16.00,19.00,22.10,15.10,18.60,0.00,OPEN_METEO_ERA5_LAND,shenzhen
2019-12-16,25.40,17.90,20.80,25.30,17.40,20.50,0.00,OPEN_METEO_ERA5_LAND,shenzhen
2019-12-17,27.80,18.30,22.50,29.00,19.20,23.60,0.00,OPEN_METEO_ERA5_LAND,shenzhen
2019-12-18,28.00,18.70,22.30,29.00,19.30,23.70,0.10,OPEN_METEO_ERA5_LAND,shenzhen
2019-12-19,23.80,16.10,19.10,23.70,13.70,18.10,0.00,OPEN_METEO_ERA5_LAND,shenzhen
2019-12-20,23.50,11.90,17.60,23.20,8.80,16.20,0.30,OPEN_METEO_ERA5_LAND,shenzhen
2019-12-21,22.70,14.40,18.10,23.30,12.60,17.70,0.20,OPEN_METEO_ERA5_LAND,shenzhen
2019-12-22,25.70,16.00,20.30,25.80,16.80,21.10,0.00,OPEN_METEO_ERA5_LAND,shenzhen
2019-12-23,23.30,14.80,18.80,23.10,13.80,18.60,0.00,OPEN_METEO_ERA5_LAND,shenzhen
2019-12-24,25.30,17.50,20.10,26.40,18.10,21.00,0.00,OPEN_METEO_ERA5_LAND,shenzhen
2019-12-25,24.20,16.80,19.30,25.10,17.70,19.80,0.00,OPEN_METEO_ERA5_LAND,shenzhen
2019-12-26,25.90,15.50,19.70,24.70,12.20,19.10,0.00,OPEN_METEO_ERA5_LAND,shenzhen
2019-12-27,21.00,10.70,15.60,18.50,6.20,12.50,0.00,OPEN_METEO_ERA5_LAND,shenzhen
2019-12-28,22.00,11.40,16.60,21.20,8.50,14.90,0.00,OPEN_METEO_ERA5_LAND,shenzhen
2019-12-29,21.00,16.50,18.20,21.00,15.80,18.20,7.90,OPEN_METEO_ERA5_LAND,shenzhen
2019-12-30,22.80,17.00,19.50,24.70,18.40,21.20,2.30,OPEN_METEO_ERA5_LAND,shenzhen
2019-12-31,21.60,15.80,18.40,21.10,13.40,17.90,0.00,OPEN_METEO_ERA5_LAND,shenzhen
2020-01-01,20.10,13.30,16.30,19.50,11.80,15.50,0.00,OPEN_METEO_ERA5_LAND,shenzhen
2020-01-02,23.00,14.70,17.60,23.20,14.30,17.90,0.00,OPEN_METEO_ERA5_LAND,shenzhen
2020-01-03,23.60,14.90,18.00,24.10,15.10,18.20,0.00,OPEN_METEO_ERA5_LAND,shenzhen
2020-01-04,24.50,15.20,18.50,24.90,15.80,18.90,0.00,OPEN_METEO_ERA5_LAND,shenzhen
2020-01-05,22.50,16.30,18.90,22.20,16.00,18.50,0.00,OPEN_METEO_ERA5_LAND,shenzhen
2020-01-06,24.30,17.60,20.00,24.20,17.10,19.50,0.00,OPEN_METEO_ERA5_LAND,shenzhen
2020-01-07,26.10,17.60,21.60,27.80,18.40,23.20,0.10,OPEN_METEO_ERA5_LAND,shenzhen
2020-01-08,26.20,16.50,20.30,24.50,13.80,19.40,0.00,OPEN_METEO_ERA5_LAND,shenzhen
2020-01-09,20.70,16.50,18.10,19.60,14.80,16.90,0.00,OPEN_METEO_ERA5_LAND,shenzhen
2020-01-10,24.10,16.70,19.10,24.20,16.50,19.10,0.00,OPEN_METEO_ERA5_LAND,shenzhen
2020-01-11,25.10,15.40,19.80,25.80,12.50,19.80,0.80,OPEN_METEO_ERA5_LAND,shenzhen
2020-01-12,20.20,10.70,15.60,17.50,6.50,12.70,0.50,OPEN_METEO_ERA5_LAND,shenzhen
2020-01-13,22.80,11.40,16.10,22.80,8.50,15.00,0.50,OPEN_METEO_ERA5_LAND,shenzhen
2020-01-14,22.00,13.90,17.50,21.60,13.00,16.70,0.00,OPEN_METEO_ERA5_LAND,shenzhen
2020-01-15,22.80,15.80,18.50,22.30,14.80,17.90,0.00,OPEN_METEO_ERA5_LAND,shenzhen
2020-01-16,25.10,16.00,19.70,26.60,14.20,19.80,0.10,OPEN_METEO_ERA5_LAND,shenzhen
2020-01-17,20.60,12.40,16.20,18.20,8.80,13.40,0.00,OPEN_METEO_ERA5_LAND,shenzhen
2020-01-18,20.30,10.10,15.30,19.50,6.50,13.30,0.00,OPEN_METEO_ERA5_LAND,shenzhen
2020-01-19,16.50,13.10,14.90,16.80,10.20,13.50,1.70,OPEN_METEO_ERA5_LAND,shenzhen
2020-01-20,21.70,11.10,15.90,21.80,8.20,14.40,0.00,OPEN_METEO_ERA5_LAND,shenzhen
2020-01-21,20.80,13.80,17.00,19.80,13.80,16.60,0.20,OPEN_METEO_ERA5_LAND,shenzhen
2020-01-22,25.80,16.40,20.00,26.90,16.60,20.70,0.00,OPEN_METEO_ERA5_LAND,shenzhen
2020-01-23,27.80,18.10,21.50,28.60,19.30,22.80,0.00,OPEN_METEO_ERA5_LAND,shenzhen
2020-01-24,26.10,19.20,21.50,26.80,20.10,23.00,0.50,OPEN_METEO_ERA5_LAND,shenzhen
2020-01-25,25.40,15.60,19.60,25.30,14.40,19.40,5.60,OPEN_METEO_ERA5_LAND,shenzhen
2020-01-26,15.60,11.00,13.70,13.90,8.00,11.70,14.00,OPEN_METEO_ERA5_LAND,shenzhen
2020-01-27,16.60,7.10,11.50,14.10,3.60,8.60,0.00,OPEN_METEO_ERA5_LAND,shenzhen
2020-01-28,16.00,7.30,10.80,13.00,3.40,7.40,0.80,OPEN_METEO_ERA5_LAND,shenzhen
2020-01-29,16.80,7.30,11.30,13.50,3.20,7.80,0.00,OPEN_METEO_ERA5_LAND,shenzhen
2020-01-30,17.50,7.20,11.90,13.40,2.40,7.80,0.00,OPEN_METEO_ERA5_LAND,shenzhen
2020-01-31,17.70,7.20,12.10,15.60,3.40,8.90,0.00,OPEN_METEO_ERA5_LAND,shenzhen
2020-02-01,17.10,9.80,13.30,14.40,7.70,11.20,0.00,OPEN_METEO_ERA5_LAND,shenzhen
2020-02-02,19.80,13.10,15.90,18.70,11.50,14.30,0.00,OPEN_METEO_ERA5_LAND,shenzhen
2020-02-03,21.30,13.60,17.00,20.60,11.60,16.00,1.30,OPEN_METEO_ERA5_LAND,shenzhen
2020-02-04,21.00,12.90,16.20,20.90,11.20,15.50,2.50,OPEN_METEO_ERA5_LAND,shenzhen
2020-02-05,20.40,13.40,16.40,19.90,12.30,15.60,0.00,OPEN_METEO_ERA5_LAND,shenzhen
2020-02-06,19.40,14.40,16.50,17.90,11.80,14.80,0.10,OPEN_METEO_ERA5_LAND,shenzhen
2020-02-07,21.30,15.70,18.00,21.30,14.10,17.60,0.10,OPEN_METEO_ERA5_LAND,shenzhen
2020-02-08,21.20,12.30,15.90,19.80,9.50,14.00,0.00,OPEN_METEO_ERA5_LAND,shenzhen
2020-02-09,20.40,11.20,14.90,18.40,8.00,12.80,0.00,OPEN_METEO_ERA5_LAND,shenzhen
2020-02-10,20.10,11.00,15.60,18.70,9.20,14.20,0.00,OPEN_METEO_ERA5_LAND,shenzhen
2020-02-11,20.80,15.50,17.70,20.50,15.00,17.40,1.00,OPEN_METEO_ERA5_LAND,shenzhen
2020-02-12,25.40,15.90,20.30,27.30,16.90,22.00,1.30,OPEN_METEO_ERA5_LAND,shenzhen
2020-02-13,22.60,17.60,19.10,24.60,19.00,21.00,12.60,OPEN_METEO_ERA5_LAND,shenzhen
2020-02-14,23.20,17.90,19.80,24.90,18.60,21.10,8.80,OPEN_METEO_ERA5_LAND,shenzhen
2020-02-15,23.30,19.30,21.00,25.50,20.10,22.70,10.50,OPEN_METEO_ERA5_LAND,shenzhen
2020-02-16,16.40,8.70,11.50,14.20,4.90,7.80,10.60,OPEN_METEO_ERA5_LAND,shenzhen
2020-02-17,15.50,6.90,10.70,12.00,1.70,6.40,0.00,OPEN_METEO_ERA5_LAND,shenzhen
2020-02-18,16.70,7.10,11.80,15.50,2.90,8.90,0.00,OPEN_METEO_ERA5_LAND,shenzhen
2020-02-19,19.80,10.30,14.30,20.20,8.10,13.00,0.00,OPEN_METEO_ERA5_LAND,shenzhen
2020-02-20,20.10,12.50,16.10,18.40,10.90,14.60,0.00,OPEN_METEO_ERA5_LAND,shenzhen
2020-02-21,22.30,14.40,17.50,22.90,12.50,16.70,0.00,OPEN_METEO_ERA5_LAND,shenzhen
2020-02-22,25.40,14.10,18.70,26.70,13.70,18.50,0.00,OPEN_METEO_ERA5_LAND,shenzhen
2020-02-23,24.60,15.50,18.70,25.50,14.30,17.80,0.00,OPEN_METEO_ERA5_LAND,shenzhen
2020-02-24,22.60,16.10,18.80,22.60,14.40,18.20,0.10,OPEN_METEO_ERA5_LAND,shenzhen
2020-02-25,26.00,17.40,21.20,28.30,18.00,22.80,1.30,OPEN_METEO_ERA5_LAND,shenzhen
2020-02-26,26.30,17.70,21.70,29.80,19.50,24.20,1.40,OPEN_METEO_ERA5_LAND,shenzhen
2020-02-27,23.80,17.20,19.90,24.50,16.40,20.30,0.00,OPEN_METEO_ERA5_LAND,shenzhen
2020-02-28,25.30,16.00,19.80,26.90,15.10,19.90,0.00,OPEN_METEO_ERA5_LAND,shenzhen
2020-02-29,27.50,17.00,21.20,30.10,18.00,22.70,0.00,OPEN_METEO_ERA5_LAND,shenzhen
2020-03-01,27.50,17.20,22.20,29.40,18.90,24.50,0.00,OPEN_METEO_ERA5_LAND,shenzhen
2020-03-02,22.90,17.40,19.70,22.30,16.00,18.80,0.00,OPEN_METEO_ERA5_LAND,shenzhen
2020-03-03,23.70,16.30,19.40,24.10,15.30,19.00,0.70,OPEN_METEO_ERA5_LAND,shenzhen
2020-03-04,23.90,14.50,19.00,24.60,12.80,19.40,8.70,OPEN_METEO_ERA5_LAND,shenzhen
2020-03-05,21.30,12.70,16.30,21.10,10.80,15.60,2.10,OPEN_METEO_ERA5_LAND,shenzhen
2020-03-06,21.10,15.70,17.60,21.40,14.60,17.10,0.10,OPEN_METEO_ERA5_LAND,shenzhen
2020-03-07,25.70,17.70,20.90,27.10,18.10,22.20,0.10,OPEN_METEO_ERA5_LAND,shenzhen
2020-03-08,25.90,19.60,22.10,27.00,21.80,23.90,0.30,OPEN_METEO_ERA5_LAND,shenzhen
2020-03-09,25.50,21.10,22.80,26.60,23.60,25.10,1.70,OPEN_METEO_ERA5_LAND,shenzhen
2020-03-10,24.10,16.90,20.60,26.20,14.40,19.60,3.50,OPEN_METEO_ERA5_LAND,shenzhen
2020-03-11,20.40,14.30,16.80,19.70,11.90,15.40,5.60,OPEN_METEO_ERA5_LAND,shenzhen
2020-03-12,23.00,17.60,20.10,24.00,16.60,20.50,0.70,OPEN_METEO_ERA5_LAND,shenzhen
2020-03-13,26.30,20.10,22.40,29.00,21.80,24.90,0.10,OPEN_METEO_ERA5_LAND,shenzhen
2020-03-14,25.00,16.60,20.20,24.90,15.00,19.90,5.30,OPEN_METEO_ERA5_LAND,shenzhen
2020-03-15,23.30,14.50,18.50,23.90,12.40,17.60,0.00,OPEN_METEO_ERA5_LAND,shenzhen
2020-03-16,21.60,16.00,18.90,20.50,15.50,18.10,0.00,OPEN_METEO_ERA5_LAND,shenzhen
2020-03-17,24.20,17.60,20.10,24.40,17.50,20.50,0.10,OPEN_METEO_ERA5_LAND,shenzhen
2020-03-18,24.70,17.70,20.30,26.90,18.70,21.90,7.00,OPEN_METEO_ERA5_LAND,shenzhen
2020-03-19,24.80,18.30,21.00,26.60,20.30,23.20,6.80,OPEN_METEO_ERA5_LAND,shenzhen
2020-03-20,24.80,19.70,21.20,27.20,20.70,23.20,1.00,OPEN_METEO_ERA5_LAND,shenzhen
2020-03-21,24.90,20.10,22.00,26.80,21.60,24.30,1.30,OPEN_METEO_ERA5_LAND,shenzhen
2020-03-22,26.60,20.90,22.90,29.60,24.20,26.10,0.50,OPEN_METEO_ERA5_LAND,shenzhen
2020-03-23,28.20,19.50,23.40,31.50,22.10,26.40,0.00,OPEN_METEO_ERA5_LAND,shenzhen
2020-03-24,26.90,19.80,21.80,29.20,20.20,22.90,0.00,OPEN_METEO_ERA5_LAND,shenzhen
2020-03-25,26.70,19.90,22.10,29.20,21.10,23.60,0.00,OPEN_METEO_ERA5_LAND,shenzhen
2020-03-26,27.00,20.40,23.00,29.30,22.60,25.40,1.30,OPEN_METEO_ERA5_LAND,shenzhen
2020-03-27,28.20,20.80,23.60,31.50,23.80,26.50,0.10,OPEN_METEO_ERA5_LAND,shenzhen
2020-03-28,26.80,17.70,22.40,30.10,16.00,23.90,3.80,OPEN_METEO_ERA5_LAND,shenzhen
2020-03-29,24.80,16.30,20.50,24.10,14.30,19.60,0.10,OPEN_METEO_ERA5_LAND,shenzhen
2020-03-30,23.20,18.10,20.50,25.20,18.60,21.50,10.30,OPEN_METEO_ERA5_LAND,shenzhen
2020-03-31,24.70,16.70,20.50,27.50,17.10,21.90,8.60,OPEN_METEO_ERA5_LAND,shenzhen
2020-04-01,23.40,15.30,18.60,25.30,13.70,18.90,4.10,OPEN_METEO_ERA5_LAND,shenzhen
2020-04-02,23.90,18.40,20.60,25.10,17.40,20.80,0.00,OPEN_METEO_ERA5_LAND,shenzhen
2020-04-03,24.00,18.60,20.90,25.40,19.40,21.70,3.10,OPEN_METEO_ERA5_LAND,shenzhen
2020-04-04,24.70,17.00,20.30,25.40,17.10,21.10,0.70,OPEN_METEO_ERA5_LAND,shenzhen
2020-04-05,18.50,15.70,17.10,18.10,15.10,16.80,10.50,OPEN_METEO_ERA5_LAND,shenzhen
2020-04-06,17.30,15.60,16.30,17.60,15.20,16.20,22.40,OPEN_METEO_ERA5_LAND,shenzhen
2020-04-07,22.70,14.70,18.40,23.70,14.10,18.80,0.70,OPEN_METEO_ERA5_LAND,shenzhen
2020-04-08,23.20,17.40,19.60,24.30,17.90,20.00,0.90,OPEN_METEO_ERA5_LAND,shenzhen
2020-04-09,25.30,16.90,20.30,28.10,17.60,21.20,0.00,OPEN_METEO_ERA5_LAND,shenzhen
2020-04-10,23.50,17.80,20.30,24.00,17.20,20.30,0.00,OPEN_METEO_ERA5_LAND,shenzhen
2020-04-11,26.00,18.20,22.00,28.10,16.80,23.90,6.20,OPEN_METEO_ERA5_LAND,shenzhen
2020-04-12,21.30,14.40,18.00,19.60,11.70,15.90,0.60,OPEN_METEO_ERA5_LAND,shenzhen
2020-04-13,22.30,12.50,17.50,21.70,8.80,15.50,0.00,OPEN_METEO_ERA5_LAND,shenzhen
2020-04-14,23.60,16.30,19.60,25.00,15.90,19.70,0.00,OPEN_METEO_ERA5_LAND,shenzhen
2020-04-15,24.70,14.50,19.70,25.80,14.50,20.50,0.00,OPEN_METEO_ERA5_LAND,shenzhen
2020-04-16,26.30,16.50,20.90,29.40,18.00,22.90,0.00,OPEN_METEO_ERA5_LAND,shenzhen
2020-04-17,28.40,19.20,22.90,31.50,21.30,25.10,0.00,OPEN_METEO_ERA5_LAND,shenzhen
2020-04-18,27.20,19.70,23.00,29.50,22.10,25.50,0.00,OPEN_METEO_ERA5_LAND,shenzhen
2020-04-19,28.40,20.20,24.30,31.30,23.10,27.60,0.50,OPEN_METEO_ERA5_LAND,shenzhen
2020-04-20,29.50,21.80,24.80,33.00,26.00,28.40,0.30,OPEN_METEO_ERA5_LAND,shenzhen
2020-04-21,28.30,23.00,25.00,31.20,27.10,28.70,1.20,OPEN_METEO_ERA5_LAND,shenzhen
2020-04-22,23.60,18.90,22.20,28.10,19.70,24.20,10.10,OPEN_METEO_ERA5_LAND,shenzhen
2020-04-23,21.60,18.40,19.70,22.60,18.70,20.70,4.80,OPEN_METEO_ERA5_LAND,shenzhen
2020-04-24,21.20,15.80,18.10,21.60,16.10,18.10,1.90,OPEN_METEO_ERA5_LAND,shenzhen
2020-04-25,22.90,15.90,19.10,24.00,16.80,20.30,0.20,OPEN_METEO_ERA5_LAND,shenzhen
2020-04-26,26.60,17.80,21.60,28.80,19.10,23.60,1.10,OPEN_METEO_ERA5_LAND,shenzhen
2020-04-27,27.50,18.70,22.90,30.50,20.40,24.60,0.00,OPEN_METEO_ERA5_LAND,shenzhen
2020-04-28,28.30,19.20,22.80,29.80,20.40,23.70,0.00,OPEN_METEO_ERA5_LAND,shenzhen
2020-04-29,27.50,19.30,22.70,29.20,20.50,24.00,0.00,OPEN_METEO_ERA5_LAND,shenzhen
2020-04-30,29.20,19.20,23.50,31.50,21.60,25.80,0.00,OPEN_METEO_ERA5_LAND,shenzhen
2020-05-01,29.40,20.90,24.40,32.50,24.20,27.70,0.80,OPEN_METEO_ERA5_LAND,shenzhen
2020-05-02,29.90,21.00,24.90,33.30,24.50,28.10,0.00,OPEN_METEO_ERA5_LAND,shenzhen
2020-05-03,32.40,22.50,26.40,36.00,26.30,30.00,0.00,OPEN_METEO_ERA5_LAND,shenzhen
2020-05-04,32.60,23.70,27.20,37.10,28.10,31.10,0.00,OPEN_METEO_ERA5_LAND,shenzhen
2020-05-05,31.10,24.50,27.20,34.20,28.70,30.70,0.00,OPEN_METEO_ERA5_LAND,shenzhen
2020-05-06,31.90,25.00,27.70,35.80,30.00,32.10,1.00,OPEN_METEO_ERA5_LAND,shenzhen
2020-05-07,31.10,25.60,27.50,35.10,30.50,32.20,6.00,OPEN_METEO_ERA5_LAND,shenzhen
2020-05-08,31.10,25.60,27.80,35.10,30.10,32.30,1.80,OPEN_METEO_ERA5_LAND,shenzhen
2020-05-09,31.50,25.80,28.10,35.70,31.30,32.70,1.20,OPEN_METEO_ERA5_LAND,shenzhen
2020-05-10,32.70,25.70,28.10,37.70,30.90,33.30,2.90,OPEN_METEO_ERA5_LAND,shenzhen
2020-05-11,31.60,24.50,27.10,37.90,29.60,32.80,19.40,OPEN_METEO_ERA5_LAND,shenzhen
2020-05-12,29.60,23.40,26.00,35.30,27.90,31.00,38.40,OPEN_METEO_ERA5_LAND,shenzhen
2020-05-13,28.90,24.00,25.50,34.00,26.70,29.60,5.10,OPEN_METEO_ERA5_LAND,shenzhen
2020-05-14,29.00,24.20,26.20,33.50,27.10,30.00,0.80,OPEN_METEO_ERA5_LAND,shenzhen
2020-05-15,30.70,24.80,27.30,35.30,29.70,32.00,0.40,OPEN_METEO_ERA5_LAND,shenzhen
2020-05-16,31.60,24.30,27.40,37.20,29.70,32.90,1.10,OPEN_METEO_ERA5_LAND,shenzhen
2020-05-17,31.70,24.70,27.60,37.70,30.50,33.00,2.90,OPEN_METEO_ERA5_LAND,shenzhen
2020-05-18,26.90,23.50,25.50,31.80,27.20,29.80,19.90,OPEN_METEO_ERA5_LAND,shenzhen
2020-05-19,29.50,23.20,26.00,36.10,28.20,31.20,16.30,OPEN_METEO_ERA5_LAND,shenzhen
2020-05-20,29.40,23.30,26.00,35.80,27.50,30.60,6.10,OPEN_METEO_ERA5_LAND,shenzhen
2020-05-21,27.80,24.70,26.20,33.30,29.00,31.20,43.50,OPEN_METEO_ERA5_LAND,shenzhen
2020-05-22,29.20,24.20,26.30,35.80,28.50,31.50,47.20,OPEN_METEO_ERA5_LAND,shenzhen
2020-05-23,28.20,24.00,25.60,32.90,27.70,29.80,0.80,OPEN_METEO_ERA5_LAND,shenzhen
2020-05-24,28.70,23.60,25.80,34.20,28.00,30.20,2.10,OPEN_METEO_ERA5_LAND,shenzhen
2020-05-25,28.30,24.20,26.20,33.80,29.30,31.10,23.10,OPEN_METEO_ERA5_LAND,shenzhen
2020-05-26,29.30,24.20,26.60,36.00,29.00,32.10,12.70,OPEN_METEO_ERA5_LAND,shenzhen
2020-05-27,28.70,24.80,25.90,34.40,29.80,31.30,18.10,OPEN_METEO_ERA5_LAND,shenzhen
2020-05-28,28.90,23.70,25.90,35.20,28.10,31.10,13.00,OPEN_METEO_ERA5_LAND,shenzhen
2020-05-29,30.50,24.00,26.60,36.90,28.60,32.00,6.50,OPEN_METEO_ERA5_LAND,shenzhen
2020-05-30,27.00,24.40,25.50,31.50,28.40,30.20,24.80,OPEN_METEO_ERA5_LAND,shenzhen
2020-05-31,27.40,24.70,25.90,32.40,29.40,31.00,29.40,OPEN_METEO_ERA5_LAND,shenzhen
2020-06-01,29.40,25.50,26.80,33.70,30.30,32.30,5.50,OPEN_METEO_ERA5_LAND,shenzhen
2020-06-02,29.40,25.20,26.90,35.50,30.90,32.30,4.10,OPEN_METEO_ERA5_LAND,shenzhen
2020-06-03,30.60,26.10,27.70,35.60,31.40,32.80,0.30,OPEN_METEO_ERA5_LAND,shenzhen
2020-06-04,30.40,26.00,27.60,36.00,31.60,33.10,1.00,OPEN_METEO_ERA5_LAND,shenzhen
2020-06-05,30.40,26.30,27.80,34.40,31.70,33.00,7.10,OPEN_METEO_ERA5_LAND,shenzhen
2020-06-06,28.70,24.30,26.20,32.90,28.70,31.10,11.30,OPEN_METEO_ERA5_LAND,shenzhen
2020-06-07,26.70,24.30,25.10,32.00,29.00,30.40,135.80,OPEN_METEO_ERA5_LAND,shenzhen
2020-06-08,27.70,24.40,25.80,33.00,28.30,30.80,36.70,OPEN_METEO_ERA5_LAND,shenzhen
2020-06-09,28.10,25.50,26.70,34.10,30.60,32.20,6.20,OPEN_METEO_ERA5_LAND,shenzhen
2020-06-10,30.30,25.60,27.70,37.10,31.40,33.60,1.30,OPEN_METEO_ERA5_LAND,shenzhen
2020-06-11,31.00,25.90,27.90,37.20,31.90,33.80,0.40,OPEN_METEO_ERA5_LAND,shenzhen
2020-06-12,31.80,25.40,27.80,39.00,31.10,33.80,1.20,OPEN_METEO_ERA5_LAND,shenzhen
2020-06-13,30.50,25.70,27.80,36.30,30.60,32.80,3.80,OPEN_METEO_ERA5_LAND,shenzhen
2020-06-14,29.80,25.40,27.10,34.40,29.50,31.20,6.60,OPEN_METEO_ERA5_LAND,shenzhen
2020-06-15,30.30,25.00,26.90,36.20,29.50,32.10,6.80,OPEN_METEO_ERA5_LAND,shenzhen
2020-06-16,30.10,25.70,27.40,36.00,30.60,32.40,2.90,OPEN_METEO_ERA5_LAND,shenzhen
2020-06-17,30.50,25.90,27.80,35.10,31.10,32.60,1.40,OPEN_METEO_ERA5_LAND,shenzhen
2020-06-18,30.20,26.10,27.80,36.70,31.20,33.30,0.90,OPEN_METEO_ERA5_LAND,shenzhen
2020-06-19,31.50,26.10,28.40,37.00,32.10,33.90,0.00,OPEN_METEO_ERA5_LAND,shenzhen
2020-06-20,31.60,26.10,28.40,37.20,32.40,34.00,0.20,OPEN_METEO_ERA5_LAND,shenzhen
2020-06-21,31.40,26.50,28.40,37.30,31.90,33.90,0.80,OPEN_METEO_ERA5_LAND,shenzhen
2020-06-22,31.20,27.00,28.70,37.20,32.50,34.20,2.60,OPEN_METEO_ERA5_LAND,shenzhen
2020-06-23,31.90,27.10,28.90,37.00,32.90,34.20,0.50,OPEN_METEO_ERA5_LAND,shenzhen
2020-06-24,31.30,27.20,28.80,36.00,32.80,33.80,0.60,OPEN_METEO_ERA5_LAND,shenzhen
2020-06-25,30.60,26.40,28.10,35.90,32.10,33.20,2.90,OPEN_METEO_ERA5_LAND,shenzhen
2020-06-26,31.30,26.40,28.30,35.80,31.30,33.40,1.80,OPEN_METEO_ERA5_LAND,shenzhen
2020-06-27,31.20,26.70,28.30,37.00,32.50,33.90,1.20,OPEN_METEO_ERA5_LAND,shenzhen
2020-06-28,31.90,26.30,28.60,37.40,32.00,34.00,0.30,OPEN_METEO_ERA5_LAND,shenzhen
2020-06-29,32.00,26.20,28.30,39.60,31.60,34.10,2.20,OPEN_METEO_ERA5_LAND,shenzhen
2020-06-30,31.90,26.60,28.90,37.50,32.90,34.90,2.00,OPEN_METEO_ERA5_LAND,shenzhen
2020-07-01,31.30,26.60,28.20,37.90,32.90,34.50,5.20,OPEN_METEO_ERA5_LAND,shenzhen
2020-07-02,30.10,26.60,27.90,36.20,31.80,33.50,5.30,OPEN_METEO_ERA5_LAND,shenzhen
2020-07-03,29.40,25.90,27.20,35.70,31.50,32.90,8.10,OPEN_METEO_ERA5_LAND,shenzhen
2020-07-04,29.20,26.20,27.40,35.20,31.60,33.10,9.90,OPEN_METEO_ERA5_LAND,shenzhen
2020-07-05,30.90,25.80,28.00,36.30,31.30,33.30,2.00,OPEN_METEO_ERA5_LAND,shenzhen
2020-07-06,31.30,26.00,28.40,36.70,30.50,33.50,1.90,OPEN_METEO_ERA5_LAND,shenzhen
2020-07-07,31.30,26.80,28.80,36.00,32.20,33.80,1.40,OPEN_METEO_ERA5_LAND,shenzhen
2020-07-08,30.60,26.90,28.50,35.70,32.30,33.20,1.60,OPEN_METEO_ERA5_LAND,shenzhen
2020-07-09,31.40,27.60,28.90,35.70,32.40,33.40,1.50,OPEN_METEO_ERA5_LAND,shenzhen
2020-07-10,30.70,27.40,28.70,33.80,31.60,33.00,0.20,OPEN_METEO_ERA5_LAND,shenzhen
2020-07-11,31.90,27.20,28.90,36.20,31.70,33.50,0.60,OPEN_METEO_ERA5_LAND,shenzhen
2020-07-12,32.80,26.40,28.90,38.70,32.30,34.40,0.90,OPEN_METEO_ERA5_LAND,shenzhen
2020-07-13,33.10,26.20,29.10,38.60,32.30,34.80,1.00,OPEN_METEO_ERA5_LAND,shenzhen
2020-07-14,34.30,26.80,30.00,39.20,32.40,35.40,0.00,OPEN_METEO_ERA5_LAND,shenzhen
2020-07-15,34.20,27.50,29.80,38.10,32.70,34.30,0.00,OPEN_METEO_ERA5_LAND,shenzhen
2020-07-16,32.70,27.40,29.40,36.70,32.10,33.90,0.90,OPEN_METEO_ERA5_LAND,shenzhen
2020-07-17,32.50,26.50,29.10,36.50,31.20,33.80,1.60,OPEN_METEO_ERA5_LAND,shenzhen
2020-07-18,33.40,27.10,29.50,38.40,32.50,34.30,0.20,OPEN_METEO_ERA5_LAND,shenzhen
2020-07-19,32.70,27.30,29.40,36.90,32.70,34.20,1.70,OPEN_METEO_ERA5_LAND,shenzhen
2020-07-20,32.90,27.10,29.30,37.10,32.60,34.20,0.10,OPEN_METEO_ERA5_LAND,shenzhen
2020-07-21,32.80,26.30,29.20,38.50,32.80,34.90,1.70,OPEN_METEO_ERA5_LAND,shenzhen
2020-07-22,32.90,27.00,29.20,39.70,33.20,34.80,1.20,OPEN_METEO_ERA5_LAND,shenzhen
2020-07-23,34.90,26.80,29.90,40.40,33.10,35.50,0.50,OPEN_METEO_ERA5_LAND,shenzhen
2020-07-24,34.80,27.00,30.00,40.20,33.60,35.70,0.60,OPEN_METEO_ERA5_LAND,shenzhen
2020-07-25,35.80,27.50,30.60,41.10,33.00,35.80,0.00,OPEN_METEO_ERA5_LAND,shenzhen
2020-07-26,34.10,27.70,30.10,38.40,33.30,35.00,0.40,OPEN_METEO_ERA5_LAND,shenzhen
2020-07-27,33.10,27.50,29.40,38.20,32.70,34.50,1.90,OPEN_METEO_ERA5_LAND,shenzhen
2020-07-28,32.90,27.10,29.50,37.90,32.50,35.00,0.70,OPEN_METEO_ERA5_LAND,shenzhen
2020-07-29,34.90,26.70,29.40,41.00,32.90,35.20,5.90,OPEN_METEO_ERA5_LAND,shenzhen
2020-07-30,32.40,25.80,28.90,37.70,30.80,33.60,1.90,OPEN_METEO_ERA5_LAND,shenzhen
2020-07-31,27.50,25.50,26.50,32.80,28.50,30.00,17.80,OPEN_METEO_ERA5_LAND,shenzhen
2020-08-01,27.20,25.10,25.80,30.20,28.00,29.00,34.70,OPEN_METEO_ERA5_LAND,shenzhen
2020-08-02,27.00,25.00,25.60,31.30,28.40,29.80,39.60,OPEN_METEO_ERA5_LAND,shenzhen
2020-08-03,27.30,24.80,25.70,32.80,29.40,30.70,13.80,OPEN_METEO_ERA5_LAND,shenzhen
2020-08-04,27.80,24.70,26.20,33.10,30.00,31.70,14.20,OPEN_METEO_ERA5_LAND,shenzhen
2020-08-05,28.10,24.60,25.90,33.70,29.10,30.80,55.50,OPEN_METEO_ERA5_LAND,shenzhen
2020-08-06,30.20,25.40,27.30,37.30,30.80,33.30,11.70,OPEN_METEO_ERA5_LAND,shenzhen
2020-08-07,31.30,25.20,27.80,37.30,30.80,33.40,0.60,OPEN_METEO_ERA5_LAND,shenzhen
2020-08-08,31.80,26.00,28.40,38.30,32.00,34.40,0.80,OPEN_METEO_ERA5_LAND,shenzhen
2020-08-09,33.00,25.70,28.50,39.50,31.70,34.50,0.10,OPEN_METEO_ERA5_LAND,shenzhen
2020-08-10,31.70,26.50,28.60,38.20,32.90,34.70,0.60,OPEN_METEO_ERA5_LAND,shenzhen
2020-08-11,31.50,26.50,28.30,37.90,32.20,34.00,2.00,OPEN_METEO_ERA5_LAND,shenzhen
2020-08-12,28.10,25.30,26.30,33.00,29.50,31.30,14.40,OPEN_METEO_ERA5_LAND,shenzhen
2020-08-13,28.80,24.90,26.50,35.00,29.70,31.80,7.30,OPEN_METEO_ERA5_LAND,shenzhen
2020-08-14,30.80,25.10,27.30,39.10,30.60,33.40,4.20,OPEN_METEO_ERA5_LAND,shenzhen
2020-08-15,30.10,25.40,27.60,36.90,31.30,33.60,4.00,OPEN_METEO_ERA5_LAND,shenzhen
2020-08-16,30.40,25.60,27.20,37.50,30.90,32.80,1.70,OPEN_METEO_ERA5_LAND,shenzhen
2020-08-17,29.50,24.90,26.40,36.30,29.40,31.60,2.50,OPEN_METEO_ERA5_LAND,shenzhen
2020-08-18,30.20,24.70,26.40,35.70,27.60,31.20,33.80,OPEN_METEO_ERA5_LAND,shenzhen
2020-08-19,26.40,24.60,25.50,31.20,25.80,28.80,76.30,OPEN_METEO_ERA5_LAND,shenzhen
2020-08-20,29.70,24.90,27.00,35.80,29.80,32.50,2.50,OPEN_METEO_ERA5_LAND,shenzhen
2020-08-21,30.50,25.30,27.40,36.90,30.90,33.30,4.70,OPEN_METEO_ERA5_LAND,shenzhen
2020-08-22,31.50,24.80,27.80,38.10,30.50,34.30,5.60,OPEN_METEO_ERA5_LAND,shenzhen
2020-08-23,31.70,26.00,28.40,39.00,32.00,34.70,5.30,OPEN_METEO_ERA5_LAND,shenzhen
2020-08-24,31.70,26.30,28.70,37.90,32.60,34.60,0.20,OPEN_METEO_ERA5_LAND,shenzhen
2020-08-25,31.30,26.70,28.50,38.20,31.90,34.20,2.40,OPEN_METEO_ERA5_LAND,shenzhen
2020-08-26,29.70,25.70,27.40,35.90,31.20,32.90,13.20,OPEN_METEO_ERA5_LAND,shenzhen
2020-08-27,28.40,25.30,26.70,35.10,30.20,32.50,10.20,OPEN_METEO_ERA5_LAND,shenzhen
2020-08-28,31.90,24.60,28.00,38.10,30.20,34.20,2.40,OPEN_METEO_ERA5_LAND,shenzhen
2020-08-29,32.20,25.30,28.40,39.00,31.30,34.80,1.20,OPEN_METEO_ERA5_LAND,shenzhen
2020-08-30,31.50,25.70,28.40,38.40,32.40,34.70,2.40,OPEN_METEO_ERA5_LAND,shenzhen
2020-08-31,31.50,25.40,28.00,38.40,30.80,34.30,5.50,OPEN_METEO_ERA5_LAND,shenzhen
2020-09-01,32.10,25.30,28.20,40.20,30.90,34.80,9.40,OPEN_METEO_ERA5_LAND,shenzhen
2020-09-02,32.40,25.90,28.70,39.60,32.20,35.30,1.60,OPEN_METEO_ERA5_LAND,shenzhen
2020-09-03,32.30,26.60,28.60,40.40,33.00,35.70,13.80,OPEN_METEO_ERA5_LAND,shenzhen
2020-09-04,30.10,25.50,27.60,36.90,31.20,33.90,5.90,OPEN_METEO_ERA5_LAND,shenzhen
2020-09-05,29.70,25.20,26.80,36.90,30.40,32.60,9.20,OPEN_METEO_ERA5_LAND,shenzhen
2020-09-06,29.60,25.50,27.20,35.70,31.30,33.20,2.10,OPEN_METEO_ERA5_LAND,shenzhen
2020-09-07,26.70,24.80,25.80,33.00,29.80,31.60,43.60,OPEN_METEO_ERA5_LAND,shenzhen
2020-09-08,27.70,25.00,26.10,33.40,30.20,31.60,13.20,OPEN_METEO_ERA5_LAND,shenzhen
2020-09-09,28.30,24.70,26.40,35.00,30.60,32.60,8.50,OPEN_METEO_ERA5_LAND,shenzhen
2020-09-10,27.10,24.60,25.80,33.20,29.80,31.40,18.60,OPEN_METEO_ERA5_LAND,shenzhen
2020-09-11,29.60,25.60,27.50,35.30,30.90,33.40,6.50,OPEN_METEO_ERA5_LAND,shenzhen
2020-09-12,31.30,24.90,26.80,38.20,30.40,32.90,36.60,OPEN_METEO_ERA5_LAND,shenzhen
2020-09-13,29.50,24.60,26.10,36.60,29.80,31.60,30.00,OPEN_METEO_ERA5_LAND,shenzhen
2020-09-14,29.30,24.30,26.40,35.30,29.20,31.60,4.60,OPEN_METEO_ERA5_LAND,shenzhen
2020-09-15,27.50,25.00,25.80,33.30,29.30,30.90,21.10,OPEN_METEO_ERA5_LAND,shenzhen
2020-09-16,30.40,25.40,27.50,36.90,30.70,33.00,2.40,OPEN_METEO_ERA5_LAND,shenzhen
2020-09-17,29.70,25.30,27.00,33.90,29.70,31.50,14.70,OPEN_METEO_ERA5_LAND,shenzhen
2020-09-18,28.90,25.10,26.40,33.80,29.40,30.70,16.40,OPEN_METEO_ERA5_LAND,shenzhen
2020-09-19,28.80,25.00,26.20,33.80,29.40,31.10,11.40,OPEN_METEO_ERA5_LAND,shenzhen
2020-09-20,30.00,24.90,27.00,36.00,30.00,32.70,4.90,OPEN_METEO_ERA5_LAND,shenzhen
2020-09-21,28.50,25.00,26.30,33.80,29.90,31.40,5.10,OPEN_METEO_ERA5_LAND,shenzhen
2020-09-22,29.30,25.00,26.90,33.90,29.90,31.70,2.70,OPEN_METEO_ERA5_LAND,shenzhen
2020-09-23,30.10,25.10,27.10,36.20,30.50,32.60,3.50,OPEN_METEO_ERA5_LAND,shenzhen
2020-09-24,28.80,23.20,25.90,33.20,26.00,30.20,7.90,OPEN_METEO_ERA5_LAND,shenzhen
2020-09-25,29.10,21.90,25.20,34.60,24.20,28.80,2.50,OPEN_METEO_ERA5_LAND,shenzhen
2020-09-26,28.40,24.10,26.00,32.20,27.70,29.40,1.00,OPEN_METEO_ERA5_LAND,shenzhen
2020-09-27,28.80,24.10,26.00,32.40,27.70,29.50,0.20,OPEN_METEO_ERA5_LAND,shenzhen
2020-09-28,28.00,23.50,25.80,31.80,26.20,29.60,0.90,OPEN_METEO_ERA5_LAND,shenzhen
2020-09-29,27.30,23.70,25.50,31.70,27.30,29.80,13.40,OPEN_METEO_ERA5_LAND,shenzhen
2020-09-30,29.10,24.40,26.00,34.80,28.00,31.20,55.90,OPEN_METEO_ERA5_LAND,shenzhen
2020-10-01,27.30,23.10,25.00,30.20,25.10,27.60,11.10,OPEN_METEO_ERA5_LAND,shenzhen
2020-10-02,28.50,23.80,25.70,31.60,26.80,28.80,0.00,OPEN_METEO_ERA5_LAND,shenzhen
2020-10-03,29.80,24.10,26.30,34.70,27.70,30.50,0.00,OPEN_METEO_ERA5_LAND,shenzhen
2020-10-04,29.60,24.40,26.80,36.20,29.30,32.40,3.10,OPEN_METEO_ERA5_LAND,shenzhen
2020-10-05,29.60,23.20,25.80,33.10,24.80,29.10,3.40,OPEN_METEO_ERA5_LAND,shenzhen
2020-10-06,27.30,20.20,23.30,30.40,20.00,24.50,0.00,OPEN_METEO_ERA5_LAND,shenzhen
2020-10-07,26.40,18.70,22.30,28.20,18.00,22.60,0.00,OPEN_METEO_ERA5_LAND,shenzhen
2020-10-08,26.50,18.50,22.10,27.80,17.60,22.30,0.00,OPEN_METEO_ERA5_LAND,shenzhen
2020-10-09,26.70,19.50,22.80,28.30,18.80,23.40,0.00,OPEN_METEO_ERA5_LAND,shenzhen
2020-10-10,27.30,19.90,23.50,29.60,19.50,24.80,0.00,OPEN_METEO_ERA5_LAND,shenzhen
2020-10-11,28.80,21.00,24.60,31.80,23.00,27.40,0.00,OPEN_METEO_ERA5_LAND,shenzhen
2020-10-12,29.20,21.80,25.60,31.40,23.10,28.20,0.00,OPEN_METEO_ERA5_LAND,shenzhen
2020-10-13,25.50,22.40,23.40,27.50,23.00,24.70,38.60,OPEN_METEO_ERA5_LAND,shenzhen
2020-10-14,27.20,22.30,24.20,28.80,23.00,25.80,10.60,OPEN_METEO_ERA5_LAND,shenzhen
2020-10-15,27.90,22.50,24.80,30.70,23.00,27.10,0.00,OPEN_METEO_ERA5_LAND,shenzhen
2020-10-16,28.60,21.40,24.70,31.50,22.70,27.20,1.30,OPEN_METEO_ERA5_LAND,shenzhen
2020-10-17,27.40,19.50,22.80,28.50,18.90,23.20,1.10,OPEN_METEO_ERA5_LAND,shenzhen
2020-10-18,26.10,17.90,21.90,27.70,16.90,22.30,0.00,OPEN_METEO_ERA5_LAND,shenzhen
2020-10-19,26.00,18.40,21.90,27.60,17.40,22.00,0.00,OPEN_METEO_ERA5_LAND,shenzhen
2020-10-20,26.50,17.90,22.10,28.10,17.30,22.70,0.00,OPEN_METEO_ERA5_LAND,shenzhen
2020-10-21,26.30,18.20,21.80,26.50,17.40,21.60,0.00,OPEN_METEO_ERA5_LAND,shenzhen
2020-10-22,25.90,18.50,21.80,25.40,17.40,20.50,0.00,OPEN_METEO_ERA5_LAND,shenzhen
2020-10-23,25.30,18.80,21.70,23.60,15.60,19.70,0.00,OPEN_METEO_ERA5_LAND,shenzhen
2020-10-24,23.20,17.60,20.50,22.50,15.20,19.20,5.90,OPEN_METEO_ERA5_LAND,shenzhen
2020-10-25,26.50,19.90,22.80,27.20,18.90,23.20,0.00,OPEN_METEO_ERA5_LAND,shenzhen
2020-10-26,28.60,20.50,23.60,30.70,22.30,25.60,0.00,OPEN_METEO_ERA5_LAND,shenzhen
2020-10-27,29.10,20.30,24.00,30.70,22.20,25.70,0.00,OPEN_METEO_ERA5_LAND,shenzhen
2020-10-28,25.20,21.20,22.70,26.60,21.60,24.10,35.40,OPEN_METEO_ERA5_LAND,shenzhen
2020-10-29,24.80,20.80,22.40,26.40,22.40,24.20,8.50,OPEN_METEO_ERA5_LAND,shenzhen
2020-10-30,25.20,19.20,22.00,26.90,19.80,23.70,0.20,OPEN_METEO_ERA5_LAND,shenzhen
2020-10-31,23.70,19.50,21.30,24.70,21.40,22.80,0.00,OPEN_METEO_ERA5_LAND,shenzhen
2020-11-01,26.70,18.70,22.10,28.50,20.50,24.20,0.00,OPEN_METEO_ERA5_LAND,shenzhen
2020-11-02,26.70,19.10,22.50,27.60,19.60,23.30,0.00,OPEN_METEO_ERA5_LAND,shenzhen
2020-11-03,25.30,18.10,21.50,26.00,17.00,21.90,0.50,OPEN_METEO_ERA5_LAND,shenzhen
2020-11-04,24.40,19.00,21.30,25.60,19.70,22.20,0.80,OPEN_METEO_ERA5_LAND,shenzhen
2020-11-05,24.90,18.20,21.00,26.00,18.10,21.80,0.00,OPEN_METEO_ERA5_LAND,shenzhen
2020-11-06,27.60,17.90,22.50,29.10,19.80,24.40,0.00,OPEN_METEO_ERA5_LAND,shenzhen
2020-11-07,28.30,19.40,23.60,28.80,19.10,24.20,0.00,OPEN_METEO_ERA5_LAND,shenzhen
2020-11-08,26.80,20.50,23.60,25.90,18.60,22.30,0.00,OPEN_METEO_ERA5_LAND,shenzhen
2020-11-09,25.80,18.90,22.20,23.70,15.90,20.50,1.50,OPEN_METEO_ERA5_LAND,shenzhen
2020-11-10,21.70,18.50,20.30,21.80,15.80,18.40,0.00,OPEN_METEO_ERA5_LAND,shenzhen
2020-11-11,25.40,16.50,20.30,23.80,14.50,19.60,0.00,OPEN_METEO_ERA5_LAND,shenzhen
2020-11-12,25.90,15.60,20.00,24.00,13.50,19.30,0.00,OPEN_METEO_ERA5_LAND,shenzhen
2020-11-13,25.60,17.80,20.80,23.30,15.10,19.40,2.40,OPEN_METEO_ERA5_LAND,shenzhen
2020-11-14,23.30,18.90,20.60,21.60,16.90,20.10,2.70,OPEN_METEO_ERA5_LAND,shenzhen
2020-11-15,22.40,19.20,20.60,24.10,19.80,21.90,2.10,OPEN_METEO_ERA5_LAND,shenzhen
2020-11-16,28.10,18.80,22.60,30.00,20.90,24.60,0.00,OPEN_METEO_ERA5_LAND,shenzhen
2020-11-17,26.90,20.20,22.90,28.70,21.20,24.30,0.00,OPEN_METEO_ERA5_LAND,shenzhen
2020-11-18,29.40,20.80,24.20,32.90,22.30,26.10,0.00,OPEN_METEO_ERA5_LAND,shenzhen
2020-11-19,27.30,22.40,24.00,31.30,25.70,27.90,1.20,OPEN_METEO_ERA5_LAND,shenzhen
2020-11-20,30.40,21.90,24.80,33.90,25.50,28.40,0.20,OPEN_METEO_ERA5_LAND,shenzhen
2020-11-21,26.50,21.70,23.40,27.50,23.30,25.20,0.70,OPEN_METEO_ERA5_LAND,shenzhen
2020-11-22,30.00,21.60,24.70,32.20,23.70,27.30,0.00,OPEN_METEO_ERA5_LAND,shenzhen
2020-11-23,26.90,18.60,22.20,27.40,17.00,22.70,0.00,OPEN_METEO_ERA5_LAND,shenzhen
2020-11-24,26.80,16.70,21.80,27.90,14.90,22.10,0.00,OPEN_METEO_ERA5_LAND,shenzhen
2020-11-25,27.50,17.50,22.20,28.30,17.00,23.10,0.00,OPEN_METEO_ERA5_LAND,shenzhen
2020-11-26,28.10,18.40,23.00,28.30,18.90,23.50,0.00,OPEN_METEO_ERA5_LAND,shenzhen
2020-11-27,25.80,15.20,20.30,24.50,12.70,18.40,0.00,OPEN_METEO_ERA5_LAND,shenzhen
2020-11-28,23.40,13.60,18.10,22.30,10.40,15.70,0.00,OPEN_METEO_ERA5_LAND,shenzhen
2020-11-29,21.20,12.10,16.80,18.40,8.80,14.00,0.00,OPEN_METEO_ERA5_LAND,shenzhen
2020-11-30,22.20,12.50,16.80,20.00,9.20,14.00,0.20,OPEN_METEO_ERA5_LAND,shenzhen
2020-12-01,22.30,11.80,16.90,20.50,8.80,14.80,0.00,OPEN_METEO_ERA5_LAND,shenzhen
2020-12-02,22.90,12.30,17.50,21.10,9.80,15.30,0.00,OPEN_METEO_ERA5_LAND,shenzhen
2020-12-03,21.10,11.60,15.80,18.40,8.40,12.70,0.00,OPEN_METEO_ERA5_LAND,shenzhen
2020-12-04,19.30,9.80,14.20,15.50,6.00,10.50,0.00,OPEN_METEO_ERA5_LAND,shenzhen
2020-12-05,20.50,8.70,14.20,17.80,4.90,11.20,0.00,OPEN_METEO_ERA5_LAND,shenzhen
2020-12-06,22.10,10.20,15.90,20.70,7.20,14.10,0.00,OPEN_METEO_ERA5_LAND,shenzhen
2020-12-07,23.70,13.30,18.10,21.80,11.20,16.40,0.00,OPEN_METEO_ERA5_LAND,shenzhen
2020-12-08,22.60,13.40,17.80,20.90,10.30,15.50,0.00,OPEN_METEO_ERA5_LAND,shenzhen
2020-12-09,19.70,13.60,16.90,18.90,11.10,15.30,0.00,OPEN_METEO_ERA5_LAND,shenzhen
2020-12-10,23.70,16.20,20.00,22.40,14.30,19.40,0.00,OPEN_METEO_ERA5_LAND,shenzhen
2020-12-11,23.50,16.50,20.20,24.20,14.70,20.80,0.60,OPEN_METEO_ERA5_LAND,shenzhen
2020-12-12,24.60,16.30,20.10,25.80,14.90,20.40,0.90,OPEN_METEO_ERA5_LAND,shenzhen
2020-12-13,23.00,18.20,19.70,22.70,18.40,20.10,1.10,OPEN_METEO_ERA5_LAND,shenzhen
2020-12-14,18.80,10.90,16.10,19.50,6.80,13.90,0.10,OPEN_METEO_ERA5_LAND,shenzhen
2020-12-15,17.10,8.80,12.30,14.40,4.40,8.80,0.00,OPEN_METEO_ERA5_LAND,shenzhen
2020-12-16,16.20,8.90,12.00,13.20,4.70,8.50,0.00,OPEN_METEO_ERA5_LAND,shenzhen
2020-12-17,18.50,8.20,12.70,17.00,4.50,10.20,0.00,OPEN_METEO_ERA5_LAND,shenzhen
2020-12-18,18.80,9.70,13.60,16.30,6.20,10.70,0.00,OPEN_METEO_ERA5_LAND,shenzhen
2020-12-19,17.80,7.40,12.00,13.90,2.50,7.80,0.00,OPEN_METEO_ERA5_LAND,shenzhen
2020-12-20,17.20,8.20,12.30,12.90,3.20,8.00,0.00,OPEN_METEO_ERA5_LAND,shenzhen
2020-12-21,18.90,9.40,13.80,15.40,4.80,10.00,0.00,OPEN_METEO_ERA5_LAND,shenzhen
2020-12-22,19.60,11.10,15.50,18.10,7.40,12.90,0.00,OPEN_METEO_ERA5_LAND,shenzhen
2020-12-23,19.90,15.10,17.50,19.30,14.50,17.10,0.80,OPEN_METEO_ERA5_LAND,shenzhen
2020-12-24,23.50,14.50,18.70,22.50,13.20,17.90,0.80,OPEN_METEO_ERA5_LAND,shenzhen
2020-12-25,20.40,14.40,16.50,19.90,11.60,15.20,1.00,OPEN_METEO_ERA5_LAND,shenzhen
2020-12-26,22.40,15.40,18.20,20.50,13.90,16.90,0.00,OPEN_METEO_ERA5_LAND,shenzhen
2020-12-27,26.70,14.60,20.00,26.70,14.60,20.50,0.00,OPEN_METEO_ERA5_LAND,shenzhen
2020-12-28,24.70,15.30,19.20,23.10,15.20,18.20,0.00,OPEN_METEO_ERA5_LAND,shenzhen
2020-12-29,26.40,17.30,21.10,27.80,16.50,21.20,0.00,OPEN_METEO_ERA5_LAND,shenzhen
2020-12-30,19.80,8.50,12.70,17.00,2.20,7.00,0.00,OPEN_METEO_ERA5_LAND,shenzhen
2020-12-31,13.20,4.00,8.40,8.00,-2.70,2.70,0.00,OPEN_METEO_ERA5_LAND,shenzhen
2021-01-01,15.10,3.40,9.20,10.20,-2.20,4.40,0.00,OPEN_METEO_ERA5_LAND,shenzhen
2021-01-02,17.80,5.70,11.40,13.90,0.90,7.50,0.00,OPEN_METEO_ERA5_LAND,shenzhen
2021-01-03,21.00,8.40,14.70,18.00,5.90,12.30,0.00,OPEN_METEO_ERA5_LAND,shenzhen
2021-01-04,20.60,13.40,16.70,18.40,9.20,14.30,0.00,OPEN_METEO_ERA5_LAND,shenzhen
2021-01-05,22.70,14.60,17.90,19.80,10.30,15.50,0.00,OPEN_METEO_ERA5_LAND,shenzhen
2021-01-06,20.40,10.00,15.20,18.80,6.10,13.00,0.00,OPEN_METEO_ERA5_LAND,shenzhen
2021-01-07,16.90,7.70,12.70,13.40,2.00,8.70,0.00,OPEN_METEO_ERA5_LAND,shenzhen
2021-01-08,10.30,4.70,7.30,4.20,-1.20,1.30,0.00,OPEN_METEO_ERA5_LAND,shenzhen
2021-01-09,12.70,4.00,8.50,7.60,-2.20,3.10,0.00,OPEN_METEO_ERA5_LAND,shenzhen
2021-01-10,14.70,8.10,11.10,10.10,2.80,6.20,0.00,OPEN_METEO_ERA5_LAND,shenzhen
2021-01-11,10.00,6.80,8.20,4.70,1.40,3.00,0.90,OPEN_METEO_ERA5_LAND,shenzhen
2021-01-12,15.80,4.70,9.40,10.70,-0.70,4.60,0.00,OPEN_METEO_ERA5_LAND,shenzhen
2021-01-13,17.70,4.50,10.50,14.90,0.20,7.20,0.00,OPEN_METEO_ERA5_LAND,shenzhen
2021-01-14,20.50,6.70,13.10,19.30,4.00,11.00,0.00,OPEN_METEO_ERA5_LAND,shenzhen
2021-01-15,21.80,11.50,15.80,21.00,10.20,14.70,0.00,OPEN_METEO_ERA5_LAND,shenzhen
2021-01-16,21.90,11.20,16.00,19.40,10.10,14.40,0.00,OPEN_METEO_ERA5_LAND,shenzhen
2021-01-17,18.90,11.70,15.00,15.20,7.10,11.30,0.00,OPEN_METEO_ERA5_LAND,shenzhen
2021-01-18,18.20,8.20,12.60,14.80,3.80,9.00,0.00,OPEN_METEO_ERA5_LAND,shenzhen
2021-01-19,19.00,8.80,13.80,16.20,6.40,11.40,0.00,OPEN_METEO_ERA5_LAND,shenzhen
2021-01-20,21.80,14.50,17.40,19.60,11.90,15.40,0.00,OPEN_METEO_ERA5_LAND,shenzhen
2021-01-21,25.10,15.50,19.90,24.70,14.90,19.80,0.30,OPEN_METEO_ERA5_LAND,shenzhen
2021-01-22,25.20,16.70,20.10,25.60,17.60,20.90,0.00,OPEN_METEO_ERA5_LAND,shenzhen
2021-01-23,25.90,14.60,19.60,26.00,14.70,19.80,0.00,OPEN_METEO_ERA5_LAND,shenzhen
2021-01-24,20.10,15.60,17.30,18.50,14.20,16.60,0.00,OPEN_METEO_ERA5_LAND,shenzhen
2021-01-25,24.20,15.30,18.80,24.40,13.90,18.10,0.00,OPEN_METEO_ERA5_LAND,shenzhen
2021-01-26,25.80,15.00,19.30,26.60,15.60,19.70,0.00,OPEN_METEO_ERA5_LAND,shenzhen
2021-01-27,22.20,13.80,17.40,21.60,11.50,16.00,0.00,OPEN_METEO_ERA5_LAND,shenzhen
2021-01-28,23.30,14.10,17.90,21.60,10.80,16.20,0.00,OPEN_METEO_ERA5_LAND,shenzhen
2021-01-29,21.00,10.50,15.10,18.90,6.70,12.10,0.00,OPEN_METEO_ERA5_LAND,shenzhen
2021-01-30,21.00,11.60,15.70,19.70,8.80,13.50,0.00,OPEN_METEO_ERA5_LAND,shenzhen
2021-01-31,22.80,13.00,17.20,21.10,10.80,15.50,0.00,OPEN_METEO_ERA5_LAND,shenzhen
2021-02-01,25.80,14.50,19.20,26.90,13.90,19.30,0.00,OPEN_METEO_ERA5_LAND,shenzhen
2021-02-02,27.90,15.20,19.70,27.10,14.50,19.30,0.00,OPEN_METEO_ERA5_LAND,shenzhen
2021-02-03,24.00,14.80,18.20,22.40,11.90,16.20,0.00,OPEN_METEO_ERA5_LAND,shenzhen
2021-02-04,25.30,14.50,18.60,24.40,13.20,17.40,0.00,OPEN_METEO_ERA5_LAND,shenzhen
2021-02-05,24.80,14.90,18.80,24.70,13.60,18.00,0.00,OPEN_METEO_ERA5_LAND,shenzhen
2021-02-06,27.30,13.40,19.30,27.70,13.30,19.40,0.00,OPEN_METEO_ERA5_LAND,shenzhen
2021-02-07,25.30,14.10,19.20,24.50,14.30,18.80,0.00,OPEN_METEO_ERA5_LAND,shenzhen
2021-02-08,25.20,15.80,19.40,24.80,15.70,18.80,0.40,OPEN_METEO_ERA5_LAND,shenzhen
2021-02-09,21.80,17.10,18.60,19.10,14.90,16.40,0.00,OPEN_METEO_ERA5_LAND,shenzhen
2021-02-10,17.00,14.20,15.30,15.00,12.20,13.70,34.20,OPEN_METEO_ERA5_LAND,shenzhen
2021-02-11,21.00,12.00,16.40,21.10,11.50,16.30,0.00,OPEN_METEO_ERA5_LAND,shenzhen
2021-02-12,20.90,11.30,16.20,21.90,10.20,16.00,0.00,OPEN_METEO_ERA5_LAND,shenzhen
2021-02-13,22.10,13.60,17.30,23.60,13.10,17.70,0.10,OPEN_METEO_ERA5_LAND,shenzhen
2021-02-14,22.90,13.70,17.80,22.40,13.90,18.30,0.00,OPEN_METEO_ERA5_LAND,shenzhen
2021-02-15,25.30,13.60,18.80,25.90,13.70,19.00,0.00,OPEN_METEO_ERA5_LAND,shenzhen
2021-02-16,23.20,15.20,18.80,24.00,14.10,19.00,0.00,OPEN_METEO_ERA5_LAND,shenzhen
2021-02-17,23.20,14.10,18.20,22.20,11.80,17.20,0.00,OPEN_METEO_ERA5_LAND,shenzhen
2021-02-18,21.90,12.00,16.30,20.90,8.40,14.40,0.00,OPEN_METEO_ERA5_LAND,shenzhen
2021-02-19,22.00,12.20,16.30,22.20,11.20,15.50,0.00,OPEN_METEO_ERA5_LAND,shenzhen
2021-02-20,23.60,12.70,17.30,24.60,11.90,17.30,0.00,OPEN_METEO_ERA5_LAND,shenzhen
2021-02-21,23.50,13.20,18.20,24.50,13.30,18.50,0.00,OPEN_METEO_ERA5_LAND,shenzhen
2021-02-22,25.60,14.40,19.30,27.40,14.80,20.20,0.00,OPEN_METEO_ERA5_LAND,shenzhen
2021-02-23,27.00,16.00,20.20,28.70,17.20,20.80,0.00,OPEN_METEO_ERA5_LAND,shenzhen
2021-02-24,23.20,16.90,19.40,23.90,15.70,18.90,0.00,OPEN_METEO_ERA5_LAND,shenzhen
2021-02-25,23.70,18.20,20.00,25.00,18.10,20.70,2.90,OPEN_METEO_ERA5_LAND,shenzhen
2021-02-26,24.00,17.10,20.60,27.30,16.50,22.70,11.00,OPEN_METEO_ERA5_LAND,shenzhen
2021-02-27,18.50,13.40,15.80,17.40,11.50,14.60,1.80,OPEN_METEO_ERA5_LAND,shenzhen
2021-02-28,22.70,15.70,18.60,22.80,15.30,18.40,0.20,OPEN_METEO_ERA5_LAND,shenzhen
2021-03-01,25.90,17.50,21.30,28.00,18.40,23.00,0.80,OPEN_METEO_ERA5_LAND,shenzhen
2021-03-02,21.90,14.10,18.60,23.20,11.60,17.90,0.90,OPEN_METEO_ERA5_LAND,shenzhen
2021-03-03,20.00,15.70,17.60,19.40,13.80,16.90,0.30,OPEN_METEO_ERA5_LAND,shenzhen
2021-03-04,19.60,16.40,17.60,20.30,16.60,18.00,3.70,OPEN_METEO_ERA5_LAND,shenzhen
2021-03-05,22.40,17.30,19.60,23.90,17.60,20.60,8.40,OPEN_METEO_ERA5_LAND,shenzhen
2021-03-06,23.80,19.50,21.00,26.50,20.40,23.10,7.50,OPEN_METEO_ERA5_LAND,shenzhen
2021-03-07,21.20,16.30,19.00,22.80,15.40,19.30,0.40,OPEN_METEO_ERA5_LAND,shenzhen
2021-03-08,21.80,15.40,18.30,22.30,14.30,18.20,0.00,OPEN_METEO_ERA5_LAND,shenzhen
2021-03-09,23.90,16.20,19.40,25.70,16.10,20.20,0.00,OPEN_METEO_ERA5_LAND,shenzhen
2021-03-10,22.60,17.30,19.30,22.70,17.00,19.10,1.10,OPEN_METEO_ERA5_LAND,shenzhen
2021-03-11,23.90,17.30,19.80,25.90,16.20,20.10,3.00,OPEN_METEO_ERA5_LAND,shenzhen
2021-03-12,27.70,17.80,21.60,30.90,19.20,23.90,1.60,OPEN_METEO_ERA5_LAND,shenzhen
2021-03-13,24.90,18.30,20.90,26.60,18.70,21.80,1.70,OPEN_METEO_ERA5_LAND,shenzhen
2021-03-14,24.20,17.30,20.00,25.30,17.80,20.60,0.00,OPEN_METEO_ERA5_LAND,shenzhen
2021-03-15,25.40,17.90,21.00,27.70,19.00,22.10,0.00,OPEN_METEO_ERA5_LAND,shenzhen
2021-03-16,26.90,19.30,22.50,29.90,21.30,24.80,0.70,OPEN_METEO_ERA5_LAND,shenzhen
2021-03-17,29.00,18.90,23.20,31.30,21.30,25.80,0.00,OPEN_METEO_ERA5_LAND,shenzhen
2021-03-18,28.20,21.20,23.40,30.60,23.30,25.70,0.00,OPEN_METEO_ERA5_LAND,shenzhen
2021-03-19,28.70,21.20,23.70,30.90,23.80,26.20,0.00,OPEN_METEO_ERA5_LAND,shenzhen
2021-03-20,29.80,20.60,24.10,32.20,24.10,27.20,0.00,OPEN_METEO_ERA5_LAND,shenzhen
2021-03-21,22.00,13.90,19.00,26.00,10.20,17.10,0.00,OPEN_METEO_ERA5_LAND,shenzhen
2021-03-22,19.40,12.80,15.70,17.90,9.30,12.90,0.70,OPEN_METEO_ERA5_LAND,shenzhen
2021-03-23,21.40,14.70,17.70,21.20,12.40,16.10,0.00,OPEN_METEO_ERA5_LAND,shenzhen
2021-03-24,24.90,15.20,19.20,25.60,14.30,19.20,0.10,OPEN_METEO_ERA5_LAND,shenzhen
2021-03-25,24.80,16.90,20.50,25.10,17.10,20.50,0.00,OPEN_METEO_ERA5_LAND,shenzhen
2021-03-26,25.20,17.40,20.60,26.70,16.40,20.60,0.00,OPEN_METEO_ERA5_LAND,shenzhen
2021-03-27,27.40,19.70,23.00,29.80,21.70,25.20,0.30,OPEN_METEO_ERA5_LAND,shenzhen
2021-03-28,28.50,20.00,23.80,30.80,22.90,26.50,0.10,OPEN_METEO_ERA5_LAND,shenzhen
2021-03-29,28.10,21.80,24.50,29.90,25.40,27.30,0.70,OPEN_METEO_ERA5_LAND,shenzhen
2021-03-30,29.60,23.30,25.50,31.60,26.20,28.30,0.20,OPEN_METEO_ERA5_LAND,shenzhen
2021-03-31,28.40,23.30,25.50,30.20,26.60,28.20,0.30,OPEN_METEO_ERA5_LAND,shenzhen
2021-04-01,29.40,23.20,25.40,31.60,26.90,28.60,0.30,OPEN_METEO_ERA5_LAND,shenzhen
2021-04-02,29.20,21.90,25.40,32.10,25.90,29.20,0.90,OPEN_METEO_ERA5_LAND,shenzhen
2021-04-03,31.60,22.30,26.10,34.60,27.00,29.70,0.00,OPEN_METEO_ERA5_LAND,shenzhen
2021-04-04,27.50,22.30,24.50,28.70,21.40,26.80,2.40,OPEN_METEO_ERA5_LAND,shenzhen
2021-04-05,25.00,18.90,22.00,26.30,18.60,23.20,1.70,OPEN_METEO_ERA5_LAND,shenzhen
2021-04-06,29.30,20.40,23.60,32.80,22.90,25.80,0.00,OPEN_METEO_ERA5_LAND,shenzhen
2021-04-07,26.70,20.50,22.60,28.30,21.30,23.40,0.00,OPEN_METEO_ERA5_LAND,shenzhen
2021-04-08,25.90,19.50,22.40,26.60,19.60,23.40,0.60,OPEN_METEO_ERA5_LAND,shenzhen
2021-04-09,22.70,17.50,19.60,22.90,17.20,20.00,1.70,OPEN_METEO_ERA5_LAND,shenzhen
2021-04-10,25.00,17.80,21.00,25.20,17.80,21.00,0.00,OPEN_METEO_ERA5_LAND,shenzhen
2021-04-11,27.70,18.60,22.10,30.50,19.00,23.20,0.00,OPEN_METEO_ERA5_LAND,shenzhen
2021-04-12,28.30,19.70,23.70,30.60,21.70,26.10,0.60,OPEN_METEO_ERA5_LAND,shenzhen
2021-04-13,30.30,20.80,24.90,33.70,24.20,28.20,0.10,OPEN_METEO_ERA5_LAND,shenzhen
2021-04-14,27.70,21.70,24.10,29.60,24.30,26.60,1.40,OPEN_METEO_ERA5_LAND,shenzhen
2021-04-15,25.50,21.20,22.80,26.50,22.10,24.20,1.50,OPEN_METEO_ERA5_LAND,shenzhen
2021-04-16,26.50,21.00,23.00,29.00,22.40,25.00,1.10,OPEN_METEO_ERA5_LAND,shenzhen
2021-04-17,23.80,20.50,22.00,26.60,22.30,24.70,8.90,OPEN_METEO_ERA5_LAND,shenzhen
2021-04-18,25.30,21.00,22.60,23.80,20.70,22.60,0.10,OPEN_METEO_ERA5_LAND,shenzhen
2021-04-19,23.30,19.40,21.00,20.90,18.30,19.90,2.20,OPEN_METEO_ERA5_LAND,shenzhen
2021-04-20,25.10,20.30,22.00,25.90,20.10,22.10,0.30,OPEN_METEO_ERA5_LAND,shenzhen
2021-04-21,28.40,20.00,23.50,31.60,21.00,25.10,0.00,OPEN_METEO_ERA5_LAND,shenzhen
2021-04-22,29.70,20.10,24.50,32.20,22.40,26.80,0.00,OPEN_METEO_ERA5_LAND,shenzhen
2021-04-23,30.90,21.90,26.10,34.90,25.60,29.60,0.50,OPEN_METEO_ERA5_LAND,shenzhen
2021-04-24,29.40,22.80,25.00,32.00,25.40,27.80,0.40,OPEN_METEO_ERA5_LAND,shenzhen
2021-04-25,27.90,21.80,24.20,30.60,24.10,27.20,3.40,OPEN_METEO_ERA5_LAND,shenzhen
2021-04-26,25.70,21.00,22.40,25.40,21.90,23.30,6.70,OPEN_METEO_ERA5_LAND,shenzhen
2021-04-27,23.40,21.30,22.20,26.30,22.30,24.70,28.30,OPEN_METEO_ERA5_LAND,shenzhen
2021-04-28,26.10,21.60,23.40,29.40,24.10,26.50,11.90,OPEN_METEO_ERA5_LAND,shenzhen
2021-04-29,27.40,19.10,22.90,29.90,19.90,24.80,2.20,OPEN_METEO_ERA5_LAND,shenzhen
2021-04-30,28.60,19.30,23.60,33.10,21.70,26.80,0.00,OPEN_METEO_ERA5_LAND,shenzhen
2021-05-01,29.40,21.20,24.80,33.60,24.60,28.40,0.00,OPEN_METEO_ERA5_LAND,shenzhen
2021-05-02,28.90,22.00,24.90,35.40,24.30,29.30,18.10,OPEN_METEO_ERA5_LAND,shenzhen
2021-05-03,25.70,19.80,22.90,27.20,20.80,24.70,9.90,OPEN_METEO_ERA5_LAND,shenzhen
2021-05-04,29.40,23.30,25.40,33.40,27.40,29.60,9.20,OPEN_METEO_ERA5_LAND,shenzhen
2021-05-05,29.80,22.70,25.80,33.70,26.70,30.00,3.30,OPEN_METEO_ERA5_LAND,shenzhen
2021-05-06,28.40,22.00,24.40,33.20,23.90,27.30,0.00,OPEN_METEO_ERA5_LAND,shenzhen
2021-05-07,30.00,22.30,25.50,34.30,26.20,29.60,0.00,OPEN_METEO_ERA5_LAND,shenzhen
2021-05-08,30.90,23.20,26.50,35.40,28.00,30.80,0.00,OPEN_METEO_ERA5_LAND,shenzhen
2021-05-09,31.10,24.40,27.10,35.80,29.10,31.60,0.30,OPEN_METEO_ERA5_LAND,shenzhen
2021-05-10,30.80,23.80,27.10,34.00,28.90,31.30,0.10,OPEN_METEO_ERA5_LAND,shenzhen
2021-05-11,30.80,25.30,27.60,35.30,30.50,32.20,2.40,OPEN_METEO_ERA5_LAND,shenzhen
2021-05-12,30.50,25.50,27.80,35.70,31.00,32.70,1.60,OPEN_METEO_ERA5_LAND,shenzhen
2021-05-13,31.60,25.60,28.10,36.00,31.30,33.10,0.90,OPEN_METEO_ERA5_LAND,shenzhen
2021-05-14,30.50,25.90,27.70,36.00,31.00,32.80,3.20,OPEN_METEO_ERA5_LAND,shenzhen
2021-05-15,32.10,25.60,28.50,36.40,30.70,33.20,0.10,OPEN_METEO_ERA5_LAND,shenzhen
2021-05-16,33.00,25.70,29.00,37.10,30.70,33.30,0.00,OPEN_METEO_ERA5_LAND,shenzhen
2021-05-17,32.20,26.40,28.50,36.90,31.30,33.50,4.10,OPEN_METEO_ERA5_LAND,shenzhen
2021-05-18,31.00,25.90,28.20,36.60,31.10,33.30,2.50,OPEN_METEO_ERA5_LAND,shenzhen
2021-05-19,32.10,26.50,28.80,35.80,31.80,33.30,0.30,OPEN_METEO_ERA5_LAND,shenzhen
2021-05-20,32.40,26.90,29.10,36.00,31.80,33.40,0.70,OPEN_METEO_ERA5_LAND,shenzhen
2021-05-21,31.80,26.20,28.60,36.30,30.90,33.20,3.80,OPEN_METEO_ERA5_LAND,shenzhen
2021-05-22,33.20,26.30,29.20,37.80,31.40,34.20,1.60,OPEN_METEO_ERA5_LAND,shenzhen
2021-05-23,33.10,26.60,29.50,38.20,32.50,34.70,1.20,OPEN_METEO_ERA5_LAND,shenzhen
2021-05-24,32.20,26.80,29.30,37.80,33.20,35.10,3.30,OPEN_METEO_ERA5_LAND,shenzhen
2021-05-25,29.20,25.10,27.00,35.70,30.40,32.90,43.30,OPEN_METEO_ERA5_LAND,shenzhen
2021-05-26,30.40,25.40,27.50,36.60,30.50,33.00,3.10,OPEN_METEO_ERA5_LAND,shenzhen
2021-05-27,31.60,26.50,28.50,36.70,32.40,33.90,1.30,OPEN_METEO_ERA5_LAND,shenzhen
2021-05-28,31.70,26.70,29.00,36.40,32.60,34.20,0.90,OPEN_METEO_ERA5_LAND,shenzhen
2021-05-29,31.50,27.40,28.90,36.60,32.70,33.80,1.90,OPEN_METEO_ERA5_LAND,shenzhen
2021-05-30,31.40,27.50,29.00,36.00,32.40,34.30,4.80,OPEN_METEO_ERA5_LAND,shenzhen
2021-05-31,30.40,25.00,27.20,35.40,30.60,32.80,25.80,OPEN_METEO_ERA5_LAND,shenzhen
2021-06-01,29.30,24.90,26.60,35.10,30.20,32.00,29.70,OPEN_METEO_ERA5_LAND,shenzhen
2021-06-02,28.00,25.00,26.60,34.20,30.00,32.40,8.30,OPEN_METEO_ERA5_LAND,shenzhen
2021-06-03,31.40,26.40,28.50,36.90,32.90,34.40,0.70,OPEN_METEO_ERA5_LAND,shenzhen
2021-06-04,28.70,23.50,26.70,35.30,26.70,32.30,17.70,OPEN_METEO_ERA5_LAND,shenzhen
2021-06-05,29.90,22.50,26.00,35.50,25.60,29.80,2.20,OPEN_METEO_ERA5_LAND,shenzhen
2021-06-06,30.00,24.50,26.90,34.80,28.90,31.50,2.00,OPEN_METEO_ERA5_LAND,shenzhen
2021-06-07,30.30,24.20,26.90,37.20,28.30,31.90,1.80,OPEN_METEO_ERA5_LAND,shenzhen
2021-06-08,30.10,24.50,26.70,36.80,29.50,32.00,2.90,OPEN_METEO_ERA5_LAND,shenzhen
2021-06-09,28.90,24.90,26.80,34.30,29.90,31.90,4.20,OPEN_METEO_ERA5_LAND,shenzhen
2021-06-10,30.20,25.30,27.30,36.20,30.50,32.40,2.70,OPEN_METEO_ERA5_LAND,shenzhen
2021-06-11,30.80,25.20,27.20,35.40,29.00,31.30,4.80,OPEN_METEO_ERA5_LAND,shenzhen
2021-06-12,27.90,25.20,26.30,32.10,28.50,30.40,11.00,OPEN_METEO_ERA5_LAND,shenzhen
2021-06-13,29.30,24.90,26.40,34.10,29.70,31.50,10.80,OPEN_METEO_ERA5_LAND,shenzhen
2021-06-14,30.10,25.00,27.30,35.60,30.50,32.70,2.10,OPEN_METEO_ERA5_LAND,shenzhen
2021-06-15,30.50,26.00,27.90,36.40,31.10,33.50,1.90,OPEN_METEO_ERA5_LAND,shenzhen
2021-06-16,30.10,26.80,28.20,36.80,32.10,33.50,5.80,OPEN_METEO_ERA5_LAND,shenzhen
2021-06-17,31.40,26.90,28.60,37.20,32.60,34.20,1.70,OPEN_METEO_ERA5_LAND,shenzhen
2021-06-18,31.90,26.80,28.90,37.40,31.80,34.40,1.80,OPEN_METEO_ERA5_LAND,shenzhen
2021-06-19,31.90,27.40,29.10,38.20,32.40,34.80,2.60,OPEN_METEO_ERA5_LAND,shenzhen
2021-06-20,32.10,27.30,29.30,38.50,32.40,35.00,1.30,OPEN_METEO_ERA5_LAND,shenzhen
2021-06-21,31.00,27.70,28.90,36.20,33.40,34.90,4.50,OPEN_METEO_ERA5_LAND,shenzhen
2021-06-22,28.30,25.50,26.70,33.90,30.90,32.70,32.20,OPEN_METEO_ERA5_LAND,shenzhen
2021-06-23,27.10,24.80,25.90,32.70,30.10,31.40,39.40,OPEN_METEO_ERA5_LAND,shenzhen
2021-06-24,27.00,24.60,25.50,31.70,28.50,30.30,81.30,OPEN_METEO_ERA5_LAND,shenzhen
2021-06-25,28.50,24.60,26.30,34.40,29.70,31.60,12.50,OPEN_METEO_ERA5_LAND,shenzhen
2021-06-26,29.30,25.40,26.80,33.90,30.30,32.10,6.40,OPEN_METEO_ERA5_LAND,shenzhen
2021-06-27,29.50,26.10,27.60,35.40,31.30,33.20,6.30,OPEN_METEO_ERA5_LAND,shenzhen
2021-06-28,28.80,26.10,27.00,34.20,30.80,32.20,16.50,OPEN_METEO_ERA5_LAND,shenzhen
2021-06-29,29.50,26.60,27.90,35.20,31.10,33.20,3.40,OPEN_METEO_ERA5_LAND,shenzhen
2021-06-30,30.50,25.60,27.90,35.20,30.40,32.70,4.60,OPEN_METEO_ERA5_LAND,shenzhen
2021-07-01,30.70,26.00,28.20,35.00,31.20,33.10,2.30,OPEN_METEO_ERA5_LAND,shenzhen
2021-07-02,31.10,26.70,28.40,36.30,31.40,33.60,2.70,OPEN_METEO_ERA5_LAND,shenzhen
2021-07-03,31.00,27.00,28.60,37.30,32.70,34.50,0.90,OPEN_METEO_ERA5_LAND,shenzhen
2021-07-04,31.60,26.50,28.40,38.90,32.70,34.60,1.90,OPEN_METEO_ERA5_LAND,shenzhen
2021-07-05,30.70,25.90,27.90,37.50,31.30,33.60,1.60,OPEN_METEO_ERA5_LAND,shenzhen
2021-07-06,30.00,26.00,27.40,36.10,31.60,32.90,2.90,OPEN_METEO_ERA5_LAND,shenzhen
2021-07-07,30.10,25.40,27.30,36.80,29.90,32.20,6.50,OPEN_METEO_ERA5_LAND,shenzhen
2021-07-08,31.10,25.30,27.90,37.90,30.70,33.90,2.00,OPEN_METEO_ERA5_LAND,shenzhen
2021-07-09,32.40,25.30,28.70,38.50,31.20,34.80,1.00,OPEN_METEO_ERA5_LAND,shenzhen
2021-07-10,32.30,25.70,28.70,38.40,32.00,34.50,1.00,OPEN_METEO_ERA5_LAND,shenzhen
2021-07-11,31.70,25.80,28.60,37.60,32.00,34.40,1.70,OPEN_METEO_ERA5_LAND,shenzhen
2021-07-12,31.50,26.60,28.80,38.00,32.80,34.80,0.80,OPEN_METEO_ERA5_LAND,shenzhen
2021-07-13,32.70,26.50,29.20,38.70,32.90,35.10,0.20,OPEN_METEO_ERA5_LAND,shenzhen
2021-07-14,32.80,26.20,29.40,39.20,32.90,35.50,1.20,OPEN_METEO_ERA5_LAND,shenzhen
2021-07-15,32.80,26.50,29.30,38.90,32.80,35.40,2.40,OPEN_METEO_ERA5_LAND,shenzhen
2021-07-16,31.60,26.40,28.00,37.40,32.20,34.20,9.90,OPEN_METEO_ERA5_LAND,shenzhen
2021-07-17,30.20,25.10,27.30,37.30,31.10,33.00,7.10,OPEN_METEO_ERA5_LAND,shenzhen
2021-07-18,29.10,25.10,26.60,34.30,29.70,31.30,10.00,OPEN_METEO_ERA5_LAND,shenzhen
2021-07-19,26.90,24.90,25.70,30.30,28.60,29.30,16.80,OPEN_METEO_ERA5_LAND,shenzhen
2021-07-20,27.10,24.90,25.70,31.60,28.70,29.80,19.30,OPEN_METEO_ERA5_LAND,shenzhen
2021-07-21,26.90,24.30,25.80,31.30,28.80,30.40,16.80,OPEN_METEO_ERA5_LAND,shenzhen
2021-07-22,32.10,25.10,28.30,38.30,30.50,34.10,0.70,OPEN_METEO_ERA5_LAND,shenzhen
2021-07-23,33.70,26.00,29.40,40.30,32.10,35.70,0.50,OPEN_METEO_ERA5_LAND,shenzhen
2021-07-24,32.70,27.00,28.80,40.10,32.40,35.40,9.90,OPEN_METEO_ERA5_LAND,shenzhen
2021-07-25,31.90,27.10,28.70,40.10,33.40,35.40,12.60,OPEN_METEO_ERA5_LAND,shenzhen
2021-07-26,33.60,26.00,29.40,41.90,32.40,36.40,2.30,OPEN_METEO_ERA5_LAND,shenzhen
2021-07-27,33.80,27.40,30.00,41.00,34.10,37.00,4.10,OPEN_METEO_ERA5_LAND,shenzhen
2021-07-28,32.10,28.00,29.60,39.60,34.00,36.50,2.30,OPEN_METEO_ERA5_LAND,shenzhen
2021-07-29,30.50,25.20,27.80,37.00,29.10,33.70,7.30,OPEN_METEO_ERA5_LAND,shenzhen
2021-07-30,30.40,25.60,27.20,36.50,31.80,33.20,22.90,OPEN_METEO_ERA5_LAND,shenzhen
2021-07-31,29.30,25.60,27.30,34.70,31.20,32.80,17.80,OPEN_METEO_ERA5_LAND,shenzhen
2021-08-01,30.50,26.40,27.90,38.30,32.30,34.10,14.60,OPEN_METEO_ERA5_LAND,shenzhen
2021-08-02,29.80,25.90,27.80,36.10,32.60,34.30,5.20,OPEN_METEO_ERA5_LAND,shenzhen
2021-08-03,28.30,25.80,26.70,33.40,30.80,32.10,8.00,OPEN_METEO_ERA5_LAND,shenzhen
2021-08-04,30.40,25.00,27.10,35.60,29.70,32.40,36.80,OPEN_METEO_ERA5_LAND,shenzhen
2021-08-05,28.30,25.50,26.70,33.50,30.50,32.00,33.70,OPEN_METEO_ERA5_LAND,shenzhen
2021-08-06,29.80,25.30,26.90,35.20,30.00,32.60,56.50,OPEN_METEO_ERA5_LAND,shenzhen
2021-08-07,29.50,25.00,27.20,35.40,30.20,33.20,18.00,OPEN_METEO_ERA5_LAND,shenzhen
2021-08-08,29.40,25.50,27.40,37.30,31.40,33.60,23.40,OPEN_METEO_ERA5_LAND,shenzhen
2021-08-09,29.60,26.30,27.50,36.70,31.80,33.60,7.70,OPEN_METEO_ERA5_LAND,shenzhen
2021-08-10,29.20,25.60,27.00,36.10,31.40,33.20,6.60,OPEN_METEO_ERA5_LAND,shenzhen
2021-08-11,30.50,25.50,27.40,37.00,30.80,33.10,5.70,OPEN_METEO_ERA5_LAND,shenzhen
2021-08-12,29.50,25.60,27.30,35.30,31.50,33.30,7.40,OPEN_METEO_ERA5_LAND,shenzhen
2021-08-13,29.70,25.30,27.10,36.00,30.60,32.70,7.10,OPEN_METEO_ERA5_LAND,shenzhen
2021-08-14,27.80,25.20,26.10,33.50,30.10,31.40,32.90,OPEN_METEO_ERA5_LAND,shenzhen
2021-08-15,28.00,25.10,26.10,33.80,30.30,31.70,14.40,OPEN_METEO_ERA5_LAND,shenzhen
2021-08-16,29.70,25.00,26.80,36.40,30.50,32.60,8.20,OPEN_METEO_ERA5_LAND,shenzhen
2021-08-17,31.10,25.80,28.20,37.00,31.40,34.20,0.30,OPEN_METEO_ERA5_LAND,shenzhen
2021-08-18,31.10,26.50,27.70,37.80,32.60,34.00,4.40,OPEN_METEO_ERA5_LAND,shenzhen
2021-08-19,30.80,25.50,27.50,38.90,31.40,33.70,7.10,OPEN_METEO_ERA5_LAND,shenzhen
2021-08-20,30.10,25.40,27.60,36.50,31.30,33.60,3.20,OPEN_METEO_ERA5_LAND,shenzhen
2021-08-21,31.50,26.30,28.40,38.00,31.60,34.00,0.30,OPEN_METEO_ERA5_LAND,shenzhen
2021-08-22,31.30,26.40,28.30,37.10,32.00,33.90,0.80,OPEN_METEO_ERA5_LAND,shenzhen
2021-08-23,30.90,26.10,28.10,36.20,31.50,33.40,1.60,OPEN_METEO_ERA5_LAND,shenzhen
2021-08-24,30.10,25.70,27.40,36.60,31.00,33.00,6.00,OPEN_METEO_ERA5_LAND,shenzhen
2021-08-25,29.80,25.80,27.10,36.80,31.10,33.00,8.20,OPEN_METEO_ERA5_LAND,shenzhen
2021-08-26,30.80,25.30,27.50,38.40,31.20,33.70,1.70,OPEN_METEO_ERA5_LAND,shenzhen
2021-08-27,28.70,24.40,26.40,32.50,27.50,30.90,1.20,OPEN_METEO_ERA5_LAND,shenzhen
2021-08-28,30.10,23.90,26.50,36.30,28.60,31.50,6.00,OPEN_METEO_ERA5_LAND,shenzhen
2021-08-29,30.40,25.00,27.20,35.60,29.80,32.10,0.60,OPEN_METEO_ERA5_LAND,shenzhen
2021-08-30,30.80,24.70,27.40,36.10,29.20,32.70,2.70,OPEN_METEO_ERA5_LAND,shenzhen
2021-08-31,29.00,24.20,26.30,35.50,28.60,31.70,13.90,OPEN_METEO_ERA5_LAND,shenzhen
2021-09-01,29.00,24.90,26.20,33.90,29.00,30.90,5.60,OPEN_METEO_ERA5_LAND,shenzhen
2021-09-02,29.60,25.40,27.00,36.10,30.10,32.70,4.60,OPEN_METEO_ERA5_LAND,shenzhen
2021-09-03,31.10,25.00,27.60,39.10,30.80,33.90,1.80,OPEN_METEO_ERA5_LAND,shenzhen
2021-09-04,30.50,25.40,27.50,38.10,31.20,33.50,1.50,OPEN_METEO_ERA5_LAND,shenzhen
2021-09-05,30.50,25.50,27.60,38.20,31.50,33.80,4.00,OPEN_METEO_ERA5_LAND,shenzhen
2021-09-06,31.10,25.60,27.70,38.20,32.00,34.20,4.40,OPEN_METEO_ERA5_LAND,shenzhen
2021-09-07,30.80,25.50,27.70,38.50,31.00,33.50,3.30,OPEN_METEO_ERA5_LAND,shenzhen
2021-09-08,31.60,25.30,28.20,38.10,30.80,34.40,1.20,OPEN_METEO_ERA5_LAND,shenzhen
2021-09-09,32.10,25.10,28.10,38.80,31.30,34.40,2.30,OPEN_METEO_ERA5_LAND,shenzhen
2021-09-10,32.60,25.70,28.80,38.50,30.30,34.30,0.10,OPEN_METEO_ERA5_LAND,shenzhen
2021-09-11,32.20,25.60,28.80,38.50,31.80,35.20,2.20,OPEN_METEO_ERA5_LAND,shenzhen
2021-09-12,33.00,26.90,30.00,40.30,32.10,36.40,1.10,OPEN_METEO_ERA5_LAND,shenzhen
2021-09-13,32.90,26.90,29.30,40.70,32.30,36.00,2.00,OPEN_METEO_ERA5_LAND,shenzhen
2021-09-14,32.00,26.20,28.00,39.30,32.80,34.60,15.80,OPEN_METEO_ERA5_LAND,shenzhen
2021-09-15,32.00,25.80,28.50,39.90,32.50,35.00,0.90,OPEN_METEO_ERA5_LAND,shenzhen
2021-09-16,31.00,25.30,27.30,37.90,29.00,33.40,8.70,OPEN_METEO_ERA5_LAND,shenzhen
2021-09-17,31.30,25.20,27.40,39.90,30.30,33.80,8.80,OPEN_METEO_ERA5_LAND,shenzhen
2021-09-18,30.90,25.20,27.50,36.20,29.70,33.00,1.00,OPEN_METEO_ERA5_LAND,shenzhen
2021-09-19,30.20,25.00,27.50,35.90,29.90,32.90,2.50,OPEN_METEO_ERA5_LAND,shenzhen
2021-09-20,30.30,25.10,27.20,37.00,30.80,33.50,3.50,OPEN_METEO_ERA5_LAND,shenzhen
2021-09-21,31.10,25.20,27.70,38.30,30.70,34.00,4.40,OPEN_METEO_ERA5_LAND,shenzhen
2021-09-22,30.90,25.40,27.50,38.60,30.90,33.50,3.80,OPEN_METEO_ERA5_LAND,shenzhen
2021-09-23,28.80,24.60,26.50,34.60,28.50,31.40,5.70,OPEN_METEO_ERA5_LAND,shenzhen
2021-09-24,30.10,24.80,27.40,35.10,29.60,32.30,1.60,OPEN_METEO_ERA5_LAND,shenzhen
2021-09-25,31.10,25.30,27.70,35.60,30.10,32.50,0.50,OPEN_METEO_ERA5_LAND,shenzhen
2021-09-26,30.40,24.90,27.20,34.50,28.60,31.50,0.00,OPEN_METEO_ERA5_LAND,shenzhen
2021-09-27,32.10,24.70,27.80,37.40,29.70,33.00,0.50,OPEN_METEO_ERA5_LAND,shenzhen
2021-09-28,31.90,25.20,27.80,37.40,30.80,33.40,0.80,OPEN_METEO_ERA5_LAND,shenzhen
2021-09-29,31.10,24.70,28.10,36.30,30.90,33.90,3.60,OPEN_METEO_ERA5_LAND,shenzhen
2021-09-30,31.80,25.40,28.70,38.90,31.50,35.20,2.40,OPEN_METEO_ERA5_LAND,shenzhen
2021-10-01,32.20,25.10,28.00,39.40,31.10,34.50,3.30,OPEN_METEO_ERA5_LAND,shenzhen
2021-10-02,30.20,25.90,27.70,36.80,31.80,33.70,2.00,OPEN_METEO_ERA5_LAND,shenzhen
2021-10-03,28.70,24.60,26.70,33.40,28.90,31.30,3.10,OPEN_METEO_ERA5_LAND,shenzhen
2021-10-04,31.00,25.20,27.60,33.80,29.70,31.70,0.00,OPEN_METEO_ERA5_LAND,shenzhen
2021-10-05,31.70,25.10,27.80,35.40,29.20,31.70,0.20,OPEN_METEO_ERA5_LAND,shenzhen
2021-10-06,32.20,23.80,27.90,35.50,26.90,31.40,0.30,OPEN_METEO_ERA5_LAND,shenzhen
2021-10-07,31.10,24.80,27.40,33.20,27.10,30.30,12.00,OPEN_METEO_ERA5_LAND,shenzhen
2021-10-08,25.20,24.20,24.70,28.40,25.90,27.20,120.40,OPEN_METEO_ERA5_LAND,shenzhen
2021-10-09,27.20,24.90,25.40,29.60,26.30,27.40,50.80,OPEN_METEO_ERA5_LAND,shenzhen
2021-10-10,28.30,24.50,25.70,31.90,26.50,29.20,25.30,OPEN_METEO_ERA5_LAND,shenzhen
2021-10-11,29.60,22.50,25.90,32.50,21.40,28.20,0.00,OPEN_METEO_ERA5_LAND,shenzhen
2021-10-12,25.40,20.30,22.30,24.80,19.10,21.40,6.80,OPEN_METEO_ERA5_LAND,shenzhen
2021-10-13,25.20,21.00,23.40,28.00,19.20,24.20,89.60,OPEN_METEO_ERA5_LAND,shenzhen
2021-10-14,28.60,23.50,25.50,32.60,27.50,29.60,6.90,OPEN_METEO_ERA5_LAND,shenzhen
2021-10-15,26.80,23.20,24.50,30.90,25.60,28.30,14.90,OPEN_METEO_ERA5_LAND,shenzhen
2021-10-16,27.20,21.20,23.80,29.30,21.00,25.20,0.90,OPEN_METEO_ERA5_LAND,shenzhen
2021-10-17,24.80,18.20,21.20,25.10,16.80,20.60,0.00,OPEN_METEO_ERA5_LAND,shenzhen
2021-10-18,23.40,16.50,20.20,24.90,15.00,20.40,0.00,OPEN_METEO_ERA5_LAND,shenzhen
2021-10-19,27.40,18.80,22.80,31.20,19.50,25.00,0.00,OPEN_METEO_ERA5_LAND,shenzhen
2021-10-20,28.00,21.90,24.70,31.20,24.90,28.00,0.10,OPEN_METEO_ERA5_LAND,shenzhen
2021-10-21,24.70,16.60,21.50,29.00,14.70,22.70,1.00,OPEN_METEO_ERA5_LAND,shenzhen
2021-10-22,18.10,14.90,16.40,16.60,12.70,14.70,0.90,OPEN_METEO_ERA5_LAND,shenzhen
2021-10-23,21.10,16.40,18.30,21.10,15.10,17.70,0.00,OPEN_METEO_ERA5_LAND,shenzhen
2021-10-24,23.70,16.50,19.20,24.50,15.70,18.90,0.00,OPEN_METEO_ERA5_LAND,shenzhen
2021-10-25,24.20,16.70,19.80,25.20,15.50,19.80,0.00,OPEN_METEO_ERA5_LAND,shenzhen
2021-10-26,26.70,17.50,22.20,29.00,16.80,23.50,0.00,OPEN_METEO_ERA5_LAND,shenzhen
2021-10-27,26.30,21.10,23.00,28.70,22.00,25.60,0.70,OPEN_METEO_ERA5_LAND,shenzhen
2021-10-28,25.90,20.40,23.30,28.50,20.90,25.80,0.60,OPEN_METEO_ERA5_LAND,shenzhen
2021-10-29,26.50,20.70,23.50,28.60,21.20,25.70,0.00,OPEN_METEO_ERA5_LAND,shenzhen
2021-10-30,25.10,20.00,22.20,27.20,20.80,24.00,0.00,OPEN_METEO_ERA5_LAND,shenzhen
2021-10-31,26.10,19.00,22.20,27.70,20.00,23.80,0.10,OPEN_METEO_ERA5_LAND,shenzhen
2021-11-01,26.70,19.30,22.90,28.80,21.30,25.10,0.00,OPEN_METEO_ERA5_LAND,shenzhen
2021-11-02,27.80,20.80,23.60,30.50,22.70,26.10,0.10,OPEN_METEO_ERA5_LAND,shenzhen
2021-11-03,27.20,19.70,23.30,29.60,21.30,25.80,0.10,OPEN_METEO_ERA5_LAND,shenzhen
2021-11-04,28.50,21.30,24.00,31.90,24.30,26.90,0.00,OPEN_METEO_ERA5_LAND,shenzhen
2021-11-05,28.60,22.20,24.50,31.90,25.00,27.70,0.10,OPEN_METEO_ERA5_LAND,shenzhen
2021-11-06,29.20,21.10,24.70,32.90,24.60,28.50,0.00,OPEN_METEO_ERA5_LAND,shenzhen
2021-11-07,28.60,21.90,24.60,31.30,26.10,28.40,0.10,OPEN_METEO_ERA5_LAND,shenzhen
2021-11-08,21.90,13.90,17.00,22.90,9.80,13.90,3.10,OPEN_METEO_ERA5_LAND,shenzhen
2021-11-09,21.10,12.20,16.10,18.10,7.20,12.30,0.00,OPEN_METEO_ERA5_LAND,shenzhen
2021-11-10,22.20,13.80,17.40,19.00,10.50,14.30,0.00,OPEN_METEO_ERA5_LAND,shenzhen
2021-11-11,23.60,13.60,18.40,21.90,10.20,16.20,0.00,OPEN_METEO_ERA5_LAND,shenzhen
2021-11-12,24.20,15.80,19.70,22.00,12.90,17.60,0.40,OPEN_METEO_ERA5_LAND,shenzhen
2021-11-13,24.50,14.90,19.50,22.70,12.20,17.50,2.10,OPEN_METEO_ERA5_LAND,shenzhen
2021-11-14,24.60,15.40,19.70,23.20,12.70,18.00,0.00,OPEN_METEO_ERA5_LAND,shenzhen
2021-11-15,24.80,16.50,20.30,24.20,15.60,19.90,0.00,OPEN_METEO_ERA5_LAND,shenzhen
2021-11-16,27.50,16.70,21.60,28.10,15.10,21.60,0.00,OPEN_METEO_ERA5_LAND,shenzhen
2021-11-17,26.60,17.00,21.60,27.60,16.20,21.60,0.00,OPEN_METEO_ERA5_LAND,shenzhen
2021-11-18,25.80,16.20,20.70,26.00,14.90,20.50,0.00,OPEN_METEO_ERA5_LAND,shenzhen
2021-11-19,25.40,16.80,21.30,27.40,16.50,22.40,0.10,OPEN_METEO_ERA5_LAND,shenzhen
2021-11-20,26.50,19.80,22.50,26.50,21.50,23.40,0.00,OPEN_METEO_ERA5_LAND,shenzhen
2021-11-21,27.00,19.60,23.10,28.80,21.40,25.10,0.00,OPEN_METEO_ERA5_LAND,shenzhen
2021-11-22,21.30,14.30,18.10,25.00,10.60,16.40,2.80,OPEN_METEO_ERA5_LAND,shenzhen
2021-11-23,15.70,12.20,14.00,13.00,8.90,10.90,0.30,OPEN_METEO_ERA5_LAND,shenzhen
2021-11-24,22.10,12.50,17.00,21.20,9.10,15.30,0.00,OPEN_METEO_ERA5_LAND,shenzhen
2021-11-25,24.30,13.60,18.70,23.10,11.30,17.70,0.00,OPEN_METEO_ERA5_LAND,shenzhen
2021-11-26,25.50,14.60,19.50,23.50,11.60,18.00,0.00,OPEN_METEO_ERA5_LAND,shenzhen
2021-11-27,25.30,14.90,19.70,23.50,12.00,17.90,0.00,OPEN_METEO_ERA5_LAND,shenzhen
2021-11-28,25.60,15.10,19.90,24.70,12.90,19.00,0.00,OPEN_METEO_ERA5_LAND,shenzhen
2021-11-29,26.90,15.80,20.80,25.60,14.60,20.00,0.00,OPEN_METEO_ERA5_LAND,shenzhen
2021-11-30,24.80,15.10,19.60,22.10,11.00,17.30,0.00,OPEN_METEO_ERA5_LAND,shenzhen
2021-12-01,20.10,11.10,15.20,16.00,5.30,10.50,0.00,OPEN_METEO_ERA5_LAND,shenzhen
2021-12-02,20.70,9.60,14.70,16.60,5.30,10.70,0.00,OPEN_METEO_ERA5_LAND,shenzhen
2021-12-03,21.80,9.90,15.40,16.90,6.10,11.20,0.00,OPEN_METEO_ERA5_LAND,shenzhen
2021-12-04,21.80,10.70,16.20,18.70,6.60,12.80,0.00,OPEN_METEO_ERA5_LAND,shenzhen
2021-12-05,22.40,13.70,17.30,20.00,10.30,14.80,0.00,OPEN_METEO_ERA5_LAND,shenzhen
2021-12-06,22.90,11.60,16.60,20.00,8.40,13.80,0.00,OPEN_METEO_ERA5_LAND,shenzhen
2021-12-07,23.40,12.40,17.70,22.30,9.40,15.90,0.00,OPEN_METEO_ERA5_LAND,shenzhen
2021-12-08,24.60,14.50,19.00,23.40,13.40,18.00,0.00,OPEN_METEO_ERA5_LAND,shenzhen
2021-12-09,24.80,15.30,19.30,23.70,14.80,19.00,0.00,OPEN_METEO_ERA5_LAND,shenzhen
2021-12-10,24.30,13.80,18.80,23.50,12.80,18.60,0.00,OPEN_METEO_ERA5_LAND,shenzhen
2021-12-11,26.20,16.10,20.20,25.50,15.90,20.20,0.00,OPEN_METEO_ERA5_LAND,shenzhen
2021-12-12,25.70,15.40,20.00,24.50,15.40,19.70,0.00,OPEN_METEO_ERA5_LAND,shenzhen
2021-12-13,22.00,12.50,17.20,20.50,9.50,15.20,0.00,OPEN_METEO_ERA5_LAND,shenzhen
2021-12-14,24.20,13.60,18.90,24.00,11.50,18.40,0.00,OPEN_METEO_ERA5_LAND,shenzhen
2021-12-15,23.80,17.20,20.20,23.70,17.90,20.80,1.30,OPEN_METEO_ERA5_LAND,shenzhen
2021-12-16,25.40,19.30,21.90,26.30,20.70,23.40,1.20,OPEN_METEO_ERA5_LAND,shenzhen
2021-12-17,22.20,15.20,19.50,22.60,11.50,18.10,1.10,OPEN_METEO_ERA5_LAND,shenzhen
2021-12-18,19.70,12.10,15.20,16.60,7.70,11.60,0.00,OPEN_METEO_ERA5_LAND,shenzhen
2021-12-19,17.60,11.40,14.80,14.60,6.90,11.00,0.00,OPEN_METEO_ERA5_LAND,shenzhen
2021-12-20,17.20,13.10,14.60,14.30,10.90,12.30,22.40,OPEN_METEO_ERA5_LAND,shenzhen
2021-12-21,15.80,13.00,14.30,15.00,11.00,13.20,9.60,OPEN_METEO_ERA5_LAND,shenzhen
2021-12-22,21.00,12.30,16.40,21.70,11.50,16.60,0.00,OPEN_METEO_ERA5_LAND,shenzhen
2021-12-23,21.50,15.70,18.00,22.50,15.30,18.50,0.10,OPEN_METEO_ERA5_LAND,shenzhen
2021-12-24,22.40,16.40,18.60,24.10,17.20,19.90,1.70,OPEN_METEO_ERA5_LAND,shenzhen
2021-12-25,20.90,13.70,17.00,20.30,11.20,15.70,0.00,OPEN_METEO_ERA5_LAND,shenzhen
2021-12-26,13.70,7.50,11.30,10.40,3.50,7.70,3.90,OPEN_METEO_ERA5_LAND,shenzhen
2021-12-27,10.10,5.30,7.80,7.20,1.00,4.40,5.30,OPEN_METEO_ERA5_LAND,shenzhen
2021-12-28,17.20,7.50,12.00,16.40,4.50,10.20,0.00,OPEN_METEO_ERA5_LAND,shenzhen
2021-12-29,20.30,13.00,15.60,20.30,11.30,14.90,0.00,OPEN_METEO_ERA5_LAND,shenzhen
2021-12-30,19.60,10.10,14.60,19.00,7.20,13.20,0.00,OPEN_METEO_ERA5_LAND,shenzhen
2021-12-31,19.20,10.60,14.90,18.20,7.70,13.50,0.00,OPEN_METEO_ERA5_LAND,shenzhen
2022-01-01,21.50,12.90,16.20,21.80,11.90,16.30,0.00,OPEN_METEO_ERA5_LAND,shenzhen
2022-01-02,21.30,11.50,16.00,20.80,8.90,15.00,0.00,OPEN_METEO_ERA5_LAND,shenzhen
2022-01-03,21.80,13.00,16.70,21.90,12.20,16.70,0.00,OPEN_METEO_ERA5_LAND,shenzhen
2022-01-04,22.10,13.90,17.30,21.60,13.20,16.80,0.00,OPEN_METEO_ERA5_LAND,shenzhen
2022-01-05,24.80,15.80,19.10,26.70,15.30,19.70,0.80,OPEN_METEO_ERA5_LAND,shenzhen
2022-01-06,22.60,14.40,18.00,21.50,12.50,17.50,0.00,OPEN_METEO_ERA5_LAND,shenzhen
2022-01-07,21.50,11.90,16.50,21.00,9.40,15.70,0.00,OPEN_METEO_ERA5_LAND,shenzhen
2022-01-08,21.00,10.60,15.30,21.10,8.30,14.40,0.00,OPEN_METEO_ERA5_LAND,shenzhen
2022-01-09,20.70,12.20,16.00,20.60,11.30,15.30,0.00,OPEN_METEO_ERA5_LAND,shenzhen
2022-01-10,19.70,10.80,15.40,20.00,8.70,14.70,0.00,OPEN_METEO_ERA5_LAND,shenzhen
2022-01-11,17.50,10.50,13.80,15.00,7.20,11.30,1.40,OPEN_METEO_ERA5_LAND,shenzhen
2022-01-12,17.20,10.30,13.50,15.90,7.10,11.50,0.00,OPEN_METEO_ERA5_LAND,shenzhen
2022-01-13,19.50,13.00,15.40,16.90,9.70,13.30,0.00,OPEN_METEO_ERA5_LAND,shenzhen
2022-01-14,18.40,10.30,14.60,16.60,7.00,12.40,0.00,OPEN_METEO_ERA5_LAND,shenzhen
2022-01-15,20.90,13.50,16.60,21.30,12.40,16.10,0.00,OPEN_METEO_ERA5_LAND,shenzhen
2022-01-16,22.20,14.20,17.60,22.60,13.50,17.50,0.00,OPEN_METEO_ERA5_LAND,shenzhen
2022-01-17,21.70,14.40,17.40,21.50,14.00,17.20,0.00,OPEN_METEO_ERA5_LAND,shenzhen
2022-01-18,18.50,13.10,15.40,18.30,11.30,14.20,0.10,OPEN_METEO_ERA5_LAND,shenzhen
2022-01-19,20.50,9.90,14.80,19.40,7.90,13.30,0.00,OPEN_METEO_ERA5_LAND,shenzhen
2022-01-20,21.20,10.30,15.40,20.40,8.40,14.30,0.00,OPEN_METEO_ERA5_LAND,shenzhen
2022-01-21,20.90,14.10,17.00,20.20,12.90,16.30,1.40,OPEN_METEO_ERA5_LAND,shenzhen
2022-01-22,19.20,14.90,16.70,19.40,14.20,16.40,9.60,OPEN_METEO_ERA5_LAND,shenzhen
2022-01-23,24.40,16.40,19.30,25.90,15.80,20.10,0.40,OPEN_METEO_ERA5_LAND,shenzhen
2022-01-24,23.40,16.30,19.20,24.70,16.30,20.20,4.30,OPEN_METEO_ERA5_LAND,shenzhen
2022-01-25,22.70,13.40,17.90,23.00,11.70,17.90,0.00,OPEN_METEO_ERA5_LAND,shenzhen
2022-01-26,21.00,16.30,18.30,21.80,16.20,18.70,6.90,OPEN_METEO_ERA5_LAND,shenzhen
2022-01-27,24.10,16.30,19.40,25.00,16.50,20.10,2.80,OPEN_METEO_ERA5_LAND,shenzhen
2022-01-28,21.10,15.70,18.30,21.80,14.90,18.70,0.10,OPEN_METEO_ERA5_LAND,shenzhen
2022-01-29,22.00,13.80,17.40,22.30,11.40,16.60,0.20,OPEN_METEO_ERA5_LAND,shenzhen
2022-01-30,17.60,9.00,13.00,14.70,5.60,9.70,0.20,OPEN_METEO_ERA5_LAND,shenzhen
2022-01-31,15.30,8.20,11.30,11.70,4.80,7.70,1.40,OPEN_METEO_ERA5_LAND,shenzhen
2022-02-01,13.00,9.40,11.20,10.70,6.90,8.90,1.30,OPEN_METEO_ERA5_LAND,shenzhen
2022-02-02,17.60,11.00,13.20,16.30,8.60,11.50,7.70,OPEN_METEO_ERA5_LAND,shenzhen
2022-02-03,14.30,8.80,11.00,12.60,5.90,8.80,10.50,OPEN_METEO_ERA5_LAND,shenzhen
2022-02-04,16.10,8.20,11.40,14.10,4.80,8.50,0.00,OPEN_METEO_ERA5_LAND,shenzhen
2022-02-05,15.80,8.20,11.70,13.80,4.40,9.20,0.00,OPEN_METEO_ERA5_LAND,shenzhen
2022-02-06,18.80,10.30,14.10,17.50,7.90,12.30,0.00,OPEN_METEO_ERA5_LAND,shenzhen
2022-02-07,19.40,13.60,15.90,19.10,11.60,14.70,6.60,OPEN_METEO_ERA5_LAND,shenzhen
2022-02-08,16.30,9.50,13.20,14.60,6.00,11.00,0.30,OPEN_METEO_ERA5_LAND,shenzhen
2022-02-09,16.30,10.10,13.10,15.20,7.70,11.40,0.10,OPEN_METEO_ERA5_LAND,shenzhen
2022-02-10,19.70,11.50,15.10,20.00,9.70,14.30,0.10,OPEN_METEO_ERA5_LAND,shenzhen
2022-02-11,22.20,14.90,17.80,23.80,13.80,17.90,0.00,OPEN_METEO_ERA5_LAND,shenzhen
2022-02-12,23.30,15.40,18.30,24.00,15.50,19.10,0.00,OPEN_METEO_ERA5_LAND,shenzhen
2022-02-13,17.40,12.10,15.00,18.90,10.40,14.30,7.80,OPEN_METEO_ERA5_LAND,shenzhen
2022-02-14,20.10,9.70,14.30,20.00,6.90,13.00,0.40,OPEN_METEO_ERA5_LAND,shenzhen
2022-02-15,20.70,11.90,15.70,20.90,9.30,15.20,0.00,OPEN_METEO_ERA5_LAND,shenzhen
2022-02-16,18.90,13.50,15.80,17.40,11.90,14.60,0.00,OPEN_METEO_ERA5_LAND,shenzhen
2022-02-17,16.40,13.90,15.50,14.30,12.70,13.70,4.40,OPEN_METEO_ERA5_LAND,shenzhen
2022-02-18,18.70,14.20,15.80,17.10,12.80,14.20,1.70,OPEN_METEO_ERA5_LAND,shenzhen
2022-02-19,14.70,7.30,9.70,13.60,3.40,6.30,18.60,OPEN_METEO_ERA5_LAND,shenzhen
2022-02-20,6.90,5.90,6.40,2.80,1.40,2.20,38.50,OPEN_METEO_ERA5_LAND,shenzhen
2022-02-21,7.90,5.40,6.60,5.20,1.60,3.00,33.40,OPEN_METEO_ERA5_LAND,shenzhen
2022-02-22,9.40,6.30,8.10,7.10,2.80,5.20,23.90,OPEN_METEO_ERA5_LAND,shenzhen
2022-02-23,15.20,6.80,9.90,12.70,3.40,6.80,6.00,OPEN_METEO_ERA5_LAND,shenzhen
2022-02-24,15.00,6.40,10.20,13.10,2.80,7.60,0.00,OPEN_METEO_ERA5_LAND,shenzhen
2022-02-25,18.10,8.30,12.80,18.00,5.20,11.20,0.00,OPEN_METEO_ERA5_LAND,shenzhen
2022-02-26,21.10,10.20,15.00,22.90,9.10,14.80,0.00,OPEN_METEO_ERA5_LAND,shenzhen
2022-02-27,22.00,11.60,16.60,23.40,10.70,16.40,0.00,OPEN_METEO_ERA5_LAND,shenzhen
2022-02-28,22.40,16.00,18.50,23.80,15.50,18.50,0.00,OPEN_METEO_ERA5_LAND,shenzhen
2022-03-01,25.30,16.50,20.40,29.10,16.80,22.10,0.70,OPEN_METEO_ERA5_LAND,shenzhen
2022-03-02,25.90,16.20,20.30,28.80,15.30,21.20,0.10,OPEN_METEO_ERA5_LAND,shenzhen
2022-03-03,22.70,16.30,18.80,23.80,15.90,18.90,0.00,OPEN_METEO_ERA5_LAND,shenzhen
2022-03-04,25.50,16.00,19.90,28.70,16.70,21.50,0.00,OPEN_METEO_ERA5_LAND,shenzhen
2022-03-05,25.70,16.10,20.50,29.70,17.40,22.70,0.00,OPEN_METEO_ERA5_LAND,shenzhen
2022-03-06,22.30,16.90,19.00,22.00,15.10,18.20,6.30,OPEN_METEO_ERA5_LAND,shenzhen
2022-03-07,21.60,15.00,18.10,20.00,12.20,17.30,11.10,OPEN_METEO_ERA5_LAND,shenzhen
2022-03-08,19.70,10.80,14.80,19.30,8.10,12.80,0.00,OPEN_METEO_ERA5_LAND,shenzhen
2022-03-09,21.80,11.30,16.30,20.90,9.90,14.80,0.00,OPEN_METEO_ERA5_LAND,shenzhen
2022-03-10,23.60,14.90,18.60,24.30,13.40,17.90,0.00,OPEN_METEO_ERA5_LAND,shenzhen
2022-03-11,25.40,16.00,20.20,28.00,16.20,21.20,0.00,OPEN_METEO_ERA5_LAND,shenzhen
2022-03-12,25.20,16.70,20.40,27.20,17.30,21.10,0.00,OPEN_METEO_ERA5_LAND,shenzhen
2022-03-13,27.30,17.60,21.60,30.30,18.20,23.20,0.00,OPEN_METEO_ERA5_LAND,shenzhen
2022-03-14,28.60,18.20,22.40,32.20,20.30,25.20,0.40,OPEN_METEO_ERA5_LAND,shenzhen
2022-03-15,28.80,18.20,22.50,34.20,20.60,25.40,0.10,OPEN_METEO_ERA5_LAND,shenzhen
2022-03-16,25.80,19.20,21.70,27.10,20.20,22.90,0.00,OPEN_METEO_ERA5_LAND,shenzhen
2022-03-17,27.50,20.80,23.50,30.20,22.80,26.60,0.60,OPEN_METEO_ERA5_LAND,shenzhen
2022-03-18,28.30,19.70,24.10,31.50,22.80,27.50,0.90,OPEN_METEO_ERA5_LAND,shenzhen
2022-03-19,27.60,20.90,23.10,30.90,22.20,25.70,2.30,OPEN_METEO_ERA5_LAND,shenzhen
2022-03-20,22.30,19.80,21.20,23.90,20.40,22.60,11.00,OPEN_METEO_ERA5_LAND,shenzhen
2022-03-21,27.80,20.50,23.40,30.70,22.10,25.80,0.00,OPEN_METEO_ERA5_LAND,shenzhen
2022-03-22,28.20,21.70,24.10,31.40,24.20,27.50,12.00,OPEN_METEO_ERA5_LAND,shenzhen
2022-03-23,22.40,14.10,15.70,25.80,12.20,15.10,76.40,OPEN_METEO_ERA5_LAND,shenzhen
2022-03-24,18.70,14.00,16.70,18.40,13.30,16.10,11.90,OPEN_METEO_ERA5_LAND,shenzhen
2022-03-25,24.80,18.80,22.20,27.70,18.60,24.40,25.60,OPEN_METEO_ERA5_LAND,shenzhen
2022-03-26,27.20,23.00,24.40,31.30,26.60,28.00,3.40,OPEN_METEO_ERA5_LAND,shenzhen
2022-03-27,21.80,16.30,19.10,23.30,15.70,19.10,2.00,OPEN_METEO_ERA5_LAND,shenzhen
2022-03-28,16.60,14.60,15.30,16.30,13.50,14.70,7.50,OPEN_METEO_ERA5_LAND,shenzhen
2022-03-29,20.60,14.70,17.40,21.00,14.30,17.80,4.00,OPEN_METEO_ERA5_LAND,shenzhen
2022-03-30,25.40,17.80,21.20,27.90,19.00,22.80,0.30,OPEN_METEO_ERA5_LAND,shenzhen
2022-03-31,27.40,20.20,23.10,30.50,22.30,25.30,0.90,OPEN_METEO_ERA5_LAND,shenzhen
2022-04-01,21.10,13.90,17.90,23.20,11.60,16.80,0.80,OPEN_METEO_ERA5_LAND,shenzhen
2022-04-02,13.80,12.40,13.10,11.70,9.50,10.60,5.90,OPEN_METEO_ERA5_LAND,shenzhen
2022-04-03,21.50,12.10,16.20,20.70,9.10,14.40,0.00,OPEN_METEO_ERA5_LAND,shenzhen
2022-04-04,23.20,13.00,17.40,23.60,11.30,16.60,0.00,OPEN_METEO_ERA5_LAND,shenzhen
2022-04-05,25.70,14.40,19.40,27.70,13.40,19.90,0.00,OPEN_METEO_ERA5_LAND,shenzhen
2022-04-06,27.00,15.80,20.40,30.60,16.50,21.80,0.00,OPEN_METEO_ERA5_LAND,shenzhen
2022-04-07,27.40,17.20,21.30,28.60,17.80,22.20,0.60,OPEN_METEO_ERA5_LAND,shenzhen
2022-04-08,28.10,17.20,21.20,30.60,16.30,21.10,0.00,OPEN_METEO_ERA5_LAND,shenzhen
2022-04-09,27.50,17.50,21.40,29.40,17.10,21.90,0.00,OPEN_METEO_ERA5_LAND,shenzhen
2022-04-10,27.80,17.00,21.80,29.40,17.70,22.70,0.00,OPEN_METEO_ERA5_LAND,shenzhen
2022-04-11,28.00,18.50,22.90,31.60,20.70,25.60,1.50,OPEN_METEO_ERA5_LAND,shenzhen
2022-04-12,28.00,19.20,23.30,31.80,21.80,26.30,1.30,OPEN_METEO_ERA5_LAND,shenzhen
2022-04-13,27.20,21.50,23.50,29.30,25.10,26.70,5.00,OPEN_METEO_ERA5_LAND,shenzhen
2022-04-14,30.50,19.00,24.30,32.70,18.80,25.70,0.00,OPEN_METEO_ERA5_LAND,shenzhen
2022-04-15,27.20,20.50,23.10,28.40,20.80,23.70,0.00,OPEN_METEO_ERA5_LAND,shenzhen
2022-04-16,24.50,20.40,21.70,24.30,19.70,21.30,0.00,OPEN_METEO_ERA5_LAND,shenzhen
2022-04-17,25.20,17.80,20.70,26.60,17.30,21.00,1.40,OPEN_METEO_ERA5_LAND,shenzhen
2022-04-18,23.40,18.00,20.30,24.70,18.80,21.40,8.40,OPEN_METEO_ERA5_LAND,shenzhen
2022-04-19,21.70,16.30,18.60,22.80,15.90,19.20,6.60,OPEN_METEO_ERA5_LAND,shenzhen
2022-04-20,26.20,17.50,20.60,30.00,18.60,22.60,0.20,OPEN_METEO_ERA5_LAND,shenzhen
2022-04-21,27.60,19.50,22.80,32.20,21.50,25.60,1.30,OPEN_METEO_ERA5_LAND,shenzhen
2022-04-22,28.20,21.30,24.20,31.30,24.50,27.50,0.60,OPEN_METEO_ERA5_LAND,shenzhen
2022-04-23,28.90,22.80,25.30,32.80,26.40,29.30,2.20,OPEN_METEO_ERA5_LAND,shenzhen
2022-04-24,29.50,22.30,25.70,33.70,26.70,29.80,3.60,OPEN_METEO_ERA5_LAND,shenzhen
2022-04-25,29.80,23.80,26.10,33.10,27.80,29.90,0.60,OPEN_METEO_ERA5_LAND,shenzhen
2022-04-26,29.90,24.50,26.60,33.60,28.70,30.40,0.90,OPEN_METEO_ERA5_LAND,shenzhen
2022-04-27,30.80,23.70,27.10,34.60,28.60,31.40,0.00,OPEN_METEO_ERA5_LAND,shenzhen
2022-04-28,31.10,24.80,27.10,35.20,30.00,31.60,2.10,OPEN_METEO_ERA5_LAND,shenzhen
2022-04-29,32.20,24.30,27.40,37.40,29.70,32.30,2.70,OPEN_METEO_ERA5_LAND,shenzhen
2022-04-30,27.80,22.70,24.90,31.20,25.00,28.00,2.30,OPEN_METEO_ERA5_LAND,shenzhen
2022-05-01,23.20,15.80,18.40,26.00,14.60,18.40,57.40,OPEN_METEO_ERA5_LAND,shenzhen
2022-05-02,18.20,14.90,16.50,18.40,13.20,15.70,28.20,OPEN_METEO_ERA5_LAND,shenzhen
2022-05-03,25.40,16.10,20.40,26.80,15.20,20.80,0.00,OPEN_METEO_ERA5_LAND,shenzhen
2022-05-04,27.60,18.10,22.50,30.50,18.50,24.30,0.00,OPEN_METEO_ERA5_LAND,shenzhen
2022-05-05,28.40,20.90,23.80,32.80,23.40,26.50,0.00,OPEN_METEO_ERA5_LAND,shenzhen
2022-05-06,28.90,20.90,24.20,34.20,23.80,27.60,0.00,OPEN_METEO_ERA5_LAND,shenzhen
2022-05-07,28.80,21.20,23.80,32.70,23.80,26.80,5.10,OPEN_METEO_ERA5_LAND,shenzhen
2022-05-08,26.00,20.70,23.00,26.80,22.60,24.90,2.80,OPEN_METEO_ERA5_LAND,shenzhen
2022-05-09,26.70,21.00,23.40,30.20,24.30,26.50,2.30,OPEN_METEO_ERA5_LAND,shenzhen
2022-05-10,27.90,22.70,24.50,31.80,25.90,28.10,7.20,OPEN_METEO_ERA5_LAND,shenzhen
2022-05-11,26.10,22.20,23.80,29.00,25.90,27.50,34.00,OPEN_METEO_ERA5_LAND,shenzhen
2022-05-12,25.40,23.10,24.00,28.80,27.10,28.00,41.80,OPEN_METEO_ERA5_LAND,shenzhen
2022-05-13,26.20,23.10,24.20,29.40,26.80,28.10,57.00,OPEN_METEO_ERA5_LAND,shenzhen
2022-05-14,28.20,21.40,24.40,33.10,23.70,28.40,35.60,OPEN_METEO_ERA5_LAND,shenzhen
2022-05-15,24.10,20.10,22.30,26.60,20.60,24.30,37.40,OPEN_METEO_ERA5_LAND,shenzhen
2022-05-16,21.10,17.70,18.90,20.90,17.20,18.70,5.30,OPEN_METEO_ERA5_LAND,shenzhen
2022-05-17,25.90,16.10,20.80,28.40,15.80,21.80,0.00,OPEN_METEO_ERA5_LAND,shenzhen
2022-05-18,26.20,18.60,22.00,27.20,18.60,22.70,0.00,OPEN_METEO_ERA5_LAND,shenzhen
2022-05-19,27.90,21.40,24.10,31.00,22.70,26.20,0.10,OPEN_METEO_ERA5_LAND,shenzhen
2022-05-20,29.30,22.10,25.30,33.90,25.20,29.20,0.00,OPEN_METEO_ERA5_LAND,shenzhen
2022-05-21,29.80,22.70,25.40,35.30,27.10,30.10,0.80,OPEN_METEO_ERA5_LAND,shenzhen
2022-05-22,26.80,23.00,24.40,29.40,25.20,27.00,0.40,OPEN_METEO_ERA5_LAND,shenzhen
2022-05-23,27.10,22.80,24.30,30.10,25.10,26.80,2.80,OPEN_METEO_ERA5_LAND,shenzhen
2022-05-24,26.40,23.40,24.40,29.70,26.10,27.80,13.30,OPEN_METEO_ERA5_LAND,shenzhen
2022-05-25,25.60,23.40,24.30,30.30,27.00,28.60,8.80,OPEN_METEO_ERA5_LAND,shenzhen
2022-05-26,29.20,23.20,25.70,35.40,27.90,30.80,12.40,OPEN_METEO_ERA5_LAND,shenzhen
2022-05-27,27.10,24.10,25.40,31.50,29.00,29.90,16.70,OPEN_METEO_ERA5_LAND,shenzhen
2022-05-28,29.50,24.00,26.20,34.50,28.60,30.90,5.70,OPEN_METEO_ERA5_LAND,shenzhen
2022-05-29,30.50,25.00,27.10,36.40,29.60,32.20,2.20,OPEN_METEO_ERA5_LAND,shenzhen
2022-05-30,30.40,24.90,27.10,37.60,30.30,32.80,2.90,OPEN_METEO_ERA5_LAND,shenzhen
2022-05-31,28.20,25.10,26.20,32.70,30.10,31.30,13.10,OPEN_METEO_ERA5_LAND,shenzhen
2022-06-01,29.30,24.90,26.70,35.20,29.60,31.80,6.80,OPEN_METEO_ERA5_LAND,shenzhen
2022-06-02,29.60,25.30,26.70,34.70,30.00,31.50,6.40,OPEN_METEO_ERA5_LAND,shenzhen
2022-06-03,27.90,24.60,26.00,32.20,28.90,30.60,23.10,OPEN_METEO_ERA5_LAND,shenzhen
2022-06-04,29.80,24.50,27.20,35.60,28.70,31.90,4.40,OPEN_METEO_ERA5_LAND,shenzhen
2022-06-05,30.40,26.60,27.90,35.20,31.20,32.60,1.50,OPEN_METEO_ERA5_LAND,shenzhen
2022-06-06,30.90,25.10,27.40,37.20,30.40,32.60,9.50,OPEN_METEO_ERA5_LAND,shenzhen
2022-06-07,28.00,24.10,25.60,32.70,28.30,30.30,19.00,OPEN_METEO_ERA5_LAND,shenzhen
2022-06-08,26.60,23.40,24.60,30.50,27.00,28.60,29.50,OPEN_METEO_ERA5_LAND,shenzhen
2022-06-09,28.00,23.90,25.20,32.70,27.20,29.20,29.50,OPEN_METEO_ERA5_LAND,shenzhen
2022-06-10,26.40,23.90,25.00,30.90,28.30,29.50,26.20,OPEN_METEO_ERA5_LAND,shenzhen
2022-06-11,26.70,23.70,25.20,31.70,28.70,30.00,28.50,OPEN_METEO_ERA5_LAND,shenzhen
2022-06-12,27.90,24.40,26.00,33.00,28.60,30.60,16.30,OPEN_METEO_ERA5_LAND,shenzhen
2022-06-13,29.50,24.40,26.80,33.50,28.90,31.30,7.20,OPEN_METEO_ERA5_LAND,shenzhen
2022-06-14,27.60,24.10,25.60,32.00,28.70,30.20,12.00,OPEN_METEO_ERA5_LAND,shenzhen
2022-06-15,29.40,23.40,25.30,35.40,27.20,30.20,21.50,OPEN_METEO_ERA5_LAND,shenzhen
2022-06-16,28.00,24.00,25.50,32.00,27.40,29.90,9.60,OPEN_METEO_ERA5_LAND,shenzhen
2022-06-17,29.70,24.70,26.50,32.80,28.80,30.80,3.10,OPEN_METEO_ERA5_LAND,shenzhen
2022-06-18,29.80,26.10,27.30,34.40,30.20,31.60,1.90,OPEN_METEO_ERA5_LAND,shenzhen
2022-06-19,29.70,25.40,27.30,34.20,30.00,32.00,6.60,OPEN_METEO_ERA5_LAND,shenzhen
2022-06-20,28.80,25.00,26.90,32.80,29.30,31.40,12.30,OPEN_METEO_ERA5_LAND,shenzhen
2022-06-21,29.30,26.20,27.30,33.50,30.30,32.00,1.00,OPEN_METEO_ERA5_LAND,shenzhen
2022-06-22,30.80,26.20,27.90,36.60,31.70,33.30,1.00,OPEN_METEO_ERA5_LAND,shenzhen
2022-06-23,31.10,25.10,28.00,37.40,30.70,33.50,0.30,OPEN_METEO_ERA5_LAND,shenzhen
2022-06-24,30.90,25.50,28.00,37.50,30.90,33.70,2.10,OPEN_METEO_ERA5_LAND,shenzhen
2022-06-25,30.60,25.70,27.90,36.90,31.10,33.30,0.70,OPEN_METEO_ERA5_LAND,shenzhen
2022-06-26,31.30,25.70,28.00,38.00,31.30,33.30,0.80,OPEN_METEO_ERA5_LAND,shenzhen
2022-06-27,31.00,25.60,28.00,37.10,30.90,33.50,1.20,OPEN_METEO_ERA5_LAND,shenzhen
2022-06-28,31.90,25.50,28.60,38.30,31.20,34.40,0.60,OPEN_METEO_ERA5_LAND,shenzhen
2022-06-29,30.20,26.00,27.50,35.00,30.90,32.70,6.80,OPEN_METEO_ERA5_LAND,shenzhen
2022-06-30,29.90,25.10,26.90,34.30,28.70,30.90,6.30,OPEN_METEO_ERA5_LAND,shenzhen
2022-07-01,28.90,24.80,25.90,31.70,27.00,28.50,34.10,OPEN_METEO_ERA5_LAND,shenzhen
2022-07-02,26.50,24.90,25.30,29.20,26.30,27.50,47.30,OPEN_METEO_ERA5_LAND,shenzhen
2022-07-03,30.20,25.00,26.70,34.00,28.00,30.20,23.20,OPEN_METEO_ERA5_LAND,shenzhen
2022-07-04,28.40,25.20,26.60,32.90,28.60,30.70,20.10,OPEN_METEO_ERA5_LAND,shenzhen
2022-07-05,28.70,25.70,26.80,33.30,29.80,31.50,23.90,OPEN_METEO_ERA5_LAND,shenzhen
2022-07-06,28.10,24.70,26.30,32.20,29.50,31.20,23.40,OPEN_METEO_ERA5_LAND,shenzhen
2022-07-07,29.20,24.50,26.50,34.20,29.70,31.50,8.70,OPEN_METEO_ERA5_LAND,shenzhen
2022-07-08,31.10,25.00,27.60,38.80,30.60,33.40,1.60,OPEN_METEO_ERA5_LAND,shenzhen
2022-07-09,31.10,25.30,27.70,38.60,30.20,33.30,1.40,OPEN_METEO_ERA5_LAND,shenzhen
2022-07-10,31.80,26.00,28.40,38.40,31.80,34.60,1.70,OPEN_METEO_ERA5_LAND,shenzhen
2022-07-11,32.20,25.70,28.60,38.80,31.90,34.80,1.10,OPEN_METEO_ERA5_LAND,shenzhen
2022-07-12,32.30,25.70,28.60,39.30,31.90,34.90,1.30,OPEN_METEO_ERA5_LAND,shenzhen
2022-07-13,33.00,25.40,29.00,40.00,31.40,35.10,0.30,OPEN_METEO_ERA5_LAND,shenzhen
2022-07-14,32.00,25.40,28.80,38.90,32.00,35.20,1.00,OPEN_METEO_ERA5_LAND,shenzhen
2022-07-15,32.00,26.30,28.80,38.90,31.80,35.10,3.40,OPEN_METEO_ERA5_LAND,shenzhen
2022-07-16,30.70,26.90,28.50,36.50,32.20,33.90,3.30,OPEN_METEO_ERA5_LAND,shenzhen
2022-07-17,31.50,27.10,28.90,36.60,31.60,33.90,3.50,OPEN_METEO_ERA5_LAND,shenzhen
2022-07-18,32.10,27.10,29.00,38.00,32.20,34.50,0.80,OPEN_METEO_ERA5_LAND,shenzhen
2022-07-19,31.70,26.40,28.40,39.10,32.10,34.30,1.70,OPEN_METEO_ERA5_LAND,shenzhen
2022-07-20,31.60,26.60,28.80,37.60,33.10,34.60,1.60,OPEN_METEO_ERA5_LAND,shenzhen
2022-07-21,31.90,25.90,28.80,38.70,31.70,34.90,2.70,OPEN_METEO_ERA5_LAND,shenzhen
2022-07-22,33.40,25.70,29.60,40.00,31.60,35.70,0.00,OPEN_METEO_ERA5_LAND,shenzhen
2022-07-23,34.00,26.80,30.00,40.80,33.40,36.40,1.40,OPEN_METEO_ERA5_LAND,shenzhen
2022-07-24,34.90,27.50,30.70,41.80,33.90,37.10,0.00,OPEN_METEO_ERA5_LAND,shenzhen
2022-07-25,35.20,27.70,30.60,42.50,34.50,37.40,1.10,OPEN_METEO_ERA5_LAND,shenzhen
2022-07-26,34.60,27.00,30.20,40.90,33.60,36.00,0.00,OPEN_METEO_ERA5_LAND,shenzhen
2022-07-27,34.40,26.50,29.90,39.50,32.20,35.20,0.00,OPEN_METEO_ERA5_LAND,shenzhen
2022-07-28,35.80,27.00,30.60,41.90,32.90,36.20,0.00,OPEN_METEO_ERA5_LAND,shenzhen
2022-07-29,35.70,27.90,30.80,42.40,34.80,37.40,0.50,OPEN_METEO_ERA5_LAND,shenzhen
2022-07-30,30.90,25.10,28.50,37.80,29.70,34.70,29.20,OPEN_METEO_ERA5_LAND,shenzhen
2022-07-31,33.00,26.60,29.60,39.80,31.30,35.90,1.40,OPEN_METEO_ERA5_LAND,shenzhen
2022-08-01,34.20,27.40,30.30,40.00,33.30,36.00,0.10,OPEN_METEO_ERA5_LAND,shenzhen
2022-08-02,34.60,26.60,29.40,40.90,32.40,35.70,5.70,OPEN_METEO_ERA5_LAND,shenzhen
2022-08-03,28.80,25.40,26.90,35.20,31.10,32.90,15.70,OPEN_METEO_ERA5_LAND,shenzhen
2022-08-04,26.80,24.40,25.40,32.20,29.10,30.20,19.00,OPEN_METEO_ERA5_LAND,shenzhen
2022-08-05,28.60,24.20,25.50,33.90,28.80,30.20,30.40,OPEN_METEO_ERA5_LAND,shenzhen
2022-08-06,30.00,25.00,27.20,35.50,30.10,32.50,2.60,OPEN_METEO_ERA5_LAND,shenzhen
2022-08-07,31.40,25.90,28.20,36.30,31.20,33.20,0.80,OPEN_METEO_ERA5_LAND,shenzhen
2022-08-08,29.60,24.20,26.30,35.40,26.60,30.40,21.40,OPEN_METEO_ERA5_LAND,shenzhen
2022-08-09,27.30,24.30,25.20,29.60,26.80,28.10,36.50,OPEN_METEO_ERA5_LAND,shenzhen
2022-08-10,27.30,23.90,25.40,30.90,27.00,28.60,53.40,OPEN_METEO_ERA5_LAND,shenzhen
2022-08-11,29.10,23.60,25.90,35.20,26.20,30.50,9.20,OPEN_METEO_ERA5_LAND,shenzhen
2022-08-12,27.30,24.20,25.80,32.80,28.50,30.90,7.80,OPEN_METEO_ERA5_LAND,shenzhen
2022-08-13,29.10,24.80,26.70,35.40,30.50,32.40,14.90,OPEN_METEO_ERA5_LAND,shenzhen
2022-08-14,31.60,25.20,27.70,39.70,30.80,34.10,7.30,OPEN_METEO_ERA5_LAND,shenzhen
2022-08-15,31.90,25.60,28.30,41.30,31.70,35.10,2.80,OPEN_METEO_ERA5_LAND,shenzhen
2022-08-16,29.30,24.90,27.20,36.30,29.50,32.90,5.00,OPEN_METEO_ERA5_LAND,shenzhen
2022-08-17,29.20,25.30,26.70,35.90,30.40,31.80,10.50,OPEN_METEO_ERA5_LAND,shenzhen
2022-08-18,30.80,25.30,27.10,38.30,30.30,32.70,3.20,OPEN_METEO_ERA5_LAND,shenzhen
2022-08-19,28.80,25.60,26.70,34.30,30.10,31.80,15.70,OPEN_METEO_ERA5_LAND,shenzhen
2022-08-20,30.20,24.70,26.80,35.10,29.10,31.10,4.50,OPEN_METEO_ERA5_LAND,shenzhen
2022-08-21,30.70,24.90,27.50,37.20,29.70,32.80,1.90,OPEN_METEO_ERA5_LAND,shenzhen
2022-08-22,31.50,25.80,28.40,38.10,31.90,34.50,0.70,OPEN_METEO_ERA5_LAND,shenzhen
2022-08-23,33.40,26.20,29.60,41.50,32.70,36.90,1.20,OPEN_METEO_ERA5_LAND,shenzhen
2022-08-24,33.60,26.50,29.20,38.90,28.10,34.20,1.60,OPEN_METEO_ERA5_LAND,shenzhen
2022-08-25,28.80,23.90,26.10,31.80,26.10,28.80,14.90,OPEN_METEO_ERA5_LAND,shenzhen
2022-08-26,30.90,24.00,27.40,37.50,28.20,32.80,4.40,OPEN_METEO_ERA5_LAND,shenzhen
2022-08-27,32.30,25.70,28.50,39.30,31.60,34.70,0.20,OPEN_METEO_ERA5_LAND,shenzhen
2022-08-28,32.80,26.40,29.00,41.60,33.30,35.90,2.10,OPEN_METEO_ERA5_LAND,shenzhen
2022-08-29,30.60,26.30,27.80,37.70,32.70,34.30,7.90,OPEN_METEO_ERA5_LAND,shenzhen
2022-08-30,31.20,25.60,27.60,39.40,32.40,34.40,12.60,OPEN_METEO_ERA5_LAND,shenzhen
2022-08-31,30.80,24.70,27.70,38.70,30.40,34.30,4.40,OPEN_METEO_ERA5_LAND,shenzhen
2022-09-01,31.30,25.00,27.00,38.30,29.50,32.80,16.80,OPEN_METEO_ERA5_LAND,shenzhen
2022-09-02,31.90,23.60,27.30,34.90,26.30,31.10,0.00,OPEN_METEO_ERA5_LAND,shenzhen
2022-09-03,30.70,22.80,26.70,34.00,24.90,29.30,0.00,OPEN_METEO_ERA5_LAND,shenzhen
2022-09-04,31.50,23.70,27.50,34.50,25.70,30.00,0.00,OPEN_METEO_ERA5_LAND,shenzhen
2022-09-05,32.00,24.00,27.80,35.00,26.60,31.10,0.00,OPEN_METEO_ERA5_LAND,shenzhen
2022-09-06,32.90,24.30,28.40,37.40,27.60,32.20,0.00,OPEN_METEO_ERA5_LAND,shenzhen
2022-09-07,29.20,24.80,26.50,33.90,28.60,30.90,6.30,OPEN_METEO_ERA5_LAND,shenzhen
2022-09-08,31.00,22.70,26.80,38.60,24.40,31.20,1.50,OPEN_METEO_ERA5_LAND,shenzhen
2022-09-09,32.00,22.60,27.00,36.60,25.80,31.00,0.00,OPEN_METEO_ERA5_LAND,shenzhen
2022-09-10,31.10,24.90,27.00,37.60,30.00,32.60,5.30,OPEN_METEO_ERA5_LAND,shenzhen
2022-09-11,32.10,24.80,28.00,37.80,30.50,33.80,1.20,OPEN_METEO_ERA5_LAND,shenzhen
2022-09-12,33.70,24.50,29.10,37.70,30.30,34.10,0.00,OPEN_METEO_ERA5_LAND,shenzhen
2022-09-13,34.30,24.20,29.20,37.30,28.70,33.10,0.00,OPEN_METEO_ERA5_LAND,shenzhen
2022-09-14,33.50,25.60,29.40,36.20,28.70,32.00,0.00,OPEN_METEO_ERA5_LAND,shenzhen
2022-09-15,33.90,24.50,29.10,37.30,27.80,32.30,0.00,OPEN_METEO_ERA5_LAND,shenzhen
2022-09-16,33.90,26.00,29.70,37.10,31.90,33.90,0.30,OPEN_METEO_ERA5_LAND,shenzhen
2022-09-17,34.00,25.30,29.10,38.90,29.30,34.20,1.30,OPEN_METEO_ERA5_LAND,shenzhen
2022-09-18,34.00,25.10,28.40,39.20,29.20,33.20,2.10,OPEN_METEO_ERA5_LAND,shenzhen
2022-09-19,34.60,25.50,28.20,40.50,30.60,33.60,5.10,OPEN_METEO_ERA5_LAND,shenzhen
2022-09-20,30.00,25.70,27.50,34.30,29.20,32.00,3.40,OPEN_METEO_ERA5_LAND,shenzhen
2022-09-21,30.30,24.50,27.10,33.40,28.00,30.20,0.20,OPEN_METEO_ERA5_LAND,shenzhen
2022-09-22,30.10,24.60,26.90,34.00,28.10,30.60,1.00,OPEN_METEO_ERA5_LAND,shenzhen
2022-09-23,32.20,23.10,26.90,36.30,27.70,31.20,1.00,OPEN_METEO_ERA5_LAND,shenzhen
2022-09-24,30.60,23.80,26.70,33.80,27.00,29.90,0.60,OPEN_METEO_ERA5_LAND,shenzhen
2022-09-25,31.90,23.60,27.30,35.40,27.30,31.00,0.40,OPEN_METEO_ERA5_LAND,shenzhen
2022-09-26,34.10,24.00,28.20,36.90,28.20,31.80,0.00,OPEN_METEO_ERA5_LAND,shenzhen
2022-09-27,32.50,25.70,28.40,34.80,28.90,31.30,0.30,OPEN_METEO_ERA5_LAND,shenzhen
2022-09-28,31.50,25.70,28.00,34.90,28.50,30.80,0.00,OPEN_METEO_ERA5_LAND,shenzhen
2022-09-29,30.00,25.00,27.00,32.00,27.70,30.30,2.00,OPEN_METEO_ERA5_LAND,shenzhen
2022-09-30,26.40,23.80,25.20,30.10,27.70,28.90,18.40,OPEN_METEO_ERA5_LAND,shenzhen
2022-10-01,29.80,24.20,26.20,34.70,28.70,30.30,3.60,OPEN_METEO_ERA5_LAND,shenzhen
2022-10-02,30.90,25.00,27.10,36.10,28.80,31.80,2.70,OPEN_METEO_ERA5_LAND,shenzhen
2022-10-03,31.60,25.00,27.80,36.80,30.60,32.80,0.40,OPEN_METEO_ERA5_LAND,shenzhen
2022-10-04,33.00,24.70,27.90,38.40,30.40,33.40,0.00,OPEN_METEO_ERA5_LAND,shenzhen
2022-10-05,31.20,25.30,27.50,34.40,30.00,31.70,0.50,OPEN_METEO_ERA5_LAND,shenzhen
2022-10-06,30.40,24.70,27.00,34.70,27.80,30.50,1.40,OPEN_METEO_ERA5_LAND,shenzhen
2022-10-07,31.20,23.30,27.10,35.40,25.20,30.30,0.40,OPEN_METEO_ERA5_LAND,shenzhen
2022-10-08,31.00,21.00,25.90,33.50,20.40,27.30,0.00,OPEN_METEO_ERA5_LAND,shenzhen
2022-10-09,32.10,21.80,26.60,33.40,19.60,27.50,0.20,OPEN_METEO_ERA5_LAND,shenzhen
2022-10-10,26.90,19.00,22.80,24.10,16.30,20.00,0.00,OPEN_METEO_ERA5_LAND,shenzhen
2022-10-11,27.10,17.70,22.40,26.50,13.50,20.00,0.00,OPEN_METEO_ERA5_LAND,shenzhen
2022-10-12,28.30,18.40,23.10,26.40,15.00,21.10,0.00,OPEN_METEO_ERA5_LAND,shenzhen
2022-10-13,30.10,19.50,24.60,29.10,16.70,23.50,0.00,OPEN_METEO_ERA5_LAND,shenzhen
2022-10-14,30.40,21.00,25.60,30.50,19.70,26.20,0.00,OPEN_METEO_ERA5_LAND,shenzhen
2022-10-15,31.10,20.90,25.90,31.00,19.20,25.50,0.00,OPEN_METEO_ERA5_LAND,shenzhen
2022-10-16,32.30,22.30,27.40,31.20,20.20,25.80,0.00,OPEN_METEO_ERA5_LAND,shenzhen
2022-10-17,29.70,24.70,26.50,26.80,21.10,23.50,0.30,OPEN_METEO_ERA5_LAND,shenzhen
2022-10-18,25.50,16.30,20.10,20.80,13.30,16.90,23.20,OPEN_METEO_ERA5_LAND,shenzhen
2022-10-19,24.80,17.00,20.70,23.60,14.20,19.30,0.20,OPEN_METEO_ERA5_LAND,shenzhen
2022-10-20,25.50,19.70,22.20,26.30,19.00,22.70,0.00,OPEN_METEO_ERA5_LAND,shenzhen
2022-10-21,28.80,20.20,23.50,31.00,20.80,25.30,0.00,OPEN_METEO_ERA5_LAND,shenzhen
2022-10-22,29.70,19.00,24.20,32.10,21.30,26.20,0.00,OPEN_METEO_ERA5_LAND,shenzhen
2022-10-23,27.20,21.40,23.50,28.30,23.50,25.80,7.60,OPEN_METEO_ERA5_LAND,shenzhen
2022-10-24,27.60,21.50,23.80,29.50,22.70,25.00,0.00,OPEN_METEO_ERA5_LAND,shenzhen
2022-10-25,25.30,19.90,22.40,25.50,19.20,22.30,0.00,OPEN_METEO_ERA5_LAND,shenzhen
2022-10-26,26.00,19.80,22.20,26.70,20.10,22.80,0.00,OPEN_METEO_ERA5_LAND,shenzhen
2022-10-27,29.20,20.00,23.50,30.50,21.90,25.00,0.00,OPEN_METEO_ERA5_LAND,shenzhen
2022-10-28,29.90,20.40,24.20,30.20,20.60,25.30,0.00,OPEN_METEO_ERA5_LAND,shenzhen
2022-10-29,30.20,19.90,24.20,29.30,19.60,24.50,0.00,OPEN_METEO_ERA5_LAND,shenzhen
2022-10-30,29.70,19.60,24.20,28.60,18.50,23.10,0.00,OPEN_METEO_ERA5_LAND,shenzhen
2022-10-31,28.00,20.40,24.20,24.50,17.90,21.50,0.00,OPEN_METEO_ERA5_LAND,shenzhen
2022-11-01,23.40,18.40,21.30,20.10,17.00,18.80,9.20,OPEN_METEO_ERA5_LAND,shenzhen
2022-11-02,19.90,17.40,18.60,19.50,15.50,17.70,18.90,OPEN_METEO_ERA5_LAND,shenzhen
2022-11-03,21.90,20.00,20.90,23.90,19.20,22.60,35.30,OPEN_METEO_ERA5_LAND,shenzhen
2022-11-04,23.00,19.10,21.10,24.70,19.80,23.00,11.10,OPEN_METEO_ERA5_LAND,shenzhen
2022-11-05,21.80,17.60,19.50,22.30,17.30,20.00,0.20,OPEN_METEO_ERA5_LAND,shenzhen
2022-11-06,19.90,17.60,18.60,20.90,18.00,19.60,8.60,OPEN_METEO_ERA5_LAND,shenzhen
2022-11-07,22.40,17.40,19.60,23.60,18.20,20.90,17.40,OPEN_METEO_ERA5_LAND,shenzhen
2022-11-08,22.50,18.90,20.20,25.50,20.30,22.50,31.80,OPEN_METEO_ERA5_LAND,shenzhen
2022-11-09,27.60,19.00,22.50,30.40,21.50,25.40,0.00,OPEN_METEO_ERA5_LAND,shenzhen
2022-11-10,27.90,19.90,23.30,31.20,22.60,26.50,0.30,OPEN_METEO_ERA5_LAND,shenzhen
2022-11-11,27.70,20.00,23.00,30.80,22.50,25.90,0.30,OPEN_METEO_ERA5_LAND,shenzhen
2022-11-12,26.20,19.60,22.40,29.00,22.10,25.30,0.20,OPEN_METEO_ERA5_LAND,shenzhen
2022-11-13,29.10,19.60,23.40,33.10,22.30,26.90,0.00,OPEN_METEO_ERA5_LAND,shenzhen
2022-11-14,26.60,21.10,23.30,29.00,22.50,25.70,0.00,OPEN_METEO_ERA5_LAND,shenzhen
2022-11-15,27.70,21.00,23.50,30.80,24.50,26.60,0.00,OPEN_METEO_ERA5_LAND,shenzhen
2022-11-16,25.50,21.20,22.70,27.40,23.40,24.80,0.00,OPEN_METEO_ERA5_LAND,shenzhen
2022-11-17,25.70,20.70,22.80,28.50,22.70,25.30,0.00,OPEN_METEO_ERA5_LAND,shenzhen
2022-11-18,27.40,20.80,23.40,29.80,23.40,26.00,0.20,OPEN_METEO_ERA5_LAND,shenzhen
2022-11-19,27.90,21.00,23.90,30.60,23.20,26.80,1.10,OPEN_METEO_ERA5_LAND,shenzhen
2022-11-20,27.60,19.10,22.80,29.60,19.30,24.60,0.00,OPEN_METEO_ERA5_LAND,shenzhen
2022-11-21,26.10,20.80,22.90,27.20,22.30,24.20,10.30,OPEN_METEO_ERA5_LAND,shenzhen
2022-11-22,24.30,21.40,22.50,26.30,21.90,24.20,3.30,OPEN_METEO_ERA5_LAND,shenzhen
2022-11-23,25.30,21.70,22.70,28.60,23.60,25.50,24.00,OPEN_METEO_ERA5_LAND,shenzhen
2022-11-24,22.40,20.80,21.40,24.10,22.30,23.20,16.90,OPEN_METEO_ERA5_LAND,shenzhen
2022-11-25,23.90,20.50,21.90,27.30,22.50,24.60,15.30,OPEN_METEO_ERA5_LAND,shenzhen
2022-11-26,23.30,20.10,21.40,25.90,22.20,23.70,1.70,OPEN_METEO_ERA5_LAND,shenzhen
2022-11-27,24.50,21.10,22.60,26.60,22.20,24.60,0.70,OPEN_METEO_ERA5_LAND,shenzhen
2022-11-28,27.50,22.60,24.30,30.60,26.40,28.20,1.60,OPEN_METEO_ERA5_LAND,shenzhen
2022-11-29,28.30,22.00,24.60,32.00,26.20,28.90,0.00,OPEN_METEO_ERA5_LAND,shenzhen
2022-11-30,21.90,13.90,18.60,26.00,10.70,17.80,0.00,OPEN_METEO_ERA5_LAND,shenzhen
2022-12-01,14.40,10.30,12.00,11.60,6.40,8.70,0.00,OPEN_METEO_ERA5_LAND,shenzhen
2022-12-02,15.70,8.50,11.80,14.00,4.20,9.00,0.00,OPEN_METEO_ERA5_LAND,shenzhen
2022-12-03,19.00,11.70,15.20,19.20,9.40,14.40,0.00,OPEN_METEO_ERA5_LAND,shenzhen
2022-12-04,19.70,14.90,16.90,19.00,13.20,16.20,0.40,OPEN_METEO_ERA5_LAND,shenzhen
2022-12-05,16.60,11.10,13.90,13.90,7.30,10.90,0.00,OPEN_METEO_ERA5_LAND,shenzhen
2022-12-06,15.70,10.00,12.40,14.10,6.60,10.00,0.00,OPEN_METEO_ERA5_LAND,shenzhen
2022-12-07,20.40,10.70,14.90,19.70,8.10,13.60,0.00,OPEN_METEO_ERA5_LAND,shenzhen
2022-12-08,21.70,12.50,16.50,21.90,10.50,15.90,0.00,OPEN_METEO_ERA5_LAND,shenzhen
2022-12-09,21.00,12.10,16.20,20.80,10.20,15.20,0.00,OPEN_METEO_ERA5_LAND,shenzhen
2022-12-10,20.00,11.40,15.20,18.80,9.10,13.50,0.00,OPEN_METEO_ERA5_LAND,shenzhen
2022-12-11,17.80,11.20,14.10,15.10,8.60,11.50,0.10,OPEN_METEO_ERA5_LAND,shenzhen
2022-12-12,15.50,11.40,13.10,11.80,8.50,10.00,0.10,OPEN_METEO_ERA5_LAND,shenzhen
2022-12-13,12.40,10.30,11.30,9.80,6.50,8.30,1.50,OPEN_METEO_ERA5_LAND,shenzhen
2022-12-14,11.20,9.50,10.20,8.40,6.20,7.50,6.10,OPEN_METEO_ERA5_LAND,shenzhen
2022-12-15,14.20,10.00,12.00,13.40,7.50,10.70,7.80,OPEN_METEO_ERA5_LAND,shenzhen
2022-12-16,16.50,13.30,14.60,15.80,10.90,13.50,7.30,OPEN_METEO_ERA5_LAND,shenzhen
2022-12-17,12.60,9.20,10.70,9.80,4.00,6.00,2.70,OPEN_METEO_ERA5_LAND,shenzhen
2022-12-18,11.90,6.00,8.80,7.00,-0.30,3.50,0.00,OPEN_METEO_ERA5_LAND,shenzhen
2022-12-19,15.20,4.70,9.70,11.90,0.40,6.20,0.00,OPEN_METEO_ERA5_LAND,shenzhen
2022-12-20,17.40,9.80,13.50,16.50,7.30,11.90,0.00,OPEN_METEO_ERA5_LAND,shenzhen
2022-12-21,18.90,10.90,14.30,15.40,7.80,11.60,0.00,OPEN_METEO_ERA5_LAND,shenzhen
2022-12-22,19.00,8.20,13.10,15.70,4.20,9.70,0.00,OPEN_METEO_ERA5_LAND,shenzhen
2022-12-23,18.90,10.60,14.00,15.80,6.00,10.50,0.00,OPEN_METEO_ERA5_LAND,shenzhen
2022-12-24,18.80,8.70,13.10,15.00,4.70,9.60,0.00,OPEN_METEO_ERA5_LAND,shenzhen
2022-12-25,18.10,8.10,12.80,16.50,4.50,10.30,0.00,OPEN_METEO_ERA5_LAND,shenzhen
2022-12-26,19.40,10.00,13.90,17.40,7.90,12.10,0.00,OPEN_METEO_ERA5_LAND,shenzhen
2022-12-27,19.40,9.30,14.20,18.30,6.60,12.70,0.00,OPEN_METEO_ERA5_LAND,shenzhen
2022-12-28,19.50,10.00,14.80,16.80,6.10,12.20,0.00,OPEN_METEO_ERA5_LAND,shenzhen
2022-12-29,18.30,8.90,13.30,15.60,5.20,10.10,0.10,OPEN_METEO_ERA5_LAND,shenzhen
2022-12-30,17.60,7.40,12.00,14.50,3.40,8.70,0.00,OPEN_METEO_ERA5_LAND,shenzhen
2022-12-31,19.10,7.10,12.50,16.90,3.80,9.80,0.00,OPEN_METEO_ERA5_LAND,shenzhen
2023-01-01,14.50,10.50,12.50,13.10,7.50,10.30,4.90,OPEN_METEO_ERA5_LAND,shenzhen
2023-01-02,19.00,12.70,15.60,17.30,9.80,13.40,0.00,OPEN_METEO_ERA5_LAND,shenzhen
2023-01-03,18.20,11.60,14.60,15.80,8.20,12.00,0.00,OPEN_METEO_ERA5_LAND,shenzhen
2023-01-04,18.20,11.80,14.70,17.40,9.20,13.30,0.60,OPEN_METEO_ERA5_LAND,shenzhen
2023-01-05,22.30,13.50,17.40,21.50,12.80,17.30,0.00,OPEN_METEO_ERA5_LAND,shenzhen
2023-01-06,22.90,14.50,17.80,19.80,12.00,15.80,0.00,OPEN_METEO_ERA5_LAND,shenzhen
2023-01-07,22.90,13.90,17.60,21.50,11.10,15.70,0.00,OPEN_METEO_ERA5_LAND,shenzhen
2023-01-08,21.60,15.40,17.50,18.90,13.70,15.40,1.00,OPEN_METEO_ERA5_LAND,shenzhen
2023-01-09,22.10,15.60,18.20,22.50,15.00,18.00,0.50,OPEN_METEO_ERA5_LAND,shenzhen
2023-01-10,16.90,15.60,16.10,16.50,15.10,16.00,6.80,OPEN_METEO_ERA5_LAND,shenzhen
2023-01-11,19.60,15.50,17.20,19.10,15.30,17.00,1.00,OPEN_METEO_ERA5_LAND,shenzhen
2023-01-12,20.90,16.60,18.60,20.50,15.70,18.30,0.80,OPEN_METEO_ERA5_LAND,shenzhen
2023-01-13,23.30,19.10,21.00,26.00,19.70,23.30,4.00,OPEN_METEO_ERA5_LAND,shenzhen
2023-01-14,25.00,19.60,21.50,27.50,22.60,24.50,2.00,OPEN_METEO_ERA5_LAND,shenzhen
2023-01-15,20.40,8.90,15.60,23.70,4.90,13.70,4.90,OPEN_METEO_ERA5_LAND,shenzhen
2023-01-16,11.80,6.80,9.20,8.30,1.90,5.20,0.40,OPEN_METEO_ERA5_LAND,shenzhen
2023-01-17,14.10,7.80,10.50,11.00,4.10,7.30,0.00,OPEN_METEO_ERA5_LAND,shenzhen
2023-01-18,15.70,6.30,10.70,12.90,1.80,7.60,0.00,OPEN_METEO_ERA5_LAND,shenzhen
2023-01-19,18.90,7.30,13.20,17.70,4.20,11.30,0.00,OPEN_METEO_ERA5_LAND,shenzhen
2023-01-20,17.90,11.70,14.40,16.10,8.00,12.10,0.00,OPEN_METEO_ERA5_LAND,shenzhen
2023-01-21,18.30,12.50,15.30,17.10,10.90,14.30,4.20,OPEN_METEO_ERA5_LAND,shenzhen
2023-01-22,23.60,14.50,17.60,25.60,14.50,18.30,8.70,OPEN_METEO_ERA5_LAND,shenzhen
2023-01-23,23.80,14.80,18.20,24.80,15.00,19.20,1.60,OPEN_METEO_ERA5_LAND,shenzhen
2023-01-24,16.00,8.80,12.60,13.10,3.80,8.10,0.20,OPEN_METEO_ERA5_LAND,shenzhen
2023-01-25,14.70,6.00,9.80,12.50,1.10,6.20,0.00,OPEN_METEO_ERA5_LAND,shenzhen
2023-01-26,18.30,9.10,13.20,17.30,6.20,11.40,0.10,OPEN_METEO_ERA5_LAND,shenzhen
2023-01-27,15.20,10.20,12.70,14.40,4.70,8.10,0.00,OPEN_METEO_ERA5_LAND,shenzhen
2023-01-28,14.80,6.00,10.30,10.10,-0.00,5.10,0.00,OPEN_METEO_ERA5_LAND,shenzhen
2023-01-29,15.80,5.00,10.20,12.20,0.20,6.10,0.00,OPEN_METEO_ERA5_LAND,shenzhen
2023-01-30,19.70,6.40,12.50,17.00,2.40,9.20,0.00,OPEN_METEO_ERA5_LAND,shenzhen
2023-01-31,21.10,9.80,15.20,19.50,7.10,13.30,0.00,OPEN_METEO_ERA5_LAND,shenzhen
2023-02-01,24.10,13.30,18.30,25.30,12.60,18.50,0.80,OPEN_METEO_ERA5_LAND,shenzhen
2023-02-02,22.80,15.80,18.50,21.70,15.30,17.80,0.00,OPEN_METEO_ERA5_LAND,shenzhen
2023-02-03,23.00,14.30,17.60,23.10,13.00,16.80,0.60,OPEN_METEO_ERA5_LAND,shenzhen
2023-02-04,17.90,15.30,16.10,16.90,13.90,15.20,2.20,OPEN_METEO_ERA5_LAND,shenzhen
2023-02-05,19.40,15.60,16.90,18.80,15.00,16.70,2.40,OPEN_METEO_ERA5_LAND,shenzhen
2023-02-06,23.70,15.70,18.50,26.40,16.10,19.50,1.00,OPEN_METEO_ERA5_LAND,shenzhen
2023-02-07,25.60,17.40,20.50,28.90,18.40,22.20,0.10,OPEN_METEO_ERA5_LAND,shenzhen
2023-02-08,22.60,16.50,18.70,23.10,15.50,18.40,0.50,OPEN_METEO_ERA5_LAND,shenzhen
2023-02-09,22.80,16.80,19.00,23.50,15.70,19.00,0.00,OPEN_METEO_ERA5_LAND,shenzhen
2023-02-10,25.40,17.10,20.50,27.30,18.00,22.00,0.00,OPEN_METEO_ERA5_LAND,shenzhen
2023-02-11,24.30,18.10,20.30,25.50,17.70,21.00,0.10,OPEN_METEO_ERA5_LAND,shenzhen
2023-02-12,25.70,19.10,21.40,26.80,19.70,22.80,0.40,OPEN_METEO_ERA5_LAND,shenzhen
2023-02-13,27.50,18.60,22.70,30.00,18.10,24.90,4.10,OPEN_METEO_ERA5_LAND,shenzhen
2023-02-14,19.50,11.70,15.70,17.10,7.80,12.70,2.60,OPEN_METEO_ERA5_LAND,shenzhen
2023-02-15,18.50,8.60,13.60,16.70,3.90,10.40,0.00,OPEN_METEO_ERA5_LAND,shenzhen
2023-02-16,20.00,8.20,14.20,18.90,4.70,11.80,0.00,OPEN_METEO_ERA5_LAND,shenzhen
2023-02-17,24.70,14.10,18.00,24.80,12.40,17.50,0.00,OPEN_METEO_ERA5_LAND,shenzhen
2023-02-18,24.90,13.10,19.20,25.60,12.80,19.30,0.00,OPEN_METEO_ERA5_LAND,shenzhen
2023-02-19,28.30,16.40,21.80,27.90,17.20,21.60,0.40,OPEN_METEO_ERA5_LAND,shenzhen
2023-02-20,25.40,15.00,19.20,23.90,11.90,17.40,0.00,OPEN_METEO_ERA5_LAND,shenzhen
2023-02-21,21.30,13.60,16.70,20.80,12.30,15.10,0.00,OPEN_METEO_ERA5_LAND,shenzhen
2023-02-22,21.60,11.50,15.70,21.30,9.10,14.20,0.00,OPEN_METEO_ERA5_LAND,shenzhen
2023-02-23,23.80,12.40,17.60,24.00,11.40,17.00,0.00,OPEN_METEO_ERA5_LAND,shenzhen
2023-02-24,25.70,13.70,19.40,23.70,13.80,18.10,0.00,OPEN_METEO_ERA5_LAND,shenzhen
2023-02-25,22.40,10.90,15.60,20.10,6.80,12.10,0.00,OPEN_METEO_ERA5_LAND,shenzhen
2023-02-26,20.80,12.30,15.20,17.60,8.70,12.10,0.00,OPEN_METEO_ERA5_LAND,shenzhen
2023-02-27,20.40,10.70,14.90,19.50,8.40,12.70,0.00,OPEN_METEO_ERA5_LAND,shenzhen
2023-02-28,23.50,12.40,16.60,23.50,10.30,15.50,0.00,OPEN_METEO_ERA5_LAND,shenzhen
2023-03-01,27.20,12.80,19.20,26.60,12.30,18.70,0.00,OPEN_METEO_ERA5_LAND,shenzhen
2023-03-02,25.00,15.50,19.40,25.20,13.10,17.50,0.00,OPEN_METEO_ERA5_LAND,shenzhen
2023-03-03,23.20,14.00,18.00,21.70,10.60,15.40,0.00,OPEN_METEO_ERA5_LAND,shenzhen
2023-03-04,25.40,14.60,18.50,25.00,14.10,17.60,0.00,OPEN_METEO_ERA5_LAND,shenzhen
2023-03-05,23.90,14.00,18.40,21.70,12.40,16.50,0.00,OPEN_METEO_ERA5_LAND,shenzhen
2023-03-06,24.00,14.10,18.30,21.30,11.10,15.70,0.00,OPEN_METEO_ERA5_LAND,shenzhen
2023-03-07,24.50,14.20,18.60,22.60,11.90,16.50,0.00,OPEN_METEO_ERA5_LAND,shenzhen
2023-03-08,24.10,14.70,19.60,25.10,15.30,20.50,0.80,OPEN_METEO_ERA5_LAND,shenzhen
2023-03-09,28.80,17.30,21.90,29.40,18.70,23.00,0.00,OPEN_METEO_ERA5_LAND,shenzhen
2023-03-10,26.20,17.50,21.00,24.40,18.60,20.80,0.00,OPEN_METEO_ERA5_LAND,shenzhen
2023-03-11,26.30,17.20,21.00,27.10,17.20,21.20,0.00,OPEN_METEO_ERA5_LAND,shenzhen
2023-03-12,28.00,17.30,21.70,28.10,16.50,21.90,1.60,OPEN_METEO_ERA5_LAND,shenzhen
2023-03-13,21.50,17.00,19.30,19.90,13.60,17.20,0.00,OPEN_METEO_ERA5_LAND,shenzhen
2023-03-14,23.00,15.10,18.60,22.80,14.90,18.30,0.00,OPEN_METEO_ERA5_LAND,shenzhen
2023-03-15,25.10,16.20,20.10,26.60,17.00,21.00,0.40,OPEN_METEO_ERA5_LAND,shenzhen
2023-03-16,26.40,16.70,20.80,25.90,17.80,20.80,0.00,OPEN_METEO_ERA5_LAND,shenzhen
2023-03-17,27.80,18.60,21.90,28.90,19.50,23.10,0.10,OPEN_METEO_ERA5_LAND,shenzhen
2023-03-18,27.10,18.40,21.70,30.00,20.40,23.40,1.70,OPEN_METEO_ERA5_LAND,shenzhen
2023-03-19,25.50,19.00,21.40,26.30,18.90,21.60,0.00,OPEN_METEO_ERA5_LAND,shenzhen
2023-03-20,26.30,19.10,21.90,27.50,20.10,23.00,0.50,OPEN_METEO_ERA5_LAND,shenzhen
2023-03-21,26.00,20.80,22.90,26.80,23.40,24.90,1.00,OPEN_METEO_ERA5_LAND,shenzhen
2023-03-22,27.50,21.80,23.80,29.70,24.00,26.10,2.70,OPEN_METEO_ERA5_LAND,shenzhen
2023-03-23,27.30,22.20,23.90,29.10,24.90,26.60,1.90,OPEN_METEO_ERA5_LAND,shenzhen
2023-03-24,27.40,22.30,24.00,29.20,25.30,26.70,2.50,OPEN_METEO_ERA5_LAND,shenzhen
2023-03-25,24.10,20.20,22.20,26.80,22.10,24.60,11.80,OPEN_METEO_ERA5_LAND,shenzhen
2023-03-26,20.00,16.00,17.20,21.50,15.10,17.20,17.20,OPEN_METEO_ERA5_LAND,shenzhen
2023-03-27,19.40,14.90,17.00,19.50,14.40,16.40,14.60,OPEN_METEO_ERA5_LAND,shenzhen
2023-03-28,21.00,14.80,17.70,21.30,14.30,17.70,1.50,OPEN_METEO_ERA5_LAND,shenzhen
2023-03-29,22.70,17.10,19.00,24.30,17.00,19.50,10.60,OPEN_METEO_ERA5_LAND,shenzhen
2023-03-30,21.90,18.60,20.00,23.60,19.90,21.60,0.90,OPEN_METEO_ERA5_LAND,shenzhen
2023-03-31,22.80,19.20,20.20,23.50,20.00,21.30,0.40,OPEN_METEO_ERA5_LAND,shenzhen
2023-04-01,23.20,18.80,20.50,25.10,19.20,21.80,6.60,OPEN_METEO_ERA5_LAND,shenzhen
2023-04-02,23.90,19.60,21.20,25.40,20.20,22.60,3.20,OPEN_METEO_ERA5_LAND,shenzhen
2023-04-03,25.60,19.90,21.70,27.30,20.70,22.80,7.40,OPEN_METEO_ERA5_LAND,shenzhen
2023-04-04,26.60,20.50,23.60,27.80,21.80,25.80,1.70,OPEN_METEO_ERA5_LAND,shenzhen
2023-04-05,26.90,22.70,24.10,29.50,25.50,27.30,6.80,OPEN_METEO_ERA5_LAND,shenzhen
2023-04-06,27.20,20.30,24.00,30.60,21.20,27.50,11.70,OPEN_METEO_ERA5_LAND,shenzhen
2023-04-07,22.70,15.60,19.50,23.20,13.40,19.30,11.00,OPEN_METEO_ERA5_LAND,shenzhen
2023-04-08,22.30,16.90,19.10,22.70,15.20,19.20,2.50,OPEN_METEO_ERA5_LAND,shenzhen
2023-04-09,22.60,16.80,18.60,24.20,16.70,19.00,0.80,OPEN_METEO_ERA5_LAND,shenzhen
2023-04-10,24.60,17.50,20.60,27.30,17.50,21.60,0.00,OPEN_METEO_ERA5_LAND,shenzhen
2023-04-11,26.60,20.60,23.10,29.50,22.10,25.30,0.50,OPEN_METEO_ERA5_LAND,shenzhen
2023-04-12,27.90,19.80,23.70,32.90,22.50,27.00,1.20,OPEN_METEO_ERA5_LAND,shenzhen
2023-04-13,26.30,20.30,22.60,29.80,20.90,24.40,0.00,OPEN_METEO_ERA5_LAND,shenzhen
2023-04-14,27.60,21.10,23.80,30.30,23.40,26.70,0.60,OPEN_METEO_ERA5_LAND,shenzhen
2023-04-15,30.00,21.50,25.20,33.90,24.90,28.90,1.30,OPEN_METEO_ERA5_LAND,shenzhen
2023-04-16,31.30,20.70,25.00,36.60,23.10,28.40,0.10,OPEN_METEO_ERA5_LAND,shenzhen
2023-04-17,28.60,21.00,24.60,32.50,24.50,27.80,1.20,OPEN_METEO_ERA5_LAND,shenzhen
2023-04-18,28.90,22.70,25.30,32.50,26.50,28.80,1.60,OPEN_METEO_ERA5_LAND,shenzhen
2023-04-19,27.20,22.50,24.40,30.10,26.70,27.80,32.90,OPEN_METEO_ERA5_LAND,shenzhen
2023-04-20,25.50,22.60,23.70,28.80,26.20,27.30,36.20,OPEN_METEO_ERA5_LAND,shenzhen
2023-04-21,27.30,21.50,23.90,31.10,24.40,27.20,3.80,OPEN_METEO_ERA5_LAND,shenzhen
2023-04-22,25.90,21.80,23.40,27.40,23.20,25.10,2.10,OPEN_METEO_ERA5_LAND,shenzhen
2023-04-23,26.70,22.00,23.60,29.90,23.70,26.00,0.20,OPEN_METEO_ERA5_LAND,shenzhen
2023-04-24,26.20,21.80,23.30,29.60,24.50,26.70,5.60,OPEN_METEO_ERA5_LAND,shenzhen
2023-04-25,22.10,18.30,20.60,25.60,18.50,22.20,2.00,OPEN_METEO_ERA5_LAND,shenzhen
2023-04-26,25.70,16.10,20.20,28.40,14.60,20.70,0.00,OPEN_METEO_ERA5_LAND,shenzhen
2023-04-27,24.90,20.00,21.70,27.00,20.10,22.90,0.00,OPEN_METEO_ERA5_LAND,shenzhen
2023-04-28,28.50,21.00,23.80,32.50,22.80,26.60,0.00,OPEN_METEO_ERA5_LAND,shenzhen
2023-04-29,27.40,21.40,23.90,31.50,23.00,27.40,8.40,OPEN_METEO_ERA5_LAND,shenzhen
2023-04-30,26.60,17.70,22.10,30.90,17.90,23.70,0.10,OPEN_METEO_ERA5_LAND,shenzhen
2023-05-01,26.70,21.00,23.10,30.10,22.50,24.90,0.00,OPEN_METEO_ERA5_LAND,shenzhen
2023-05-02,26.70,21.20,23.30,29.30,22.10,25.00,0.00,OPEN_METEO_ERA5_LAND,shenzhen
2023-05-03,28.10,21.40,24.10,31.40,23.70,27.10,0.90,OPEN_METEO_ERA5_LAND,shenzhen
2023-05-04,30.10,23.60,26.20,34.70,27.40,30.30,1.00,OPEN_METEO_ERA5_LAND,shenzhen
2023-05-05,29.50,23.50,26.10,33.90,28.00,30.20,0.20,OPEN_METEO_ERA5_LAND,shenzhen
2023-05-06,30.30,24.50,26.90,33.10,29.10,31.00,2.00,OPEN_METEO_ERA5_LAND,shenzhen
2023-05-07,27.00,22.60,25.20,31.60,25.40,30.20,16.40,OPEN_METEO_ERA5_LAND,shenzhen
2023-05-08,25.90,19.30,21.90,28.60,19.40,23.50,14.20,OPEN_METEO_ERA5_LAND,shenzhen
2023-05-09,24.50,21.30,22.50,25.60,22.90,24.20,0.90,OPEN_METEO_ERA5_LAND,shenzhen
2023-05-10,24.30,19.60,22.20,25.00,19.40,23.20,2.70,OPEN_METEO_ERA5_LAND,shenzhen
2023-05-11,26.50,20.80,22.90,30.40,21.70,25.20,5.10,OPEN_METEO_ERA5_LAND,shenzhen
2023-05-12,24.10,20.80,21.90,26.00,23.30,24.50,4.50,OPEN_METEO_ERA5_LAND,shenzhen
2023-05-13,23.50,20.80,21.80,26.30,23.30,24.60,5.00,OPEN_METEO_ERA5_LAND,shenzhen
2023-05-14,23.50,20.50,21.40,25.80,22.70,24.00,25.10,OPEN_METEO_ERA5_LAND,shenzhen
2023-05-15,28.90,19.00,23.50,33.30,21.50,27.00,0.10,OPEN_METEO_ERA5_LAND,shenzhen
2023-05-16,28.30,20.90,24.60,32.00,24.20,28.20,0.70,OPEN_METEO_ERA5_LAND,shenzhen
2023-05-17,29.10,23.60,26.10,34.30,27.60,30.70,1.00,OPEN_METEO_ERA5_LAND,shenzhen
2023-05-18,31.60,25.70,27.80,37.30,31.20,33.60,3.90,OPEN_METEO_ERA5_LAND,shenzhen
2023-05-19,30.50,24.20,27.30,37.30,28.00,33.00,8.70,OPEN_METEO_ERA5_LAND,shenzhen
2023-05-20,29.40,24.30,26.50,35.20,28.70,31.50,4.20,OPEN_METEO_ERA5_LAND,shenzhen
2023-05-21,30.20,24.00,27.20,35.60,27.80,32.20,2.20,OPEN_METEO_ERA5_LAND,shenzhen
2023-05-22,31.30,26.40,28.30,37.40,31.50,33.70,0.80,OPEN_METEO_ERA5_LAND,shenzhen
2023-05-23,28.30,22.50,24.90,31.70,24.50,28.60,17.50,OPEN_METEO_ERA5_LAND,shenzhen
2023-05-24,27.90,24.20,25.60,32.40,27.10,29.10,3.20,OPEN_METEO_ERA5_LAND,shenzhen
2023-05-25,30.00,24.60,26.50,35.80,28.90,31.00,1.50,OPEN_METEO_ERA5_LAND,shenzhen
2023-05-26,30.80,24.70,27.40,37.40,29.80,32.70,1.20,OPEN_METEO_ERA5_LAND,shenzhen
2023-05-27,30.80,24.80,27.30,36.60,30.00,32.30,0.90,OPEN_METEO_ERA5_LAND,shenzhen
2023-05-28,30.70,24.90,27.30,36.60,29.90,32.30,1.40,OPEN_METEO_ERA5_LAND,shenzhen
2023-05-29,32.40,23.50,27.80,37.70,28.80,32.90,0.00,OPEN_METEO_ERA5_LAND,shenzhen
2023-05-30,35.50,25.60,30.40,42.60,32.00,36.60,0.20,OPEN_METEO_ERA5_LAND,shenzhen
2023-05-31,35.50,26.90,30.20,42.30,32.00,36.70,7.50,OPEN_METEO_ERA5_LAND,shenzhen
2023-06-01,32.40,25.20,28.90,38.50,30.60,35.00,7.60,OPEN_METEO_ERA5_LAND,shenzhen
2023-06-02,33.90,27.00,29.70,42.00,32.40,36.40,3.40,OPEN_METEO_ERA5_LAND,shenzhen
2023-06-03,32.10,25.10,28.30,41.00,30.60,34.70,6.30,OPEN_METEO_ERA5_LAND,shenzhen
2023-06-04,31.30,25.50,28.00,37.00,31.10,33.40,5.00,OPEN_METEO_ERA5_LAND,shenzhen
2023-06-05,31.00,25.00,27.50,36.10,29.10,32.00,4.50,OPEN_METEO_ERA5_LAND,shenzhen
2023-06-06,29.60,24.30,26.20,35.10,28.70,30.80,22.90,OPEN_METEO_ERA5_LAND,shenzhen
2023-06-07,30.00,24.50,26.50,36.00,29.50,31.70,7.90,OPEN_METEO_ERA5_LAND,shenzhen
2023-06-08,30.30,24.50,26.80,37.00,29.10,32.50,6.00,OPEN_METEO_ERA5_LAND,shenzhen
2023-06-09,29.70,24.90,26.90,36.40,29.90,32.50,7.10,OPEN_METEO_ERA5_LAND,shenzhen
2023-06-10,30.50,25.10,27.00,37.60,31.30,33.10,5.50,OPEN_METEO_ERA5_LAND,shenzhen
2023-06-11,30.50,24.30,26.90,36.90,29.30,32.40,1.80,OPEN_METEO_ERA5_LAND,shenzhen
2023-06-12,31.60,25.40,28.10,38.60,30.50,33.80,1.60,OPEN_METEO_ERA5_LAND,shenzhen
2023-06-13,32.10,25.30,27.60,40.10,30.80,33.90,7.90,OPEN_METEO_ERA5_LAND,shenzhen
2023-06-14,29.70,24.80,26.40,35.60,29.80,32.10,36.30,OPEN_METEO_ERA5_LAND,shenzhen
2023-06-15,29.30,24.10,26.00,35.10,28.20,31.20,18.30,OPEN_METEO_ERA5_LAND,shenzhen
2023-06-16,26.20,24.20,25.50,31.80,29.10,30.80,36.90,OPEN_METEO_ERA5_LAND,shenzhen
2023-06-17,28.30,24.60,26.00,33.50,29.20,30.80,16.70,OPEN_METEO_ERA5_LAND,shenzhen
2023-06-18,28.30,24.90,26.50,32.90,29.80,31.50,8.60,OPEN_METEO_ERA5_LAND,shenzhen
2023-06-19,30.20,25.40,27.50,35.70,30.40,32.60,4.80,OPEN_METEO_ERA5_LAND,shenzhen
2023-06-20,31.00,26.20,28.30,37.50,31.20,33.70,2.10,OPEN_METEO_ERA5_LAND,shenzhen
2023-06-21,31.10,26.40,28.60,36.70,31.60,34.10,1.80,OPEN_METEO_ERA5_LAND,shenzhen
2023-06-22,31.80,26.80,28.90,37.50,32.20,34.10,1.40,OPEN_METEO_ERA5_LAND,shenzhen
2023-06-23,29.30,24.90,26.50,34.50,29.00,31.70,20.40,OPEN_METEO_ERA5_LAND,shenzhen
2023-06-24,27.90,23.80,25.80,32.40,28.20,30.70,8.60,OPEN_METEO_ERA5_LAND,shenzhen
2023-06-25,30.40,24.00,27.30,36.70,28.50,32.70,2.10,OPEN_METEO_ERA5_LAND,shenzhen
2023-06-26,30.00,23.80,26.50,36.00,27.00,31.40,12.20,OPEN_METEO_ERA5_LAND,shenzhen
2023-06-27,30.60,24.00,27.30,37.20,28.10,32.50,0.60,OPEN_METEO_ERA5_LAND,shenzhen
2023-06-28,31.10,25.30,27.50,38.10,30.60,33.00,5.70,OPEN_METEO_ERA5_LAND,shenzhen
2023-06-29,31.80,24.90,27.50,39.00,30.00,33.40,5.00,OPEN_METEO_ERA5_LAND,shenzhen
2023-06-30,30.70,25.50,27.80,36.50,31.40,33.60,8.30,OPEN_METEO_ERA5_LAND,shenzhen
2023-07-01,29.30,25.80,27.40,34.90,31.20,33.10,7.90,OPEN_METEO_ERA5_LAND,shenzhen
2023-07-02,28.60,25.60,26.60,33.90,31.00,31.90,11.80,OPEN_METEO_ERA5_LAND,shenzhen
2023-07-03,30.40,24.30,26.50,36.00,28.40,31.50,34.30,OPEN_METEO_ERA5_LAND,shenzhen
2023-07-04,30.10,24.10,26.90,36.50,28.70,32.10,7.70,OPEN_METEO_ERA5_LAND,shenzhen
2023-07-05,31.50,26.50,28.50,36.30,31.90,33.60,1.10,OPEN_METEO_ERA5_LAND,shenzhen
2023-07-06,31.30,26.80,28.80,36.30,31.80,33.60,0.50,OPEN_METEO_ERA5_LAND,shenzhen
2023-07-07,32.10,26.90,29.00,36.10,31.80,33.50,0.00,OPEN_METEO_ERA5_LAND,shenzhen
2023-07-08,32.00,26.50,28.80,37.50,32.10,34.20,0.30,OPEN_METEO_ERA5_LAND,shenzhen
2023-07-09,31.90,26.40,28.70,38.20,32.10,34.40,1.20,OPEN_METEO_ERA5_LAND,shenzhen
2023-07-10,32.60,26.60,29.10,38.40,32.20,34.60,0.90,OPEN_METEO_ERA5_LAND,shenzhen
2023-07-11,32.40,26.50,29.20,38.50,32.10,34.70,0.40,OPEN_METEO_ERA5_LAND,shenzhen
2023-07-12,32.50,26.10,28.90,38.90,32.10,34.60,2.00,OPEN_METEO_ERA5_LAND,shenzhen
2023-07-13,34.20,24.80,29.30,40.00,30.40,34.80,0.20,OPEN_METEO_ERA5_LAND,shenzhen
2023-07-14,34.60,26.40,30.30,41.10,32.40,36.20,0.10,OPEN_METEO_ERA5_LAND,shenzhen
2023-07-15,36.90,27.60,31.60,41.90,33.90,37.30,0.20,OPEN_METEO_ERA5_LAND,shenzhen
2023-07-16,32.50,25.40,27.90,37.50,28.60,32.10,13.20,OPEN_METEO_ERA5_LAND,shenzhen
2023-07-17,27.50,24.50,25.80,30.20,26.40,27.90,37.00,OPEN_METEO_ERA5_LAND,shenzhen
2023-07-18,29.90,25.00,26.60,34.50,28.80,31.00,39.30,OPEN_METEO_ERA5_LAND,shenzhen
2023-07-19,30.70,25.00,27.10,36.50,29.80,32.30,2.30,OPEN_METEO_ERA5_LAND,shenzhen
2023-07-20,32.20,25.20,28.20,38.90,30.50,34.10,1.00,OPEN_METEO_ERA5_LAND,shenzhen
2023-07-21,31.20,25.00,28.20,39.00,31.10,34.50,1.60,OPEN_METEO_ERA5_LAND,shenzhen
2023-07-22,32.10,26.00,28.70,39.60,32.30,35.00,1.30,OPEN_METEO_ERA5_LAND,shenzhen
2023-07-23,32.00,25.50,28.30,39.80,31.70,34.80,1.10,OPEN_METEO_ERA5_LAND,shenzhen
2023-07-24,31.60,25.30,28.40,40.60,31.60,34.80,1.90,OPEN_METEO_ERA5_LAND,shenzhen
2023-07-25,32.60,25.30,28.90,39.60,31.30,34.90,0.50,OPEN_METEO_ERA5_LAND,shenzhen
2023-07-26,34.40,26.20,30.30,41.70,32.80,37.00,0.50,OPEN_METEO_ERA5_LAND,shenzhen
2023-07-27,34.60,26.80,30.50,40.20,31.80,36.10,1.30,OPEN_METEO_ERA5_LAND,shenzhen
2023-07-28,34.00,26.70,30.10,39.40,33.30,35.90,1.30,OPEN_METEO_ERA5_LAND,shenzhen
2023-07-29,28.90,25.10,27.10,35.80,29.40,32.80,41.70,OPEN_METEO_ERA5_LAND,shenzhen
2023-07-30,29.70,24.90,27.40,36.40,29.90,32.90,2.40,OPEN_METEO_ERA5_LAND,shenzhen
2023-07-31,30.70,25.60,27.60,37.20,30.90,32.90,3.10,OPEN_METEO_ERA5_LAND,shenzhen
2023-08-01,30.40,24.90,27.20,37.20,30.40,32.60,8.10,OPEN_METEO_ERA5_LAND,shenzhen
2023-08-02,33.20,24.20,28.20,38.70,29.80,33.40,0.00,OPEN_METEO_ERA5_LAND,shenzhen
2023-08-03,34.30,24.00,28.60,41.10,29.50,34.40,0.00,OPEN_METEO_ERA5_LAND,shenzhen
2023-08-04,31.40,26.10,28.60,36.50,31.20,34.10,1.90,OPEN_METEO_ERA5_LAND,shenzhen
2023-08-05,31.70,26.00,28.70,36.20,30.90,33.80,7.10,OPEN_METEO_ERA5_LAND,shenzhen
2023-08-06,32.20,25.30,28.60,37.50,30.30,33.90,3.40,OPEN_METEO_ERA5_LAND,shenzhen
2023-08-07,31.60,26.60,28.70,38.40,31.90,34.10,2.70,OPEN_METEO_ERA5_LAND,shenzhen
2023-08-08,31.70,27.10,28.80,38.60,32.50,34.40,1.00,OPEN_METEO_ERA5_LAND,shenzhen
2023-08-09,32.10,27.00,29.10,37.90,32.20,34.40,3.00,OPEN_METEO_ERA5_LAND,shenzhen
2023-08-10,32.10,25.20,28.00,39.70,30.50,34.10,12.80,OPEN_METEO_ERA5_LAND,shenzhen
2023-08-11,29.90,24.30,26.10,36.50,29.50,31.70,21.90,OPEN_METEO_ERA5_LAND,shenzhen
2023-08-12,30.40,24.70,27.30,36.10,29.60,32.60,3.40,OPEN_METEO_ERA5_LAND,shenzhen
2023-08-13,30.20,24.70,27.00,35.50,29.90,32.20,12.60,OPEN_METEO_ERA5_LAND,shenzhen
2023-08-14,31.60,25.10,27.90,39.00,30.30,33.70,2.10,OPEN_METEO_ERA5_LAND,shenzhen
2023-08-15,31.70,26.20,28.40,38.20,32.00,34.40,2.20,OPEN_METEO_ERA5_LAND,shenzhen
2023-08-16,31.60,27.10,28.80,37.90,32.60,34.90,1.00,OPEN_METEO_ERA5_LAND,shenzhen
2023-08-17,30.80,25.90,28.40,37.90,30.60,34.80,7.70,OPEN_METEO_ERA5_LAND,shenzhen
2023-08-18,31.20,24.60,27.30,37.70,28.70,32.90,18.00,OPEN_METEO_ERA5_LAND,shenzhen
2023-08-19,30.50,24.90,27.10,38.50,30.00,33.20,12.60,OPEN_METEO_ERA5_LAND,shenzhen
2023-08-20,31.50,24.30,27.10,38.40,29.20,32.90,13.20,OPEN_METEO_ERA5_LAND,shenzhen
2023-08-21,30.80,25.20,27.20,37.50,30.60,33.00,1.40,OPEN_METEO_ERA5_LAND,shenzhen
2023-08-22,30.70,25.00,27.80,37.30,30.90,33.90,1.60,OPEN_METEO_ERA5_LAND,shenzhen
2023-08-23,30.50,25.00,27.30,36.50,31.00,33.40,14.10,OPEN_METEO_ERA5_LAND,shenzhen
2023-08-24,30.00,25.00,26.80,36.00,30.50,32.50,12.00,OPEN_METEO_ERA5_LAND,shenzhen
2023-08-25,31.00,25.40,27.20,39.30,31.30,33.60,10.10,OPEN_METEO_ERA5_LAND,shenzhen
2023-08-26,29.50,25.20,27.00,35.40,31.20,32.90,4.40,OPEN_METEO_ERA5_LAND,shenzhen
2023-08-27,31.50,24.90,27.60,38.60,30.30,33.40,5.00,OPEN_METEO_ERA5_LAND,shenzhen
2023-08-28,30.80,24.90,27.30,37.40,30.00,33.50,12.30,OPEN_METEO_ERA5_LAND,shenzhen
2023-08-29,30.30,23.80,25.70,36.70,28.50,31.00,40.20,OPEN_METEO_ERA5_LAND,shenzhen
2023-08-30,30.70,23.50,26.80,35.90,26.90,30.80,0.50,OPEN_METEO_ERA5_LAND,shenzhen
2023-08-31,31.70,23.80,27.20,36.20,26.40,31.10,1.50,OPEN_METEO_ERA5_LAND,shenzhen
2023-09-01,27.20,24.10,25.10,29.00,23.80,26.60,48.00,OPEN_METEO_ERA5_LAND,shenzhen
2023-09-02,28.30,24.80,25.90,31.10,24.80,28.20,45.90,OPEN_METEO_ERA5_LAND,shenzhen
2023-09-03,32.10,25.10,28.10,38.40,29.40,33.70,1.10,OPEN_METEO_ERA5_LAND,shenzhen
2023-09-04,32.40,25.30,28.60,39.90,30.80,34.90,0.50,OPEN_METEO_ERA5_LAND,shenzhen
2023-09-05,30.00,24.70,27.50,34.80,28.90,32.40,0.00,OPEN_METEO_ERA5_LAND,shenzhen
2023-09-06,30.50,25.40,27.40,36.30,30.40,32.90,8.00,OPEN_METEO_ERA5_LAND,shenzhen
2023-09-07,27.20,24.40,25.50,33.20,28.50,30.80,41.30,OPEN_METEO_ERA5_LAND,shenzhen
2023-09-08,25.70,23.90,24.70,31.40,27.50,28.90,153.80,OPEN_METEO_ERA5_LAND,shenzhen
2023-09-09,27.00,24.10,25.00,31.60,28.20,29.30,16.80,OPEN_METEO_ERA5_LAND,shenzhen
2023-09-10,26.10,23.90,24.60,30.50,27.70,28.80,18.70,OPEN_METEO_ERA5_LAND,shenzhen
2023-09-11,28.30,24.00,25.80,33.60,28.10,30.50,8.70,OPEN_METEO_ERA5_LAND,shenzhen
2023-09-12,29.70,23.90,26.20,35.40,29.20,31.40,23.40,OPEN_METEO_ERA5_LAND,shenzhen
2023-09-13,30.50,24.40,26.60,36.20,29.20,31.60,2.60,OPEN_METEO_ERA5_LAND,shenzhen
2023-09-14,27.00,24.40,25.30,32.00,29.10,30.50,47.60,OPEN_METEO_ERA5_LAND,shenzhen
2023-09-15,28.30,24.10,25.30,34.30,28.60,30.00,11.60,OPEN_METEO_ERA5_LAND,shenzhen
2023-09-16,28.90,24.20,25.70,34.30,28.80,30.50,15.40,OPEN_METEO_ERA5_LAND,shenzhen
2023-09-17,29.10,24.40,26.30,35.00,29.50,31.60,9.30,OPEN_METEO_ERA5_LAND,shenzhen
2023-09-18,31.00,24.00,27.10,38.00,29.20,33.10,1.20,OPEN_METEO_ERA5_LAND,shenzhen
2023-09-19,31.00,24.40,27.10,39.40,30.40,33.40,2.20,OPEN_METEO_ERA5_LAND,shenzhen
2023-09-20,31.20,24.90,27.50,38.40,31.30,34.00,0.90,OPEN_METEO_ERA5_LAND,shenzhen
2023-09-21,31.60,25.20,27.80,38.80,30.40,34.40,2.40,OPEN_METEO_ERA5_LAND,shenzhen
2023-09-22,31.00,22.90,26.30,39.00,26.60,31.70,7.40,OPEN_METEO_ERA5_LAND,shenzhen
2023-09-23,31.10,23.80,27.10,37.00,28.00,32.20,3.10,OPEN_METEO_ERA5_LAND,shenzhen
2023-09-24,31.00,24.70,27.00,36.60,28.90,32.00,8.20,OPEN_METEO_ERA5_LAND,shenzhen
2023-09-25,31.50,25.10,27.70,36.80,30.10,32.60,0.50,OPEN_METEO_ERA5_LAND,shenzhen
2023-09-26,31.10,25.00,27.70,36.00,28.80,32.10,0.00,OPEN_METEO_ERA5_LAND,shenzhen
2023-09-27,31.50,25.80,28.20,36.30,30.60,33.10,0.80,OPEN_METEO_ERA5_LAND,shenzhen
2023-09-28,31.40,24.60,27.80,35.80,29.20,32.60,0.70,OPEN_METEO_ERA5_LAND,shenzhen
2023-09-29,30.20,24.50,27.10,36.60,30.30,32.70,3.00,OPEN_METEO_ERA5_LAND,shenzhen
2023-09-30,32.30,23.90,27.30,38.30,28.00,33.10,2.40,OPEN_METEO_ERA5_LAND,shenzhen
2023-10-01,32.60,23.70,27.20,38.30,28.30,32.40,2.20,OPEN_METEO_ERA5_LAND,shenzhen
2023-10-02,30.40,24.40,27.30,35.70,29.00,32.20,1.00,OPEN_METEO_ERA5_LAND,shenzhen
2023-10-03,31.20,24.70,27.40,36.70,30.50,33.00,3.00,OPEN_METEO_ERA5_LAND,shenzhen
2023-10-04,33.30,24.70,28.50,39.20,29.90,34.00,0.30,OPEN_METEO_ERA5_LAND,shenzhen
2023-10-05,32.30,24.50,27.80,34.50,26.30,30.60,0.00,OPEN_METEO_ERA5_LAND,shenzhen
2023-10-06,30.20,23.60,26.30,32.30,24.40,28.00,0.00,OPEN_METEO_ERA5_LAND,shenzhen
2023-10-07,23.40,20.60,22.00,24.60,20.60,22.60,25.20,OPEN_METEO_ERA5_LAND,shenzhen
2023-10-08,22.30,19.70,20.80,22.30,19.00,20.50,66.20,OPEN_METEO_ERA5_LAND,shenzhen
2023-10-09,22.90,20.20,21.60,25.40,19.20,23.00,58.30,OPEN_METEO_ERA5_LAND,shenzhen
2023-10-10,25.90,20.40,22.90,28.60,21.30,24.80,9.80,OPEN_METEO_ERA5_LAND,shenzhen
2023-10-11,27.00,19.70,23.00,29.50,20.10,24.70,0.00,OPEN_METEO_ERA5_LAND,shenzhen
2023-10-12,27.30,19.60,23.40,31.30,20.60,25.40,0.00,OPEN_METEO_ERA5_LAND,shenzhen
2023-10-13,28.00,20.40,24.00,31.90,21.60,26.30,0.00,OPEN_METEO_ERA5_LAND,shenzhen
2023-10-14,28.10,20.30,23.90,31.40,21.60,26.20,0.00,OPEN_METEO_ERA5_LAND,shenzhen
2023-10-15,27.40,21.10,24.10,29.80,21.50,26.40,0.00,OPEN_METEO_ERA5_LAND,shenzhen
2023-10-16,27.40,21.00,23.80,29.20,21.60,25.80,0.00,OPEN_METEO_ERA5_LAND,shenzhen
2023-10-17,25.90,20.50,23.20,25.70,20.50,23.50,12.60,OPEN_METEO_ERA5_LAND,shenzhen
2023-10-18,25.30,21.20,23.10,26.30,21.80,24.20,2.40,OPEN_METEO_ERA5_LAND,shenzhen
2023-10-19,25.30,22.70,23.90,28.80,26.20,27.40,13.70,OPEN_METEO_ERA5_LAND,shenzhen
2023-10-20,26.20,20.10,23.40,30.00,20.80,26.10,7.30,OPEN_METEO_ERA5_LAND,shenzhen
2023-10-21,23.00,18.00,19.70,23.50,16.90,19.70,1.90,OPEN_METEO_ERA5_LAND,shenzhen
2023-10-22,23.30,16.90,20.30,24.80,17.00,21.20,0.10,OPEN_METEO_ERA5_LAND,shenzhen
2023-10-23,28.00,19.00,23.20,30.90,20.30,25.70,0.00,OPEN_METEO_ERA5_LAND,shenzhen
2023-10-24,29.30,21.80,24.90,33.70,24.50,28.60,0.00,OPEN_METEO_ERA5_LAND,shenzhen
2023-10-25,29.00,22.60,25.00,33.40,26.20,28.80,0.00,OPEN_METEO_ERA5_LAND,shenzhen
2023-10-26,28.20,22.10,24.50,32.10,25.30,28.00,0.00,OPEN_METEO_ERA5_LAND,shenzhen
2023-10-27,29.60,21.40,24.80,34.20,24.80,28.90,3.80,OPEN_METEO_ERA5_LAND,shenzhen
2023-10-28,27.80,22.70,24.30,31.50,26.20,28.20,8.20,OPEN_METEO_ERA5_LAND,shenzhen
2023-10-29,26.70,21.50,23.70,29.20,23.70,26.70,0.40,OPEN_METEO_ERA5_LAND,shenzhen
2023-10-30,27.20,21.50,23.90,29.80,24.50,26.70,0.40,OPEN_METEO_ERA5_LAND,shenzhen
2023-10-31,27.90,20.50,23.50,30.10,22.60,25.90,0.10,OPEN_METEO_ERA5_LAND,shenzhen
2023-11-01,27.90,19.50,23.40,30.80,21.40,25.90,0.00,OPEN_METEO_ERA5_LAND,shenzhen
2023-11-02,28.00,20.40,23.60,31.90,23.00,26.50,0.00,OPEN_METEO_ERA5_LAND,shenzhen
2023-11-03,28.00,21.20,24.20,32.50,24.60,28.00,1.00,OPEN_METEO_ERA5_LAND,shenzhen
2023-11-04,28.90,21.40,24.50,32.70,25.10,28.00,0.20,OPEN_METEO_ERA5_LAND,shenzhen
2023-11-05,30.40,21.50,24.90,34.30,25.10,28.70,0.00,OPEN_METEO_ERA5_LAND,shenzhen
2023-11-06,29.00,21.50,24.80,30.80,22.90,26.90,0.10,OPEN_METEO_ERA5_LAND,shenzhen
2023-11-07,26.70,19.20,23.10,28.10,18.10,23.90,0.30,OPEN_METEO_ERA5_LAND,shenzhen
2023-11-08,27.30,21.50,24.00,29.40,22.90,26.00,0.00,OPEN_METEO_ERA5_LAND,shenzhen
2023-11-09,26.50,22.70,24.40,28.60,25.20,26.90,2.10,OPEN_METEO_ERA5_LAND,shenzhen
2023-11-10,29.00,22.90,25.20,33.50,27.00,29.60,3.20,OPEN_METEO_ERA5_LAND,shenzhen
2023-11-11,27.20,22.70,24.40,29.50,25.60,27.30,0.30,OPEN_METEO_ERA5_LAND,shenzhen
2023-11-12,24.70,17.80,21.60,25.00,15.90,21.30,0.00,OPEN_METEO_ERA5_LAND,shenzhen
2023-11-13,22.30,15.60,18.20,21.10,13.40,16.40,0.00,OPEN_METEO_ERA5_LAND,shenzhen
2023-11-14,22.60,13.40,17.80,22.40,11.40,16.80,0.00,OPEN_METEO_ERA5_LAND,shenzhen
2023-11-15,24.90,14.50,19.60,25.70,12.90,19.70,0.00,OPEN_METEO_ERA5_LAND,shenzhen
2023-11-16,21.70,14.90,18.50,22.10,11.50,17.20,0.00,OPEN_METEO_ERA5_LAND,shenzhen
2023-11-17,21.20,12.10,15.90,17.30,8.00,12.50,0.00,OPEN_METEO_ERA5_LAND,shenzhen
2023-11-18,22.50,11.90,16.50,19.60,8.10,13.80,0.00,OPEN_METEO_ERA5_LAND,shenzhen
2023-11-19,23.30,12.60,17.60,22.80,10.50,16.50,0.00,OPEN_METEO_ERA5_LAND,shenzhen
2023-11-20,24.50,13.50,18.60,24.00,13.20,18.40,0.00,OPEN_METEO_ERA5_LAND,shenzhen
2023-11-21,25.50,15.90,19.90,25.70,15.90,20.00,0.00,OPEN_METEO_ERA5_LAND,shenzhen
2023-11-22,26.20,15.70,20.40,26.80,16.60,21.50,0.00,OPEN_METEO_ERA5_LAND,shenzhen
2023-11-23,27.70,14.30,20.80,28.80,14.80,22.20,0.00,OPEN_METEO_ERA5_LAND,shenzhen
2023-11-24,26.00,16.90,20.90,24.20,17.50,20.90,0.00,OPEN_METEO_ERA5_LAND,shenzhen
2023-11-25,25.80,16.20,20.50,24.80,14.40,19.40,0.00,OPEN_METEO_ERA5_LAND,shenzhen
2023-11-26,26.50,15.70,20.60,25.20,15.40,20.50,0.00,OPEN_METEO_ERA5_LAND,shenzhen
2023-11-27,27.00,15.80,21.10,26.50,16.10,21.30,0.00,OPEN_METEO_ERA5_LAND,shenzhen
2023-11-28,26.10,16.00,20.80,25.40,14.10,19.90,0.00,OPEN_METEO_ERA5_LAND,shenzhen
2023-11-29,25.50,20.00,22.10,25.60,19.10,22.30,0.10,OPEN_METEO_ERA5_LAND,shenzhen
2023-11-30,27.70,19.50,22.90,28.30,20.10,23.90,0.00,OPEN_METEO_ERA5_LAND,shenzhen
2023-12-01,23.10,15.50,18.80,20.80,12.60,16.40,0.00,OPEN_METEO_ERA5_LAND,shenzhen
2023-12-02,21.50,14.30,17.90,20.40,11.20,16.30,0.00,OPEN_METEO_ERA5_LAND,shenzhen
2023-12-03,25.00,15.50,20.10,24.50,13.70,19.40,0.00,OPEN_METEO_ERA5_LAND,shenzhen
2023-12-04,24.00,16.70,20.40,24.10,15.60,20.30,0.00,OPEN_METEO_ERA5_LAND,shenzhen
2023-12-05,25.20,14.20,19.80,25.40,12.90,19.80,0.00,OPEN_METEO_ERA5_LAND,shenzhen
2023-12-06,23.10,16.50,19.40,21.70,14.60,18.90,1.80,OPEN_METEO_ERA5_LAND,shenzhen
2023-12-07,25.40,13.50,18.50,22.70,11.20,16.50,0.00,OPEN_METEO_ERA5_LAND,shenzhen
2023-12-08,25.70,14.00,19.40,24.50,14.00,19.00,0.20,OPEN_METEO_ERA5_LAND,shenzhen
2023-12-09,28.20,18.50,22.30,29.90,20.00,24.00,0.00,OPEN_METEO_ERA5_LAND,shenzhen
2023-12-10,28.60,19.50,23.30,30.40,21.20,25.10,0.00,OPEN_METEO_ERA5_LAND,shenzhen
2023-12-11,29.00,20.40,24.20,31.50,22.50,26.70,0.00,OPEN_METEO_ERA5_LAND,shenzhen
2023-12-12,28.50,19.60,23.50,28.80,18.90,24.20,0.50,OPEN_METEO_ERA5_LAND,shenzhen
2023-12-13,25.20,17.80,21.30,25.70,17.10,21.50,0.00,OPEN_METEO_ERA5_LAND,shenzhen
2023-12-14,27.80,19.60,22.90,29.20,19.90,24.00,0.00,OPEN_METEO_ERA5_LAND,shenzhen
2023-12-15,29.20,20.50,23.80,31.90,22.70,26.50,0.20,OPEN_METEO_ERA5_LAND,shenzhen
2023-12-16,21.60,9.10,14.70,25.10,4.40,11.20,1.00,OPEN_METEO_ERA5_LAND,shenzhen
2023-12-17,13.50,7.80,10.00,10.20,3.00,6.10,0.00,OPEN_METEO_ERA5_LAND,shenzhen
2023-12-18,20.30,9.60,15.00,20.40,6.40,13.30,0.00,OPEN_METEO_ERA5_LAND,shenzhen
2023-12-19,17.70,11.10,14.20,14.60,8.00,11.50,0.00,OPEN_METEO_ERA5_LAND,shenzhen
2023-12-20,15.40,6.90,10.70,11.10,2.10,6.50,0.00,OPEN_METEO_ERA5_LAND,shenzhen
2023-12-21,11.90,5.60,8.50,7.20,1.00,3.70,0.00,OPEN_METEO_ERA5_LAND,shenzhen
2023-12-22,10.90,4.40,8.10,6.00,-1.70,2.80,0.00,OPEN_METEO_ERA5_LAND,shenzhen
2023-12-23,12.40,6.00,8.50,8.10,1.80,4.10,0.20,OPEN_METEO_ERA5_LAND,shenzhen
2023-12-24,16.80,5.20,10.40,12.40,1.20,6.20,0.00,OPEN_METEO_ERA5_LAND,shenzhen
2023-12-25,18.30,7.00,11.90,14.70,2.40,8.20,0.00,OPEN_METEO_ERA5_LAND,shenzhen
2023-12-26,20.90,8.50,14.10,18.20,6.10,11.90,0.00,OPEN_METEO_ERA5_LAND,shenzhen
2023-12-27,23.60,11.30,17.30,22.10,9.80,16.10,0.10,OPEN_METEO_ERA5_LAND,shenzhen
2023-12-28,25.50,15.80,19.30,24.60,15.00,18.90,0.10,OPEN_METEO_ERA5_LAND,shenzhen
2023-12-29,24.20,14.80,18.80,24.00,14.90,18.80,0.00,OPEN_METEO_ERA5_LAND,shenzhen
2023-12-30,25.20,15.00,20.00,25.20,15.20,20.30,0.30,OPEN_METEO_ERA5_LAND,shenzhen
2023-12-31,28.40,16.30,21.60,28.80,17.50,22.40,0.60,OPEN_METEO_ERA5_LAND,shenzhen
