date,tmax,tmin,tmean,atmax,atmin,atmean,precip,source,city_id
2013-01-01,27.90,24.10,25.60,33.40,27.90,30.20,8.60,OPEN_METEO_ERA5_LAND,singapore
2013-01-02,28.50,24.30,25.90,34.20,28.30,30.70,7.80,OPEN_METEO_ERA5_LAND,singapore
2013-01-03,28.30,24.30,25.90,33.30,28.50,30.40,8.20,OPEN_METEO_ERA5_LAND,singapore
2013-01-04,27.70,24.60,25.60,32.30,28.20,29.80,4.80,OPEN_METEO_ERA5_LAND,singapore
2013-01-05,28.40,24.40,25.70,33.70,28.30,30.20,7.70,OPEN_METEO_ERA5_LAND,singapore
2013-01-06,29.80,24.00,26.50,34.70,28.60,31.40,0.00,OPEN_METEO_ERA5_LAND,singapore
2013-01-07,30.10,24.40,27.00,35.90,28.90,31.80,0.00,OPEN_METEO_ERA5_LAND,singapore
2013-01-08,29.40,24.80,26.40,34.10,29.00,30.70,2.00,OPEN_METEO_ERA5_LAND,singapore
2013-01-09,29.00,24.80,26.10,34.80,28.50,30.50,11.30,OPEN_METEO_ERA5_LAND,singapore
2013-01-10,28.00,24.40,26.00,32.10,28.20,30.00,0.20,OPEN_METEO_ERA5_LAND,singapore
2013-01-11,28.50,24.60,26.20,32.30,28.20,30.00,1.50,OPEN_METEO_ERA5_LAND,singapore
2013-01-12,28.40,24.60,25.90,32.60,28.40,29.70,0.20,OPEN_METEO_ERA5_LAND,singapore
2013-01-13,29.30,24.50,26.10,35.20,28.20,30.20,2.10,OPEN_METEO_ERA5_LAND,singapore
2013-01-14,28.60,24.50,26.20,33.80,27.30,29.70,0.60,OPEN_METEO_ERA5_LAND,singapore
2013-01-15,28.80,25.00,26.20,33.60,28.60,30.00,2.60,OPEN_METEO_ERA5_LAND,singapore
2013-01-16,28.30,25.00,26.20,31.80,28.30,29.50,0.90,OPEN_METEO_ERA5_LAND,singapore
2013-01-17,28.50,25.10,26.30,30.90,27.60,28.80,0.00,OPEN_METEO_ERA5_LAND,singapore
2013-01-18,28.40,24.40,25.70,34.00,27.00,28.80,5.30,OPEN_METEO_ERA5_LAND,singapore
2013-01-19,24.90,23.10,24.00,29.20,26.20,27.70,32.60,OPEN_METEO_ERA5_LAND,singapore
2013-01-20,26.50,23.80,24.80,30.80,27.60,28.70,26.80,OPEN_METEO_ERA5_LAND,singapore
2013-01-21,27.70,24.00,25.20,33.60,27.60,29.30,10.60,OPEN_METEO_ERA5_LAND,singapore
2013-01-22,26.80,23.80,24.90,30.30,27.50,28.90,3.70,OPEN_METEO_ERA5_LAND,singapore
2013-01-23,27.90,24.30,25.60,32.20,28.40,29.70,7.90,OPEN_METEO_ERA5_LAND,singapore
2013-01-24,27.90,24.10,25.50,33.00,28.30,29.60,3.70,OPEN_METEO_ERA5_LAND,singapore
2013-01-25,27.90,24.20,25.70,31.30,28.40,29.20,0.40,OPEN_METEO_ERA5_LAND,singapore
2013-01-26,28.60,23.90,25.70,33.40,27.30,29.30,1.20,OPEN_METEO_ERA5_LAND,singapore
2013-01-27,28.20,24.20,25.80,32.10,27.70,29.30,0.50,OPEN_METEO_ERA5_LAND,singapore
2013-01-28,28.20,24.50,26.00,32.80,28.10,29.50,1.90,OPEN_METEO_ERA5_LAND,singapore
2013-01-29,28.50,24.10,26.00,32.50,27.30,29.40,0.30,OPEN_METEO_ERA5_LAND,singapore
2013-01-30,28.90,24.00,26.10,33.30,27.50,29.50,0.00,OPEN_METEO_ERA5_LAND,singapore
2013-01-31,28.90,24.50,26.20,35.00,28.00,30.20,0.90,OPEN_METEO_ERA5_LAND,singapore
2013-02-01,28.80,25.00,26.40,34.00,28.90,30.30,1.80,OPEN_METEO_ERA5_LAND,singapore
2013-02-02,29.20,24.70,26.50,33.20,28.20,30.00,0.30,OPEN_METEO_ERA5_LAND,singapore
2013-02-03,25.20,24.60,24.80,29.30,27.90,28.60,51.90,OPEN_METEO_ERA5_LAND,singapore
2013-02-04,26.80,24.00,25.20,31.70,27.80,29.60,14.30,OPEN_METEO_ERA5_LAND,singapore
2013-02-05,26.80,24.20,24.90,32.20,28.10,29.60,23.40,OPEN_METEO_ERA5_LAND,singapore
2013-02-06,27.10,23.90,25.20,33.60,28.30,29.90,23.00,OPEN_METEO_ERA5_LAND,singapore
2013-02-07,27.80,24.20,25.40,32.70,28.50,30.30,15.20,OPEN_METEO_ERA5_LAND,singapore
2013-02-08,26.60,23.70,25.00,31.90,28.10,29.90,20.40,OPEN_METEO_ERA5_LAND,singapore
2013-02-09,27.70,24.10,25.50,32.70,28.60,30.10,6.00,OPEN_METEO_ERA5_LAND,singapore
2013-02-10,24.90,23.80,24.30,29.20,27.60,28.20,34.00,OPEN_METEO_ERA5_LAND,singapore
2013-02-11,27.30,24.20,25.00,31.60,28.10,29.20,15.40,OPEN_METEO_ERA5_LAND,singapore
2013-02-12,27.10,24.00,25.20,32.10,27.60,29.30,7.70,OPEN_METEO_ERA5_LAND,singapore
2013-02-13,27.30,23.80,25.10,32.00,27.50,29.10,16.90,OPEN_METEO_ERA5_LAND,singapore
2013-02-14,25.50,23.70,24.40,30.30,27.30,28.70,19.00,OPEN_METEO_ERA5_LAND,singapore
2013-02-15,27.10,23.60,24.70,31.30,27.30,28.60,27.60,OPEN_METEO_ERA5_LAND,singapore
2013-02-16,26.60,23.60,24.80,31.90,27.30,28.90,7.90,OPEN_METEO_ERA5_LAND,singapore
2013-02-17,25.30,23.60,24.40,29.70,27.60,28.70,16.40,OPEN_METEO_ERA5_LAND,singapore
2013-02-18,28.10,23.90,25.50,33.90,28.10,30.00,14.70,OPEN_METEO_ERA5_LAND,singapore
2013-02-19,27.40,24.20,25.10,31.50,28.10,29.40,10.60,OPEN_METEO_ERA5_LAND,singapore
2013-02-20,28.80,23.90,25.60,34.30,27.80,29.90,4.80,OPEN_METEO_ERA5_LAND,singapore
2013-02-21,27.70,24.00,25.30,34.20,27.80,29.60,15.30,OPEN_METEO_ERA5_LAND,singapore
2013-02-22,28.80,24.20,25.70,33.20,27.80,29.40,1.50,OPEN_METEO_ERA5_LAND,singapore
2013-02-23,29.00,23.90,26.10,34.30,27.70,30.10,0.80,OPEN_METEO_ERA5_LAND,singapore
2013-02-24,28.80,24.70,26.00,34.30,28.30,30.30,10.20,OPEN_METEO_ERA5_LAND,singapore
2013-02-25,28.70,24.60,25.80,34.80,28.90,30.50,15.00,OPEN_METEO_ERA5_LAND,singapore
2013-02-26,27.50,24.30,25.60,32.60,28.60,30.10,9.60,OPEN_METEO_ERA5_LAND,singapore
2013-02-27,28.90,24.30,25.80,35.60,28.70,30.90,18.50,OPEN_METEO_ERA5_LAND,singapore
2013-02-28,29.60,24.50,26.50,36.70,29.00,31.90,4.00,OPEN_METEO_ERA5_LAND,singapore
2013-03-01,29.80,24.90,27.00,37.30,29.60,32.10,4.60,OPEN_METEO_ERA5_LAND,singapore
2013-03-02,29.60,25.50,26.90,36.30,30.30,31.90,9.30,OPEN_METEO_ERA5_LAND,singapore
2013-03-03,28.80,25.60,26.80,34.80,30.00,31.40,6.10,OPEN_METEO_ERA5_LAND,singapore
2013-03-04,28.80,25.10,26.50,32.50,28.90,30.30,0.00,OPEN_METEO_ERA5_LAND,singapore
2013-03-05,28.40,24.50,26.10,33.80,28.10,29.90,2.00,OPEN_METEO_ERA5_LAND,singapore
2013-03-06,28.60,24.00,26.00,35.00,27.20,29.90,0.90,OPEN_METEO_ERA5_LAND,singapore
2013-03-07,28.60,24.50,26.20,34.30,28.70,30.60,1.50,OPEN_METEO_ERA5_LAND,singapore
2013-03-08,28.80,24.80,26.30,34.80,28.70,30.70,4.70,OPEN_METEO_ERA5_LAND,singapore
2013-03-09,29.10,24.70,26.40,35.50,29.40,31.20,5.00,OPEN_METEO_ERA5_LAND,singapore
2013-03-10,29.10,25.10,26.50,35.80,29.70,31.70,6.80,OPEN_METEO_ERA5_LAND,singapore
2013-03-11,29.20,25.20,26.80,35.40,29.10,31.50,0.90,OPEN_METEO_ERA5_LAND,singapore
2013-03-12,29.20,24.20,26.50,36.30,28.40,31.20,0.00,OPEN_METEO_ERA5_LAND,singapore
2013-03-13,29.50,24.40,26.50,36.80,28.90,31.50,1.50,OPEN_METEO_ERA5_LAND,singapore
2013-03-14,28.80,25.20,26.60,34.90,29.70,31.40,3.60,OPEN_METEO_ERA5_LAND,singapore
2013-03-15,29.10,24.50,26.60,35.60,28.70,31.60,2.50,OPEN_METEO_ERA5_LAND,singapore
2013-03-16,29.00,25.40,26.70,35.80,29.80,31.60,4.50,OPEN_METEO_ERA5_LAND,singapore
2013-03-17,29.30,24.70,26.30,36.50,28.90,31.50,20.40,OPEN_METEO_ERA5_LAND,singapore
2013-03-18,29.10,24.90,26.80,36.20,29.80,32.00,1.70,OPEN_METEO_ERA5_LAND,singapore
2013-03-19,29.50,25.00,26.90,35.90,29.30,31.70,0.90,OPEN_METEO_ERA5_LAND,singapore
2013-03-20,29.10,25.20,27.20,35.90,29.80,32.40,0.60,OPEN_METEO_ERA5_LAND,singapore
2013-03-21,28.70,25.70,27.00,34.80,30.90,32.30,4.60,OPEN_METEO_ERA5_LAND,singapore
2013-03-22,30.10,24.80,26.80,36.10,29.60,32.20,5.60,OPEN_METEO_ERA5_LAND,singapore
2013-03-23,29.60,24.70,26.70,36.90,30.00,32.30,9.80,OPEN_METEO_ERA5_LAND,singapore
2013-03-24,29.30,24.90,26.60,37.10,30.20,32.60,8.80,OPEN_METEO_ERA5_LAND,singapore
2013-03-25,29.20,24.70,26.50,37.10,29.40,32.00,8.00,OPEN_METEO_ERA5_LAND,singapore
2013-03-26,29.30,24.50,26.50,36.40,29.80,32.20,8.10,OPEN_METEO_ERA5_LAND,singapore
2013-03-27,29.40,24.90,26.90,36.60,30.00,32.50,6.30,OPEN_METEO_ERA5_LAND,singapore
2013-03-28,29.10,24.50,26.70,36.60,29.60,32.50,3.90,OPEN_METEO_ERA5_LAND,singapore
2013-03-29,29.30,24.80,26.70,37.50,30.00,32.60,6.10,OPEN_METEO_ERA5_LAND,singapore
2013-03-30,29.20,24.60,26.50,36.90,29.40,32.50,9.40,OPEN_METEO_ERA5_LAND,singapore
2013-03-31,29.80,25.10,27.20,37.80,30.70,33.50,4.00,OPEN_METEO_ERA5_LAND,singapore
2013-04-01,29.80,25.70,27.50,38.10,31.40,33.70,4.40,OPEN_METEO_ERA5_LAND,singapore
2013-04-02,29.10,25.60,26.90,36.90,30.90,32.90,19.00,OPEN_METEO_ERA5_LAND,singapore
2013-04-03,28.70,25.50,26.80,34.40,31.10,32.70,18.70,OPEN_METEO_ERA5_LAND,singapore
2013-04-04,29.30,25.30,27.10,35.60,30.60,32.80,12.00,OPEN_METEO_ERA5_LAND,singapore
2013-04-05,29.60,25.10,27.40,36.20,30.40,32.90,8.90,OPEN_METEO_ERA5_LAND,singapore
2013-04-06,28.70,26.00,27.20,33.50,30.20,31.70,9.80,OPEN_METEO_ERA5_LAND,singapore
2013-04-07,28.60,26.40,27.20,33.60,29.10,31.60,6.40,OPEN_METEO_ERA5_LAND,singapore
2013-04-08,29.80,25.40,27.30,36.80,30.70,33.10,6.10,OPEN_METEO_ERA5_LAND,singapore
2013-04-09,29.20,26.10,26.90,36.50,31.60,32.90,9.50,OPEN_METEO_ERA5_LAND,singapore
2013-04-10,28.50,24.90,26.60,35.70,30.10,32.20,9.80,OPEN_METEO_ERA5_LAND,singapore
2013-04-11,27.90,25.30,26.40,34.10,30.00,31.60,5.00,OPEN_METEO_ERA5_LAND,singapore
2013-04-12,30.00,25.30,27.30,37.40,30.60,33.10,1.10,OPEN_METEO_ERA5_LAND,singapore
2013-04-13,29.40,25.10,27.20,36.90,30.90,33.30,3.60,OPEN_METEO_ERA5_LAND,singapore
2013-04-14,29.40,25.00,27.30,37.20,30.60,33.10,4.00,OPEN_METEO_ERA5_LAND,singapore
2013-04-15,30.20,25.80,27.90,36.80,31.10,33.60,0.30,OPEN_METEO_ERA5_LAND,singapore
2013-04-16,30.60,25.20,27.90,38.50,31.00,34.20,1.00,OPEN_METEO_ERA5_LAND,singapore
2013-04-17,29.50,25.40,27.30,34.80,29.60,32.40,13.80,OPEN_METEO_ERA5_LAND,singapore
2013-04-18,29.90,26.50,28.10,36.90,31.70,34.10,2.40,OPEN_METEO_ERA5_LAND,singapore
2013-04-19,28.70,25.10,26.70,34.70,30.80,32.20,7.00,OPEN_METEO_ERA5_LAND,singapore
2013-04-20,28.70,25.40,26.80,34.40,30.50,32.20,11.20,OPEN_METEO_ERA5_LAND,singapore
2013-04-21,28.00,25.00,26.10,33.60,30.60,31.80,10.90,OPEN_METEO_ERA5_LAND,singapore
2013-04-22,29.90,24.60,27.00,37.30,29.90,32.80,6.00,OPEN_METEO_ERA5_LAND,singapore
2013-04-23,28.50,25.10,26.80,34.50,30.40,32.50,5.80,OPEN_METEO_ERA5_LAND,singapore
2013-04-24,29.40,25.10,27.00,36.40,30.40,32.60,4.10,OPEN_METEO_ERA5_LAND,singapore
2013-04-25,29.70,24.70,26.90,37.50,29.70,32.70,7.20,OPEN_METEO_ERA5_LAND,singapore
2013-04-26,28.40,24.60,26.50,34.40,29.30,31.90,11.50,OPEN_METEO_ERA5_LAND,singapore
2013-04-27,28.90,25.20,27.00,35.90,30.40,32.80,6.00,OPEN_METEO_ERA5_LAND,singapore
2013-04-28,28.10,24.50,26.30,34.70,29.70,31.80,10.70,OPEN_METEO_ERA5_LAND,singapore
2013-04-29,28.90,25.10,26.80,34.50,30.50,32.10,7.70,OPEN_METEO_ERA5_LAND,singapore
2013-04-30,28.80,25.20,26.90,34.70,30.70,32.60,2.10,OPEN_METEO_ERA5_LAND,singapore
2013-05-01,28.10,24.90,26.40,33.60,29.80,31.90,6.30,OPEN_METEO_ERA5_LAND,singapore
2013-05-02,27.50,25.40,26.50,34.20,31.10,32.20,9.60,OPEN_METEO_ERA5_LAND,singapore
2013-05-03,27.70,25.00,26.20,33.30,30.40,31.80,22.50,OPEN_METEO_ERA5_LAND,singapore
2013-05-04,28.70,24.70,26.80,34.20,30.10,32.00,13.80,OPEN_METEO_ERA5_LAND,singapore
2013-05-05,28.00,25.00,26.40,34.60,30.40,32.20,27.30,OPEN_METEO_ERA5_LAND,singapore
2013-05-06,28.40,25.00,26.60,35.80,30.70,32.70,7.90,OPEN_METEO_ERA5_LAND,singapore
2013-05-07,28.20,24.80,26.20,34.20,29.80,31.70,19.90,OPEN_METEO_ERA5_LAND,singapore
2013-05-08,28.20,25.20,26.50,34.50,30.60,32.20,13.40,OPEN_METEO_ERA5_LAND,singapore
2013-05-09,29.10,26.00,27.20,35.50,31.30,32.90,9.60,OPEN_METEO_ERA5_LAND,singapore
2013-05-10,29.60,26.80,27.70,35.10,32.50,33.50,2.60,OPEN_METEO_ERA5_LAND,singapore
2013-05-11,28.90,26.20,27.50,33.60,32.10,32.90,7.50,OPEN_METEO_ERA5_LAND,singapore
2013-05-12,29.10,25.90,27.60,34.60,30.70,32.80,3.80,OPEN_METEO_ERA5_LAND,singapore
2013-05-13,30.50,26.90,28.50,38.50,32.50,34.60,1.40,OPEN_METEO_ERA5_LAND,singapore
2013-05-14,29.90,25.70,28.20,37.50,31.80,34.70,1.20,OPEN_METEO_ERA5_LAND,singapore
2013-05-15,29.90,26.10,27.90,37.50,31.70,34.30,8.40,OPEN_METEO_ERA5_LAND,singapore
2013-05-16,29.80,25.40,27.60,36.20,30.40,32.90,3.50,OPEN_METEO_ERA5_LAND,singapore
2013-05-17,30.60,25.60,28.10,37.50,30.90,33.90,0.50,OPEN_METEO_ERA5_LAND,singapore
2013-05-18,29.10,25.20,27.10,35.50,30.70,33.00,6.90,OPEN_METEO_ERA5_LAND,singapore
2013-05-19,29.60,26.10,28.00,36.00,32.00,33.80,1.50,OPEN_METEO_ERA5_LAND,singapore
2013-05-20,29.70,25.90,27.60,37.80,31.30,33.60,3.70,OPEN_METEO_ERA5_LAND,singapore
2013-05-21,28.50,25.30,26.90,35.20,31.60,33.30,9.20,OPEN_METEO_ERA5_LAND,singapore
2013-05-22,28.80,25.20,27.00,35.10,30.90,32.80,2.80,OPEN_METEO_ERA5_LAND,singapore
2013-05-23,29.50,26.70,27.80,35.10,31.90,33.10,5.40,OPEN_METEO_ERA5_LAND,singapore
2013-05-24,27.60,24.50,26.00,32.40,29.60,31.40,27.00,OPEN_METEO_ERA5_LAND,singapore
2013-05-25,29.90,25.60,27.40,36.70,30.60,33.10,1.60,OPEN_METEO_ERA5_LAND,singapore
2013-05-26,28.80,24.80,26.50,35.30,30.50,32.20,11.60,OPEN_METEO_ERA5_LAND,singapore
2013-05-27,29.70,24.70,27.20,35.60,29.50,32.80,0.60,OPEN_METEO_ERA5_LAND,singapore
2013-05-28,29.50,24.90,27.00,37.20,30.20,33.10,13.40,OPEN_METEO_ERA5_LAND,singapore
2013-05-29,28.20,25.00,26.40,34.80,29.90,31.80,3.30,OPEN_METEO_ERA5_LAND,singapore
2013-05-30,29.30,25.10,26.60,36.40,29.30,31.90,14.90,OPEN_METEO_ERA5_LAND,singapore
2013-05-31,29.80,24.90,26.70,36.30,29.00,31.90,4.60,OPEN_METEO_ERA5_LAND,singapore
2013-06-01,29.90,25.20,26.90,37.50,30.30,32.60,14.00,OPEN_METEO_ERA5_LAND,singapore
2013-06-02,29.70,24.80,27.10,35.70,30.10,32.60,0.60,OPEN_METEO_ERA5_LAND,singapore
2013-06-03,28.80,25.50,27.00,35.30,30.80,33.00,10.40,OPEN_METEO_ERA5_LAND,singapore
2013-06-04,29.10,25.30,26.80,35.70,30.30,32.40,8.50,OPEN_METEO_ERA5_LAND,singapore
2013-06-05,29.80,25.10,26.80,37.30,30.00,32.30,10.00,OPEN_METEO_ERA5_LAND,singapore
2013-06-06,29.90,25.80,27.20,36.10,30.80,32.60,5.60,OPEN_METEO_ERA5_LAND,singapore
2013-06-07,30.50,25.40,27.50,37.70,30.90,33.40,4.20,OPEN_METEO_ERA5_LAND,singapore
2013-06-08,29.40,25.40,27.30,36.50,30.90,33.10,10.30,OPEN_METEO_ERA5_LAND,singapore
2013-06-09,28.90,25.20,27.10,34.30,30.40,32.20,4.70,OPEN_METEO_ERA5_LAND,singapore
2013-06-10,29.40,25.40,27.50,35.30,30.00,32.50,3.00,OPEN_METEO_ERA5_LAND,singapore
2013-06-11,28.80,26.00,27.40,34.00,30.70,32.30,8.30,OPEN_METEO_ERA5_LAND,singapore
2013-06-12,30.10,26.70,28.20,35.40,31.80,32.80,0.00,OPEN_METEO_ERA5_LAND,singapore
2013-06-13,30.00,26.00,28.10,35.80,30.70,33.20,0.30,OPEN_METEO_ERA5_LAND,singapore
2013-06-14,29.90,25.90,27.80,35.40,31.10,33.00,0.00,OPEN_METEO_ERA5_LAND,singapore
2013-06-15,30.30,25.60,28.10,36.40,30.70,33.60,0.10,OPEN_METEO_ERA5_LAND,singapore
2013-06-16,30.20,26.50,28.20,36.20,31.40,33.60,1.10,OPEN_METEO_ERA5_LAND,singapore
2013-06-17,30.30,26.70,28.30,35.60,31.30,32.90,0.00,OPEN_METEO_ERA5_LAND,singapore
2013-06-18,30.80,25.60,28.20,36.20,30.50,33.10,0.00,OPEN_METEO_ERA5_LAND,singapore
2013-06-19,30.50,24.90,28.30,35.10,29.50,33.10,0.00,OPEN_METEO_ERA5_LAND,singapore
2013-06-20,30.60,24.30,28.10,34.70,28.80,32.60,0.00,OPEN_METEO_ERA5_LAND,singapore
2013-06-21,30.60,24.80,27.70,36.10,28.90,32.20,0.00,OPEN_METEO_ERA5_LAND,singapore
2013-06-22,30.30,25.50,28.00,35.20,30.20,32.80,0.00,OPEN_METEO_ERA5_LAND,singapore
2013-06-23,30.10,25.50,28.00,35.60,30.40,33.30,0.50,OPEN_METEO_ERA5_LAND,singapore
2013-06-24,30.80,27.00,28.70,37.80,32.10,34.40,0.00,OPEN_METEO_ERA5_LAND,singapore
2013-06-25,30.50,26.50,28.30,37.40,31.90,34.10,4.20,OPEN_METEO_ERA5_LAND,singapore
2013-06-26,28.90,24.70,26.50,34.40,29.60,31.90,7.90,OPEN_METEO_ERA5_LAND,singapore
2013-06-27,29.70,24.00,26.60,35.80,29.20,32.00,7.90,OPEN_METEO_ERA5_LAND,singapore
2013-06-28,29.60,24.80,27.20,36.10,29.80,32.70,1.30,OPEN_METEO_ERA5_LAND,singapore
2013-06-29,29.70,24.70,27.30,36.00,29.60,32.90,2.20,OPEN_METEO_ERA5_LAND,singapore
2013-06-30,28.90,25.10,27.00,34.10,29.70,32.10,2.40,OPEN_METEO_ERA5_LAND,singapore
2013-07-01,29.10,25.20,27.20,33.60,30.60,32.00,0.10,OPEN_METEO_ERA5_LAND,singapore
2013-07-02,28.70,25.60,26.80,34.80,30.30,31.80,1.80,OPEN_METEO_ERA5_LAND,singapore
2013-07-03,29.20,26.10,27.50,34.80,30.70,32.50,0.30,OPEN_METEO_ERA5_LAND,singapore
2013-07-04,27.90,24.90,26.50,32.70,29.60,31.10,6.60,OPEN_METEO_ERA5_LAND,singapore
2013-07-05,28.00,25.00,26.20,32.90,28.50,30.40,7.00,OPEN_METEO_ERA5_LAND,singapore
2013-07-06,28.70,25.50,27.20,32.60,30.10,31.30,0.00,OPEN_METEO_ERA5_LAND,singapore
2013-07-07,29.40,26.00,27.70,35.00,30.90,32.40,1.50,OPEN_METEO_ERA5_LAND,singapore
2013-07-08,28.80,25.30,26.80,33.50,30.00,31.70,1.70,OPEN_METEO_ERA5_LAND,singapore
2013-07-09,27.20,24.30,25.70,30.90,28.30,29.90,11.20,OPEN_METEO_ERA5_LAND,singapore
2013-07-10,28.60,25.10,26.90,33.80,29.60,31.40,1.00,OPEN_METEO_ERA5_LAND,singapore
2013-07-11,29.10,25.10,27.10,35.60,29.20,32.40,4.50,OPEN_METEO_ERA5_LAND,singapore
2013-07-12,29.40,24.80,26.40,35.50,30.00,31.80,26.70,OPEN_METEO_ERA5_LAND,singapore
2013-07-13,28.40,25.10,26.50,33.20,29.60,31.40,3.90,OPEN_METEO_ERA5_LAND,singapore
2013-07-14,28.00,24.10,26.20,32.90,28.50,31.10,4.20,OPEN_METEO_ERA5_LAND,singapore
2013-07-15,28.70,25.10,27.00,34.60,29.30,31.60,0.10,OPEN_METEO_ERA5_LAND,singapore
2013-07-16,27.80,25.40,26.60,33.50,30.70,31.90,11.50,OPEN_METEO_ERA5_LAND,singapore
2013-07-17,27.40,24.30,25.70,32.90,28.80,30.90,12.00,OPEN_METEO_ERA5_LAND,singapore
2013-07-18,27.10,25.00,25.80,31.40,29.20,30.20,5.10,OPEN_METEO_ERA5_LAND,singapore
2013-07-19,28.50,24.70,26.60,34.30,29.40,31.30,2.70,OPEN_METEO_ERA5_LAND,singapore
2013-07-20,28.70,25.60,26.90,34.40,30.20,31.80,1.80,OPEN_METEO_ERA5_LAND,singapore
2013-07-21,29.40,25.40,27.20,35.40,30.30,32.50,0.00,OPEN_METEO_ERA5_LAND,singapore
2013-07-22,29.50,26.00,27.50,34.60,30.60,32.30,1.80,OPEN_METEO_ERA5_LAND,singapore
2013-07-23,29.40,26.70,27.80,34.80,30.80,32.50,0.10,OPEN_METEO_ERA5_LAND,singapore
2013-07-24,29.30,26.00,27.40,35.70,30.40,32.50,0.90,OPEN_METEO_ERA5_LAND,singapore
2013-07-25,28.50,25.00,26.70,34.80,29.90,31.90,6.00,OPEN_METEO_ERA5_LAND,singapore
2013-07-26,28.00,25.10,26.60,33.90,30.30,31.90,6.60,OPEN_METEO_ERA5_LAND,singapore
2013-07-27,28.80,25.40,26.60,34.90,30.70,31.80,8.40,OPEN_METEO_ERA5_LAND,singapore
2013-07-28,29.70,25.20,27.40,35.40,30.30,32.60,1.40,OPEN_METEO_ERA5_LAND,singapore
2013-07-29,28.10,25.00,26.60,33.20,30.20,31.60,3.70,OPEN_METEO_ERA5_LAND,singapore
2013-07-30,28.30,26.50,27.10,33.40,31.20,32.10,5.90,OPEN_METEO_ERA5_LAND,singapore
2013-07-31,28.60,26.00,27.00,34.60,30.60,32.00,3.80,OPEN_METEO_ERA5_LAND,singapore
2013-08-01,28.40,24.90,26.50,32.90,28.90,30.90,3.50,OPEN_METEO_ERA5_LAND,singapore
2013-08-02,28.50,24.20,26.60,33.10,28.20,31.00,12.10,OPEN_METEO_ERA5_LAND,singapore
2013-08-03,28.80,26.40,27.40,34.50,30.60,32.00,0.70,OPEN_METEO_ERA5_LAND,singapore
2013-08-04,28.60,25.60,27.00,33.70,30.50,32.10,1.10,OPEN_METEO_ERA5_LAND,singapore
2013-08-05,27.50,24.80,26.30,32.50,28.70,30.60,7.00,OPEN_METEO_ERA5_LAND,singapore
2013-08-06,28.70,24.30,26.50,34.40,29.10,31.50,5.20,OPEN_METEO_ERA5_LAND,singapore
2013-08-07,28.40,24.40,26.60,33.80,28.80,31.60,3.10,OPEN_METEO_ERA5_LAND,singapore
2013-08-08,27.30,24.40,25.90,31.70,28.50,30.30,10.60,OPEN_METEO_ERA5_LAND,singapore
2013-08-09,28.80,25.10,26.40,34.20,29.70,31.40,6.20,OPEN_METEO_ERA5_LAND,singapore
2013-08-10,28.50,24.80,26.30,34.00,28.50,31.00,1.90,OPEN_METEO_ERA5_LAND,singapore
2013-08-11,27.90,24.80,26.50,33.90,29.10,31.40,2.80,OPEN_METEO_ERA5_LAND,singapore
2013-08-12,28.60,24.70,26.70,33.60,29.30,31.70,4.00,OPEN_METEO_ERA5_LAND,singapore
2013-08-13,28.10,24.40,26.30,32.50,28.70,30.80,5.60,OPEN_METEO_ERA5_LAND,singapore
2013-08-14,27.40,25.40,26.30,32.10,29.30,30.60,5.60,OPEN_METEO_ERA5_LAND,singapore
2013-08-15,28.60,25.60,27.20,32.60,29.60,31.20,3.40,OPEN_METEO_ERA5_LAND,singapore
2013-08-16,28.70,25.90,27.20,33.70,30.60,31.80,3.00,OPEN_METEO_ERA5_LAND,singapore
2013-08-17,27.90,25.00,26.50,33.90,30.20,31.80,5.90,OPEN_METEO_ERA5_LAND,singapore
2013-08-18,29.00,25.70,27.10,35.30,30.80,32.30,5.00,OPEN_METEO_ERA5_LAND,singapore
2013-08-19,28.90,24.80,26.70,34.60,30.00,31.50,5.60,OPEN_METEO_ERA5_LAND,singapore
2013-08-20,27.20,24.80,26.00,32.20,29.90,31.00,3.70,OPEN_METEO_ERA5_LAND,singapore
2013-08-21,28.30,25.30,26.40,33.50,30.00,31.20,3.60,OPEN_METEO_ERA5_LAND,singapore
2013-08-22,28.50,25.60,26.80,34.70,29.80,31.50,0.10,OPEN_METEO_ERA5_LAND,singapore
2013-08-23,28.60,25.10,26.90,34.00,29.10,30.90,2.40,OPEN_METEO_ERA5_LAND,singapore
2013-08-24,29.20,26.30,27.50,34.10,30.30,31.70,0.00,OPEN_METEO_ERA5_LAND,singapore
2013-08-25,28.50,25.40,27.10,33.20,29.70,31.50,2.10,OPEN_METEO_ERA5_LAND,singapore
2013-08-26,27.90,25.00,26.50,32.70,29.40,30.80,5.20,OPEN_METEO_ERA5_LAND,singapore
2013-08-27,29.00,25.90,27.30,33.90,30.50,31.50,2.60,OPEN_METEO_ERA5_LAND,singapore
2013-08-28,27.40,25.40,26.10,31.60,29.60,30.50,8.00,OPEN_METEO_ERA5_LAND,singapore
2013-08-29,27.40,24.90,25.90,33.00,29.10,30.90,6.70,OPEN_METEO_ERA5_LAND,singapore
2013-08-30,27.90,24.30,26.30,33.60,29.30,31.60,7.10,OPEN_METEO_ERA5_LAND,singapore
2013-08-31,28.60,24.40,26.60,34.40,28.80,31.30,6.10,OPEN_METEO_ERA5_LAND,singapore
2013-09-01,27.00,24.30,25.70,32.10,29.00,30.60,32.50,OPEN_METEO_ERA5_LAND,singapore
2013-09-02,28.10,24.00,25.50,33.90,28.90,30.80,16.40,OPEN_METEO_ERA5_LAND,singapore
2013-09-03,28.70,23.80,26.00,34.80,29.00,31.10,6.70,OPEN_METEO_ERA5_LAND,singapore
2013-09-04,27.00,24.20,25.60,31.70,28.80,30.50,14.00,OPEN_METEO_ERA5_LAND,singapore
2013-09-05,26.90,24.80,25.70,31.50,29.40,30.30,15.90,OPEN_METEO_ERA5_LAND,singapore
2013-09-06,27.10,24.00,25.20,32.20,28.10,29.80,25.80,OPEN_METEO_ERA5_LAND,singapore
2013-09-07,27.40,23.80,25.70,31.00,27.00,29.40,9.00,OPEN_METEO_ERA5_LAND,singapore
2013-09-08,27.80,23.60,25.50,33.50,27.60,30.10,16.80,OPEN_METEO_ERA5_LAND,singapore
2013-09-09,26.50,24.30,25.30,30.70,28.70,29.70,7.60,OPEN_METEO_ERA5_LAND,singapore
2013-09-10,26.00,24.10,25.10,30.10,28.30,29.10,10.00,OPEN_METEO_ERA5_LAND,singapore
2013-09-11,28.10,25.20,26.40,32.00,28.40,30.50,1.40,OPEN_METEO_ERA5_LAND,singapore
2013-09-12,28.70,24.20,26.40,34.20,28.40,30.80,6.00,OPEN_METEO_ERA5_LAND,singapore
2013-09-13,28.30,25.20,26.60,34.20,30.20,31.60,3.20,OPEN_METEO_ERA5_LAND,singapore
2013-09-14,27.70,24.70,26.10,32.40,29.80,31.20,7.00,OPEN_METEO_ERA5_LAND,singapore
2013-09-15,27.50,23.90,25.40,33.30,27.90,30.00,14.50,OPEN_METEO_ERA5_LAND,singapore
2013-09-16,29.00,24.50,26.50,35.00,27.50,31.10,2.70,OPEN_METEO_ERA5_LAND,singapore
2013-09-17,28.40,24.50,26.30,34.80,29.60,31.50,1.60,OPEN_METEO_ERA5_LAND,singapore
2013-09-18,29.10,25.90,27.20,34.40,30.90,32.30,1.30,OPEN_METEO_ERA5_LAND,singapore
2013-09-19,28.60,26.10,27.20,34.40,31.30,32.40,4.20,OPEN_METEO_ERA5_LAND,singapore
2013-09-20,29.20,26.10,27.50,34.90,30.90,32.60,1.20,OPEN_METEO_ERA5_LAND,singapore
2013-09-21,29.10,26.30,27.50,35.20,31.60,32.70,0.10,OPEN_METEO_ERA5_LAND,singapore
2013-09-22,29.50,26.50,27.70,35.20,30.90,32.50,1.70,OPEN_METEO_ERA5_LAND,singapore
2013-09-23,29.60,26.10,27.60,35.20,30.00,32.20,0.00,OPEN_METEO_ERA5_LAND,singapore
2013-09-24,29.20,26.60,27.60,34.70,31.30,32.50,2.90,OPEN_METEO_ERA5_LAND,singapore
2013-09-25,29.10,26.40,27.70,35.80,31.10,32.90,1.30,OPEN_METEO_ERA5_LAND,singapore
2013-09-26,29.00,26.40,27.30,35.00,31.60,32.70,10.10,OPEN_METEO_ERA5_LAND,singapore
2013-09-27,28.70,26.00,27.10,34.60,30.90,32.50,6.40,OPEN_METEO_ERA5_LAND,singapore
2013-09-28,28.30,24.80,26.30,34.00,29.80,31.90,11.20,OPEN_METEO_ERA5_LAND,singapore
2013-09-29,28.60,24.20,26.20,33.90,27.60,31.10,15.70,OPEN_METEO_ERA5_LAND,singapore
2013-09-30,28.50,24.40,26.40,33.10,28.90,31.20,4.80,OPEN_METEO_ERA5_LAND,singapore
2013-10-01,28.40,25.30,26.90,33.60,30.10,32.00,10.20,OPEN_METEO_ERA5_LAND,singapore
2013-10-02,28.70,24.70,26.60,35.40,28.80,31.50,7.00,OPEN_METEO_ERA5_LAND,singapore
2013-10-03,28.00,24.80,26.60,34.10,29.70,32.00,1.40,OPEN_METEO_ERA5_LAND,singapore
2013-10-04,28.90,25.30,26.80,35.10,29.80,32.10,5.70,OPEN_METEO_ERA5_LAND,singapore
2013-10-05,29.00,23.70,26.60,34.90,27.40,31.70,11.90,OPEN_METEO_ERA5_LAND,singapore
2013-10-06,29.10,24.00,26.30,34.10,26.90,30.70,8.60,OPEN_METEO_ERA5_LAND,singapore
2013-10-07,28.90,24.80,26.50,33.40,27.90,30.80,2.80,OPEN_METEO_ERA5_LAND,singapore
2013-10-08,29.40,25.30,26.80,36.00,29.90,32.10,4.40,OPEN_METEO_ERA5_LAND,singapore
2013-10-09,30.00,24.60,26.70,37.20,29.20,32.10,10.50,OPEN_METEO_ERA5_LAND,singapore
2013-10-10,28.40,24.40,26.30,34.50,29.10,31.50,7.30,OPEN_METEO_ERA5_LAND,singapore
2013-10-11,27.60,24.20,25.90,32.60,28.80,31.00,9.70,OPEN_METEO_ERA5_LAND,singapore
2013-10-12,27.00,24.20,25.90,31.90,29.00,30.60,14.40,OPEN_METEO_ERA5_LAND,singapore
2013-10-13,28.40,25.50,26.60,34.20,29.50,31.20,6.40,OPEN_METEO_ERA5_LAND,singapore
2013-10-14,28.00,25.40,26.60,33.80,29.40,31.40,3.50,OPEN_METEO_ERA5_LAND,singapore
2013-10-15,28.20,25.80,26.80,34.50,30.10,31.70,2.50,OPEN_METEO_ERA5_LAND,singapore
2013-10-16,29.00,25.70,26.90,35.40,30.70,32.30,1.60,OPEN_METEO_ERA5_LAND,singapore
2013-10-17,30.00,25.30,27.60,35.30,31.00,33.00,0.10,OPEN_METEO_ERA5_LAND,singapore
2013-10-18,28.40,24.50,26.20,34.90,28.60,31.40,10.40,OPEN_METEO_ERA5_LAND,singapore
2013-10-19,28.90,23.90,26.10,36.30,28.90,31.70,7.40,OPEN_METEO_ERA5_LAND,singapore
2013-10-20,27.90,23.90,25.60,34.00,28.00,30.40,12.90,OPEN_METEO_ERA5_LAND,singapore
2013-10-21,28.20,24.30,25.70,33.70,28.50,30.40,18.60,OPEN_METEO_ERA5_LAND,singapore
2013-10-22,28.00,24.70,26.20,34.00,29.60,31.40,6.60,OPEN_METEO_ERA5_LAND,singapore
2013-10-23,28.30,24.10,26.10,33.30,28.60,31.10,6.30,OPEN_METEO_ERA5_LAND,singapore
2013-10-24,29.00,24.80,26.30,35.20,29.50,31.50,8.90,OPEN_METEO_ERA5_LAND,singapore
2013-10-25,28.50,24.30,26.40,34.00,29.30,31.50,3.60,OPEN_METEO_ERA5_LAND,singapore
2013-10-26,29.40,24.20,26.50,34.90,29.10,31.50,4.10,OPEN_METEO_ERA5_LAND,singapore
2013-10-27,28.10,24.30,25.90,33.90,28.90,30.70,17.70,OPEN_METEO_ERA5_LAND,singapore
2013-10-28,28.30,24.10,25.80,34.80,28.60,30.90,6.00,OPEN_METEO_ERA5_LAND,singapore
2013-10-29,28.50,23.70,26.00,35.00,28.20,31.20,7.00,OPEN_METEO_ERA5_LAND,singapore
2013-10-30,28.10,23.90,25.70,35.00,28.60,30.90,5.30,OPEN_METEO_ERA5_LAND,singapore
2013-10-31,28.70,24.30,26.00,36.80,29.10,31.60,10.30,OPEN_METEO_ERA5_LAND,singapore
2013-11-01,27.60,24.10,25.70,33.30,29.00,30.80,11.60,OPEN_METEO_ERA5_LAND,singapore
2013-11-02,27.80,23.90,25.70,34.30,28.60,30.80,12.00,OPEN_METEO_ERA5_LAND,singapore
2013-11-03,28.60,24.40,25.90,34.40,28.90,30.80,4.80,OPEN_METEO_ERA5_LAND,singapore
2013-11-04,28.40,24.40,26.10,34.80,28.60,31.00,4.40,OPEN_METEO_ERA5_LAND,singapore
2013-11-05,28.90,24.20,25.90,34.60,28.70,30.60,12.20,OPEN_METEO_ERA5_LAND,singapore
2013-11-06,27.40,24.50,25.40,32.20,29.00,30.10,17.30,OPEN_METEO_ERA5_LAND,singapore
2013-11-07,29.10,24.90,26.70,35.50,29.50,31.80,5.60,OPEN_METEO_ERA5_LAND,singapore
2013-11-08,28.50,24.80,26.40,34.20,29.20,31.70,2.50,OPEN_METEO_ERA5_LAND,singapore
2013-11-09,28.00,24.40,26.10,34.70,29.60,31.50,15.60,OPEN_METEO_ERA5_LAND,singapore
2013-11-10,27.10,24.50,25.70,32.90,29.10,31.30,18.90,OPEN_METEO_ERA5_LAND,singapore
2013-11-11,27.10,24.60,25.80,32.60,29.30,31.10,20.90,OPEN_METEO_ERA5_LAND,singapore
2013-11-12,28.60,24.50,26.10,34.90,29.60,31.40,7.50,OPEN_METEO_ERA5_LAND,singapore
2013-11-13,29.10,24.30,26.20,35.30,29.80,31.70,7.60,OPEN_METEO_ERA5_LAND,singapore
2013-11-14,28.80,24.60,26.10,35.80,28.80,31.30,1.60,OPEN_METEO_ERA5_LAND,singapore
2013-11-15,29.20,24.60,26.20,36.10,29.20,31.50,17.70,OPEN_METEO_ERA5_LAND,singapore
2013-11-16,28.00,24.70,26.20,32.70,30.00,31.20,2.00,OPEN_METEO_ERA5_LAND,singapore
2013-11-17,27.10,24.20,25.30,31.60,28.50,29.90,12.50,OPEN_METEO_ERA5_LAND,singapore
2013-11-18,28.00,24.60,25.80,31.70,28.80,30.00,5.10,OPEN_METEO_ERA5_LAND,singapore
2013-11-19,28.50,24.20,25.50,34.60,28.80,30.60,13.80,OPEN_METEO_ERA5_LAND,singapore
2013-11-20,28.70,24.20,25.90,33.20,27.90,30.20,4.00,OPEN_METEO_ERA5_LAND,singapore
2013-11-21,28.80,24.40,26.40,33.90,27.90,30.70,2.90,OPEN_METEO_ERA5_LAND,singapore
2013-11-22,29.20,24.20,26.40,35.80,28.40,31.60,6.70,OPEN_METEO_ERA5_LAND,singapore
2013-11-23,28.20,24.40,26.40,34.70,29.30,31.80,7.40,OPEN_METEO_ERA5_LAND,singapore
2013-11-24,28.90,24.50,26.30,36.10,29.70,31.70,7.20,OPEN_METEO_ERA5_LAND,singapore
2013-11-25,28.40,25.00,26.30,34.80,29.30,31.40,14.30,OPEN_METEO_ERA5_LAND,singapore
2013-11-26,28.90,24.70,26.30,36.20,29.00,31.60,6.70,OPEN_METEO_ERA5_LAND,singapore
2013-11-27,29.20,24.50,26.40,36.50,29.60,31.90,6.30,OPEN_METEO_ERA5_LAND,singapore
2013-11-28,28.10,24.10,25.60,34.40,28.30,30.40,24.10,OPEN_METEO_ERA5_LAND,singapore
2013-11-29,28.90,24.20,25.80,35.60,28.20,30.90,20.30,OPEN_METEO_ERA5_LAND,singapore
2013-11-30,27.90,24.30,25.80,33.20,28.70,30.60,6.30,OPEN_METEO_ERA5_LAND,singapore
2013-12-01,26.30,24.50,25.20,31.30,28.50,29.60,7.10,OPEN_METEO_ERA5_LAND,singapore
2013-12-02,26.70,24.10,24.90,30.90,28.00,28.90,36.40,OPEN_METEO_ERA5_LAND,singapore
2013-12-03,26.80,24.10,25.10,32.00,28.10,29.80,30.00,OPEN_METEO_ERA5_LAND,singapore
2013-12-04,27.00,23.60,25.20,31.10,26.70,29.40,9.50,OPEN_METEO_ERA5_LAND,singapore
2013-12-05,28.60,24.00,25.70,34.20,28.60,30.70,21.10,OPEN_METEO_ERA5_LAND,singapore
2013-12-06,26.80,24.60,25.30,31.80,28.90,30.20,16.50,OPEN_METEO_ERA5_LAND,singapore
2013-12-07,27.70,23.80,25.60,32.90,28.80,30.60,4.60,OPEN_METEO_ERA5_LAND,singapore
2013-12-08,25.30,24.10,24.60,30.50,28.00,29.10,21.70,OPEN_METEO_ERA5_LAND,singapore
2013-12-09,28.50,23.90,25.90,35.20,28.00,30.60,1.20,OPEN_METEO_ERA5_LAND,singapore
2013-12-10,28.60,24.50,26.10,34.90,28.90,31.30,5.50,OPEN_METEO_ERA5_LAND,singapore
2013-12-11,29.00,24.30,26.20,35.40,28.50,31.10,4.00,OPEN_METEO_ERA5_LAND,singapore
2013-12-12,27.30,24.50,25.60,32.30,28.70,30.20,20.70,OPEN_METEO_ERA5_LAND,singapore
2013-12-13,29.10,24.80,26.40,34.70,28.90,31.00,1.10,OPEN_METEO_ERA5_LAND,singapore
2013-12-14,29.20,24.70,26.30,34.50,29.20,31.00,2.20,OPEN_METEO_ERA5_LAND,singapore
2013-12-15,29.20,24.90,26.50,36.20,29.30,31.60,1.20,OPEN_METEO_ERA5_LAND,singapore
2013-12-16,29.90,24.80,27.10,35.10,29.40,32.20,0.00,OPEN_METEO_ERA5_LAND,singapore
2013-12-17,29.50,24.70,26.80,34.90,29.90,32.10,1.10,OPEN_METEO_ERA5_LAND,singapore
2013-12-18,27.70,24.90,26.00,32.40,29.10,30.60,2.90,OPEN_METEO_ERA5_LAND,singapore
2013-12-19,28.50,24.00,25.60,32.90,27.00,29.40,4.50,OPEN_METEO_ERA5_LAND,singapore
2013-12-20,26.10,24.00,24.80,31.10,27.50,29.10,22.00,OPEN_METEO_ERA5_LAND,singapore
2013-12-21,28.10,23.80,25.10,32.70,27.40,28.90,6.00,OPEN_METEO_ERA5_LAND,singapore
2013-12-22,28.20,23.80,25.60,32.80,27.00,29.20,7.80,OPEN_METEO_ERA5_LAND,singapore
2013-12-23,27.00,24.00,25.30,30.40,27.10,28.60,4.40,OPEN_METEO_ERA5_LAND,singapore
2013-12-24,27.10,24.50,25.50,30.30,27.70,28.90,5.60,OPEN_METEO_ERA5_LAND,singapore
2013-12-25,27.80,24.50,25.70,31.50,28.00,29.20,0.70,OPEN_METEO_ERA5_LAND,singapore
2013-12-26,28.00,23.80,25.60,32.60,27.20,29.20,1.00,OPEN_METEO_ERA5_LAND,singapore
2013-12-27,27.90,24.00,25.60,33.00,27.60,29.20,3.40,OPEN_METEO_ERA5_LAND,singapore
2013-12-28,27.50,24.30,25.50,32.10,27.40,28.70,1.90,OPEN_METEO_ERA5_LAND,singapore
2013-12-29,27.30,24.30,25.50,30.30,27.10,28.40,2.10,OPEN_METEO_ERA5_LAND,singapore
2013-12-30,27.30,23.70,24.90,30.70,26.50,28.30,13.10,OPEN_METEO_ERA5_LAND,singapore
2013-12-31,26.70,24.00,24.90,29.60,26.90,28.20,7.50,OPEN_METEO_ERA5_LAND,singapore
2014-01-01,27.50,24.20,25.50,31.90,27.60,29.00,2.10,OPEN_METEO_ERA5_LAND,singapore
2014-01-02,27.90,24.20,25.60,32.70,27.90,29.50,0.90,OPEN_METEO_ERA5_LAND,singapore
2014-01-03,27.70,24.40,25.60,32.50,28.20,29.60,2.30,OPEN_METEO_ERA5_LAND,singapore
2014-01-04,28.20,24.10,25.60,32.80,28.30,29.90,1.10,OPEN_METEO_ERA5_LAND,singapore
2014-01-05,26.30,23.70,24.60,29.90,27.80,28.50,9.10,OPEN_METEO_ERA5_LAND,singapore
2014-01-06,26.90,23.60,24.90,31.90,27.10,29.00,3.50,OPEN_METEO_ERA5_LAND,singapore
2014-01-07,28.10,23.70,25.50,34.50,27.60,29.80,3.90,OPEN_METEO_ERA5_LAND,singapore
2014-01-08,28.50,24.00,25.80,32.30,27.70,29.40,0.40,OPEN_METEO_ERA5_LAND,singapore
2014-01-09,27.50,23.90,25.20,33.70,28.10,29.80,13.00,OPEN_METEO_ERA5_LAND,singapore
2014-01-10,27.80,23.90,25.30,33.80,27.80,30.30,11.20,OPEN_METEO_ERA5_LAND,singapore
2014-01-11,28.60,23.60,25.40,35.30,27.00,29.50,6.50,OPEN_METEO_ERA5_LAND,singapore
2014-01-12,27.70,24.10,25.40,32.90,27.30,28.80,2.30,OPEN_METEO_ERA5_LAND,singapore
2014-01-13,27.20,24.00,25.20,32.00,27.30,28.50,5.80,OPEN_METEO_ERA5_LAND,singapore
2014-01-14,27.80,24.00,25.50,30.80,27.00,28.20,0.00,OPEN_METEO_ERA5_LAND,singapore
2014-01-15,27.40,23.90,25.20,30.50,26.50,27.50,0.00,OPEN_METEO_ERA5_LAND,singapore
2014-01-16,27.10,23.90,25.10,28.80,25.80,26.80,0.00,OPEN_METEO_ERA5_LAND,singapore
2014-01-17,27.00,23.80,25.10,29.10,24.90,26.50,0.00,OPEN_METEO_ERA5_LAND,singapore
2014-01-18,27.40,23.70,25.10,28.80,25.20,26.60,0.10,OPEN_METEO_ERA5_LAND,singapore
2014-01-19,27.20,23.90,25.10,29.50,25.80,27.00,0.00,OPEN_METEO_ERA5_LAND,singapore
2014-01-20,27.20,23.50,24.90,29.80,24.80,26.50,0.00,OPEN_METEO_ERA5_LAND,singapore
2014-01-21,27.10,23.30,24.80,29.40,24.70,26.40,0.40,OPEN_METEO_ERA5_LAND,singapore
2014-01-22,27.10,23.30,24.70,28.50,24.40,26.10,0.00,OPEN_METEO_ERA5_LAND,singapore
2014-01-23,26.80,23.20,24.60,28.50,24.70,26.10,0.10,OPEN_METEO_ERA5_LAND,singapore
2014-01-24,27.20,23.10,24.70,29.30,24.60,26.40,0.30,OPEN_METEO_ERA5_LAND,singapore
2014-01-25,27.30,23.50,25.00,30.20,25.60,27.30,0.30,OPEN_METEO_ERA5_LAND,singapore
2014-01-26,27.30,22.60,24.70,31.40,25.10,27.10,0.40,OPEN_METEO_ERA5_LAND,singapore
2014-01-27,27.30,23.20,24.90,29.60,25.10,26.80,0.20,OPEN_METEO_ERA5_LAND,singapore
2014-01-28,27.40,23.50,25.20,29.80,25.50,27.20,0.10,OPEN_METEO_ERA5_LAND,singapore
2014-01-29,28.40,23.10,25.20,31.20,25.30,27.40,0.00,OPEN_METEO_ERA5_LAND,singapore
2014-01-30,28.00,22.60,24.80,30.00,25.10,27.00,0.30,OPEN_METEO_ERA5_LAND,singapore
2014-01-31,28.50,22.70,24.90,31.50,25.10,27.20,0.00,OPEN_METEO_ERA5_LAND,singapore
2014-02-01,29.20,22.10,24.80,33.00,23.90,27.20,0.00,OPEN_METEO_ERA5_LAND,singapore
2014-02-02,29.10,22.60,25.00,33.70,24.80,27.60,0.10,OPEN_METEO_ERA5_LAND,singapore
2014-02-03,29.20,22.90,25.40,33.10,25.40,28.10,0.00,OPEN_METEO_ERA5_LAND,singapore
2014-02-04,29.60,23.20,25.70,34.40,26.10,28.90,0.00,OPEN_METEO_ERA5_LAND,singapore
2014-02-05,29.50,23.00,25.60,33.10,25.60,28.40,0.00,OPEN_METEO_ERA5_LAND,singapore
2014-02-06,29.60,23.00,25.80,33.80,25.60,28.80,0.00,OPEN_METEO_ERA5_LAND,singapore
2014-02-07,29.60,23.80,26.20,35.10,26.50,29.70,0.00,OPEN_METEO_ERA5_LAND,singapore
2014-02-08,29.70,23.70,26.20,36.30,27.30,30.40,0.70,OPEN_METEO_ERA5_LAND,singapore
2014-02-09,30.10,24.30,26.30,35.20,27.90,30.40,2.40,OPEN_METEO_ERA5_LAND,singapore
2014-02-10,30.50,24.00,26.60,38.40,28.10,31.60,2.00,OPEN_METEO_ERA5_LAND,singapore
2014-02-11,30.60,24.70,26.80,36.50,27.90,30.90,2.10,OPEN_METEO_ERA5_LAND,singapore
2014-02-12,30.40,24.50,26.80,35.30,27.70,30.30,0.20,OPEN_METEO_ERA5_LAND,singapore
2014-02-13,30.20,25.00,26.80,34.10,28.60,30.10,0.00,OPEN_METEO_ERA5_LAND,singapore
2014-02-14,29.70,24.70,26.40,33.90,28.20,29.80,1.90,OPEN_METEO_ERA5_LAND,singapore
2014-02-15,28.90,24.60,26.10,33.00,27.40,29.20,1.20,OPEN_METEO_ERA5_LAND,singapore
2014-02-16,29.10,24.40,26.20,32.80,27.50,29.50,0.90,OPEN_METEO_ERA5_LAND,singapore
2014-02-17,29.50,24.70,26.50,33.90,27.70,29.80,1.10,OPEN_METEO_ERA5_LAND,singapore
2014-02-18,29.60,24.30,26.50,34.50,28.10,30.20,0.60,OPEN_METEO_ERA5_LAND,singapore
2014-02-19,30.10,24.30,26.60,35.40,28.10,30.40,0.00,OPEN_METEO_ERA5_LAND,singapore
2014-02-20,30.10,24.50,26.70,34.30,27.70,29.70,0.00,OPEN_METEO_ERA5_LAND,singapore
2014-02-21,29.60,24.40,26.60,33.10,27.50,29.50,0.20,OPEN_METEO_ERA5_LAND,singapore
2014-02-22,30.20,24.70,26.60,33.20,27.70,29.20,0.00,OPEN_METEO_ERA5_LAND,singapore
2014-02-23,30.00,23.80,26.30,33.60,27.70,29.40,0.20,OPEN_METEO_ERA5_LAND,singapore
2014-02-24,30.20,24.00,26.40,32.60,26.90,28.80,0.00,OPEN_METEO_ERA5_LAND,singapore
2014-02-25,30.70,23.60,26.40,34.20,25.70,28.70,0.00,OPEN_METEO_ERA5_LAND,singapore
2014-02-26,30.30,24.10,26.70,33.90,26.20,29.00,0.00,OPEN_METEO_ERA5_LAND,singapore
2014-02-27,30.50,24.30,26.80,33.80,27.30,29.60,0.00,OPEN_METEO_ERA5_LAND,singapore
2014-02-28,30.20,24.30,26.80,33.70,27.80,29.80,0.00,OPEN_METEO_ERA5_LAND,singapore
2014-03-01,30.00,24.50,26.70,34.80,28.10,30.10,0.50,OPEN_METEO_ERA5_LAND,singapore
2014-03-02,31.20,24.30,27.10,37.70,27.70,31.00,0.20,OPEN_METEO_ERA5_LAND,singapore
2014-03-03,31.40,24.10,26.80,38.10,27.90,30.90,3.50,OPEN_METEO_ERA5_LAND,singapore
2014-03-04,31.40,24.60,27.10,37.00,28.30,30.90,0.00,OPEN_METEO_ERA5_LAND,singapore
2014-03-05,31.40,24.10,26.90,35.20,27.20,29.90,0.00,OPEN_METEO_ERA5_LAND,singapore
2014-03-06,30.60,24.40,26.80,34.90,27.60,29.80,0.00,OPEN_METEO_ERA5_LAND,singapore
2014-03-07,30.90,24.00,26.90,35.70,27.40,30.30,0.00,OPEN_METEO_ERA5_LAND,singapore
2014-03-08,30.80,24.60,27.10,36.10,28.00,30.60,0.10,OPEN_METEO_ERA5_LAND,singapore
2014-03-09,31.40,24.40,27.00,35.90,27.00,29.70,0.00,OPEN_METEO_ERA5_LAND,singapore
2014-03-10,30.50,24.60,27.10,34.00,27.50,29.50,0.00,OPEN_METEO_ERA5_LAND,singapore
2014-03-11,31.90,24.50,27.40,35.00,26.80,29.80,0.00,OPEN_METEO_ERA5_LAND,singapore
2014-03-12,31.20,24.40,27.40,35.70,28.00,30.70,0.00,OPEN_METEO_ERA5_LAND,singapore
2014-03-13,31.60,24.80,27.60,36.10,28.50,31.10,0.00,OPEN_METEO_ERA5_LAND,singapore
2014-03-14,31.90,25.10,27.90,37.90,29.00,31.80,0.00,OPEN_METEO_ERA5_LAND,singapore
2014-03-15,30.80,25.20,27.50,35.90,28.90,31.30,0.40,OPEN_METEO_ERA5_LAND,singapore
2014-03-16,27.40,24.20,25.60,31.60,27.80,29.60,17.20,OPEN_METEO_ERA5_LAND,singapore
2014-03-17,27.70,24.50,25.70,32.70,29.20,30.20,23.40,OPEN_METEO_ERA5_LAND,singapore
2014-03-18,27.20,24.20,25.50,32.00,28.40,29.90,8.10,OPEN_METEO_ERA5_LAND,singapore
2014-03-19,29.60,24.50,26.30,35.90,29.20,31.30,3.40,OPEN_METEO_ERA5_LAND,singapore
2014-03-20,28.80,25.10,26.20,36.30,29.90,31.60,19.40,OPEN_METEO_ERA5_LAND,singapore
2014-03-21,29.80,25.00,26.60,37.20,29.80,31.90,4.30,OPEN_METEO_ERA5_LAND,singapore
2014-03-22,29.60,24.70,26.50,34.00,28.90,30.60,0.60,OPEN_METEO_ERA5_LAND,singapore
2014-03-23,29.90,24.30,26.60,34.20,27.90,30.40,0.00,OPEN_METEO_ERA5_LAND,singapore
2014-03-24,29.40,24.50,26.70,34.00,28.70,30.80,0.50,OPEN_METEO_ERA5_LAND,singapore
2014-03-25,30.20,24.90,27.10,35.90,29.30,31.40,0.80,OPEN_METEO_ERA5_LAND,singapore
2014-03-26,30.30,25.20,27.30,36.40,30.10,32.20,0.80,OPEN_METEO_ERA5_LAND,singapore
2014-03-27,30.70,25.20,27.60,36.90,30.00,32.60,0.20,OPEN_METEO_ERA5_LAND,singapore
2014-03-28,29.70,25.60,27.10,36.70,30.60,32.40,3.50,OPEN_METEO_ERA5_LAND,singapore
2014-03-29,30.00,24.00,26.40,36.80,29.00,31.80,10.70,OPEN_METEO_ERA5_LAND,singapore
2014-03-30,29.70,25.00,27.10,35.90,30.10,32.50,1.20,OPEN_METEO_ERA5_LAND,singapore
2014-03-31,30.20,26.10,27.60,36.50,31.80,33.30,6.00,OPEN_METEO_ERA5_LAND,singapore
2014-04-01,29.10,25.10,26.90,35.90,30.30,32.50,5.40,OPEN_METEO_ERA5_LAND,singapore
2014-04-02,29.00,24.80,26.90,35.60,29.50,32.70,2.90,OPEN_METEO_ERA5_LAND,singapore
2014-04-03,30.10,25.30,27.00,35.80,30.70,32.40,13.10,OPEN_METEO_ERA5_LAND,singapore
2014-04-04,29.30,25.00,26.70,36.70,29.80,32.30,10.30,OPEN_METEO_ERA5_LAND,singapore
2014-04-05,28.60,24.50,26.00,33.90,28.30,30.80,5.70,OPEN_METEO_ERA5_LAND,singapore
2014-04-06,29.30,25.10,26.60,34.40,29.00,31.00,1.40,OPEN_METEO_ERA5_LAND,singapore
2014-04-07,30.30,25.10,27.40,35.40,30.00,32.30,0.10,OPEN_METEO_ERA5_LAND,singapore
2014-04-08,29.80,24.40,26.80,36.30,29.50,32.20,1.90,OPEN_METEO_ERA5_LAND,singapore
2014-04-09,30.50,25.00,26.90,37.90,29.80,32.40,4.00,OPEN_METEO_ERA5_LAND,singapore
2014-04-10,29.40,25.50,26.90,36.20,30.70,32.40,6.20,OPEN_METEO_ERA5_LAND,singapore
2014-04-11,30.00,25.20,26.90,36.70,30.30,32.30,3.80,OPEN_METEO_ERA5_LAND,singapore
2014-04-12,29.10,24.80,26.50,34.50,29.00,31.40,6.90,OPEN_METEO_ERA5_LAND,singapore
2014-04-13,29.70,25.10,26.90,37.40,29.90,32.30,1.50,OPEN_METEO_ERA5_LAND,singapore
2014-04-14,29.60,25.10,26.80,36.70,29.40,32.40,2.40,OPEN_METEO_ERA5_LAND,singapore
2014-04-15,30.20,25.20,26.90,37.70,29.80,32.50,4.30,OPEN_METEO_ERA5_LAND,singapore
2014-04-16,28.90,24.70,26.50,35.40,29.60,31.90,3.90,OPEN_METEO_ERA5_LAND,singapore
2014-04-17,29.30,25.20,26.90,36.60,30.10,32.80,2.80,OPEN_METEO_ERA5_LAND,singapore
2014-04-18,27.90,24.80,26.50,33.10,30.20,31.90,8.50,OPEN_METEO_ERA5_LAND,singapore
2014-04-19,29.80,25.50,27.30,36.50,30.80,33.00,1.70,OPEN_METEO_ERA5_LAND,singapore
2014-04-20,29.00,25.00,26.80,36.60,30.50,32.70,8.60,OPEN_METEO_ERA5_LAND,singapore
2014-04-21,28.50,24.70,26.50,34.80,29.20,32.10,10.50,OPEN_METEO_ERA5_LAND,singapore
2014-04-22,30.90,25.40,27.30,38.50,31.00,33.40,8.20,OPEN_METEO_ERA5_LAND,singapore
2014-04-23,29.80,25.00,26.80,37.90,30.70,32.90,20.80,OPEN_METEO_ERA5_LAND,singapore
2014-04-24,30.20,25.10,27.00,37.60,30.50,32.80,7.20,OPEN_METEO_ERA5_LAND,singapore
2014-04-25,30.20,25.60,27.50,38.40,31.10,33.70,1.20,OPEN_METEO_ERA5_LAND,singapore
2014-04-26,30.00,25.60,26.70,38.10,31.50,32.80,15.60,OPEN_METEO_ERA5_LAND,singapore
2014-04-27,29.00,25.20,26.40,35.70,30.50,32.20,18.90,OPEN_METEO_ERA5_LAND,singapore
2014-04-28,28.60,25.20,26.50,35.00,30.00,32.20,12.60,OPEN_METEO_ERA5_LAND,singapore
2014-04-29,28.90,24.90,26.80,35.40,30.40,32.80,8.10,OPEN_METEO_ERA5_LAND,singapore
2014-04-30,29.70,25.00,27.00,36.80,30.20,33.00,5.10,OPEN_METEO_ERA5_LAND,singapore
2014-05-01,29.20,25.20,27.00,35.30,29.20,32.50,9.60,OPEN_METEO_ERA5_LAND,singapore
2014-05-02,29.80,25.20,27.60,37.60,30.80,33.70,4.30,OPEN_METEO_ERA5_LAND,singapore
2014-05-03,29.70,25.90,27.40,37.60,31.50,33.40,7.30,OPEN_METEO_ERA5_LAND,singapore
2014-05-04,29.80,24.70,27.10,37.30,30.60,33.30,4.20,OPEN_METEO_ERA5_LAND,singapore
2014-05-05,29.10,26.00,27.40,36.50,32.00,33.40,8.80,OPEN_METEO_ERA5_LAND,singapore
2014-05-06,29.30,25.90,27.30,35.90,31.80,33.30,5.90,OPEN_METEO_ERA5_LAND,singapore
2014-05-07,28.60,25.20,26.90,34.90,30.70,32.80,15.10,OPEN_METEO_ERA5_LAND,singapore
2014-05-08,28.90,25.40,26.70,35.30,30.60,32.50,20.70,OPEN_METEO_ERA5_LAND,singapore
2014-05-09,29.70,26.10,27.70,36.50,32.10,33.80,7.50,OPEN_METEO_ERA5_LAND,singapore
2014-05-10,29.50,26.00,27.70,36.50,31.60,33.80,7.20,OPEN_METEO_ERA5_LAND,singapore
2014-05-11,30.00,25.40,27.40,37.40,31.40,33.70,5.60,OPEN_METEO_ERA5_LAND,singapore
2014-05-12,28.50,25.50,26.90,34.20,31.00,32.70,11.80,OPEN_METEO_ERA5_LAND,singapore
2014-05-13,29.70,24.90,27.10,36.80,30.10,33.10,7.30,OPEN_METEO_ERA5_LAND,singapore
2014-05-14,28.30,25.40,26.60,33.60,29.80,31.80,11.80,OPEN_METEO_ERA5_LAND,singapore
2014-05-15,29.80,26.00,27.80,36.80,31.40,33.60,2.10,OPEN_METEO_ERA5_LAND,singapore
2014-05-16,29.80,26.30,27.70,35.90,31.20,33.50,5.10,OPEN_METEO_ERA5_LAND,singapore
2014-05-17,28.30,25.30,26.70,34.20,30.00,32.20,14.40,OPEN_METEO_ERA5_LAND,singapore
2014-05-18,26.90,24.90,25.90,32.70,29.70,31.30,18.80,OPEN_METEO_ERA5_LAND,singapore
2014-05-19,28.10,25.80,26.80,33.00,31.30,32.10,3.90,OPEN_METEO_ERA5_LAND,singapore
2014-05-20,28.70,25.60,26.80,34.50,31.10,32.30,12.70,OPEN_METEO_ERA5_LAND,singapore
2014-05-21,28.60,25.00,26.90,34.50,30.70,32.80,4.50,OPEN_METEO_ERA5_LAND,singapore
2014-05-22,29.30,25.40,27.20,35.70,31.50,33.00,4.00,OPEN_METEO_ERA5_LAND,singapore
2014-05-23,28.20,25.80,26.90,33.90,31.10,32.50,5.70,OPEN_METEO_ERA5_LAND,singapore
2014-05-24,29.60,25.60,27.30,35.80,31.60,33.10,9.50,OPEN_METEO_ERA5_LAND,singapore
2014-05-25,29.80,25.20,27.60,36.60,31.20,33.60,4.30,OPEN_METEO_ERA5_LAND,singapore
2014-05-26,28.00,26.10,27.00,34.30,31.80,33.00,30.40,OPEN_METEO_ERA5_LAND,singapore
2014-05-27,28.30,25.40,26.60,34.30,30.20,32.00,5.80,OPEN_METEO_ERA5_LAND,singapore
2014-05-28,30.00,25.40,27.10,36.60,30.70,32.80,16.70,OPEN_METEO_ERA5_LAND,singapore
2014-05-29,29.30,25.50,27.10,36.80,31.30,33.20,12.20,OPEN_METEO_ERA5_LAND,singapore
2014-05-30,28.90,24.80,26.50,35.00,30.50,32.00,17.30,OPEN_METEO_ERA5_LAND,singapore
2014-05-31,28.40,25.90,27.20,34.10,31.40,32.60,8.10,OPEN_METEO_ERA5_LAND,singapore
2014-06-01,28.60,25.40,26.90,34.90,30.20,32.30,7.70,OPEN_METEO_ERA5_LAND,singapore
2014-06-02,29.00,25.30,27.20,35.90,30.80,33.20,6.90,OPEN_METEO_ERA5_LAND,singapore
2014-06-03,29.50,26.00,27.40,35.40,31.50,33.00,5.80,OPEN_METEO_ERA5_LAND,singapore
2014-06-04,28.20,25.30,26.80,33.90,31.00,32.30,10.00,OPEN_METEO_ERA5_LAND,singapore
2014-06-05,27.10,24.70,26.10,32.20,29.40,30.90,28.30,OPEN_METEO_ERA5_LAND,singapore
2014-06-06,27.50,25.60,26.70,33.00,30.40,31.70,13.00,OPEN_METEO_ERA5_LAND,singapore
2014-06-07,29.50,26.10,27.70,34.30,30.80,32.70,2.10,OPEN_METEO_ERA5_LAND,singapore
2014-06-08,30.00,26.10,28.10,35.60,31.50,33.60,1.40,OPEN_METEO_ERA5_LAND,singapore
2014-06-09,30.30,27.20,28.50,37.50,32.70,34.60,1.20,OPEN_METEO_ERA5_LAND,singapore
2014-06-10,30.20,26.40,28.10,37.70,32.70,34.50,5.90,OPEN_METEO_ERA5_LAND,singapore
2014-06-11,30.10,26.10,28.10,36.20,31.10,33.90,6.40,OPEN_METEO_ERA5_LAND,singapore
2014-06-12,29.60,25.00,27.40,35.70,29.20,32.80,11.10,OPEN_METEO_ERA5_LAND,singapore
2014-06-13,29.60,26.00,27.60,35.20,31.30,33.30,11.50,OPEN_METEO_ERA5_LAND,singapore
2014-06-14,28.30,25.70,26.60,33.70,30.60,31.70,16.70,OPEN_METEO_ERA5_LAND,singapore
2014-06-15,29.80,27.00,28.10,35.50,30.90,33.30,0.00,OPEN_METEO_ERA5_LAND,singapore
2014-06-16,29.60,26.90,28.10,35.50,32.10,33.60,0.00,OPEN_METEO_ERA5_LAND,singapore
2014-06-17,30.10,27.40,28.60,36.90,32.90,34.20,0.40,OPEN_METEO_ERA5_LAND,singapore
2014-06-18,28.90,24.90,27.20,33.80,29.30,32.40,11.30,OPEN_METEO_ERA5_LAND,singapore
2014-06-19,30.10,26.60,28.20,36.00,31.20,33.50,0.50,OPEN_METEO_ERA5_LAND,singapore
2014-06-20,30.40,27.40,28.60,36.90,32.40,34.00,0.80,OPEN_METEO_ERA5_LAND,singapore
2014-06-21,30.60,27.70,28.90,36.80,33.00,34.60,0.20,OPEN_METEO_ERA5_LAND,singapore
2014-06-22,29.90,27.40,28.40,35.80,32.80,34.00,0.50,OPEN_METEO_ERA5_LAND,singapore
2014-06-23,30.30,27.10,28.40,35.70,32.40,33.80,1.30,OPEN_METEO_ERA5_LAND,singapore
2014-06-24,29.80,25.90,27.80,36.20,30.50,33.10,2.20,OPEN_METEO_ERA5_LAND,singapore
2014-06-25,29.30,25.90,27.70,34.80,31.00,32.80,2.80,OPEN_METEO_ERA5_LAND,singapore
2014-06-26,29.90,26.70,28.00,35.70,31.90,33.50,2.40,OPEN_METEO_ERA5_LAND,singapore
2014-06-27,28.70,25.00,27.00,34.40,28.70,31.80,5.70,OPEN_METEO_ERA5_LAND,singapore
2014-06-28,29.60,25.80,27.60,35.30,30.70,32.80,1.80,OPEN_METEO_ERA5_LAND,singapore
2014-06-29,29.60,26.00,27.40,35.90,31.50,33.00,3.00,OPEN_METEO_ERA5_LAND,singapore
2014-06-30,28.20,25.40,26.70,33.00,29.90,31.70,2.10,OPEN_METEO_ERA5_LAND,singapore
2014-07-01,29.10,25.70,27.00,35.10,31.20,32.70,7.80,OPEN_METEO_ERA5_LAND,singapore
2014-07-02,28.80,25.40,27.00,33.80,30.60,32.20,2.30,OPEN_METEO_ERA5_LAND,singapore
2014-07-03,28.80,24.90,26.80,35.20,30.00,32.40,5.00,OPEN_METEO_ERA5_LAND,singapore
2014-07-04,28.80,25.10,26.90,34.50,29.80,32.10,12.10,OPEN_METEO_ERA5_LAND,singapore
2014-07-05,27.90,24.80,26.60,33.50,28.80,31.90,10.90,OPEN_METEO_ERA5_LAND,singapore
2014-07-06,28.50,25.00,26.50,34.50,29.90,32.00,10.00,OPEN_METEO_ERA5_LAND,singapore
2014-07-07,28.90,24.80,26.70,34.70,29.30,31.80,10.90,OPEN_METEO_ERA5_LAND,singapore
2014-07-08,28.30,24.90,26.60,32.70,28.80,31.20,11.70,OPEN_METEO_ERA5_LAND,singapore
2014-07-09,27.70,24.80,26.40,32.10,28.90,30.80,9.90,OPEN_METEO_ERA5_LAND,singapore
2014-07-10,28.60,25.30,26.60,34.40,30.40,31.90,6.60,OPEN_METEO_ERA5_LAND,singapore
2014-07-11,28.80,24.80,26.20,34.60,29.80,32.00,20.30,OPEN_METEO_ERA5_LAND,singapore
2014-07-12,28.50,24.80,26.40,34.50,28.60,31.30,5.40,OPEN_METEO_ERA5_LAND,singapore
2014-07-13,29.60,26.50,27.80,35.00,31.10,32.40,0.00,OPEN_METEO_ERA5_LAND,singapore
2014-07-14,30.20,27.10,28.40,36.10,31.60,33.40,0.00,OPEN_METEO_ERA5_LAND,singapore
2014-07-15,29.70,27.30,28.10,36.10,31.70,33.10,1.80,OPEN_METEO_ERA5_LAND,singapore
2014-07-16,29.70,26.00,27.60,36.40,31.00,33.00,4.80,OPEN_METEO_ERA5_LAND,singapore
2014-07-17,28.00,25.20,26.50,34.70,30.20,32.00,7.20,OPEN_METEO_ERA5_LAND,singapore
2014-07-18,29.20,25.90,27.30,34.70,30.60,32.30,1.80,OPEN_METEO_ERA5_LAND,singapore
2014-07-19,28.30,26.10,27.10,33.90,30.60,32.30,3.20,OPEN_METEO_ERA5_LAND,singapore
2014-07-20,29.20,26.30,27.40,35.20,31.10,32.60,0.60,OPEN_METEO_ERA5_LAND,singapore
2014-07-21,29.40,26.40,27.70,35.20,31.30,32.80,0.00,OPEN_METEO_ERA5_LAND,singapore
2014-07-22,29.80,26.30,27.70,35.10,31.50,32.60,6.80,OPEN_METEO_ERA5_LAND,singapore
2014-07-23,29.60,26.80,27.90,36.20,31.70,33.50,0.50,OPEN_METEO_ERA5_LAND,singapore
2014-07-24,29.50,27.00,28.10,34.70,31.80,32.90,0.30,OPEN_METEO_ERA5_LAND,singapore
2014-07-25,29.90,26.80,28.20,35.80,31.80,33.30,0.00,OPEN_METEO_ERA5_LAND,singapore
2014-07-26,29.80,26.60,28.00,35.90,31.40,33.10,1.40,OPEN_METEO_ERA5_LAND,singapore
2014-07-27,29.00,25.90,27.40,35.10,31.10,32.60,3.50,OPEN_METEO_ERA5_LAND,singapore
2014-07-28,28.30,25.40,26.80,33.60,30.60,31.90,7.50,OPEN_METEO_ERA5_LAND,singapore
2014-07-29,27.90,25.50,26.60,32.70,29.80,31.50,9.90,OPEN_METEO_ERA5_LAND,singapore
2014-07-30,27.50,24.80,26.50,33.10,29.50,31.60,7.60,OPEN_METEO_ERA5_LAND,singapore
2014-07-31,28.10,25.20,26.50,33.40,29.60,31.30,8.80,OPEN_METEO_ERA5_LAND,singapore
2014-08-01,28.30,24.80,26.60,33.80,29.20,31.70,10.40,OPEN_METEO_ERA5_LAND,singapore
2014-08-02,28.90,25.80,27.20,34.40,31.00,32.20,5.90,OPEN_METEO_ERA5_LAND,singapore
2014-08-03,28.60,25.90,27.10,35.00,31.00,32.40,3.50,OPEN_METEO_ERA5_LAND,singapore
2014-08-04,28.60,26.00,27.20,34.30,30.70,32.30,4.10,OPEN_METEO_ERA5_LAND,singapore
2014-08-05,28.10,24.70,26.30,33.40,28.80,31.00,21.10,OPEN_METEO_ERA5_LAND,singapore
2014-08-06,28.10,25.90,26.80,33.20,30.10,31.50,0.60,OPEN_METEO_ERA5_LAND,singapore
2014-08-07,27.20,24.40,25.80,32.10,29.30,30.60,10.60,OPEN_METEO_ERA5_LAND,singapore
2014-08-08,27.80,24.60,26.20,32.20,29.30,30.70,3.20,OPEN_METEO_ERA5_LAND,singapore
2014-08-09,28.90,24.90,26.90,34.20,29.60,31.30,5.50,OPEN_METEO_ERA5_LAND,singapore
2014-08-10,28.00,24.70,26.00,32.80,29.40,30.80,7.00,OPEN_METEO_ERA5_LAND,singapore
2014-08-11,28.20,24.90,26.30,33.10,29.90,31.20,5.60,OPEN_METEO_ERA5_LAND,singapore
2014-08-12,27.30,24.10,25.70,32.50,28.50,30.70,12.10,OPEN_METEO_ERA5_LAND,singapore
2014-08-13,26.50,23.90,25.20,30.90,28.10,29.70,29.00,OPEN_METEO_ERA5_LAND,singapore
2014-08-14,26.60,24.70,25.80,31.00,29.00,29.90,6.30,OPEN_METEO_ERA5_LAND,singapore
2014-08-15,26.80,24.10,25.70,32.00,28.50,30.20,8.80,OPEN_METEO_ERA5_LAND,singapore
2014-08-16,28.20,24.80,26.60,33.30,28.40,31.10,2.70,OPEN_METEO_ERA5_LAND,singapore
2014-08-17,28.30,25.90,26.90,33.40,30.40,31.30,4.00,OPEN_METEO_ERA5_LAND,singapore
2014-08-18,27.40,25.40,26.50,32.00,30.40,31.30,4.90,OPEN_METEO_ERA5_LAND,singapore
2014-08-19,27.60,23.80,25.90,32.70,28.60,30.50,8.00,OPEN_METEO_ERA5_LAND,singapore
2014-08-20,27.90,24.10,25.90,32.30,28.60,30.50,9.90,OPEN_METEO_ERA5_LAND,singapore
2014-08-21,27.90,24.40,26.20,34.10,29.10,31.20,5.70,OPEN_METEO_ERA5_LAND,singapore
2014-08-22,29.00,25.30,27.10,35.00,30.10,32.00,3.20,OPEN_METEO_ERA5_LAND,singapore
2014-08-23,27.60,25.00,26.30,32.90,30.30,31.40,18.10,OPEN_METEO_ERA5_LAND,singapore
2014-08-24,26.80,24.40,25.70,32.20,29.50,30.90,15.60,OPEN_METEO_ERA5_LAND,singapore
2014-08-25,27.20,24.70,25.80,32.30,29.70,30.90,6.10,OPEN_METEO_ERA5_LAND,singapore
2014-08-26,28.00,24.40,26.20,33.90,28.40,31.10,5.50,OPEN_METEO_ERA5_LAND,singapore
2014-08-27,27.10,24.10,25.50,31.70,27.90,30.00,11.60,OPEN_METEO_ERA5_LAND,singapore
2014-08-28,28.30,24.70,26.20,32.90,29.30,30.70,7.40,OPEN_METEO_ERA5_LAND,singapore
2014-08-29,28.30,24.50,26.30,33.60,29.20,31.20,5.60,OPEN_METEO_ERA5_LAND,singapore
2014-08-30,28.70,24.90,26.50,34.40,29.30,31.30,6.30,OPEN_METEO_ERA5_LAND,singapore
2014-08-31,28.40,25.50,26.70,33.40,30.30,31.50,8.70,OPEN_METEO_ERA5_LAND,singapore
2014-09-01,29.80,26.20,27.70,35.40,31.00,32.30,0.00,OPEN_METEO_ERA5_LAND,singapore
2014-09-02,29.30,26.30,27.30,34.70,31.10,32.40,2.50,OPEN_METEO_ERA5_LAND,singapore
2014-09-03,27.90,24.50,26.20,33.70,29.30,31.30,3.10,OPEN_METEO_ERA5_LAND,singapore
2014-09-04,29.40,24.80,26.90,35.50,30.10,32.20,0.00,OPEN_METEO_ERA5_LAND,singapore
2014-09-05,28.70,24.00,26.70,34.70,28.20,31.50,0.50,OPEN_METEO_ERA5_LAND,singapore
2014-09-06,28.00,25.80,26.60,31.50,28.60,30.30,0.90,OPEN_METEO_ERA5_LAND,singapore
2014-09-07,28.40,24.60,26.70,34.70,29.70,31.90,3.30,OPEN_METEO_ERA5_LAND,singapore
2014-09-08,29.50,25.10,27.10,35.90,30.30,32.10,1.00,OPEN_METEO_ERA5_LAND,singapore
2014-09-09,28.30,25.30,26.50,33.60,29.60,31.30,4.30,OPEN_METEO_ERA5_LAND,singapore
2014-09-10,28.60,24.70,26.50,34.50,29.10,31.50,3.80,OPEN_METEO_ERA5_LAND,singapore
2014-09-11,28.00,25.20,26.70,32.50,29.90,31.30,3.30,OPEN_METEO_ERA5_LAND,singapore
2014-09-12,28.40,24.90,26.80,34.40,29.20,31.50,0.70,OPEN_METEO_ERA5_LAND,singapore
2014-09-13,29.10,25.90,27.20,35.20,30.70,32.00,4.50,OPEN_METEO_ERA5_LAND,singapore
2014-09-14,28.60,26.30,27.10,33.50,30.50,31.70,3.60,OPEN_METEO_ERA5_LAND,singapore
2014-09-15,29.20,25.40,27.30,34.60,30.50,31.80,0.00,OPEN_METEO_ERA5_LAND,singapore
2014-09-16,29.60,26.10,27.60,34.20,30.10,31.60,0.00,OPEN_METEO_ERA5_LAND,singapore
2014-09-17,29.50,26.50,27.70,35.50,30.60,32.40,0.90,OPEN_METEO_ERA5_LAND,singapore
2014-09-18,29.70,26.00,26.90,36.10,31.00,32.00,5.60,OPEN_METEO_ERA5_LAND,singapore
2014-09-19,29.90,25.20,27.00,35.90,30.40,32.50,4.40,OPEN_METEO_ERA5_LAND,singapore
2014-09-20,27.70,24.90,26.00,33.30,29.80,31.30,9.40,OPEN_METEO_ERA5_LAND,singapore
2014-09-21,28.90,24.90,26.60,34.60,29.70,31.30,1.20,OPEN_METEO_ERA5_LAND,singapore
2014-09-22,29.80,24.30,27.20,34.70,29.40,31.40,0.10,OPEN_METEO_ERA5_LAND,singapore
2014-09-23,29.20,25.90,27.30,34.10,29.80,31.50,0.70,OPEN_METEO_ERA5_LAND,singapore
2014-09-24,27.90,25.00,26.20,33.00,30.00,30.90,13.20,OPEN_METEO_ERA5_LAND,singapore
2014-09-25,27.20,24.50,25.80,32.40,29.20,30.90,11.50,OPEN_METEO_ERA5_LAND,singapore
2014-09-26,29.30,24.20,26.50,36.70,29.50,32.00,4.60,OPEN_METEO_ERA5_LAND,singapore
2014-09-27,29.60,25.30,27.20,35.70,30.30,32.20,0.90,OPEN_METEO_ERA5_LAND,singapore
2014-09-28,29.50,25.90,27.50,35.00,30.60,32.40,0.30,OPEN_METEO_ERA5_LAND,singapore
2014-09-29,29.40,26.20,27.60,35.30,31.10,32.60,0.00,OPEN_METEO_ERA5_LAND,singapore
2014-09-30,29.50,24.40,27.30,35.60,29.30,32.80,1.40,OPEN_METEO_ERA5_LAND,singapore
2014-10-01,29.80,24.90,27.40,36.20,30.00,32.50,0.10,OPEN_METEO_ERA5_LAND,singapore
2014-10-02,29.70,26.00,27.70,35.80,30.90,32.70,0.00,OPEN_METEO_ERA5_LAND,singapore
2014-10-03,29.60,25.20,27.30,35.00,30.30,32.40,2.70,OPEN_METEO_ERA5_LAND,singapore
2014-10-04,27.30,24.90,26.20,32.40,28.90,31.00,11.40,OPEN_METEO_ERA5_LAND,singapore
2014-10-05,28.20,24.40,26.00,33.20,27.90,30.30,10.40,OPEN_METEO_ERA5_LAND,singapore
2014-10-06,29.10,25.10,26.90,34.40,29.70,31.50,1.30,OPEN_METEO_ERA5_LAND,singapore
2014-10-07,29.40,26.50,27.70,35.10,30.70,32.20,1.40,OPEN_METEO_ERA5_LAND,singapore
2014-10-08,29.90,25.80,27.60,36.10,31.00,32.80,0.40,OPEN_METEO_ERA5_LAND,singapore
2014-10-09,29.40,25.90,27.30,36.70,31.30,32.70,1.20,OPEN_METEO_ERA5_LAND,singapore
2014-10-10,29.90,25.40,27.50,36.10,30.50,32.80,0.90,OPEN_METEO_ERA5_LAND,singapore
2014-10-11,29.60,26.30,27.50,36.10,31.60,33.10,2.20,OPEN_METEO_ERA5_LAND,singapore
2014-10-12,29.60,25.10,27.00,37.10,29.70,32.70,5.00,OPEN_METEO_ERA5_LAND,singapore
2014-10-13,29.90,25.70,27.20,38.30,30.80,32.90,0.80,OPEN_METEO_ERA5_LAND,singapore
2014-10-14,28.70,24.90,26.70,36.90,30.00,32.60,13.80,OPEN_METEO_ERA5_LAND,singapore
2014-10-15,28.90,24.90,26.80,34.80,30.40,32.00,1.50,OPEN_METEO_ERA5_LAND,singapore
2014-10-16,28.80,25.50,26.80,35.70,29.80,32.10,6.00,OPEN_METEO_ERA5_LAND,singapore
2014-10-17,29.30,24.80,26.60,36.20,29.80,32.10,10.60,OPEN_METEO_ERA5_LAND,singapore
2014-10-18,28.00,24.60,26.00,33.50,29.40,31.20,11.20,OPEN_METEO_ERA5_LAND,singapore
2014-10-19,28.20,24.70,26.20,34.30,29.80,31.50,2.30,OPEN_METEO_ERA5_LAND,singapore
2014-10-20,28.60,24.10,26.10,35.80,29.40,31.80,10.50,OPEN_METEO_ERA5_LAND,singapore
2014-10-21,28.00,24.40,25.80,33.80,29.70,31.10,13.40,OPEN_METEO_ERA5_LAND,singapore
2014-10-22,27.00,24.30,25.50,32.00,29.10,30.60,17.80,OPEN_METEO_ERA5_LAND,singapore
2014-10-23,28.70,24.30,26.40,35.10,29.50,31.80,3.10,OPEN_METEO_ERA5_LAND,singapore
2014-10-24,29.90,24.40,27.00,36.50,29.90,32.60,0.00,OPEN_METEO_ERA5_LAND,singapore
2014-10-25,29.30,25.30,27.20,35.20,30.10,32.10,0.80,OPEN_METEO_ERA5_LAND,singapore
2014-10-26,27.90,24.70,26.60,35.70,30.30,32.10,7.90,OPEN_METEO_ERA5_LAND,singapore
2014-10-27,27.80,24.30,26.00,34.00,29.30,31.40,19.80,OPEN_METEO_ERA5_LAND,singapore
2014-10-28,29.10,24.10,26.60,36.40,29.20,32.20,4.10,OPEN_METEO_ERA5_LAND,singapore
2014-10-29,30.30,24.70,27.20,36.40,29.90,32.50,0.10,OPEN_METEO_ERA5_LAND,singapore
2014-10-30,29.80,24.80,27.00,37.40,29.90,32.60,1.70,OPEN_METEO_ERA5_LAND,singapore
2014-10-31,29.00,24.80,26.20,36.20,29.40,31.60,11.70,OPEN_METEO_ERA5_LAND,singapore
2014-11-01,28.30,24.80,26.50,35.00,29.40,31.80,2.50,OPEN_METEO_ERA5_LAND,singapore
2014-11-02,28.80,25.30,27.20,36.00,30.60,32.70,3.00,OPEN_METEO_ERA5_LAND,singapore
2014-11-03,30.00,25.10,27.70,36.30,30.70,33.20,0.00,OPEN_METEO_ERA5_LAND,singapore
2014-11-04,29.80,25.00,27.40,36.20,29.50,32.50,1.20,OPEN_METEO_ERA5_LAND,singapore
2014-11-05,29.10,25.20,26.50,37.00,29.70,31.80,15.30,OPEN_METEO_ERA5_LAND,singapore
2014-11-06,28.40,24.50,25.60,34.20,28.80,30.40,34.70,OPEN_METEO_ERA5_LAND,singapore
2014-11-07,28.00,24.60,26.00,33.60,29.00,31.00,18.60,OPEN_METEO_ERA5_LAND,singapore
2014-11-08,28.20,24.30,25.90,34.10,28.60,30.90,10.20,OPEN_METEO_ERA5_LAND,singapore
2014-11-09,28.70,24.30,26.40,35.70,28.70,31.40,1.20,OPEN_METEO_ERA5_LAND,singapore
2014-11-10,26.40,24.60,25.50,31.70,29.50,30.50,10.70,OPEN_METEO_ERA5_LAND,singapore
2014-11-11,28.00,24.10,25.70,34.90,29.20,31.20,34.70,OPEN_METEO_ERA5_LAND,singapore
2014-11-12,28.60,24.60,26.10,35.20,29.60,31.60,7.00,OPEN_METEO_ERA5_LAND,singapore
2014-11-13,27.20,24.40,25.60,32.50,29.00,30.40,13.60,OPEN_METEO_ERA5_LAND,singapore
2014-11-14,26.80,24.30,25.50,31.50,28.00,29.90,8.80,OPEN_METEO_ERA5_LAND,singapore
2014-11-15,27.40,24.20,25.40,32.50,28.40,30.20,8.70,OPEN_METEO_ERA5_LAND,singapore
2014-11-16,25.80,24.10,24.90,31.30,28.80,29.80,11.10,OPEN_METEO_ERA5_LAND,singapore
2014-11-17,26.50,23.90,24.90,31.30,28.20,29.20,17.70,OPEN_METEO_ERA5_LAND,singapore
2014-11-18,26.60,23.90,25.00,32.00,28.50,29.90,8.00,OPEN_METEO_ERA5_LAND,singapore
2014-11-19,28.70,24.10,25.80,35.50,28.90,30.90,12.90,OPEN_METEO_ERA5_LAND,singapore
2014-11-20,28.40,23.80,25.80,33.50,28.50,30.70,13.80,OPEN_METEO_ERA5_LAND,singapore
2014-11-21,28.40,24.60,26.00,35.30,29.40,31.30,14.90,OPEN_METEO_ERA5_LAND,singapore
2014-11-22,28.70,24.30,26.10,34.80,29.40,31.60,28.00,OPEN_METEO_ERA5_LAND,singapore
2014-11-23,28.40,24.60,26.10,35.70,29.30,31.60,6.30,OPEN_METEO_ERA5_LAND,singapore
2014-11-24,28.20,24.40,26.00,35.20,29.40,31.30,11.10,OPEN_METEO_ERA5_LAND,singapore
2014-11-25,28.90,24.60,26.50,35.80,30.10,32.00,4.90,OPEN_METEO_ERA5_LAND,singapore
2014-11-26,28.30,24.80,26.10,34.80,29.20,31.20,24.20,OPEN_METEO_ERA5_LAND,singapore
2014-11-27,28.70,24.40,25.90,34.90,28.80,31.00,17.10,OPEN_METEO_ERA5_LAND,singapore
2014-11-28,28.60,24.40,26.00,34.90,28.90,31.00,9.00,OPEN_METEO_ERA5_LAND,singapore
2014-11-29,27.20,24.00,25.40,32.30,28.90,30.40,16.60,OPEN_METEO_ERA5_LAND,singapore
2014-11-30,28.70,24.20,26.40,35.10,29.10,31.80,4.40,OPEN_METEO_ERA5_LAND,singapore
2014-12-01,26.50,24.50,25.50,31.40,29.50,30.50,14.70,OPEN_METEO_ERA5_LAND,singapore
2014-12-02,28.20,24.70,26.40,33.60,29.60,31.50,2.30,OPEN_METEO_ERA5_LAND,singapore
2014-12-03,28.60,25.40,26.80,34.60,30.20,32.20,8.60,OPEN_METEO_ERA5_LAND,singapore
2014-12-04,28.00,24.60,25.90,33.10,28.80,30.70,9.10,OPEN_METEO_ERA5_LAND,singapore
2014-12-05,29.00,24.30,26.70,34.00,29.00,31.60,0.10,OPEN_METEO_ERA5_LAND,singapore
2014-12-06,28.20,25.20,26.40,34.60,29.90,31.50,12.70,OPEN_METEO_ERA5_LAND,singapore
2014-12-07,29.40,24.90,26.30,36.10,29.50,31.40,19.60,OPEN_METEO_ERA5_LAND,singapore
2014-12-08,28.20,24.30,25.70,35.10,28.60,30.60,7.60,OPEN_METEO_ERA5_LAND,singapore
2014-12-09,27.70,24.30,25.70,31.90,28.50,30.10,5.80,OPEN_METEO_ERA5_LAND,singapore
2014-12-10,29.10,24.80,26.60,33.50,29.40,30.90,2.00,OPEN_METEO_ERA5_LAND,singapore
2014-12-11,29.50,24.50,26.40,35.00,28.60,30.80,1.40,OPEN_METEO_ERA5_LAND,singapore
2014-12-12,29.50,25.00,26.90,34.70,29.50,31.30,1.10,OPEN_METEO_ERA5_LAND,singapore
2014-12-13,29.10,25.00,26.50,35.20,29.80,31.50,6.50,OPEN_METEO_ERA5_LAND,singapore
2014-12-14,29.60,25.00,26.70,35.70,30.00,31.70,1.50,OPEN_METEO_ERA5_LAND,singapore
2014-12-15,28.90,24.70,26.00,34.90,28.50,30.40,7.20,OPEN_METEO_ERA5_LAND,singapore
2014-12-16,26.90,24.50,25.40,32.60,28.90,30.20,30.50,OPEN_METEO_ERA5_LAND,singapore
2014-12-17,27.90,24.10,25.40,34.50,28.00,30.30,16.40,OPEN_METEO_ERA5_LAND,singapore
2014-12-18,28.30,24.50,25.90,33.40,28.70,30.40,6.90,OPEN_METEO_ERA5_LAND,singapore
2014-12-19,28.40,24.60,25.50,33.20,28.20,29.80,10.70,OPEN_METEO_ERA5_LAND,singapore
2014-12-20,27.60,24.50,25.60,32.70,29.00,30.20,3.80,OPEN_METEO_ERA5_LAND,singapore
2014-12-21,28.40,24.30,25.70,34.30,28.80,30.30,9.20,OPEN_METEO_ERA5_LAND,singapore
2014-12-22,25.50,24.00,24.60,30.10,28.10,29.00,11.80,OPEN_METEO_ERA5_LAND,singapore
2014-12-23,25.50,24.30,24.80,31.30,28.10,29.50,52.80,OPEN_METEO_ERA5_LAND,singapore
2014-12-24,28.10,24.10,25.30,33.50,28.50,30.00,35.10,OPEN_METEO_ERA5_LAND,singapore
2014-12-25,28.50,24.20,25.50,34.30,28.60,31.00,37.10,OPEN_METEO_ERA5_LAND,singapore
2014-12-26,26.60,24.20,25.10,31.40,28.70,29.70,45.00,OPEN_METEO_ERA5_LAND,singapore
2014-12-27,26.60,23.70,24.80,31.60,27.20,29.10,26.50,OPEN_METEO_ERA5_LAND,singapore
2014-12-28,26.90,23.20,24.90,30.90,27.10,29.00,11.30,OPEN_METEO_ERA5_LAND,singapore
2014-12-29,25.40,23.70,24.30,28.30,25.50,27.40,48.50,OPEN_METEO_ERA5_LAND,singapore
2014-12-30,27.30,23.60,24.90,30.70,25.20,27.90,27.40,OPEN_METEO_ERA5_LAND,singapore
2014-12-31,27.40,23.90,25.10,31.60,27.30,28.60,7.60,OPEN_METEO_ERA5_LAND,singapore
2015-01-01,25.40,24.00,24.60,29.40,27.70,28.50,4.90,OPEN_METEO_ERA5_LAND,singapore
2015-01-02,27.90,24.00,25.50,30.30,26.90,28.20,2.10,OPEN_METEO_ERA5_LAND,singapore
2015-01-03,28.10,24.00,25.70,31.80,26.60,28.70,0.00,OPEN_METEO_ERA5_LAND,singapore
2015-01-04,28.50,24.60,25.90,32.80,27.30,29.20,0.60,OPEN_METEO_ERA5_LAND,singapore
2015-01-05,28.70,24.10,26.00,33.50,27.00,29.80,1.10,OPEN_METEO_ERA5_LAND,singapore
2015-01-06,28.60,24.40,25.70,35.10,28.30,30.30,12.30,OPEN_METEO_ERA5_LAND,singapore
2015-01-07,29.00,24.00,25.70,34.60,27.70,30.10,17.60,OPEN_METEO_ERA5_LAND,singapore
2015-01-08,26.80,23.80,24.70,31.70,27.60,28.90,40.40,OPEN_METEO_ERA5_LAND,singapore
2015-01-09,24.60,23.40,23.90,28.80,26.60,27.70,79.00,OPEN_METEO_ERA5_LAND,singapore
2015-01-10,28.90,23.40,25.10,34.70,27.20,29.10,6.70,OPEN_METEO_ERA5_LAND,singapore
2015-01-11,28.20,23.90,25.20,34.20,27.30,29.10,14.20,OPEN_METEO_ERA5_LAND,singapore
2015-01-12,28.40,24.30,25.90,32.30,27.70,29.40,0.00,OPEN_METEO_ERA5_LAND,singapore
2015-01-13,28.80,24.50,26.20,32.80,27.40,29.30,0.40,OPEN_METEO_ERA5_LAND,singapore
2015-01-14,28.00,24.50,25.70,33.80,27.50,29.40,1.50,OPEN_METEO_ERA5_LAND,singapore
2015-01-15,27.90,24.00,25.60,31.10,27.20,28.50,0.20,OPEN_METEO_ERA5_LAND,singapore
2015-01-16,28.30,23.90,25.70,32.00,26.60,28.40,0.00,OPEN_METEO_ERA5_LAND,singapore
2015-01-17,28.40,23.70,25.50,32.10,26.10,28.00,0.00,OPEN_METEO_ERA5_LAND,singapore
2015-01-18,28.40,23.60,25.50,31.90,25.70,27.80,0.10,OPEN_METEO_ERA5_LAND,singapore
2015-01-19,28.10,23.80,25.40,31.90,26.40,28.10,0.00,OPEN_METEO_ERA5_LAND,singapore
2015-01-20,27.90,23.80,25.60,30.70,26.30,28.00,0.00,OPEN_METEO_ERA5_LAND,singapore
2015-01-21,27.40,24.10,25.40,31.50,27.30,28.80,7.90,OPEN_METEO_ERA5_LAND,singapore
2015-01-22,27.80,23.90,25.40,30.80,27.00,28.10,0.00,OPEN_METEO_ERA5_LAND,singapore
2015-01-23,27.60,23.80,25.30,30.90,26.30,27.90,0.60,OPEN_METEO_ERA5_LAND,singapore
2015-01-24,27.80,23.70,25.40,31.90,26.90,28.40,0.40,OPEN_METEO_ERA5_LAND,singapore
2015-01-25,26.60,23.90,24.80,29.70,26.90,28.00,5.00,OPEN_METEO_ERA5_LAND,singapore
2015-01-26,28.60,23.80,25.60,32.20,26.70,28.40,0.00,OPEN_METEO_ERA5_LAND,singapore
2015-01-27,28.70,23.80,25.90,32.20,26.90,28.90,0.00,OPEN_METEO_ERA5_LAND,singapore
2015-01-28,29.30,23.60,26.00,33.40,26.90,29.20,0.10,OPEN_METEO_ERA5_LAND,singapore
2015-01-29,28.10,24.60,25.70,32.40,27.40,29.00,0.60,OPEN_METEO_ERA5_LAND,singapore
2015-01-30,27.70,24.50,25.60,33.40,28.20,29.50,10.50,OPEN_METEO_ERA5_LAND,singapore
2015-01-31,28.40,24.40,25.70,31.10,26.90,28.30,0.00,OPEN_METEO_ERA5_LAND,singapore
2015-02-01,27.80,23.60,25.30,29.80,25.90,27.30,0.00,OPEN_METEO_ERA5_LAND,singapore
2015-02-02,26.70,23.90,25.10,30.20,26.20,27.70,3.50,OPEN_METEO_ERA5_LAND,singapore
2015-02-03,26.50,22.80,24.60,28.40,25.20,27.10,5.00,OPEN_METEO_ERA5_LAND,singapore
2015-02-04,25.20,22.70,23.90,28.50,25.30,27.20,77.10,OPEN_METEO_ERA5_LAND,singapore
2015-02-05,26.40,23.40,24.70,29.60,26.30,27.40,4.10,OPEN_METEO_ERA5_LAND,singapore
2015-02-06,26.90,23.70,24.80,31.00,26.50,28.20,8.20,OPEN_METEO_ERA5_LAND,singapore
2015-02-07,27.10,23.60,24.90,31.90,26.60,27.80,1.80,OPEN_METEO_ERA5_LAND,singapore
2015-02-08,27.30,23.90,25.30,29.80,26.30,27.70,1.00,OPEN_METEO_ERA5_LAND,singapore
2015-02-09,27.30,23.80,25.10,29.80,26.30,27.30,0.40,OPEN_METEO_ERA5_LAND,singapore
2015-02-10,27.50,23.80,25.20,29.70,25.50,26.90,0.00,OPEN_METEO_ERA5_LAND,singapore
2015-02-11,27.90,23.10,24.80,31.10,25.20,26.90,0.00,OPEN_METEO_ERA5_LAND,singapore
2015-02-12,27.30,23.10,24.90,29.90,25.30,27.10,0.20,OPEN_METEO_ERA5_LAND,singapore
2015-02-13,27.80,23.00,25.10,30.80,25.40,27.40,0.10,OPEN_METEO_ERA5_LAND,singapore
2015-02-14,27.80,23.40,25.30,32.10,26.40,28.30,0.30,OPEN_METEO_ERA5_LAND,singapore
2015-02-15,28.30,23.70,25.60,33.30,26.50,28.90,1.00,OPEN_METEO_ERA5_LAND,singapore
2015-02-16,28.70,24.10,26.00,33.60,27.10,29.50,0.50,OPEN_METEO_ERA5_LAND,singapore
2015-02-17,28.60,24.20,26.10,33.90,28.00,29.80,0.40,OPEN_METEO_ERA5_LAND,singapore
2015-02-18,28.80,24.20,26.00,34.20,27.60,29.90,4.20,OPEN_METEO_ERA5_LAND,singapore
2015-02-19,26.90,23.40,24.90,31.00,27.20,29.00,15.30,OPEN_METEO_ERA5_LAND,singapore
2015-02-20,28.60,24.00,25.90,33.70,28.00,29.80,0.00,OPEN_METEO_ERA5_LAND,singapore
2015-02-21,28.80,23.90,25.80,33.20,27.40,29.40,0.10,OPEN_METEO_ERA5_LAND,singapore
2015-02-22,29.20,23.90,26.10,34.20,27.00,29.60,0.50,OPEN_METEO_ERA5_LAND,singapore
2015-02-23,29.30,24.90,26.60,35.00,28.10,30.50,0.80,OPEN_METEO_ERA5_LAND,singapore
2015-02-24,28.90,24.20,26.30,33.50,27.70,30.20,0.70,OPEN_METEO_ERA5_LAND,singapore
2015-02-25,29.10,24.30,26.30,34.60,28.50,30.50,1.00,OPEN_METEO_ERA5_LAND,singapore
2015-02-26,28.90,24.30,26.20,34.30,28.60,30.50,0.70,OPEN_METEO_ERA5_LAND,singapore
2015-02-27,29.50,24.80,26.70,34.90,28.60,30.60,0.30,OPEN_METEO_ERA5_LAND,singapore
2015-02-28,30.10,24.70,26.90,35.20,28.30,30.80,0.10,OPEN_METEO_ERA5_LAND,singapore
2015-03-01,29.50,24.50,26.50,35.60,28.80,30.90,3.10,OPEN_METEO_ERA5_LAND,singapore
2015-03-02,29.80,24.00,26.20,34.70,27.90,30.30,0.60,OPEN_METEO_ERA5_LAND,singapore
2015-03-03,29.60,23.90,26.40,35.60,27.70,30.90,1.40,OPEN_METEO_ERA5_LAND,singapore
2015-03-04,30.60,24.40,26.90,37.00,28.80,31.70,0.00,OPEN_METEO_ERA5_LAND,singapore
2015-03-05,30.30,24.60,26.90,36.80,28.70,31.50,0.50,OPEN_METEO_ERA5_LAND,singapore
2015-03-06,30.50,24.30,27.00,35.80,28.90,31.30,0.00,OPEN_METEO_ERA5_LAND,singapore
2015-03-07,30.30,24.40,26.90,36.30,28.40,31.20,6.20,OPEN_METEO_ERA5_LAND,singapore
2015-03-08,29.70,24.80,26.50,37.30,29.60,31.60,7.90,OPEN_METEO_ERA5_LAND,singapore
2015-03-09,29.10,24.70,26.60,35.00,28.90,31.30,6.90,OPEN_METEO_ERA5_LAND,singapore
2015-03-10,29.30,24.40,26.20,34.90,28.70,30.60,6.60,OPEN_METEO_ERA5_LAND,singapore
2015-03-11,27.50,24.20,25.20,32.50,28.20,29.20,9.90,OPEN_METEO_ERA5_LAND,singapore
2015-03-12,28.10,24.50,26.00,32.60,27.60,29.70,1.60,OPEN_METEO_ERA5_LAND,singapore
2015-03-13,29.40,24.30,26.40,33.10,27.30,29.20,0.00,OPEN_METEO_ERA5_LAND,singapore
2015-03-14,29.50,24.60,26.60,34.10,27.80,29.90,0.60,OPEN_METEO_ERA5_LAND,singapore
2015-03-15,29.20,25.20,26.50,34.60,28.90,30.60,4.80,OPEN_METEO_ERA5_LAND,singapore
2015-03-16,29.40,24.40,26.60,36.10,29.00,31.40,0.50,OPEN_METEO_ERA5_LAND,singapore
2015-03-17,29.20,25.20,26.90,36.10,29.40,31.60,1.60,OPEN_METEO_ERA5_LAND,singapore
2015-03-18,29.50,25.30,27.00,37.10,29.60,32.00,1.70,OPEN_METEO_ERA5_LAND,singapore
2015-03-19,29.80,25.00,26.80,36.60,30.00,32.20,2.10,OPEN_METEO_ERA5_LAND,singapore
2015-03-20,29.20,24.30,26.70,36.30,29.80,32.40,3.50,OPEN_METEO_ERA5_LAND,singapore
2015-03-21,29.00,24.70,26.60,35.80,30.20,32.10,9.00,OPEN_METEO_ERA5_LAND,singapore
2015-03-22,29.60,24.90,26.40,36.60,29.90,31.90,24.00,OPEN_METEO_ERA5_LAND,singapore
2015-03-23,29.50,24.70,26.80,36.30,29.60,31.80,1.00,OPEN_METEO_ERA5_LAND,singapore
2015-03-24,29.40,25.30,26.90,36.10,29.50,31.40,6.70,OPEN_METEO_ERA5_LAND,singapore
2015-03-25,28.70,24.80,26.50,33.90,29.20,30.90,5.40,OPEN_METEO_ERA5_LAND,singapore
2015-03-26,28.70,24.90,26.70,33.30,29.50,31.10,4.60,OPEN_METEO_ERA5_LAND,singapore
2015-03-27,29.50,25.50,27.00,34.30,30.10,31.30,2.80,OPEN_METEO_ERA5_LAND,singapore
2015-03-28,28.50,24.80,26.30,34.00,29.20,30.80,2.50,OPEN_METEO_ERA5_LAND,singapore
2015-03-29,27.90,25.00,26.10,33.10,29.30,30.70,14.00,OPEN_METEO_ERA5_LAND,singapore
2015-03-30,28.30,24.70,26.20,34.30,29.00,31.20,6.80,OPEN_METEO_ERA5_LAND,singapore
2015-03-31,28.40,25.00,26.50,34.30,30.20,31.60,11.10,OPEN_METEO_ERA5_LAND,singapore
2015-04-01,28.80,24.40,26.20,35.90,29.00,31.50,19.50,OPEN_METEO_ERA5_LAND,singapore
2015-04-02,28.80,23.90,26.10,35.60,28.20,31.30,27.00,OPEN_METEO_ERA5_LAND,singapore
2015-04-03,29.40,24.50,26.70,36.00,29.10,32.20,8.00,OPEN_METEO_ERA5_LAND,singapore
2015-04-04,29.40,24.50,26.90,35.90,30.10,32.70,2.70,OPEN_METEO_ERA5_LAND,singapore
2015-04-05,27.70,24.50,26.20,33.40,29.80,31.60,12.70,OPEN_METEO_ERA5_LAND,singapore
2015-04-06,29.20,24.70,26.40,36.10,29.80,31.90,10.80,OPEN_METEO_ERA5_LAND,singapore
2015-04-07,29.00,25.30,26.70,35.60,30.70,32.10,9.10,OPEN_METEO_ERA5_LAND,singapore
2015-04-08,29.20,24.90,27.00,36.00,30.00,32.70,0.50,OPEN_METEO_ERA5_LAND,singapore
2015-04-09,28.90,25.30,26.70,34.40,29.40,31.40,2.40,OPEN_METEO_ERA5_LAND,singapore
2015-04-10,28.70,24.90,26.70,34.50,30.00,31.80,8.60,OPEN_METEO_ERA5_LAND,singapore
2015-04-11,27.70,24.80,26.40,33.30,30.00,31.80,7.30,OPEN_METEO_ERA5_LAND,singapore
2015-04-12,29.60,24.80,26.70,37.10,29.80,32.40,23.40,OPEN_METEO_ERA5_LAND,singapore
2015-04-13,29.40,25.00,27.00,36.10,30.30,32.30,3.70,OPEN_METEO_ERA5_LAND,singapore
2015-04-14,29.80,25.40,27.40,35.40,30.10,32.10,0.50,OPEN_METEO_ERA5_LAND,singapore
2015-04-15,29.10,24.70,27.10,34.70,29.70,32.00,0.90,OPEN_METEO_ERA5_LAND,singapore
2015-04-16,29.60,24.50,27.20,34.80,29.40,32.20,0.70,OPEN_METEO_ERA5_LAND,singapore
2015-04-17,29.40,25.80,27.50,36.20,31.00,32.90,1.40,OPEN_METEO_ERA5_LAND,singapore
2015-04-18,29.60,25.00,27.10,37.90,30.50,33.20,3.10,OPEN_METEO_ERA5_LAND,singapore
2015-04-19,29.10,25.50,26.70,35.40,31.30,32.30,14.70,OPEN_METEO_ERA5_LAND,singapore
2015-04-20,29.60,25.10,27.30,36.90,30.60,33.20,3.00,OPEN_METEO_ERA5_LAND,singapore
2015-04-21,29.70,25.30,27.20,37.10,29.40,33.10,11.50,OPEN_METEO_ERA5_LAND,singapore
2015-04-22,29.30,24.40,26.20,35.40,29.10,31.40,10.40,OPEN_METEO_ERA5_LAND,singapore
2015-04-23,29.50,24.50,26.40,36.90,29.50,32.00,8.50,OPEN_METEO_ERA5_LAND,singapore
2015-04-24,28.70,24.70,26.20,35.90,29.10,31.30,6.70,OPEN_METEO_ERA5_LAND,singapore
2015-04-25,28.80,24.50,26.20,35.40,29.10,31.30,13.60,OPEN_METEO_ERA5_LAND,singapore
2015-04-26,28.90,24.60,26.20,35.60,29.00,31.40,10.50,OPEN_METEO_ERA5_LAND,singapore
2015-04-27,28.10,24.60,26.10,34.10,29.80,31.40,7.40,OPEN_METEO_ERA5_LAND,singapore
2015-04-28,29.40,25.10,26.80,35.20,30.30,32.20,4.10,OPEN_METEO_ERA5_LAND,singapore
2015-04-29,29.80,24.70,26.60,37.50,30.40,32.40,9.30,OPEN_METEO_ERA5_LAND,singapore
2015-04-30,28.80,24.60,26.50,35.50,28.60,31.60,17.80,OPEN_METEO_ERA5_LAND,singapore
2015-05-01,29.30,25.20,26.70,37.20,30.20,32.50,11.60,OPEN_METEO_ERA5_LAND,singapore
2015-05-02,28.00,24.80,26.20,33.20,29.30,31.20,9.80,OPEN_METEO_ERA5_LAND,singapore
2015-05-03,28.00,24.50,26.30,32.80,28.60,30.90,6.10,OPEN_METEO_ERA5_LAND,singapore
2015-05-04,29.30,25.80,27.30,36.30,30.90,32.90,3.90,OPEN_METEO_ERA5_LAND,singapore
2015-05-05,28.80,24.20,26.90,35.90,29.40,32.70,7.10,OPEN_METEO_ERA5_LAND,singapore
2015-05-06,28.80,25.00,26.90,35.70,30.20,32.60,10.10,OPEN_METEO_ERA5_LAND,singapore
2015-05-07,28.00,25.60,26.80,33.30,30.90,32.20,7.50,OPEN_METEO_ERA5_LAND,singapore
2015-05-08,28.20,24.20,26.00,33.60,29.40,31.10,16.50,OPEN_METEO_ERA5_LAND,singapore
2015-05-09,28.60,25.20,27.00,33.50,29.70,32.00,8.60,OPEN_METEO_ERA5_LAND,singapore
2015-05-10,28.20,25.50,26.90,34.60,30.20,32.30,12.20,OPEN_METEO_ERA5_LAND,singapore
2015-05-11,29.70,25.30,27.20,35.90,30.70,32.80,8.10,OPEN_METEO_ERA5_LAND,singapore
2015-05-12,28.20,25.50,26.90,34.20,30.90,32.50,7.40,OPEN_METEO_ERA5_LAND,singapore
2015-05-13,28.20,25.00,26.70,33.90,30.50,32.30,8.20,OPEN_METEO_ERA5_LAND,singapore
2015-05-14,28.10,25.50,26.60,33.90,30.80,32.10,9.30,OPEN_METEO_ERA5_LAND,singapore
2015-05-15,28.80,24.80,26.80,35.70,30.30,32.50,3.30,OPEN_METEO_ERA5_LAND,singapore
2015-05-16,28.70,25.60,27.10,35.10,31.20,32.70,7.80,OPEN_METEO_ERA5_LAND,singapore
2015-05-17,28.70,25.50,27.20,34.90,31.10,32.80,3.40,OPEN_METEO_ERA5_LAND,singapore
2015-05-18,28.30,25.70,27.10,34.40,31.80,32.80,10.00,OPEN_METEO_ERA5_LAND,singapore
2015-05-19,28.70,25.90,27.10,34.50,31.50,32.60,5.00,OPEN_METEO_ERA5_LAND,singapore
2015-05-20,28.00,25.50,27.00,33.20,30.20,32.20,12.10,OPEN_METEO_ERA5_LAND,singapore
2015-05-21,28.10,25.90,27.00,33.30,31.50,32.50,6.60,OPEN_METEO_ERA5_LAND,singapore
2015-05-22,28.30,25.90,27.00,33.40,31.30,32.30,8.60,OPEN_METEO_ERA5_LAND,singapore
2015-05-23,27.50,24.80,26.60,32.90,29.30,31.60,12.70,OPEN_METEO_ERA5_LAND,singapore
2015-05-24,29.40,25.30,27.30,34.90,31.40,32.80,1.80,OPEN_METEO_ERA5_LAND,singapore
2015-05-25,28.40,24.40,26.70,34.00,29.40,32.10,7.80,OPEN_METEO_ERA5_LAND,singapore
2015-05-26,28.60,25.70,26.90,34.00,30.30,32.00,6.20,OPEN_METEO_ERA5_LAND,singapore
2015-05-27,28.70,24.80,26.70,34.30,29.20,31.90,13.60,OPEN_METEO_ERA5_LAND,singapore
2015-05-28,29.00,24.50,26.90,34.10,29.70,32.00,4.10,OPEN_METEO_ERA5_LAND,singapore
2015-05-29,29.00,25.20,27.50,34.30,30.50,32.70,1.40,OPEN_METEO_ERA5_LAND,singapore
2015-05-30,29.60,26.50,28.00,35.60,31.80,33.10,4.20,OPEN_METEO_ERA5_LAND,singapore
2015-05-31,30.00,26.20,28.00,36.00,31.40,33.20,1.80,OPEN_METEO_ERA5_LAND,singapore
2015-06-01,29.50,24.80,27.20,36.60,30.30,33.20,3.00,OPEN_METEO_ERA5_LAND,singapore
2015-06-02,28.20,24.70,26.70,34.20,30.10,32.40,9.50,OPEN_METEO_ERA5_LAND,singapore
2015-06-03,28.70,24.40,26.90,34.10,29.30,32.10,2.40,OPEN_METEO_ERA5_LAND,singapore
2015-06-04,28.40,25.50,27.00,34.60,31.50,32.60,5.70,OPEN_METEO_ERA5_LAND,singapore
2015-06-05,28.60,25.10,26.60,34.70,30.40,32.30,8.30,OPEN_METEO_ERA5_LAND,singapore
2015-06-06,27.80,25.50,26.50,33.50,30.80,32.10,7.90,OPEN_METEO_ERA5_LAND,singapore
2015-06-07,27.90,25.00,26.50,34.70,29.70,31.80,8.60,OPEN_METEO_ERA5_LAND,singapore
2015-06-08,28.30,24.80,26.40,34.40,29.70,31.70,5.40,OPEN_METEO_ERA5_LAND,singapore
2015-06-09,28.70,24.90,26.80,34.80,29.80,32.30,5.30,OPEN_METEO_ERA5_LAND,singapore
2015-06-10,28.30,25.20,26.80,33.80,30.60,32.30,5.30,OPEN_METEO_ERA5_LAND,singapore
2015-06-11,27.80,25.30,26.50,33.00,30.50,31.80,15.30,OPEN_METEO_ERA5_LAND,singapore
2015-06-12,27.80,25.40,26.20,32.60,30.10,31.40,11.80,OPEN_METEO_ERA5_LAND,singapore
2015-06-13,28.50,25.20,26.70,33.30,29.30,31.50,6.00,OPEN_METEO_ERA5_LAND,singapore
2015-06-14,26.50,24.70,25.70,31.80,28.90,30.20,9.90,OPEN_METEO_ERA5_LAND,singapore
2015-06-15,27.20,25.00,26.30,32.50,30.10,31.20,13.50,OPEN_METEO_ERA5_LAND,singapore
2015-06-16,28.20,24.30,26.10,33.00,28.80,30.90,20.80,OPEN_METEO_ERA5_LAND,singapore
2015-06-17,29.00,25.50,27.30,33.90,30.30,31.90,1.30,OPEN_METEO_ERA5_LAND,singapore
2015-06-18,28.40,26.00,27.10,34.00,30.70,32.20,4.70,OPEN_METEO_ERA5_LAND,singapore
2015-06-19,28.50,26.70,27.50,33.20,31.40,32.10,0.10,OPEN_METEO_ERA5_LAND,singapore
2015-06-20,29.00,26.90,27.90,34.30,31.80,32.80,0.20,OPEN_METEO_ERA5_LAND,singapore
2015-06-21,29.70,27.40,28.30,34.70,32.20,33.10,0.00,OPEN_METEO_ERA5_LAND,singapore
2015-06-22,29.70,27.20,28.30,35.90,31.70,33.20,0.50,OPEN_METEO_ERA5_LAND,singapore
2015-06-23,29.60,27.10,28.10,35.30,31.40,32.80,0.60,OPEN_METEO_ERA5_LAND,singapore
2015-06-24,29.40,27.10,28.10,35.60,31.70,32.80,1.00,OPEN_METEO_ERA5_LAND,singapore
2015-06-25,29.40,27.00,28.10,34.60,31.50,32.50,0.80,OPEN_METEO_ERA5_LAND,singapore
2015-06-26,29.40,26.80,28.00,34.70,30.60,32.10,1.10,OPEN_METEO_ERA5_LAND,singapore
2015-06-27,29.60,27.00,28.20,33.70,30.80,32.00,0.00,OPEN_METEO_ERA5_LAND,singapore
2015-06-28,29.60,26.90,28.10,34.40,31.50,32.60,2.20,OPEN_METEO_ERA5_LAND,singapore
2015-06-29,30.00,26.60,28.20,36.10,31.30,33.00,0.90,OPEN_METEO_ERA5_LAND,singapore
2015-06-30,29.70,26.60,28.00,35.80,31.80,33.20,0.10,OPEN_METEO_ERA5_LAND,singapore
2015-07-01,28.00,25.40,26.80,33.50,30.80,31.80,2.70,OPEN_METEO_ERA5_LAND,singapore
2015-07-02,29.20,25.80,27.60,34.50,31.00,32.40,0.70,OPEN_METEO_ERA5_LAND,singapore
2015-07-03,29.20,26.90,27.90,33.40,31.40,32.20,1.50,OPEN_METEO_ERA5_LAND,singapore
2015-07-04,27.60,25.10,26.60,32.20,29.00,31.00,3.30,OPEN_METEO_ERA5_LAND,singapore
2015-07-05,29.50,26.60,27.80,34.10,30.90,32.00,0.00,OPEN_METEO_ERA5_LAND,singapore
2015-07-06,29.20,26.70,27.90,34.40,31.10,32.30,0.40,OPEN_METEO_ERA5_LAND,singapore
2015-07-07,28.40,26.70,27.50,32.80,31.30,32.00,9.30,OPEN_METEO_ERA5_LAND,singapore
2015-07-08,29.10,25.90,27.30,33.50,31.20,32.20,7.80,OPEN_METEO_ERA5_LAND,singapore
2015-07-09,29.00,25.50,27.20,35.00,30.00,32.60,3.50,OPEN_METEO_ERA5_LAND,singapore
2015-07-10,28.50,24.70,26.90,34.00,29.70,31.90,10.00,OPEN_METEO_ERA5_LAND,singapore
2015-07-11,28.60,25.50,27.30,34.00,29.80,32.00,5.10,OPEN_METEO_ERA5_LAND,singapore
2015-07-12,28.60,26.40,27.30,34.80,31.10,32.30,0.90,OPEN_METEO_ERA5_LAND,singapore
2015-07-13,28.50,26.50,27.20,33.60,30.70,31.90,9.00,OPEN_METEO_ERA5_LAND,singapore
2015-07-14,28.40,26.20,27.20,33.00,30.70,31.80,3.30,OPEN_METEO_ERA5_LAND,singapore
2015-07-15,28.90,26.60,27.60,33.60,30.90,32.20,0.10,OPEN_METEO_ERA5_LAND,singapore
2015-07-16,28.60,26.10,27.30,33.60,31.10,32.20,5.10,OPEN_METEO_ERA5_LAND,singapore
2015-07-17,28.50,25.40,27.10,34.10,30.40,32.20,6.90,OPEN_METEO_ERA5_LAND,singapore
2015-07-18,28.70,25.40,27.10,33.30,30.20,31.60,1.70,OPEN_METEO_ERA5_LAND,singapore
2015-07-19,28.40,25.60,26.80,34.20,30.40,32.00,2.60,OPEN_METEO_ERA5_LAND,singapore
2015-07-20,29.20,25.50,27.40,33.70,30.60,31.90,0.00,OPEN_METEO_ERA5_LAND,singapore
2015-07-21,28.90,26.30,27.30,34.60,30.90,32.30,3.90,OPEN_METEO_ERA5_LAND,singapore
2015-07-22,29.40,26.20,27.60,34.20,31.10,32.20,0.80,OPEN_METEO_ERA5_LAND,singapore
2015-07-23,29.50,25.00,27.40,36.00,29.90,32.40,7.30,OPEN_METEO_ERA5_LAND,singapore
2015-07-24,28.40,25.60,27.10,33.90,30.80,32.20,4.60,OPEN_METEO_ERA5_LAND,singapore
2015-07-25,29.00,24.80,27.00,35.60,30.00,32.30,0.80,OPEN_METEO_ERA5_LAND,singapore
2015-07-26,27.80,26.20,26.80,33.50,31.00,31.70,5.30,OPEN_METEO_ERA5_LAND,singapore
2015-07-27,29.30,25.70,27.30,33.80,30.40,31.90,0.30,OPEN_METEO_ERA5_LAND,singapore
2015-07-28,28.80,26.10,27.30,33.70,30.80,32.00,0.70,OPEN_METEO_ERA5_LAND,singapore
2015-07-29,28.70,26.10,26.90,34.10,30.30,31.40,7.30,OPEN_METEO_ERA5_LAND,singapore
2015-07-30,28.40,25.40,26.80,34.20,30.60,31.60,3.00,OPEN_METEO_ERA5_LAND,singapore
2015-07-31,27.70,25.20,26.40,33.10,30.10,31.40,10.00,OPEN_METEO_ERA5_LAND,singapore
2015-08-01,27.20,24.50,25.80,31.90,28.80,30.40,11.80,OPEN_METEO_ERA5_LAND,singapore
2015-08-02,28.70,24.90,26.80,33.70,29.30,31.40,5.40,OPEN_METEO_ERA5_LAND,singapore
2015-08-03,26.30,24.00,25.50,31.00,28.40,30.00,14.70,OPEN_METEO_ERA5_LAND,singapore
2015-08-04,27.80,24.30,26.00,32.70,28.80,30.70,5.50,OPEN_METEO_ERA5_LAND,singapore
2015-08-05,28.10,25.40,26.40,33.80,30.00,31.10,0.70,OPEN_METEO_ERA5_LAND,singapore
2015-08-06,27.20,24.30,25.90,32.60,29.00,30.80,5.90,OPEN_METEO_ERA5_LAND,singapore
2015-08-07,28.10,24.60,26.30,33.40,28.90,31.00,4.50,OPEN_METEO_ERA5_LAND,singapore
2015-08-08,28.20,25.10,26.60,33.80,29.40,31.50,3.00,OPEN_METEO_ERA5_LAND,singapore
2015-08-09,27.60,24.60,26.10,33.00,29.40,31.30,7.40,OPEN_METEO_ERA5_LAND,singapore
2015-08-10,28.40,25.90,27.10,33.70,30.80,31.80,4.00,OPEN_METEO_ERA5_LAND,singapore
2015-08-11,28.50,25.80,27.10,34.60,30.70,32.10,6.90,OPEN_METEO_ERA5_LAND,singapore
2015-08-12,27.90,24.50,26.00,34.40,28.80,31.20,11.60,OPEN_METEO_ERA5_LAND,singapore
2015-08-13,28.80,25.10,26.60,33.90,30.60,31.70,2.10,OPEN_METEO_ERA5_LAND,singapore
2015-08-14,28.70,24.70,26.70,34.40,29.10,31.80,7.00,OPEN_METEO_ERA5_LAND,singapore
2015-08-15,28.70,26.20,27.20,34.70,31.10,32.10,4.20,OPEN_METEO_ERA5_LAND,singapore
2015-08-16,27.50,25.40,26.30,32.90,29.60,31.10,6.70,OPEN_METEO_ERA5_LAND,singapore
2015-08-17,28.10,24.40,26.50,33.80,29.50,31.30,6.90,OPEN_METEO_ERA5_LAND,singapore
2015-08-18,29.00,25.40,27.20,34.40,29.80,31.50,0.10,OPEN_METEO_ERA5_LAND,singapore
2015-08-19,29.10,25.00,27.20,34.10,29.20,31.60,0.30,OPEN_METEO_ERA5_LAND,singapore
2015-08-20,28.90,25.70,27.20,35.00,30.70,32.20,1.50,OPEN_METEO_ERA5_LAND,singapore
2015-08-21,28.20,24.40,26.20,34.60,28.70,31.40,2.70,OPEN_METEO_ERA5_LAND,singapore
2015-08-22,27.80,24.60,26.30,32.70,29.50,31.20,3.70,OPEN_METEO_ERA5_LAND,singapore
2015-08-23,28.80,25.60,27.00,33.60,29.40,31.20,4.20,OPEN_METEO_ERA5_LAND,singapore
2015-08-24,28.20,26.10,27.00,32.20,30.40,31.10,2.30,OPEN_METEO_ERA5_LAND,singapore
2015-08-25,28.90,26.20,27.20,34.50,30.70,31.90,0.90,OPEN_METEO_ERA5_LAND,singapore
2015-08-26,28.30,25.00,26.90,33.10,29.40,31.70,10.30,OPEN_METEO_ERA5_LAND,singapore
2015-08-27,28.90,25.20,27.20,33.30,30.50,31.80,0.00,OPEN_METEO_ERA5_LAND,singapore
2015-08-28,29.00,26.20,27.30,34.30,30.90,32.10,2.80,OPEN_METEO_ERA5_LAND,singapore
2015-08-29,29.20,25.50,27.40,34.90,30.20,32.10,2.20,OPEN_METEO_ERA5_LAND,singapore
2015-08-30,29.30,26.20,27.60,34.70,31.10,32.20,0.10,OPEN_METEO_ERA5_LAND,singapore
2015-08-31,29.00,26.50,27.60,33.00,30.50,31.20,0.40,OPEN_METEO_ERA5_LAND,singapore
2015-09-01,29.40,26.30,27.60,34.20,30.30,31.60,0.00,OPEN_METEO_ERA5_LAND,singapore
2015-09-02,29.10,26.20,27.50,34.40,30.50,31.60,0.20,OPEN_METEO_ERA5_LAND,singapore
2015-09-03,29.50,26.20,27.50,35.50,30.50,31.90,0.10,OPEN_METEO_ERA5_LAND,singapore
2015-09-04,27.90,26.10,26.80,32.80,31.00,31.60,6.40,OPEN_METEO_ERA5_LAND,singapore
2015-09-05,28.60,24.70,26.70,34.50,29.90,31.90,2.90,OPEN_METEO_ERA5_LAND,singapore
2015-09-06,28.90,25.20,26.90,35.30,30.50,32.20,2.80,OPEN_METEO_ERA5_LAND,singapore
2015-09-07,29.00,25.20,27.00,34.50,30.70,31.80,0.00,OPEN_METEO_ERA5_LAND,singapore
2015-09-08,28.50,26.20,27.10,33.30,30.40,31.80,1.90,OPEN_METEO_ERA5_LAND,singapore
2015-09-09,27.80,25.10,26.40,32.80,29.70,31.30,3.00,OPEN_METEO_ERA5_LAND,singapore
2015-09-10,28.30,24.50,26.50,33.10,29.10,31.10,0.30,OPEN_METEO_ERA5_LAND,singapore
2015-09-11,29.20,24.10,26.90,33.60,28.30,31.10,0.10,OPEN_METEO_ERA5_LAND,singapore
2015-09-12,28.90,25.80,27.20,33.80,30.40,31.50,0.00,OPEN_METEO_ERA5_LAND,singapore
2015-09-13,29.20,26.10,27.50,34.50,30.80,32.30,0.30,OPEN_METEO_ERA5_LAND,singapore
2015-09-14,28.50,26.20,27.00,34.30,30.90,32.00,5.20,OPEN_METEO_ERA5_LAND,singapore
2015-09-15,27.10,24.60,26.10,32.10,29.10,31.00,22.50,OPEN_METEO_ERA5_LAND,singapore
2015-09-16,28.10,25.60,26.80,33.30,30.40,31.60,5.60,OPEN_METEO_ERA5_LAND,singapore
2015-09-17,29.00,26.50,27.50,34.30,31.00,32.20,0.20,OPEN_METEO_ERA5_LAND,singapore
2015-09-18,29.40,26.30,27.40,35.20,31.10,32.10,1.50,OPEN_METEO_ERA5_LAND,singapore
2015-09-19,29.50,25.80,27.20,36.00,30.90,32.40,4.40,OPEN_METEO_ERA5_LAND,singapore
2015-09-20,29.20,25.10,27.10,36.10,30.80,32.80,3.30,OPEN_METEO_ERA5_LAND,singapore
2015-09-21,28.40,24.80,26.60,34.80,30.40,32.30,6.90,OPEN_METEO_ERA5_LAND,singapore
2015-09-22,28.60,25.50,26.90,34.10,30.50,32.00,5.10,OPEN_METEO_ERA5_LAND,singapore
2015-09-23,28.90,25.40,27.10,34.60,30.30,32.10,0.40,OPEN_METEO_ERA5_LAND,singapore
2015-09-24,29.30,25.30,27.10,35.30,30.30,32.40,0.00,OPEN_METEO_ERA5_LAND,singapore
2015-09-25,28.90,24.60,26.90,34.60,29.60,31.90,0.40,OPEN_METEO_ERA5_LAND,singapore
2015-09-26,29.20,24.90,27.00,35.10,29.70,31.80,0.00,OPEN_METEO_ERA5_LAND,singapore
2015-09-27,28.80,25.90,27.20,35.10,30.60,32.20,1.20,OPEN_METEO_ERA5_LAND,singapore
2015-09-28,28.30,24.70,26.30,34.80,30.10,31.90,9.80,OPEN_METEO_ERA5_LAND,singapore
2015-09-29,29.10,25.20,26.90,35.70,30.60,32.20,0.60,OPEN_METEO_ERA5_LAND,singapore
2015-09-30,29.20,25.30,27.00,36.10,31.10,32.70,0.80,OPEN_METEO_ERA5_LAND,singapore
2015-10-01,28.80,25.90,26.70,35.20,30.60,31.90,7.90,OPEN_METEO_ERA5_LAND,singapore
2015-10-02,28.20,24.30,26.30,34.40,28.90,31.50,3.30,OPEN_METEO_ERA5_LAND,singapore
2015-10-03,29.20,24.70,27.10,35.00,30.00,32.20,0.00,OPEN_METEO_ERA5_LAND,singapore
2015-10-04,29.20,26.00,27.40,34.50,30.70,32.00,0.10,OPEN_METEO_ERA5_LAND,singapore
2015-10-05,28.40,25.30,26.60,34.70,30.40,31.90,2.80,OPEN_METEO_ERA5_LAND,singapore
2015-10-06,28.70,25.50,26.60,34.70,30.80,31.80,6.50,OPEN_METEO_ERA5_LAND,singapore
2015-10-07,29.30,24.40,26.40,35.90,28.80,31.70,17.80,OPEN_METEO_ERA5_LAND,singapore
2015-10-08,29.40,24.90,26.80,36.80,30.50,32.60,4.50,OPEN_METEO_ERA5_LAND,singapore
2015-10-09,29.50,25.70,27.30,36.10,31.10,32.70,0.80,OPEN_METEO_ERA5_LAND,singapore
2015-10-10,29.50,24.40,27.40,35.70,29.10,32.60,0.40,OPEN_METEO_ERA5_LAND,singapore
2015-10-11,29.70,25.80,27.70,36.00,30.70,32.70,0.00,OPEN_METEO_ERA5_LAND,singapore
2015-10-12,29.90,25.40,27.20,36.70,30.30,32.40,0.70,OPEN_METEO_ERA5_LAND,singapore
2015-10-13,29.50,24.90,27.30,35.70,30.50,32.50,0.30,OPEN_METEO_ERA5_LAND,singapore
2015-10-14,29.00,25.30,27.30,34.40,30.50,32.60,7.80,OPEN_METEO_ERA5_LAND,singapore
2015-10-15,30.00,25.70,27.80,36.00,31.10,32.90,0.00,OPEN_METEO_ERA5_LAND,singapore
2015-10-16,29.70,25.10,27.60,36.00,30.40,32.60,0.00,OPEN_METEO_ERA5_LAND,singapore
2015-10-17,29.60,24.90,27.50,35.30,29.60,32.50,0.00,OPEN_METEO_ERA5_LAND,singapore
2015-10-18,29.90,25.30,27.50,36.30,30.80,33.00,0.10,OPEN_METEO_ERA5_LAND,singapore
2015-10-19,29.80,26.20,27.70,35.50,31.30,32.70,0.00,OPEN_METEO_ERA5_LAND,singapore
2015-10-20,29.50,25.30,27.30,34.90,29.60,31.70,0.00,OPEN_METEO_ERA5_LAND,singapore
2015-10-21,29.80,25.60,27.60,34.80,29.50,31.80,0.00,OPEN_METEO_ERA5_LAND,singapore
2015-10-22,30.10,25.90,27.70,36.10,30.60,32.40,0.00,OPEN_METEO_ERA5_LAND,singapore
2015-10-23,30.00,26.10,27.90,35.70,31.00,32.60,0.00,OPEN_METEO_ERA5_LAND,singapore
2015-10-24,28.30,25.80,27.00,33.70,31.10,32.00,6.10,OPEN_METEO_ERA5_LAND,singapore
2015-10-25,29.50,25.30,26.60,35.60,30.10,31.70,7.50,OPEN_METEO_ERA5_LAND,singapore
2015-10-26,28.80,24.80,26.50,35.40,29.30,31.70,19.70,OPEN_METEO_ERA5_LAND,singapore
2015-10-27,29.50,25.10,26.80,36.60,29.80,32.10,24.70,OPEN_METEO_ERA5_LAND,singapore
2015-10-28,27.60,24.40,25.90,32.50,28.90,30.70,4.90,OPEN_METEO_ERA5_LAND,singapore
2015-10-29,28.80,24.60,26.10,34.40,29.40,31.00,11.20,OPEN_METEO_ERA5_LAND,singapore
2015-10-30,28.20,24.50,25.80,33.50,29.30,30.70,18.30,OPEN_METEO_ERA5_LAND,singapore
2015-10-31,28.60,24.60,25.70,35.40,29.40,30.80,32.50,OPEN_METEO_ERA5_LAND,singapore
2015-11-01,28.00,24.20,25.90,33.60,28.10,30.60,12.10,OPEN_METEO_ERA5_LAND,singapore
2015-11-02,28.50,24.50,26.30,34.70,28.90,31.40,2.70,OPEN_METEO_ERA5_LAND,singapore
2015-11-03,29.80,24.70,26.60,37.00,29.30,32.00,7.40,OPEN_METEO_ERA5_LAND,singapore
2015-11-04,29.30,24.50,26.60,36.20,29.00,31.90,1.20,OPEN_METEO_ERA5_LAND,singapore
2015-11-05,29.00,25.10,26.90,36.40,30.10,32.40,5.50,OPEN_METEO_ERA5_LAND,singapore
2015-11-06,28.50,24.60,26.50,35.00,29.90,31.90,7.90,OPEN_METEO_ERA5_LAND,singapore
2015-11-07,28.90,25.00,26.80,36.70,30.10,32.40,8.50,OPEN_METEO_ERA5_LAND,singapore
2015-11-08,26.70,24.50,25.70,32.00,29.60,31.10,15.60,OPEN_METEO_ERA5_LAND,singapore
2015-11-09,28.80,24.50,26.50,35.70,29.50,32.00,2.00,OPEN_METEO_ERA5_LAND,singapore
2015-11-10,29.30,25.00,26.90,36.80,30.20,32.40,3.10,OPEN_METEO_ERA5_LAND,singapore
2015-11-11,28.20,24.80,26.00,34.00,29.80,31.20,37.90,OPEN_METEO_ERA5_LAND,singapore
2015-11-12,28.50,24.50,26.10,34.00,29.60,31.40,15.30,OPEN_METEO_ERA5_LAND,singapore
2015-11-13,27.90,24.50,26.20,33.80,30.00,31.70,14.80,OPEN_METEO_ERA5_LAND,singapore
2015-11-14,28.40,25.20,26.60,34.70,30.50,31.90,8.30,OPEN_METEO_ERA5_LAND,singapore
2015-11-15,28.80,24.60,26.00,36.00,30.00,31.50,23.40,OPEN_METEO_ERA5_LAND,singapore
2015-11-16,27.50,24.30,25.60,32.30,29.30,30.50,15.20,OPEN_METEO_ERA5_LAND,singapore
2015-11-17,27.60,24.60,25.80,33.10,29.00,30.70,8.10,OPEN_METEO_ERA5_LAND,singapore
2015-11-18,28.90,24.90,26.70,33.90,29.70,31.60,2.40,OPEN_METEO_ERA5_LAND,singapore
2015-11-19,28.60,24.50,26.70,35.10,29.80,32.20,5.60,OPEN_METEO_ERA5_LAND,singapore
2015-11-20,28.00,24.80,25.90,34.20,29.40,31.20,14.30,OPEN_METEO_ERA5_LAND,singapore
2015-11-21,27.30,24.50,25.70,33.00,29.50,31.00,11.20,OPEN_METEO_ERA5_LAND,singapore
2015-11-22,27.90,24.40,26.10,33.10,29.00,31.20,7.50,OPEN_METEO_ERA5_LAND,singapore
2015-11-23,29.20,24.80,26.60,36.10,29.10,31.90,8.40,OPEN_METEO_ERA5_LAND,singapore
2015-11-24,27.90,24.50,25.90,33.30,29.50,31.30,9.20,OPEN_METEO_ERA5_LAND,singapore
2015-11-25,28.50,24.70,26.00,34.10,29.80,31.30,9.90,OPEN_METEO_ERA5_LAND,singapore
2015-11-26,26.20,24.40,25.30,31.40,28.90,30.00,10.80,OPEN_METEO_ERA5_LAND,singapore
2015-11-27,26.80,24.50,25.30,32.30,29.20,30.20,16.80,OPEN_METEO_ERA5_LAND,singapore
2015-11-28,28.90,24.20,26.00,35.90,28.80,31.40,7.40,OPEN_METEO_ERA5_LAND,singapore
2015-11-29,28.60,24.50,25.80,34.30,29.00,31.00,20.80,OPEN_METEO_ERA5_LAND,singapore
2015-11-30,29.00,24.40,26.10,34.80,29.60,31.30,10.20,OPEN_METEO_ERA5_LAND,singapore
2015-12-01,27.50,24.70,25.80,32.70,29.80,31.00,13.80,OPEN_METEO_ERA5_LAND,singapore
2015-12-02,28.40,24.70,26.10,34.70,29.50,31.20,16.40,OPEN_METEO_ERA5_LAND,singapore
2015-12-03,29.70,24.70,26.50,36.10,29.70,32.10,11.10,OPEN_METEO_ERA5_LAND,singapore
2015-12-04,28.90,24.60,26.40,35.70,30.10,32.10,17.90,OPEN_METEO_ERA5_LAND,singapore
2015-12-05,29.30,24.80,26.50,36.40,29.70,32.00,21.80,OPEN_METEO_ERA5_LAND,singapore
2015-12-06,28.50,25.00,26.30,34.80,29.90,31.30,14.90,OPEN_METEO_ERA5_LAND,singapore
2015-12-07,28.40,24.80,26.40,34.10,29.20,31.10,3.80,OPEN_METEO_ERA5_LAND,singapore
2015-12-08,28.20,25.10,26.20,34.10,30.10,31.60,17.20,OPEN_METEO_ERA5_LAND,singapore
2015-12-09,28.80,24.90,26.50,35.00,30.40,32.00,19.00,OPEN_METEO_ERA5_LAND,singapore
2015-12-10,28.90,25.20,26.50,35.60,30.20,31.90,9.40,OPEN_METEO_ERA5_LAND,singapore
2015-12-11,28.10,24.80,26.50,34.00,29.90,31.80,8.80,OPEN_METEO_ERA5_LAND,singapore
2015-12-12,28.60,25.10,26.40,34.90,30.20,31.70,24.90,OPEN_METEO_ERA5_LAND,singapore
2015-12-13,27.00,24.70,25.50,32.60,29.30,30.50,19.80,OPEN_METEO_ERA5_LAND,singapore
2015-12-14,28.50,24.50,26.20,33.60,29.30,31.20,0.70,OPEN_METEO_ERA5_LAND,singapore
2015-12-15,28.20,24.30,26.00,33.60,28.30,30.60,3.20,OPEN_METEO_ERA5_LAND,singapore
2015-12-16,28.70,24.80,26.30,33.10,28.70,30.50,1.50,OPEN_METEO_ERA5_LAND,singapore
2015-12-17,28.50,24.70,25.80,33.90,29.10,30.00,7.30,OPEN_METEO_ERA5_LAND,singapore
2015-12-18,28.00,24.50,25.90,32.40,28.00,29.70,2.90,OPEN_METEO_ERA5_LAND,singapore
2015-12-19,29.10,24.70,26.40,34.10,28.90,30.50,0.00,OPEN_METEO_ERA5_LAND,singapore
2015-12-20,29.30,24.40,26.60,33.70,28.00,30.60,0.00,OPEN_METEO_ERA5_LAND,singapore
2015-12-21,29.60,24.80,26.60,35.90,29.30,31.60,4.20,OPEN_METEO_ERA5_LAND,singapore
2015-12-22,29.10,25.10,26.80,35.70,30.00,32.30,1.60,OPEN_METEO_ERA5_LAND,singapore
2015-12-23,29.40,25.20,26.90,35.30,30.20,32.10,7.10,OPEN_METEO_ERA5_LAND,singapore
2015-12-24,28.10,24.80,26.00,33.80,29.40,31.10,19.50,OPEN_METEO_ERA5_LAND,singapore
2015-12-25,28.70,24.90,26.30,34.70,29.80,31.20,4.90,OPEN_METEO_ERA5_LAND,singapore
2015-12-26,29.10,24.70,26.80,34.10,29.70,31.20,3.30,OPEN_METEO_ERA5_LAND,singapore
2015-12-27,28.20,24.70,26.20,34.00,29.10,30.60,1.20,OPEN_METEO_ERA5_LAND,singapore
2015-12-28,27.90,24.80,26.00,32.70,29.00,30.10,4.20,OPEN_METEO_ERA5_LAND,singapore
2015-12-29,27.90,24.50,26.10,32.60,28.90,30.20,3.40,OPEN_METEO_ERA5_LAND,singapore
2015-12-30,28.50,25.30,26.40,31.90,28.70,29.80,1.90,OPEN_METEO_ERA5_LAND,singapore
2015-12-31,28.00,24.60,25.90,32.90,28.20,29.60,3.60,OPEN_METEO_ERA5_LAND,singapore
2016-01-01,27.00,24.30,25.50,31.60,27.60,29.30,6.30,OPEN_METEO_ERA5_LAND,singapore
2016-01-02,27.20,24.70,25.50,32.40,29.00,30.00,11.10,OPEN_METEO_ERA5_LAND,singapore
2016-01-03,27.50,24.60,25.70,32.00,28.80,30.20,2.10,OPEN_METEO_ERA5_LAND,singapore
2016-01-04,28.90,25.10,26.70,35.90,29.90,31.80,2.20,OPEN_METEO_ERA5_LAND,singapore
2016-01-05,29.00,25.40,26.80,35.60,30.00,31.80,3.10,OPEN_METEO_ERA5_LAND,singapore
2016-01-06,28.70,25.40,26.70,34.60,30.00,31.90,7.10,OPEN_METEO_ERA5_LAND,singapore
2016-01-07,28.80,25.00,26.70,34.70,29.50,31.50,1.10,OPEN_METEO_ERA5_LAND,singapore
2016-01-08,29.50,24.90,26.90,34.90,29.80,31.50,1.80,OPEN_METEO_ERA5_LAND,singapore
2016-01-09,28.20,25.40,26.40,33.60,30.00,31.10,8.10,OPEN_METEO_ERA5_LAND,singapore
2016-01-10,28.60,25.10,26.60,33.90,29.70,31.30,4.70,OPEN_METEO_ERA5_LAND,singapore
2016-01-11,29.40,25.20,26.80,36.40,29.70,32.10,7.80,OPEN_METEO_ERA5_LAND,singapore
2016-01-12,29.20,25.10,27.00,35.80,29.70,31.80,1.60,OPEN_METEO_ERA5_LAND,singapore
2016-01-13,29.10,25.30,26.80,35.70,29.80,31.70,5.50,OPEN_METEO_ERA5_LAND,singapore
2016-01-14,28.80,25.30,26.60,35.20,30.20,31.70,15.90,OPEN_METEO_ERA5_LAND,singapore
2016-01-15,27.80,24.80,26.10,34.40,29.70,31.50,18.90,OPEN_METEO_ERA5_LAND,singapore
2016-01-16,28.70,24.50,26.30,35.60,30.10,31.90,14.70,OPEN_METEO_ERA5_LAND,singapore
2016-01-17,28.40,25.50,26.40,34.70,30.50,32.10,29.50,OPEN_METEO_ERA5_LAND,singapore
2016-01-18,29.50,24.90,26.60,36.80,30.00,32.30,9.40,OPEN_METEO_ERA5_LAND,singapore
2016-01-19,29.00,25.10,26.50,36.30,29.60,32.10,13.80,OPEN_METEO_ERA5_LAND,singapore
2016-01-20,28.90,25.10,26.60,35.60,30.50,31.80,4.90,OPEN_METEO_ERA5_LAND,singapore
2016-01-21,28.90,26.20,27.30,33.00,31.00,31.60,0.10,OPEN_METEO_ERA5_LAND,singapore
2016-01-22,29.00,25.20,26.60,35.30,29.90,31.40,4.20,OPEN_METEO_ERA5_LAND,singapore
2016-01-23,29.20,25.20,27.00,33.90,29.00,31.40,0.50,OPEN_METEO_ERA5_LAND,singapore
2016-01-24,28.90,25.50,26.80,33.90,29.80,31.20,5.10,OPEN_METEO_ERA5_LAND,singapore
2016-01-25,28.00,25.20,26.20,33.40,28.70,29.90,2.20,OPEN_METEO_ERA5_LAND,singapore
2016-01-26,27.70,24.70,26.00,33.30,28.30,30.10,5.80,OPEN_METEO_ERA5_LAND,singapore
2016-01-27,28.70,24.60,26.20,34.80,28.30,30.90,3.40,OPEN_METEO_ERA5_LAND,singapore
2016-01-28,29.10,24.70,26.40,35.80,28.70,31.40,6.70,OPEN_METEO_ERA5_LAND,singapore
2016-01-29,28.70,25.10,26.40,35.80,29.80,31.20,5.60,OPEN_METEO_ERA5_LAND,singapore
2016-01-30,29.30,25.00,26.70,35.60,29.90,31.80,1.70,OPEN_METEO_ERA5_LAND,singapore
2016-01-31,29.00,25.20,26.50,35.60,29.90,31.40,3.10,OPEN_METEO_ERA5_LAND,singapore
2016-02-01,29.20,25.00,26.70,33.50,29.00,30.70,0.10,OPEN_METEO_ERA5_LAND,singapore
2016-02-02,29.30,25.00,26.80,35.30,28.60,31.00,0.70,OPEN_METEO_ERA5_LAND,singapore
2016-02-03,28.90,24.50,26.50,34.50,28.30,30.90,1.40,OPEN_METEO_ERA5_LAND,singapore
2016-02-04,27.80,24.80,25.80,33.10,28.90,30.30,10.00,OPEN_METEO_ERA5_LAND,singapore
2016-02-05,28.50,24.80,26.20,34.60,28.90,30.90,8.00,OPEN_METEO_ERA5_LAND,singapore
2016-02-06,27.80,24.80,26.00,32.50,28.70,30.10,19.20,OPEN_METEO_ERA5_LAND,singapore
2016-02-07,27.30,24.80,25.60,30.50,27.50,28.40,8.00,OPEN_METEO_ERA5_LAND,singapore
2016-02-08,26.10,24.70,25.30,28.50,27.10,27.70,5.40,OPEN_METEO_ERA5_LAND,singapore
2016-02-09,26.60,24.00,25.00,30.10,27.10,28.50,14.90,OPEN_METEO_ERA5_LAND,singapore
2016-02-10,27.70,24.50,25.60,31.90,28.00,29.40,8.50,OPEN_METEO_ERA5_LAND,singapore
2016-02-11,28.10,24.90,26.30,33.20,28.70,30.80,3.50,OPEN_METEO_ERA5_LAND,singapore
2016-02-12,29.50,25.40,26.90,36.20,30.10,32.10,3.40,OPEN_METEO_ERA5_LAND,singapore
2016-02-13,29.30,25.80,27.10,36.00,30.90,32.50,2.20,OPEN_METEO_ERA5_LAND,singapore
2016-02-14,29.30,25.10,26.70,36.70,29.80,32.10,11.60,OPEN_METEO_ERA5_LAND,singapore
2016-02-15,29.50,25.50,27.10,36.30,30.50,32.50,1.80,OPEN_METEO_ERA5_LAND,singapore
2016-02-16,28.90,25.40,26.80,34.10,28.90,30.40,1.10,OPEN_METEO_ERA5_LAND,singapore
2016-02-17,28.70,25.20,26.60,32.00,28.10,29.30,0.00,OPEN_METEO_ERA5_LAND,singapore
2016-02-18,28.00,24.10,25.80,34.20,27.90,29.90,3.00,OPEN_METEO_ERA5_LAND,singapore
2016-02-19,26.20,24.40,25.00,30.50,28.80,29.50,13.00,OPEN_METEO_ERA5_LAND,singapore
2016-02-20,27.30,24.30,25.40,31.40,28.00,29.20,7.40,OPEN_METEO_ERA5_LAND,singapore
2016-02-21,27.90,24.70,26.00,32.60,27.90,29.20,0.90,OPEN_METEO_ERA5_LAND,singapore
2016-02-22,28.80,24.90,26.50,33.20,28.10,29.80,0.70,OPEN_METEO_ERA5_LAND,singapore
2016-02-23,29.20,25.00,26.40,35.20,28.50,30.50,2.20,OPEN_METEO_ERA5_LAND,singapore
2016-02-24,27.30,24.90,25.70,31.30,28.50,29.50,7.00,OPEN_METEO_ERA5_LAND,singapore
2016-02-25,28.80,25.00,26.40,31.70,28.10,29.30,1.00,OPEN_METEO_ERA5_LAND,singapore
2016-02-26,28.70,24.90,26.50,32.40,28.40,29.70,0.60,OPEN_METEO_ERA5_LAND,singapore
2016-02-27,28.80,24.80,26.50,33.90,28.80,30.40,1.20,OPEN_METEO_ERA5_LAND,singapore
2016-02-28,28.90,24.70,26.30,34.90,28.30,30.30,7.80,OPEN_METEO_ERA5_LAND,singapore
2016-02-29,28.70,24.80,26.40,32.80,28.50,30.00,0.60,OPEN_METEO_ERA5_LAND,singapore
2016-03-01,29.00,25.20,26.60,32.90,28.90,30.20,1.60,OPEN_METEO_ERA5_LAND,singapore
2016-03-02,28.70,25.00,26.50,33.70,28.20,30.10,1.20,OPEN_METEO_ERA5_LAND,singapore
2016-03-03,28.40,25.30,26.40,34.10,29.10,30.40,4.50,OPEN_METEO_ERA5_LAND,singapore
2016-03-04,28.90,25.60,26.60,35.30,29.80,30.80,0.50,OPEN_METEO_ERA5_LAND,singapore
2016-03-05,28.00,25.60,26.60,33.50,29.90,31.00,7.80,OPEN_METEO_ERA5_LAND,singapore
2016-03-06,29.00,25.00,26.60,34.10,29.90,31.50,9.50,OPEN_METEO_ERA5_LAND,singapore
2016-03-07,29.20,25.30,27.10,35.80,30.00,31.90,3.10,OPEN_METEO_ERA5_LAND,singapore
2016-03-08,29.30,25.80,27.20,37.50,30.80,32.90,17.40,OPEN_METEO_ERA5_LAND,singapore
2016-03-09,30.10,26.00,27.70,36.80,30.80,33.00,0.60,OPEN_METEO_ERA5_LAND,singapore
2016-03-10,29.60,26.20,27.60,36.50,31.40,33.00,4.50,OPEN_METEO_ERA5_LAND,singapore
2016-03-11,29.50,26.00,27.50,36.60,31.30,33.00,2.60,OPEN_METEO_ERA5_LAND,singapore
2016-03-12,29.80,25.30,26.90,37.30,29.80,32.10,12.50,OPEN_METEO_ERA5_LAND,singapore
2016-03-13,28.50,25.70,26.90,34.90,30.70,32.10,12.30,OPEN_METEO_ERA5_LAND,singapore
2016-03-14,29.60,25.90,27.40,36.40,31.20,33.00,8.10,OPEN_METEO_ERA5_LAND,singapore
2016-03-15,29.10,25.90,27.10,35.60,30.10,32.00,4.40,OPEN_METEO_ERA5_LAND,singapore
2016-03-16,30.30,24.90,27.20,36.50,29.10,31.70,0.00,OPEN_METEO_ERA5_LAND,singapore
2016-03-17,30.70,24.70,27.20,35.90,28.80,31.60,0.00,OPEN_METEO_ERA5_LAND,singapore
2016-03-18,30.00,25.10,27.10,37.20,29.90,32.10,0.40,OPEN_METEO_ERA5_LAND,singapore
2016-03-19,29.90,25.30,27.30,35.70,29.50,31.70,0.70,OPEN_METEO_ERA5_LAND,singapore
2016-03-20,30.00,25.80,27.50,36.60,30.40,32.50,1.80,OPEN_METEO_ERA5_LAND,singapore
2016-03-21,29.90,26.10,27.40,38.10,31.10,33.00,6.60,OPEN_METEO_ERA5_LAND,singapore
2016-03-22,28.80,25.80,26.90,34.00,31.40,32.50,5.80,OPEN_METEO_ERA5_LAND,singapore
2016-03-23,30.50,25.90,27.40,37.70,31.20,33.10,3.50,OPEN_METEO_ERA5_LAND,singapore
2016-03-24,29.50,25.80,27.20,36.50,30.70,32.70,3.30,OPEN_METEO_ERA5_LAND,singapore
2016-03-25,30.20,25.60,27.50,38.30,30.80,33.00,4.20,OPEN_METEO_ERA5_LAND,singapore
2016-03-26,29.60,25.70,27.50,34.00,30.10,31.50,0.10,OPEN_METEO_ERA5_LAND,singapore
2016-03-27,28.90,25.70,27.00,33.00,30.10,31.20,3.90,OPEN_METEO_ERA5_LAND,singapore
2016-03-28,29.20,26.10,27.30,33.80,30.20,31.40,0.50,OPEN_METEO_ERA5_LAND,singapore
2016-03-29,29.30,25.60,27.10,35.60,29.90,31.30,2.00,OPEN_METEO_ERA5_LAND,singapore
2016-03-30,29.70,25.70,27.40,34.50,29.60,31.40,0.80,OPEN_METEO_ERA5_LAND,singapore
2016-03-31,29.60,25.80,27.50,35.60,29.80,31.80,1.10,OPEN_METEO_ERA5_LAND,singapore
2016-04-01,30.00,25.90,27.60,36.20,30.30,32.00,0.30,OPEN_METEO_ERA5_LAND,singapore
2016-04-02,30.80,25.40,27.80,36.80,30.00,32.40,0.00,OPEN_METEO_ERA5_LAND,singapore
2016-04-03,28.80,25.60,27.00,34.90,30.30,32.10,5.50,OPEN_METEO_ERA5_LAND,singapore
2016-04-04,30.10,25.50,27.50,37.10,31.10,33.10,4.60,OPEN_METEO_ERA5_LAND,singapore
2016-04-05,28.70,25.70,27.20,34.20,31.30,32.70,1.70,OPEN_METEO_ERA5_LAND,singapore
2016-04-06,29.90,25.20,27.60,36.90,30.90,33.20,0.60,OPEN_METEO_ERA5_LAND,singapore
2016-04-07,30.40,25.40,27.70,37.30,30.30,32.90,0.10,OPEN_METEO_ERA5_LAND,singapore
2016-04-08,30.30,26.00,27.90,37.10,31.30,33.30,1.00,OPEN_METEO_ERA5_LAND,singapore
2016-04-09,29.20,26.80,27.70,35.80,32.20,33.60,24.30,OPEN_METEO_ERA5_LAND,singapore
2016-04-10,30.50,26.10,27.80,37.90,31.90,33.60,3.70,OPEN_METEO_ERA5_LAND,singapore
2016-04-11,29.40,25.60,27.50,36.10,31.40,33.70,12.50,OPEN_METEO_ERA5_LAND,singapore
2016-04-12,30.10,25.60,27.90,37.70,30.30,34.00,5.50,OPEN_METEO_ERA5_LAND,singapore
2016-04-13,29.60,26.30,27.80,36.50,31.50,33.70,5.60,OPEN_METEO_ERA5_LAND,singapore
2016-04-14,29.80,25.70,27.80,37.30,31.30,33.80,3.80,OPEN_METEO_ERA5_LAND,singapore
2016-04-15,29.80,26.90,28.20,38.60,32.80,34.50,1.70,OPEN_METEO_ERA5_LAND,singapore
2016-04-16,30.50,25.80,28.00,38.60,32.10,34.50,6.10,OPEN_METEO_ERA5_LAND,singapore
2016-04-17,30.30,25.50,27.80,37.90,31.30,34.00,23.40,OPEN_METEO_ERA5_LAND,singapore
2016-04-18,30.50,25.70,28.00,38.40,31.90,34.40,1.00,OPEN_METEO_ERA5_LAND,singapore
2016-04-19,30.30,27.10,28.30,36.90,32.40,33.70,7.00,OPEN_METEO_ERA5_LAND,singapore
2016-04-20,30.00,26.20,27.90,36.70,31.70,33.70,3.00,OPEN_METEO_ERA5_LAND,singapore
2016-04-21,30.10,26.80,28.10,36.20,32.30,33.60,3.70,OPEN_METEO_ERA5_LAND,singapore
2016-04-22,30.10,26.50,27.80,36.40,32.50,33.70,6.00,OPEN_METEO_ERA5_LAND,singapore
2016-04-23,29.50,25.70,27.20,37.20,31.30,33.20,15.70,OPEN_METEO_ERA5_LAND,singapore
2016-04-24,28.60,25.50,27.00,35.90,31.10,33.10,9.80,OPEN_METEO_ERA5_LAND,singapore
2016-04-25,29.10,25.50,26.90,35.80,31.80,33.10,16.40,OPEN_METEO_ERA5_LAND,singapore
2016-04-26,29.70,25.20,27.20,37.20,30.00,33.20,13.00,OPEN_METEO_ERA5_LAND,singapore
2016-04-27,30.00,25.50,27.60,38.40,31.10,34.00,4.90,OPEN_METEO_ERA5_LAND,singapore
2016-04-28,29.20,25.40,27.40,35.40,31.50,33.50,8.80,OPEN_METEO_ERA5_LAND,singapore
2016-04-29,29.10,25.50,27.30,35.30,31.70,33.30,6.70,OPEN_METEO_ERA5_LAND,singapore
2016-04-30,30.00,25.50,27.20,37.80,31.10,33.50,36.90,OPEN_METEO_ERA5_LAND,singapore
2016-05-01,29.50,25.70,27.30,36.30,31.40,33.50,9.40,OPEN_METEO_ERA5_LAND,singapore
2016-05-02,29.20,25.70,27.30,36.00,30.90,33.10,8.10,OPEN_METEO_ERA5_LAND,singapore
2016-05-03,30.00,25.30,27.70,36.60,30.70,33.60,6.70,OPEN_METEO_ERA5_LAND,singapore
2016-05-04,30.30,26.20,28.10,38.30,32.10,34.40,2.70,OPEN_METEO_ERA5_LAND,singapore
2016-05-05,30.00,26.00,27.80,38.00,32.00,34.10,13.20,OPEN_METEO_ERA5_LAND,singapore
2016-05-06,30.30,25.50,27.40,37.50,31.00,33.30,15.50,OPEN_METEO_ERA5_LAND,singapore
2016-05-07,29.40,25.50,27.20,35.60,31.80,33.30,13.40,OPEN_METEO_ERA5_LAND,singapore
2016-05-08,29.20,25.20,27.30,36.90,30.90,33.50,7.20,OPEN_METEO_ERA5_LAND,singapore
2016-05-09,29.20,25.50,27.30,36.10,31.20,33.50,11.00,OPEN_METEO_ERA5_LAND,singapore
2016-05-10,30.60,26.40,28.40,37.90,32.50,34.70,4.20,OPEN_METEO_ERA5_LAND,singapore
2016-05-11,30.70,25.80,27.40,38.70,31.70,34.10,13.10,OPEN_METEO_ERA5_LAND,singapore
2016-05-12,28.90,25.90,27.00,35.10,31.70,32.90,15.40,OPEN_METEO_ERA5_LAND,singapore
2016-05-13,27.90,26.20,27.00,34.50,31.80,33.00,21.20,OPEN_METEO_ERA5_LAND,singapore
2016-05-14,28.50,25.40,26.80,35.40,31.20,32.90,17.00,OPEN_METEO_ERA5_LAND,singapore
2016-05-15,29.70,26.60,27.90,37.40,32.20,34.30,1.90,OPEN_METEO_ERA5_LAND,singapore
2016-05-16,29.80,26.00,27.30,36.10,31.70,33.20,15.20,OPEN_METEO_ERA5_LAND,singapore
2016-05-17,30.30,26.20,28.30,36.80,32.40,34.20,0.00,OPEN_METEO_ERA5_LAND,singapore
2016-05-18,28.70,26.60,27.40,35.10,32.40,33.20,13.20,OPEN_METEO_ERA5_LAND,singapore
2016-05-19,29.70,25.80,27.40,36.60,31.80,33.50,7.50,OPEN_METEO_ERA5_LAND,singapore
2016-05-20,29.10,25.50,27.50,35.70,31.00,33.50,14.70,OPEN_METEO_ERA5_LAND,singapore
2016-05-21,28.50,25.40,26.90,34.20,30.30,32.10,24.90,OPEN_METEO_ERA5_LAND,singapore
2016-05-22,29.20,25.70,27.30,34.60,30.00,32.20,3.70,OPEN_METEO_ERA5_LAND,singapore
2016-05-23,30.60,25.80,28.20,37.30,31.60,34.40,1.70,OPEN_METEO_ERA5_LAND,singapore
2016-05-24,29.90,27.20,28.40,36.80,32.70,34.40,3.80,OPEN_METEO_ERA5_LAND,singapore
2016-05-25,30.00,26.20,27.90,36.50,32.30,34.30,2.00,OPEN_METEO_ERA5_LAND,singapore
2016-05-26,28.50,25.80,27.10,33.70,30.80,32.30,18.10,OPEN_METEO_ERA5_LAND,singapore
2016-05-27,29.60,26.40,27.90,35.40,31.80,33.20,8.20,OPEN_METEO_ERA5_LAND,singapore
2016-05-28,29.10,25.70,27.60,35.10,30.30,33.10,8.00,OPEN_METEO_ERA5_LAND,singapore
2016-05-29,29.60,26.10,27.40,36.10,32.30,33.60,11.00,OPEN_METEO_ERA5_LAND,singapore
2016-05-30,29.30,25.10,26.90,36.10,29.60,32.60,17.30,OPEN_METEO_ERA5_LAND,singapore
2016-05-31,29.80,25.00,27.60,36.30,30.30,33.10,1.40,OPEN_METEO_ERA5_LAND,singapore
2016-06-01,29.50,25.90,27.40,35.70,32.00,33.30,8.70,OPEN_METEO_ERA5_LAND,singapore
2016-06-02,29.20,25.50,27.10,36.10,31.70,33.20,5.50,OPEN_METEO_ERA5_LAND,singapore
2016-06-03,30.00,26.60,27.90,37.00,32.10,33.90,3.60,OPEN_METEO_ERA5_LAND,singapore
2016-06-04,29.20,25.80,27.00,36.40,31.40,32.90,5.50,OPEN_METEO_ERA5_LAND,singapore
2016-06-05,29.40,26.10,27.70,35.30,31.80,33.30,1.90,OPEN_METEO_ERA5_LAND,singapore
2016-06-06,30.20,25.90,28.10,36.00,31.10,33.40,0.90,OPEN_METEO_ERA5_LAND,singapore
2016-06-07,29.30,27.30,28.10,35.90,32.70,33.70,5.20,OPEN_METEO_ERA5_LAND,singapore
2016-06-08,29.70,26.30,27.70,35.70,32.00,33.30,4.40,OPEN_METEO_ERA5_LAND,singapore
2016-06-09,29.10,25.90,27.70,36.10,31.20,33.70,2.90,OPEN_METEO_ERA5_LAND,singapore
2016-06-10,28.90,25.20,27.30,34.20,30.70,32.90,8.40,OPEN_METEO_ERA5_LAND,singapore
2016-06-11,28.00,26.30,27.10,33.10,31.20,32.10,6.30,OPEN_METEO_ERA5_LAND,singapore
2016-06-12,28.60,24.90,26.80,34.80,29.80,32.20,6.80,OPEN_METEO_ERA5_LAND,singapore
2016-06-13,28.90,25.20,26.90,35.80,30.50,32.50,8.40,OPEN_METEO_ERA5_LAND,singapore
2016-06-14,28.70,26.00,27.20,34.60,31.40,32.90,2.10,OPEN_METEO_ERA5_LAND,singapore
2016-06-15,28.30,25.10,26.80,34.10,30.20,32.30,12.20,OPEN_METEO_ERA5_LAND,singapore
2016-06-16,28.40,25.70,26.80,33.50,31.10,31.90,5.70,OPEN_METEO_ERA5_LAND,singapore
2016-06-17,27.90,24.80,25.90,32.70,29.00,30.60,22.40,OPEN_METEO_ERA5_LAND,singapore
2016-06-18,27.40,25.10,26.20,32.80,29.30,31.00,5.00,OPEN_METEO_ERA5_LAND,singapore
2016-06-19,28.20,25.10,26.50,32.90,30.00,31.40,1.90,OPEN_METEO_ERA5_LAND,singapore
2016-06-20,28.40,24.70,26.60,32.70,29.80,31.20,1.60,OPEN_METEO_ERA5_LAND,singapore
2016-06-21,29.50,25.10,27.20,34.70,30.00,32.50,0.30,OPEN_METEO_ERA5_LAND,singapore
2016-06-22,27.70,26.20,26.90,33.90,31.50,32.30,8.20,OPEN_METEO_ERA5_LAND,singapore
2016-06-23,29.70,26.50,27.90,35.00,30.30,32.60,2.20,OPEN_METEO_ERA5_LAND,singapore
2016-06-24,28.90,26.80,27.70,34.40,32.00,32.90,5.70,OPEN_METEO_ERA5_LAND,singapore
2016-06-25,28.80,26.30,27.50,33.40,30.70,32.20,1.00,OPEN_METEO_ERA5_LAND,singapore
2016-06-26,29.50,26.30,27.80,35.10,30.90,32.90,1.40,OPEN_METEO_ERA5_LAND,singapore
2016-06-27,29.10,26.60,27.80,33.80,30.90,32.90,0.90,OPEN_METEO_ERA5_LAND,singapore
2016-06-28,29.70,26.90,28.10,35.10,32.00,33.30,0.10,OPEN_METEO_ERA5_LAND,singapore
2016-06-29,30.20,27.00,28.40,36.80,32.20,33.70,0.00,OPEN_METEO_ERA5_LAND,singapore
2016-06-30,30.30,26.80,28.50,37.60,32.30,34.30,0.50,OPEN_METEO_ERA5_LAND,singapore
2016-07-01,30.10,26.50,28.20,36.80,32.10,33.80,0.90,OPEN_METEO_ERA5_LAND,singapore
2016-07-02,30.10,27.50,28.60,35.80,32.60,33.80,0.00,OPEN_METEO_ERA5_LAND,singapore
2016-07-03,30.20,27.20,28.60,36.70,32.70,34.20,0.00,OPEN_METEO_ERA5_LAND,singapore
2016-07-04,30.20,27.40,28.60,36.60,33.00,34.10,3.40,OPEN_METEO_ERA5_LAND,singapore
2016-07-05,30.30,27.20,28.60,35.80,32.40,33.70,0.00,OPEN_METEO_ERA5_LAND,singapore
2016-07-06,29.10,27.30,27.90,35.70,32.00,33.50,5.80,OPEN_METEO_ERA5_LAND,singapore
2016-07-07,29.60,25.60,27.70,34.40,30.60,32.50,1.90,OPEN_METEO_ERA5_LAND,singapore
2016-07-08,29.80,27.40,28.50,35.40,31.90,33.20,0.00,OPEN_METEO_ERA5_LAND,singapore
2016-07-09,30.00,27.20,28.50,34.70,31.80,32.90,0.00,OPEN_METEO_ERA5_LAND,singapore
2016-07-10,29.70,26.60,28.10,35.50,31.70,33.30,2.60,OPEN_METEO_ERA5_LAND,singapore
2016-07-11,29.30,25.50,27.50,35.20,29.90,32.60,2.30,OPEN_METEO_ERA5_LAND,singapore
2016-07-12,30.00,26.30,28.20,36.50,31.70,33.80,3.90,OPEN_METEO_ERA5_LAND,singapore
2016-07-13,29.10,26.60,27.50,35.00,31.40,32.90,6.70,OPEN_METEO_ERA5_LAND,singapore
2016-07-14,27.90,25.60,26.70,33.50,30.70,32.00,5.10,OPEN_METEO_ERA5_LAND,singapore
2016-07-15,27.30,25.10,26.20,32.90,31.20,31.80,11.70,OPEN_METEO_ERA5_LAND,singapore
2016-07-16,29.10,25.10,26.80,35.10,30.90,32.30,5.40,OPEN_METEO_ERA5_LAND,singapore
2016-07-17,29.20,24.40,26.40,36.40,29.50,31.90,10.40,OPEN_METEO_ERA5_LAND,singapore
2016-07-18,28.50,24.60,26.30,33.50,29.80,31.40,6.60,OPEN_METEO_ERA5_LAND,singapore
2016-07-19,29.10,24.40,26.50,34.20,27.80,30.70,13.20,OPEN_METEO_ERA5_LAND,singapore
2016-07-20,26.90,24.80,25.90,32.10,29.40,30.90,14.70,OPEN_METEO_ERA5_LAND,singapore
2016-07-21,29.10,24.60,26.80,35.00,29.00,31.80,7.40,OPEN_METEO_ERA5_LAND,singapore
2016-07-22,27.60,24.40,26.10,32.80,29.50,31.30,3.80,OPEN_METEO_ERA5_LAND,singapore
2016-07-23,28.50,25.30,26.70,32.90,30.10,31.50,2.90,OPEN_METEO_ERA5_LAND,singapore
2016-07-24,27.60,24.90,26.40,32.70,29.60,31.30,7.00,OPEN_METEO_ERA5_LAND,singapore
2016-07-25,27.40,24.90,26.00,32.90,29.20,30.80,6.40,OPEN_METEO_ERA5_LAND,singapore
2016-07-26,27.20,24.20,26.00,32.30,28.90,31.00,9.20,OPEN_METEO_ERA5_LAND,singapore
2016-07-27,29.10,25.50,27.10,35.10,30.10,32.20,1.40,OPEN_METEO_ERA5_LAND,singapore
2016-07-28,27.90,24.90,26.40,33.60,29.60,31.40,3.50,OPEN_METEO_ERA5_LAND,singapore
2016-07-29,28.30,25.20,26.80,34.20,29.70,31.90,3.50,OPEN_METEO_ERA5_LAND,singapore
2016-07-30,28.80,25.80,27.00,34.30,30.80,32.10,1.10,OPEN_METEO_ERA5_LAND,singapore
2016-07-31,28.80,25.40,26.80,35.00,30.90,32.50,6.60,OPEN_METEO_ERA5_LAND,singapore
2016-08-01,27.40,25.00,26.20,32.30,29.60,31.20,4.10,OPEN_METEO_ERA5_LAND,singapore
2016-08-02,28.90,25.50,27.10,34.70,29.10,31.90,3.40,OPEN_METEO_ERA5_LAND,singapore
2016-08-03,28.00,26.20,27.10,33.90,31.10,32.00,3.50,OPEN_METEO_ERA5_LAND,singapore
2016-08-04,28.70,26.60,27.40,33.50,30.70,31.90,0.80,OPEN_METEO_ERA5_LAND,singapore
2016-08-05,29.40,27.00,27.90,34.70,31.00,32.40,0.00,OPEN_METEO_ERA5_LAND,singapore
2016-08-06,29.50,26.70,27.80,36.90,31.50,33.20,0.50,OPEN_METEO_ERA5_LAND,singapore
2016-08-07,29.90,26.70,28.00,36.70,31.80,33.60,0.10,OPEN_METEO_ERA5_LAND,singapore
2016-08-08,30.10,26.70,28.20,36.10,32.10,33.80,0.00,OPEN_METEO_ERA5_LAND,singapore
2016-08-09,29.60,26.70,28.00,35.80,32.40,33.60,0.60,OPEN_METEO_ERA5_LAND,singapore
2016-08-10,29.60,24.90,27.40,35.50,29.60,32.70,4.00,OPEN_METEO_ERA5_LAND,singapore
2016-08-11,28.30,25.10,27.00,33.90,29.40,32.20,7.10,OPEN_METEO_ERA5_LAND,singapore
2016-08-12,29.20,24.80,27.20,34.60,29.30,32.20,8.80,OPEN_METEO_ERA5_LAND,singapore
2016-08-13,28.70,25.80,27.30,34.60,30.60,32.50,6.00,OPEN_METEO_ERA5_LAND,singapore
2016-08-14,28.90,25.00,27.00,34.10,29.40,32.00,5.00,OPEN_METEO_ERA5_LAND,singapore
2016-08-15,29.20,26.30,27.60,34.80,30.80,32.50,1.20,OPEN_METEO_ERA5_LAND,singapore
2016-08-16,29.20,26.90,27.80,34.30,31.20,32.60,3.90,OPEN_METEO_ERA5_LAND,singapore
2016-08-17,28.90,26.20,27.70,34.20,30.30,32.80,5.20,OPEN_METEO_ERA5_LAND,singapore
2016-08-18,29.10,27.00,28.00,34.50,32.00,33.00,1.70,OPEN_METEO_ERA5_LAND,singapore
2016-08-19,28.60,25.60,27.40,33.40,30.00,32.10,4.90,OPEN_METEO_ERA5_LAND,singapore
2016-08-20,29.30,25.30,27.50,35.20,29.90,32.40,4.40,OPEN_METEO_ERA5_LAND,singapore
2016-08-21,28.30,25.20,26.70,33.90,30.00,31.50,17.40,OPEN_METEO_ERA5_LAND,singapore
2016-08-22,29.20,26.60,27.70,35.90,31.70,33.00,1.30,OPEN_METEO_ERA5_LAND,singapore
2016-08-23,28.40,26.60,27.30,34.80,31.40,32.60,13.40,OPEN_METEO_ERA5_LAND,singapore
2016-08-24,27.30,24.80,26.30,31.90,28.70,30.30,41.00,OPEN_METEO_ERA5_LAND,singapore
2016-08-25,28.80,25.60,27.20,33.10,30.20,31.50,3.30,OPEN_METEO_ERA5_LAND,singapore
2016-08-26,29.20,25.90,27.00,33.30,30.60,31.80,11.00,OPEN_METEO_ERA5_LAND,singapore
2016-08-27,29.60,25.70,27.60,35.70,31.10,33.30,0.80,OPEN_METEO_ERA5_LAND,singapore
2016-08-28,29.30,25.40,27.50,36.10,31.10,33.10,2.00,OPEN_METEO_ERA5_LAND,singapore
2016-08-29,29.30,25.50,27.20,35.80,30.60,32.90,8.70,OPEN_METEO_ERA5_LAND,singapore
2016-08-30,27.00,24.80,26.20,32.50,29.10,31.10,15.40,OPEN_METEO_ERA5_LAND,singapore
2016-08-31,28.20,25.30,26.50,34.40,30.40,31.70,6.40,OPEN_METEO_ERA5_LAND,singapore
2016-09-01,27.40,24.10,25.90,33.00,28.90,31.00,19.30,OPEN_METEO_ERA5_LAND,singapore
2016-09-02,29.30,24.70,26.80,36.10,29.70,32.20,0.30,OPEN_METEO_ERA5_LAND,singapore
2016-09-03,29.60,25.40,27.50,36.20,30.40,33.00,1.00,OPEN_METEO_ERA5_LAND,singapore
2016-09-04,28.70,25.00,27.10,35.10,30.30,33.00,6.10,OPEN_METEO_ERA5_LAND,singapore
2016-09-05,28.30,24.80,26.50,34.10,29.60,31.70,5.70,OPEN_METEO_ERA5_LAND,singapore
2016-09-06,28.90,25.60,26.90,34.30,30.00,31.90,2.10,OPEN_METEO_ERA5_LAND,singapore
2016-09-07,28.70,24.90,26.90,34.60,29.30,31.40,6.70,OPEN_METEO_ERA5_LAND,singapore
2016-09-08,28.60,26.80,27.50,34.10,30.90,32.20,3.50,OPEN_METEO_ERA5_LAND,singapore
2016-09-09,29.60,26.30,27.70,36.20,31.30,33.10,1.70,OPEN_METEO_ERA5_LAND,singapore
2016-09-10,29.10,24.90,27.20,35.90,29.90,32.40,4.40,OPEN_METEO_ERA5_LAND,singapore
2016-09-11,27.20,26.10,26.70,32.40,30.60,31.60,12.70,OPEN_METEO_ERA5_LAND,singapore
2016-09-12,28.20,25.00,26.50,33.40,29.10,31.40,6.40,OPEN_METEO_ERA5_LAND,singapore
2016-09-13,29.30,24.90,27.60,34.70,29.80,32.40,2.20,OPEN_METEO_ERA5_LAND,singapore
2016-09-14,28.10,25.80,26.90,34.30,31.10,32.20,6.40,OPEN_METEO_ERA5_LAND,singapore
2016-09-15,29.30,25.70,27.40,35.20,31.10,32.80,1.70,OPEN_METEO_ERA5_LAND,singapore
2016-09-16,29.50,26.10,27.30,35.60,31.40,32.80,10.00,OPEN_METEO_ERA5_LAND,singapore
2016-09-17,29.40,24.30,27.00,35.90,28.40,32.40,18.00,OPEN_METEO_ERA5_LAND,singapore
2016-09-18,29.00,25.50,27.10,34.10,30.60,32.30,6.80,OPEN_METEO_ERA5_LAND,singapore
2016-09-19,29.10,25.10,27.10,34.50,29.30,31.90,6.90,OPEN_METEO_ERA5_LAND,singapore
2016-09-20,29.10,25.30,27.20,33.30,29.40,31.20,4.40,OPEN_METEO_ERA5_LAND,singapore
2016-09-21,29.10,25.40,27.10,33.70,30.50,31.80,12.10,OPEN_METEO_ERA5_LAND,singapore
2016-09-22,28.90,25.20,26.90,33.10,30.70,32.10,1.60,OPEN_METEO_ERA5_LAND,singapore
2016-09-23,29.60,24.80,27.00,36.50,29.80,32.50,7.60,OPEN_METEO_ERA5_LAND,singapore
2016-09-24,29.30,24.50,26.70,36.30,29.30,32.20,4.90,OPEN_METEO_ERA5_LAND,singapore
2016-09-25,28.50,24.90,26.80,35.40,30.20,32.50,9.50,OPEN_METEO_ERA5_LAND,singapore
2016-09-26,29.30,25.40,27.10,35.70,31.40,33.00,4.00,OPEN_METEO_ERA5_LAND,singapore
2016-09-27,28.20,25.20,26.70,34.70,30.20,32.50,6.40,OPEN_METEO_ERA5_LAND,singapore
2016-09-28,30.30,25.80,27.70,36.20,31.00,33.00,0.00,OPEN_METEO_ERA5_LAND,singapore
2016-09-29,30.00,25.90,27.20,36.20,31.20,32.70,13.60,OPEN_METEO_ERA5_LAND,singapore
2016-09-30,30.40,25.50,27.30,37.20,30.80,33.00,4.80,OPEN_METEO_ERA5_LAND,singapore
2016-10-01,29.50,25.00,27.20,36.30,30.30,32.90,4.90,OPEN_METEO_ERA5_LAND,singapore
2016-10-02,30.10,26.50,28.10,35.50,31.90,33.30,1.90,OPEN_METEO_ERA5_LAND,singapore
2016-10-03,29.10,25.40,27.20,35.60,28.90,31.90,0.90,OPEN_METEO_ERA5_LAND,singapore
2016-10-04,29.80,26.00,27.70,35.90,31.30,33.00,0.30,OPEN_METEO_ERA5_LAND,singapore
2016-10-05,28.70,24.70,26.70,34.10,29.80,32.00,1.90,OPEN_METEO_ERA5_LAND,singapore
2016-10-06,28.90,25.60,26.90,35.10,30.50,32.30,4.10,OPEN_METEO_ERA5_LAND,singapore
2016-10-07,28.00,24.50,25.80,32.80,28.30,30.50,18.60,OPEN_METEO_ERA5_LAND,singapore
2016-10-08,29.00,25.00,26.80,34.20,30.20,31.70,3.60,OPEN_METEO_ERA5_LAND,singapore
2016-10-09,29.00,25.90,27.50,35.50,30.50,32.70,5.00,OPEN_METEO_ERA5_LAND,singapore
2016-10-10,30.00,25.20,27.30,35.90,30.50,32.70,1.80,OPEN_METEO_ERA5_LAND,singapore
2016-10-11,30.50,25.30,27.70,36.20,30.00,32.70,3.40,OPEN_METEO_ERA5_LAND,singapore
2016-10-12,29.20,26.60,27.60,34.60,30.70,32.50,12.10,OPEN_METEO_ERA5_LAND,singapore
2016-10-13,29.20,25.80,27.40,33.30,30.70,32.00,3.60,OPEN_METEO_ERA5_LAND,singapore
2016-10-14,29.00,26.40,27.50,33.20,30.70,31.80,3.30,OPEN_METEO_ERA5_LAND,singapore
2016-10-15,29.20,25.40,27.30,34.90,30.00,32.10,3.30,OPEN_METEO_ERA5_LAND,singapore
2016-10-16,28.60,25.30,26.80,33.10,29.40,31.00,13.10,OPEN_METEO_ERA5_LAND,singapore
2016-10-17,28.70,25.10,26.80,33.10,29.00,31.20,1.60,OPEN_METEO_ERA5_LAND,singapore
2016-10-18,29.30,24.70,27.10,34.80,29.30,32.30,21.30,OPEN_METEO_ERA5_LAND,singapore
2016-10-19,28.40,25.70,27.10,33.90,30.20,32.30,5.20,OPEN_METEO_ERA5_LAND,singapore
2016-10-20,29.50,25.00,27.10,36.10,30.20,32.80,4.30,OPEN_METEO_ERA5_LAND,singapore
2016-10-21,29.20,25.00,27.60,36.50,30.00,33.40,6.40,OPEN_METEO_ERA5_LAND,singapore
2016-10-22,28.30,25.50,26.60,35.90,31.10,32.20,6.50,OPEN_METEO_ERA5_LAND,singapore
2016-10-23,29.40,25.60,27.00,37.10,30.50,32.60,3.80,OPEN_METEO_ERA5_LAND,singapore
2016-10-24,27.90,25.20,26.60,32.50,30.60,31.90,2.30,OPEN_METEO_ERA5_LAND,singapore
2016-10-25,28.50,24.20,26.10,34.60,29.20,31.90,23.50,OPEN_METEO_ERA5_LAND,singapore
2016-10-26,28.10,23.70,26.00,33.10,28.50,30.90,8.00,OPEN_METEO_ERA5_LAND,singapore
2016-10-27,28.30,24.80,26.10,34.30,29.90,31.20,8.20,OPEN_METEO_ERA5_LAND,singapore
2016-10-28,28.30,24.60,26.10,33.90,29.20,31.10,3.00,OPEN_METEO_ERA5_LAND,singapore
2016-10-29,28.00,24.60,26.20,32.90,29.60,31.00,8.30,OPEN_METEO_ERA5_LAND,singapore
2016-10-30,27.50,24.40,25.90,32.10,28.20,30.60,7.00,OPEN_METEO_ERA5_LAND,singapore
2016-10-31,28.60,24.50,26.10,34.40,29.10,31.40,14.40,OPEN_METEO_ERA5_LAND,singapore
2016-11-01,27.90,24.20,25.80,32.40,28.60,30.70,22.80,OPEN_METEO_ERA5_LAND,singapore
2016-11-02,28.80,24.10,26.20,34.60,28.20,31.20,11.80,OPEN_METEO_ERA5_LAND,singapore
2016-11-03,28.10,24.80,26.10,32.50,29.20,30.70,13.20,OPEN_METEO_ERA5_LAND,singapore
2016-11-04,28.40,24.60,26.40,33.80,29.50,31.30,3.60,OPEN_METEO_ERA5_LAND,singapore
2016-11-05,27.10,24.90,25.90,30.90,28.90,30.10,11.10,OPEN_METEO_ERA5_LAND,singapore
2016-11-06,29.40,25.60,27.10,35.10,29.60,31.90,4.10,OPEN_METEO_ERA5_LAND,singapore
2016-11-07,27.90,25.80,26.40,33.60,31.20,32.20,19.20,OPEN_METEO_ERA5_LAND,singapore
2016-11-08,28.90,25.20,26.80,35.20,30.20,32.40,4.20,OPEN_METEO_ERA5_LAND,singapore
2016-11-09,28.00,24.30,26.00,34.10,29.00,31.50,11.00,OPEN_METEO_ERA5_LAND,singapore
2016-11-10,28.00,24.60,25.90,33.60,29.10,30.90,9.10,OPEN_METEO_ERA5_LAND,singapore
2016-11-11,27.50,24.10,25.60,33.10,28.60,30.60,16.50,OPEN_METEO_ERA5_LAND,singapore
2016-11-12,28.50,24.20,25.90,35.60,29.00,31.40,24.20,OPEN_METEO_ERA5_LAND,singapore
2016-11-13,28.90,24.50,26.10,36.50,29.40,31.60,26.60,OPEN_METEO_ERA5_LAND,singapore
2016-11-14,26.80,24.50,25.30,32.20,29.50,30.40,54.00,OPEN_METEO_ERA5_LAND,singapore
2016-11-15,28.40,24.60,26.00,33.90,29.10,30.90,12.30,OPEN_METEO_ERA5_LAND,singapore
2016-11-16,26.50,24.60,25.40,31.80,28.60,30.30,17.90,OPEN_METEO_ERA5_LAND,singapore
2016-11-17,29.70,24.80,26.70,36.80,29.70,32.10,3.90,OPEN_METEO_ERA5_LAND,singapore
2016-11-18,28.40,25.00,26.20,34.90,29.70,31.70,24.60,OPEN_METEO_ERA5_LAND,singapore
2016-11-19,28.30,24.80,26.30,34.10,29.80,31.90,5.00,OPEN_METEO_ERA5_LAND,singapore
2016-11-20,28.30,24.60,26.10,33.80,30.10,31.60,7.40,OPEN_METEO_ERA5_LAND,singapore
2016-11-21,28.10,24.90,26.60,33.40,29.40,31.40,7.60,OPEN_METEO_ERA5_LAND,singapore
2016-11-22,27.90,24.90,26.30,33.50,29.80,31.60,7.70,OPEN_METEO_ERA5_LAND,singapore
2016-11-23,28.50,24.50,26.50,34.00,29.10,31.70,6.70,OPEN_METEO_ERA5_LAND,singapore
2016-11-24,28.00,24.60,26.00,33.90,29.40,31.20,20.70,OPEN_METEO_ERA5_LAND,singapore
2016-11-25,28.50,24.50,26.10,34.20,29.50,31.50,9.10,OPEN_METEO_ERA5_LAND,singapore
2016-11-26,28.20,24.60,26.00,34.40,29.70,31.30,13.60,OPEN_METEO_ERA5_LAND,singapore
2016-11-27,27.20,24.70,25.60,31.80,29.00,30.30,19.30,OPEN_METEO_ERA5_LAND,singapore
2016-11-28,27.00,24.70,25.70,31.70,29.10,30.30,9.60,OPEN_METEO_ERA5_LAND,singapore
2016-11-29,29.00,24.70,25.80,34.40,28.60,30.30,5.60,OPEN_METEO_ERA5_LAND,singapore
2016-11-30,28.30,24.60,26.20,32.40,28.50,30.20,1.20,OPEN_METEO_ERA5_LAND,singapore
2016-12-01,26.60,24.50,25.10,31.40,28.50,29.80,32.40,OPEN_METEO_ERA5_LAND,singapore
2016-12-02,28.30,24.10,25.60,34.40,27.90,29.90,18.20,OPEN_METEO_ERA5_LAND,singapore
2016-12-03,29.10,24.30,26.40,35.10,28.50,31.50,7.50,OPEN_METEO_ERA5_LAND,singapore
2016-12-04,29.10,24.50,26.80,36.10,29.80,32.60,1.70,OPEN_METEO_ERA5_LAND,singapore
2016-12-05,29.60,25.10,27.20,36.50,30.00,32.60,1.80,OPEN_METEO_ERA5_LAND,singapore
2016-12-06,30.30,25.30,27.30,37.40,30.20,32.80,0.90,OPEN_METEO_ERA5_LAND,singapore
2016-12-07,30.10,25.50,27.20,37.50,30.10,32.40,4.30,OPEN_METEO_ERA5_LAND,singapore
2016-12-08,28.90,24.90,26.60,34.10,29.20,31.30,6.50,OPEN_METEO_ERA5_LAND,singapore
2016-12-09,28.30,24.80,26.10,33.10,29.00,30.80,7.90,OPEN_METEO_ERA5_LAND,singapore
2016-12-10,29.00,25.30,26.60,34.90,30.00,31.60,3.20,OPEN_METEO_ERA5_LAND,singapore
2016-12-11,27.10,24.60,25.70,31.90,28.60,29.90,11.00,OPEN_METEO_ERA5_LAND,singapore
2016-12-12,29.00,24.70,26.70,32.60,27.70,30.10,1.10,OPEN_METEO_ERA5_LAND,singapore
2016-12-13,29.50,25.00,26.80,35.00,29.50,31.60,6.70,OPEN_METEO_ERA5_LAND,singapore
2016-12-14,29.50,25.30,26.90,34.60,30.00,31.80,1.00,OPEN_METEO_ERA5_LAND,singapore
2016-12-15,29.80,25.60,27.30,35.10,30.40,32.30,0.50,OPEN_METEO_ERA5_LAND,singapore
2016-12-16,29.70,25.00,27.00,36.10,30.30,32.50,1.30,OPEN_METEO_ERA5_LAND,singapore
2016-12-17,29.10,24.90,26.40,35.10,29.10,31.10,9.60,OPEN_METEO_ERA5_LAND,singapore
2016-12-18,29.70,24.80,26.60,35.20,28.60,31.00,5.50,OPEN_METEO_ERA5_LAND,singapore
2016-12-19,28.90,25.10,26.50,33.90,29.20,30.80,6.70,OPEN_METEO_ERA5_LAND,singapore
2016-12-20,29.00,24.70,26.60,32.90,29.10,30.70,5.10,OPEN_METEO_ERA5_LAND,singapore
2016-12-21,29.50,25.60,27.10,34.50,29.60,31.40,1.40,OPEN_METEO_ERA5_LAND,singapore
2016-12-22,28.20,25.30,26.20,34.30,29.60,31.20,38.60,OPEN_METEO_ERA5_LAND,singapore
2016-12-23,28.10,24.60,25.90,33.50,29.40,30.90,13.40,OPEN_METEO_ERA5_LAND,singapore
2016-12-24,28.20,24.90,26.10,32.80,29.30,30.60,3.30,OPEN_METEO_ERA5_LAND,singapore
2016-12-25,29.20,24.90,26.30,35.80,29.00,30.90,18.00,OPEN_METEO_ERA5_LAND,singapore
2016-12-26,27.90,24.60,25.70,32.30,28.60,29.70,4.20,OPEN_METEO_ERA5_LAND,singapore
2016-12-27,26.90,24.10,25.10,31.30,27.60,29.10,16.50,OPEN_METEO_ERA5_LAND,singapore
2016-12-28,26.50,24.30,25.10,30.00,27.70,28.60,6.70,OPEN_METEO_ERA5_LAND,singapore
2016-12-29,28.90,24.60,26.30,33.40,28.90,30.40,1.20,OPEN_METEO_ERA5_LAND,singapore
2016-12-30,27.90,24.70,25.80,32.40,28.40,29.60,6.40,OPEN_METEO_ERA5_LAND,singapore
2016-12-31,26.80,24.30,25.40,31.20,28.10,29.50,6.30,OPEN_METEO_ERA5_LAND,singapore
2017-01-01,29.00,24.30,25.90,35.00,28.60,30.30,4.30,OPEN_METEO_ERA5_LAND,singapore
2017-01-02,28.70,23.90,25.50,34.80,29.00,30.80,7.40,OPEN_METEO_ERA5_LAND,singapore
2017-01-03,28.10,23.90,25.40,34.50,28.30,30.40,8.40,OPEN_METEO_ERA5_LAND,singapore
2017-01-04,30.40,23.90,26.40,35.00,27.90,30.70,1.70,OPEN_METEO_ERA5_LAND,singapore
2017-01-05,30.10,23.50,26.40,36.10,28.30,31.50,0.00,OPEN_METEO_ERA5_LAND,singapore
2017-01-06,30.30,24.60,27.20,38.00,30.10,32.90,1.00,OPEN_METEO_ERA5_LAND,singapore
2017-01-07,30.60,24.70,27.70,37.40,30.60,33.50,1.40,OPEN_METEO_ERA5_LAND,singapore
2017-01-08,30.40,24.60,27.50,36.80,29.90,33.20,2.20,OPEN_METEO_ERA5_LAND,singapore
2017-01-09,31.30,25.60,27.80,38.50,31.00,33.40,0.50,OPEN_METEO_ERA5_LAND,singapore
2017-01-10,30.30,25.10,27.20,37.30,29.90,32.40,1.20,OPEN_METEO_ERA5_LAND,singapore
2017-01-11,31.20,24.90,27.10,39.70,29.50,32.50,9.50,OPEN_METEO_ERA5_LAND,singapore
2017-01-12,30.20,24.40,26.90,35.90,29.80,32.20,1.00,OPEN_METEO_ERA5_LAND,singapore
2017-01-13,29.30,24.60,26.50,36.20,29.30,32.00,9.30,OPEN_METEO_ERA5_LAND,singapore
2017-01-14,29.00,23.80,26.60,36.10,28.70,32.50,7.30,OPEN_METEO_ERA5_LAND,singapore
2017-01-15,29.00,23.80,26.70,36.10,27.60,32.40,12.20,OPEN_METEO_ERA5_LAND,singapore
2017-01-16,30.00,24.10,26.40,37.30,28.30,31.70,6.10,OPEN_METEO_ERA5_LAND,singapore
2017-01-17,29.70,23.90,26.50,36.40,29.10,31.50,1.90,OPEN_METEO_ERA5_LAND,singapore
2017-01-18,29.60,23.90,26.10,37.30,28.50,31.00,11.70,OPEN_METEO_ERA5_LAND,singapore
2017-01-19,29.30,24.30,26.20,35.90,29.50,31.50,20.00,OPEN_METEO_ERA5_LAND,singapore
2017-01-20,28.70,24.10,26.10,35.30,28.80,31.50,14.80,OPEN_METEO_ERA5_LAND,singapore
2017-01-21,28.10,24.20,25.70,32.70,28.60,30.00,25.90,OPEN_METEO_ERA5_LAND,singapore
2017-01-22,28.20,23.70,25.50,31.80,27.30,29.40,9.60,OPEN_METEO_ERA5_LAND,singapore
2017-01-23,25.40,23.20,24.30,30.50,27.60,28.70,32.90,OPEN_METEO_ERA5_LAND,singapore
2017-01-24,24.40,22.90,23.50,29.10,25.20,27.20,152.90,OPEN_METEO_ERA5_LAND,singapore
2017-01-25,29.10,22.30,24.90,34.80,24.10,28.60,7.30,OPEN_METEO_ERA5_LAND,singapore
2017-01-26,28.30,23.00,25.50,35.90,27.10,30.10,12.20,OPEN_METEO_ERA5_LAND,singapore
2017-01-27,28.50,23.80,25.50,31.60,27.80,29.20,6.10,OPEN_METEO_ERA5_LAND,singapore
2017-01-28,27.30,23.90,25.20,31.10,27.40,28.90,9.50,OPEN_METEO_ERA5_LAND,singapore
2017-01-29,27.20,23.70,24.90,31.70,27.40,29.10,16.90,OPEN_METEO_ERA5_LAND,singapore
2017-01-30,28.70,23.40,25.30,35.40,27.60,29.90,8.90,OPEN_METEO_ERA5_LAND,singapore
2017-01-31,29.80,23.30,25.70,35.40,27.50,29.90,1.40,OPEN_METEO_ERA5_LAND,singapore
2017-02-01,29.90,23.30,26.20,34.70,27.40,30.60,0.00,OPEN_METEO_ERA5_LAND,singapore
2017-02-02,28.10,23.90,25.80,33.00,28.70,30.60,3.60,OPEN_METEO_ERA5_LAND,singapore
2017-02-03,30.20,23.70,26.10,36.20,27.60,30.50,1.60,OPEN_METEO_ERA5_LAND,singapore
2017-02-04,30.10,23.80,26.20,36.60,28.40,31.20,5.60,OPEN_METEO_ERA5_LAND,singapore
2017-02-05,30.40,24.30,26.40,37.50,28.40,31.10,6.60,OPEN_METEO_ERA5_LAND,singapore
2017-02-06,30.60,24.30,26.60,36.00,28.80,31.30,2.00,OPEN_METEO_ERA5_LAND,singapore
2017-02-07,28.70,24.10,25.70,35.90,28.60,30.50,17.70,OPEN_METEO_ERA5_LAND,singapore
2017-02-08,30.00,23.50,25.80,36.20,27.30,30.40,2.00,OPEN_METEO_ERA5_LAND,singapore
2017-02-09,30.10,24.00,26.30,35.20,27.00,30.70,0.90,OPEN_METEO_ERA5_LAND,singapore
2017-02-10,29.90,23.60,26.50,34.70,28.30,30.40,0.80,OPEN_METEO_ERA5_LAND,singapore
2017-02-11,30.10,24.50,26.50,34.50,26.70,29.20,0.90,OPEN_METEO_ERA5_LAND,singapore
2017-02-12,28.30,24.50,26.00,29.20,26.90,28.20,2.90,OPEN_METEO_ERA5_LAND,singapore
2017-02-13,27.80,23.40,25.50,31.90,26.50,28.30,3.00,OPEN_METEO_ERA5_LAND,singapore
2017-02-14,27.30,24.00,25.30,31.30,26.90,28.30,9.20,OPEN_METEO_ERA5_LAND,singapore
2017-02-15,27.20,23.40,24.70,31.90,26.40,28.00,6.80,OPEN_METEO_ERA5_LAND,singapore
2017-02-16,28.60,23.80,25.70,31.30,26.80,28.50,0.20,OPEN_METEO_ERA5_LAND,singapore
2017-02-17,28.80,23.50,26.00,32.90,27.50,29.50,0.40,OPEN_METEO_ERA5_LAND,singapore
2017-02-18,28.80,23.90,25.90,33.00,27.50,29.60,3.40,OPEN_METEO_ERA5_LAND,singapore
2017-02-19,28.80,24.00,26.20,33.80,28.30,30.40,2.20,OPEN_METEO_ERA5_LAND,singapore
2017-02-20,29.50,24.00,26.50,34.60,28.60,31.10,2.30,OPEN_METEO_ERA5_LAND,singapore
2017-02-21,28.90,24.10,26.10,35.30,28.90,31.40,17.20,OPEN_METEO_ERA5_LAND,singapore
2017-02-22,29.80,23.40,26.40,35.30,28.10,31.20,3.10,OPEN_METEO_ERA5_LAND,singapore
2017-02-23,29.90,23.60,26.20,37.80,28.60,31.70,5.80,OPEN_METEO_ERA5_LAND,singapore
2017-02-24,28.80,23.50,25.40,36.60,27.80,30.20,9.70,OPEN_METEO_ERA5_LAND,singapore
2017-02-25,28.80,23.00,25.60,36.00,27.10,30.50,9.90,OPEN_METEO_ERA5_LAND,singapore
2017-02-26,28.80,23.60,26.00,34.80,28.30,30.60,3.40,OPEN_METEO_ERA5_LAND,singapore
2017-02-27,29.00,23.30,25.80,33.20,28.10,30.30,5.50,OPEN_METEO_ERA5_LAND,singapore
2017-02-28,27.70,24.40,25.60,32.40,28.50,30.00,33.40,OPEN_METEO_ERA5_LAND,singapore
2017-03-01,26.00,23.70,24.60,30.80,28.40,29.20,19.90,OPEN_METEO_ERA5_LAND,singapore
2017-03-02,28.20,23.50,25.50,34.30,28.00,29.80,11.70,OPEN_METEO_ERA5_LAND,singapore
2017-03-03,28.30,23.50,25.40,33.30,27.70,29.60,3.90,OPEN_METEO_ERA5_LAND,singapore
2017-03-04,28.40,23.50,25.80,33.50,28.10,30.30,8.70,OPEN_METEO_ERA5_LAND,singapore
2017-03-05,29.60,23.50,26.30,35.60,28.30,30.90,0.80,OPEN_METEO_ERA5_LAND,singapore
2017-03-06,29.20,23.30,26.00,35.90,28.00,30.90,2.20,OPEN_METEO_ERA5_LAND,singapore
2017-03-07,28.60,23.10,25.60,34.80,27.60,30.20,6.10,OPEN_METEO_ERA5_LAND,singapore
2017-03-08,30.60,23.80,26.50,38.20,28.00,31.00,1.40,OPEN_METEO_ERA5_LAND,singapore
2017-03-09,30.10,23.40,26.20,35.50,27.30,30.00,1.00,OPEN_METEO_ERA5_LAND,singapore
2017-03-10,29.90,23.30,26.30,34.20,27.50,30.20,0.00,OPEN_METEO_ERA5_LAND,singapore
2017-03-11,30.60,23.70,26.80,37.50,28.40,31.80,2.50,OPEN_METEO_ERA5_LAND,singapore
2017-03-12,30.20,24.00,26.40,40.10,29.10,32.20,11.80,OPEN_METEO_ERA5_LAND,singapore
2017-03-13,29.40,24.40,26.30,37.10,29.30,31.90,11.60,OPEN_METEO_ERA5_LAND,singapore
2017-03-14,29.20,24.00,26.20,36.90,28.80,31.60,16.00,OPEN_METEO_ERA5_LAND,singapore
2017-03-15,31.40,24.50,27.80,39.40,29.60,33.50,0.00,OPEN_METEO_ERA5_LAND,singapore
2017-03-16,30.30,25.40,27.20,37.90,31.10,32.80,13.00,OPEN_METEO_ERA5_LAND,singapore
2017-03-17,29.30,24.30,26.60,36.70,29.10,32.10,13.30,OPEN_METEO_ERA5_LAND,singapore
2017-03-18,30.40,24.30,26.90,37.80,29.40,32.50,9.80,OPEN_METEO_ERA5_LAND,singapore
2017-03-19,30.90,24.50,27.00,38.00,28.10,32.90,15.10,OPEN_METEO_ERA5_LAND,singapore
2017-03-20,28.30,23.70,25.50,33.30,27.80,30.20,19.10,OPEN_METEO_ERA5_LAND,singapore
2017-03-21,30.60,24.20,26.80,36.30,29.20,32.10,9.40,OPEN_METEO_ERA5_LAND,singapore
2017-03-22,30.50,24.50,27.20,37.80,29.00,32.50,1.80,OPEN_METEO_ERA5_LAND,singapore
2017-03-23,31.40,24.20,27.60,38.40,29.00,33.20,0.90,OPEN_METEO_ERA5_LAND,singapore
2017-03-24,30.50,25.00,27.30,37.50,30.60,33.00,3.00,OPEN_METEO_ERA5_LAND,singapore
2017-03-25,30.70,24.80,27.30,38.50,30.10,33.00,1.70,OPEN_METEO_ERA5_LAND,singapore
2017-03-26,30.50,25.10,27.50,37.70,30.90,33.60,6.60,OPEN_METEO_ERA5_LAND,singapore
2017-03-27,30.50,24.40,27.50,37.30,30.00,33.00,2.50,OPEN_METEO_ERA5_LAND,singapore
2017-03-28,29.00,24.60,26.30,35.90,29.20,31.60,13.90,OPEN_METEO_ERA5_LAND,singapore
2017-03-29,30.20,23.70,26.40,38.20,28.70,32.20,14.40,OPEN_METEO_ERA5_LAND,singapore
2017-03-30,28.80,24.20,26.10,36.40,29.30,31.60,21.20,OPEN_METEO_ERA5_LAND,singapore
2017-03-31,30.00,24.20,26.80,37.10,29.20,32.60,3.70,OPEN_METEO_ERA5_LAND,singapore
2017-04-01,28.90,24.40,26.40,36.80,29.70,32.00,11.90,OPEN_METEO_ERA5_LAND,singapore
2017-04-02,29.00,23.90,26.00,35.30,28.20,31.00,14.10,OPEN_METEO_ERA5_LAND,singapore
2017-04-03,29.30,24.50,26.50,36.90,28.60,31.90,7.10,OPEN_METEO_ERA5_LAND,singapore
2017-04-04,30.10,25.20,27.30,37.10,29.80,32.70,6.50,OPEN_METEO_ERA5_LAND,singapore
2017-04-05,30.30,25.40,27.70,36.20,30.30,33.10,1.90,OPEN_METEO_ERA5_LAND,singapore
2017-04-06,30.00,25.40,27.50,37.80,30.30,33.30,13.40,OPEN_METEO_ERA5_LAND,singapore
2017-04-07,29.30,24.30,26.70,37.30,28.60,32.40,12.40,OPEN_METEO_ERA5_LAND,singapore
2017-04-08,28.60,24.50,26.60,34.90,29.50,32.40,11.90,OPEN_METEO_ERA5_LAND,singapore
2017-04-09,30.90,24.50,27.00,40.30,30.20,33.30,17.60,OPEN_METEO_ERA5_LAND,singapore
2017-04-10,29.60,25.00,27.10,37.00,30.40,33.30,3.40,OPEN_METEO_ERA5_LAND,singapore
2017-04-11,30.40,25.50,27.60,37.80,31.30,33.90,14.30,OPEN_METEO_ERA5_LAND,singapore
2017-04-12,30.20,25.50,27.40,37.10,30.70,33.50,12.40,OPEN_METEO_ERA5_LAND,singapore
2017-04-13,29.20,25.50,26.80,36.00,31.00,32.60,15.30,OPEN_METEO_ERA5_LAND,singapore
2017-04-14,30.70,24.90,27.40,37.30,30.70,33.00,4.60,OPEN_METEO_ERA5_LAND,singapore
2017-04-15,29.80,25.00,26.80,36.40,30.50,32.60,17.10,OPEN_METEO_ERA5_LAND,singapore
2017-04-16,30.80,25.00,27.40,38.90,30.50,33.50,5.80,OPEN_METEO_ERA5_LAND,singapore
2017-04-17,30.40,25.70,27.60,39.00,31.60,34.00,7.10,OPEN_METEO_ERA5_LAND,singapore
2017-04-18,29.60,25.10,27.00,37.00,30.70,33.10,37.00,OPEN_METEO_ERA5_LAND,singapore
2017-04-19,31.00,23.70,27.00,38.70,28.60,33.10,4.00,OPEN_METEO_ERA5_LAND,singapore
2017-04-20,30.20,24.80,26.90,37.80,30.10,33.00,14.30,OPEN_METEO_ERA5_LAND,singapore
2017-04-21,30.00,24.50,27.10,35.80,28.90,32.70,13.70,OPEN_METEO_ERA5_LAND,singapore
2017-04-22,28.60,24.70,27.20,35.80,29.40,33.40,18.40,OPEN_METEO_ERA5_LAND,singapore
2017-04-23,30.30,25.70,27.80,39.10,31.20,34.10,6.30,OPEN_METEO_ERA5_LAND,singapore
2017-04-24,28.90,25.40,27.10,35.50,30.90,33.00,13.60,OPEN_METEO_ERA5_LAND,singapore
2017-04-25,29.80,24.50,26.50,38.00,29.90,32.40,20.40,OPEN_METEO_ERA5_LAND,singapore
2017-04-26,29.00,24.30,26.10,36.00,29.10,31.60,11.10,OPEN_METEO_ERA5_LAND,singapore
2017-04-27,29.90,25.00,27.00,37.00,30.30,32.60,8.00,OPEN_METEO_ERA5_LAND,singapore
2017-04-28,28.20,25.00,26.30,34.20,29.30,31.70,11.70,OPEN_METEO_ERA5_LAND,singapore
2017-04-29,30.30,24.20,26.90,38.80,29.10,33.00,12.90,OPEN_METEO_ERA5_LAND,singapore
2017-04-30,29.60,24.60,27.10,35.70,29.90,32.80,4.20,OPEN_METEO_ERA5_LAND,singapore
2017-05-01,29.60,25.50,27.30,37.00,30.90,33.40,8.90,OPEN_METEO_ERA5_LAND,singapore
2017-05-02,29.60,25.10,27.30,37.10,30.10,33.30,13.20,OPEN_METEO_ERA5_LAND,singapore
2017-05-03,29.80,26.20,27.70,36.00,32.30,33.80,5.40,OPEN_METEO_ERA5_LAND,singapore
2017-05-04,29.10,25.10,27.30,36.40,30.50,33.60,16.00,OPEN_METEO_ERA5_LAND,singapore
2017-05-05,30.80,25.40,27.80,38.40,30.80,34.00,11.00,OPEN_METEO_ERA5_LAND,singapore
2017-05-06,29.10,25.80,27.20,35.10,31.00,33.00,10.90,OPEN_METEO_ERA5_LAND,singapore
2017-05-07,29.10,24.60,27.20,35.50,29.70,32.90,6.60,OPEN_METEO_ERA5_LAND,singapore
2017-05-08,28.90,24.40,26.70,35.00,29.20,32.10,10.90,OPEN_METEO_ERA5_LAND,singapore
2017-05-09,29.60,25.10,27.30,35.60,30.30,32.90,7.30,OPEN_METEO_ERA5_LAND,singapore
2017-05-10,27.80,25.60,26.60,34.20,31.60,32.50,12.30,OPEN_METEO_ERA5_LAND,singapore
2017-05-11,29.40,24.50,27.00,35.70,29.70,32.50,9.70,OPEN_METEO_ERA5_LAND,singapore
2017-05-12,29.50,25.60,27.30,36.70,31.50,33.20,8.50,OPEN_METEO_ERA5_LAND,singapore
2017-05-13,29.40,25.70,27.40,37.10,31.30,33.50,9.00,OPEN_METEO_ERA5_LAND,singapore
2017-05-14,30.60,26.00,27.90,37.40,32.00,33.80,7.40,OPEN_METEO_ERA5_LAND,singapore
2017-05-15,29.40,26.40,27.70,35.90,31.60,33.30,7.30,OPEN_METEO_ERA5_LAND,singapore
2017-05-16,29.80,26.60,27.90,35.40,32.20,33.40,12.30,OPEN_METEO_ERA5_LAND,singapore
2017-05-17,30.70,26.60,28.50,36.70,33.00,34.20,4.20,OPEN_METEO_ERA5_LAND,singapore
2017-05-18,29.10,26.30,27.80,35.50,32.20,33.50,10.20,OPEN_METEO_ERA5_LAND,singapore
2017-05-19,30.00,25.50,27.70,36.00,30.80,33.20,2.30,OPEN_METEO_ERA5_LAND,singapore
2017-05-20,29.30,26.10,27.80,36.30,31.60,33.70,10.60,OPEN_METEO_ERA5_LAND,singapore
2017-05-21,29.50,26.50,27.40,36.10,31.40,33.00,27.00,OPEN_METEO_ERA5_LAND,singapore
2017-05-22,29.90,26.70,28.00,36.30,32.50,33.80,3.10,OPEN_METEO_ERA5_LAND,singapore
2017-05-23,30.40,26.90,28.30,36.20,32.30,33.80,0.30,OPEN_METEO_ERA5_LAND,singapore
2017-05-24,29.00,25.50,27.40,35.20,30.90,33.10,17.90,OPEN_METEO_ERA5_LAND,singapore
2017-05-25,30.40,25.00,27.90,37.10,30.70,33.90,13.40,OPEN_METEO_ERA5_LAND,singapore
2017-05-26,28.80,26.20,27.60,34.70,31.80,33.30,10.80,OPEN_METEO_ERA5_LAND,singapore
2017-05-27,29.50,26.30,27.70,36.70,32.60,34.00,14.90,OPEN_METEO_ERA5_LAND,singapore
2017-05-28,30.30,25.80,27.90,36.50,31.30,33.70,9.60,OPEN_METEO_ERA5_LAND,singapore
2017-05-29,30.30,26.70,28.10,36.60,32.40,34.00,9.30,OPEN_METEO_ERA5_LAND,singapore
2017-05-30,30.10,25.50,27.60,35.50,30.90,33.30,2.40,OPEN_METEO_ERA5_LAND,singapore
2017-05-31,30.50,25.00,27.20,37.30,29.60,33.20,40.20,OPEN_METEO_ERA5_LAND,singapore
2017-06-01,28.60,25.50,26.50,33.70,29.60,31.60,5.30,OPEN_METEO_ERA5_LAND,singapore
2017-06-02,29.50,26.50,27.70,34.50,31.30,32.80,0.50,OPEN_METEO_ERA5_LAND,singapore
2017-06-03,30.90,25.90,28.20,38.00,31.40,33.70,0.00,OPEN_METEO_ERA5_LAND,singapore
2017-06-04,30.90,27.00,28.60,37.00,32.30,34.20,0.50,OPEN_METEO_ERA5_LAND,singapore
2017-06-05,30.40,26.60,28.30,36.60,32.80,34.30,0.60,OPEN_METEO_ERA5_LAND,singapore
2017-06-06,30.40,26.90,28.30,36.50,32.80,34.10,0.60,OPEN_METEO_ERA5_LAND,singapore
2017-06-07,30.80,26.20,28.20,37.20,32.10,34.10,0.50,OPEN_METEO_ERA5_LAND,singapore
2017-06-08,30.40,25.50,27.80,37.60,31.10,33.80,2.20,OPEN_METEO_ERA5_LAND,singapore
2017-06-09,30.40,26.30,28.20,37.70,32.10,34.30,1.80,OPEN_METEO_ERA5_LAND,singapore
2017-06-10,30.10,25.70,27.70,36.40,31.90,33.40,7.10,OPEN_METEO_ERA5_LAND,singapore
2017-06-11,29.70,25.30,27.30,36.50,31.00,33.10,4.40,OPEN_METEO_ERA5_LAND,singapore
2017-06-12,29.70,25.50,27.80,38.00,30.70,33.60,10.50,OPEN_METEO_ERA5_LAND,singapore
2017-06-13,30.30,25.70,27.70,36.30,30.70,33.40,3.90,OPEN_METEO_ERA5_LAND,singapore
2017-06-14,29.10,25.50,27.00,35.30,29.10,32.20,8.90,OPEN_METEO_ERA5_LAND,singapore
2017-06-15,30.50,26.00,27.90,37.40,31.70,33.80,1.80,OPEN_METEO_ERA5_LAND,singapore
2017-06-16,30.50,24.90,27.60,37.20,30.60,33.70,2.00,OPEN_METEO_ERA5_LAND,singapore
2017-06-17,29.50,25.40,27.30,36.20,31.40,33.20,5.70,OPEN_METEO_ERA5_LAND,singapore
2017-06-18,28.00,24.90,26.40,33.80,29.40,31.50,17.30,OPEN_METEO_ERA5_LAND,singapore
2017-06-19,29.70,24.90,26.90,35.30,30.40,32.40,6.80,OPEN_METEO_ERA5_LAND,singapore
2017-06-20,30.00,25.20,27.40,37.40,30.80,33.40,1.70,OPEN_METEO_ERA5_LAND,singapore
2017-06-21,29.50,26.10,27.40,35.40,31.10,32.90,6.60,OPEN_METEO_ERA5_LAND,singapore
2017-06-22,29.50,25.40,27.30,35.00,30.90,32.80,7.20,OPEN_METEO_ERA5_LAND,singapore
2017-06-23,27.90,24.20,26.20,33.60,28.60,31.30,24.90,OPEN_METEO_ERA5_LAND,singapore
2017-06-24,30.20,24.70,27.50,36.50,29.50,32.90,2.60,OPEN_METEO_ERA5_LAND,singapore
2017-06-25,28.80,25.00,26.70,34.90,30.20,32.20,6.40,OPEN_METEO_ERA5_LAND,singapore
2017-06-26,29.90,23.90,26.70,38.00,29.00,32.50,16.40,OPEN_METEO_ERA5_LAND,singapore
2017-06-27,29.60,24.10,26.90,35.10,28.20,32.30,12.40,OPEN_METEO_ERA5_LAND,singapore
2017-06-28,30.00,25.10,27.40,36.40,30.30,33.20,2.50,OPEN_METEO_ERA5_LAND,singapore
2017-06-29,28.80,24.70,26.80,35.10,29.40,32.20,7.60,OPEN_METEO_ERA5_LAND,singapore
2017-06-30,29.40,25.00,27.20,35.50,30.80,32.60,0.10,OPEN_METEO_ERA5_LAND,singapore
2017-07-01,30.10,26.10,27.60,35.50,31.60,32.90,11.40,OPEN_METEO_ERA5_LAND,singapore
2017-07-02,30.10,25.40,27.50,35.30,30.80,33.00,5.50,OPEN_METEO_ERA5_LAND,singapore
2017-07-03,28.80,24.70,26.40,34.40,29.20,31.50,9.10,OPEN_METEO_ERA5_LAND,singapore
2017-07-04,29.30,25.10,27.20,35.20,30.20,32.40,8.10,OPEN_METEO_ERA5_LAND,singapore
2017-07-05,27.60,24.80,26.30,33.40,29.00,31.50,21.80,OPEN_METEO_ERA5_LAND,singapore
2017-07-06,29.10,25.50,27.00,33.90,30.80,31.80,5.10,OPEN_METEO_ERA5_LAND,singapore
2017-07-07,29.10,25.10,26.90,34.60,29.70,31.60,2.10,OPEN_METEO_ERA5_LAND,singapore
2017-07-08,29.00,25.80,27.10,33.90,30.40,31.80,9.20,OPEN_METEO_ERA5_LAND,singapore
2017-07-09,28.10,24.20,26.50,33.20,29.20,31.50,21.90,OPEN_METEO_ERA5_LAND,singapore
2017-07-10,29.50,25.10,27.20,35.20,30.80,32.70,1.20,OPEN_METEO_ERA5_LAND,singapore
2017-07-11,27.80,25.10,26.30,32.60,30.30,31.40,14.40,OPEN_METEO_ERA5_LAND,singapore
2017-07-12,27.90,24.10,26.10,32.40,28.90,30.80,11.10,OPEN_METEO_ERA5_LAND,singapore
2017-07-13,28.20,25.50,26.60,31.90,30.30,31.10,2.20,OPEN_METEO_ERA5_LAND,singapore
2017-07-14,27.90,24.90,26.20,33.10,29.40,31.20,5.50,OPEN_METEO_ERA5_LAND,singapore
2017-07-15,28.80,24.90,26.80,34.40,28.60,30.90,0.10,OPEN_METEO_ERA5_LAND,singapore
2017-07-16,28.70,25.80,27.10,32.60,29.20,30.50,4.60,OPEN_METEO_ERA5_LAND,singapore
2017-07-17,29.60,26.10,27.50,34.20,30.10,31.60,1.30,OPEN_METEO_ERA5_LAND,singapore
2017-07-18,29.30,25.70,27.30,33.80,30.60,31.70,2.60,OPEN_METEO_ERA5_LAND,singapore
2017-07-19,29.90,25.90,27.50,35.50,30.30,32.30,0.20,OPEN_METEO_ERA5_LAND,singapore
2017-07-20,29.50,25.00,27.20,34.60,30.40,32.20,1.00,OPEN_METEO_ERA5_LAND,singapore
2017-07-21,30.20,25.50,27.70,35.90,30.80,32.90,0.80,OPEN_METEO_ERA5_LAND,singapore
2017-07-22,30.40,26.10,27.90,35.70,31.60,33.10,0.30,OPEN_METEO_ERA5_LAND,singapore
2017-07-23,29.90,25.60,27.80,35.40,31.20,32.90,0.30,OPEN_METEO_ERA5_LAND,singapore
2017-07-24,30.00,26.70,28.00,34.80,31.40,32.70,2.50,OPEN_METEO_ERA5_LAND,singapore
2017-07-25,30.30,25.50,27.80,34.80,30.90,32.50,0.90,OPEN_METEO_ERA5_LAND,singapore
2017-07-26,28.50,26.00,27.10,33.60,29.50,31.40,6.10,OPEN_METEO_ERA5_LAND,singapore
2017-07-27,29.50,26.50,27.80,33.40,30.10,31.80,1.10,OPEN_METEO_ERA5_LAND,singapore
2017-07-28,30.30,26.10,27.90,34.30,31.30,32.80,0.80,OPEN_METEO_ERA5_LAND,singapore
2017-07-29,30.20,25.70,27.90,35.00,31.20,32.90,0.60,OPEN_METEO_ERA5_LAND,singapore
2017-07-30,29.60,26.50,27.50,34.80,31.40,32.80,5.90,OPEN_METEO_ERA5_LAND,singapore
2017-07-31,29.50,26.00,27.70,34.50,31.50,32.90,5.50,OPEN_METEO_ERA5_LAND,singapore
2017-08-01,29.40,25.90,27.40,35.20,30.80,32.50,4.70,OPEN_METEO_ERA5_LAND,singapore
2017-08-02,29.00,25.00,27.00,33.70,29.30,31.30,6.60,OPEN_METEO_ERA5_LAND,singapore
2017-08-03,29.60,26.00,27.60,32.90,30.10,31.20,0.90,OPEN_METEO_ERA5_LAND,singapore
2017-08-04,30.00,25.70,27.70,33.60,30.40,31.80,5.30,OPEN_METEO_ERA5_LAND,singapore
2017-08-05,29.60,26.30,27.80,34.30,31.00,32.20,4.30,OPEN_METEO_ERA5_LAND,singapore
2017-08-06,29.60,25.80,27.20,35.20,30.10,32.20,10.20,OPEN_METEO_ERA5_LAND,singapore
2017-08-07,28.80,25.00,26.90,33.60,30.10,32.00,11.50,OPEN_METEO_ERA5_LAND,singapore
2017-08-08,28.80,24.60,26.50,34.60,29.60,31.80,20.00,OPEN_METEO_ERA5_LAND,singapore
2017-08-09,28.00,24.70,26.00,32.80,28.50,30.80,3.90,OPEN_METEO_ERA5_LAND,singapore
2017-08-10,29.10,24.00,26.70,35.20,29.10,31.90,4.10,OPEN_METEO_ERA5_LAND,singapore
2017-08-11,28.40,24.50,26.10,34.70,29.70,31.60,19.40,OPEN_METEO_ERA5_LAND,singapore
2017-08-12,28.10,24.40,26.00,34.10,29.50,31.30,9.30,OPEN_METEO_ERA5_LAND,singapore
2017-08-13,27.90,24.20,25.80,32.60,28.50,30.70,16.00,OPEN_METEO_ERA5_LAND,singapore
2017-08-14,28.90,24.20,26.60,32.60,29.40,31.20,4.00,OPEN_METEO_ERA5_LAND,singapore
2017-08-15,27.80,24.30,25.90,33.50,29.10,31.10,15.80,OPEN_METEO_ERA5_LAND,singapore
2017-08-16,27.80,24.40,26.10,32.40,29.70,31.30,1.30,OPEN_METEO_ERA5_LAND,singapore
2017-08-17,28.50,24.50,26.00,33.50,29.10,30.90,19.30,OPEN_METEO_ERA5_LAND,singapore
2017-08-18,29.30,24.60,26.90,34.50,29.80,32.00,4.20,OPEN_METEO_ERA5_LAND,singapore
2017-08-19,29.90,24.50,27.20,35.00,29.20,32.10,3.80,OPEN_METEO_ERA5_LAND,singapore
2017-08-20,29.50,25.10,27.20,34.70,30.60,32.40,6.60,OPEN_METEO_ERA5_LAND,singapore
2017-08-21,29.10,24.90,26.70,34.70,29.90,32.00,9.40,OPEN_METEO_ERA5_LAND,singapore
2017-08-22,28.60,24.20,26.30,31.90,29.10,30.40,12.80,OPEN_METEO_ERA5_LAND,singapore
2017-08-23,29.70,25.80,27.40,35.50,30.50,32.20,4.00,OPEN_METEO_ERA5_LAND,singapore
2017-08-24,29.40,24.70,27.30,35.40,29.70,32.50,0.60,OPEN_METEO_ERA5_LAND,singapore
2017-08-25,29.10,24.50,26.80,34.10,29.00,31.60,6.70,OPEN_METEO_ERA5_LAND,singapore
2017-08-26,28.90,26.00,27.00,33.30,31.20,31.90,11.70,OPEN_METEO_ERA5_LAND,singapore
2017-08-27,29.40,24.80,26.80,33.70,29.00,31.50,6.10,OPEN_METEO_ERA5_LAND,singapore
2017-08-28,28.70,25.20,26.90,34.70,30.00,32.20,8.80,OPEN_METEO_ERA5_LAND,singapore
2017-08-29,28.30,24.30,26.20,33.60,29.40,31.50,17.80,OPEN_METEO_ERA5_LAND,singapore
2017-08-30,29.20,24.70,27.00,34.10,29.80,32.00,1.30,OPEN_METEO_ERA5_LAND,singapore
2017-08-31,29.60,24.60,27.00,36.30,29.70,32.40,1.90,OPEN_METEO_ERA5_LAND,singapore
2017-09-01,29.10,25.00,26.80,35.10,30.50,32.20,10.90,OPEN_METEO_ERA5_LAND,singapore
2017-09-02,30.00,24.80,27.20,36.30,29.80,32.50,0.80,OPEN_METEO_ERA5_LAND,singapore
2017-09-03,29.60,26.10,27.40,34.90,30.90,32.70,3.20,OPEN_METEO_ERA5_LAND,singapore
2017-09-04,29.00,24.90,26.90,33.90,30.00,32.00,1.40,OPEN_METEO_ERA5_LAND,singapore
2017-09-05,28.70,24.80,26.80,34.40,29.70,32.10,19.90,OPEN_METEO_ERA5_LAND,singapore
2017-09-06,28.40,24.80,26.40,34.50,30.10,31.70,7.50,OPEN_METEO_ERA5_LAND,singapore
2017-09-07,29.20,24.50,26.70,35.30,29.90,32.10,3.90,OPEN_METEO_ERA5_LAND,singapore
2017-09-08,29.30,24.60,26.70,35.70,29.20,32.00,7.50,OPEN_METEO_ERA5_LAND,singapore
2017-09-09,29.20,24.70,26.90,35.10,30.30,32.40,9.00,OPEN_METEO_ERA5_LAND,singapore
2017-09-10,29.20,25.40,27.20,35.10,29.50,32.30,4.80,OPEN_METEO_ERA5_LAND,singapore
2017-09-11,27.90,24.40,26.10,33.40,28.50,31.50,8.60,OPEN_METEO_ERA5_LAND,singapore
2017-09-12,30.20,24.50,27.30,35.70,29.80,32.80,3.00,OPEN_METEO_ERA5_LAND,singapore
2017-09-13,30.50,24.60,27.70,36.90,30.30,33.40,0.80,OPEN_METEO_ERA5_LAND,singapore
2017-09-14,28.30,25.40,26.80,33.80,30.10,32.20,3.10,OPEN_METEO_ERA5_LAND,singapore
2017-09-15,28.80,24.80,26.80,34.80,29.30,32.10,15.40,OPEN_METEO_ERA5_LAND,singapore
2017-09-16,29.40,24.20,26.70,35.10,28.30,31.90,12.70,OPEN_METEO_ERA5_LAND,singapore
2017-09-17,29.40,25.50,27.00,33.80,30.80,32.00,20.40,OPEN_METEO_ERA5_LAND,singapore
2017-09-18,29.40,24.60,26.70,34.10,30.10,31.90,2.40,OPEN_METEO_ERA5_LAND,singapore
2017-09-19,28.60,24.70,26.10,34.60,30.00,31.80,12.50,OPEN_METEO_ERA5_LAND,singapore
2017-09-20,28.80,24.90,26.40,33.40,29.20,31.10,0.70,OPEN_METEO_ERA5_LAND,singapore
2017-09-21,29.10,25.20,26.80,34.30,29.60,31.30,2.10,OPEN_METEO_ERA5_LAND,singapore
2017-09-22,29.50,25.10,27.10,34.50,30.30,32.10,1.20,OPEN_METEO_ERA5_LAND,singapore
2017-09-23,28.90,24.90,27.20,35.10,30.00,32.70,1.90,OPEN_METEO_ERA5_LAND,singapore
2017-09-24,30.40,25.70,27.70,36.00,29.90,32.50,0.20,OPEN_METEO_ERA5_LAND,singapore
2017-09-25,29.90,25.40,27.30,36.90,31.10,33.20,10.70,OPEN_METEO_ERA5_LAND,singapore
2017-09-26,29.10,24.90,26.90,37.00,31.20,33.00,10.20,OPEN_METEO_ERA5_LAND,singapore
2017-09-27,28.70,24.70,26.70,35.60,30.00,32.60,12.30,OPEN_METEO_ERA5_LAND,singapore
2017-09-28,29.10,25.00,27.00,36.20,30.30,33.00,11.00,OPEN_METEO_ERA5_LAND,singapore
2017-09-29,28.70,24.40,26.70,35.00,29.70,32.50,22.40,OPEN_METEO_ERA5_LAND,singapore
2017-09-30,29.30,24.50,26.80,36.30,28.80,32.10,11.80,OPEN_METEO_ERA5_LAND,singapore
2017-10-01,28.80,25.30,26.70,34.40,30.20,32.30,14.80,OPEN_METEO_ERA5_LAND,singapore
2017-10-02,29.40,24.60,26.70,35.50,29.90,32.30,2.90,OPEN_METEO_ERA5_LAND,singapore
2017-10-03,29.50,24.50,26.80,35.40,30.00,32.30,11.30,OPEN_METEO_ERA5_LAND,singapore
2017-10-04,28.20,24.30,26.00,32.20,29.40,30.90,11.00,OPEN_METEO_ERA5_LAND,singapore
2017-10-05,28.90,24.30,26.20,35.20,29.60,31.70,1.20,OPEN_METEO_ERA5_LAND,singapore
2017-10-06,30.20,24.60,26.90,37.10,29.70,32.80,8.90,OPEN_METEO_ERA5_LAND,singapore
2017-10-07,29.90,24.70,26.80,37.90,30.40,32.90,4.20,OPEN_METEO_ERA5_LAND,singapore
2017-10-08,29.20,24.60,26.50,35.60,29.80,32.00,8.90,OPEN_METEO_ERA5_LAND,singapore
2017-10-09,28.70,24.80,26.60,33.30,30.20,31.60,20.10,OPEN_METEO_ERA5_LAND,singapore
2017-10-10,29.00,24.60,26.60,34.00,29.30,31.60,9.40,OPEN_METEO_ERA5_LAND,singapore
2017-10-11,30.20,24.70,27.20,36.90,30.10,32.90,14.60,OPEN_METEO_ERA5_LAND,singapore
2017-10-12,29.90,25.50,27.00,37.20,31.50,33.30,18.70,OPEN_METEO_ERA5_LAND,singapore
2017-10-13,28.30,24.10,26.10,33.10,27.70,30.90,27.70,OPEN_METEO_ERA5_LAND,singapore
2017-10-14,30.10,24.90,27.50,35.90,29.80,32.80,0.00,OPEN_METEO_ERA5_LAND,singapore
2017-10-15,30.30,24.30,27.20,37.90,29.10,33.40,5.90,OPEN_METEO_ERA5_LAND,singapore
2017-10-16,29.50,25.40,27.40,35.90,30.80,33.10,0.60,OPEN_METEO_ERA5_LAND,singapore
2017-10-17,30.90,25.80,28.20,38.20,31.50,34.10,0.10,OPEN_METEO_ERA5_LAND,singapore
2017-10-18,31.50,25.00,28.00,38.80,31.00,34.30,0.90,OPEN_METEO_ERA5_LAND,singapore
2017-10-19,30.90,24.90,28.10,37.40,30.50,34.10,0.70,OPEN_METEO_ERA5_LAND,singapore
2017-10-20,31.50,25.10,28.40,38.20,31.30,34.90,1.10,OPEN_METEO_ERA5_LAND,singapore
2017-10-21,30.60,25.60,28.00,38.10,31.10,34.60,7.30,OPEN_METEO_ERA5_LAND,singapore
2017-10-22,29.40,24.30,26.80,36.10,29.60,32.60,10.60,OPEN_METEO_ERA5_LAND,singapore
2017-10-23,29.50,24.30,26.70,34.80,29.70,32.30,3.60,OPEN_METEO_ERA5_LAND,singapore
2017-10-24,29.70,24.70,27.00,36.90,30.30,33.20,2.90,OPEN_METEO_ERA5_LAND,singapore
2017-10-25,30.60,24.20,26.90,39.50,29.20,33.00,6.00,OPEN_METEO_ERA5_LAND,singapore
2017-10-26,28.90,24.20,26.70,34.30,28.70,32.20,6.20,OPEN_METEO_ERA5_LAND,singapore
2017-10-27,29.40,24.00,26.20,36.40,29.30,31.80,6.60,OPEN_METEO_ERA5_LAND,singapore
2017-10-28,30.50,24.60,27.00,38.40,29.90,32.70,2.90,OPEN_METEO_ERA5_LAND,singapore
2017-10-29,28.80,24.40,26.30,35.20,29.60,31.90,11.10,OPEN_METEO_ERA5_LAND,singapore
2017-10-30,28.00,23.70,25.70,32.80,28.40,30.90,8.50,OPEN_METEO_ERA5_LAND,singapore
2017-10-31,26.70,23.70,25.10,32.20,28.50,30.30,12.20,OPEN_METEO_ERA5_LAND,singapore
2017-11-01,30.10,24.80,26.70,37.90,30.40,32.60,10.70,OPEN_METEO_ERA5_LAND,singapore
2017-11-02,29.80,24.20,26.90,35.20,29.50,32.20,2.60,OPEN_METEO_ERA5_LAND,singapore
2017-11-03,28.40,24.70,26.40,33.30,29.40,31.80,16.20,OPEN_METEO_ERA5_LAND,singapore
2017-11-04,29.60,25.40,27.00,34.70,30.50,32.30,8.10,OPEN_METEO_ERA5_LAND,singapore
2017-11-05,30.00,24.90,26.90,36.40,29.00,32.20,11.30,OPEN_METEO_ERA5_LAND,singapore
2017-11-06,29.40,24.50,26.50,35.70,29.40,32.20,19.00,OPEN_METEO_ERA5_LAND,singapore
2017-11-07,29.90,24.60,26.50,36.80,30.30,32.40,13.00,OPEN_METEO_ERA5_LAND,singapore
2017-11-08,29.40,24.20,26.40,34.60,28.70,31.60,11.60,OPEN_METEO_ERA5_LAND,singapore
2017-11-09,30.00,24.70,26.60,37.60,29.70,32.00,10.80,OPEN_METEO_ERA5_LAND,singapore
2017-11-10,29.80,24.00,26.20,37.20,29.50,31.80,9.00,OPEN_METEO_ERA5_LAND,singapore
2017-11-11,28.60,24.40,26.20,34.40,29.70,31.80,18.90,OPEN_METEO_ERA5_LAND,singapore
2017-11-12,28.20,24.70,26.40,33.60,29.80,31.70,9.40,OPEN_METEO_ERA5_LAND,singapore
2017-11-13,29.80,24.60,26.80,35.70,30.10,32.50,11.10,OPEN_METEO_ERA5_LAND,singapore
2017-11-14,27.30,23.70,25.10,32.70,27.20,30.30,26.40,OPEN_METEO_ERA5_LAND,singapore
2017-11-15,29.70,23.80,26.40,36.40,28.90,32.10,11.20,OPEN_METEO_ERA5_LAND,singapore
2017-11-16,30.30,24.40,26.90,38.30,29.90,32.70,6.50,OPEN_METEO_ERA5_LAND,singapore
2017-11-17,29.40,24.40,26.60,36.30,29.80,32.30,6.00,OPEN_METEO_ERA5_LAND,singapore
2017-11-18,31.00,23.70,26.70,39.50,28.40,32.40,9.90,OPEN_METEO_ERA5_LAND,singapore
2017-11-19,28.90,24.40,26.80,35.50,29.70,32.50,0.80,OPEN_METEO_ERA5_LAND,singapore
2017-11-20,30.00,24.70,26.70,37.70,30.00,32.30,6.10,OPEN_METEO_ERA5_LAND,singapore
2017-11-21,28.20,24.10,26.10,34.10,29.10,31.60,12.20,OPEN_METEO_ERA5_LAND,singapore
2017-11-22,30.50,23.80,26.90,36.80,28.80,32.50,3.40,OPEN_METEO_ERA5_LAND,singapore
2017-11-23,28.50,24.30,26.00,34.60,29.10,31.30,19.80,OPEN_METEO_ERA5_LAND,singapore
2017-11-24,28.00,24.30,25.50,32.30,28.60,30.30,9.80,OPEN_METEO_ERA5_LAND,singapore
2017-11-25,30.20,24.20,26.60,36.40,29.10,31.90,9.10,OPEN_METEO_ERA5_LAND,singapore
2017-11-26,28.40,23.90,25.30,34.60,28.30,30.40,19.40,OPEN_METEO_ERA5_LAND,singapore
2017-11-27,26.30,23.40,24.90,30.80,27.70,29.70,8.40,OPEN_METEO_ERA5_LAND,singapore
2017-11-28,29.10,23.80,25.80,34.20,27.80,30.30,4.60,OPEN_METEO_ERA5_LAND,singapore
2017-11-29,27.80,24.50,25.70,33.10,29.00,30.40,18.00,OPEN_METEO_ERA5_LAND,singapore
2017-11-30,29.40,24.70,26.60,33.00,28.10,30.60,1.10,OPEN_METEO_ERA5_LAND,singapore
2017-12-01,30.70,24.10,26.50,38.40,28.50,31.90,1.50,OPEN_METEO_ERA5_LAND,singapore
2017-12-02,31.20,24.00,27.10,39.60,28.20,32.60,0.80,OPEN_METEO_ERA5_LAND,singapore
2017-12-03,30.50,24.70,27.10,38.90,29.50,33.10,7.60,OPEN_METEO_ERA5_LAND,singapore
2017-12-04,29.90,24.70,26.80,37.60,30.10,32.90,16.90,OPEN_METEO_ERA5_LAND,singapore
2017-12-05,29.90,24.50,27.00,37.30,30.00,32.80,12.00,OPEN_METEO_ERA5_LAND,singapore
2017-12-06,29.70,25.00,27.00,36.40,30.70,32.80,7.90,OPEN_METEO_ERA5_LAND,singapore
2017-12-07,28.60,24.80,26.20,35.70,29.90,31.40,7.60,OPEN_METEO_ERA5_LAND,singapore
2017-12-08,29.90,24.50,26.10,35.30,29.20,30.50,4.60,OPEN_METEO_ERA5_LAND,singapore
2017-12-09,27.00,23.80,25.10,31.00,28.20,29.40,5.90,OPEN_METEO_ERA5_LAND,singapore
2017-12-10,30.50,22.80,26.30,36.50,27.20,31.10,4.80,OPEN_METEO_ERA5_LAND,singapore
2017-12-11,29.80,23.60,26.10,35.80,28.40,31.10,6.60,OPEN_METEO_ERA5_LAND,singapore
2017-12-12,27.50,23.90,25.40,32.50,28.30,30.10,27.20,OPEN_METEO_ERA5_LAND,singapore
2017-12-13,29.10,23.60,25.40,35.00,27.80,30.40,38.80,OPEN_METEO_ERA5_LAND,singapore
2017-12-14,28.90,23.70,25.80,36.30,28.10,30.80,4.30,OPEN_METEO_ERA5_LAND,singapore
2017-12-15,29.80,23.90,26.00,36.40,28.10,31.00,11.70,OPEN_METEO_ERA5_LAND,singapore
2017-12-16,29.30,23.20,25.70,36.40,27.70,30.80,9.70,OPEN_METEO_ERA5_LAND,singapore
2017-12-17,28.70,23.90,25.90,33.70,28.00,29.80,7.70,OPEN_METEO_ERA5_LAND,singapore
2017-12-18,29.40,24.10,26.30,32.50,27.60,29.40,0.00,OPEN_METEO_ERA5_LAND,singapore
2017-12-19,28.90,23.90,25.80,31.80,27.40,28.80,0.70,OPEN_METEO_ERA5_LAND,singapore
2017-12-20,28.50,23.40,25.40,32.80,26.50,28.80,0.60,OPEN_METEO_ERA5_LAND,singapore
2017-12-21,29.50,23.80,26.00,34.90,27.10,29.80,2.80,OPEN_METEO_ERA5_LAND,singapore
2017-12-22,30.10,23.90,26.50,34.20,27.60,30.70,6.60,OPEN_METEO_ERA5_LAND,singapore
2017-12-23,28.70,24.00,25.90,33.80,28.30,30.40,5.30,OPEN_METEO_ERA5_LAND,singapore
2017-12-24,27.90,24.80,25.70,33.40,29.10,30.10,19.70,OPEN_METEO_ERA5_LAND,singapore
2017-12-25,29.80,23.70,26.10,35.50,28.20,31.00,3.20,OPEN_METEO_ERA5_LAND,singapore
2017-12-26,29.20,24.20,26.00,33.80,29.10,31.00,3.60,OPEN_METEO_ERA5_LAND,singapore
2017-12-27,27.90,23.50,25.40,32.50,28.10,30.00,10.00,OPEN_METEO_ERA5_LAND,singapore
2017-12-28,30.00,24.10,26.30,37.00,28.80,31.30,6.40,OPEN_METEO_ERA5_LAND,singapore
2017-12-29,29.30,24.20,26.40,34.30,28.70,31.10,11.50,OPEN_METEO_ERA5_LAND,singapore
2017-12-30,28.60,23.90,25.60,35.00,28.50,29.90,5.50,OPEN_METEO_ERA5_LAND,singapore
2017-12-31,27.10,23.70,24.80,32.20,27.80,29.00,12.80,OPEN_METEO_ERA5_LAND,singapore
2018-01-01,25.70,23.40,24.20,30.00,27.80,28.80,15.10,OPEN_METEO_ERA5_LAND,singapore
2018-01-02,27.40,23.30,24.90,31.60,27.60,29.30,4.10,OPEN_METEO_ERA5_LAND,singapore
2018-01-03,28.60,23.00,25.10,34.60,27.30,29.70,8.70,OPEN_METEO_ERA5_LAND,singapore
2018-01-04,28.80,22.90,25.70,34.90,27.20,30.50,3.50,OPEN_METEO_ERA5_LAND,singapore
2018-01-05,28.10,23.90,25.50,33.20,28.70,30.70,1.70,OPEN_METEO_ERA5_LAND,singapore
2018-01-06,30.20,23.30,26.40,36.10,28.20,31.90,0.90,OPEN_METEO_ERA5_LAND,singapore
2018-01-07,28.20,24.80,26.30,33.70,30.30,31.60,10.10,OPEN_METEO_ERA5_LAND,singapore
2018-01-08,28.90,24.00,26.10,34.30,29.10,31.40,9.90,OPEN_METEO_ERA5_LAND,singapore
2018-01-09,28.70,24.30,26.00,36.30,29.00,31.10,8.00,OPEN_METEO_ERA5_LAND,singapore
2018-01-10,26.80,23.50,24.60,30.90,27.80,28.80,23.60,OPEN_METEO_ERA5_LAND,singapore
2018-01-11,24.50,21.80,23.40,28.60,23.20,26.80,43.10,OPEN_METEO_ERA5_LAND,singapore
2018-01-12,23.60,21.80,22.60,27.00,23.10,25.00,46.60,OPEN_METEO_ERA5_LAND,singapore
2018-01-13,23.70,21.90,22.70,27.80,24.30,25.80,22.80,OPEN_METEO_ERA5_LAND,singapore
2018-01-14,25.00,21.70,23.00,28.20,24.10,25.80,14.30,OPEN_METEO_ERA5_LAND,singapore
2018-01-15,27.20,21.90,24.10,30.40,23.80,27.20,0.60,OPEN_METEO_ERA5_LAND,singapore
2018-01-16,28.70,22.30,24.90,34.20,25.10,28.80,1.80,OPEN_METEO_ERA5_LAND,singapore
2018-01-17,28.90,23.00,25.70,33.40,26.50,29.60,3.00,OPEN_METEO_ERA5_LAND,singapore
2018-01-18,29.80,23.30,26.20,35.30,27.60,30.30,0.20,OPEN_METEO_ERA5_LAND,singapore
2018-01-19,29.90,23.20,25.70,36.80,27.40,30.30,3.70,OPEN_METEO_ERA5_LAND,singapore
2018-01-20,28.50,23.40,25.60,33.80,28.00,30.60,10.30,OPEN_METEO_ERA5_LAND,singapore
2018-01-21,29.70,23.50,26.00,34.90,27.90,30.70,1.40,OPEN_METEO_ERA5_LAND,singapore
2018-01-22,29.30,23.80,26.10,35.70,28.60,31.10,7.60,OPEN_METEO_ERA5_LAND,singapore
2018-01-23,29.00,24.00,25.90,34.00,28.00,30.40,6.10,OPEN_METEO_ERA5_LAND,singapore
2018-01-24,29.30,23.90,25.70,35.60,28.20,30.60,12.70,OPEN_METEO_ERA5_LAND,singapore
2018-01-25,29.10,23.70,26.00,35.30,27.70,30.80,4.20,OPEN_METEO_ERA5_LAND,singapore
2018-01-26,29.40,23.90,25.90,37.00,28.10,30.70,6.20,OPEN_METEO_ERA5_LAND,singapore
2018-01-27,28.80,23.60,26.00,34.20,27.40,30.50,2.20,OPEN_METEO_ERA5_LAND,singapore
2018-01-28,29.40,24.30,26.40,34.40,28.80,31.10,2.10,OPEN_METEO_ERA5_LAND,singapore
2018-01-29,30.40,24.20,26.50,37.70,28.70,31.80,5.70,OPEN_METEO_ERA5_LAND,singapore
2018-01-30,30.40,24.50,26.70,36.30,29.30,31.60,8.50,OPEN_METEO_ERA5_LAND,singapore
2018-01-31,30.20,24.40,26.60,37.10,28.30,31.10,1.90,OPEN_METEO_ERA5_LAND,singapore
2018-02-01,29.90,24.30,26.50,35.40,28.30,30.80,6.10,OPEN_METEO_ERA5_LAND,singapore
2018-02-02,28.10,24.20,25.60,33.30,28.10,29.60,2.60,OPEN_METEO_ERA5_LAND,singapore
2018-02-03,28.70,24.00,25.70,32.60,27.40,29.00,1.30,OPEN_METEO_ERA5_LAND,singapore
2018-02-04,28.50,24.20,25.80,30.80,27.10,28.40,1.50,OPEN_METEO_ERA5_LAND,singapore
2018-02-05,28.20,24.00,25.70,30.60,26.70,28.10,0.40,OPEN_METEO_ERA5_LAND,singapore
2018-02-06,28.00,23.10,25.30,30.60,26.00,27.80,0.20,OPEN_METEO_ERA5_LAND,singapore
2018-02-07,27.40,22.80,24.90,29.90,25.70,27.30,1.40,OPEN_METEO_ERA5_LAND,singapore
2018-02-08,28.10,22.70,25.10,31.30,25.60,27.80,0.40,OPEN_METEO_ERA5_LAND,singapore
2018-02-09,29.10,22.00,25.00,32.70,24.20,27.20,0.00,OPEN_METEO_ERA5_LAND,singapore
2018-02-10,29.60,22.20,25.30,33.80,24.40,27.90,0.00,OPEN_METEO_ERA5_LAND,singapore
2018-02-11,29.40,21.70,25.10,33.20,24.50,27.70,0.00,OPEN_METEO_ERA5_LAND,singapore
2018-02-12,29.70,22.90,25.60,31.90,24.30,27.70,0.00,OPEN_METEO_ERA5_LAND,singapore
2018-02-13,29.10,22.00,25.30,32.80,25.80,28.70,3.00,OPEN_METEO_ERA5_LAND,singapore
2018-02-14,29.30,22.90,25.60,34.20,25.90,29.00,1.90,OPEN_METEO_ERA5_LAND,singapore
2018-02-15,31.10,23.10,26.30,36.90,27.20,30.70,0.40,OPEN_METEO_ERA5_LAND,singapore
2018-02-16,31.40,23.40,26.80,36.40,27.60,31.40,0.30,OPEN_METEO_ERA5_LAND,singapore
2018-02-17,30.70,23.90,26.30,37.50,27.90,31.10,3.80,OPEN_METEO_ERA5_LAND,singapore
2018-02-18,30.10,23.30,26.50,35.90,28.00,31.10,2.30,OPEN_METEO_ERA5_LAND,singapore
2018-02-19,30.60,22.50,26.40,35.20,26.60,30.20,2.70,OPEN_METEO_ERA5_LAND,singapore
2018-02-20,31.80,23.10,26.90,36.60,27.20,30.80,0.00,OPEN_METEO_ERA5_LAND,singapore
2018-02-21,30.80,23.80,27.10,35.20,28.40,31.00,1.60,OPEN_METEO_ERA5_LAND,singapore
2018-02-22,32.20,23.60,27.30,37.30,28.30,31.50,0.10,OPEN_METEO_ERA5_LAND,singapore
2018-02-23,30.30,24.20,26.30,35.70,29.30,30.80,9.50,OPEN_METEO_ERA5_LAND,singapore
2018-02-24,28.40,23.70,25.80,31.70,27.50,29.50,0.30,OPEN_METEO_ERA5_LAND,singapore
2018-02-25,29.70,24.20,26.30,34.40,28.50,30.30,5.80,OPEN_METEO_ERA5_LAND,singapore
2018-02-26,29.20,24.30,26.50,33.40,28.70,30.00,0.50,OPEN_METEO_ERA5_LAND,singapore
2018-02-27,29.80,23.10,26.30,34.20,27.50,30.30,2.20,OPEN_METEO_ERA5_LAND,singapore
2018-02-28,31.70,23.80,27.00,38.50,28.30,32.00,3.90,OPEN_METEO_ERA5_LAND,singapore
2018-03-01,30.20,23.80,26.80,36.80,28.70,31.90,2.50,OPEN_METEO_ERA5_LAND,singapore
2018-03-02,30.60,23.80,27.00,37.10,28.90,32.20,2.20,OPEN_METEO_ERA5_LAND,singapore
2018-03-03,30.70,24.90,27.00,37.50,30.50,32.50,7.60,OPEN_METEO_ERA5_LAND,singapore
2018-03-04,30.00,24.30,26.80,38.60,29.80,32.40,7.20,OPEN_METEO_ERA5_LAND,singapore
2018-03-05,30.00,24.30,27.00,34.90,29.60,32.00,4.30,OPEN_METEO_ERA5_LAND,singapore
2018-03-06,31.20,24.30,27.10,38.10,29.30,32.50,12.90,OPEN_METEO_ERA5_LAND,singapore
2018-03-07,29.90,23.60,26.40,36.60,28.10,31.60,9.40,OPEN_METEO_ERA5_LAND,singapore
2018-03-08,29.60,23.30,26.40,33.70,27.80,30.70,8.00,OPEN_METEO_ERA5_LAND,singapore
2018-03-09,31.00,24.40,27.20,35.00,28.90,31.20,0.90,OPEN_METEO_ERA5_LAND,singapore
2018-03-10,28.50,24.30,26.20,33.40,28.30,29.80,7.20,OPEN_METEO_ERA5_LAND,singapore
2018-03-11,30.30,24.00,26.60,34.50,28.00,30.30,1.60,OPEN_METEO_ERA5_LAND,singapore
2018-03-12,29.00,24.30,26.20,34.00,28.70,30.30,5.80,OPEN_METEO_ERA5_LAND,singapore
2018-03-13,29.80,24.10,26.60,34.60,29.10,31.10,2.40,OPEN_METEO_ERA5_LAND,singapore
2018-03-14,31.80,22.80,27.00,36.20,27.00,31.60,0.50,OPEN_METEO_ERA5_LAND,singapore
2018-03-15,31.60,24.20,27.60,38.70,29.40,33.00,1.00,OPEN_METEO_ERA5_LAND,singapore
2018-03-16,31.30,24.70,27.50,38.90,30.00,32.60,4.10,OPEN_METEO_ERA5_LAND,singapore
2018-03-17,30.20,24.90,27.40,37.70,30.60,32.90,9.50,OPEN_METEO_ERA5_LAND,singapore
2018-03-18,30.90,24.20,27.20,36.50,29.40,31.90,3.20,OPEN_METEO_ERA5_LAND,singapore
2018-03-19,30.70,24.40,27.40,37.00,29.50,32.40,3.80,OPEN_METEO_ERA5_LAND,singapore
2018-03-20,30.60,24.90,27.30,36.60,30.60,32.50,2.30,OPEN_METEO_ERA5_LAND,singapore
2018-03-21,29.80,24.00,26.90,36.40,29.00,32.00,9.90,OPEN_METEO_ERA5_LAND,singapore
2018-03-22,31.00,24.90,27.50,35.00,29.60,31.70,1.40,OPEN_METEO_ERA5_LAND,singapore
2018-03-23,31.60,23.90,27.60,36.40,28.50,31.70,0.80,OPEN_METEO_ERA5_LAND,singapore
2018-03-24,31.70,23.60,27.30,35.70,28.10,31.20,0.20,OPEN_METEO_ERA5_LAND,singapore
2018-03-25,29.90,25.30,26.70,33.80,30.00,31.20,1.40,OPEN_METEO_ERA5_LAND,singapore
2018-03-26,29.50,24.30,26.30,36.10,29.50,31.70,22.00,OPEN_METEO_ERA5_LAND,singapore
2018-03-27,28.50,23.70,25.30,34.40,28.10,30.20,25.80,OPEN_METEO_ERA5_LAND,singapore
2018-03-28,29.60,23.20,26.00,38.50,27.80,31.50,4.90,OPEN_METEO_ERA5_LAND,singapore
2018-03-29,29.10,24.30,26.50,36.50,29.00,32.10,7.20,OPEN_METEO_ERA5_LAND,singapore
2018-03-30,29.10,24.60,26.40,37.00,29.20,31.90,21.80,OPEN_METEO_ERA5_LAND,singapore
2018-03-31,30.10,24.00,26.60,38.30,28.80,32.10,5.80,OPEN_METEO_ERA5_LAND,singapore
2018-04-01,30.00,23.60,26.20,36.40,28.00,31.30,8.10,OPEN_METEO_ERA5_LAND,singapore
2018-04-02,29.60,23.70,26.40,36.60,28.00,31.50,3.70,OPEN_METEO_ERA5_LAND,singapore
2018-04-03,30.40,24.10,27.00,38.30,28.00,32.30,1.90,OPEN_METEO_ERA5_LAND,singapore
2018-04-04,30.30,23.70,27.00,36.10,28.70,32.00,0.00,OPEN_METEO_ERA5_LAND,singapore
2018-04-05,30.70,23.80,27.00,37.00,28.50,32.10,1.00,OPEN_METEO_ERA5_LAND,singapore
2018-04-06,30.90,23.70,26.70,37.90,28.50,32.00,7.70,OPEN_METEO_ERA5_LAND,singapore
2018-04-07,30.40,24.60,26.90,37.10,29.80,32.10,4.00,OPEN_METEO_ERA5_LAND,singapore
2018-04-08,29.60,24.60,26.60,34.10,29.40,31.10,3.80,OPEN_METEO_ERA5_LAND,singapore
2018-04-09,29.60,24.30,26.70,34.00,29.40,31.50,2.30,OPEN_METEO_ERA5_LAND,singapore
2018-04-10,29.30,24.30,26.70,36.40,29.60,32.40,2.00,OPEN_METEO_ERA5_LAND,singapore
2018-04-11,30.30,25.00,27.30,37.40,30.10,32.70,9.20,OPEN_METEO_ERA5_LAND,singapore
2018-04-12,30.00,24.40,26.90,37.00,29.80,32.60,12.00,OPEN_METEO_ERA5_LAND,singapore
2018-04-13,29.70,25.50,26.90,36.90,31.00,32.40,9.40,OPEN_METEO_ERA5_LAND,singapore
2018-04-14,29.60,24.40,26.40,36.70,29.20,32.00,22.40,OPEN_METEO_ERA5_LAND,singapore
2018-04-15,30.10,24.70,26.60,37.70,30.00,32.50,15.40,OPEN_METEO_ERA5_LAND,singapore
2018-04-16,27.80,24.20,25.70,33.70,29.10,31.20,21.10,OPEN_METEO_ERA5_LAND,singapore
2018-04-17,30.60,23.60,26.20,39.00,28.80,31.70,13.80,OPEN_METEO_ERA5_LAND,singapore
2018-04-18,29.70,24.00,26.50,37.20,29.00,31.60,13.50,OPEN_METEO_ERA5_LAND,singapore
2018-04-19,29.90,24.40,26.50,37.10,29.80,32.00,5.80,OPEN_METEO_ERA5_LAND,singapore
2018-04-20,30.00,24.10,26.60,37.50,29.10,32.30,9.60,OPEN_METEO_ERA5_LAND,singapore
2018-04-21,29.80,23.90,26.40,37.30,28.90,32.10,8.80,OPEN_METEO_ERA5_LAND,singapore
2018-04-22,30.00,24.30,26.80,36.90,29.70,32.70,5.20,OPEN_METEO_ERA5_LAND,singapore
2018-04-23,29.80,24.70,26.50,36.80,30.30,32.40,20.30,OPEN_METEO_ERA5_LAND,singapore
2018-04-24,28.50,25.00,26.60,34.70,30.30,32.10,18.80,OPEN_METEO_ERA5_LAND,singapore
2018-04-25,30.40,25.80,27.80,36.40,31.00,33.40,7.40,OPEN_METEO_ERA5_LAND,singapore
2018-04-26,30.10,25.30,27.10,37.90,31.10,33.30,15.70,OPEN_METEO_ERA5_LAND,singapore
2018-04-27,29.50,25.00,26.40,36.40,30.40,32.40,17.90,OPEN_METEO_ERA5_LAND,singapore
2018-04-28,30.00,24.20,26.90,37.30,29.50,32.80,9.20,OPEN_METEO_ERA5_LAND,singapore
2018-04-29,30.10,25.40,27.50,36.70,31.00,33.50,5.40,OPEN_METEO_ERA5_LAND,singapore
2018-04-30,29.50,26.30,27.50,36.20,30.70,33.20,10.30,OPEN_METEO_ERA5_LAND,singapore
2018-05-01,28.30,25.00,26.40,34.00,30.20,32.00,16.90,OPEN_METEO_ERA5_LAND,singapore
2018-05-02,30.40,24.20,26.80,39.20,29.70,32.80,8.40,OPEN_METEO_ERA5_LAND,singapore
2018-05-03,30.50,23.90,27.20,38.40,28.90,33.40,6.20,OPEN_METEO_ERA5_LAND,singapore
2018-05-04,29.60,24.60,27.20,37.20,30.30,33.10,2.20,OPEN_METEO_ERA5_LAND,singapore
2018-05-05,28.90,25.20,27.10,35.80,30.40,32.90,9.10,OPEN_METEO_ERA5_LAND,singapore
2018-05-06,30.40,25.80,27.70,37.30,31.10,33.50,4.20,OPEN_METEO_ERA5_LAND,singapore
2018-05-07,29.90,25.40,27.70,35.90,31.10,33.50,0.20,OPEN_METEO_ERA5_LAND,singapore
2018-05-08,30.80,25.30,28.10,36.80,31.10,33.70,0.20,OPEN_METEO_ERA5_LAND,singapore
2018-05-09,30.40,26.50,28.10,36.00,31.70,33.60,2.70,OPEN_METEO_ERA5_LAND,singapore
2018-05-10,29.70,25.70,27.30,37.30,30.90,33.00,6.40,OPEN_METEO_ERA5_LAND,singapore
2018-05-11,30.10,25.40,27.40,36.50,30.60,33.10,6.40,OPEN_METEO_ERA5_LAND,singapore
2018-05-12,29.60,24.70,26.90,35.10,30.10,32.50,5.40,OPEN_METEO_ERA5_LAND,singapore
2018-05-13,28.80,24.80,26.80,34.10,29.80,32.10,4.20,OPEN_METEO_ERA5_LAND,singapore
2018-05-14,29.20,24.40,26.70,35.90,28.40,32.30,14.90,OPEN_METEO_ERA5_LAND,singapore
2018-05-15,29.40,24.80,26.70,37.50,29.80,32.60,19.90,OPEN_METEO_ERA5_LAND,singapore
2018-05-16,29.30,24.70,26.80,36.90,29.70,32.60,20.10,OPEN_METEO_ERA5_LAND,singapore
2018-05-17,29.80,24.50,27.10,36.10,29.10,33.20,12.60,OPEN_METEO_ERA5_LAND,singapore
2018-05-18,29.40,24.90,26.90,35.60,30.40,32.80,7.10,OPEN_METEO_ERA5_LAND,singapore
2018-05-19,29.30,24.70,26.60,36.90,30.20,32.60,18.00,OPEN_METEO_ERA5_LAND,singapore
2018-05-20,28.90,24.60,26.40,34.40,30.30,32.20,17.40,OPEN_METEO_ERA5_LAND,singapore
2018-05-21,28.90,24.50,26.90,35.00,29.70,32.50,2.70,OPEN_METEO_ERA5_LAND,singapore
2018-05-22,28.70,25.20,26.80,35.30,31.00,32.80,15.70,OPEN_METEO_ERA5_LAND,singapore
2018-05-23,28.60,24.80,26.30,34.40,30.60,32.10,38.20,OPEN_METEO_ERA5_LAND,singapore
2018-05-24,31.20,25.10,27.60,37.90,30.80,33.20,4.40,OPEN_METEO_ERA5_LAND,singapore
2018-05-25,29.90,24.60,26.90,37.30,30.40,32.80,5.60,OPEN_METEO_ERA5_LAND,singapore
2018-05-26,29.40,24.70,26.80,37.40,30.40,32.70,18.40,OPEN_METEO_ERA5_LAND,singapore
2018-05-27,29.00,24.20,26.30,35.60,29.70,32.00,8.20,OPEN_METEO_ERA5_LAND,singapore
2018-05-28,29.20,24.80,26.90,35.50,30.30,32.50,4.80,OPEN_METEO_ERA5_LAND,singapore
2018-05-29,30.20,25.80,27.30,37.00,31.70,33.70,10.40,OPEN_METEO_ERA5_LAND,singapore
2018-05-30,28.70,25.10,26.90,33.40,30.70,32.40,2.80,OPEN_METEO_ERA5_LAND,singapore
2018-05-31,28.90,25.70,27.00,34.10,30.80,32.80,15.10,OPEN_METEO_ERA5_LAND,singapore
2018-06-01,28.90,24.90,26.70,33.50,29.70,31.90,2.40,OPEN_METEO_ERA5_LAND,singapore
2018-06-02,29.50,24.40,26.50,34.70,29.90,32.00,1.10,OPEN_METEO_ERA5_LAND,singapore
2018-06-03,30.30,25.30,27.50,36.70,31.40,33.70,0.90,OPEN_METEO_ERA5_LAND,singapore
2018-06-04,30.20,25.90,27.90,36.20,31.30,33.40,3.60,OPEN_METEO_ERA5_LAND,singapore
2018-06-05,30.30,26.30,27.70,36.40,32.20,33.50,7.10,OPEN_METEO_ERA5_LAND,singapore
2018-06-06,30.50,25.60,28.10,36.70,31.30,34.00,0.80,OPEN_METEO_ERA5_LAND,singapore
2018-06-07,30.30,25.80,28.10,37.40,31.40,34.30,1.80,OPEN_METEO_ERA5_LAND,singapore
2018-06-08,28.70,25.90,27.40,35.40,31.40,33.30,5.20,OPEN_METEO_ERA5_LAND,singapore
2018-06-09,30.30,26.50,28.20,35.90,32.40,33.80,0.00,OPEN_METEO_ERA5_LAND,singapore
2018-06-10,29.90,27.30,28.40,33.90,31.90,33.10,0.40,OPEN_METEO_ERA5_LAND,singapore
2018-06-11,29.20,26.90,27.80,34.80,32.00,33.10,4.00,OPEN_METEO_ERA5_LAND,singapore
2018-06-12,30.10,26.60,28.20,34.90,32.20,33.40,3.40,OPEN_METEO_ERA5_LAND,singapore
2018-06-13,29.00,26.20,27.40,35.40,31.70,33.00,6.90,OPEN_METEO_ERA5_LAND,singapore
2018-06-14,29.60,25.40,27.20,36.90,30.90,33.20,6.30,OPEN_METEO_ERA5_LAND,singapore
2018-06-15,28.60,24.80,27.00,33.40,29.70,32.10,8.90,OPEN_METEO_ERA5_LAND,singapore
2018-06-16,30.20,26.30,28.00,35.80,31.70,33.30,1.40,OPEN_METEO_ERA5_LAND,singapore
2018-06-17,29.10,24.80,27.30,34.70,30.20,32.70,6.90,OPEN_METEO_ERA5_LAND,singapore
2018-06-18,29.20,25.30,27.20,34.20,30.40,32.40,6.30,OPEN_METEO_ERA5_LAND,singapore
2018-06-19,29.70,25.40,27.50,33.80,30.60,32.30,3.80,OPEN_METEO_ERA5_LAND,singapore
2018-06-20,28.60,25.60,27.10,33.60,31.20,32.40,10.80,OPEN_METEO_ERA5_LAND,singapore
2018-06-21,28.70,25.60,26.90,34.50,31.40,32.70,7.70,OPEN_METEO_ERA5_LAND,singapore
2018-06-22,29.70,24.50,26.90,35.10,30.40,32.60,4.40,OPEN_METEO_ERA5_LAND,singapore
2018-06-23,28.40,24.50,26.20,34.60,29.80,31.80,20.60,OPEN_METEO_ERA5_LAND,singapore
2018-06-24,28.70,24.20,26.20,34.10,29.00,30.90,6.20,OPEN_METEO_ERA5_LAND,singapore
2018-06-25,26.90,24.60,25.80,31.50,29.10,30.40,2.30,OPEN_METEO_ERA5_LAND,singapore
2018-06-26,28.30,24.80,26.20,33.40,29.40,31.20,3.20,OPEN_METEO_ERA5_LAND,singapore
2018-06-27,28.40,23.70,26.10,32.50,28.50,30.50,13.70,OPEN_METEO_ERA5_LAND,singapore
2018-06-28,28.00,23.40,26.00,33.90,27.60,30.70,17.20,OPEN_METEO_ERA5_LAND,singapore
2018-06-29,26.70,24.00,25.40,31.50,28.50,30.30,14.60,OPEN_METEO_ERA5_LAND,singapore
2018-06-30,29.00,25.00,26.60,33.80,29.40,31.10,1.40,OPEN_METEO_ERA5_LAND,singapore
2018-07-01,28.50,24.10,26.50,34.30,28.70,31.20,9.60,OPEN_METEO_ERA5_LAND,singapore
2018-07-02,28.40,24.80,26.40,32.80,30.10,31.40,5.70,OPEN_METEO_ERA5_LAND,singapore
2018-07-03,28.70,24.90,26.20,32.30,29.40,31.00,10.70,OPEN_METEO_ERA5_LAND,singapore
2018-07-04,29.30,24.30,26.90,33.20,29.30,31.50,1.40,OPEN_METEO_ERA5_LAND,singapore
2018-07-05,29.50,24.10,27.10,34.40,28.70,31.70,0.00,OPEN_METEO_ERA5_LAND,singapore
2018-07-06,29.20,25.80,27.30,33.70,30.20,31.70,0.70,OPEN_METEO_ERA5_LAND,singapore
2018-07-07,28.70,25.60,26.90,34.50,30.80,31.90,4.10,OPEN_METEO_ERA5_LAND,singapore
2018-07-08,29.10,25.30,27.20,33.80,30.60,32.10,0.90,OPEN_METEO_ERA5_LAND,singapore
2018-07-09,28.90,25.60,27.10,33.70,29.80,31.90,5.80,OPEN_METEO_ERA5_LAND,singapore
2018-07-10,28.40,24.70,26.70,32.70,29.40,31.50,3.50,OPEN_METEO_ERA5_LAND,singapore
2018-07-11,28.30,26.20,27.00,32.60,31.20,31.80,0.00,OPEN_METEO_ERA5_LAND,singapore
2018-07-12,29.70,26.10,27.50,35.60,31.70,32.70,1.90,OPEN_METEO_ERA5_LAND,singapore
2018-07-13,28.90,26.10,27.20,33.60,30.60,31.70,1.50,OPEN_METEO_ERA5_LAND,singapore
2018-07-14,28.90,25.90,27.10,33.10,30.10,31.60,1.20,OPEN_METEO_ERA5_LAND,singapore
2018-07-15,28.20,25.50,26.80,32.70,30.30,31.50,1.60,OPEN_METEO_ERA5_LAND,singapore
2018-07-16,29.40,24.90,27.20,33.90,30.10,31.80,0.80,OPEN_METEO_ERA5_LAND,singapore
2018-07-17,29.60,26.00,27.70,33.80,30.90,32.10,0.30,OPEN_METEO_ERA5_LAND,singapore
2018-07-18,29.90,26.30,27.80,34.30,30.20,32.20,2.10,OPEN_METEO_ERA5_LAND,singapore
2018-07-19,29.20,26.10,27.50,34.30,30.40,32.10,2.00,OPEN_METEO_ERA5_LAND,singapore
2018-07-20,29.40,26.00,27.40,34.50,31.00,32.70,11.30,OPEN_METEO_ERA5_LAND,singapore
2018-07-21,29.30,26.20,27.50,34.70,31.50,32.90,8.20,OPEN_METEO_ERA5_LAND,singapore
2018-07-22,29.50,26.60,27.90,34.40,31.70,32.90,5.30,OPEN_METEO_ERA5_LAND,singapore
2018-07-23,28.70,26.50,27.50,35.00,31.60,33.00,7.00,OPEN_METEO_ERA5_LAND,singapore
2018-07-24,29.90,26.20,27.70,35.20,31.50,32.80,2.20,OPEN_METEO_ERA5_LAND,singapore
2018-07-25,29.00,25.50,27.00,34.50,31.00,32.40,3.00,OPEN_METEO_ERA5_LAND,singapore
2018-07-26,30.20,25.20,27.70,36.30,30.50,32.90,0.10,OPEN_METEO_ERA5_LAND,singapore
2018-07-27,30.60,25.30,28.00,35.70,30.70,32.70,0.10,OPEN_METEO_ERA5_LAND,singapore
2018-07-28,29.80,26.00,27.80,36.50,30.80,33.10,4.60,OPEN_METEO_ERA5_LAND,singapore
2018-07-29,28.90,25.80,27.20,34.60,31.30,32.50,9.20,OPEN_METEO_ERA5_LAND,singapore
2018-07-30,28.60,25.30,26.50,34.60,30.30,31.80,13.10,OPEN_METEO_ERA5_LAND,singapore
2018-07-31,29.10,25.10,26.50,34.00,30.50,31.90,22.80,OPEN_METEO_ERA5_LAND,singapore
2018-08-01,27.90,24.50,25.70,32.70,29.20,30.90,11.60,OPEN_METEO_ERA5_LAND,singapore
2018-08-02,29.00,24.60,26.60,33.70,29.10,31.20,0.70,OPEN_METEO_ERA5_LAND,singapore
2018-08-03,29.30,24.80,27.00,34.60,29.80,31.80,1.50,OPEN_METEO_ERA5_LAND,singapore
2018-08-04,28.60,25.90,26.90,33.70,30.30,31.50,5.30,OPEN_METEO_ERA5_LAND,singapore
2018-08-05,27.90,25.60,26.70,32.90,30.10,31.30,6.10,OPEN_METEO_ERA5_LAND,singapore
2018-08-06,28.40,25.70,26.80,33.90,30.30,31.50,5.60,OPEN_METEO_ERA5_LAND,singapore
2018-08-07,28.60,24.50,26.60,32.70,29.20,31.20,6.50,OPEN_METEO_ERA5_LAND,singapore
2018-08-08,28.20,25.00,26.20,32.70,29.30,31.20,11.00,OPEN_METEO_ERA5_LAND,singapore
2018-08-09,29.00,25.40,27.00,33.40,30.90,31.90,1.90,OPEN_METEO_ERA5_LAND,singapore
2018-08-10,29.90,25.50,27.50,34.70,30.00,32.60,1.00,OPEN_METEO_ERA5_LAND,singapore
2018-08-11,29.30,25.90,27.40,34.20,31.50,32.50,0.80,OPEN_METEO_ERA5_LAND,singapore
2018-08-12,29.70,25.80,27.50,34.30,31.10,32.60,0.70,OPEN_METEO_ERA5_LAND,singapore
2018-08-13,30.00,26.20,27.80,35.30,30.90,32.70,0.80,OPEN_METEO_ERA5_LAND,singapore
2018-08-14,30.00,26.40,27.90,34.70,30.50,32.50,1.00,OPEN_METEO_ERA5_LAND,singapore
2018-08-15,30.30,25.90,28.00,35.00,29.90,32.50,1.50,OPEN_METEO_ERA5_LAND,singapore
2018-08-16,30.50,25.90,27.90,36.10,31.20,33.00,0.30,OPEN_METEO_ERA5_LAND,singapore
2018-08-17,29.30,25.40,27.50,34.80,30.70,32.30,2.30,OPEN_METEO_ERA5_LAND,singapore
2018-08-18,29.90,26.40,27.80,34.00,30.50,32.00,4.70,OPEN_METEO_ERA5_LAND,singapore
2018-08-19,29.80,26.40,27.80,34.00,30.70,32.10,3.40,OPEN_METEO_ERA5_LAND,singapore
2018-08-20,30.80,26.20,27.90,36.20,30.50,32.80,2.20,OPEN_METEO_ERA5_LAND,singapore
2018-08-21,29.40,25.70,27.60,35.00,31.30,32.60,2.90,OPEN_METEO_ERA5_LAND,singapore
2018-08-22,28.20,25.30,26.90,33.60,29.90,31.80,7.00,OPEN_METEO_ERA5_LAND,singapore
2018-08-23,29.40,25.10,27.30,34.90,30.30,32.30,3.80,OPEN_METEO_ERA5_LAND,singapore
2018-08-24,29.80,26.00,27.40,35.60,31.40,32.70,15.10,OPEN_METEO_ERA5_LAND,singapore
2018-08-25,28.70,25.10,26.80,34.80,30.20,32.00,7.50,OPEN_METEO_ERA5_LAND,singapore
2018-08-26,30.20,25.40,27.70,35.80,31.00,32.90,0.10,OPEN_METEO_ERA5_LAND,singapore
2018-08-27,29.90,26.30,27.60,36.40,31.10,32.80,3.80,OPEN_METEO_ERA5_LAND,singapore
2018-08-28,29.10,25.30,26.90,34.70,30.60,32.20,5.90,OPEN_METEO_ERA5_LAND,singapore
2018-08-29,28.70,25.00,26.70,33.10,29.10,31.50,7.50,OPEN_METEO_ERA5_LAND,singapore
2018-08-30,30.20,25.10,27.40,36.10,30.10,32.50,0.10,OPEN_METEO_ERA5_LAND,singapore
2018-08-31,28.30,24.30,26.50,34.60,29.10,31.80,17.80,OPEN_METEO_ERA5_LAND,singapore
2018-09-01,29.70,24.50,26.90,36.30,29.30,32.50,1.10,OPEN_METEO_ERA5_LAND,singapore
2018-09-02,28.70,24.80,26.80,34.20,30.40,32.30,11.80,OPEN_METEO_ERA5_LAND,singapore
2018-09-03,28.60,24.60,26.60,33.00,28.70,31.30,3.80,OPEN_METEO_ERA5_LAND,singapore
2018-09-04,27.60,24.10,25.90,33.60,28.80,30.90,6.50,OPEN_METEO_ERA5_LAND,singapore
2018-09-05,28.80,24.20,26.50,33.30,28.80,31.40,0.30,OPEN_METEO_ERA5_LAND,singapore
2018-09-06,29.40,24.40,26.70,36.30,28.80,32.00,1.90,OPEN_METEO_ERA5_LAND,singapore
2018-09-07,28.00,24.90,26.40,33.00,30.20,31.50,10.40,OPEN_METEO_ERA5_LAND,singapore
2018-09-08,26.80,24.60,25.60,31.60,28.30,30.20,7.30,OPEN_METEO_ERA5_LAND,singapore
2018-09-09,27.80,24.50,26.10,33.10,29.30,31.10,12.70,OPEN_METEO_ERA5_LAND,singapore
2018-09-10,28.30,24.80,26.30,35.00,29.80,31.40,8.90,OPEN_METEO_ERA5_LAND,singapore
2018-09-11,28.30,24.20,25.90,32.80,29.30,31.10,8.70,OPEN_METEO_ERA5_LAND,singapore
2018-09-12,28.70,24.20,26.40,33.70,28.90,31.30,1.90,OPEN_METEO_ERA5_LAND,singapore
2018-09-13,30.10,24.60,27.30,35.50,29.60,32.20,0.00,OPEN_METEO_ERA5_LAND,singapore
2018-09-14,29.80,24.20,27.10,35.00,28.60,31.80,1.20,OPEN_METEO_ERA5_LAND,singapore
2018-09-15,29.30,24.40,26.90,34.10,29.20,31.60,2.70,OPEN_METEO_ERA5_LAND,singapore
2018-09-16,29.00,24.80,26.90,32.60,28.70,30.70,1.90,OPEN_METEO_ERA5_LAND,singapore
2018-09-17,29.80,25.80,27.30,33.90,29.50,31.30,0.40,OPEN_METEO_ERA5_LAND,singapore
2018-09-18,28.90,25.30,26.80,35.90,30.40,32.40,7.20,OPEN_METEO_ERA5_LAND,singapore
2018-09-19,29.70,24.60,26.50,35.90,30.00,31.80,1.40,OPEN_METEO_ERA5_LAND,singapore
2018-09-20,28.80,24.70,26.50,34.30,29.60,31.90,15.30,OPEN_METEO_ERA5_LAND,singapore
2018-09-21,28.30,23.90,26.20,33.80,29.40,31.90,12.80,OPEN_METEO_ERA5_LAND,singapore
2018-09-22,29.30,24.40,26.50,35.20,29.50,31.90,3.90,OPEN_METEO_ERA5_LAND,singapore
2018-09-23,30.60,25.10,27.70,36.20,30.30,33.00,0.20,OPEN_METEO_ERA5_LAND,singapore
2018-09-24,30.10,24.80,27.40,36.70,29.70,32.80,1.30,OPEN_METEO_ERA5_LAND,singapore
2018-09-25,30.30,24.20,27.30,36.00,29.00,32.60,1.00,OPEN_METEO_ERA5_LAND,singapore
2018-09-26,30.20,24.80,27.40,36.80,29.60,32.70,1.80,OPEN_METEO_ERA5_LAND,singapore
2018-09-27,29.80,24.80,27.40,36.40,30.10,32.90,3.00,OPEN_METEO_ERA5_LAND,singapore
2018-09-28,31.40,24.70,28.00,36.50,29.60,32.90,0.00,OPEN_METEO_ERA5_LAND,singapore
2018-09-29,30.90,24.70,27.90,36.40,29.50,32.80,0.40,OPEN_METEO_ERA5_LAND,singapore
2018-09-30,31.10,25.40,28.20,37.00,30.80,33.30,0.50,OPEN_METEO_ERA5_LAND,singapore
2018-10-01,29.70,24.80,27.60,36.00,29.50,32.90,3.70,OPEN_METEO_ERA5_LAND,singapore
2018-10-02,30.40,25.40,27.60,36.60,30.70,33.40,10.60,OPEN_METEO_ERA5_LAND,singapore
2018-10-03,30.60,24.50,27.50,37.30,30.00,33.50,8.70,OPEN_METEO_ERA5_LAND,singapore
2018-10-04,29.70,26.30,27.80,34.40,31.80,33.00,8.60,OPEN_METEO_ERA5_LAND,singapore
2018-10-05,30.80,24.60,27.90,35.90,30.60,33.20,0.20,OPEN_METEO_ERA5_LAND,singapore
2018-10-06,29.60,24.60,26.80,35.30,29.80,31.80,3.60,OPEN_METEO_ERA5_LAND,singapore
2018-10-07,29.60,24.30,26.30,35.40,29.50,31.50,17.40,OPEN_METEO_ERA5_LAND,singapore
2018-10-08,29.70,24.70,26.50,36.30,30.40,32.30,11.10,OPEN_METEO_ERA5_LAND,singapore
2018-10-09,28.70,23.90,25.90,34.80,29.30,31.40,14.40,OPEN_METEO_ERA5_LAND,singapore
2018-10-10,28.90,23.70,25.80,35.10,28.80,31.20,17.10,OPEN_METEO_ERA5_LAND,singapore
2018-10-11,28.00,23.40,25.60,33.50,28.20,30.80,34.70,OPEN_METEO_ERA5_LAND,singapore
2018-10-12,27.90,23.60,25.60,32.50,27.60,30.20,26.90,OPEN_METEO_ERA5_LAND,singapore
2018-10-13,27.80,23.80,25.70,32.30,28.10,30.50,8.80,OPEN_METEO_ERA5_LAND,singapore
2018-10-14,27.30,22.90,25.20,33.20,27.10,30.50,27.70,OPEN_METEO_ERA5_LAND,singapore
2018-10-15,29.70,23.70,26.40,35.60,28.80,31.80,0.40,OPEN_METEO_ERA5_LAND,singapore
2018-10-16,28.00,23.40,25.80,33.40,28.00,30.90,28.30,OPEN_METEO_ERA5_LAND,singapore
2018-10-17,28.70,24.10,26.20,34.20,29.30,31.70,6.00,OPEN_METEO_ERA5_LAND,singapore
2018-10-18,28.80,23.10,26.20,33.50,27.10,30.90,20.00,OPEN_METEO_ERA5_LAND,singapore
2018-10-19,28.90,24.50,26.50,34.40,28.70,31.20,1.20,OPEN_METEO_ERA5_LAND,singapore
2018-10-20,29.10,24.40,26.90,35.70,29.40,32.50,2.40,OPEN_METEO_ERA5_LAND,singapore
2018-10-21,30.00,25.20,27.00,38.50,30.70,32.70,11.30,OPEN_METEO_ERA5_LAND,singapore
2018-10-22,30.40,24.30,27.00,36.70,29.60,32.70,8.30,OPEN_METEO_ERA5_LAND,singapore
2018-10-23,29.10,24.00,26.30,35.70,29.00,32.00,18.90,OPEN_METEO_ERA5_LAND,singapore
2018-10-24,29.60,23.60,26.20,37.80,28.90,31.90,8.80,OPEN_METEO_ERA5_LAND,singapore
2018-10-25,29.50,23.50,26.20,36.30,28.10,31.90,13.40,OPEN_METEO_ERA5_LAND,singapore
2018-10-26,29.20,24.50,26.60,36.70,29.80,32.40,12.60,OPEN_METEO_ERA5_LAND,singapore
2018-10-27,29.40,24.00,26.40,35.80,29.00,32.00,16.80,OPEN_METEO_ERA5_LAND,singapore
2018-10-28,30.10,24.20,26.20,37.90,29.10,32.00,23.10,OPEN_METEO_ERA5_LAND,singapore
2018-10-29,29.70,24.40,26.90,36.30,29.30,32.70,7.10,OPEN_METEO_ERA5_LAND,singapore
2018-10-30,29.00,24.50,26.30,35.20,29.80,32.10,17.90,OPEN_METEO_ERA5_LAND,singapore
2018-10-31,28.40,24.00,25.40,33.70,29.10,30.50,19.00,OPEN_METEO_ERA5_LAND,singapore
2018-11-01,27.50,24.20,25.70,33.40,29.20,30.90,17.70,OPEN_METEO_ERA5_LAND,singapore
2018-11-02,29.10,24.60,25.80,35.70,29.30,31.10,23.80,OPEN_METEO_ERA5_LAND,singapore
2018-11-03,28.90,24.00,25.50,35.70,29.20,31.10,18.80,OPEN_METEO_ERA5_LAND,singapore
2018-11-04,28.80,23.80,25.60,34.80,28.80,30.90,11.90,OPEN_METEO_ERA5_LAND,singapore
2018-11-05,29.10,23.20,25.70,35.80,27.50,31.20,18.20,OPEN_METEO_ERA5_LAND,singapore
2018-11-06,29.60,23.80,26.00,36.30,28.40,31.30,15.70,OPEN_METEO_ERA5_LAND,singapore
2018-11-07,29.00,24.50,26.40,35.00,29.50,31.60,10.20,OPEN_METEO_ERA5_LAND,singapore
2018-11-08,30.10,24.00,26.40,38.70,29.50,32.40,23.30,OPEN_METEO_ERA5_LAND,singapore
2018-11-09,28.30,24.50,26.20,34.20,29.50,32.00,18.60,OPEN_METEO_ERA5_LAND,singapore
2018-11-10,30.30,24.50,26.70,39.30,29.90,33.00,12.60,OPEN_METEO_ERA5_LAND,singapore
2018-11-11,30.00,24.80,26.30,37.40,30.60,32.10,17.80,OPEN_METEO_ERA5_LAND,singapore
2018-11-12,29.00,24.60,26.20,34.60,30.00,31.80,14.30,OPEN_METEO_ERA5_LAND,singapore
2018-11-13,27.10,23.40,25.30,32.60,27.70,30.50,44.10,OPEN_METEO_ERA5_LAND,singapore
2018-11-14,29.10,24.70,26.30,35.10,30.00,31.70,20.40,OPEN_METEO_ERA5_LAND,singapore
2018-11-15,28.10,24.30,26.10,33.90,29.50,31.40,16.20,OPEN_METEO_ERA5_LAND,singapore
2018-11-16,29.50,24.00,26.50,36.20,29.40,32.10,2.50,OPEN_METEO_ERA5_LAND,singapore
2018-11-17,28.60,24.50,26.60,33.60,30.10,32.20,1.10,OPEN_METEO_ERA5_LAND,singapore
2018-11-18,28.40,24.50,26.40,33.50,28.90,31.20,2.50,OPEN_METEO_ERA5_LAND,singapore
2018-11-19,28.70,24.50,26.30,35.70,29.60,32.10,12.20,OPEN_METEO_ERA5_LAND,singapore
2018-11-20,28.90,24.20,26.50,34.90,29.60,32.20,6.00,OPEN_METEO_ERA5_LAND,singapore
2018-11-21,26.70,24.00,25.40,32.10,27.80,30.40,24.10,OPEN_METEO_ERA5_LAND,singapore
2018-11-22,28.10,23.80,25.60,35.80,28.80,31.10,16.40,OPEN_METEO_ERA5_LAND,singapore
2018-11-23,29.90,23.50,26.10,37.00,28.30,31.40,21.80,OPEN_METEO_ERA5_LAND,singapore
2018-11-24,29.00,24.00,26.40,34.90,28.80,31.90,7.30,OPEN_METEO_ERA5_LAND,singapore
2018-11-25,28.80,24.60,26.30,33.60,28.10,31.60,6.00,OPEN_METEO_ERA5_LAND,singapore
2018-11-26,29.00,25.20,26.70,35.60,30.10,32.50,10.20,OPEN_METEO_ERA5_LAND,singapore
2018-11-27,27.70,24.20,26.10,33.10,29.10,31.40,8.10,OPEN_METEO_ERA5_LAND,singapore
2018-11-28,29.70,23.60,26.30,37.60,28.40,31.90,9.10,OPEN_METEO_ERA5_LAND,singapore
2018-11-29,28.70,24.20,26.30,34.60,28.60,31.70,17.50,OPEN_METEO_ERA5_LAND,singapore
2018-11-30,29.20,24.00,26.00,33.80,29.30,31.30,11.30,OPEN_METEO_ERA5_LAND,singapore
2018-12-01,27.60,24.00,25.60,33.90,28.80,30.60,15.10,OPEN_METEO_ERA5_LAND,singapore
2018-12-02,28.60,23.90,25.80,34.10,28.70,30.60,19.30,OPEN_METEO_ERA5_LAND,singapore
2018-12-03,29.00,23.70,25.90,35.40,28.80,31.40,7.30,OPEN_METEO_ERA5_LAND,singapore
2018-12-04,29.40,23.70,26.20,36.10,28.90,31.90,13.80,OPEN_METEO_ERA5_LAND,singapore
2018-12-05,28.30,23.80,25.80,34.30,28.90,31.20,25.20,OPEN_METEO_ERA5_LAND,singapore
2018-12-06,28.80,23.90,26.00,36.30,28.80,31.50,18.50,OPEN_METEO_ERA5_LAND,singapore
2018-12-07,28.80,23.90,25.90,35.40,28.70,31.30,15.90,OPEN_METEO_ERA5_LAND,singapore
2018-12-08,28.70,23.90,26.10,34.30,29.30,31.70,19.40,OPEN_METEO_ERA5_LAND,singapore
2018-12-09,29.40,23.80,26.20,35.80,28.80,31.90,28.10,OPEN_METEO_ERA5_LAND,singapore
2018-12-10,29.40,23.80,26.20,36.50,28.70,31.90,14.40,OPEN_METEO_ERA5_LAND,singapore
2018-12-11,28.50,24.30,25.90,35.10,29.40,31.50,22.90,OPEN_METEO_ERA5_LAND,singapore
2018-12-12,28.50,24.50,25.90,36.10,29.60,31.50,18.10,OPEN_METEO_ERA5_LAND,singapore
2018-12-13,28.40,23.70,25.40,35.20,28.70,30.60,21.10,OPEN_METEO_ERA5_LAND,singapore
2018-12-14,27.60,23.60,25.30,33.30,28.40,30.60,20.40,OPEN_METEO_ERA5_LAND,singapore
2018-12-15,28.30,23.60,25.50,34.80,28.50,30.90,45.90,OPEN_METEO_ERA5_LAND,singapore
2018-12-16,29.30,24.20,26.10,34.50,29.10,31.30,28.60,OPEN_METEO_ERA5_LAND,singapore
2018-12-17,28.80,24.00,26.20,34.90,29.20,31.40,27.00,OPEN_METEO_ERA5_LAND,singapore
2018-12-18,29.70,24.00,26.40,36.60,29.30,32.20,3.20,OPEN_METEO_ERA5_LAND,singapore
2018-12-19,30.50,24.50,26.70,37.90,29.90,32.50,8.20,OPEN_METEO_ERA5_LAND,singapore
2018-12-20,31.10,24.50,27.20,37.40,28.50,32.20,3.10,OPEN_METEO_ERA5_LAND,singapore
2018-12-21,30.00,24.90,26.90,35.80,29.30,31.90,7.70,OPEN_METEO_ERA5_LAND,singapore
2018-12-22,29.70,24.50,26.50,34.70,29.20,31.50,1.80,OPEN_METEO_ERA5_LAND,singapore
2018-12-23,29.10,24.20,26.20,34.70,29.40,31.40,1.10,OPEN_METEO_ERA5_LAND,singapore
2018-12-24,29.70,23.60,26.30,36.80,28.50,31.50,5.30,OPEN_METEO_ERA5_LAND,singapore
2018-12-25,29.30,23.60,26.20,35.20,28.00,31.40,6.40,OPEN_METEO_ERA5_LAND,singapore
2018-12-26,29.40,23.90,26.50,33.20,27.90,30.80,0.40,OPEN_METEO_ERA5_LAND,singapore
2018-12-27,28.20,24.40,26.20,32.60,28.80,30.80,3.10,OPEN_METEO_ERA5_LAND,singapore
2018-12-28,30.00,25.00,27.20,37.00,29.40,32.30,1.30,OPEN_METEO_ERA5_LAND,singapore
2018-12-29,28.40,23.80,26.00,33.10,28.10,31.10,3.20,OPEN_METEO_ERA5_LAND,singapore
2018-12-30,31.20,23.80,26.70,37.50,27.60,31.70,6.00,OPEN_METEO_ERA5_LAND,singapore
2018-12-31,29.30,24.30,26.40,35.30,28.70,31.00,10.70,OPEN_METEO_ERA5_LAND,singapore
2019-01-01,30.70,23.90,26.60,36.40,28.40,31.40,5.60,OPEN_METEO_ERA5_LAND,singapore
2019-01-02,29.80,24.00,26.60,34.20,27.70,30.90,0.40,OPEN_METEO_ERA5_LAND,singapore
2019-01-03,29.90,24.90,27.40,34.10,28.40,31.00,1.70,OPEN_METEO_ERA5_LAND,singapore
2019-01-04,30.00,26.30,27.80,34.70,30.40,32.10,0.50,OPEN_METEO_ERA5_LAND,singapore
2019-01-05,30.00,24.20,27.10,37.40,29.70,32.70,2.00,OPEN_METEO_ERA5_LAND,singapore
2019-01-06,29.20,24.40,26.80,35.00,28.60,31.90,6.90,OPEN_METEO_ERA5_LAND,singapore
2019-01-07,30.00,24.50,26.90,36.10,29.60,31.70,2.00,OPEN_METEO_ERA5_LAND,singapore
2019-01-08,27.80,24.50,26.20,33.70,29.30,31.20,21.80,OPEN_METEO_ERA5_LAND,singapore
2019-01-09,29.30,23.80,26.10,33.90,28.50,30.90,8.90,OPEN_METEO_ERA5_LAND,singapore
2019-01-10,30.20,24.40,26.80,34.50,29.00,31.00,0.30,OPEN_METEO_ERA5_LAND,singapore
2019-01-11,29.90,24.30,26.70,33.90,29.10,30.90,4.40,OPEN_METEO_ERA5_LAND,singapore
2019-01-12,30.30,23.30,26.70,35.20,27.70,31.30,0.40,OPEN_METEO_ERA5_LAND,singapore
2019-01-13,30.30,23.90,26.90,35.90,28.60,31.60,1.50,OPEN_METEO_ERA5_LAND,singapore
2019-01-14,29.60,24.10,26.30,35.30,28.70,31.10,12.50,OPEN_METEO_ERA5_LAND,singapore
2019-01-15,29.80,23.70,26.50,34.80,28.30,31.50,1.20,OPEN_METEO_ERA5_LAND,singapore
2019-01-16,29.90,23.90,26.40,34.60,28.30,30.90,1.50,OPEN_METEO_ERA5_LAND,singapore
2019-01-17,28.50,23.90,25.60,33.40,27.80,30.00,19.70,OPEN_METEO_ERA5_LAND,singapore
2019-01-18,27.80,23.70,25.30,30.70,27.70,29.20,7.40,OPEN_METEO_ERA5_LAND,singapore
2019-01-19,29.40,23.90,26.30,32.60,27.80,30.20,1.30,OPEN_METEO_ERA5_LAND,singapore
2019-01-20,30.10,24.30,26.60,34.30,28.00,30.60,1.70,OPEN_METEO_ERA5_LAND,singapore
2019-01-21,29.50,24.10,26.30,33.90,28.80,30.60,6.30,OPEN_METEO_ERA5_LAND,singapore
2019-01-22,28.20,24.00,26.00,31.20,28.40,29.80,0.00,OPEN_METEO_ERA5_LAND,singapore
2019-01-23,29.30,23.40,26.10,33.00,27.70,29.80,1.60,OPEN_METEO_ERA5_LAND,singapore
2019-01-24,29.70,24.00,26.40,32.70,28.00,29.50,0.00,OPEN_METEO_ERA5_LAND,singapore
2019-01-25,29.00,23.50,26.10,32.80,26.90,29.40,2.10,OPEN_METEO_ERA5_LAND,singapore
2019-01-26,29.40,23.80,26.10,33.00,27.40,29.20,0.60,OPEN_METEO_ERA5_LAND,singapore
2019-01-27,29.90,23.90,26.40,34.20,27.40,30.10,2.10,OPEN_METEO_ERA5_LAND,singapore
2019-01-28,28.50,23.80,25.60,32.90,27.90,29.80,11.70,OPEN_METEO_ERA5_LAND,singapore
2019-01-29,29.30,23.60,26.20,32.70,27.10,29.90,1.20,OPEN_METEO_ERA5_LAND,singapore
2019-01-30,29.30,23.80,26.40,32.20,28.10,30.00,0.30,OPEN_METEO_ERA5_LAND,singapore
2019-01-31,29.60,23.60,26.30,34.20,28.30,30.60,0.80,OPEN_METEO_ERA5_LAND,singapore
2019-02-01,29.90,23.90,26.60,33.90,28.30,30.60,0.50,OPEN_METEO_ERA5_LAND,singapore
2019-02-02,29.70,24.10,26.60,35.30,28.60,31.10,2.50,OPEN_METEO_ERA5_LAND,singapore
2019-02-03,30.10,24.50,26.60,36.50,29.30,31.50,9.90,OPEN_METEO_ERA5_LAND,singapore
2019-02-04,30.30,24.40,27.10,37.50,29.70,32.00,2.10,OPEN_METEO_ERA5_LAND,singapore
2019-02-05,29.70,23.90,26.60,36.40,28.70,31.40,1.10,OPEN_METEO_ERA5_LAND,singapore
2019-02-06,30.10,22.10,26.20,34.80,25.60,30.10,0.90,OPEN_METEO_ERA5_LAND,singapore
2019-02-07,30.10,23.30,26.60,35.80,27.60,31.00,4.00,OPEN_METEO_ERA5_LAND,singapore
2019-02-08,30.90,23.80,27.00,37.30,28.40,31.90,2.00,OPEN_METEO_ERA5_LAND,singapore
2019-02-09,30.30,24.30,26.90,37.90,29.60,32.70,7.70,OPEN_METEO_ERA5_LAND,singapore
2019-02-10,30.60,24.30,27.20,36.70,29.40,31.60,0.70,OPEN_METEO_ERA5_LAND,singapore
2019-02-11,30.70,22.40,26.50,33.60,26.20,29.20,0.00,OPEN_METEO_ERA5_LAND,singapore
2019-02-12,30.60,22.90,26.90,34.60,26.90,30.60,0.00,OPEN_METEO_ERA5_LAND,singapore
2019-02-13,30.30,24.80,27.30,34.90,28.50,31.30,2.50,OPEN_METEO_ERA5_LAND,singapore
2019-02-14,30.80,25.40,27.50,34.10,28.80,30.60,0.60,OPEN_METEO_ERA5_LAND,singapore
2019-02-15,31.50,24.20,27.30,35.00,28.30,30.50,0.50,OPEN_METEO_ERA5_LAND,singapore
2019-02-16,31.70,24.10,27.50,35.90,27.60,30.90,0.00,OPEN_METEO_ERA5_LAND,singapore
2019-02-17,30.90,24.20,27.00,35.70,28.90,31.60,3.10,OPEN_METEO_ERA5_LAND,singapore
2019-02-18,29.10,24.00,26.60,33.70,28.80,31.30,4.00,OPEN_METEO_ERA5_LAND,singapore
2019-02-19,31.10,24.20,27.40,36.50,29.10,32.30,4.10,OPEN_METEO_ERA5_LAND,singapore
2019-02-20,31.40,24.70,27.70,38.40,30.10,32.80,2.40,OPEN_METEO_ERA5_LAND,singapore
2019-02-21,32.70,23.90,27.90,35.80,28.80,31.70,0.00,OPEN_METEO_ERA5_LAND,singapore
2019-02-22,32.30,23.60,27.70,37.80,28.50,32.10,4.90,OPEN_METEO_ERA5_LAND,singapore
2019-02-23,33.30,23.70,27.90,37.70,28.20,31.60,0.20,OPEN_METEO_ERA5_LAND,singapore
2019-02-24,33.30,23.60,27.70,38.30,27.20,31.40,2.40,OPEN_METEO_ERA5_LAND,singapore
2019-02-25,32.80,24.30,28.10,37.60,28.90,32.00,2.30,OPEN_METEO_ERA5_LAND,singapore
2019-02-26,30.80,25.20,27.50,36.00,29.50,31.40,2.10,OPEN_METEO_ERA5_LAND,singapore
2019-02-27,32.70,24.60,28.00,35.50,28.20,31.00,1.10,OPEN_METEO_ERA5_LAND,singapore
2019-02-28,32.20,25.40,28.20,34.60,29.10,31.40,0.10,OPEN_METEO_ERA5_LAND,singapore
2019-03-01,32.30,24.80,28.00,35.10,29.30,31.30,1.20,OPEN_METEO_ERA5_LAND,singapore
2019-03-02,34.90,23.10,28.20,37.60,27.00,31.50,0.00,OPEN_METEO_ERA5_LAND,singapore
2019-03-03,33.00,23.00,27.60,38.10,26.40,31.10,0.10,OPEN_METEO_ERA5_LAND,singapore
2019-03-04,34.80,23.70,28.10,40.10,27.40,31.90,1.00,OPEN_METEO_ERA5_LAND,singapore
2019-03-05,34.20,23.40,27.70,40.00,27.90,32.20,12.90,OPEN_METEO_ERA5_LAND,singapore
2019-03-06,31.60,24.40,27.40,35.90,29.10,31.90,47.00,OPEN_METEO_ERA5_LAND,singapore
2019-03-07,31.90,24.80,27.60,37.10,30.70,33.00,1.20,OPEN_METEO_ERA5_LAND,singapore
2019-03-08,32.80,25.20,28.30,38.60,30.20,33.30,0.20,OPEN_METEO_ERA5_LAND,singapore
2019-03-09,32.00,24.70,28.10,37.60,30.00,33.00,2.40,OPEN_METEO_ERA5_LAND,singapore
2019-03-10,30.90,25.00,28.00,36.70,30.70,33.00,1.40,OPEN_METEO_ERA5_LAND,singapore
2019-03-11,31.00,24.50,27.20,37.10,30.00,32.70,10.80,OPEN_METEO_ERA5_LAND,singapore
2019-03-12,30.60,24.60,27.40,35.40,29.10,32.50,3.20,OPEN_METEO_ERA5_LAND,singapore
2019-03-13,31.60,25.20,28.00,38.50,30.50,33.60,2.20,OPEN_METEO_ERA5_LAND,singapore
2019-03-14,33.00,24.10,28.10,36.90,29.00,32.10,0.10,OPEN_METEO_ERA5_LAND,singapore
2019-03-15,33.30,23.60,27.70,37.00,28.20,31.10,0.00,OPEN_METEO_ERA5_LAND,singapore
2019-03-16,32.50,22.70,27.40,36.50,26.80,31.30,2.40,OPEN_METEO_ERA5_LAND,singapore
2019-03-17,34.10,24.30,28.40,37.70,28.10,31.60,0.00,OPEN_METEO_ERA5_LAND,singapore
2019-03-18,34.70,22.20,28.10,37.80,25.70,31.00,0.00,OPEN_METEO_ERA5_LAND,singapore
2019-03-19,34.80,23.20,28.50,37.70,27.10,31.40,0.00,OPEN_METEO_ERA5_LAND,singapore
2019-03-20,35.60,24.90,29.10,41.00,29.30,33.00,1.10,OPEN_METEO_ERA5_LAND,singapore
2019-03-21,33.60,24.50,27.90,39.00,27.80,32.10,25.90,OPEN_METEO_ERA5_LAND,singapore
2019-03-22,31.70,23.80,27.20,39.20,28.60,32.60,5.50,OPEN_METEO_ERA5_LAND,singapore
2019-03-23,31.20,24.60,27.40,38.00,30.10,33.50,15.70,OPEN_METEO_ERA5_LAND,singapore
2019-03-24,30.90,24.20,27.30,38.20,29.60,33.20,4.50,OPEN_METEO_ERA5_LAND,singapore
2019-03-25,31.40,24.90,27.50,38.20,30.40,33.10,5.80,OPEN_METEO_ERA5_LAND,singapore
2019-03-26,31.30,25.30,28.00,37.70,30.90,33.20,1.50,OPEN_METEO_ERA5_LAND,singapore
2019-03-27,33.50,25.20,28.90,38.10,30.50,33.50,0.00,OPEN_METEO_ERA5_LAND,singapore
2019-03-28,30.00,25.50,27.20,36.90,30.70,33.00,19.90,OPEN_METEO_ERA5_LAND,singapore
2019-03-29,30.90,25.40,27.90,38.00,30.60,33.90,2.90,OPEN_METEO_ERA5_LAND,singapore
2019-03-30,28.50,24.40,26.10,34.90,28.80,31.70,17.20,OPEN_METEO_ERA5_LAND,singapore
2019-03-31,28.60,24.50,26.40,34.40,30.00,32.30,15.80,OPEN_METEO_ERA5_LAND,singapore
2019-04-01,27.30,23.80,25.90,32.50,28.50,31.20,25.10,OPEN_METEO_ERA5_LAND,singapore
2019-04-02,29.60,24.80,26.50,35.90,30.40,32.10,8.20,OPEN_METEO_ERA5_LAND,singapore
2019-04-03,27.50,24.00,25.80,33.40,28.50,31.00,3.80,OPEN_METEO_ERA5_LAND,singapore
2019-04-04,30.20,24.20,26.80,38.40,29.20,32.40,6.50,OPEN_METEO_ERA5_LAND,singapore
2019-04-05,31.30,24.30,27.50,37.10,29.30,32.70,0.50,OPEN_METEO_ERA5_LAND,singapore
2019-04-06,30.90,23.90,27.10,36.20,28.80,31.90,0.10,OPEN_METEO_ERA5_LAND,singapore
2019-04-07,31.30,22.90,27.20,38.50,26.80,32.30,0.70,OPEN_METEO_ERA5_LAND,singapore
2019-04-08,30.70,24.00,27.10,38.20,28.70,32.60,5.60,OPEN_METEO_ERA5_LAND,singapore
2019-04-09,31.20,24.50,27.10,38.10,30.00,33.10,7.70,OPEN_METEO_ERA5_LAND,singapore
2019-04-10,29.60,24.90,26.60,36.70,30.50,32.40,30.60,OPEN_METEO_ERA5_LAND,singapore
2019-04-11,28.70,25.30,26.90,34.50,31.20,32.90,7.40,OPEN_METEO_ERA5_LAND,singapore
2019-04-12,29.90,25.50,27.50,36.30,31.90,33.80,10.20,OPEN_METEO_ERA5_LAND,singapore
2019-04-13,30.00,25.10,27.70,37.00,31.30,33.90,6.80,OPEN_METEO_ERA5_LAND,singapore
2019-04-14,29.50,26.10,27.40,35.30,32.50,33.50,18.20,OPEN_METEO_ERA5_LAND,singapore
2019-04-15,31.50,25.00,27.90,39.40,31.10,34.50,9.10,OPEN_METEO_ERA5_LAND,singapore
2019-04-16,31.30,25.30,28.10,38.30,31.20,34.40,6.20,OPEN_METEO_ERA5_LAND,singapore
2019-04-17,30.90,25.30,28.30,37.90,31.00,34.20,0.50,OPEN_METEO_ERA5_LAND,singapore
2019-04-18,31.50,25.60,28.20,39.40,31.50,34.70,2.70,OPEN_METEO_ERA5_LAND,singapore
2019-04-19,31.60,25.90,28.20,40.30,31.80,34.90,9.50,OPEN_METEO_ERA5_LAND,singapore
2019-04-20,30.40,24.80,26.70,38.00,30.20,32.60,49.10,OPEN_METEO_ERA5_LAND,singapore
2019-04-21,30.30,25.60,27.30,37.80,31.20,33.70,8.00,OPEN_METEO_ERA5_LAND,singapore
2019-04-22,29.60,25.30,27.30,36.90,31.10,33.50,10.50,OPEN_METEO_ERA5_LAND,singapore
2019-04-23,29.90,25.70,27.40,36.30,31.80,33.70,18.50,OPEN_METEO_ERA5_LAND,singapore
2019-04-24,29.10,25.70,27.20,35.60,31.80,33.50,11.40,OPEN_METEO_ERA5_LAND,singapore
2019-04-25,30.40,25.50,27.80,37.20,31.70,34.40,11.50,OPEN_METEO_ERA5_LAND,singapore
2019-04-26,27.60,24.80,26.40,33.70,30.00,32.40,45.30,OPEN_METEO_ERA5_LAND,singapore
2019-04-27,27.80,24.60,26.00,33.40,29.30,31.40,16.60,OPEN_METEO_ERA5_LAND,singapore
2019-04-28,29.20,24.60,27.10,34.30,29.00,32.30,1.20,OPEN_METEO_ERA5_LAND,singapore
2019-04-29,31.20,24.40,27.80,37.90,30.30,33.80,0.60,OPEN_METEO_ERA5_LAND,singapore
2019-04-30,29.30,25.10,27.30,36.70,30.90,33.70,9.10,OPEN_METEO_ERA5_LAND,singapore
2019-05-01,31.20,25.00,28.20,37.90,30.80,34.70,2.80,OPEN_METEO_ERA5_LAND,singapore
2019-05-02,31.10,25.60,28.20,40.60,31.90,35.50,10.00,OPEN_METEO_ERA5_LAND,singapore
2019-05-03,30.90,26.30,28.30,39.40,32.70,35.20,4.70,OPEN_METEO_ERA5_LAND,singapore
2019-05-04,29.90,25.90,27.60,37.90,31.40,34.00,25.60,OPEN_METEO_ERA5_LAND,singapore
2019-05-05,29.10,24.50,27.30,35.70,29.40,32.90,14.80,OPEN_METEO_ERA5_LAND,singapore
2019-05-06,30.40,26.70,28.40,36.20,32.20,34.00,0.20,OPEN_METEO_ERA5_LAND,singapore
2019-05-07,30.10,26.10,28.10,36.70,31.90,34.00,1.30,OPEN_METEO_ERA5_LAND,singapore
2019-05-08,29.20,26.00,27.50,35.10,31.30,33.10,3.90,OPEN_METEO_ERA5_LAND,singapore
2019-05-09,29.90,25.20,27.60,37.90,30.30,33.70,6.60,OPEN_METEO_ERA5_LAND,singapore
2019-05-10,30.80,26.40,28.40,38.30,32.50,34.70,0.10,OPEN_METEO_ERA5_LAND,singapore
2019-05-11,29.40,25.00,27.40,36.00,30.10,33.50,4.40,OPEN_METEO_ERA5_LAND,singapore
2019-05-12,29.50,25.60,27.30,36.70,31.50,33.70,6.10,OPEN_METEO_ERA5_LAND,singapore
2019-05-13,29.10,25.20,27.00,35.50,30.50,32.90,9.00,OPEN_METEO_ERA5_LAND,singapore
2019-05-14,29.80,24.80,27.20,36.40,29.80,33.00,14.40,OPEN_METEO_ERA5_LAND,singapore
2019-05-15,29.60,24.90,26.90,36.50,30.50,32.90,17.40,OPEN_METEO_ERA5_LAND,singapore
2019-05-16,29.30,24.80,26.90,35.50,30.00,32.80,14.20,OPEN_METEO_ERA5_LAND,singapore
2019-05-17,28.50,24.50,26.60,33.80,29.80,32.30,13.40,OPEN_METEO_ERA5_LAND,singapore
2019-05-18,29.50,25.80,27.20,35.80,31.20,32.90,7.30,OPEN_METEO_ERA5_LAND,singapore
2019-05-19,28.40,25.70,26.60,34.00,30.50,32.10,14.50,OPEN_METEO_ERA5_LAND,singapore
2019-05-20,29.30,26.30,27.40,35.50,32.10,33.30,13.20,OPEN_METEO_ERA5_LAND,singapore
2019-05-21,29.00,25.00,26.90,34.50,30.80,32.40,17.70,OPEN_METEO_ERA5_LAND,singapore
2019-05-22,28.50,25.00,26.60,34.00,30.30,32.20,4.20,OPEN_METEO_ERA5_LAND,singapore
2019-05-23,30.00,24.60,27.30,35.70,29.50,32.80,9.30,OPEN_METEO_ERA5_LAND,singapore
2019-05-24,30.50,25.10,27.80,36.70,30.60,33.60,2.30,OPEN_METEO_ERA5_LAND,singapore
2019-05-25,29.30,25.60,27.40,35.90,31.10,33.40,5.70,OPEN_METEO_ERA5_LAND,singapore
2019-05-26,29.80,26.10,27.80,36.60,30.60,33.70,3.20,OPEN_METEO_ERA5_LAND,singapore
2019-05-27,29.30,25.90,27.50,37.00,31.50,33.70,3.80,OPEN_METEO_ERA5_LAND,singapore
2019-05-28,29.70,25.90,27.60,36.70,31.70,33.60,4.90,OPEN_METEO_ERA5_LAND,singapore
2019-05-29,29.40,24.90,26.80,36.40,30.30,32.60,35.80,OPEN_METEO_ERA5_LAND,singapore
2019-05-30,29.40,24.70,26.90,36.00,29.90,32.80,7.60,OPEN_METEO_ERA5_LAND,singapore
2019-05-31,29.00,25.20,26.90,35.40,31.30,33.00,11.20,OPEN_METEO_ERA5_LAND,singapore
2019-06-01,28.80,24.90,26.70,35.40,30.30,32.60,8.60,OPEN_METEO_ERA5_LAND,singapore
2019-06-02,29.40,24.80,27.00,36.40,30.20,32.80,10.40,OPEN_METEO_ERA5_LAND,singapore
2019-06-03,28.50,24.80,26.30,34.40,30.40,32.00,25.80,OPEN_METEO_ERA5_LAND,singapore
2019-06-04,29.80,25.60,27.20,35.50,31.30,32.70,3.40,OPEN_METEO_ERA5_LAND,singapore
2019-06-05,29.30,25.10,26.90,36.20,29.90,32.70,22.40,OPEN_METEO_ERA5_LAND,singapore
2019-06-06,28.00,25.10,26.30,33.10,30.30,32.00,31.90,OPEN_METEO_ERA5_LAND,singapore
2019-06-07,28.10,24.90,26.20,33.20,30.10,31.70,7.40,OPEN_METEO_ERA5_LAND,singapore
2019-06-08,28.70,25.00,26.60,33.30,30.60,32.10,5.80,OPEN_METEO_ERA5_LAND,singapore
2019-06-09,28.50,24.70,26.60,33.50,30.00,32.30,11.90,OPEN_METEO_ERA5_LAND,singapore
2019-06-10,29.90,25.00,27.50,35.50,30.80,33.00,15.80,OPEN_METEO_ERA5_LAND,singapore
2019-06-11,28.90,25.90,27.20,36.10,31.30,33.30,23.50,OPEN_METEO_ERA5_LAND,singapore
2019-06-12,29.10,25.30,27.10,33.30,29.80,31.80,37.20,OPEN_METEO_ERA5_LAND,singapore
2019-06-13,28.60,26.60,27.40,33.40,31.80,32.70,5.00,OPEN_METEO_ERA5_LAND,singapore
2019-06-14,29.20,25.60,27.20,34.70,30.20,32.70,9.70,OPEN_METEO_ERA5_LAND,singapore
2019-06-15,29.00,25.40,27.10,35.00,30.80,32.90,2.50,OPEN_METEO_ERA5_LAND,singapore
2019-06-16,30.20,25.80,27.80,36.00,31.40,33.30,2.60,OPEN_METEO_ERA5_LAND,singapore
2019-06-17,29.10,25.50,27.00,35.00,29.60,32.40,13.20,OPEN_METEO_ERA5_LAND,singapore
2019-06-18,27.30,24.60,25.90,33.40,29.40,31.60,26.10,OPEN_METEO_ERA5_LAND,singapore
2019-06-19,28.80,24.10,26.60,34.90,28.70,32.40,9.50,OPEN_METEO_ERA5_LAND,singapore
2019-06-20,28.80,25.60,27.10,35.10,31.50,33.20,17.20,OPEN_METEO_ERA5_LAND,singapore
2019-06-21,28.40,25.70,27.00,33.80,31.20,32.80,9.90,OPEN_METEO_ERA5_LAND,singapore
2019-06-22,27.80,24.80,26.30,32.40,30.40,31.50,19.00,OPEN_METEO_ERA5_LAND,singapore
2019-06-23,29.90,26.20,27.60,35.30,31.40,32.50,1.90,OPEN_METEO_ERA5_LAND,singapore
2019-06-24,29.40,25.90,27.40,34.20,31.30,32.70,0.80,OPEN_METEO_ERA5_LAND,singapore
2019-06-25,29.90,26.00,27.90,34.50,31.00,32.50,8.40,OPEN_METEO_ERA5_LAND,singapore
2019-06-26,28.90,26.00,27.40,34.20,31.30,32.60,1.40,OPEN_METEO_ERA5_LAND,singapore
2019-06-27,29.70,25.20,27.30,35.90,30.40,32.80,5.60,OPEN_METEO_ERA5_LAND,singapore
2019-06-28,29.70,26.70,28.00,35.40,30.80,33.00,2.30,OPEN_METEO_ERA5_LAND,singapore
2019-06-29,29.20,26.30,27.30,35.50,31.60,32.50,7.00,OPEN_METEO_ERA5_LAND,singapore
2019-06-30,28.60,25.60,27.00,35.00,30.30,32.20,10.20,OPEN_METEO_ERA5_LAND,singapore
2019-07-01,29.70,25.60,27.50,35.20,31.10,32.50,1.00,OPEN_METEO_ERA5_LAND,singapore
2019-07-02,29.90,26.40,27.90,35.10,31.10,32.70,1.60,OPEN_METEO_ERA5_LAND,singapore
2019-07-03,28.80,25.50,27.20,34.70,30.80,32.40,11.80,OPEN_METEO_ERA5_LAND,singapore
2019-07-04,29.50,24.20,26.60,36.00,27.90,31.60,5.20,OPEN_METEO_ERA5_LAND,singapore
2019-07-05,30.20,24.30,27.20,35.90,29.00,32.40,2.40,OPEN_METEO_ERA5_LAND,singapore
2019-07-06,29.10,25.50,27.20,35.90,31.00,33.00,6.60,OPEN_METEO_ERA5_LAND,singapore
2019-07-07,29.50,25.30,27.20,36.50,30.30,32.90,9.00,OPEN_METEO_ERA5_LAND,singapore
2019-07-08,29.40,25.30,27.00,35.80,30.80,32.60,15.90,OPEN_METEO_ERA5_LAND,singapore
2019-07-09,28.60,24.50,26.40,32.90,28.30,31.10,15.40,OPEN_METEO_ERA5_LAND,singapore
2019-07-10,30.10,25.80,27.70,34.20,30.10,31.90,0.40,OPEN_METEO_ERA5_LAND,singapore
2019-07-11,30.10,24.70,27.70,35.40,29.50,32.20,0.40,OPEN_METEO_ERA5_LAND,singapore
2019-07-12,29.90,25.60,27.60,34.80,30.80,32.40,0.00,OPEN_METEO_ERA5_LAND,singapore
2019-07-13,29.90,25.40,27.40,34.60,30.60,32.40,0.40,OPEN_METEO_ERA5_LAND,singapore
2019-07-14,29.50,25.20,27.30,35.10,30.60,32.40,4.50,OPEN_METEO_ERA5_LAND,singapore
2019-07-15,27.80,25.40,26.30,32.10,29.20,30.80,4.40,OPEN_METEO_ERA5_LAND,singapore
2019-07-16,29.50,25.70,27.30,33.10,29.90,31.10,0.80,OPEN_METEO_ERA5_LAND,singapore
2019-07-17,29.60,25.20,27.30,33.60,29.90,31.20,1.30,OPEN_METEO_ERA5_LAND,singapore
2019-07-18,29.80,25.90,27.70,33.40,30.10,31.30,0.40,OPEN_METEO_ERA5_LAND,singapore
2019-07-19,29.80,26.00,27.60,34.20,30.10,31.60,0.10,OPEN_METEO_ERA5_LAND,singapore
2019-07-20,30.20,24.40,27.40,35.30,29.20,32.30,0.60,OPEN_METEO_ERA5_LAND,singapore
2019-07-21,29.70,24.80,27.20,35.50,29.70,32.50,1.80,OPEN_METEO_ERA5_LAND,singapore
2019-07-22,28.10,24.80,26.30,34.40,29.70,31.70,21.10,OPEN_METEO_ERA5_LAND,singapore
2019-07-23,27.30,24.30,26.00,32.50,29.30,31.10,14.20,OPEN_METEO_ERA5_LAND,singapore
2019-07-24,28.50,24.60,26.40,31.80,28.70,30.80,13.10,OPEN_METEO_ERA5_LAND,singapore
2019-07-25,29.50,25.10,27.30,34.30,30.00,31.80,0.50,OPEN_METEO_ERA5_LAND,singapore
2019-07-26,29.60,24.10,26.80,34.20,28.60,31.40,0.20,OPEN_METEO_ERA5_LAND,singapore
2019-07-27,29.90,25.10,27.30,35.60,30.20,32.50,1.10,OPEN_METEO_ERA5_LAND,singapore
2019-07-28,28.40,24.60,26.40,33.90,29.20,31.60,7.70,OPEN_METEO_ERA5_LAND,singapore
2019-07-29,29.60,24.80,27.30,34.70,29.50,32.20,1.40,OPEN_METEO_ERA5_LAND,singapore
2019-07-30,28.60,25.50,26.80,33.50,30.90,31.80,2.10,OPEN_METEO_ERA5_LAND,singapore
2019-07-31,29.90,25.60,27.50,33.10,30.10,31.20,0.50,OPEN_METEO_ERA5_LAND,singapore
2019-08-01,30.10,24.80,27.40,33.60,29.20,31.20,0.80,OPEN_METEO_ERA5_LAND,singapore
2019-08-02,30.00,25.70,27.70,34.20,30.00,31.80,0.00,OPEN_METEO_ERA5_LAND,singapore
2019-08-03,30.10,26.00,27.90,34.50,30.30,32.40,0.30,OPEN_METEO_ERA5_LAND,singapore
2019-08-04,29.70,25.80,27.70,34.00,30.90,32.10,0.30,OPEN_METEO_ERA5_LAND,singapore
2019-08-05,29.40,26.20,27.50,33.80,29.90,31.60,1.50,OPEN_METEO_ERA5_LAND,singapore
2019-08-06,29.80,26.10,27.50,33.70,30.30,31.70,1.00,OPEN_METEO_ERA5_LAND,singapore
2019-08-07,29.60,25.80,27.50,34.30,30.50,31.90,1.70,OPEN_METEO_ERA5_LAND,singapore
2019-08-08,29.90,25.80,27.60,33.10,30.40,31.40,0.30,OPEN_METEO_ERA5_LAND,singapore
2019-08-09,29.90,26.20,27.70,33.90,30.80,31.80,1.00,OPEN_METEO_ERA5_LAND,singapore
2019-08-10,30.20,26.30,27.80,33.60,30.30,31.80,1.10,OPEN_METEO_ERA5_LAND,singapore
2019-08-11,30.40,26.20,28.10,34.50,30.70,32.50,1.20,OPEN_METEO_ERA5_LAND,singapore
2019-08-12,31.00,26.30,28.10,35.40,31.00,32.70,0.60,OPEN_METEO_ERA5_LAND,singapore
2019-08-13,30.40,26.10,28.00,35.30,30.70,32.90,0.50,OPEN_METEO_ERA5_LAND,singapore
2019-08-14,30.10,26.00,27.80,35.80,31.20,32.70,1.50,OPEN_METEO_ERA5_LAND,singapore
2019-08-15,28.80,24.70,27.00,34.00,29.70,32.30,7.60,OPEN_METEO_ERA5_LAND,singapore
2019-08-16,29.90,25.80,27.60,35.10,30.50,32.20,5.50,OPEN_METEO_ERA5_LAND,singapore
2019-08-17,30.00,25.50,27.50,34.10,29.40,32.00,1.90,OPEN_METEO_ERA5_LAND,singapore
2019-08-18,31.40,26.10,28.20,36.00,30.40,32.00,0.50,OPEN_METEO_ERA5_LAND,singapore
2019-08-19,31.00,24.80,27.90,35.10,29.60,32.00,0.00,OPEN_METEO_ERA5_LAND,singapore
2019-08-20,31.70,26.40,28.50,36.00,30.80,32.50,0.50,OPEN_METEO_ERA5_LAND,singapore
2019-08-21,30.50,26.20,28.10,35.50,30.10,32.60,0.50,OPEN_METEO_ERA5_LAND,singapore
2019-08-22,29.20,25.40,27.20,34.20,30.70,32.30,4.10,OPEN_METEO_ERA5_LAND,singapore
2019-08-23,30.20,25.60,27.60,36.00,29.70,32.00,2.70,OPEN_METEO_ERA5_LAND,singapore
2019-08-24,30.80,25.20,27.70,34.60,30.00,31.90,1.60,OPEN_METEO_ERA5_LAND,singapore
2019-08-25,29.10,25.20,27.40,34.60,30.50,32.30,5.90,OPEN_METEO_ERA5_LAND,singapore
2019-08-26,30.50,24.40,27.30,36.30,29.00,32.60,6.80,OPEN_METEO_ERA5_LAND,singapore
2019-08-27,28.30,24.70,26.50,33.90,30.30,32.00,17.90,OPEN_METEO_ERA5_LAND,singapore
2019-08-28,28.20,24.80,26.40,32.50,30.10,31.40,9.30,OPEN_METEO_ERA5_LAND,singapore
2019-08-29,30.40,25.10,27.70,34.40,29.10,31.60,1.00,OPEN_METEO_ERA5_LAND,singapore
2019-08-30,29.40,24.80,26.90,32.00,28.80,30.50,7.50,OPEN_METEO_ERA5_LAND,singapore
2019-08-31,30.30,25.90,27.70,34.60,29.50,31.30,0.00,OPEN_METEO_ERA5_LAND,singapore
2019-09-01,31.00,24.10,27.70,36.20,28.50,32.10,0.00,OPEN_METEO_ERA5_LAND,singapore
2019-09-02,31.70,25.90,28.50,36.10,30.90,32.90,1.10,OPEN_METEO_ERA5_LAND,singapore
2019-09-03,31.40,25.80,28.40,35.90,31.60,33.30,1.80,OPEN_METEO_ERA5_LAND,singapore
2019-09-04,30.20,25.10,27.70,34.50,30.20,32.60,4.20,OPEN_METEO_ERA5_LAND,singapore
2019-09-05,30.80,25.70,27.80,35.10,30.30,32.10,0.50,OPEN_METEO_ERA5_LAND,singapore
2019-09-06,31.20,25.00,28.20,36.00,30.10,32.80,0.60,OPEN_METEO_ERA5_LAND,singapore
2019-09-07,31.00,25.50,28.20,35.00,29.90,32.00,0.30,OPEN_METEO_ERA5_LAND,singapore
2019-09-08,31.60,25.40,28.30,35.80,29.90,32.30,0.30,OPEN_METEO_ERA5_LAND,singapore
2019-09-09,30.80,24.80,28.00,35.70,29.60,32.50,1.80,OPEN_METEO_ERA5_LAND,singapore
2019-09-10,30.50,25.90,28.00,35.50,31.20,32.90,0.90,OPEN_METEO_ERA5_LAND,singapore
2019-09-11,32.00,25.20,28.30,36.50,30.20,32.80,0.90,OPEN_METEO_ERA5_LAND,singapore
2019-09-12,31.30,24.40,28.20,36.00,29.20,32.80,0.60,OPEN_METEO_ERA5_LAND,singapore
2019-09-13,31.60,24.60,28.10,35.90,29.60,32.60,0.20,OPEN_METEO_ERA5_LAND,singapore
2019-09-14,29.20,24.30,27.30,34.70,28.70,31.90,4.90,OPEN_METEO_ERA5_LAND,singapore
2019-09-15,30.60,25.10,27.70,34.20,30.20,31.70,0.60,OPEN_METEO_ERA5_LAND,singapore
2019-09-16,31.40,25.50,28.10,35.60,29.90,32.20,0.00,OPEN_METEO_ERA5_LAND,singapore
2019-09-17,31.80,25.60,28.30,34.90,30.40,32.30,0.50,OPEN_METEO_ERA5_LAND,singapore
2019-09-18,31.60,26.30,28.60,35.70,31.20,32.60,1.30,OPEN_METEO_ERA5_LAND,singapore
2019-09-19,32.60,25.30,28.60,36.70,30.70,32.70,0.00,OPEN_METEO_ERA5_LAND,singapore
2019-09-20,31.90,25.70,28.00,35.90,29.70,31.90,1.30,OPEN_METEO_ERA5_LAND,singapore
2019-09-21,32.60,25.40,28.50,36.40,29.90,32.40,0.00,OPEN_METEO_ERA5_LAND,singapore
2019-09-22,33.20,25.00,28.50,37.20,29.40,32.50,0.00,OPEN_METEO_ERA5_LAND,singapore
2019-09-23,30.40,26.10,27.90,34.60,30.70,32.20,2.60,OPEN_METEO_ERA5_LAND,singapore
2019-09-24,31.40,24.30,27.40,37.80,29.60,32.70,3.40,OPEN_METEO_ERA5_LAND,singapore
2019-09-25,28.90,25.00,26.00,34.60,29.10,31.00,21.80,OPEN_METEO_ERA5_LAND,singapore
2019-09-26,29.40,23.50,26.60,35.50,28.20,32.10,1.40,OPEN_METEO_ERA5_LAND,singapore
2019-09-27,30.10,24.60,27.00,36.10,30.20,32.50,3.50,OPEN_METEO_ERA5_LAND,singapore
2019-09-28,30.00,23.60,26.70,37.10,28.70,32.20,6.90,OPEN_METEO_ERA5_LAND,singapore
2019-09-29,30.20,24.70,26.60,37.00,30.00,32.20,19.70,OPEN_METEO_ERA5_LAND,singapore
2019-09-30,28.20,23.90,26.10,34.40,28.70,31.40,8.80,OPEN_METEO_ERA5_LAND,singapore
2019-10-01,28.50,23.80,26.00,33.40,29.00,31.30,3.00,OPEN_METEO_ERA5_LAND,singapore
2019-10-02,28.80,24.30,26.20,33.70,29.40,31.60,6.40,OPEN_METEO_ERA5_LAND,singapore
2019-10-03,28.80,23.40,26.10,34.90,28.20,31.30,2.30,OPEN_METEO_ERA5_LAND,singapore
2019-10-04,28.50,24.20,25.80,36.40,29.30,31.20,17.10,OPEN_METEO_ERA5_LAND,singapore
2019-10-05,30.00,24.50,26.80,36.20,29.20,31.80,2.30,OPEN_METEO_ERA5_LAND,singapore
2019-10-06,30.20,23.90,26.80,35.80,28.40,31.60,1.80,OPEN_METEO_ERA5_LAND,singapore
2019-10-07,29.50,24.70,26.40,35.40,29.00,31.50,6.70,OPEN_METEO_ERA5_LAND,singapore
2019-10-08,28.70,24.20,26.30,34.70,29.40,31.90,24.40,OPEN_METEO_ERA5_LAND,singapore
2019-10-09,29.90,24.50,26.70,38.30,29.60,32.40,16.30,OPEN_METEO_ERA5_LAND,singapore
2019-10-10,29.40,24.00,26.60,35.90,29.00,32.50,4.60,OPEN_METEO_ERA5_LAND,singapore
2019-10-11,30.20,24.50,27.00,36.90,30.20,32.50,1.90,OPEN_METEO_ERA5_LAND,singapore
2019-10-12,30.10,24.40,27.10,37.00,30.00,33.00,4.80,OPEN_METEO_ERA5_LAND,singapore
2019-10-13,30.20,24.60,26.80,36.70,30.20,32.50,15.30,OPEN_METEO_ERA5_LAND,singapore
2019-10-14,30.80,24.40,26.90,36.70,29.00,32.30,4.40,OPEN_METEO_ERA5_LAND,singapore
2019-10-15,29.90,23.20,26.50,37.00,27.70,32.10,5.80,OPEN_METEO_ERA5_LAND,singapore
2019-10-16,30.60,24.60,27.20,37.90,30.20,33.10,7.50,OPEN_METEO_ERA5_LAND,singapore
2019-10-17,29.70,24.90,26.80,36.60,30.10,32.50,12.80,OPEN_METEO_ERA5_LAND,singapore
2019-10-18,28.70,23.90,25.80,34.10,29.00,31.20,18.10,OPEN_METEO_ERA5_LAND,singapore
2019-10-19,29.60,23.50,26.30,36.20,28.30,31.60,7.70,OPEN_METEO_ERA5_LAND,singapore
2019-10-20,29.80,24.90,26.60,36.20,29.70,32.20,2.40,OPEN_METEO_ERA5_LAND,singapore
2019-10-21,29.30,24.80,26.60,36.10,29.60,32.30,17.60,OPEN_METEO_ERA5_LAND,singapore
2019-10-22,26.40,24.50,25.40,31.90,29.50,30.80,50.90,OPEN_METEO_ERA5_LAND,singapore
2019-10-23,29.80,24.40,26.60,34.80,29.40,31.80,7.00,OPEN_METEO_ERA5_LAND,singapore
2019-10-24,29.20,23.80,26.50,36.10,28.90,32.10,3.60,OPEN_METEO_ERA5_LAND,singapore
2019-10-25,29.80,24.20,26.40,36.00,28.90,32.00,28.60,OPEN_METEO_ERA5_LAND,singapore
2019-10-26,29.40,24.40,26.00,36.20,29.40,31.40,58.40,OPEN_METEO_ERA5_LAND,singapore
2019-10-27,28.20,23.70,25.80,34.70,28.60,31.30,39.70,OPEN_METEO_ERA5_LAND,singapore
2019-10-28,28.30,23.70,25.60,33.70,28.30,30.70,36.20,OPEN_METEO_ERA5_LAND,singapore
2019-10-29,29.60,24.10,26.50,37.30,29.50,32.40,9.00,OPEN_METEO_ERA5_LAND,singapore
2019-10-30,29.60,23.90,26.50,36.70,28.90,32.30,3.70,OPEN_METEO_ERA5_LAND,singapore
2019-10-31,28.70,24.80,26.60,35.40,29.80,32.50,10.20,OPEN_METEO_ERA5_LAND,singapore
2019-11-01,30.30,24.10,27.10,36.60,28.40,32.50,7.00,OPEN_METEO_ERA5_LAND,singapore
2019-11-02,30.20,25.00,27.60,36.10,30.50,33.40,0.60,OPEN_METEO_ERA5_LAND,singapore
2019-11-03,29.60,24.50,27.00,36.30,28.90,32.50,14.60,OPEN_METEO_ERA5_LAND,singapore
2019-11-04,30.80,24.20,27.20,38.80,29.70,33.30,5.00,OPEN_METEO_ERA5_LAND,singapore
2019-11-05,29.30,25.30,27.20,36.90,31.30,33.60,9.10,OPEN_METEO_ERA5_LAND,singapore
2019-11-06,29.10,24.50,26.90,35.90,29.20,32.80,14.20,OPEN_METEO_ERA5_LAND,singapore
2019-11-07,29.90,24.90,27.70,35.80,31.00,33.90,1.10,OPEN_METEO_ERA5_LAND,singapore
2019-11-08,26.90,24.50,25.70,33.10,28.40,30.70,12.70,OPEN_METEO_ERA5_LAND,singapore
2019-11-09,30.10,23.80,27.00,37.70,28.00,32.70,5.10,OPEN_METEO_ERA5_LAND,singapore
2019-11-10,29.80,23.90,27.00,35.50,29.10,32.40,0.90,OPEN_METEO_ERA5_LAND,singapore
2019-11-11,29.10,25.10,27.00,35.00,29.60,32.40,6.50,OPEN_METEO_ERA5_LAND,singapore
2019-11-12,30.10,25.30,27.20,38.60,30.80,33.40,9.70,OPEN_METEO_ERA5_LAND,singapore
2019-11-13,30.10,24.70,27.00,37.80,30.40,33.10,7.00,OPEN_METEO_ERA5_LAND,singapore
2019-11-14,27.60,24.00,25.80,33.00,28.60,30.90,21.60,OPEN_METEO_ERA5_LAND,singapore
2019-11-15,27.00,24.10,25.50,32.10,29.00,30.70,11.90,OPEN_METEO_ERA5_LAND,singapore
2019-11-16,29.50,23.90,26.50,35.70,29.20,32.30,5.10,OPEN_METEO_ERA5_LAND,singapore
2019-11-17,30.80,24.20,27.50,36.90,29.80,33.10,0.80,OPEN_METEO_ERA5_LAND,singapore
2019-11-18,29.90,24.20,26.70,37.40,29.30,32.40,8.30,OPEN_METEO_ERA5_LAND,singapore
2019-11-19,29.30,24.30,26.30,37.20,29.40,31.70,13.90,OPEN_METEO_ERA5_LAND,singapore
2019-11-20,27.60,23.50,25.50,33.40,28.60,30.80,15.20,OPEN_METEO_ERA5_LAND,singapore
2019-11-21,28.30,23.60,25.30,34.30,28.10,30.20,23.60,OPEN_METEO_ERA5_LAND,singapore
2019-11-22,29.20,24.00,25.50,36.00,28.50,30.60,31.90,OPEN_METEO_ERA5_LAND,singapore
2019-11-23,27.40,23.40,25.20,32.40,28.10,30.20,13.20,OPEN_METEO_ERA5_LAND,singapore
2019-11-24,29.30,23.90,26.10,35.60,29.00,31.60,18.30,OPEN_METEO_ERA5_LAND,singapore
2019-11-25,29.80,23.60,26.00,37.80,28.80,31.70,12.90,OPEN_METEO_ERA5_LAND,singapore
2019-11-26,29.50,23.30,26.00,37.20,27.90,31.40,6.90,OPEN_METEO_ERA5_LAND,singapore
2019-11-27,29.40,23.80,26.00,36.10,28.70,31.50,16.50,OPEN_METEO_ERA5_LAND,singapore
2019-11-28,29.50,23.60,26.30,36.60,28.60,31.90,6.20,OPEN_METEO_ERA5_LAND,singapore
2019-11-29,29.70,24.20,26.20,37.30,29.20,31.70,11.30,OPEN_METEO_ERA5_LAND,singapore
2019-11-30,29.50,23.80,26.40,35.80,28.90,32.00,7.60,OPEN_METEO_ERA5_LAND,singapore
2019-12-01,29.10,24.50,26.30,35.60,29.90,32.00,78.40,OPEN_METEO_ERA5_LAND,singapore
2019-12-02,28.70,23.70,25.70,35.80,28.30,30.70,35.90,OPEN_METEO_ERA5_LAND,singapore
2019-12-03,28.30,23.00,25.90,32.70,25.70,29.50,1.00,OPEN_METEO_ERA5_LAND,singapore
2019-12-04,29.50,24.70,26.50,32.30,28.40,29.80,0.10,OPEN_METEO_ERA5_LAND,singapore
2019-12-05,29.50,24.50,26.40,33.30,27.60,29.90,0.00,OPEN_METEO_ERA5_LAND,singapore
2019-12-06,29.60,23.80,26.20,33.50,26.80,29.50,2.90,OPEN_METEO_ERA5_LAND,singapore
2019-12-07,28.40,24.70,26.20,29.90,27.50,28.90,0.30,OPEN_METEO_ERA5_LAND,singapore
2019-12-08,26.90,23.70,25.10,30.50,27.60,29.30,6.50,OPEN_METEO_ERA5_LAND,singapore
2019-12-09,26.20,23.70,24.70,30.60,27.50,28.60,16.40,OPEN_METEO_ERA5_LAND,singapore
2019-12-10,27.70,23.40,25.30,32.10,27.50,29.50,4.80,OPEN_METEO_ERA5_LAND,singapore
2019-12-11,26.60,23.60,24.50,31.30,27.60,28.70,15.90,OPEN_METEO_ERA5_LAND,singapore
2019-12-12,29.00,23.30,25.40,32.40,27.10,28.90,7.60,OPEN_METEO_ERA5_LAND,singapore
2019-12-13,28.20,22.50,24.90,33.50,25.90,28.50,21.50,OPEN_METEO_ERA5_LAND,singapore
2019-12-14,27.30,22.80,24.70,30.80,27.50,29.10,27.30,OPEN_METEO_ERA5_LAND,singapore
2019-12-15,28.30,23.00,24.70,34.20,27.90,29.80,20.50,OPEN_METEO_ERA5_LAND,singapore
2019-12-16,28.00,23.20,25.00,33.00,27.20,29.60,17.90,OPEN_METEO_ERA5_LAND,singapore
2019-12-17,27.10,23.50,24.90,33.20,28.20,30.20,36.20,OPEN_METEO_ERA5_LAND,singapore
2019-12-18,28.30,23.40,25.40,35.40,28.70,30.80,18.00,OPEN_METEO_ERA5_LAND,singapore
2019-12-19,29.00,23.20,25.80,34.30,28.00,30.60,3.40,OPEN_METEO_ERA5_LAND,singapore
2019-12-20,28.60,23.70,26.00,34.40,28.50,30.80,3.40,OPEN_METEO_ERA5_LAND,singapore
2019-12-21,28.40,23.90,25.70,33.80,28.80,30.50,11.80,OPEN_METEO_ERA5_LAND,singapore
2019-12-22,28.20,23.70,25.60,33.30,28.20,30.30,5.80,OPEN_METEO_ERA5_LAND,singapore
2019-12-23,30.10,22.80,26.10,36.60,27.10,31.00,3.20,OPEN_METEO_ERA5_LAND,singapore
2019-12-24,30.20,24.10,26.40,36.40,28.30,30.80,2.70,OPEN_METEO_ERA5_LAND,singapore
2019-12-25,29.60,23.60,26.00,35.80,28.40,31.10,8.60,OPEN_METEO_ERA5_LAND,singapore
2019-12-26,30.60,23.60,26.30,35.60,28.10,30.80,2.20,OPEN_METEO_ERA5_LAND,singapore
2019-12-27,30.20,23.70,26.30,35.10,27.50,30.20,0.80,OPEN_METEO_ERA5_LAND,singapore
2019-12-28,29.10,23.70,26.20,33.00,27.70,29.90,2.50,OPEN_METEO_ERA5_LAND,singapore
2019-12-29,29.90,24.20,26.50,34.60,28.50,30.50,1.30,OPEN_METEO_ERA5_LAND,singapore
2019-12-30,30.10,23.70,26.60,35.70,28.00,30.80,0.40,OPEN_METEO_ERA5_LAND,singapore
2019-12-31,29.20,24.10,26.50,32.80,28.40,30.20,0.70,OPEN_METEO_ERA5_LAND,singapore
2020-01-01,29.70,23.60,26.30,32.70,27.20,29.90,0.30,OPEN_METEO_ERA5_LAND,singapore
2020-01-02,29.00,23.90,26.20,33.90,28.30,30.40,1.40,OPEN_METEO_ERA5_LAND,singapore
2020-01-03,29.60,24.10,26.50,35.30,28.70,30.80,1.80,OPEN_METEO_ERA5_LAND,singapore
2020-01-04,29.50,24.20,26.50,32.40,28.10,30.00,1.00,OPEN_METEO_ERA5_LAND,singapore
2020-01-05,30.20,23.70,26.60,33.90,27.90,30.30,1.00,OPEN_METEO_ERA5_LAND,singapore
2020-01-06,29.40,23.40,25.90,32.70,26.70,29.30,4.80,OPEN_METEO_ERA5_LAND,singapore
2020-01-07,28.40,23.70,25.50,32.00,27.60,29.20,19.00,OPEN_METEO_ERA5_LAND,singapore
2020-01-08,29.40,24.20,26.20,33.00,28.20,30.20,2.10,OPEN_METEO_ERA5_LAND,singapore
2020-01-09,29.30,24.10,26.20,34.40,28.60,30.40,2.70,OPEN_METEO_ERA5_LAND,singapore
2020-01-10,30.30,23.60,26.20,35.70,28.50,30.80,5.50,OPEN_METEO_ERA5_LAND,singapore
2020-01-11,30.20,24.00,26.20,35.70,28.90,31.20,4.20,OPEN_METEO_ERA5_LAND,singapore
2020-01-12,29.60,23.70,26.40,34.90,28.60,31.20,1.30,OPEN_METEO_ERA5_LAND,singapore
2020-01-13,29.90,22.60,26.20,34.10,27.00,30.40,1.40,OPEN_METEO_ERA5_LAND,singapore
2020-01-14,30.50,23.00,26.50,34.50,27.20,30.20,0.00,OPEN_METEO_ERA5_LAND,singapore
2020-01-15,29.60,24.30,26.30,32.60,28.60,30.10,0.90,OPEN_METEO_ERA5_LAND,singapore
2020-01-16,29.90,24.80,26.70,35.40,29.30,31.20,3.10,OPEN_METEO_ERA5_LAND,singapore
2020-01-17,30.60,24.00,26.70,35.60,28.20,30.70,1.10,OPEN_METEO_ERA5_LAND,singapore
2020-01-18,29.80,24.10,26.50,35.00,28.70,31.10,2.60,OPEN_METEO_ERA5_LAND,singapore
2020-01-19,30.10,24.50,26.80,35.80,29.50,31.40,5.10,OPEN_METEO_ERA5_LAND,singapore
2020-01-20,29.40,24.60,26.20,34.50,29.40,30.80,14.30,OPEN_METEO_ERA5_LAND,singapore
2020-01-21,28.20,24.10,25.90,32.30,28.80,30.00,7.10,OPEN_METEO_ERA5_LAND,singapore
2020-01-22,30.40,24.30,27.00,34.60,28.30,30.90,0.00,OPEN_METEO_ERA5_LAND,singapore
2020-01-23,30.20,24.10,26.60,36.80,28.80,31.10,3.00,OPEN_METEO_ERA5_LAND,singapore
2020-01-24,30.60,24.10,26.70,34.40,28.30,30.20,1.00,OPEN_METEO_ERA5_LAND,singapore
2020-01-25,31.40,23.20,26.80,36.60,27.20,30.60,0.00,OPEN_METEO_ERA5_LAND,singapore
2020-01-26,31.80,23.60,27.20,37.20,28.10,31.80,0.30,OPEN_METEO_ERA5_LAND,singapore
2020-01-27,30.40,24.60,26.90,37.10,29.60,32.20,7.40,OPEN_METEO_ERA5_LAND,singapore
2020-01-28,30.70,24.10,27.00,37.20,29.20,32.50,6.40,OPEN_METEO_ERA5_LAND,singapore
2020-01-29,27.60,24.30,25.70,34.20,27.80,31.00,44.80,OPEN_METEO_ERA5_LAND,singapore
2020-01-30,30.50,23.10,26.20,37.50,26.80,30.80,3.80,OPEN_METEO_ERA5_LAND,singapore
2020-01-31,29.80,24.40,26.70,33.10,28.60,30.70,0.50,OPEN_METEO_ERA5_LAND,singapore
2020-02-01,29.80,24.70,26.80,33.70,29.20,30.50,1.20,OPEN_METEO_ERA5_LAND,singapore
2020-02-02,29.00,24.40,26.20,32.10,27.90,29.50,0.80,OPEN_METEO_ERA5_LAND,singapore
2020-02-03,29.70,23.80,26.60,33.20,27.10,29.70,0.00,OPEN_METEO_ERA5_LAND,singapore
2020-02-04,29.80,22.90,26.20,34.70,26.50,29.90,0.30,OPEN_METEO_ERA5_LAND,singapore
2020-02-05,30.10,23.00,26.30,34.70,26.80,30.10,1.00,OPEN_METEO_ERA5_LAND,singapore
2020-02-06,29.50,23.80,26.60,33.20,27.90,30.20,1.20,OPEN_METEO_ERA5_LAND,singapore
2020-02-07,29.90,24.50,26.60,33.90,27.70,29.80,0.70,OPEN_METEO_ERA5_LAND,singapore
2020-02-08,31.00,23.50,26.50,34.30,26.90,30.10,0.00,OPEN_METEO_ERA5_LAND,singapore
2020-02-09,29.10,23.20,25.50,33.60,27.30,30.00,6.10,OPEN_METEO_ERA5_LAND,singapore
2020-02-10,27.40,23.60,25.30,31.90,27.80,30.10,24.50,OPEN_METEO_ERA5_LAND,singapore
2020-02-11,28.20,24.00,25.80,33.90,28.90,30.80,36.30,OPEN_METEO_ERA5_LAND,singapore
2020-02-12,29.20,23.90,26.40,35.50,28.60,31.20,10.20,OPEN_METEO_ERA5_LAND,singapore
2020-02-13,29.90,24.70,27.10,36.00,29.80,31.90,1.30,OPEN_METEO_ERA5_LAND,singapore
2020-02-14,30.90,24.00,27.00,36.10,29.00,31.60,1.30,OPEN_METEO_ERA5_LAND,singapore
2020-02-15,31.10,23.20,27.00,37.40,27.60,32.40,2.00,OPEN_METEO_ERA5_LAND,singapore
2020-02-16,29.70,25.40,27.20,36.60,31.10,33.20,4.20,OPEN_METEO_ERA5_LAND,singapore
2020-02-17,31.40,24.50,27.20,37.20,29.40,31.60,0.20,OPEN_METEO_ERA5_LAND,singapore
2020-02-18,27.10,24.40,25.50,30.80,28.40,29.90,6.20,OPEN_METEO_ERA5_LAND,singapore
2020-02-19,29.90,24.20,26.40,34.30,28.30,30.20,1.00,OPEN_METEO_ERA5_LAND,singapore
2020-02-20,29.50,24.20,26.40,32.30,27.60,29.70,2.50,OPEN_METEO_ERA5_LAND,singapore
2020-02-21,29.00,24.00,26.10,35.00,27.80,29.80,5.20,OPEN_METEO_ERA5_LAND,singapore
2020-02-22,29.40,23.80,26.20,32.30,26.90,29.30,1.00,OPEN_METEO_ERA5_LAND,singapore
2020-02-23,29.80,24.30,26.70,32.90,28.10,29.80,0.20,OPEN_METEO_ERA5_LAND,singapore
2020-02-24,28.70,24.20,26.40,33.50,27.80,29.70,3.70,OPEN_METEO_ERA5_LAND,singapore
2020-02-25,29.80,24.60,26.70,33.60,28.70,30.40,3.80,OPEN_METEO_ERA5_LAND,singapore
2020-02-26,31.40,23.70,27.00,35.50,28.20,30.90,0.20,OPEN_METEO_ERA5_LAND,singapore
2020-02-27,30.80,24.30,27.10,35.20,28.60,30.90,0.00,OPEN_METEO_ERA5_LAND,singapore
2020-02-28,30.50,24.50,27.10,35.00,28.80,31.00,0.70,OPEN_METEO_ERA5_LAND,singapore
2020-02-29,31.10,23.80,27.10,35.80,27.80,30.80,0.00,OPEN_METEO_ERA5_LAND,singapore
2020-03-01,33.20,23.20,27.20,37.00,27.10,30.80,0.00,OPEN_METEO_ERA5_LAND,singapore
2020-03-02,32.20,23.50,27.40,36.50,28.40,31.40,0.20,OPEN_METEO_ERA5_LAND,singapore
2020-03-03,31.50,24.10,27.50,35.80,28.90,31.70,1.00,OPEN_METEO_ERA5_LAND,singapore
2020-03-04,31.60,24.10,27.60,38.00,29.30,32.50,1.10,OPEN_METEO_ERA5_LAND,singapore
2020-03-05,29.40,24.90,26.90,34.40,30.50,32.00,5.60,OPEN_METEO_ERA5_LAND,singapore
2020-03-06,30.40,24.80,26.80,35.80,30.50,32.20,9.40,OPEN_METEO_ERA5_LAND,singapore
2020-03-07,30.60,24.50,27.10,36.70,29.60,32.50,9.60,OPEN_METEO_ERA5_LAND,singapore
2020-03-08,30.90,24.50,26.80,38.60,29.80,32.70,11.20,OPEN_METEO_ERA5_LAND,singapore
2020-03-09,30.80,24.10,27.10,38.20,29.20,33.20,5.90,OPEN_METEO_ERA5_LAND,singapore
2020-03-10,31.30,24.60,27.70,39.70,29.70,33.80,2.00,OPEN_METEO_ERA5_LAND,singapore
2020-03-11,32.10,25.30,27.80,39.70,31.20,33.80,2.20,OPEN_METEO_ERA5_LAND,singapore
2020-03-12,31.20,24.00,27.50,36.40,28.90,32.40,4.20,OPEN_METEO_ERA5_LAND,singapore
2020-03-13,31.50,23.10,27.40,39.50,27.60,32.80,0.90,OPEN_METEO_ERA5_LAND,singapore
2020-03-14,31.00,25.00,27.80,35.60,30.60,32.80,0.30,OPEN_METEO_ERA5_LAND,singapore
2020-03-15,32.10,25.70,28.40,37.60,31.20,33.20,0.80,OPEN_METEO_ERA5_LAND,singapore
2020-03-16,30.70,25.70,27.80,35.10,30.30,32.10,2.80,OPEN_METEO_ERA5_LAND,singapore
2020-03-17,31.90,24.50,27.70,34.20,29.20,31.10,0.00,OPEN_METEO_ERA5_LAND,singapore
2020-03-18,32.20,24.10,27.70,36.80,29.00,32.30,2.60,OPEN_METEO_ERA5_LAND,singapore
2020-03-19,32.20,23.80,27.20,37.60,28.50,31.90,1.90,OPEN_METEO_ERA5_LAND,singapore
2020-03-20,31.20,24.40,27.40,37.70,29.60,32.30,1.30,OPEN_METEO_ERA5_LAND,singapore
2020-03-21,30.70,24.80,27.00,36.80,29.60,32.10,18.50,OPEN_METEO_ERA5_LAND,singapore
2020-03-22,30.30,24.30,26.50,38.10,29.60,32.20,12.70,OPEN_METEO_ERA5_LAND,singapore
2020-03-23,29.90,24.00,26.30,38.10,29.20,32.10,24.60,OPEN_METEO_ERA5_LAND,singapore
2020-03-24,30.60,24.00,26.90,35.90,29.10,32.00,2.20,OPEN_METEO_ERA5_LAND,singapore
2020-03-25,30.60,24.90,27.50,37.30,30.00,32.90,1.50,OPEN_METEO_ERA5_LAND,singapore
2020-03-26,30.70,24.30,27.40,38.40,29.40,33.00,3.40,OPEN_METEO_ERA5_LAND,singapore
2020-03-27,30.90,24.70,27.40,38.40,29.90,33.30,3.10,OPEN_METEO_ERA5_LAND,singapore
2020-03-28,30.40,24.20,27.60,37.20,29.30,33.30,3.20,OPEN_METEO_ERA5_LAND,singapore
2020-03-29,32.30,24.60,27.90,37.80,29.70,32.90,0.30,OPEN_METEO_ERA5_LAND,singapore
2020-03-30,30.30,23.00,26.70,36.10,27.20,31.80,2.30,OPEN_METEO_ERA5_LAND,singapore
2020-03-31,30.90,24.50,27.60,37.90,29.80,33.20,2.50,OPEN_METEO_ERA5_LAND,singapore
2020-04-01,31.70,24.00,27.70,38.90,29.00,33.30,0.90,OPEN_METEO_ERA5_LAND,singapore
2020-04-02,31.10,25.00,27.60,40.40,30.80,33.80,23.50,OPEN_METEO_ERA5_LAND,singapore
2020-04-03,30.70,25.20,27.40,36.80,31.00,33.30,21.50,OPEN_METEO_ERA5_LAND,singapore
2020-04-04,30.90,25.40,27.60,38.00,31.00,33.50,7.50,OPEN_METEO_ERA5_LAND,singapore
2020-04-05,31.40,24.90,27.60,38.80,30.40,33.50,9.30,OPEN_METEO_ERA5_LAND,singapore
2020-04-06,28.50,24.70,26.50,35.80,29.90,32.30,19.70,OPEN_METEO_ERA5_LAND,singapore
2020-04-07,28.50,24.00,25.70,34.20,28.60,31.10,19.90,OPEN_METEO_ERA5_LAND,singapore
2020-04-08,31.20,24.00,26.80,40.80,29.10,32.80,53.00,OPEN_METEO_ERA5_LAND,singapore
2020-04-09,30.80,24.00,27.30,37.20,28.80,32.40,0.40,OPEN_METEO_ERA5_LAND,singapore
2020-04-10,31.00,23.30,27.00,37.10,27.80,31.90,0.20,OPEN_METEO_ERA5_LAND,singapore
2020-04-11,29.70,25.20,27.50,35.60,30.60,33.00,6.70,OPEN_METEO_ERA5_LAND,singapore
2020-04-12,31.00,25.20,27.60,39.10,30.80,33.70,8.40,OPEN_METEO_ERA5_LAND,singapore
2020-04-13,30.80,24.90,27.30,38.30,30.20,33.40,13.80,OPEN_METEO_ERA5_LAND,singapore
2020-04-14,30.50,24.40,27.50,37.00,29.30,32.60,1.00,OPEN_METEO_ERA5_LAND,singapore
2020-04-15,30.10,24.00,27.00,34.30,28.70,31.90,0.50,OPEN_METEO_ERA5_LAND,singapore
2020-04-16,30.90,23.60,27.50,37.50,28.10,32.80,0.40,OPEN_METEO_ERA5_LAND,singapore
2020-04-17,31.00,24.10,27.70,38.00,29.10,33.40,0.90,OPEN_METEO_ERA5_LAND,singapore
2020-04-18,31.10,24.90,27.60,38.10,30.40,33.20,4.50,OPEN_METEO_ERA5_LAND,singapore
2020-04-19,31.50,25.10,28.20,38.10,30.90,33.90,1.40,OPEN_METEO_ERA5_LAND,singapore
2020-04-20,31.70,24.70,28.40,38.10,29.80,34.00,0.60,OPEN_METEO_ERA5_LAND,singapore
2020-04-21,31.00,25.10,27.60,37.40,30.90,33.40,10.70,OPEN_METEO_ERA5_LAND,singapore
2020-04-22,31.50,25.50,27.80,38.20,30.90,33.60,4.40,OPEN_METEO_ERA5_LAND,singapore
2020-04-23,28.90,25.00,26.70,36.00,30.80,32.80,28.60,OPEN_METEO_ERA5_LAND,singapore
2020-04-24,30.10,24.80,26.80,38.20,30.50,33.00,11.20,OPEN_METEO_ERA5_LAND,singapore
2020-04-25,29.00,25.00,26.50,36.10,30.60,32.60,29.80,OPEN_METEO_ERA5_LAND,singapore
2020-04-26,29.80,24.50,26.10,37.70,29.50,32.10,33.40,OPEN_METEO_ERA5_LAND,singapore
2020-04-27,28.20,24.60,26.50,34.00,30.20,32.20,16.10,OPEN_METEO_ERA5_LAND,singapore
2020-04-28,29.30,25.00,26.80,36.10,30.30,32.60,23.40,OPEN_METEO_ERA5_LAND,singapore
2020-04-29,30.00,25.20,27.10,37.20,30.60,33.20,13.00,OPEN_METEO_ERA5_LAND,singapore
2020-04-30,28.50,24.60,26.30,35.50,30.20,32.40,27.40,OPEN_METEO_ERA5_LAND,singapore
2020-05-01,29.00,25.10,26.00,34.40,30.70,31.40,27.40,OPEN_METEO_ERA5_LAND,singapore
2020-05-02,29.90,24.60,26.80,36.20,29.70,32.40,10.50,OPEN_METEO_ERA5_LAND,singapore
2020-05-03,29.50,24.00,26.50,35.80,28.80,32.40,11.50,OPEN_METEO_ERA5_LAND,singapore
2020-05-04,29.50,25.20,26.90,37.20,31.10,33.40,16.10,OPEN_METEO_ERA5_LAND,singapore
2020-05-05,31.00,24.50,27.20,40.10,29.90,33.70,11.00,OPEN_METEO_ERA5_LAND,singapore
2020-05-06,30.30,25.30,27.30,36.80,30.90,33.30,7.90,OPEN_METEO_ERA5_LAND,singapore
2020-05-07,31.30,25.90,28.30,39.50,32.10,34.90,3.60,OPEN_METEO_ERA5_LAND,singapore
2020-05-08,29.60,25.70,27.80,35.20,30.60,33.40,9.30,OPEN_METEO_ERA5_LAND,singapore
2020-05-09,30.40,26.80,28.60,36.30,33.20,34.50,3.80,OPEN_METEO_ERA5_LAND,singapore
2020-05-10,30.80,26.40,28.10,37.20,31.60,33.90,9.90,OPEN_METEO_ERA5_LAND,singapore
2020-05-11,30.40,25.50,27.60,36.40,30.90,33.50,5.20,OPEN_METEO_ERA5_LAND,singapore
2020-05-12,29.80,25.90,27.50,36.30,32.00,33.80,12.50,OPEN_METEO_ERA5_LAND,singapore
2020-05-13,27.10,24.50,25.90,32.60,29.50,31.40,31.00,OPEN_METEO_ERA5_LAND,singapore
2020-05-14,30.00,25.30,27.30,36.60,31.10,33.60,13.80,OPEN_METEO_ERA5_LAND,singapore
2020-05-15,30.60,25.60,28.00,37.50,31.40,34.20,5.10,OPEN_METEO_ERA5_LAND,singapore
2020-05-16,30.10,25.80,28.00,38.40,31.80,34.40,4.30,OPEN_METEO_ERA5_LAND,singapore
2020-05-17,29.00,26.00,27.40,35.80,32.00,33.80,25.40,OPEN_METEO_ERA5_LAND,singapore
2020-05-18,30.10,25.50,27.70,36.00,31.30,33.70,28.10,OPEN_METEO_ERA5_LAND,singapore
2020-05-19,30.90,25.40,28.10,37.90,31.70,34.80,8.80,OPEN_METEO_ERA5_LAND,singapore
2020-05-20,30.20,25.10,27.50,36.30,30.70,33.60,10.60,OPEN_METEO_ERA5_LAND,singapore
2020-05-21,32.30,26.20,28.30,40.80,32.20,35.00,5.30,OPEN_METEO_ERA5_LAND,singapore
2020-05-22,29.80,24.90,27.10,36.70,29.70,33.10,39.60,OPEN_METEO_ERA5_LAND,singapore
2020-05-23,27.70,24.40,26.10,33.70,29.40,31.80,74.50,OPEN_METEO_ERA5_LAND,singapore
2020-05-24,30.60,25.00,27.60,37.60,31.00,33.70,0.30,OPEN_METEO_ERA5_LAND,singapore
2020-05-25,30.50,25.60,28.00,38.70,31.00,34.50,1.70,OPEN_METEO_ERA5_LAND,singapore
2020-05-26,30.20,25.80,27.90,39.30,31.50,34.50,14.10,OPEN_METEO_ERA5_LAND,singapore
2020-05-27,29.00,25.80,27.20,34.30,31.70,33.20,25.30,OPEN_METEO_ERA5_LAND,singapore
2020-05-28,30.90,24.80,27.80,36.40,29.10,33.60,4.60,OPEN_METEO_ERA5_LAND,singapore
2020-05-29,30.10,25.40,27.40,36.50,31.10,33.60,18.00,OPEN_METEO_ERA5_LAND,singapore
2020-05-30,31.00,24.80,27.60,38.80,30.30,33.90,2.00,OPEN_METEO_ERA5_LAND,singapore
2020-05-31,29.50,25.50,27.30,36.90,30.70,33.60,9.30,OPEN_METEO_ERA5_LAND,singapore
2020-06-01,28.40,25.50,26.80,34.00,30.80,32.50,16.30,OPEN_METEO_ERA5_LAND,singapore
2020-06-02,30.70,24.70,27.80,37.10,29.30,33.50,0.50,OPEN_METEO_ERA5_LAND,singapore
2020-06-03,29.50,25.70,27.50,36.90,31.50,33.60,7.00,OPEN_METEO_ERA5_LAND,singapore
2020-06-04,28.80,25.30,26.70,34.70,30.80,32.20,24.20,OPEN_METEO_ERA5_LAND,singapore
2020-06-05,27.10,25.10,26.20,32.70,29.40,31.10,27.90,OPEN_METEO_ERA5_LAND,singapore
2020-06-06,27.10,24.90,26.30,33.20,30.00,31.80,10.60,OPEN_METEO_ERA5_LAND,singapore
2020-06-07,30.10,26.00,27.70,36.40,31.50,33.50,1.10,OPEN_METEO_ERA5_LAND,singapore
2020-06-08,30.30,25.40,27.50,38.00,31.10,34.00,3.30,OPEN_METEO_ERA5_LAND,singapore
2020-06-09,30.10,25.30,27.80,36.50,31.00,33.60,1.40,OPEN_METEO_ERA5_LAND,singapore
2020-06-10,29.70,26.20,27.70,37.10,32.00,33.80,9.90,OPEN_METEO_ERA5_LAND,singapore
2020-06-11,29.30,26.30,27.50,37.10,33.10,34.00,16.40,OPEN_METEO_ERA5_LAND,singapore
2020-06-12,29.40,25.20,26.80,35.80,30.60,32.90,10.60,OPEN_METEO_ERA5_LAND,singapore
2020-06-13,27.70,24.10,25.70,32.30,28.20,30.80,142.90,OPEN_METEO_ERA5_LAND,singapore
2020-06-14,29.10,25.50,27.30,34.00,30.30,32.40,2.80,OPEN_METEO_ERA5_LAND,singapore
2020-06-15,30.40,26.00,27.90,36.80,32.00,33.70,1.40,OPEN_METEO_ERA5_LAND,singapore
2020-06-16,28.70,25.50,26.90,34.40,31.10,32.90,13.80,OPEN_METEO_ERA5_LAND,singapore
2020-06-17,28.20,24.60,26.10,34.30,30.20,31.90,38.60,OPEN_METEO_ERA5_LAND,singapore
2020-06-18,28.70,25.00,26.70,33.70,30.40,32.10,15.40,OPEN_METEO_ERA5_LAND,singapore
2020-06-19,27.90,25.20,26.30,33.40,30.50,32.00,15.40,OPEN_METEO_ERA5_LAND,singapore
2020-06-20,27.00,24.90,25.90,32.40,30.00,31.20,41.10,OPEN_METEO_ERA5_LAND,singapore
2020-06-21,28.10,24.80,26.00,32.50,29.70,30.90,23.40,OPEN_METEO_ERA5_LAND,singapore
2020-06-22,27.90,25.10,26.10,32.70,30.10,31.10,19.00,OPEN_METEO_ERA5_LAND,singapore
2020-06-23,26.00,24.70,25.40,30.70,29.20,30.20,63.30,OPEN_METEO_ERA5_LAND,singapore
2020-06-24,27.00,24.50,25.60,31.10,28.50,30.10,16.10,OPEN_METEO_ERA5_LAND,singapore
2020-06-25,29.40,23.50,26.30,34.20,27.10,30.90,0.30,OPEN_METEO_ERA5_LAND,singapore
2020-06-26,29.20,24.50,27.10,34.10,29.50,32.20,5.20,OPEN_METEO_ERA5_LAND,singapore
2020-06-27,28.60,26.00,27.20,33.50,31.60,32.40,3.10,OPEN_METEO_ERA5_LAND,singapore
2020-06-28,29.60,26.10,27.70,33.90,31.10,32.50,1.40,OPEN_METEO_ERA5_LAND,singapore
2020-06-29,30.00,25.50,27.50,35.40,30.20,32.60,13.10,OPEN_METEO_ERA5_LAND,singapore
2020-06-30,30.20,25.80,27.50,35.20,30.80,32.50,2.50,OPEN_METEO_ERA5_LAND,singapore
2020-07-01,27.90,25.10,26.40,33.50,30.40,31.80,19.50,OPEN_METEO_ERA5_LAND,singapore
2020-07-02,29.30,25.30,27.20,33.70,31.10,32.20,2.20,OPEN_METEO_ERA5_LAND,singapore
2020-07-03,29.70,25.90,27.40,35.20,31.50,32.80,4.90,OPEN_METEO_ERA5_LAND,singapore
2020-07-04,30.10,24.40,27.10,37.80,29.50,32.70,10.60,OPEN_METEO_ERA5_LAND,singapore
2020-07-05,29.70,23.80,26.70,35.90,29.00,32.40,6.50,OPEN_METEO_ERA5_LAND,singapore
2020-07-06,30.40,26.10,27.80,35.50,31.50,32.90,1.60,OPEN_METEO_ERA5_LAND,singapore
2020-07-07,28.50,25.30,26.60,34.40,30.20,32.00,20.10,OPEN_METEO_ERA5_LAND,singapore
2020-07-08,27.80,24.40,26.10,32.90,29.90,31.50,10.40,OPEN_METEO_ERA5_LAND,singapore
2020-07-09,25.80,24.30,25.10,31.20,28.20,29.60,36.00,OPEN_METEO_ERA5_LAND,singapore
2020-07-10,28.40,24.20,26.10,33.20,29.40,31.30,8.50,OPEN_METEO_ERA5_LAND,singapore
2020-07-11,28.50,24.50,26.20,33.50,30.10,31.50,11.00,OPEN_METEO_ERA5_LAND,singapore
2020-07-12,28.10,24.50,26.10,33.20,28.10,31.10,17.30,OPEN_METEO_ERA5_LAND,singapore
2020-07-13,26.20,24.60,25.40,32.00,28.70,30.10,43.00,OPEN_METEO_ERA5_LAND,singapore
2020-07-14,26.60,24.70,25.50,31.30,29.50,30.10,4.80,OPEN_METEO_ERA5_LAND,singapore
2020-07-15,28.40,23.80,26.40,34.60,27.90,31.60,6.30,OPEN_METEO_ERA5_LAND,singapore
2020-07-16,30.00,25.10,27.20,36.90,30.50,32.90,4.60,OPEN_METEO_ERA5_LAND,singapore
2020-07-17,29.30,24.10,26.90,36.40,29.50,32.80,8.30,OPEN_METEO_ERA5_LAND,singapore
2020-07-18,28.50,25.20,26.90,34.20,30.40,32.40,11.10,OPEN_METEO_ERA5_LAND,singapore
2020-07-19,29.40,24.80,27.00,35.50,30.30,32.70,3.10,OPEN_METEO_ERA5_LAND,singapore
2020-07-20,29.60,25.10,27.40,36.40,30.20,33.00,1.00,OPEN_METEO_ERA5_LAND,singapore
2020-07-21,30.00,25.30,27.40,35.80,30.20,32.70,3.70,OPEN_METEO_ERA5_LAND,singapore
2020-07-22,28.60,24.80,26.60,34.60,30.00,32.30,28.40,OPEN_METEO_ERA5_LAND,singapore
2020-07-23,28.10,24.50,26.20,34.50,29.80,31.80,12.50,OPEN_METEO_ERA5_LAND,singapore
2020-07-24,28.80,24.50,26.40,35.00,29.80,31.90,12.90,OPEN_METEO_ERA5_LAND,singapore
2020-07-25,28.40,24.90,26.40,34.20,29.90,32.00,19.70,OPEN_METEO_ERA5_LAND,singapore
2020-07-26,28.60,25.20,26.60,33.70,29.20,31.40,9.30,OPEN_METEO_ERA5_LAND,singapore
2020-07-27,29.10,25.20,26.90,34.70,30.30,31.60,9.50,OPEN_METEO_ERA5_LAND,singapore
2020-07-28,29.20,25.50,26.70,32.60,29.90,31.20,2.90,OPEN_METEO_ERA5_LAND,singapore
2020-07-29,25.90,24.60,25.20,31.70,29.50,30.30,19.60,OPEN_METEO_ERA5_LAND,singapore
2020-07-30,29.40,23.20,26.40,34.60,28.10,31.70,3.00,OPEN_METEO_ERA5_LAND,singapore
2020-07-31,28.40,24.90,26.50,33.30,28.60,31.50,14.10,OPEN_METEO_ERA5_LAND,singapore
2020-08-01,29.00,25.30,27.00,33.10,30.40,31.70,1.10,OPEN_METEO_ERA5_LAND,singapore
2020-08-02,29.20,25.70,27.50,34.20,30.70,32.30,1.00,OPEN_METEO_ERA5_LAND,singapore
2020-08-03,29.70,26.00,27.70,34.80,30.90,32.60,0.30,OPEN_METEO_ERA5_LAND,singapore
2020-08-04,28.40,25.30,26.90,34.90,30.60,32.60,4.90,OPEN_METEO_ERA5_LAND,singapore
2020-08-05,29.70,26.60,27.80,33.60,31.90,32.70,0.90,OPEN_METEO_ERA5_LAND,singapore
2020-08-06,29.90,26.40,27.90,35.10,32.30,33.50,0.10,OPEN_METEO_ERA5_LAND,singapore
2020-08-07,30.20,25.30,27.90,36.60,31.10,33.70,0.60,OPEN_METEO_ERA5_LAND,singapore
2020-08-08,30.60,25.90,28.20,36.90,32.00,34.10,0.50,OPEN_METEO_ERA5_LAND,singapore
2020-08-09,29.60,26.70,28.00,36.50,33.00,34.00,3.70,OPEN_METEO_ERA5_LAND,singapore
2020-08-10,29.80,26.80,28.10,35.00,32.00,33.70,1.20,OPEN_METEO_ERA5_LAND,singapore
2020-08-11,30.50,25.80,28.30,36.30,32.00,34.00,10.30,OPEN_METEO_ERA5_LAND,singapore
2020-08-12,29.70,25.40,27.40,35.90,30.60,33.20,2.50,OPEN_METEO_ERA5_LAND,singapore
2020-08-13,29.10,25.20,27.20,35.10,30.40,32.90,5.20,OPEN_METEO_ERA5_LAND,singapore
2020-08-14,28.40,24.50,26.20,33.70,29.40,31.60,12.30,OPEN_METEO_ERA5_LAND,singapore
2020-08-15,29.00,23.70,26.60,35.20,28.30,32.00,4.60,OPEN_METEO_ERA5_LAND,singapore
2020-08-16,28.90,24.50,26.60,34.30,29.70,31.90,5.00,OPEN_METEO_ERA5_LAND,singapore
2020-08-17,28.30,24.50,26.50,33.80,30.30,32.10,16.90,OPEN_METEO_ERA5_LAND,singapore
2020-08-18,28.90,24.80,26.70,34.10,29.80,31.80,7.60,OPEN_METEO_ERA5_LAND,singapore
2020-08-19,29.20,24.70,26.50,34.30,29.70,31.90,12.60,OPEN_METEO_ERA5_LAND,singapore
2020-08-20,29.60,24.30,26.80,35.80,29.30,32.30,5.20,OPEN_METEO_ERA5_LAND,singapore
2020-08-21,30.60,25.50,27.90,36.30,30.70,32.90,0.10,OPEN_METEO_ERA5_LAND,singapore
2020-08-22,29.20,25.50,27.20,34.90,31.00,32.50,6.50,OPEN_METEO_ERA5_LAND,singapore
2020-08-23,27.60,23.30,25.50,32.70,26.30,30.50,19.10,OPEN_METEO_ERA5_LAND,singapore
2020-08-24,29.60,24.20,26.70,35.30,29.00,32.00,2.50,OPEN_METEO_ERA5_LAND,singapore
2020-08-25,28.40,25.10,26.40,34.00,30.20,31.70,5.10,OPEN_METEO_ERA5_LAND,singapore
2020-08-26,28.50,24.50,26.30,33.00,29.40,31.20,7.60,OPEN_METEO_ERA5_LAND,singapore
2020-08-27,28.90,24.70,26.60,33.60,29.40,31.50,2.80,OPEN_METEO_ERA5_LAND,singapore
2020-08-28,29.80,25.40,27.50,34.80,30.40,32.10,1.10,OPEN_METEO_ERA5_LAND,singapore
2020-08-29,28.90,25.80,27.00,36.00,29.70,32.20,9.40,OPEN_METEO_ERA5_LAND,singapore
2020-08-30,29.80,25.50,27.40,36.40,30.60,32.80,5.20,OPEN_METEO_ERA5_LAND,singapore
2020-08-31,30.30,25.80,27.80,36.60,31.30,33.10,1.60,OPEN_METEO_ERA5_LAND,singapore
2020-09-01,28.90,25.60,26.80,35.60,30.50,32.20,15.90,OPEN_METEO_ERA5_LAND,singapore
2020-09-02,29.40,24.50,26.70,36.30,29.90,32.40,22.50,OPEN_METEO_ERA5_LAND,singapore
2020-09-03,27.70,25.00,26.10,33.70,30.80,31.90,18.30,OPEN_METEO_ERA5_LAND,singapore
2020-09-04,28.30,24.80,26.40,34.40,30.20,31.70,8.00,OPEN_METEO_ERA5_LAND,singapore
2020-09-05,25.70,24.50,25.10,30.50,29.30,29.90,32.40,OPEN_METEO_ERA5_LAND,singapore
2020-09-06,29.60,24.60,26.40,33.10,29.40,31.10,2.70,OPEN_METEO_ERA5_LAND,singapore
2020-09-07,30.30,24.20,26.70,35.80,29.00,31.80,5.60,OPEN_METEO_ERA5_LAND,singapore
2020-09-08,28.70,24.70,26.50,35.00,29.60,31.80,9.60,OPEN_METEO_ERA5_LAND,singapore
2020-09-09,29.50,25.00,26.80,36.80,30.30,32.60,21.60,OPEN_METEO_ERA5_LAND,singapore
2020-09-10,26.40,24.20,25.50,31.70,29.30,30.50,26.50,OPEN_METEO_ERA5_LAND,singapore
2020-09-11,28.50,25.20,26.30,32.30,29.80,31.00,4.20,OPEN_METEO_ERA5_LAND,singapore
2020-09-12,27.50,24.80,26.00,32.60,29.60,31.20,18.40,OPEN_METEO_ERA5_LAND,singapore
2020-09-13,27.80,24.60,25.80,32.30,28.80,30.50,4.00,OPEN_METEO_ERA5_LAND,singapore
2020-09-14,26.80,22.10,24.90,31.50,26.10,29.60,15.70,OPEN_METEO_ERA5_LAND,singapore
2020-09-15,29.10,24.60,26.60,35.20,29.80,32.00,9.20,OPEN_METEO_ERA5_LAND,singapore
2020-09-16,28.30,24.20,26.20,32.50,28.60,31.00,9.60,OPEN_METEO_ERA5_LAND,singapore
2020-09-17,29.50,24.10,26.70,36.00,28.60,31.70,4.60,OPEN_METEO_ERA5_LAND,singapore
2020-09-18,29.30,25.60,27.30,34.00,30.20,32.40,2.40,OPEN_METEO_ERA5_LAND,singapore
2020-09-19,29.10,25.30,27.30,35.20,29.40,32.70,0.40,OPEN_METEO_ERA5_LAND,singapore
2020-09-20,29.20,25.10,26.80,35.30,30.40,32.40,13.60,OPEN_METEO_ERA5_LAND,singapore
2020-09-21,27.50,23.60,25.70,33.60,28.90,31.30,14.60,OPEN_METEO_ERA5_LAND,singapore
2020-09-22,28.90,24.30,26.20,34.40,28.90,31.50,12.20,OPEN_METEO_ERA5_LAND,singapore
2020-09-23,30.20,25.00,27.60,37.30,30.80,33.60,1.30,OPEN_METEO_ERA5_LAND,singapore
2020-09-24,29.10,25.10,26.90,36.00,28.60,32.40,3.40,OPEN_METEO_ERA5_LAND,singapore
2020-09-25,30.20,24.70,26.90,36.20,30.30,32.70,18.20,OPEN_METEO_ERA5_LAND,singapore
2020-09-26,27.70,24.20,25.50,32.10,28.80,30.10,23.80,OPEN_METEO_ERA5_LAND,singapore
2020-09-27,27.00,24.30,25.50,31.20,27.70,29.50,11.50,OPEN_METEO_ERA5_LAND,singapore
2020-09-28,29.70,25.20,26.70,35.30,29.90,31.70,7.30,OPEN_METEO_ERA5_LAND,singapore
2020-09-29,28.60,24.60,26.40,33.90,29.30,31.50,10.10,OPEN_METEO_ERA5_LAND,singapore
2020-09-30,29.50,24.00,26.40,36.60,28.90,32.00,10.80,OPEN_METEO_ERA5_LAND,singapore
2020-10-01,29.00,24.40,26.30,36.00,29.70,32.30,20.10,OPEN_METEO_ERA5_LAND,singapore
2020-10-02,28.60,24.20,26.40,34.60,29.30,31.60,19.40,OPEN_METEO_ERA5_LAND,singapore
2020-10-03,29.70,24.90,26.70,34.80,29.10,31.10,13.20,OPEN_METEO_ERA5_LAND,singapore
2020-10-04,29.20,24.20,26.80,33.70,27.80,31.40,0.10,OPEN_METEO_ERA5_LAND,singapore
2020-10-05,29.80,24.50,27.10,35.90,30.20,32.60,1.10,OPEN_METEO_ERA5_LAND,singapore
2020-10-06,28.90,24.90,27.00,34.20,30.20,32.50,2.40,OPEN_METEO_ERA5_LAND,singapore
2020-10-07,29.80,24.50,26.90,36.00,28.70,32.10,17.90,OPEN_METEO_ERA5_LAND,singapore
2020-10-08,28.80,24.70,26.20,33.10,29.20,31.00,13.30,OPEN_METEO_ERA5_LAND,singapore
2020-10-09,28.40,25.70,26.70,32.10,29.90,31.20,8.60,OPEN_METEO_ERA5_LAND,singapore
2020-10-10,27.00,25.20,26.10,32.50,29.90,30.90,6.60,OPEN_METEO_ERA5_LAND,singapore
2020-10-11,28.60,24.30,26.40,33.10,28.90,31.00,18.00,OPEN_METEO_ERA5_LAND,singapore
2020-10-12,28.50,26.20,27.20,31.60,29.40,30.60,1.70,OPEN_METEO_ERA5_LAND,singapore
2020-10-13,29.10,25.70,27.40,33.80,29.40,31.70,0.10,OPEN_METEO_ERA5_LAND,singapore
2020-10-14,29.40,25.40,27.40,34.10,29.30,32.40,5.30,OPEN_METEO_ERA5_LAND,singapore
2020-10-15,29.80,24.40,27.10,35.40,28.80,32.00,10.40,OPEN_METEO_ERA5_LAND,singapore
2020-10-16,30.00,26.00,27.80,35.90,29.70,32.80,0.30,OPEN_METEO_ERA5_LAND,singapore
2020-10-17,30.10,26.10,27.90,35.90,32.10,33.60,1.70,OPEN_METEO_ERA5_LAND,singapore
2020-10-18,29.70,26.40,27.60,35.60,31.20,33.20,3.70,OPEN_METEO_ERA5_LAND,singapore
2020-10-19,29.60,25.80,27.50,36.50,30.20,33.30,1.50,OPEN_METEO_ERA5_LAND,singapore
2020-10-20,29.00,25.10,27.10,36.10,30.70,33.20,12.60,OPEN_METEO_ERA5_LAND,singapore
2020-10-21,30.80,24.40,27.20,38.50,29.50,33.20,19.60,OPEN_METEO_ERA5_LAND,singapore
2020-10-22,27.30,23.50,25.50,31.80,28.10,30.00,54.80,OPEN_METEO_ERA5_LAND,singapore
2020-10-23,30.90,24.90,27.30,36.00,30.20,32.80,21.70,OPEN_METEO_ERA5_LAND,singapore
2020-10-24,30.00,24.10,26.60,37.70,29.20,32.40,21.90,OPEN_METEO_ERA5_LAND,singapore
2020-10-25,29.40,23.90,26.50,34.60,28.40,31.50,7.20,OPEN_METEO_ERA5_LAND,singapore
2020-10-26,27.00,25.20,26.00,32.90,29.80,31.20,12.40,OPEN_METEO_ERA5_LAND,singapore
2020-10-27,29.80,25.30,27.50,35.50,31.10,33.00,1.40,OPEN_METEO_ERA5_LAND,singapore
2020-10-28,28.10,25.10,26.30,33.30,30.10,31.80,8.40,OPEN_METEO_ERA5_LAND,singapore
2020-10-29,29.20,25.30,27.00,35.60,30.90,32.90,19.00,OPEN_METEO_ERA5_LAND,singapore
2020-10-30,29.90,24.20,26.90,37.10,29.60,33.20,12.10,OPEN_METEO_ERA5_LAND,singapore
2020-10-31,29.50,24.30,26.60,37.50,29.10,32.30,17.00,OPEN_METEO_ERA5_LAND,singapore
2020-11-01,29.30,24.70,26.50,36.80,29.30,31.90,10.90,OPEN_METEO_ERA5_LAND,singapore
2020-11-02,29.30,24.20,26.30,35.90,29.20,31.80,16.40,OPEN_METEO_ERA5_LAND,singapore
2020-11-03,28.20,24.10,25.90,35.80,29.40,31.70,13.30,OPEN_METEO_ERA5_LAND,singapore
2020-11-04,27.00,24.10,25.20,32.50,28.60,30.40,8.10,OPEN_METEO_ERA5_LAND,singapore
2020-11-05,29.80,23.20,26.40,36.10,27.70,31.60,0.80,OPEN_METEO_ERA5_LAND,singapore
2020-11-06,29.60,24.60,27.00,36.30,29.90,32.60,5.40,OPEN_METEO_ERA5_LAND,singapore
2020-11-07,26.60,24.10,25.20,32.00,28.90,30.40,37.50,OPEN_METEO_ERA5_LAND,singapore
2020-11-08,28.60,23.80,26.00,34.40,28.80,31.30,11.10,OPEN_METEO_ERA5_LAND,singapore
2020-11-09,27.10,24.20,25.60,32.50,29.20,30.90,17.00,OPEN_METEO_ERA5_LAND,singapore
2020-11-10,27.50,24.60,26.00,33.50,29.50,31.50,9.80,OPEN_METEO_ERA5_LAND,singapore
2020-11-11,30.30,24.50,27.50,35.80,30.40,32.90,0.20,OPEN_METEO_ERA5_LAND,singapore
2020-11-12,30.60,25.80,27.80,36.90,31.00,33.00,0.80,OPEN_METEO_ERA5_LAND,singapore
2020-11-13,30.20,25.00,27.30,37.10,30.60,32.80,1.90,OPEN_METEO_ERA5_LAND,singapore
2020-11-14,30.20,24.80,26.70,37.60,30.40,32.20,15.80,OPEN_METEO_ERA5_LAND,singapore
2020-11-15,29.30,24.90,26.20,35.90,30.10,31.50,25.30,OPEN_METEO_ERA5_LAND,singapore
2020-11-16,29.70,24.10,26.50,37.00,29.10,31.70,4.70,OPEN_METEO_ERA5_LAND,singapore
2020-11-17,29.60,24.10,26.20,35.70,29.30,31.70,17.50,OPEN_METEO_ERA5_LAND,singapore
2020-11-18,30.20,24.10,26.80,36.90,29.10,32.40,2.50,OPEN_METEO_ERA5_LAND,singapore
2020-11-19,29.70,24.40,26.50,35.70,29.70,32.20,13.00,OPEN_METEO_ERA5_LAND,singapore
2020-11-20,30.10,23.90,26.40,37.40,29.10,32.30,13.10,OPEN_METEO_ERA5_LAND,singapore
2020-11-21,28.10,24.00,25.50,33.60,29.00,30.60,29.10,OPEN_METEO_ERA5_LAND,singapore
2020-11-22,28.30,23.80,25.50,34.70,28.20,30.50,22.60,OPEN_METEO_ERA5_LAND,singapore
2020-11-23,28.00,23.90,25.30,32.90,28.50,30.60,17.10,OPEN_METEO_ERA5_LAND,singapore
2020-11-24,26.60,23.80,25.20,31.70,28.80,30.10,9.60,OPEN_METEO_ERA5_LAND,singapore
2020-11-25,27.40,23.60,25.20,33.00,28.10,30.40,6.90,OPEN_METEO_ERA5_LAND,singapore
2020-11-26,27.00,24.10,25.20,32.50,29.40,30.60,15.90,OPEN_METEO_ERA5_LAND,singapore
2020-11-27,28.30,23.40,25.60,34.70,27.50,30.90,19.90,OPEN_METEO_ERA5_LAND,singapore
2020-11-28,28.60,24.30,25.90,33.90,29.40,31.30,3.80,OPEN_METEO_ERA5_LAND,singapore
2020-11-29,29.20,24.30,25.90,34.50,29.00,31.00,5.50,OPEN_METEO_ERA5_LAND,singapore
2020-11-30,29.40,24.10,26.10,35.20,29.20,31.30,18.20,OPEN_METEO_ERA5_LAND,singapore
2020-12-01,30.20,23.60,26.70,37.50,28.10,32.30,6.10,OPEN_METEO_ERA5_LAND,singapore
2020-12-02,30.10,24.70,27.00,38.90,30.40,33.10,2.50,OPEN_METEO_ERA5_LAND,singapore
2020-12-03,30.00,24.40,26.30,37.10,29.30,31.40,12.90,OPEN_METEO_ERA5_LAND,singapore
2020-12-04,28.90,23.60,25.40,34.80,27.70,29.90,17.00,OPEN_METEO_ERA5_LAND,singapore
2020-12-05,28.30,23.70,25.70,32.20,28.10,29.70,7.40,OPEN_METEO_ERA5_LAND,singapore
2020-12-06,30.30,24.30,26.90,35.80,27.40,30.80,0.50,OPEN_METEO_ERA5_LAND,singapore
2020-12-07,30.20,24.30,26.80,35.40,28.10,31.10,5.90,OPEN_METEO_ERA5_LAND,singapore
2020-12-08,29.90,24.40,26.40,34.80,28.60,30.80,4.20,OPEN_METEO_ERA5_LAND,singapore
2020-12-09,29.60,24.00,26.40,36.70,28.40,31.60,6.40,OPEN_METEO_ERA5_LAND,singapore
2020-12-10,29.90,24.40,26.50,35.60,29.30,31.50,7.30,OPEN_METEO_ERA5_LAND,singapore
2020-12-11,30.00,24.10,26.60,35.30,28.50,31.30,5.40,OPEN_METEO_ERA5_LAND,singapore
2020-12-12,29.50,23.90,26.00,35.40,28.20,30.80,20.20,OPEN_METEO_ERA5_LAND,singapore
2020-12-13,30.00,24.40,26.30,35.60,28.90,31.10,13.20,OPEN_METEO_ERA5_LAND,singapore
2020-12-14,28.90,24.50,26.00,35.30,29.20,31.10,26.50,OPEN_METEO_ERA5_LAND,singapore
2020-12-15,28.50,23.90,25.80,35.10,28.80,31.00,24.70,OPEN_METEO_ERA5_LAND,singapore
2020-12-16,27.70,24.00,25.60,32.70,28.50,30.70,20.00,OPEN_METEO_ERA5_LAND,singapore
2020-12-17,27.80,23.40,25.50,33.30,27.60,30.20,6.40,OPEN_METEO_ERA5_LAND,singapore
2020-12-18,25.80,23.90,24.50,30.70,27.70,29.10,14.30,OPEN_METEO_ERA5_LAND,singapore
2020-12-19,27.10,23.40,25.00,32.00,27.70,29.40,3.00,OPEN_METEO_ERA5_LAND,singapore
2020-12-20,28.70,23.20,25.30,33.80,27.20,29.50,15.60,OPEN_METEO_ERA5_LAND,singapore
2020-12-21,28.90,23.30,25.50,35.30,27.20,30.20,12.80,OPEN_METEO_ERA5_LAND,singapore
2020-12-22,30.00,23.60,26.30,34.80,28.10,30.70,3.10,OPEN_METEO_ERA5_LAND,singapore
2020-12-23,29.40,23.70,26.30,36.40,28.50,31.50,5.80,OPEN_METEO_ERA5_LAND,singapore
2020-12-24,26.60,23.50,25.10,32.00,28.30,30.20,35.70,OPEN_METEO_ERA5_LAND,singapore
2020-12-25,29.80,24.50,26.60,35.70,29.80,31.90,1.90,OPEN_METEO_ERA5_LAND,singapore
2020-12-26,29.70,25.00,26.60,36.40,30.10,32.00,25.80,OPEN_METEO_ERA5_LAND,singapore
2020-12-27,29.80,23.80,26.00,35.90,28.30,31.00,17.20,OPEN_METEO_ERA5_LAND,singapore
2020-12-28,29.10,24.10,26.10,35.40,28.50,31.00,8.00,OPEN_METEO_ERA5_LAND,singapore
2020-12-29,29.20,23.90,26.20,33.80,28.80,31.10,3.30,OPEN_METEO_ERA5_LAND,singapore
2020-12-30,29.50,23.70,26.10,35.00,28.40,30.90,5.60,OPEN_METEO_ERA5_LAND,singapore
2020-12-31,28.90,23.60,25.80,35.00,27.90,30.20,10.90,OPEN_METEO_ERA5_LAND,singapore
2021-01-01,25.90,23.60,24.50,30.00,27.40,28.40,35.90,OPEN_METEO_ERA5_LAND,singapore
2021-01-02,24.20,23.40,23.70,28.30,25.10,27.20,78.60,OPEN_METEO_ERA5_LAND,singapore
2021-01-03,27.20,22.80,24.50,32.10,26.40,28.80,8.40,OPEN_METEO_ERA5_LAND,singapore
2021-01-04,27.40,22.70,24.70,30.80,26.20,28.50,3.50,OPEN_METEO_ERA5_LAND,singapore
2021-01-05,30.00,23.40,25.80,36.10,27.00,30.20,5.10,OPEN_METEO_ERA5_LAND,singapore
2021-01-06,27.80,23.60,25.40,32.60,27.90,29.90,9.20,OPEN_METEO_ERA5_LAND,singapore
2021-01-07,26.30,23.50,24.60,30.90,27.70,28.90,7.40,OPEN_METEO_ERA5_LAND,singapore
2021-01-08,27.00,23.30,24.80,31.70,27.30,29.00,10.60,OPEN_METEO_ERA5_LAND,singapore
2021-01-09,27.50,23.90,25.10,32.20,27.40,29.20,32.60,OPEN_METEO_ERA5_LAND,singapore
2021-01-10,24.60,23.30,23.80,28.50,26.40,27.40,94.90,OPEN_METEO_ERA5_LAND,singapore
2021-01-11,26.20,23.20,24.40,29.50,26.70,28.00,23.60,OPEN_METEO_ERA5_LAND,singapore
2021-01-12,26.90,23.40,24.50,30.60,26.40,27.60,9.50,OPEN_METEO_ERA5_LAND,singapore
2021-01-13,26.40,23.10,24.50,29.50,25.90,27.60,3.60,OPEN_METEO_ERA5_LAND,singapore
2021-01-14,27.50,22.80,24.70,30.00,26.30,27.80,0.40,OPEN_METEO_ERA5_LAND,singapore
2021-01-15,27.90,23.00,25.00,31.90,25.80,28.40,1.10,OPEN_METEO_ERA5_LAND,singapore
2021-01-16,28.90,23.30,25.70,33.50,27.30,29.50,1.70,OPEN_METEO_ERA5_LAND,singapore
2021-01-17,28.90,24.20,25.90,32.70,25.90,28.80,1.80,OPEN_METEO_ERA5_LAND,singapore
2021-01-18,27.40,23.70,25.10,27.40,24.80,26.20,0.00,OPEN_METEO_ERA5_LAND,singapore
2021-01-19,28.60,22.70,25.20,31.30,25.30,27.50,0.00,OPEN_METEO_ERA5_LAND,singapore
2021-01-20,28.60,22.40,25.20,32.80,25.30,28.30,1.90,OPEN_METEO_ERA5_LAND,singapore
2021-01-21,29.40,22.50,25.50,34.50,26.10,29.40,3.30,OPEN_METEO_ERA5_LAND,singapore
2021-01-22,29.40,23.00,25.50,35.40,26.80,29.90,3.50,OPEN_METEO_ERA5_LAND,singapore
2021-01-23,28.60,23.50,25.50,32.60,27.40,29.30,2.80,OPEN_METEO_ERA5_LAND,singapore
2021-01-24,29.30,23.20,26.00,34.40,27.30,29.90,3.80,OPEN_METEO_ERA5_LAND,singapore
2021-01-25,29.80,22.90,26.10,34.80,27.20,30.20,1.50,OPEN_METEO_ERA5_LAND,singapore
2021-01-26,29.60,23.30,26.00,35.20,27.70,30.30,1.20,OPEN_METEO_ERA5_LAND,singapore
2021-01-27,30.00,22.50,25.90,36.00,26.70,30.20,1.00,OPEN_METEO_ERA5_LAND,singapore
2021-01-28,28.60,23.50,25.20,33.30,27.30,29.40,10.40,OPEN_METEO_ERA5_LAND,singapore
2021-01-29,29.00,22.40,25.50,32.40,26.40,28.90,0.60,OPEN_METEO_ERA5_LAND,singapore
2021-01-30,29.20,23.40,25.50,32.40,26.80,28.50,1.00,OPEN_METEO_ERA5_LAND,singapore
2021-01-31,28.80,22.80,25.60,32.70,25.90,28.90,1.50,OPEN_METEO_ERA5_LAND,singapore
2021-02-01,29.50,23.50,25.80,33.30,26.90,29.10,0.70,OPEN_METEO_ERA5_LAND,singapore
2021-02-02,29.90,23.80,26.10,33.10,27.30,29.40,0.70,OPEN_METEO_ERA5_LAND,singapore
2021-02-03,29.40,23.10,25.90,32.70,26.40,28.90,1.60,OPEN_METEO_ERA5_LAND,singapore
2021-02-04,30.10,22.60,25.70,32.70,25.30,28.10,0.00,OPEN_METEO_ERA5_LAND,singapore
2021-02-05,30.00,22.10,25.60,33.40,25.40,28.80,2.10,OPEN_METEO_ERA5_LAND,singapore
2021-02-06,30.50,23.50,26.50,34.40,26.60,29.60,0.40,OPEN_METEO_ERA5_LAND,singapore
2021-02-07,31.00,23.30,26.70,35.00,26.40,29.80,0.60,OPEN_METEO_ERA5_LAND,singapore
2021-02-08,30.80,23.50,26.50,36.00,27.00,30.20,1.10,OPEN_METEO_ERA5_LAND,singapore
2021-02-09,31.80,23.70,27.00,37.20,27.50,31.00,1.50,OPEN_METEO_ERA5_LAND,singapore
2021-02-10,31.00,23.40,26.60,37.30,27.60,31.00,1.40,OPEN_METEO_ERA5_LAND,singapore
2021-02-11,31.40,23.90,26.80,36.50,27.90,31.10,6.10,OPEN_METEO_ERA5_LAND,singapore
2021-02-12,30.60,23.80,26.60,34.90,28.30,30.50,4.70,OPEN_METEO_ERA5_LAND,singapore
2021-02-13,30.20,23.80,26.50,34.80,28.00,30.30,2.60,OPEN_METEO_ERA5_LAND,singapore
2021-02-14,29.80,23.70,26.30,34.40,27.10,29.60,1.20,OPEN_METEO_ERA5_LAND,singapore
2021-02-15,29.70,23.60,26.10,32.80,26.20,28.40,0.60,OPEN_METEO_ERA5_LAND,singapore
2021-02-16,30.80,22.90,26.30,34.40,25.70,28.70,0.10,OPEN_METEO_ERA5_LAND,singapore
2021-02-17,30.90,22.40,26.10,35.00,25.20,28.50,0.00,OPEN_METEO_ERA5_LAND,singapore
2021-02-18,31.20,21.90,26.00,33.60,23.90,27.80,0.00,OPEN_METEO_ERA5_LAND,singapore
2021-02-19,30.80,23.60,26.50,32.50,25.70,28.10,0.00,OPEN_METEO_ERA5_LAND,singapore
2021-02-20,29.60,23.80,26.20,32.00,26.20,28.40,1.30,OPEN_METEO_ERA5_LAND,singapore
2021-02-21,30.60,23.10,26.10,34.30,26.30,28.70,1.10,OPEN_METEO_ERA5_LAND,singapore
2021-02-22,31.60,23.10,26.60,35.00,25.80,28.90,0.50,OPEN_METEO_ERA5_LAND,singapore
2021-02-23,32.50,22.60,26.70,37.30,25.60,29.80,2.60,OPEN_METEO_ERA5_LAND,singapore
2021-02-24,31.40,23.00,26.60,35.00,26.30,29.90,1.20,OPEN_METEO_ERA5_LAND,singapore
2021-02-25,32.60,23.00,26.90,36.70,26.00,30.70,3.90,OPEN_METEO_ERA5_LAND,singapore
2021-02-26,32.30,22.80,27.10,38.10,27.00,31.60,0.10,OPEN_METEO_ERA5_LAND,singapore
2021-02-27,32.40,22.90,27.20,38.40,27.30,32.20,1.00,OPEN_METEO_ERA5_LAND,singapore
2021-02-28,31.70,23.70,27.50,38.00,28.00,32.00,0.90,OPEN_METEO_ERA5_LAND,singapore
2021-03-01,32.30,23.60,27.60,37.50,28.40,32.00,1.90,OPEN_METEO_ERA5_LAND,singapore
2021-03-02,32.60,24.10,27.40,36.60,28.50,30.90,0.00,OPEN_METEO_ERA5_LAND,singapore
2021-03-03,33.60,22.90,27.90,37.50,26.80,31.30,0.00,OPEN_METEO_ERA5_LAND,singapore
2021-03-04,32.50,24.00,27.70,36.80,28.70,31.70,2.40,OPEN_METEO_ERA5_LAND,singapore
2021-03-05,32.10,24.10,28.00,36.40,28.90,32.00,2.50,OPEN_METEO_ERA5_LAND,singapore
2021-03-06,32.00,24.40,27.90,36.40,29.40,32.00,5.20,OPEN_METEO_ERA5_LAND,singapore
2021-03-07,30.10,24.20,25.90,35.40,28.90,30.50,47.20,OPEN_METEO_ERA5_LAND,singapore
2021-03-08,31.20,21.90,26.40,36.40,25.40,30.90,3.50,OPEN_METEO_ERA5_LAND,singapore
2021-03-09,30.50,22.10,26.30,33.40,25.90,29.70,0.40,OPEN_METEO_ERA5_LAND,singapore
2021-03-10,32.00,22.60,26.70,35.80,26.40,30.20,0.20,OPEN_METEO_ERA5_LAND,singapore
2021-03-11,30.50,23.30,26.70,34.90,27.50,30.50,1.80,OPEN_METEO_ERA5_LAND,singapore
2021-03-12,29.70,24.00,25.90,36.60,28.50,30.70,27.30,OPEN_METEO_ERA5_LAND,singapore
2021-03-13,30.10,22.60,25.80,37.90,26.80,30.60,11.70,OPEN_METEO_ERA5_LAND,singapore
2021-03-14,29.80,23.60,26.40,36.20,28.50,31.10,5.30,OPEN_METEO_ERA5_LAND,singapore
2021-03-15,30.10,23.80,26.70,36.00,28.40,31.20,5.70,OPEN_METEO_ERA5_LAND,singapore
2021-03-16,29.00,23.50,26.40,34.80,28.20,31.50,9.90,OPEN_METEO_ERA5_LAND,singapore
2021-03-17,29.50,23.60,26.10,37.30,28.20,31.60,12.70,OPEN_METEO_ERA5_LAND,singapore
2021-03-18,29.40,24.20,26.40,35.20,29.10,31.70,13.10,OPEN_METEO_ERA5_LAND,singapore
2021-03-19,30.20,23.80,26.80,37.70,28.40,32.30,3.10,OPEN_METEO_ERA5_LAND,singapore
2021-03-20,30.00,23.70,26.70,36.80,28.40,32.40,10.10,OPEN_METEO_ERA5_LAND,singapore
2021-03-21,30.80,24.30,27.00,39.40,29.70,33.10,5.00,OPEN_METEO_ERA5_LAND,singapore
2021-03-22,30.80,25.10,27.00,37.30,30.60,32.10,2.70,OPEN_METEO_ERA5_LAND,singapore
2021-03-23,28.90,23.90,26.00,36.00,28.60,30.90,22.10,OPEN_METEO_ERA5_LAND,singapore
2021-03-24,28.90,23.80,25.80,34.70,28.60,30.80,26.50,OPEN_METEO_ERA5_LAND,singapore
2021-03-25,26.20,23.60,24.90,31.20,28.50,29.80,21.50,OPEN_METEO_ERA5_LAND,singapore
2021-03-26,29.90,24.40,26.70,35.70,29.70,31.90,9.70,OPEN_METEO_ERA5_LAND,singapore
2021-03-27,29.10,24.10,26.20,36.10,29.10,31.80,33.30,OPEN_METEO_ERA5_LAND,singapore
2021-03-28,30.40,23.90,26.80,37.30,29.50,32.70,6.50,OPEN_METEO_ERA5_LAND,singapore
2021-03-29,27.80,23.80,26.00,34.10,29.00,31.40,37.50,OPEN_METEO_ERA5_LAND,singapore
2021-03-30,30.50,24.20,27.10,39.40,29.50,33.20,6.90,OPEN_METEO_ERA5_LAND,singapore
2021-03-31,29.80,24.10,27.00,35.90,28.60,32.30,3.40,OPEN_METEO_ERA5_LAND,singapore
2021-04-01,30.30,25.90,27.60,34.30,31.10,32.60,0.40,OPEN_METEO_ERA5_LAND,singapore
2021-04-02,30.40,24.80,27.20,37.10,30.40,33.00,10.10,OPEN_METEO_ERA5_LAND,singapore
2021-04-03,30.90,24.50,26.90,38.60,29.90,32.80,18.60,OPEN_METEO_ERA5_LAND,singapore
2021-04-04,29.80,24.10,26.20,37.30,28.60,32.00,14.10,OPEN_METEO_ERA5_LAND,singapore
2021-04-05,29.60,24.20,26.50,35.60,29.00,32.00,6.30,OPEN_METEO_ERA5_LAND,singapore
2021-04-06,30.30,24.50,26.60,36.80,30.10,32.40,8.30,OPEN_METEO_ERA5_LAND,singapore
2021-04-07,31.00,24.70,27.00,38.30,30.00,32.60,7.80,OPEN_METEO_ERA5_LAND,singapore
2021-04-08,30.60,24.10,26.70,37.30,29.20,32.10,6.70,OPEN_METEO_ERA5_LAND,singapore
2021-04-09,30.00,24.00,26.30,36.70,28.80,31.50,13.30,OPEN_METEO_ERA5_LAND,singapore
2021-04-10,30.60,23.30,26.90,37.00,27.90,32.30,1.70,OPEN_METEO_ERA5_LAND,singapore
2021-04-11,30.00,24.10,27.00,37.40,29.00,32.60,3.40,OPEN_METEO_ERA5_LAND,singapore
2021-04-12,30.90,24.70,27.30,38.40,30.00,33.10,2.00,OPEN_METEO_ERA5_LAND,singapore
2021-04-13,29.80,24.40,26.90,36.60,29.70,32.70,9.00,OPEN_METEO_ERA5_LAND,singapore
2021-04-14,29.40,24.80,26.80,37.00,29.30,32.50,10.30,OPEN_METEO_ERA5_LAND,singapore
2021-04-15,31.00,24.10,26.70,39.50,29.30,32.40,13.40,OPEN_METEO_ERA5_LAND,singapore
2021-04-16,29.10,24.20,26.80,36.80,29.00,32.80,6.80,OPEN_METEO_ERA5_LAND,singapore
2021-04-17,28.60,24.80,26.00,35.00,29.80,31.50,41.20,OPEN_METEO_ERA5_LAND,singapore
2021-04-18,29.70,23.50,26.50,37.30,27.60,32.10,5.60,OPEN_METEO_ERA5_LAND,singapore
2021-04-19,28.20,24.00,26.70,36.00,29.20,32.40,11.50,OPEN_METEO_ERA5_LAND,singapore
2021-04-20,30.20,24.30,27.10,36.70,30.30,33.10,5.60,OPEN_METEO_ERA5_LAND,singapore
2021-04-21,29.50,25.00,27.10,37.10,30.50,33.10,7.60,OPEN_METEO_ERA5_LAND,singapore
2021-04-22,27.50,24.90,26.20,33.30,30.20,31.70,23.10,OPEN_METEO_ERA5_LAND,singapore
2021-04-23,29.40,24.70,27.10,35.50,29.10,32.20,4.50,OPEN_METEO_ERA5_LAND,singapore
2021-04-24,27.90,25.00,26.00,33.70,28.70,31.40,24.70,OPEN_METEO_ERA5_LAND,singapore
2021-04-25,30.40,24.80,27.60,37.10,29.60,33.50,0.60,OPEN_METEO_ERA5_LAND,singapore
2021-04-26,30.10,24.80,27.10,37.40,30.10,33.20,15.90,OPEN_METEO_ERA5_LAND,singapore
2021-04-27,29.80,24.70,26.90,37.20,30.40,33.20,18.70,OPEN_METEO_ERA5_LAND,singapore
2021-04-28,30.20,23.70,26.70,37.20,28.60,32.60,7.00,OPEN_METEO_ERA5_LAND,singapore
2021-04-29,29.70,24.20,26.90,37.40,29.40,32.70,8.40,OPEN_METEO_ERA5_LAND,singapore
2021-04-30,29.10,24.60,26.60,36.10,29.40,32.50,19.20,OPEN_METEO_ERA5_LAND,singapore
2021-05-01,30.20,23.70,26.50,36.70,28.80,32.10,15.90,OPEN_METEO_ERA5_LAND,singapore
2021-05-02,31.10,24.30,27.50,36.90,29.90,33.00,1.10,OPEN_METEO_ERA5_LAND,singapore
2021-05-03,29.40,25.20,27.20,36.50,30.60,33.00,8.10,OPEN_METEO_ERA5_LAND,singapore
2021-05-04,30.30,24.70,26.80,39.20,30.10,32.90,10.40,OPEN_METEO_ERA5_LAND,singapore
2021-05-05,29.40,24.40,26.30,36.40,29.60,32.00,20.30,OPEN_METEO_ERA5_LAND,singapore
2021-05-06,27.70,24.60,26.00,33.40,30.10,31.70,21.90,OPEN_METEO_ERA5_LAND,singapore
2021-05-07,29.90,24.00,26.50,36.40,28.50,31.90,14.00,OPEN_METEO_ERA5_LAND,singapore
2021-05-08,28.00,24.40,26.50,34.20,30.10,32.60,14.40,OPEN_METEO_ERA5_LAND,singapore
2021-05-09,30.30,24.30,26.70,38.40,29.90,32.70,6.90,OPEN_METEO_ERA5_LAND,singapore
2021-05-10,30.90,24.50,27.70,37.90,29.80,33.80,1.30,OPEN_METEO_ERA5_LAND,singapore
2021-05-11,30.00,25.60,27.50,36.80,31.50,33.70,12.90,OPEN_METEO_ERA5_LAND,singapore
2021-05-12,27.80,24.50,26.20,34.30,29.50,31.90,24.90,OPEN_METEO_ERA5_LAND,singapore
2021-05-13,30.10,24.50,27.20,38.60,29.80,33.40,19.00,OPEN_METEO_ERA5_LAND,singapore
2021-05-14,28.60,25.80,27.10,35.00,32.00,33.30,12.30,OPEN_METEO_ERA5_LAND,singapore
2021-05-15,29.00,25.30,26.90,36.30,31.20,33.00,18.80,OPEN_METEO_ERA5_LAND,singapore
2021-05-16,29.30,25.00,27.20,35.60,30.80,33.40,11.10,OPEN_METEO_ERA5_LAND,singapore
2021-05-17,27.50,24.70,26.10,34.00,30.00,32.20,29.30,OPEN_METEO_ERA5_LAND,singapore
2021-05-18,27.10,24.60,25.90,32.70,29.70,31.40,34.30,OPEN_METEO_ERA5_LAND,singapore
2021-05-19,28.90,24.60,26.30,35.80,29.40,32.20,13.40,OPEN_METEO_ERA5_LAND,singapore
2021-05-20,29.90,24.00,26.80,37.40,28.90,32.60,4.70,OPEN_METEO_ERA5_LAND,singapore
2021-05-21,29.40,24.50,27.00,35.90,30.00,33.10,27.10,OPEN_METEO_ERA5_LAND,singapore
2021-05-22,28.00,25.40,26.70,33.60,29.50,31.90,3.40,OPEN_METEO_ERA5_LAND,singapore
2021-05-23,30.40,25.40,27.90,36.20,30.10,33.00,0.00,OPEN_METEO_ERA5_LAND,singapore
2021-05-24,30.90,25.30,28.10,37.10,30.50,33.80,2.80,OPEN_METEO_ERA5_LAND,singapore
2021-05-25,30.90,25.80,28.20,36.50,31.70,34.00,1.90,OPEN_METEO_ERA5_LAND,singapore
2021-05-26,30.40,25.50,28.00,37.50,31.20,34.00,7.00,OPEN_METEO_ERA5_LAND,singapore
2021-05-27,30.10,25.70,27.30,37.20,31.20,33.40,14.60,OPEN_METEO_ERA5_LAND,singapore
2021-05-28,30.20,25.30,27.40,37.20,31.00,33.70,12.00,OPEN_METEO_ERA5_LAND,singapore
2021-05-29,28.40,25.10,26.80,34.60,30.20,32.40,5.20,OPEN_METEO_ERA5_LAND,singapore
2021-05-30,30.90,26.10,27.90,37.90,31.70,33.90,3.10,OPEN_METEO_ERA5_LAND,singapore
2021-05-31,30.00,25.10,27.50,37.20,30.00,33.50,5.90,OPEN_METEO_ERA5_LAND,singapore
2021-06-01,29.00,26.00,27.50,35.70,31.80,33.50,11.90,OPEN_METEO_ERA5_LAND,singapore
2021-06-02,29.00,26.30,27.60,35.10,32.40,33.50,19.90,OPEN_METEO_ERA5_LAND,singapore
2021-06-03,29.70,25.50,27.70,36.70,31.10,33.70,10.30,OPEN_METEO_ERA5_LAND,singapore
2021-06-04,29.30,25.80,27.60,35.70,31.80,33.90,6.10,OPEN_METEO_ERA5_LAND,singapore
2021-06-05,29.00,26.30,27.70,35.80,31.90,33.40,2.90,OPEN_METEO_ERA5_LAND,singapore
2021-06-06,29.80,25.00,27.70,35.20,30.20,33.20,0.80,OPEN_METEO_ERA5_LAND,singapore
2021-06-07,29.60,25.90,27.60,35.30,30.90,33.10,3.30,OPEN_METEO_ERA5_LAND,singapore
2021-06-08,29.90,25.20,27.60,35.30,30.00,33.10,1.30,OPEN_METEO_ERA5_LAND,singapore
2021-06-09,29.00,25.80,27.50,35.00,31.00,33.20,9.40,OPEN_METEO_ERA5_LAND,singapore
2021-06-10,29.40,25.50,27.40,36.00,30.70,33.40,7.70,OPEN_METEO_ERA5_LAND,singapore
2021-06-11,29.50,24.80,27.10,34.60,30.50,32.30,3.70,OPEN_METEO_ERA5_LAND,singapore
2021-06-12,29.80,26.00,27.50,34.60,31.80,33.10,7.60,OPEN_METEO_ERA5_LAND,singapore
2021-06-13,29.20,24.80,27.20,35.20,29.50,32.30,8.20,OPEN_METEO_ERA5_LAND,singapore
2021-06-14,29.30,25.00,27.10,35.30,30.30,33.10,24.50,OPEN_METEO_ERA5_LAND,singapore
2021-06-15,28.60,24.50,26.30,35.70,29.70,32.10,24.40,OPEN_METEO_ERA5_LAND,singapore
2021-06-16,28.90,23.20,26.30,35.30,28.10,31.90,10.60,OPEN_METEO_ERA5_LAND,singapore
2021-06-17,30.30,25.50,27.80,36.20,31.20,33.70,10.20,OPEN_METEO_ERA5_LAND,singapore
2021-06-18,26.80,24.80,25.80,32.50,29.50,31.10,19.60,OPEN_METEO_ERA5_LAND,singapore
2021-06-19,29.10,24.30,26.70,34.10,28.40,32.00,1.20,OPEN_METEO_ERA5_LAND,singapore
2021-06-20,30.00,24.40,26.90,35.40,28.70,32.30,6.10,OPEN_METEO_ERA5_LAND,singapore
2021-06-21,29.80,24.50,27.10,35.70,30.00,32.60,1.70,OPEN_METEO_ERA5_LAND,singapore
2021-06-22,29.80,25.30,27.30,36.30,30.80,32.90,5.20,OPEN_METEO_ERA5_LAND,singapore
2021-06-23,29.90,24.30,27.10,36.00,29.00,32.40,3.30,OPEN_METEO_ERA5_LAND,singapore
2021-06-24,29.50,24.80,27.10,37.00,30.10,32.90,6.50,OPEN_METEO_ERA5_LAND,singapore
2021-06-25,28.60,24.00,26.00,35.50,28.40,31.70,18.20,OPEN_METEO_ERA5_LAND,singapore
2021-06-26,28.60,24.00,26.20,34.20,28.60,31.40,18.80,OPEN_METEO_ERA5_LAND,singapore
2021-06-27,28.70,24.50,26.40,33.50,29.20,31.80,47.90,OPEN_METEO_ERA5_LAND,singapore
2021-06-28,29.40,25.00,27.10,36.30,31.00,33.20,3.40,OPEN_METEO_ERA5_LAND,singapore
2021-06-29,26.40,24.50,25.40,32.10,29.60,30.80,66.90,OPEN_METEO_ERA5_LAND,singapore
2021-06-30,28.60,24.50,26.50,32.70,29.20,31.30,20.40,OPEN_METEO_ERA5_LAND,singapore
2021-07-01,27.90,24.60,26.30,32.60,29.40,31.10,8.70,OPEN_METEO_ERA5_LAND,singapore
2021-07-02,28.90,24.60,26.60,34.70,29.90,32.20,8.20,OPEN_METEO_ERA5_LAND,singapore
2021-07-03,29.30,24.40,26.50,35.30,30.10,32.30,6.40,OPEN_METEO_ERA5_LAND,singapore
2021-07-04,28.60,24.20,26.20,33.00,29.30,31.20,6.10,OPEN_METEO_ERA5_LAND,singapore
2021-07-05,28.60,25.30,26.70,34.30,29.30,31.60,5.40,OPEN_METEO_ERA5_LAND,singapore
2021-07-06,29.20,25.70,27.00,34.50,30.70,32.10,7.20,OPEN_METEO_ERA5_LAND,singapore
2021-07-07,29.00,24.80,26.80,34.50,29.60,32.20,2.70,OPEN_METEO_ERA5_LAND,singapore
2021-07-08,29.80,24.60,27.10,36.70,29.70,32.80,6.30,OPEN_METEO_ERA5_LAND,singapore
2021-07-09,29.30,24.90,26.80,36.40,30.00,32.40,13.60,OPEN_METEO_ERA5_LAND,singapore
2021-07-10,27.60,24.00,25.20,32.40,28.30,30.50,98.60,OPEN_METEO_ERA5_LAND,singapore
2021-07-11,27.00,24.30,25.50,32.20,29.10,30.70,19.80,OPEN_METEO_ERA5_LAND,singapore
2021-07-12,29.20,23.60,25.60,36.20,28.50,31.10,34.30,OPEN_METEO_ERA5_LAND,singapore
2021-07-13,25.30,24.50,24.90,30.70,26.90,28.60,44.20,OPEN_METEO_ERA5_LAND,singapore
2021-07-14,26.90,23.30,25.20,31.50,27.00,29.50,3.30,OPEN_METEO_ERA5_LAND,singapore
2021-07-15,29.80,23.20,26.50,36.00,28.10,31.80,0.00,OPEN_METEO_ERA5_LAND,singapore
2021-07-16,30.00,24.80,27.40,35.40,29.80,32.50,1.20,OPEN_METEO_ERA5_LAND,singapore
2021-07-17,30.00,24.80,27.50,35.50,29.80,32.60,0.30,OPEN_METEO_ERA5_LAND,singapore
2021-07-18,29.10,25.40,27.30,35.10,30.80,32.60,0.90,OPEN_METEO_ERA5_LAND,singapore
2021-07-19,28.80,25.30,26.90,35.30,30.60,32.80,9.20,OPEN_METEO_ERA5_LAND,singapore
2021-07-20,29.70,25.00,27.40,36.00,30.20,33.10,2.00,OPEN_METEO_ERA5_LAND,singapore
2021-07-21,30.30,26.50,28.10,35.40,31.70,33.00,0.90,OPEN_METEO_ERA5_LAND,singapore
2021-07-22,30.30,26.50,28.10,35.80,31.80,33.40,2.60,OPEN_METEO_ERA5_LAND,singapore
2021-07-23,29.70,25.20,27.30,36.20,30.70,32.90,11.50,OPEN_METEO_ERA5_LAND,singapore
2021-07-24,29.80,25.20,27.40,35.00,30.20,32.20,2.40,OPEN_METEO_ERA5_LAND,singapore
2021-07-25,30.50,26.50,28.20,35.60,31.70,33.20,0.70,OPEN_METEO_ERA5_LAND,singapore
2021-07-26,29.60,26.40,27.90,34.50,31.90,32.80,3.10,OPEN_METEO_ERA5_LAND,singapore
2021-07-27,29.70,26.00,27.90,35.40,31.40,32.90,4.30,OPEN_METEO_ERA5_LAND,singapore
2021-07-28,30.50,26.50,28.20,35.60,31.60,32.80,0.40,OPEN_METEO_ERA5_LAND,singapore
2021-07-29,30.60,27.10,28.40,35.60,30.90,32.80,0.10,OPEN_METEO_ERA5_LAND,singapore
2021-07-30,30.10,26.40,28.20,36.00,31.90,33.50,3.00,OPEN_METEO_ERA5_LAND,singapore
2021-07-31,28.80,24.90,27.20,34.40,30.00,32.60,9.60,OPEN_METEO_ERA5_LAND,singapore
2021-08-01,28.40,25.50,27.00,34.00,30.00,32.20,8.80,OPEN_METEO_ERA5_LAND,singapore
2021-08-02,28.80,26.00,27.40,35.30,31.40,32.90,12.80,OPEN_METEO_ERA5_LAND,singapore
2021-08-03,29.90,25.60,27.40,34.50,31.40,32.80,4.60,OPEN_METEO_ERA5_LAND,singapore
2021-08-04,28.10,24.70,26.40,33.10,28.90,31.30,16.70,OPEN_METEO_ERA5_LAND,singapore
2021-08-05,29.60,26.30,27.70,34.50,31.70,32.60,1.80,OPEN_METEO_ERA5_LAND,singapore
2021-08-06,29.50,25.80,27.60,34.40,31.60,32.80,4.00,OPEN_METEO_ERA5_LAND,singapore
2021-08-07,30.30,24.80,27.20,36.60,29.80,32.80,3.00,OPEN_METEO_ERA5_LAND,singapore
2021-08-08,29.50,24.10,26.60,36.00,29.30,32.30,21.20,OPEN_METEO_ERA5_LAND,singapore
2021-08-09,30.10,23.80,26.90,37.10,29.00,32.60,0.50,OPEN_METEO_ERA5_LAND,singapore
2021-08-10,29.00,25.20,27.10,35.60,30.10,32.60,13.20,OPEN_METEO_ERA5_LAND,singapore
2021-08-11,28.40,25.20,26.80,33.90,30.00,32.20,11.70,OPEN_METEO_ERA5_LAND,singapore
2021-08-12,29.40,25.80,27.30,35.90,31.00,32.60,5.50,OPEN_METEO_ERA5_LAND,singapore
2021-08-13,28.90,25.40,26.70,34.90,30.10,31.80,10.40,OPEN_METEO_ERA5_LAND,singapore
2021-08-14,29.30,24.90,26.50,35.60,29.90,31.90,18.80,OPEN_METEO_ERA5_LAND,singapore
2021-08-15,28.60,24.70,26.40,34.50,29.90,32.00,16.60,OPEN_METEO_ERA5_LAND,singapore
2021-08-16,29.10,24.70,26.60,35.40,30.30,32.10,6.50,OPEN_METEO_ERA5_LAND,singapore
2021-08-17,26.70,23.70,25.40,32.20,28.70,30.60,50.40,OPEN_METEO_ERA5_LAND,singapore
2021-08-18,26.30,24.20,25.10,31.00,29.10,29.90,16.90,OPEN_METEO_ERA5_LAND,singapore
2021-08-19,27.60,23.90,25.30,31.40,26.60,29.30,9.50,OPEN_METEO_ERA5_LAND,singapore
2021-08-20,25.60,24.20,24.80,30.60,27.90,29.60,23.30,OPEN_METEO_ERA5_LAND,singapore
2021-08-21,27.70,24.20,26.00,32.20,28.50,30.70,3.70,OPEN_METEO_ERA5_LAND,singapore
2021-08-22,27.10,24.40,25.70,32.50,29.10,30.90,11.70,OPEN_METEO_ERA5_LAND,singapore
2021-08-23,28.60,23.40,25.80,35.10,28.50,31.10,10.70,OPEN_METEO_ERA5_LAND,singapore
2021-08-24,27.90,24.40,25.80,32.50,29.10,30.60,7.20,OPEN_METEO_ERA5_LAND,singapore
2021-08-25,27.90,24.60,26.00,31.70,28.30,30.40,1.50,OPEN_METEO_ERA5_LAND,singapore
2021-08-26,28.80,24.00,26.00,35.40,28.40,31.10,8.30,OPEN_METEO_ERA5_LAND,singapore
2021-08-27,28.00,23.80,26.30,33.50,27.80,31.00,6.30,OPEN_METEO_ERA5_LAND,singapore
2021-08-28,29.30,25.30,27.10,36.20,29.90,32.10,1.40,OPEN_METEO_ERA5_LAND,singapore
2021-08-29,28.70,24.20,26.20,33.90,29.20,31.30,9.40,OPEN_METEO_ERA5_LAND,singapore
2021-08-30,27.70,24.40,26.00,32.70,29.40,30.80,10.70,OPEN_METEO_ERA5_LAND,singapore
2021-08-31,28.40,24.60,26.30,33.80,29.20,31.50,4.10,OPEN_METEO_ERA5_LAND,singapore
2021-09-01,28.10,24.60,26.20,32.60,28.90,30.70,2.40,OPEN_METEO_ERA5_LAND,singapore
2021-09-02,25.80,24.00,25.00,30.70,27.90,29.60,13.00,OPEN_METEO_ERA5_LAND,singapore
2021-09-03,29.00,24.00,26.30,35.10,28.90,31.60,6.60,OPEN_METEO_ERA5_LAND,singapore
2021-09-04,28.90,24.10,26.50,35.60,28.40,31.80,5.80,OPEN_METEO_ERA5_LAND,singapore
2021-09-05,29.90,24.60,27.00,36.10,29.50,32.50,3.40,OPEN_METEO_ERA5_LAND,singapore
2021-09-06,29.60,24.90,27.10,36.80,29.90,33.00,9.60,OPEN_METEO_ERA5_LAND,singapore
2021-09-07,28.70,24.90,26.60,35.00,29.90,31.80,8.90,OPEN_METEO_ERA5_LAND,singapore
2021-09-08,27.80,25.50,26.70,31.80,28.60,30.10,0.00,OPEN_METEO_ERA5_LAND,singapore
2021-09-09,29.20,25.90,27.40,35.60,31.00,32.40,0.60,OPEN_METEO_ERA5_LAND,singapore
2021-09-10,29.10,25.00,26.60,35.60,30.00,31.90,3.70,OPEN_METEO_ERA5_LAND,singapore
2021-09-11,30.20,24.80,27.50,35.10,29.60,32.50,0.20,OPEN_METEO_ERA5_LAND,singapore
2021-09-12,29.50,24.80,27.20,35.70,29.80,32.90,8.20,OPEN_METEO_ERA5_LAND,singapore
2021-09-13,27.10,24.90,25.90,34.00,29.60,31.10,12.70,OPEN_METEO_ERA5_LAND,singapore
2021-09-14,29.20,24.70,26.90,33.90,29.60,32.00,0.00,OPEN_METEO_ERA5_LAND,singapore
2021-09-15,30.30,24.70,27.30,35.60,29.50,32.40,1.40,OPEN_METEO_ERA5_LAND,singapore
2021-09-16,30.30,24.90,27.30,35.80,30.00,32.60,1.60,OPEN_METEO_ERA5_LAND,singapore
2021-09-17,30.80,24.30,27.60,36.70,29.10,32.80,0.50,OPEN_METEO_ERA5_LAND,singapore
2021-09-18,29.50,24.50,27.00,36.80,29.70,32.70,6.00,OPEN_METEO_ERA5_LAND,singapore
2021-09-19,27.00,24.50,26.00,33.00,29.10,30.90,24.10,OPEN_METEO_ERA5_LAND,singapore
2021-09-20,29.60,25.30,27.30,35.40,30.30,32.50,0.70,OPEN_METEO_ERA5_LAND,singapore
2021-09-21,28.80,25.00,26.90,35.20,29.70,32.20,2.90,OPEN_METEO_ERA5_LAND,singapore
2021-09-22,29.90,25.30,27.50,35.90,30.40,32.70,4.90,OPEN_METEO_ERA5_LAND,singapore
2021-09-23,29.50,25.20,27.30,35.70,30.70,32.70,2.40,OPEN_METEO_ERA5_LAND,singapore
2021-09-24,30.00,25.50,27.40,37.30,30.40,33.20,9.50,OPEN_METEO_ERA5_LAND,singapore
2021-09-25,30.10,24.60,27.20,36.70,29.90,33.30,11.10,OPEN_METEO_ERA5_LAND,singapore
2021-09-26,30.70,23.90,27.30,38.10,28.80,33.00,12.70,OPEN_METEO_ERA5_LAND,singapore
2021-09-27,29.80,24.20,26.20,37.40,29.50,31.90,22.90,OPEN_METEO_ERA5_LAND,singapore
2021-09-28,30.40,24.50,26.60,36.90,29.70,32.50,21.20,OPEN_METEO_ERA5_LAND,singapore
2021-09-29,29.20,23.90,26.30,35.50,28.80,32.00,50.80,OPEN_METEO_ERA5_LAND,singapore
2021-09-30,27.10,24.60,25.80,31.60,28.70,30.20,26.20,OPEN_METEO_ERA5_LAND,singapore
2021-10-01,28.00,25.10,26.30,32.70,29.50,30.80,16.30,OPEN_METEO_ERA5_LAND,singapore
2021-10-02,28.60,23.40,25.80,33.80,28.20,31.00,1.80,OPEN_METEO_ERA5_LAND,singapore
2021-10-03,30.70,23.50,26.60,38.10,28.00,32.00,1.40,OPEN_METEO_ERA5_LAND,singapore
2021-10-04,29.70,24.30,27.00,36.50,29.90,33.00,4.60,OPEN_METEO_ERA5_LAND,singapore
2021-10-05,29.30,25.20,26.90,35.20,29.90,32.30,4.50,OPEN_METEO_ERA5_LAND,singapore
2021-10-06,30.40,24.80,27.50,35.50,29.40,32.50,0.90,OPEN_METEO_ERA5_LAND,singapore
2021-10-07,30.00,25.50,27.40,34.80,29.30,32.00,5.90,OPEN_METEO_ERA5_LAND,singapore
2021-10-08,30.40,25.80,27.90,36.30,31.30,33.20,1.90,OPEN_METEO_ERA5_LAND,singapore
2021-10-09,30.60,25.80,28.20,36.60,31.60,33.80,0.60,OPEN_METEO_ERA5_LAND,singapore
2021-10-10,29.40,25.40,27.40,35.50,30.60,33.10,14.70,OPEN_METEO_ERA5_LAND,singapore
2021-10-11,30.20,25.90,28.00,36.10,31.00,33.20,1.30,OPEN_METEO_ERA5_LAND,singapore
2021-10-12,29.70,25.90,27.60,36.30,31.80,33.50,5.70,OPEN_METEO_ERA5_LAND,singapore
2021-10-13,30.60,25.10,27.70,37.40,30.30,33.40,3.40,OPEN_METEO_ERA5_LAND,singapore
2021-10-14,29.70,26.60,28.10,35.20,31.40,33.40,5.90,OPEN_METEO_ERA5_LAND,singapore
2021-10-15,30.20,24.10,27.80,36.90,27.90,33.30,7.80,OPEN_METEO_ERA5_LAND,singapore
2021-10-16,30.30,26.20,28.20,37.20,31.90,34.20,2.20,OPEN_METEO_ERA5_LAND,singapore
2021-10-17,29.80,25.00,26.60,35.30,30.30,32.20,11.30,OPEN_METEO_ERA5_LAND,singapore
2021-10-18,28.30,24.10,25.70,34.40,27.80,31.00,23.90,OPEN_METEO_ERA5_LAND,singapore
2021-10-19,30.00,24.20,26.80,36.40,29.70,32.50,1.00,OPEN_METEO_ERA5_LAND,singapore
2021-10-20,28.50,24.20,26.00,33.90,29.10,31.10,28.50,OPEN_METEO_ERA5_LAND,singapore
2021-10-21,29.30,24.10,25.90,36.80,28.60,31.10,11.30,OPEN_METEO_ERA5_LAND,singapore
2021-10-22,28.90,23.90,25.70,36.40,28.90,31.10,18.60,OPEN_METEO_ERA5_LAND,singapore
2021-10-23,29.10,23.70,25.80,35.10,28.90,31.10,6.10,OPEN_METEO_ERA5_LAND,singapore
2021-10-24,29.80,23.30,25.80,38.50,28.00,31.20,21.80,OPEN_METEO_ERA5_LAND,singapore
2021-10-25,29.20,23.70,26.30,36.60,28.40,31.80,11.00,OPEN_METEO_ERA5_LAND,singapore
2021-10-26,30.50,23.80,26.50,38.20,28.20,32.30,10.70,OPEN_METEO_ERA5_LAND,singapore
2021-10-27,30.40,23.40,27.00,37.50,28.00,32.40,9.50,OPEN_METEO_ERA5_LAND,singapore
2021-10-28,29.10,24.50,26.90,34.90,29.10,32.10,5.50,OPEN_METEO_ERA5_LAND,singapore
2021-10-29,29.40,24.70,27.30,35.90,30.10,32.80,1.40,OPEN_METEO_ERA5_LAND,singapore
2021-10-30,30.50,23.80,26.40,38.50,28.40,32.10,15.60,OPEN_METEO_ERA5_LAND,singapore
2021-10-31,29.10,23.50,25.80,35.60,28.40,31.10,18.00,OPEN_METEO_ERA5_LAND,singapore
2021-11-01,27.50,23.00,25.10,32.70,27.40,30.10,30.30,OPEN_METEO_ERA5_LAND,singapore
2021-11-02,28.50,24.30,25.60,35.30,29.00,30.90,31.40,OPEN_METEO_ERA5_LAND,singapore
2021-11-03,28.50,23.80,25.60,34.40,28.40,30.70,15.50,OPEN_METEO_ERA5_LAND,singapore
2021-11-04,29.80,23.00,25.60,36.30,27.30,30.80,15.80,OPEN_METEO_ERA5_LAND,singapore
2021-11-05,28.40,23.20,25.50,35.30,28.00,30.70,24.10,OPEN_METEO_ERA5_LAND,singapore
2021-11-06,29.80,23.60,26.60,37.70,28.50,32.70,0.70,OPEN_METEO_ERA5_LAND,singapore
2021-11-07,30.60,23.90,26.60,38.70,28.60,32.50,16.70,OPEN_METEO_ERA5_LAND,singapore
2021-11-08,28.40,24.00,26.10,33.90,28.00,31.50,14.40,OPEN_METEO_ERA5_LAND,singapore
2021-11-09,30.30,24.70,26.50,37.20,29.50,31.90,8.40,OPEN_METEO_ERA5_LAND,singapore
2021-11-10,28.30,24.10,25.40,33.10,28.30,30.10,24.20,OPEN_METEO_ERA5_LAND,singapore
2021-11-11,29.60,24.60,26.30,34.20,28.20,30.70,8.30,OPEN_METEO_ERA5_LAND,singapore
2021-11-12,29.20,25.20,27.00,34.80,29.90,32.00,2.50,OPEN_METEO_ERA5_LAND,singapore
2021-11-13,27.60,24.40,26.30,32.50,28.80,31.30,7.80,OPEN_METEO_ERA5_LAND,singapore
2021-11-14,30.00,24.00,26.50,37.50,28.40,32.00,15.30,OPEN_METEO_ERA5_LAND,singapore
2021-11-15,29.50,24.80,26.80,36.60,30.60,32.70,3.80,OPEN_METEO_ERA5_LAND,singapore
2021-11-16,30.50,24.40,27.20,37.90,30.20,33.10,0.80,OPEN_METEO_ERA5_LAND,singapore
2021-11-17,29.20,24.40,26.30,36.00,29.60,31.90,11.40,OPEN_METEO_ERA5_LAND,singapore
2021-11-18,28.80,23.80,25.90,35.00,28.60,31.30,15.20,OPEN_METEO_ERA5_LAND,singapore
2021-11-19,30.10,24.20,26.40,36.70,29.20,32.10,14.20,OPEN_METEO_ERA5_LAND,singapore
2021-11-20,29.60,23.70,26.30,35.40,27.30,31.30,12.30,OPEN_METEO_ERA5_LAND,singapore
2021-11-21,30.00,23.50,26.00,38.20,27.90,31.40,15.00,OPEN_METEO_ERA5_LAND,singapore
2021-11-22,30.10,24.00,26.40,38.20,28.60,32.20,9.20,OPEN_METEO_ERA5_LAND,singapore
2021-11-23,28.40,23.50,25.70,34.40,28.10,30.90,13.80,OPEN_METEO_ERA5_LAND,singapore
2021-11-24,26.90,24.40,25.40,33.00,29.00,30.90,8.10,OPEN_METEO_ERA5_LAND,singapore
2021-11-25,30.50,23.30,26.30,36.90,27.70,31.40,4.10,OPEN_METEO_ERA5_LAND,singapore
2021-11-26,29.80,23.90,26.30,34.80,28.30,31.00,0.30,OPEN_METEO_ERA5_LAND,singapore
2021-11-27,29.50,24.30,26.10,35.70,29.80,31.50,14.00,OPEN_METEO_ERA5_LAND,singapore
2021-11-28,29.30,23.30,26.00,36.00,28.10,31.30,10.50,OPEN_METEO_ERA5_LAND,singapore
2021-11-29,30.20,24.60,27.30,35.50,29.50,32.10,0.20,OPEN_METEO_ERA5_LAND,singapore
2021-11-30,30.70,25.20,27.50,36.80,29.50,32.80,0.10,OPEN_METEO_ERA5_LAND,singapore
2021-12-01,30.30,25.10,27.70,38.50,30.40,33.70,1.60,OPEN_METEO_ERA5_LAND,singapore
2021-12-02,26.50,24.00,25.20,31.70,28.30,30.00,49.20,OPEN_METEO_ERA5_LAND,singapore
2021-12-03,29.20,24.00,25.80,34.40,28.30,30.20,7.90,OPEN_METEO_ERA5_LAND,singapore
2021-12-04,28.60,24.00,25.90,32.80,26.80,29.50,1.40,OPEN_METEO_ERA5_LAND,singapore
2021-12-05,28.20,23.40,25.30,32.50,27.70,29.60,9.60,OPEN_METEO_ERA5_LAND,singapore
2021-12-06,29.80,23.40,25.90,35.00,27.00,29.90,3.50,OPEN_METEO_ERA5_LAND,singapore
2021-12-07,30.00,23.80,26.60,35.10,27.40,30.50,1.50,OPEN_METEO_ERA5_LAND,singapore
2021-12-08,29.00,24.30,26.50,33.00,28.50,30.30,1.70,OPEN_METEO_ERA5_LAND,singapore
2021-12-09,30.30,23.40,26.70,35.40,27.60,30.80,0.70,OPEN_METEO_ERA5_LAND,singapore
2021-12-10,29.50,23.80,26.00,35.00,27.80,30.30,10.60,OPEN_METEO_ERA5_LAND,singapore
2021-12-11,29.10,23.30,25.50,34.60,27.70,30.00,10.50,OPEN_METEO_ERA5_LAND,singapore
2021-12-12,27.50,23.60,25.30,31.80,28.10,29.50,14.20,OPEN_METEO_ERA5_LAND,singapore
2021-12-13,29.10,23.70,25.80,34.40,28.00,29.90,10.60,OPEN_METEO_ERA5_LAND,singapore
2021-12-14,29.80,24.00,26.40,33.90,27.70,30.20,1.20,OPEN_METEO_ERA5_LAND,singapore
2021-12-15,29.00,23.90,25.70,34.40,28.10,30.10,10.30,OPEN_METEO_ERA5_LAND,singapore
2021-12-16,29.80,23.90,26.60,36.10,28.70,31.30,2.50,OPEN_METEO_ERA5_LAND,singapore
2021-12-17,27.80,24.40,25.60,32.40,28.40,29.70,22.20,OPEN_METEO_ERA5_LAND,singapore
2021-12-18,29.20,24.10,25.90,37.50,28.30,31.40,26.20,OPEN_METEO_ERA5_LAND,singapore
2021-12-19,28.10,23.40,25.50,33.60,28.10,30.30,10.70,OPEN_METEO_ERA5_LAND,singapore
2021-12-20,30.30,23.90,26.40,35.20,27.70,30.90,0.10,OPEN_METEO_ERA5_LAND,singapore
2021-12-21,30.70,24.20,26.70,37.80,28.70,31.70,1.30,OPEN_METEO_ERA5_LAND,singapore
2021-12-22,29.30,23.20,26.10,36.30,26.80,31.40,4.70,OPEN_METEO_ERA5_LAND,singapore
2021-12-23,28.70,23.30,25.50,35.20,27.30,30.50,8.50,OPEN_METEO_ERA5_LAND,singapore
2021-12-24,28.70,23.00,25.40,35.10,27.70,30.50,19.20,OPEN_METEO_ERA5_LAND,singapore
2021-12-25,29.50,23.10,25.60,35.70,27.70,30.50,9.70,OPEN_METEO_ERA5_LAND,singapore
2021-12-26,29.80,23.50,26.20,36.10,28.10,31.00,1.50,OPEN_METEO_ERA5_LAND,singapore
2021-12-27,30.40,23.70,26.30,38.10,27.90,31.40,1.80,OPEN_METEO_ERA5_LAND,singapore
2021-12-28,30.50,23.80,26.70,34.90,28.20,30.80,0.40,OPEN_METEO_ERA5_LAND,singapore
2021-12-29,30.00,23.60,26.40,35.70,28.20,31.20,2.00,OPEN_METEO_ERA5_LAND,singapore
2021-12-30,29.30,23.40,25.80,34.40,27.80,30.40,1.90,OPEN_METEO_ERA5_LAND,singapore
2021-12-31,27.10,22.90,24.80,31.80,27.50,29.30,27.60,OPEN_METEO_ERA5_LAND,singapore
2022-01-01,26.10,22.70,24.00,31.50,26.40,28.60,31.90,OPEN_METEO_ERA5_LAND,singapore
2022-01-02,26.50,22.70,24.20,31.00,26.50,28.40,38.90,OPEN_METEO_ERA5_LAND,singapore
2022-01-03,28.30,22.80,25.00,33.90,26.60,29.60,4.90,OPEN_METEO_ERA5_LAND,singapore
2022-01-04,28.30,22.90,25.00,33.10,26.20,29.00,9.20,OPEN_METEO_ERA5_LAND,singapore
2022-01-05,29.70,23.40,25.70,35.80,27.70,30.40,5.00,OPEN_METEO_ERA5_LAND,singapore
2022-01-06,30.20,23.70,26.10,37.60,27.90,31.00,3.20,OPEN_METEO_ERA5_LAND,singapore
2022-01-07,29.40,23.50,26.10,35.80,27.80,30.80,2.90,OPEN_METEO_ERA5_LAND,singapore
2022-01-08,28.40,23.50,25.80,33.10,27.90,30.20,2.70,OPEN_METEO_ERA5_LAND,singapore
2022-01-09,29.20,23.30,26.10,34.50,26.80,30.50,0.70,OPEN_METEO_ERA5_LAND,singapore
2022-01-10,29.20,23.60,26.10,34.20,28.00,30.40,5.50,OPEN_METEO_ERA5_LAND,singapore
2022-01-11,30.20,23.10,26.10,35.40,27.00,30.10,0.50,OPEN_METEO_ERA5_LAND,singapore
2022-01-12,29.70,23.00,25.90,33.40,27.10,29.40,0.00,OPEN_METEO_ERA5_LAND,singapore
2022-01-13,29.20,22.90,25.80,32.80,26.00,28.80,0.10,OPEN_METEO_ERA5_LAND,singapore
2022-01-14,29.20,23.60,25.80,32.40,26.20,28.50,0.30,OPEN_METEO_ERA5_LAND,singapore
2022-01-15,29.40,22.80,25.80,34.10,26.10,29.30,0.80,OPEN_METEO_ERA5_LAND,singapore
2022-01-16,29.90,23.60,26.10,35.20,27.00,30.00,0.80,OPEN_METEO_ERA5_LAND,singapore
2022-01-17,29.50,23.60,26.00,33.70,27.90,30.00,2.80,OPEN_METEO_ERA5_LAND,singapore
2022-01-18,30.60,23.60,26.40,34.60,27.00,29.80,0.40,OPEN_METEO_ERA5_LAND,singapore
2022-01-19,29.30,23.10,25.70,34.20,27.10,29.50,2.80,OPEN_METEO_ERA5_LAND,singapore
2022-01-20,29.90,22.80,25.80,35.10,26.90,30.10,0.70,OPEN_METEO_ERA5_LAND,singapore
2022-01-21,29.90,22.70,26.20,35.20,26.60,30.00,0.70,OPEN_METEO_ERA5_LAND,singapore
2022-01-22,30.40,23.20,26.50,35.70,27.20,30.80,0.40,OPEN_METEO_ERA5_LAND,singapore
2022-01-23,31.00,23.10,26.60,36.60,27.40,31.20,0.20,OPEN_METEO_ERA5_LAND,singapore
2022-01-24,30.70,22.90,26.70,36.60,27.50,31.70,2.00,OPEN_METEO_ERA5_LAND,singapore
2022-01-25,31.60,23.70,27.10,37.10,28.10,31.10,0.50,OPEN_METEO_ERA5_LAND,singapore
2022-01-26,31.90,22.70,26.80,37.00,26.60,30.80,0.40,OPEN_METEO_ERA5_LAND,singapore
2022-01-27,31.30,22.70,26.70,35.60,26.90,30.40,0.10,OPEN_METEO_ERA5_LAND,singapore
2022-01-28,32.00,22.50,26.80,37.20,26.10,30.90,0.70,OPEN_METEO_ERA5_LAND,singapore
2022-01-29,32.20,22.70,26.80,38.40,26.70,31.40,1.60,OPEN_METEO_ERA5_LAND,singapore
2022-01-30,31.10,22.90,26.60,37.90,27.20,31.20,1.50,OPEN_METEO_ERA5_LAND,singapore
2022-01-31,30.50,23.30,26.90,36.40,27.80,31.40,1.30,OPEN_METEO_ERA5_LAND,singapore
2022-02-01,31.40,24.00,27.10,35.70,28.30,30.90,1.00,OPEN_METEO_ERA5_LAND,singapore
2022-02-02,31.30,22.70,26.80,37.70,26.80,31.30,2.20,OPEN_METEO_ERA5_LAND,singapore
2022-02-03,31.10,24.30,27.00,35.90,28.80,31.20,2.00,OPEN_METEO_ERA5_LAND,singapore
2022-02-04,31.70,23.60,27.00,36.10,27.50,30.60,1.90,OPEN_METEO_ERA5_LAND,singapore
2022-02-05,28.90,24.10,25.80,35.20,28.50,30.00,13.50,OPEN_METEO_ERA5_LAND,singapore
2022-02-06,30.40,23.70,25.90,34.00,27.70,30.10,7.10,OPEN_METEO_ERA5_LAND,singapore
2022-02-07,29.10,23.50,25.90,32.70,27.40,29.60,2.30,OPEN_METEO_ERA5_LAND,singapore
2022-02-08,29.50,23.40,25.10,35.60,26.60,29.60,12.60,OPEN_METEO_ERA5_LAND,singapore
2022-02-09,27.50,22.80,24.70,32.80,27.30,29.20,16.00,OPEN_METEO_ERA5_LAND,singapore
2022-02-10,25.10,22.50,23.60,29.50,25.10,27.70,26.60,OPEN_METEO_ERA5_LAND,singapore
2022-02-11,27.40,22.00,24.20,31.20,24.90,28.00,11.80,OPEN_METEO_ERA5_LAND,singapore
2022-02-12,29.70,22.30,25.50,34.40,26.30,29.80,2.60,OPEN_METEO_ERA5_LAND,singapore
2022-02-13,29.90,23.00,26.10,37.20,27.40,31.10,1.30,OPEN_METEO_ERA5_LAND,singapore
2022-02-14,30.00,23.00,26.40,37.00,27.30,31.40,0.50,OPEN_METEO_ERA5_LAND,singapore
2022-02-15,30.30,24.20,26.30,36.10,29.40,31.00,5.80,OPEN_METEO_ERA5_LAND,singapore
2022-02-16,28.80,23.90,26.20,33.90,28.90,31.30,0.70,OPEN_METEO_ERA5_LAND,singapore
2022-02-17,29.40,24.40,26.80,34.20,28.10,31.60,1.30,OPEN_METEO_ERA5_LAND,singapore
2022-02-18,30.50,25.10,27.40,35.70,30.10,32.20,0.70,OPEN_METEO_ERA5_LAND,singapore
2022-02-19,30.90,24.40,27.10,37.70,29.50,32.50,3.60,OPEN_METEO_ERA5_LAND,singapore
2022-02-20,31.60,24.70,26.60,38.90,29.20,31.90,2.20,OPEN_METEO_ERA5_LAND,singapore
2022-02-21,31.40,23.60,26.70,38.40,28.00,31.60,1.30,OPEN_METEO_ERA5_LAND,singapore
2022-02-22,31.10,23.00,26.90,36.30,27.10,31.20,0.40,OPEN_METEO_ERA5_LAND,singapore
2022-02-23,30.40,23.90,26.10,36.20,27.50,30.60,7.70,OPEN_METEO_ERA5_LAND,singapore
2022-02-24,25.70,22.90,24.10,29.40,25.90,27.90,27.70,OPEN_METEO_ERA5_LAND,singapore
2022-02-25,30.20,22.90,25.80,35.40,26.60,30.20,5.10,OPEN_METEO_ERA5_LAND,singapore
2022-02-26,29.00,23.10,25.90,35.50,27.60,30.80,3.20,OPEN_METEO_ERA5_LAND,singapore
2022-02-27,28.70,24.20,26.30,34.50,28.70,30.90,6.00,OPEN_METEO_ERA5_LAND,singapore
2022-02-28,29.30,23.50,26.10,36.40,28.10,31.00,8.20,OPEN_METEO_ERA5_LAND,singapore
2022-03-01,29.80,24.10,26.40,37.30,28.80,31.60,5.70,OPEN_METEO_ERA5_LAND,singapore
2022-03-02,30.90,23.60,26.30,38.70,28.30,31.40,4.60,OPEN_METEO_ERA5_LAND,singapore
2022-03-03,30.50,23.90,26.20,36.70,28.00,31.00,8.90,OPEN_METEO_ERA5_LAND,singapore
2022-03-04,30.30,23.90,26.20,37.10,28.20,31.10,6.70,OPEN_METEO_ERA5_LAND,singapore
2022-03-05,30.80,23.40,25.90,37.10,27.80,30.70,3.10,OPEN_METEO_ERA5_LAND,singapore
2022-03-06,29.00,23.10,25.70,34.90,27.80,30.90,0.70,OPEN_METEO_ERA5_LAND,singapore
2022-03-07,29.50,24.70,26.30,36.10,29.30,31.60,6.60,OPEN_METEO_ERA5_LAND,singapore
2022-03-08,30.20,23.40,26.50,36.50,28.30,31.70,2.90,OPEN_METEO_ERA5_LAND,singapore
2022-03-09,29.20,24.10,26.40,38.00,29.00,31.80,4.90,OPEN_METEO_ERA5_LAND,singapore
2022-03-10,29.00,24.50,26.30,35.30,29.20,31.50,7.30,OPEN_METEO_ERA5_LAND,singapore
2022-03-11,30.50,23.10,26.10,37.90,27.50,31.30,4.70,OPEN_METEO_ERA5_LAND,singapore
2022-03-12,30.10,23.60,26.50,37.20,28.00,31.40,1.80,OPEN_METEO_ERA5_LAND,singapore
2022-03-13,31.70,22.20,26.70,38.20,26.00,31.90,1.00,OPEN_METEO_ERA5_LAND,singapore
2022-03-14,30.80,24.20,27.20,39.30,29.50,33.10,4.20,OPEN_METEO_ERA5_LAND,singapore
2022-03-15,29.80,24.00,26.70,37.30,28.50,32.30,17.20,OPEN_METEO_ERA5_LAND,singapore
2022-03-16,30.30,24.70,27.20,37.30,30.30,33.00,1.40,OPEN_METEO_ERA5_LAND,singapore
2022-03-17,30.50,24.00,26.30,38.30,29.10,32.20,39.90,OPEN_METEO_ERA5_LAND,singapore
2022-03-18,30.90,23.90,26.70,38.80,28.90,32.40,4.00,OPEN_METEO_ERA5_LAND,singapore
2022-03-19,31.00,24.90,27.70,38.30,30.00,33.60,0.00,OPEN_METEO_ERA5_LAND,singapore
2022-03-20,30.20,25.90,27.80,36.90,31.60,33.70,0.40,OPEN_METEO_ERA5_LAND,singapore
2022-03-21,30.90,25.50,27.60,37.50,31.10,33.10,0.00,OPEN_METEO_ERA5_LAND,singapore
2022-03-22,30.70,26.00,27.90,39.00,31.40,33.80,1.60,OPEN_METEO_ERA5_LAND,singapore
2022-03-23,29.80,25.10,27.30,36.80,31.00,33.40,3.00,OPEN_METEO_ERA5_LAND,singapore
2022-03-24,31.40,25.00,27.80,39.10,30.20,33.60,1.80,OPEN_METEO_ERA5_LAND,singapore
2022-03-25,31.50,25.30,28.00,39.20,30.20,33.80,2.00,OPEN_METEO_ERA5_LAND,singapore
2022-03-26,31.40,24.20,27.30,41.10,29.20,33.50,7.60,OPEN_METEO_ERA5_LAND,singapore
2022-03-27,31.70,24.00,27.20,39.30,28.50,32.80,4.70,OPEN_METEO_ERA5_LAND,singapore
2022-03-28,31.50,24.20,26.80,40.20,29.00,32.40,8.90,OPEN_METEO_ERA5_LAND,singapore
2022-03-29,31.70,24.20,26.90,39.10,28.60,32.50,0.80,OPEN_METEO_ERA5_LAND,singapore
2022-03-30,31.60,24.50,27.30,39.20,29.30,32.90,2.80,OPEN_METEO_ERA5_LAND,singapore
2022-03-31,29.60,23.30,26.50,36.40,26.70,31.60,5.50,OPEN_METEO_ERA5_LAND,singapore
2022-04-01,30.80,24.40,27.10,37.50,29.80,32.80,3.50,OPEN_METEO_ERA5_LAND,singapore
2022-04-02,30.50,23.50,26.80,37.50,28.00,32.20,4.00,OPEN_METEO_ERA5_LAND,singapore
2022-04-03,29.40,22.80,26.30,35.50,25.80,31.50,3.20,OPEN_METEO_ERA5_LAND,singapore
2022-04-04,30.70,23.20,26.50,37.50,27.00,31.70,3.40,OPEN_METEO_ERA5_LAND,singapore
2022-04-05,30.00,24.00,25.90,36.80,27.50,31.00,8.10,OPEN_METEO_ERA5_LAND,singapore
2022-04-06,30.70,24.00,26.60,37.80,28.30,32.00,9.00,OPEN_METEO_ERA5_LAND,singapore
2022-04-07,28.30,23.60,25.60,33.40,26.20,30.10,4.60,OPEN_METEO_ERA5_LAND,singapore
2022-04-08,30.90,23.70,26.50,38.00,28.50,31.70,1.90,OPEN_METEO_ERA5_LAND,singapore
2022-04-09,29.90,23.80,26.30,36.30,27.90,31.00,0.50,OPEN_METEO_ERA5_LAND,singapore
2022-04-10,30.60,23.50,26.40,38.70,28.50,32.00,4.10,OPEN_METEO_ERA5_LAND,singapore
2022-04-11,29.90,23.80,26.60,37.70,28.80,32.50,3.20,OPEN_METEO_ERA5_LAND,singapore
2022-04-12,30.60,24.40,27.20,38.80,29.80,33.30,5.80,OPEN_METEO_ERA5_LAND,singapore
2022-04-13,30.20,24.20,27.20,37.70,29.00,33.10,14.50,OPEN_METEO_ERA5_LAND,singapore
2022-04-14,30.20,25.10,27.70,37.30,29.90,33.40,0.30,OPEN_METEO_ERA5_LAND,singapore
2022-04-15,29.60,24.10,26.70,37.30,27.90,32.20,8.80,OPEN_METEO_ERA5_LAND,singapore
2022-04-16,30.40,25.70,27.80,37.80,30.50,33.80,3.70,OPEN_METEO_ERA5_LAND,singapore
2022-04-17,29.90,25.40,27.40,37.20,31.10,33.30,5.30,OPEN_METEO_ERA5_LAND,singapore
2022-04-18,30.70,24.00,26.40,39.90,29.20,32.30,18.10,OPEN_METEO_ERA5_LAND,singapore
2022-04-19,30.70,24.40,26.80,38.40,29.60,32.60,7.00,OPEN_METEO_ERA5_LAND,singapore
2022-04-20,30.50,24.30,26.30,39.80,29.40,32.20,7.50,OPEN_METEO_ERA5_LAND,singapore
2022-04-21,30.30,24.00,26.60,35.50,28.90,32.00,2.20,OPEN_METEO_ERA5_LAND,singapore
2022-04-22,30.90,24.10,27.40,37.30,29.10,32.90,1.70,OPEN_METEO_ERA5_LAND,singapore
2022-04-23,30.00,24.30,27.20,38.60,29.60,33.50,14.80,OPEN_METEO_ERA5_LAND,singapore
2022-04-24,30.70,23.40,27.20,38.00,27.40,32.90,3.60,OPEN_METEO_ERA5_LAND,singapore
2022-04-25,30.30,24.30,27.40,37.70,28.90,33.60,19.80,OPEN_METEO_ERA5_LAND,singapore
2022-04-26,30.00,25.50,27.80,36.70,31.50,34.00,3.90,OPEN_METEO_ERA5_LAND,singapore
2022-04-27,30.70,24.70,27.20,37.40,30.00,32.90,8.80,OPEN_METEO_ERA5_LAND,singapore
2022-04-28,30.90,24.40,27.30,40.10,29.10,33.60,8.30,OPEN_METEO_ERA5_LAND,singapore
2022-04-29,31.00,24.10,27.80,39.20,29.40,34.10,5.70,OPEN_METEO_ERA5_LAND,singapore
2022-04-30,30.20,24.50,27.30,38.30,29.60,33.60,7.70,OPEN_METEO_ERA5_LAND,singapore
2022-05-01,29.50,24.80,27.50,35.60,30.20,33.30,7.30,OPEN_METEO_ERA5_LAND,singapore
2022-05-02,30.00,25.20,27.50,35.80,30.20,32.90,19.80,OPEN_METEO_ERA5_LAND,singapore
2022-05-03,29.60,25.00,27.30,35.80,28.90,32.40,13.70,OPEN_METEO_ERA5_LAND,singapore
2022-05-04,29.70,25.00,27.40,36.10,29.20,32.70,12.20,OPEN_METEO_ERA5_LAND,singapore
2022-05-05,29.90,25.90,27.80,35.70,31.40,33.10,0.40,OPEN_METEO_ERA5_LAND,singapore
2022-05-06,30.20,26.10,28.10,37.30,31.10,33.80,1.60,OPEN_METEO_ERA5_LAND,singapore
2022-05-07,30.00,25.40,27.50,36.90,30.80,33.00,12.20,OPEN_METEO_ERA5_LAND,singapore
2022-05-08,30.20,26.60,28.10,35.60,32.10,33.30,0.50,OPEN_METEO_ERA5_LAND,singapore
2022-05-09,30.70,27.00,28.30,35.80,32.00,33.60,10.50,OPEN_METEO_ERA5_LAND,singapore
2022-05-10,31.10,25.80,28.40,38.20,31.40,34.40,1.90,OPEN_METEO_ERA5_LAND,singapore
2022-05-11,29.90,25.40,27.50,37.00,30.90,33.40,2.30,OPEN_METEO_ERA5_LAND,singapore
2022-05-12,30.70,25.70,28.10,36.50,31.20,33.60,2.30,OPEN_METEO_ERA5_LAND,singapore
2022-05-13,30.60,24.90,27.20,37.90,30.10,32.90,6.00,OPEN_METEO_ERA5_LAND,singapore
2022-05-14,30.80,24.70,27.60,38.90,28.80,33.70,7.50,OPEN_METEO_ERA5_LAND,singapore
2022-05-15,31.20,24.80,27.80,39.30,29.60,34.00,13.00,OPEN_METEO_ERA5_LAND,singapore
2022-05-16,29.80,25.40,26.90,37.40,29.70,32.80,6.20,OPEN_METEO_ERA5_LAND,singapore
2022-05-17,30.50,24.60,27.40,37.30,30.30,33.40,0.70,OPEN_METEO_ERA5_LAND,singapore
2022-05-18,30.70,25.80,27.80,37.40,30.80,33.60,0.20,OPEN_METEO_ERA5_LAND,singapore
2022-05-19,29.20,25.00,26.90,35.90,30.70,32.90,17.70,OPEN_METEO_ERA5_LAND,singapore
2022-05-20,30.80,24.80,27.10,38.80,30.30,33.00,1.90,OPEN_METEO_ERA5_LAND,singapore
2022-05-21,30.10,25.10,27.30,36.30,30.40,33.30,5.00,OPEN_METEO_ERA5_LAND,singapore
2022-05-22,30.80,25.10,27.60,37.90,30.30,33.60,6.30,OPEN_METEO_ERA5_LAND,singapore
2022-05-23,31.00,25.60,27.90,38.70,31.10,34.20,6.30,OPEN_METEO_ERA5_LAND,singapore
2022-05-24,30.90,25.50,27.80,39.20,31.30,34.20,5.80,OPEN_METEO_ERA5_LAND,singapore
2022-05-25,29.70,24.10,26.40,37.50,28.90,31.50,11.70,OPEN_METEO_ERA5_LAND,singapore
2022-05-26,30.60,23.40,27.00,37.00,27.90,32.60,0.10,OPEN_METEO_ERA5_LAND,singapore
2022-05-27,31.30,24.50,27.90,37.80,29.30,33.40,0.00,OPEN_METEO_ERA5_LAND,singapore
2022-05-28,29.90,23.90,27.30,36.40,27.70,32.70,10.70,OPEN_METEO_ERA5_LAND,singapore
2022-05-29,30.60,24.40,27.80,37.20,29.40,33.10,0.00,OPEN_METEO_ERA5_LAND,singapore
2022-05-30,31.60,24.60,27.60,37.50,29.80,33.30,0.40,OPEN_METEO_ERA5_LAND,singapore
2022-05-31,30.80,25.10,27.30,39.20,29.00,33.40,5.10,OPEN_METEO_ERA5_LAND,singapore
2022-06-01,31.10,24.30,26.70,39.30,29.50,32.40,10.50,OPEN_METEO_ERA5_LAND,singapore
2022-06-02,30.80,24.30,27.00,37.50,28.70,32.70,18.70,OPEN_METEO_ERA5_LAND,singapore
2022-06-03,29.60,24.50,26.80,36.60,29.50,32.40,8.90,OPEN_METEO_ERA5_LAND,singapore
2022-06-04,29.50,25.20,26.90,36.40,30.40,32.60,14.80,OPEN_METEO_ERA5_LAND,singapore
2022-06-05,29.90,25.10,26.60,36.40,30.60,32.20,10.70,OPEN_METEO_ERA5_LAND,singapore
2022-06-06,29.50,23.90,26.50,35.50,28.40,31.90,14.90,OPEN_METEO_ERA5_LAND,singapore
2022-06-07,28.50,24.60,26.70,34.50,28.60,32.40,12.10,OPEN_METEO_ERA5_LAND,singapore
2022-06-08,30.00,24.20,26.00,37.40,28.50,31.60,35.00,OPEN_METEO_ERA5_LAND,singapore
2022-06-09,27.90,23.90,25.60,34.20,28.90,30.90,22.10,OPEN_METEO_ERA5_LAND,singapore
2022-06-10,30.30,24.70,27.00,37.00,29.90,32.60,2.50,OPEN_METEO_ERA5_LAND,singapore
2022-06-11,27.70,23.30,25.20,33.00,28.20,30.00,35.80,OPEN_METEO_ERA5_LAND,singapore
2022-06-12,27.50,24.00,25.40,33.20,28.10,30.40,13.40,OPEN_METEO_ERA5_LAND,singapore
2022-06-13,30.10,24.10,26.30,37.50,28.70,32.10,4.80,OPEN_METEO_ERA5_LAND,singapore
2022-06-14,29.30,24.00,26.50,36.00,27.90,31.70,8.00,OPEN_METEO_ERA5_LAND,singapore
2022-06-15,28.40,24.00,26.10,33.80,27.40,31.00,10.00,OPEN_METEO_ERA5_LAND,singapore
2022-06-16,27.80,23.80,25.60,33.70,28.60,31.10,10.40,OPEN_METEO_ERA5_LAND,singapore
2022-06-17,28.50,24.80,26.60,33.70,30.40,32.20,8.40,OPEN_METEO_ERA5_LAND,singapore
2022-06-18,28.50,24.00,26.00,34.60,29.00,31.40,11.10,OPEN_METEO_ERA5_LAND,singapore
2022-06-19,29.30,23.60,26.20,35.60,28.50,31.50,3.00,OPEN_METEO_ERA5_LAND,singapore
2022-06-20,26.50,23.40,25.10,32.10,27.80,30.00,60.10,OPEN_METEO_ERA5_LAND,singapore
2022-06-21,28.20,24.10,26.20,33.50,28.50,31.10,18.60,OPEN_METEO_ERA5_LAND,singapore
2022-06-22,28.70,24.50,26.20,33.20,28.90,30.90,5.40,OPEN_METEO_ERA5_LAND,singapore
2022-06-23,27.60,24.00,26.00,32.70,28.70,30.90,17.70,OPEN_METEO_ERA5_LAND,singapore
2022-06-24,28.70,24.10,26.00,34.70,28.10,31.20,24.90,OPEN_METEO_ERA5_LAND,singapore
2022-06-25,27.80,23.90,25.70,32.50,27.70,30.60,14.80,OPEN_METEO_ERA5_LAND,singapore
2022-06-26,29.70,24.10,26.90,35.70,29.00,32.20,4.90,OPEN_METEO_ERA5_LAND,singapore
2022-06-27,29.60,24.70,27.10,37.00,29.50,32.70,8.30,OPEN_METEO_ERA5_LAND,singapore
2022-06-28,29.30,24.80,26.60,36.90,29.10,32.20,16.80,OPEN_METEO_ERA5_LAND,singapore
2022-06-29,30.00,24.80,27.50,35.00,29.70,32.70,0.90,OPEN_METEO_ERA5_LAND,singapore
2022-06-30,27.80,25.20,26.50,31.90,29.70,30.90,6.30,OPEN_METEO_ERA5_LAND,singapore
2022-07-01,30.00,26.20,27.80,34.00,31.00,32.30,0.10,OPEN_METEO_ERA5_LAND,singapore
2022-07-02,29.60,25.70,27.70,34.50,30.60,32.20,0.40,OPEN_METEO_ERA5_LAND,singapore
2022-07-03,30.00,25.70,27.70,35.60,31.10,32.70,0.60,OPEN_METEO_ERA5_LAND,singapore
2022-07-04,30.60,24.90,27.50,37.10,29.60,33.00,0.40,OPEN_METEO_ERA5_LAND,singapore
2022-07-05,28.30,24.80,26.70,34.90,28.40,32.30,12.70,OPEN_METEO_ERA5_LAND,singapore
2022-07-06,29.70,25.30,27.20,35.40,30.00,32.60,2.00,OPEN_METEO_ERA5_LAND,singapore
2022-07-07,29.70,25.20,27.70,36.00,30.70,33.40,5.80,OPEN_METEO_ERA5_LAND,singapore
2022-07-08,29.00,25.50,27.20,35.00,30.10,32.50,0.20,OPEN_METEO_ERA5_LAND,singapore
2022-07-09,30.10,26.00,27.80,36.30,31.60,33.70,0.60,OPEN_METEO_ERA5_LAND,singapore
2022-07-10,29.10,25.70,27.10,35.30,29.90,32.20,3.50,OPEN_METEO_ERA5_LAND,singapore
2022-07-11,29.80,25.00,27.30,34.60,29.80,32.40,0.60,OPEN_METEO_ERA5_LAND,singapore
2022-07-12,29.50,25.00,27.40,35.00,29.70,32.60,2.20,OPEN_METEO_ERA5_LAND,singapore
2022-07-13,29.90,25.50,27.50,35.20,31.30,33.10,0.00,OPEN_METEO_ERA5_LAND,singapore
2022-07-14,29.30,24.30,26.90,34.60,29.30,32.20,4.50,OPEN_METEO_ERA5_LAND,singapore
2022-07-15,29.60,25.00,27.00,35.10,30.00,32.40,8.60,OPEN_METEO_ERA5_LAND,singapore
2022-07-16,30.10,25.20,27.90,35.00,30.30,32.90,0.20,OPEN_METEO_ERA5_LAND,singapore
2022-07-17,31.50,25.50,28.40,38.60,31.40,34.10,0.20,OPEN_METEO_ERA5_LAND,singapore
2022-07-18,30.80,25.40,28.10,38.40,31.10,33.90,1.30,OPEN_METEO_ERA5_LAND,singapore
2022-07-19,30.80,26.10,27.90,37.00,31.50,33.40,2.30,OPEN_METEO_ERA5_LAND,singapore
2022-07-20,28.80,23.70,26.10,33.60,27.50,31.10,11.30,OPEN_METEO_ERA5_LAND,singapore
2022-07-21,29.80,23.80,26.80,36.80,27.60,32.30,11.80,OPEN_METEO_ERA5_LAND,singapore
2022-07-22,28.60,24.00,25.90,35.00,29.00,31.20,14.20,OPEN_METEO_ERA5_LAND,singapore
2022-07-23,30.40,23.50,26.20,38.70,28.30,32.10,11.10,OPEN_METEO_ERA5_LAND,singapore
2022-07-24,29.70,24.20,26.40,37.60,29.30,32.30,3.80,OPEN_METEO_ERA5_LAND,singapore
2022-07-25,29.50,23.90,27.00,36.10,28.50,32.20,3.30,OPEN_METEO_ERA5_LAND,singapore
2022-07-26,29.00,24.60,26.40,33.70,29.60,31.40,0.60,OPEN_METEO_ERA5_LAND,singapore
2022-07-27,30.20,24.50,27.20,34.30,29.20,31.80,8.90,OPEN_METEO_ERA5_LAND,singapore
2022-07-28,28.80,25.30,26.60,35.60,29.60,31.90,13.70,OPEN_METEO_ERA5_LAND,singapore
2022-07-29,28.20,25.00,26.70,33.80,28.10,31.60,7.70,OPEN_METEO_ERA5_LAND,singapore
2022-07-30,29.10,25.40,26.90,33.90,29.60,31.40,3.50,OPEN_METEO_ERA5_LAND,singapore
2022-07-31,29.50,25.00,26.60,36.20,29.40,32.10,10.30,OPEN_METEO_ERA5_LAND,singapore
2022-08-01,28.80,24.90,26.70,35.00,30.10,32.10,12.30,OPEN_METEO_ERA5_LAND,singapore
2022-08-02,27.30,24.00,25.60,32.20,27.80,30.40,18.50,OPEN_METEO_ERA5_LAND,singapore
2022-08-03,27.80,24.60,25.90,32.00,29.60,30.80,12.60,OPEN_METEO_ERA5_LAND,singapore
2022-08-04,27.70,23.30,25.30,32.40,27.00,30.00,22.60,OPEN_METEO_ERA5_LAND,singapore
2022-08-05,28.20,24.70,26.30,32.20,29.70,30.90,1.10,OPEN_METEO_ERA5_LAND,singapore
2022-08-06,29.90,23.50,26.50,35.60,28.30,31.40,0.50,OPEN_METEO_ERA5_LAND,singapore
2022-08-07,29.30,24.30,26.80,34.20,28.50,31.50,1.30,OPEN_METEO_ERA5_LAND,singapore
2022-08-08,30.40,24.90,27.60,35.30,28.30,32.30,8.20,OPEN_METEO_ERA5_LAND,singapore
2022-08-09,30.20,24.30,27.40,35.80,28.90,32.20,0.90,OPEN_METEO_ERA5_LAND,singapore
2022-08-10,29.70,25.60,27.60,35.20,30.70,32.50,4.00,OPEN_METEO_ERA5_LAND,singapore
2022-08-11,30.70,26.60,28.40,36.20,31.40,33.40,0.20,OPEN_METEO_ERA5_LAND,singapore
2022-08-12,30.20,26.10,27.70,36.60,30.50,33.30,2.50,OPEN_METEO_ERA5_LAND,singapore
2022-08-13,28.80,23.70,26.30,35.50,26.50,31.60,13.40,OPEN_METEO_ERA5_LAND,singapore
2022-08-14,29.30,24.30,27.00,36.10,30.00,32.80,10.40,OPEN_METEO_ERA5_LAND,singapore
2022-08-15,28.90,24.70,26.80,35.30,29.90,32.40,9.70,OPEN_METEO_ERA5_LAND,singapore
2022-08-16,29.60,23.30,26.70,35.40,27.30,32.00,11.10,OPEN_METEO_ERA5_LAND,singapore
2022-08-17,30.10,24.20,27.00,36.40,28.20,32.20,11.80,OPEN_METEO_ERA5_LAND,singapore
2022-08-18,28.90,25.00,26.70,34.60,30.40,32.30,9.60,OPEN_METEO_ERA5_LAND,singapore
2022-08-19,29.50,25.50,27.50,35.50,30.10,32.80,2.20,OPEN_METEO_ERA5_LAND,singapore
2022-08-20,28.80,24.10,26.40,34.00,28.10,31.50,34.20,OPEN_METEO_ERA5_LAND,singapore
2022-08-21,28.10,23.60,25.80,32.40,27.90,30.40,18.00,OPEN_METEO_ERA5_LAND,singapore
2022-08-22,29.80,25.50,27.30,35.90,30.40,32.30,1.90,OPEN_METEO_ERA5_LAND,singapore
2022-08-23,27.70,24.80,26.10,34.10,29.40,31.50,19.20,OPEN_METEO_ERA5_LAND,singapore
2022-08-24,28.30,24.50,26.30,34.30,29.40,31.30,7.70,OPEN_METEO_ERA5_LAND,singapore
2022-08-25,28.30,24.80,26.60,32.70,28.70,31.20,20.10,OPEN_METEO_ERA5_LAND,singapore
2022-08-26,27.90,23.90,25.40,33.50,27.60,30.20,27.10,OPEN_METEO_ERA5_LAND,singapore
2022-08-27,29.90,23.40,25.80,36.50,28.70,31.10,12.90,OPEN_METEO_ERA5_LAND,singapore
2022-08-28,28.50,23.60,25.90,35.40,28.80,31.40,1.30,OPEN_METEO_ERA5_LAND,singapore
2022-08-29,27.80,23.60,25.30,33.50,28.00,30.30,32.50,OPEN_METEO_ERA5_LAND,singapore
2022-08-30,28.90,24.10,26.30,35.10,27.70,31.10,18.50,OPEN_METEO_ERA5_LAND,singapore
2022-08-31,29.90,24.60,27.20,36.40,29.50,32.60,1.20,OPEN_METEO_ERA5_LAND,singapore
2022-09-01,29.30,25.50,27.10,37.50,30.80,33.00,8.40,OPEN_METEO_ERA5_LAND,singapore
2022-09-02,28.50,24.00,26.70,34.80,28.20,32.00,9.30,OPEN_METEO_ERA5_LAND,singapore
2022-09-03,28.80,24.90,26.90,33.80,28.90,31.90,9.50,OPEN_METEO_ERA5_LAND,singapore
2022-09-04,29.40,25.70,27.20,36.80,31.10,32.90,2.20,OPEN_METEO_ERA5_LAND,singapore
2022-09-05,29.90,25.30,26.70,36.80,29.10,32.30,11.60,OPEN_METEO_ERA5_LAND,singapore
2022-09-06,30.40,24.30,27.20,37.10,28.90,32.70,3.50,OPEN_METEO_ERA5_LAND,singapore
2022-09-07,26.90,24.10,25.70,32.90,28.30,30.90,25.60,OPEN_METEO_ERA5_LAND,singapore
2022-09-08,29.50,24.70,27.10,34.90,29.60,32.20,0.00,OPEN_METEO_ERA5_LAND,singapore
2022-09-09,27.40,24.90,26.10,33.10,30.10,31.40,14.20,OPEN_METEO_ERA5_LAND,singapore
2022-09-10,28.80,24.40,26.40,34.70,29.30,31.30,7.90,OPEN_METEO_ERA5_LAND,singapore
2022-09-11,29.10,24.90,26.20,36.90,29.40,31.60,16.00,OPEN_METEO_ERA5_LAND,singapore
2022-09-12,29.10,23.60,26.40,35.30,28.60,31.80,1.40,OPEN_METEO_ERA5_LAND,singapore
2022-09-13,28.50,23.90,26.40,34.00,28.00,31.10,10.60,OPEN_METEO_ERA5_LAND,singapore
2022-09-14,28.60,25.00,26.50,32.20,28.50,30.30,0.70,OPEN_METEO_ERA5_LAND,singapore
2022-09-15,29.40,24.80,26.80,35.20,28.70,31.90,1.20,OPEN_METEO_ERA5_LAND,singapore
2022-09-16,29.90,23.80,26.70,36.10,29.30,32.00,1.40,OPEN_METEO_ERA5_LAND,singapore
2022-09-17,28.20,25.10,26.60,33.20,29.40,31.60,10.20,OPEN_METEO_ERA5_LAND,singapore
2022-09-18,27.20,23.70,25.10,31.30,28.30,29.80,39.00,OPEN_METEO_ERA5_LAND,singapore
2022-09-19,29.00,25.00,26.60,34.40,29.20,31.30,1.20,OPEN_METEO_ERA5_LAND,singapore
2022-09-20,28.70,24.90,26.60,34.60,29.20,31.60,0.60,OPEN_METEO_ERA5_LAND,singapore
2022-09-21,29.30,24.90,26.90,36.40,30.00,32.40,5.70,OPEN_METEO_ERA5_LAND,singapore
2022-09-22,26.50,23.90,25.40,32.10,24.80,29.20,10.90,OPEN_METEO_ERA5_LAND,singapore
2022-09-23,29.50,24.80,26.80,35.60,29.80,32.10,11.80,OPEN_METEO_ERA5_LAND,singapore
2022-09-24,29.00,23.90,26.50,34.80,27.80,31.60,13.60,OPEN_METEO_ERA5_LAND,singapore
2022-09-25,28.00,24.10,26.20,32.30,27.60,30.70,15.60,OPEN_METEO_ERA5_LAND,singapore
2022-09-26,29.30,25.20,26.70,33.90,28.90,31.60,5.70,OPEN_METEO_ERA5_LAND,singapore
2022-09-27,29.10,25.00,27.00,34.30,30.00,32.30,5.30,OPEN_METEO_ERA5_LAND,singapore
2022-09-28,29.60,24.50,26.90,35.70,29.50,32.30,1.00,OPEN_METEO_ERA5_LAND,singapore
2022-09-29,29.10,24.30,26.40,35.70,28.70,31.90,15.00,OPEN_METEO_ERA5_LAND,singapore
2022-09-30,29.80,24.90,27.20,36.90,30.90,33.30,8.60,OPEN_METEO_ERA5_LAND,singapore
2022-10-01,29.20,23.80,26.00,37.60,28.70,31.70,26.00,OPEN_METEO_ERA5_LAND,singapore
2022-10-02,29.40,24.10,25.80,35.60,28.30,31.10,12.80,OPEN_METEO_ERA5_LAND,singapore
2022-10-03,29.70,23.90,26.20,38.10,29.40,32.10,14.30,OPEN_METEO_ERA5_LAND,singapore
2022-10-04,28.90,23.80,26.00,36.10,28.90,31.40,5.90,OPEN_METEO_ERA5_LAND,singapore
2022-10-05,26.10,24.20,25.10,31.20,28.50,29.80,24.70,OPEN_METEO_ERA5_LAND,singapore
2022-10-06,29.60,24.20,26.10,37.90,29.30,31.80,17.10,OPEN_METEO_ERA5_LAND,singapore
2022-10-07,27.90,23.70,25.40,33.50,27.70,30.40,39.50,OPEN_METEO_ERA5_LAND,singapore
2022-10-08,28.40,22.90,25.60,32.60,27.50,30.20,1.30,OPEN_METEO_ERA5_LAND,singapore
2022-10-09,28.80,22.80,25.70,34.90,27.60,30.60,9.00,OPEN_METEO_ERA5_LAND,singapore
2022-10-10,27.50,24.20,25.60,31.30,27.40,29.80,5.40,OPEN_METEO_ERA5_LAND,singapore
2022-10-11,30.40,23.50,26.80,37.70,28.70,32.40,2.80,OPEN_METEO_ERA5_LAND,singapore
2022-10-12,28.20,22.80,25.30,31.60,26.60,29.20,5.40,OPEN_METEO_ERA5_LAND,singapore
2022-10-13,29.70,23.40,26.40,36.70,27.90,31.40,0.90,OPEN_METEO_ERA5_LAND,singapore
2022-10-14,29.00,24.40,26.80,34.60,29.50,31.70,11.70,OPEN_METEO_ERA5_LAND,singapore
2022-10-15,29.40,25.30,27.20,34.20,28.90,31.70,8.00,OPEN_METEO_ERA5_LAND,singapore
2022-10-16,29.20,23.90,26.40,34.00,28.10,31.10,15.50,OPEN_METEO_ERA5_LAND,singapore
2022-10-17,29.50,24.90,26.90,36.60,30.30,32.70,1.80,OPEN_METEO_ERA5_LAND,singapore
2022-10-18,29.50,24.00,27.00,35.90,29.20,32.70,4.30,OPEN_METEO_ERA5_LAND,singapore
2022-10-19,29.50,24.50,26.90,36.10,28.40,32.60,16.70,OPEN_METEO_ERA5_LAND,singapore
2022-10-20,30.20,25.30,27.80,37.90,31.00,33.70,5.90,OPEN_METEO_ERA5_LAND,singapore
2022-10-21,29.40,24.80,26.90,37.40,29.90,33.00,19.00,OPEN_METEO_ERA5_LAND,singapore
2022-10-22,28.90,23.90,26.00,36.00,28.30,31.40,12.70,OPEN_METEO_ERA5_LAND,singapore
2022-10-23,29.50,23.80,25.90,34.40,28.30,30.50,6.70,OPEN_METEO_ERA5_LAND,singapore
2022-10-24,28.30,24.00,25.90,33.80,28.60,31.00,9.00,OPEN_METEO_ERA5_LAND,singapore
2022-10-25,28.50,23.80,25.50,35.10,28.60,30.60,34.30,OPEN_METEO_ERA5_LAND,singapore
2022-10-26,27.10,23.60,25.10,32.30,28.50,30.00,16.20,OPEN_METEO_ERA5_LAND,singapore
2022-10-27,29.80,24.40,26.70,35.70,27.50,31.20,0.10,OPEN_METEO_ERA5_LAND,singapore
2022-10-28,30.20,24.00,26.40,36.60,28.00,31.30,5.50,OPEN_METEO_ERA5_LAND,singapore
2022-10-29,29.90,23.30,26.30,35.70,28.00,31.50,1.40,OPEN_METEO_ERA5_LAND,singapore
2022-10-30,30.00,23.90,26.30,38.30,28.90,32.00,15.00,OPEN_METEO_ERA5_LAND,singapore
2022-10-31,28.10,24.20,26.10,33.00,28.50,30.70,7.10,OPEN_METEO_ERA5_LAND,singapore
2022-11-01,29.40,24.30,26.30,36.80,28.60,32.00,8.90,OPEN_METEO_ERA5_LAND,singapore
2022-11-02,29.50,23.80,26.10,37.10,28.00,31.70,17.70,OPEN_METEO_ERA5_LAND,singapore
2022-11-03,28.00,23.40,25.80,32.90,28.20,30.80,3.60,OPEN_METEO_ERA5_LAND,singapore
2022-11-04,30.10,24.70,27.00,36.80,29.80,32.60,4.20,OPEN_METEO_ERA5_LAND,singapore
2022-11-05,27.70,24.50,25.70,31.90,28.20,30.80,9.20,OPEN_METEO_ERA5_LAND,singapore
2022-11-06,29.00,24.20,26.20,36.80,28.80,31.80,22.80,OPEN_METEO_ERA5_LAND,singapore
2022-11-07,29.00,23.50,25.60,36.30,28.40,31.10,9.80,OPEN_METEO_ERA5_LAND,singapore
2022-11-08,28.50,23.30,25.20,36.40,28.10,30.20,11.70,OPEN_METEO_ERA5_LAND,singapore
2022-11-09,28.00,22.80,25.10,34.30,27.20,29.90,14.80,OPEN_METEO_ERA5_LAND,singapore
2022-11-10,28.10,23.00,25.00,32.70,26.90,29.90,22.40,OPEN_METEO_ERA5_LAND,singapore
2022-11-11,28.80,23.10,25.10,36.30,27.50,30.30,57.40,OPEN_METEO_ERA5_LAND,singapore
2022-11-12,28.80,22.90,25.10,35.70,27.80,30.30,20.00,OPEN_METEO_ERA5_LAND,singapore
2022-11-13,28.70,22.90,25.70,35.30,27.30,31.10,3.30,OPEN_METEO_ERA5_LAND,singapore
2022-11-14,29.20,24.20,26.20,35.10,29.50,31.80,7.80,OPEN_METEO_ERA5_LAND,singapore
2022-11-15,29.60,24.20,26.50,34.50,28.70,31.50,0.30,OPEN_METEO_ERA5_LAND,singapore
2022-11-16,30.20,23.90,26.50,38.70,29.10,32.20,12.20,OPEN_METEO_ERA5_LAND,singapore
2022-11-17,29.70,24.30,26.60,34.50,28.30,31.30,2.60,OPEN_METEO_ERA5_LAND,singapore
2022-11-18,30.20,24.90,26.70,35.20,28.80,31.30,5.80,OPEN_METEO_ERA5_LAND,singapore
2022-11-19,28.00,23.90,25.50,32.30,27.80,29.80,12.20,OPEN_METEO_ERA5_LAND,singapore
2022-11-20,29.20,24.80,26.80,34.50,28.30,31.10,1.70,OPEN_METEO_ERA5_LAND,singapore
2022-11-21,30.50,25.30,27.30,35.60,30.00,32.20,0.30,OPEN_METEO_ERA5_LAND,singapore
2022-11-22,30.40,24.00,27.50,35.60,27.10,32.40,8.20,OPEN_METEO_ERA5_LAND,singapore
2022-11-23,28.40,24.50,26.40,32.20,28.90,30.90,2.50,OPEN_METEO_ERA5_LAND,singapore
2022-11-24,30.40,23.90,27.50,36.10,26.30,32.80,8.40,OPEN_METEO_ERA5_LAND,singapore
2022-11-25,28.50,23.60,26.50,33.60,27.20,31.40,17.00,OPEN_METEO_ERA5_LAND,singapore
2022-11-26,30.50,23.80,26.50,38.50,28.60,32.30,9.80,OPEN_METEO_ERA5_LAND,singapore
2022-11-27,29.30,23.90,26.20,36.90,27.70,31.70,15.80,OPEN_METEO_ERA5_LAND,singapore
2022-11-28,29.70,23.90,26.10,36.50,28.90,31.60,7.50,OPEN_METEO_ERA5_LAND,singapore
2022-11-29,29.80,23.70,26.10,37.40,28.40,31.50,6.80,OPEN_METEO_ERA5_LAND,singapore
2022-11-30,30.30,23.00,25.90,37.40,27.30,31.00,13.80,OPEN_METEO_ERA5_LAND,singapore
2022-12-01,29.80,23.30,25.60,35.60,27.90,30.60,6.20,OPEN_METEO_ERA5_LAND,singapore
2022-12-02,28.90,23.70,25.60,34.60,27.80,30.30,11.80,OPEN_METEO_ERA5_LAND,singapore
2022-12-03,29.30,23.70,26.10,35.30,28.10,30.90,10.20,OPEN_METEO_ERA5_LAND,singapore
2022-12-04,28.40,24.30,26.10,34.50,28.00,31.30,5.20,OPEN_METEO_ERA5_LAND,singapore
2022-12-05,29.80,23.70,25.90,38.40,28.70,31.70,4.70,OPEN_METEO_ERA5_LAND,singapore
2022-12-06,29.20,23.00,25.70,37.50,27.60,31.10,2.50,OPEN_METEO_ERA5_LAND,singapore
2022-12-07,29.40,23.30,25.70,36.50,27.40,30.80,10.30,OPEN_METEO_ERA5_LAND,singapore
2022-12-08,29.60,23.50,25.50,35.90,27.60,30.40,22.70,OPEN_METEO_ERA5_LAND,singapore
2022-12-09,28.30,23.80,25.40,33.20,28.00,30.00,16.40,OPEN_METEO_ERA5_LAND,singapore
2022-12-10,28.60,23.30,25.70,35.50,28.00,31.00,12.40,OPEN_METEO_ERA5_LAND,singapore
2022-12-11,26.40,23.40,24.70,31.40,27.70,29.50,23.00,OPEN_METEO_ERA5_LAND,singapore
2022-12-12,28.20,23.60,25.50,35.30,28.70,30.80,17.20,OPEN_METEO_ERA5_LAND,singapore
2022-12-13,29.00,23.80,25.60,34.50,27.80,29.70,13.90,OPEN_METEO_ERA5_LAND,singapore
2022-12-14,27.70,23.20,25.00,33.20,27.80,29.60,12.20,OPEN_METEO_ERA5_LAND,singapore
2022-12-15,26.20,23.40,24.60,30.70,27.60,29.10,9.70,OPEN_METEO_ERA5_LAND,singapore
2022-12-16,29.80,23.40,25.80,36.00,27.90,30.80,16.70,OPEN_METEO_ERA5_LAND,singapore
2022-12-17,29.20,23.50,25.50,37.10,27.80,30.50,13.40,OPEN_METEO_ERA5_LAND,singapore
2022-12-18,29.10,23.10,25.40,36.50,27.60,30.30,17.00,OPEN_METEO_ERA5_LAND,singapore
2022-12-19,26.70,23.30,24.80,30.90,27.30,29.00,7.00,OPEN_METEO_ERA5_LAND,singapore
2022-12-20,28.20,22.60,25.30,33.40,26.90,30.00,5.10,OPEN_METEO_ERA5_LAND,singapore
2022-12-21,29.60,23.50,25.70,35.80,27.40,30.30,11.10,OPEN_METEO_ERA5_LAND,singapore
2022-12-22,27.70,23.60,25.00,32.10,26.90,28.80,5.50,OPEN_METEO_ERA5_LAND,singapore
2022-12-23,28.40,23.30,24.90,32.30,27.10,29.00,13.40,OPEN_METEO_ERA5_LAND,singapore
2022-12-24,28.90,22.70,25.40,33.20,26.40,28.90,1.80,OPEN_METEO_ERA5_LAND,singapore
2022-12-25,29.70,23.20,25.60,34.80,25.70,28.90,4.40,OPEN_METEO_ERA5_LAND,singapore
2022-12-26,29.10,23.90,25.80,33.50,26.60,28.80,1.80,OPEN_METEO_ERA5_LAND,singapore
2022-12-27,29.50,22.70,25.80,34.60,26.30,29.60,2.00,OPEN_METEO_ERA5_LAND,singapore
2022-12-28,29.10,23.10,25.60,34.00,26.70,29.60,2.50,OPEN_METEO_ERA5_LAND,singapore
2022-12-29,28.30,23.20,25.30,33.30,26.30,29.30,3.60,OPEN_METEO_ERA5_LAND,singapore
2022-12-30,29.70,23.10,25.80,33.90,26.10,29.00,1.50,OPEN_METEO_ERA5_LAND,singapore
2022-12-31,30.00,23.60,26.00,33.30,26.30,29.10,0.70,OPEN_METEO_ERA5_LAND,singapore
2023-01-01,28.90,23.40,25.80,31.70,27.10,29.30,0.10,OPEN_METEO_ERA5_LAND,singapore
2023-01-02,30.30,23.00,26.20,34.30,26.70,30.00,1.10,OPEN_METEO_ERA5_LAND,singapore
2023-01-03,29.90,23.60,25.70,35.40,27.70,30.10,8.50,OPEN_METEO_ERA5_LAND,singapore
2023-01-04,28.90,23.50,25.70,32.40,27.00,29.10,1.10,OPEN_METEO_ERA5_LAND,singapore
2023-01-05,30.00,23.60,25.80,35.60,27.10,30.20,4.60,OPEN_METEO_ERA5_LAND,singapore
2023-01-06,29.20,23.90,26.10,34.70,26.90,30.70,2.40,OPEN_METEO_ERA5_LAND,singapore
2023-01-07,29.80,23.10,25.70,35.50,27.30,30.20,4.60,OPEN_METEO_ERA5_LAND,singapore
2023-01-08,30.20,23.10,26.30,36.10,27.90,31.20,0.40,OPEN_METEO_ERA5_LAND,singapore
2023-01-09,29.70,23.30,26.00,36.70,27.50,31.30,1.80,OPEN_METEO_ERA5_LAND,singapore
2023-01-10,29.30,23.10,26.10,37.10,27.80,31.60,6.90,OPEN_METEO_ERA5_LAND,singapore
2023-01-11,28.50,23.70,25.60,34.60,28.30,30.60,6.80,OPEN_METEO_ERA5_LAND,singapore
2023-01-12,30.30,23.50,26.40,37.70,28.50,31.90,2.80,OPEN_METEO_ERA5_LAND,singapore
2023-01-13,30.20,23.40,26.20,37.40,27.70,31.60,10.70,OPEN_METEO_ERA5_LAND,singapore
2023-01-14,30.00,23.70,26.20,37.30,28.70,31.60,6.60,OPEN_METEO_ERA5_LAND,singapore
2023-01-15,28.90,23.50,25.80,34.00,28.10,30.60,3.30,OPEN_METEO_ERA5_LAND,singapore
2023-01-16,29.90,23.10,25.70,35.90,27.70,30.50,4.40,OPEN_METEO_ERA5_LAND,singapore
2023-01-17,30.60,22.80,26.50,34.80,26.60,30.30,0.30,OPEN_METEO_ERA5_LAND,singapore
2023-01-18,28.60,23.00,25.60,32.80,27.20,29.30,5.60,OPEN_METEO_ERA5_LAND,singapore
2023-01-19,29.20,22.70,25.40,33.70,26.60,29.00,4.60,OPEN_METEO_ERA5_LAND,singapore
2023-01-20,27.60,23.40,25.10,31.60,26.70,28.80,7.20,OPEN_METEO_ERA5_LAND,singapore
2023-01-21,29.60,23.10,25.40,36.40,27.30,29.90,5.00,OPEN_METEO_ERA5_LAND,singapore
2023-01-22,28.50,22.90,25.10,33.70,26.50,29.30,7.90,OPEN_METEO_ERA5_LAND,singapore
2023-01-23,28.70,23.10,25.00,35.10,27.10,29.60,15.00,OPEN_METEO_ERA5_LAND,singapore
2023-01-24,24.50,23.10,23.70,28.90,26.40,27.70,29.60,OPEN_METEO_ERA5_LAND,singapore
2023-01-25,24.50,22.90,23.50,28.40,26.60,27.60,93.40,OPEN_METEO_ERA5_LAND,singapore
2023-01-26,27.60,22.80,24.60,31.10,25.90,28.10,10.40,OPEN_METEO_ERA5_LAND,singapore
2023-01-27,29.00,23.20,25.50,33.70,26.30,29.20,1.00,OPEN_METEO_ERA5_LAND,singapore
2023-01-28,25.60,23.20,24.10,28.90,26.10,27.20,9.60,OPEN_METEO_ERA5_LAND,singapore
2023-01-29,25.30,22.90,23.70,27.80,25.20,26.20,9.50,OPEN_METEO_ERA5_LAND,singapore
2023-01-30,26.90,23.20,24.50,30.20,26.30,27.40,6.60,OPEN_METEO_ERA5_LAND,singapore
2023-01-31,25.70,22.80,23.90,29.60,26.70,27.70,11.30,OPEN_METEO_ERA5_LAND,singapore
2023-02-01,29.10,22.60,25.10,34.80,26.50,29.40,2.90,OPEN_METEO_ERA5_LAND,singapore
2023-02-02,29.80,23.20,25.50,36.90,26.60,29.80,11.80,OPEN_METEO_ERA5_LAND,singapore
2023-02-03,29.90,23.20,25.70,36.10,27.80,30.60,18.80,OPEN_METEO_ERA5_LAND,singapore
2023-02-04,27.20,23.40,24.90,32.30,27.00,29.20,20.40,OPEN_METEO_ERA5_LAND,singapore
2023-02-05,29.00,22.80,25.40,35.90,27.10,30.10,6.50,OPEN_METEO_ERA5_LAND,singapore
2023-02-06,30.20,23.50,25.90,35.40,27.90,30.20,5.90,OPEN_METEO_ERA5_LAND,singapore
2023-02-07,30.70,23.10,26.10,36.00,26.00,30.10,0.00,OPEN_METEO_ERA5_LAND,singapore
2023-02-08,29.30,23.70,25.90,36.10,27.80,30.60,3.70,OPEN_METEO_ERA5_LAND,singapore
2023-02-09,29.20,23.70,26.10,35.70,28.30,31.20,2.80,OPEN_METEO_ERA5_LAND,singapore
2023-02-10,30.00,23.60,25.90,37.50,28.20,31.10,4.00,OPEN_METEO_ERA5_LAND,singapore
2023-02-11,29.70,23.80,25.60,36.60,27.90,30.10,10.60,OPEN_METEO_ERA5_LAND,singapore
2023-02-12,28.90,23.30,25.40,35.70,27.80,30.40,4.50,OPEN_METEO_ERA5_LAND,singapore
2023-02-13,28.80,23.20,25.10,35.00,27.50,29.90,6.60,OPEN_METEO_ERA5_LAND,singapore
2023-02-14,28.20,23.70,25.60,35.30,28.20,30.50,3.60,OPEN_METEO_ERA5_LAND,singapore
2023-02-15,28.90,23.30,25.50,33.50,27.10,29.40,0.60,OPEN_METEO_ERA5_LAND,singapore
2023-02-16,29.50,22.30,25.50,33.80,25.60,29.10,0.30,OPEN_METEO_ERA5_LAND,singapore
2023-02-17,29.00,22.50,25.30,34.30,25.80,29.20,2.70,OPEN_METEO_ERA5_LAND,singapore
2023-02-18,30.10,23.10,26.20,35.30,27.40,30.30,1.00,OPEN_METEO_ERA5_LAND,singapore
2023-02-19,30.20,23.50,26.20,36.20,27.80,30.80,1.70,OPEN_METEO_ERA5_LAND,singapore
2023-02-20,29.40,23.20,25.90,34.10,27.60,29.90,0.30,OPEN_METEO_ERA5_LAND,singapore
2023-02-21,28.70,23.50,25.80,32.70,27.70,29.50,3.20,OPEN_METEO_ERA5_LAND,singapore
2023-02-22,29.50,23.20,26.10,33.50,27.10,29.70,2.30,OPEN_METEO_ERA5_LAND,singapore
2023-02-23,29.60,23.40,26.30,33.80,27.40,29.70,0.40,OPEN_METEO_ERA5_LAND,singapore
2023-02-24,30.30,23.70,26.50,34.60,27.00,29.70,0.00,OPEN_METEO_ERA5_LAND,singapore
2023-02-25,29.70,22.90,25.90,33.70,26.90,29.40,0.80,OPEN_METEO_ERA5_LAND,singapore
2023-02-26,29.00,23.90,26.00,31.20,26.90,28.40,0.80,OPEN_METEO_ERA5_LAND,singapore
2023-02-27,29.00,23.00,25.60,32.40,25.20,28.40,5.50,OPEN_METEO_ERA5_LAND,singapore
2023-02-28,26.30,23.10,24.20,30.00,26.40,27.90,56.10,OPEN_METEO_ERA5_LAND,singapore
2023-03-01,24.30,22.60,23.40,28.60,25.80,27.10,69.70,OPEN_METEO_ERA5_LAND,singapore
2023-03-02,28.40,21.80,24.10,35.30,25.40,28.40,33.80,OPEN_METEO_ERA5_LAND,singapore
2023-03-03,26.40,22.70,24.10,29.90,26.20,27.90,33.20,OPEN_METEO_ERA5_LAND,singapore
2023-03-04,25.10,22.50,23.60,28.50,24.00,26.50,13.70,OPEN_METEO_ERA5_LAND,singapore
2023-03-05,26.40,22.40,23.90,30.40,26.00,27.60,10.40,OPEN_METEO_ERA5_LAND,singapore
2023-03-06,28.40,21.80,24.80,32.60,25.30,28.20,0.60,OPEN_METEO_ERA5_LAND,singapore
2023-03-07,28.30,22.60,24.90,33.80,25.80,28.60,13.50,OPEN_METEO_ERA5_LAND,singapore
2023-03-08,28.60,22.90,25.30,33.50,27.00,29.20,10.10,OPEN_METEO_ERA5_LAND,singapore
2023-03-09,29.10,23.60,25.90,33.80,27.50,29.80,4.20,OPEN_METEO_ERA5_LAND,singapore
2023-03-10,28.50,23.50,25.70,33.70,27.40,29.80,6.60,OPEN_METEO_ERA5_LAND,singapore
2023-03-11,28.50,23.50,25.80,34.50,27.50,30.10,6.30,OPEN_METEO_ERA5_LAND,singapore
2023-03-12,30.10,22.90,26.10,38.00,27.00,30.80,1.80,OPEN_METEO_ERA5_LAND,singapore
2023-03-13,29.00,24.00,26.00,32.80,27.10,29.00,0.00,OPEN_METEO_ERA5_LAND,singapore
2023-03-14,28.80,23.60,25.70,32.60,26.70,28.80,1.30,OPEN_METEO_ERA5_LAND,singapore
2023-03-15,28.60,22.10,25.60,32.40,25.50,28.90,1.30,OPEN_METEO_ERA5_LAND,singapore
2023-03-16,30.00,23.30,26.30,35.20,26.90,29.90,0.50,OPEN_METEO_ERA5_LAND,singapore
2023-03-17,29.80,24.10,26.50,34.90,27.80,30.40,2.70,OPEN_METEO_ERA5_LAND,singapore
2023-03-18,30.10,23.40,26.60,35.60,28.00,30.90,1.50,OPEN_METEO_ERA5_LAND,singapore
2023-03-19,29.60,24.50,26.50,34.80,28.60,30.90,1.80,OPEN_METEO_ERA5_LAND,singapore
2023-03-20,28.80,23.60,26.10,33.90,28.30,30.80,8.20,OPEN_METEO_ERA5_LAND,singapore
2023-03-21,30.60,23.40,26.00,39.20,27.80,31.50,0.80,OPEN_METEO_ERA5_LAND,singapore
2023-03-22,30.40,23.20,26.20,38.20,27.70,31.80,4.90,OPEN_METEO_ERA5_LAND,singapore
2023-03-23,30.80,24.00,26.80,38.40,29.20,32.60,2.00,OPEN_METEO_ERA5_LAND,singapore
2023-03-24,30.50,24.20,26.60,38.20,29.40,32.50,5.90,OPEN_METEO_ERA5_LAND,singapore
2023-03-25,29.70,23.70,26.00,37.50,28.30,31.30,15.60,OPEN_METEO_ERA5_LAND,singapore
2023-03-26,30.60,24.20,26.80,37.80,29.50,32.60,3.20,OPEN_METEO_ERA5_LAND,singapore
2023-03-27,28.40,23.50,25.80,34.90,27.20,31.10,7.20,OPEN_METEO_ERA5_LAND,singapore
2023-03-28,31.00,24.00,27.20,38.50,29.20,32.90,4.00,OPEN_METEO_ERA5_LAND,singapore
2023-03-29,30.10,24.10,26.70,38.70,29.30,32.20,2.20,OPEN_METEO_ERA5_LAND,singapore
2023-03-30,30.30,24.10,26.40,37.10,28.60,31.50,5.90,OPEN_METEO_ERA5_LAND,singapore
2023-03-31,30.80,23.50,26.20,36.90,28.10,31.40,7.90,OPEN_METEO_ERA5_LAND,singapore
2023-04-01,30.70,24.10,26.60,36.90,28.60,31.90,14.60,OPEN_METEO_ERA5_LAND,singapore
2023-04-02,29.70,24.50,26.60,36.40,30.10,32.20,6.50,OPEN_METEO_ERA5_LAND,singapore
2023-04-03,27.20,23.20,25.20,32.10,27.20,30.20,13.40,OPEN_METEO_ERA5_LAND,singapore
2023-04-04,30.90,24.30,27.10,37.70,29.50,32.60,4.00,OPEN_METEO_ERA5_LAND,singapore
2023-04-05,29.30,24.00,26.00,36.10,28.50,31.20,16.80,OPEN_METEO_ERA5_LAND,singapore
2023-04-06,29.70,24.10,27.00,36.70,28.80,32.40,0.90,OPEN_METEO_ERA5_LAND,singapore
2023-04-07,29.60,24.20,26.20,37.00,28.80,31.30,12.10,OPEN_METEO_ERA5_LAND,singapore
2023-04-08,30.10,23.50,26.40,37.80,28.20,31.80,1.80,OPEN_METEO_ERA5_LAND,singapore
2023-04-09,30.10,23.90,27.10,36.90,28.80,32.50,1.90,OPEN_METEO_ERA5_LAND,singapore
2023-04-10,31.10,23.40,26.90,37.20,27.90,32.20,1.40,OPEN_METEO_ERA5_LAND,singapore
2023-04-11,32.30,23.70,27.70,39.30,28.30,33.20,0.30,OPEN_METEO_ERA5_LAND,singapore
2023-04-12,31.90,23.60,27.30,39.10,28.30,32.90,1.90,OPEN_METEO_ERA5_LAND,singapore
2023-04-13,30.70,23.40,27.10,38.80,26.80,33.10,7.70,OPEN_METEO_ERA5_LAND,singapore
2023-04-14,31.00,25.00,27.00,39.40,29.50,32.90,8.00,OPEN_METEO_ERA5_LAND,singapore
2023-04-15,30.40,24.60,27.50,37.40,29.80,33.30,4.60,OPEN_METEO_ERA5_LAND,singapore
2023-04-16,31.30,23.90,27.20,37.80,28.30,32.70,12.10,OPEN_METEO_ERA5_LAND,singapore
2023-04-17,31.20,24.40,27.40,39.60,29.20,33.30,8.20,OPEN_METEO_ERA5_LAND,singapore
2023-04-18,31.60,24.70,27.70,39.50,30.00,33.60,8.30,OPEN_METEO_ERA5_LAND,singapore
2023-04-19,30.20,26.00,27.60,37.30,31.80,33.70,11.10,OPEN_METEO_ERA5_LAND,singapore
2023-04-20,29.80,25.00,27.00,35.90,29.40,32.50,12.20,OPEN_METEO_ERA5_LAND,singapore
2023-04-21,29.80,25.30,27.30,36.30,30.40,33.00,1.90,OPEN_METEO_ERA5_LAND,singapore
2023-04-22,31.10,25.90,28.10,39.20,31.90,34.30,4.10,OPEN_METEO_ERA5_LAND,singapore
2023-04-23,30.80,25.70,28.10,37.80,31.00,33.70,3.40,OPEN_METEO_ERA5_LAND,singapore
2023-04-24,31.30,25.00,28.20,38.90,30.30,34.20,2.40,OPEN_METEO_ERA5_LAND,singapore
2023-04-25,31.30,24.00,27.40,40.10,27.30,33.70,3.80,OPEN_METEO_ERA5_LAND,singapore
2023-04-26,31.40,24.90,27.60,39.00,30.90,33.80,6.20,OPEN_METEO_ERA5_LAND,singapore
2023-04-27,31.20,24.80,27.80,37.60,30.50,33.80,5.30,OPEN_METEO_ERA5_LAND,singapore
2023-04-28,31.00,24.60,27.00,39.60,30.10,33.10,2.30,OPEN_METEO_ERA5_LAND,singapore
2023-04-29,30.80,24.90,27.10,38.70,30.50,33.20,10.10,OPEN_METEO_ERA5_LAND,singapore
2023-04-30,30.60,24.70,27.20,40.10,30.20,33.60,11.20,OPEN_METEO_ERA5_LAND,singapore
2023-05-01,31.30,24.90,27.90,38.30,30.40,34.10,1.10,OPEN_METEO_ERA5_LAND,singapore
2023-05-02,31.30,25.40,28.30,38.40,30.80,33.90,2.70,OPEN_METEO_ERA5_LAND,singapore
2023-05-03,32.10,25.60,27.90,41.30,31.60,34.20,14.00,OPEN_METEO_ERA5_LAND,singapore
2023-05-04,31.10,25.10,27.70,38.80,30.70,33.80,12.80,OPEN_METEO_ERA5_LAND,singapore
2023-05-05,31.40,25.80,28.00,39.60,30.90,34.50,10.60,OPEN_METEO_ERA5_LAND,singapore
2023-05-06,30.50,25.30,27.80,37.20,30.30,33.60,8.10,OPEN_METEO_ERA5_LAND,singapore
2023-05-07,29.30,25.30,27.50,33.80,29.00,32.20,13.60,OPEN_METEO_ERA5_LAND,singapore
2023-05-08,31.00,26.30,28.50,36.50,30.80,33.20,0.90,OPEN_METEO_ERA5_LAND,singapore
2023-05-09,30.90,27.10,28.40,37.10,32.50,33.80,0.00,OPEN_METEO_ERA5_LAND,singapore
2023-05-10,31.80,26.80,28.90,38.60,32.60,34.80,0.90,OPEN_METEO_ERA5_LAND,singapore
2023-05-11,31.80,26.00,28.60,39.50,31.90,34.80,5.40,OPEN_METEO_ERA5_LAND,singapore
2023-05-12,31.80,25.70,28.90,39.00,31.30,34.70,0.20,OPEN_METEO_ERA5_LAND,singapore
2023-05-13,32.60,25.80,29.20,39.40,31.30,35.00,0.20,OPEN_METEO_ERA5_LAND,singapore
2023-05-14,32.60,26.10,28.90,39.30,31.70,34.60,0.00,OPEN_METEO_ERA5_LAND,singapore
2023-05-15,31.80,26.60,28.80,39.30,32.40,34.70,2.10,OPEN_METEO_ERA5_LAND,singapore
2023-05-16,30.10,26.40,27.80,37.20,32.40,33.80,9.50,OPEN_METEO_ERA5_LAND,singapore
2023-05-17,31.10,25.80,28.00,39.60,31.30,34.30,10.20,OPEN_METEO_ERA5_LAND,singapore
2023-05-18,30.10,25.30,27.70,37.50,29.40,33.70,6.20,OPEN_METEO_ERA5_LAND,singapore
2023-05-19,29.90,25.20,27.30,36.10,29.70,32.80,20.00,OPEN_METEO_ERA5_LAND,singapore
2023-05-20,29.40,24.90,27.00,35.10,29.70,32.50,8.00,OPEN_METEO_ERA5_LAND,singapore
2023-05-21,28.60,25.10,26.90,33.30,29.10,32.10,4.30,OPEN_METEO_ERA5_LAND,singapore
2023-05-22,30.50,25.00,27.60,37.00,29.90,33.20,2.80,OPEN_METEO_ERA5_LAND,singapore
2023-05-23,30.10,24.70,27.30,36.70,29.60,32.90,5.00,OPEN_METEO_ERA5_LAND,singapore
2023-05-24,30.60,26.10,28.40,36.50,31.30,33.90,0.90,OPEN_METEO_ERA5_LAND,singapore
2023-05-25,30.40,25.70,27.90,36.50,29.40,33.10,3.00,OPEN_METEO_ERA5_LAND,singapore
2023-05-26,29.30,25.60,27.00,36.00,30.20,32.70,33.30,OPEN_METEO_ERA5_LAND,singapore
2023-05-27,30.00,25.20,27.50,36.60,29.80,33.20,3.80,OPEN_METEO_ERA5_LAND,singapore
2023-05-28,29.30,24.20,26.80,34.90,28.90,32.10,6.30,OPEN_METEO_ERA5_LAND,singapore
2023-05-29,30.70,25.90,28.40,37.00,30.80,33.90,5.70,OPEN_METEO_ERA5_LAND,singapore
2023-05-30,30.40,26.30,28.30,36.60,31.70,34.20,1.90,OPEN_METEO_ERA5_LAND,singapore
2023-05-31,30.40,26.20,28.50,37.10,30.60,34.10,5.00,OPEN_METEO_ERA5_LAND,singapore
2023-06-01,28.00,24.60,26.60,33.50,29.20,31.90,72.90,OPEN_METEO_ERA5_LAND,singapore
2023-06-02,30.30,25.90,28.10,36.20,31.60,33.80,6.00,OPEN_METEO_ERA5_LAND,singapore
2023-06-03,30.70,25.70,28.10,37.20,31.60,34.10,2.50,OPEN_METEO_ERA5_LAND,singapore
2023-06-04,29.50,24.00,26.80,37.60,27.90,32.60,20.10,OPEN_METEO_ERA5_LAND,singapore
2023-06-05,30.50,25.20,28.00,37.10,30.50,33.80,0.00,OPEN_METEO_ERA5_LAND,singapore
2023-06-06,29.20,25.80,27.50,36.90,31.70,33.10,4.60,OPEN_METEO_ERA5_LAND,singapore
2023-06-07,29.50,24.80,27.30,35.30,29.50,32.80,7.60,OPEN_METEO_ERA5_LAND,singapore
2023-06-08,30.30,25.60,27.90,36.20,31.10,33.40,0.40,OPEN_METEO_ERA5_LAND,singapore
2023-06-09,30.50,25.70,27.40,37.60,31.30,33.20,14.30,OPEN_METEO_ERA5_LAND,singapore
2023-06-10,30.20,25.60,27.80,36.00,30.60,32.90,7.40,OPEN_METEO_ERA5_LAND,singapore
2023-06-11,31.20,25.80,28.30,37.10,30.80,33.50,0.30,OPEN_METEO_ERA5_LAND,singapore
2023-06-12,30.50,24.70,27.80,36.70,28.10,33.10,10.90,OPEN_METEO_ERA5_LAND,singapore
2023-06-13,30.10,25.20,27.30,36.40,30.40,32.70,3.60,OPEN_METEO_ERA5_LAND,singapore
2023-06-14,29.90,24.10,26.80,37.40,28.50,32.60,16.20,OPEN_METEO_ERA5_LAND,singapore
2023-06-15,29.20,24.50,27.10,36.10,30.30,33.20,0.80,OPEN_METEO_ERA5_LAND,singapore
2023-06-16,31.20,25.50,28.00,36.70,31.10,33.60,0.20,OPEN_METEO_ERA5_LAND,singapore
2023-06-17,31.40,26.30,28.50,37.10,30.00,33.90,0.50,OPEN_METEO_ERA5_LAND,singapore
2023-06-18,29.20,24.60,26.80,35.30,28.40,32.50,21.60,OPEN_METEO_ERA5_LAND,singapore
2023-06-19,31.90,24.80,28.00,38.70,30.20,33.70,0.20,OPEN_METEO_ERA5_LAND,singapore
2023-06-20,30.80,25.60,28.00,37.80,30.90,33.90,5.70,OPEN_METEO_ERA5_LAND,singapore
2023-06-21,30.20,25.80,28.40,35.50,31.30,33.60,1.40,OPEN_METEO_ERA5_LAND,singapore
2023-06-22,31.70,25.90,28.80,38.00,31.10,34.10,0.80,OPEN_METEO_ERA5_LAND,singapore
2023-06-23,30.40,26.00,27.60,37.30,31.30,33.30,5.60,OPEN_METEO_ERA5_LAND,singapore
2023-06-24,28.90,25.20,26.80,35.40,30.20,32.30,2.90,OPEN_METEO_ERA5_LAND,singapore
2023-06-25,30.90,24.40,27.60,36.50,28.90,33.30,0.40,OPEN_METEO_ERA5_LAND,singapore
2023-06-26,29.70,25.20,27.30,35.80,30.00,32.70,4.90,OPEN_METEO_ERA5_LAND,singapore
2023-06-27,29.70,25.00,27.20,35.50,30.20,32.30,2.40,OPEN_METEO_ERA5_LAND,singapore
2023-06-28,29.20,23.30,26.80,35.10,27.30,31.90,12.40,OPEN_METEO_ERA5_LAND,singapore
2023-06-29,29.90,23.90,27.10,35.70,29.30,32.30,7.90,OPEN_METEO_ERA5_LAND,singapore
2023-06-30,29.50,24.20,26.60,35.60,28.90,32.10,13.80,OPEN_METEO_ERA5_LAND,singapore
2023-07-01,29.70,24.20,26.70,35.00,28.90,31.80,5.70,OPEN_METEO_ERA5_LAND,singapore
2023-07-02,30.00,24.90,27.50,35.10,31.00,32.60,1.70,OPEN_METEO_ERA5_LAND,singapore
2023-07-03,30.00,24.00,26.60,35.80,28.70,32.20,18.60,OPEN_METEO_ERA5_LAND,singapore
2023-07-04,31.40,23.80,26.90,38.10,29.10,32.60,2.60,OPEN_METEO_ERA5_LAND,singapore
2023-07-05,31.80,23.70,26.40,39.20,28.60,32.00,10.30,OPEN_METEO_ERA5_LAND,singapore
2023-07-06,28.40,23.10,24.80,32.80,28.10,29.90,14.20,OPEN_METEO_ERA5_LAND,singapore
2023-07-07,29.80,21.70,25.80,34.50,25.90,30.70,13.90,OPEN_METEO_ERA5_LAND,singapore
2023-07-08,30.20,22.70,26.10,35.30,27.70,31.40,17.20,OPEN_METEO_ERA5_LAND,singapore
2023-07-09,30.50,24.40,26.60,37.50,29.50,32.40,7.10,OPEN_METEO_ERA5_LAND,singapore
2023-07-10,29.30,22.30,25.90,34.70,27.30,31.30,11.70,OPEN_METEO_ERA5_LAND,singapore
2023-07-11,26.60,23.20,24.50,31.70,28.00,29.60,42.60,OPEN_METEO_ERA5_LAND,singapore
2023-07-12,30.20,22.80,26.20,37.20,27.50,31.50,6.90,OPEN_METEO_ERA5_LAND,singapore
2023-07-13,30.90,23.90,27.30,36.90,29.00,32.80,1.50,OPEN_METEO_ERA5_LAND,singapore
2023-07-14,27.00,22.60,24.80,31.40,25.80,29.60,31.50,OPEN_METEO_ERA5_LAND,singapore
2023-07-15,30.10,23.50,26.40,35.50,28.40,31.80,0.30,OPEN_METEO_ERA5_LAND,singapore
2023-07-16,30.40,24.20,27.40,35.40,29.10,32.50,1.00,OPEN_METEO_ERA5_LAND,singapore
2023-07-17,29.90,24.90,26.90,36.40,29.90,32.10,11.60,OPEN_METEO_ERA5_LAND,singapore
2023-07-18,30.10,23.30,26.30,36.70,28.10,31.60,19.20,OPEN_METEO_ERA5_LAND,singapore
2023-07-19,28.90,23.00,25.80,34.20,27.80,31.00,28.20,OPEN_METEO_ERA5_LAND,singapore
2023-07-20,27.30,23.80,25.10,32.50,28.60,30.30,38.50,OPEN_METEO_ERA5_LAND,singapore
2023-07-21,29.80,23.50,26.90,35.20,27.60,31.70,7.50,OPEN_METEO_ERA5_LAND,singapore
2023-07-22,30.70,24.90,27.40,36.60,30.20,32.70,1.30,OPEN_METEO_ERA5_LAND,singapore
2023-07-23,30.50,25.80,27.70,36.80,30.70,33.00,4.20,OPEN_METEO_ERA5_LAND,singapore
2023-07-24,30.70,25.30,27.70,36.80,30.70,32.90,0.90,OPEN_METEO_ERA5_LAND,singapore
2023-07-25,30.90,26.30,28.10,36.10,31.70,33.10,0.80,OPEN_METEO_ERA5_LAND,singapore
2023-07-26,29.90,26.10,27.80,35.80,31.50,32.90,5.60,OPEN_METEO_ERA5_LAND,singapore
2023-07-27,30.50,25.60,27.70,36.40,29.80,32.90,2.00,OPEN_METEO_ERA5_LAND,singapore
2023-07-28,30.60,25.50,27.90,35.50,30.60,32.90,0.90,OPEN_METEO_ERA5_LAND,singapore
2023-07-29,30.70,25.30,27.70,35.10,29.80,32.00,5.50,OPEN_METEO_ERA5_LAND,singapore
2023-07-30,31.20,25.70,28.20,35.60,30.00,32.10,0.20,OPEN_METEO_ERA5_LAND,singapore
2023-07-31,31.30,26.90,28.50,35.50,29.50,31.80,0.40,OPEN_METEO_ERA5_LAND,singapore
2023-08-01,31.00,25.30,27.80,36.40,30.50,32.80,8.80,OPEN_METEO_ERA5_LAND,singapore
2023-08-02,30.70,24.10,27.60,35.60,29.00,32.60,3.40,OPEN_METEO_ERA5_LAND,singapore
2023-08-03,27.30,24.00,25.70,33.20,28.50,30.90,17.00,OPEN_METEO_ERA5_LAND,singapore
2023-08-04,31.30,24.70,27.40,37.40,30.00,32.70,17.70,OPEN_METEO_ERA5_LAND,singapore
2023-08-05,30.10,24.90,27.40,35.80,29.90,32.50,5.70,OPEN_METEO_ERA5_LAND,singapore
2023-08-06,31.30,23.20,27.60,36.50,28.50,32.40,0.00,OPEN_METEO_ERA5_LAND,singapore
2023-08-07,30.20,24.10,27.40,35.70,28.90,32.20,3.70,OPEN_METEO_ERA5_LAND,singapore
2023-08-08,30.10,24.20,26.90,36.40,28.50,31.90,20.60,OPEN_METEO_ERA5_LAND,singapore
2023-08-09,30.30,24.00,26.90,35.60,29.00,31.90,8.90,OPEN_METEO_ERA5_LAND,singapore
2023-08-10,30.60,24.00,27.10,36.60,29.10,32.40,0.80,OPEN_METEO_ERA5_LAND,singapore
2023-08-11,30.60,22.90,26.70,35.40,27.40,31.50,3.10,OPEN_METEO_ERA5_LAND,singapore
2023-08-12,30.10,25.30,27.20,35.10,30.60,32.40,14.90,OPEN_METEO_ERA5_LAND,singapore
2023-08-13,30.40,24.40,26.90,36.70,29.40,31.90,4.90,OPEN_METEO_ERA5_LAND,singapore
2023-08-14,29.90,23.70,26.30,35.90,28.00,31.20,38.70,OPEN_METEO_ERA5_LAND,singapore
2023-08-15,29.70,22.30,25.80,35.80,27.20,31.20,7.30,OPEN_METEO_ERA5_LAND,singapore
2023-08-16,29.80,24.40,26.80,35.50,29.20,32.00,26.40,OPEN_METEO_ERA5_LAND,singapore
2023-08-17,30.20,23.30,26.20,37.80,28.70,31.90,11.70,OPEN_METEO_ERA5_LAND,singapore
2023-08-18,29.40,23.00,25.80,35.40,28.10,31.10,21.60,OPEN_METEO_ERA5_LAND,singapore
2023-08-19,30.00,23.60,26.10,36.90,28.40,31.40,14.00,OPEN_METEO_ERA5_LAND,singapore
2023-08-20,29.40,25.20,26.90,35.10,30.20,32.00,16.40,OPEN_METEO_ERA5_LAND,singapore
2023-08-21,27.20,23.70,24.90,32.30,28.30,30.00,71.30,OPEN_METEO_ERA5_LAND,singapore
2023-08-22,31.10,22.90,27.00,35.30,27.80,31.40,0.30,OPEN_METEO_ERA5_LAND,singapore
2023-08-23,30.40,24.80,27.20,36.10,29.60,32.10,2.90,OPEN_METEO_ERA5_LAND,singapore
2023-08-24,30.30,24.30,27.00,36.20,28.90,32.20,6.70,OPEN_METEO_ERA5_LAND,singapore
2023-08-25,29.90,24.60,26.80,36.40,29.50,32.00,14.50,OPEN_METEO_ERA5_LAND,singapore
2023-08-26,29.80,23.20,26.50,36.40,27.60,31.80,15.00,OPEN_METEO_ERA5_LAND,singapore
2023-08-27,30.50,23.70,26.70,36.40,28.40,32.10,5.40,OPEN_METEO_ERA5_LAND,singapore
2023-08-28,29.70,22.90,26.50,35.50,27.10,31.50,10.80,OPEN_METEO_ERA5_LAND,singapore
2023-08-29,29.10,24.00,26.40,33.70,28.40,31.50,9.80,OPEN_METEO_ERA5_LAND,singapore
2023-08-30,29.60,23.30,26.60,35.60,28.10,32.00,2.80,OPEN_METEO_ERA5_LAND,singapore
2023-08-31,30.90,24.80,27.60,35.40,29.60,32.10,0.10,OPEN_METEO_ERA5_LAND,singapore
2023-09-01,31.00,24.90,27.70,35.20,30.10,32.00,0.30,OPEN_METEO_ERA5_LAND,singapore
2023-09-02,31.40,24.00,27.70,37.00,28.50,32.50,0.20,OPEN_METEO_ERA5_LAND,singapore
2023-09-03,31.60,25.70,28.20,36.20,30.40,32.30,0.40,OPEN_METEO_ERA5_LAND,singapore
2023-09-04,30.70,25.80,28.20,34.30,29.80,31.70,3.50,OPEN_METEO_ERA5_LAND,singapore
2023-09-05,30.30,25.50,27.60,36.30,30.10,32.20,9.50,OPEN_METEO_ERA5_LAND,singapore
2023-09-06,29.90,22.80,25.40,35.90,27.50,30.60,38.40,OPEN_METEO_ERA5_LAND,singapore
2023-09-07,30.90,23.90,26.70,37.80,28.80,32.20,1.50,OPEN_METEO_ERA5_LAND,singapore
2023-09-08,30.00,23.50,26.70,37.20,28.00,32.20,31.20,OPEN_METEO_ERA5_LAND,singapore
2023-09-09,30.00,23.30,26.30,36.10,28.10,31.60,10.10,OPEN_METEO_ERA5_LAND,singapore
2023-09-10,29.50,23.90,26.10,34.80,29.00,31.20,13.60,OPEN_METEO_ERA5_LAND,singapore
2023-09-11,30.40,23.60,26.90,35.50,28.20,31.40,1.90,OPEN_METEO_ERA5_LAND,singapore
2023-09-12,30.40,24.90,27.30,35.10,29.60,32.10,3.20,OPEN_METEO_ERA5_LAND,singapore
2023-09-13,31.10,25.50,27.90,36.90,30.40,33.10,2.90,OPEN_METEO_ERA5_LAND,singapore
2023-09-14,31.60,25.10,28.10,35.80,30.40,32.60,0.00,OPEN_METEO_ERA5_LAND,singapore
2023-09-15,31.60,24.60,27.80,35.40,29.50,32.10,0.70,OPEN_METEO_ERA5_LAND,singapore
2023-09-16,31.20,25.20,28.00,36.60,30.50,32.90,6.10,OPEN_METEO_ERA5_LAND,singapore
2023-09-17,30.80,25.20,27.30,37.80,30.50,32.80,4.20,OPEN_METEO_ERA5_LAND,singapore
2023-09-18,30.10,24.20,26.90,36.70,29.70,32.20,6.20,OPEN_METEO_ERA5_LAND,singapore
2023-09-19,30.50,24.20,27.10,37.20,29.20,32.70,18.80,OPEN_METEO_ERA5_LAND,singapore
2023-09-20,30.80,23.70,26.40,37.40,28.80,32.00,11.20,OPEN_METEO_ERA5_LAND,singapore
2023-09-21,30.10,23.50,25.90,37.30,28.10,31.30,7.50,OPEN_METEO_ERA5_LAND,singapore
2023-09-22,29.70,23.70,25.50,36.00,28.00,30.50,12.70,OPEN_METEO_ERA5_LAND,singapore
2023-09-23,30.50,22.80,25.90,38.60,28.00,31.70,10.70,OPEN_METEO_ERA5_LAND,singapore
2023-09-24,27.80,22.80,24.90,32.30,25.60,30.00,25.70,OPEN_METEO_ERA5_LAND,singapore
2023-09-25,30.30,24.30,27.10,35.90,29.40,32.00,1.00,OPEN_METEO_ERA5_LAND,singapore
2023-09-26,30.30,24.40,27.40,35.50,29.40,32.20,2.10,OPEN_METEO_ERA5_LAND,singapore
2023-09-27,31.40,25.40,28.00,36.80,30.40,32.60,0.00,OPEN_METEO_ERA5_LAND,singapore
2023-09-28,31.30,25.00,28.10,37.00,30.10,33.00,2.20,OPEN_METEO_ERA5_LAND,singapore
2023-09-29,32.00,23.60,27.80,37.60,28.20,33.20,0.90,OPEN_METEO_ERA5_LAND,singapore
2023-09-30,31.10,25.00,27.40,37.60,30.40,33.10,1.30,OPEN_METEO_ERA5_LAND,singapore
2023-10-01,31.00,21.90,26.80,37.50,26.10,32.00,6.70,OPEN_METEO_ERA5_LAND,singapore
2023-10-02,31.40,24.40,27.80,36.70,29.20,33.00,3.10,OPEN_METEO_ERA5_LAND,singapore
2023-10-03,30.50,24.30,26.70,36.10,29.00,31.90,25.10,OPEN_METEO_ERA5_LAND,singapore
2023-10-04,31.20,22.70,27.00,37.20,27.50,32.50,1.60,OPEN_METEO_ERA5_LAND,singapore
2023-10-05,32.40,24.10,28.10,38.00,29.00,33.40,0.80,OPEN_METEO_ERA5_LAND,singapore
2023-10-06,31.10,24.10,27.50,38.30,30.10,33.40,5.40,OPEN_METEO_ERA5_LAND,singapore
2023-10-07,31.40,24.20,28.20,37.70,30.10,33.70,6.20,OPEN_METEO_ERA5_LAND,singapore
2023-10-08,31.30,22.70,27.30,37.20,27.40,32.70,3.20,OPEN_METEO_ERA5_LAND,singapore
2023-10-09,32.60,24.10,27.50,40.30,29.50,33.50,17.30,OPEN_METEO_ERA5_LAND,singapore
2023-10-10,32.30,23.50,27.30,38.90,28.30,33.30,0.40,OPEN_METEO_ERA5_LAND,singapore
2023-10-11,31.40,23.50,27.20,39.90,28.80,33.40,16.40,OPEN_METEO_ERA5_LAND,singapore
2023-10-12,33.10,23.90,28.20,38.80,29.20,33.70,0.30,OPEN_METEO_ERA5_LAND,singapore
2023-10-13,33.20,22.50,28.00,39.30,27.10,33.30,0.00,OPEN_METEO_ERA5_LAND,singapore
2023-10-14,32.30,23.30,28.10,38.00,28.60,33.30,0.50,OPEN_METEO_ERA5_LAND,singapore
2023-10-15,31.20,23.80,27.90,36.10,28.90,32.90,2.30,OPEN_METEO_ERA5_LAND,singapore
2023-10-16,31.60,23.60,28.10,37.80,27.40,33.30,7.30,OPEN_METEO_ERA5_LAND,singapore
2023-10-17,32.10,24.30,28.30,37.30,29.00,33.70,0.10,OPEN_METEO_ERA5_LAND,singapore
2023-10-18,32.20,24.80,27.40,39.40,30.00,33.10,9.30,OPEN_METEO_ERA5_LAND,singapore
2023-10-19,32.00,23.50,26.80,40.00,28.50,32.90,11.30,OPEN_METEO_ERA5_LAND,singapore
2023-10-20,30.50,23.60,26.40,37.30,28.10,32.10,16.40,OPEN_METEO_ERA5_LAND,singapore
2023-10-21,30.40,23.20,25.90,38.30,27.80,31.30,17.40,OPEN_METEO_ERA5_LAND,singapore
2023-10-22,31.30,23.50,26.20,40.20,28.50,32.10,27.50,OPEN_METEO_ERA5_LAND,singapore
2023-10-23,30.60,23.50,25.70,37.40,28.40,31.20,11.40,OPEN_METEO_ERA5_LAND,singapore
2023-10-24,31.70,23.20,26.20,40.80,27.80,32.10,29.00,OPEN_METEO_ERA5_LAND,singapore
2023-10-25,30.90,22.80,26.40,37.10,27.60,32.00,2.80,OPEN_METEO_ERA5_LAND,singapore
2023-10-26,31.00,23.80,27.00,36.90,29.00,32.70,1.80,OPEN_METEO_ERA5_LAND,singapore
2023-10-27,31.10,23.20,26.70,39.30,27.80,32.30,8.50,OPEN_METEO_ERA5_LAND,singapore
2023-10-28,29.00,24.10,26.50,35.00,29.50,32.10,12.30,OPEN_METEO_ERA5_LAND,singapore
2023-10-29,31.80,23.50,26.60,38.00,28.50,32.10,3.00,OPEN_METEO_ERA5_LAND,singapore
2023-10-30,32.70,22.90,26.40,39.80,27.20,32.00,5.20,OPEN_METEO_ERA5_LAND,singapore
2023-10-31,32.00,23.20,25.90,40.10,28.00,31.40,12.40,OPEN_METEO_ERA5_LAND,singapore
2023-11-01,31.60,22.80,25.80,40.20,27.00,31.50,17.20,OPEN_METEO_ERA5_LAND,singapore
2023-11-02,31.80,22.90,26.50,40.10,27.50,32.20,12.50,OPEN_METEO_ERA5_LAND,singapore
2023-11-03,32.00,23.80,27.30,38.80,28.60,32.90,1.30,OPEN_METEO_ERA5_LAND,singapore
2023-11-04,31.00,23.10,26.70,38.50,27.80,32.30,14.80,OPEN_METEO_ERA5_LAND,singapore
2023-11-05,31.40,24.10,26.80,39.70,29.40,32.70,7.10,OPEN_METEO_ERA5_LAND,singapore
2023-11-06,31.50,23.40,26.00,39.80,28.30,31.70,29.10,OPEN_METEO_ERA5_LAND,singapore
2023-11-07,30.20,23.40,25.90,37.50,28.30,31.60,36.00,OPEN_METEO_ERA5_LAND,singapore
2023-11-08,29.90,23.10,26.00,35.60,27.50,31.50,0.20,OPEN_METEO_ERA5_LAND,singapore
2023-11-09,31.00,23.20,26.50,38.00,27.60,31.90,10.30,OPEN_METEO_ERA5_LAND,singapore
2023-11-10,31.50,23.70,26.40,37.90,28.30,31.90,8.50,OPEN_METEO_ERA5_LAND,singapore
2023-11-11,31.00,23.20,26.90,38.10,28.40,32.50,7.40,OPEN_METEO_ERA5_LAND,singapore
2023-11-12,30.90,23.80,26.90,38.60,28.60,32.50,2.70,OPEN_METEO_ERA5_LAND,singapore
2023-11-13,31.70,22.90,26.80,38.50,27.60,32.40,16.80,OPEN_METEO_ERA5_LAND,singapore
2023-11-14,29.70,23.90,25.60,37.30,28.90,31.30,10.60,OPEN_METEO_ERA5_LAND,singapore
2023-11-15,31.50,23.10,26.30,39.50,27.60,31.80,9.00,OPEN_METEO_ERA5_LAND,singapore
2023-11-16,31.30,23.60,26.10,39.40,28.20,31.60,28.10,OPEN_METEO_ERA5_LAND,singapore
2023-11-17,30.80,23.40,26.00,38.90,28.40,31.60,12.10,OPEN_METEO_ERA5_LAND,singapore
2023-11-18,31.60,23.50,26.60,39.30,28.20,32.00,9.90,OPEN_METEO_ERA5_LAND,singapore
2023-11-19,28.70,23.40,25.80,32.40,28.40,30.40,3.50,OPEN_METEO_ERA5_LAND,singapore
2023-11-20,30.70,23.20,26.20,39.20,27.70,31.70,10.50,OPEN_METEO_ERA5_LAND,singapore
2023-11-21,30.50,23.90,26.00,38.90,28.90,31.60,12.70,OPEN_METEO_ERA5_LAND,singapore
2023-11-22,29.70,23.20,25.80,36.60,27.50,31.00,10.20,OPEN_METEO_ERA5_LAND,singapore
2023-11-23,30.20,23.70,25.90,35.90,28.10,30.90,24.60,OPEN_METEO_ERA5_LAND,singapore
2023-11-24,29.80,23.30,25.80,34.80,27.60,30.50,8.10,OPEN_METEO_ERA5_LAND,singapore
2023-11-25,30.70,23.20,26.00,38.80,27.90,31.80,4.00,OPEN_METEO_ERA5_LAND,singapore
2023-11-26,30.70,23.30,25.70,39.50,28.40,31.50,30.40,OPEN_METEO_ERA5_LAND,singapore
2023-11-27,29.10,23.60,25.60,34.10,28.50,30.80,3.30,OPEN_METEO_ERA5_LAND,singapore
2023-11-28,30.20,23.20,25.90,36.80,27.70,31.20,2.90,OPEN_METEO_ERA5_LAND,singapore
2023-11-29,29.80,23.20,25.50,37.00,28.10,30.90,35.90,OPEN_METEO_ERA5_LAND,singapore
2023-11-30,30.70,23.60,25.80,37.80,28.30,31.20,35.10,OPEN_METEO_ERA5_LAND,singapore
2023-12-01,28.30,23.20,24.90,33.50,27.90,30.10,10.60,OPEN_METEO_ERA5_LAND,singapore
2023-12-02,30.50,22.80,25.80,39.10,27.60,31.50,13.70,OPEN_METEO_ERA5_LAND,singapore
2023-12-03,30.60,23.50,26.20,37.60,28.20,31.50,5.00,OPEN_METEO_ERA5_LAND,singapore
2023-12-04,29.70,24.00,26.40,36.80,28.60,32.10,2.20,OPEN_METEO_ERA5_LAND,singapore
2023-12-05,30.90,24.10,26.50,38.90,29.20,32.30,20.10,OPEN_METEO_ERA5_LAND,singapore
2023-12-06,29.10,23.40,25.60,35.50,28.60,31.00,13.20,OPEN_METEO_ERA5_LAND,singapore
2023-12-07,30.20,23.00,25.60,37.60,27.70,30.90,12.10,OPEN_METEO_ERA5_LAND,singapore
2023-12-08,30.60,22.90,26.10,36.30,27.50,31.20,7.60,OPEN_METEO_ERA5_LAND,singapore
2023-12-09,28.80,24.10,26.00,34.50,29.20,31.20,9.70,OPEN_METEO_ERA5_LAND,singapore
2023-12-10,29.70,23.60,26.10,34.70,28.70,31.10,1.80,OPEN_METEO_ERA5_LAND,singapore
2023-12-11,29.40,23.50,25.70,35.40,28.30,30.80,16.20,OPEN_METEO_ERA5_LAND,singapore
2023-12-12,29.00,23.70,25.30,35.10,28.40,30.30,9.60,OPEN_METEO_ERA5_LAND,singapore
2023-12-13,30.80,23.30,25.90,38.80,28.00,31.50,11.40,OPEN_METEO_ERA5_LAND,singapore
2023-12-14,30.40,23.00,25.40,38.50,27.90,30.70,27.20,OPEN_METEO_ERA5_LAND,singapore
2023-12-15,30.90,23.20,25.90,39.70,27.80,31.50,13.50,OPEN_METEO_ERA5_LAND,singapore
2023-12-16,30.60,23.20,26.00,38.00,27.90,31.40,9.60,OPEN_METEO_ERA5_LAND,singapore
2023-12-17,30.70,23.70,26.10,37.60,28.60,31.20,17.70,OPEN_METEO_ERA5_LAND,singapore
2023-12-18,30.10,23.40,25.80,36.70,28.10,31.00,18.60,OPEN_METEO_ERA5_LAND,singapore
2023-12-19,30.00,23.30,25.60,35.80,28.00,30.70,14.00,OPEN_METEO_ERA5_LAND,singapore
2023-12-20,29.90,23.50,25.90,36.80,28.50,31.20,10.50,OPEN_METEO_ERA5_LAND,singapore
2023-12-21,29.10,23.60,25.70,34.00,28.30,30.40,19.90,OPEN_METEO_ERA5_LAND,singapore
2023-12-22,28.90,23.80,26.00,32.20,27.50,29.70,5.10,OPEN_METEO_ERA5_LAND,singapore
2023-12-23,29.10,24.60,26.10,33.90,28.70,30.40,14.70,OPEN_METEO_ERA5_LAND,singapore
2023-12-24,30.60,23.10,25.80,38.20,27.70,31.20,10.00,OPEN_METEO_ERA5_LAND,singapore
2023-12-25,29.40,23.30,26.00,34.80,28.00,30.80,5.00,OPEN_METEO_ERA5_LAND,singapore
2023-12-26,28.90,23.10,25.30,34.30,27.70,29.80,10.90,OPEN_METEO_ERA5_LAND,singapore
2023-12-27,27.10,23.20,25.00,31.80,27.70,29.50,10.50,OPEN_METEO_ERA5_LAND,singapore
2023-12-28,30.10,23.50,25.90,36.50,28.50,31.30,14.50,OPEN_METEO_ERA5_LAND,singapore
2023-12-29,30.10,23.50,26.00,36.40,28.30,31.40,19.00,OPEN_METEO_ERA5_LAND,singapore
2023-12-30,30.00,23.30,25.80,36.60,28.20,31.00,28.20,OPEN_METEO_ERA5_LAND,singapore
2023-12-31,28.70,23.60,25.60,33.80,28.40,30.40,25.20,OPEN_METEO_ERA5_LAND,singapore
