city_id,month_id,year,month,n_days,mean_t,mean_tmax,mean_tmin,mean_at,precip_mm,hn_hko,vhd_hko,cd_hko,hn_at,vhd_at,cd_at,hot_p95,cold_p05,is_local_winter
hong_kong,2013-01,2013,1,31,15.845,18.955,13.342,14.529,2.5,0,0,9,0,0,19,0,6,1
hong_kong,2013-02,2013,2,28,18.843,21.786,16.596,18.925,4.9,0,0,2,0,0,5,0,1,1
hong_kong,2013-03,2013,3,31,20.439,23.416,18.003,21.484,156.6,0,0,1,0,0,3,0,0,0
hong_kong,2013-04,2013,4,30,21.88,23.997,20.11,23.93,145.6,0,0,0,0,2,1,0,0,0
hong_kong,2013-05,2013,5,31,25.358,27.594,23.645,29.939,290.1,0,0,0,18,20,0,0,0,0
hong_kong,2013-06,2013,6,30,27.373,29.317,25.827,32.607,301.0,0,0,0,26,24,0,4,0,0
hong_kong,2013-07,2013,7,31,27.219,29.081,25.832,32.326,291.6,0,0,0,31,25,0,2,0,0
hong_kong,2013-08,2013,8,31,27.561,29.603,25.935,33.003,405.9,0,0,0,29,24,0,8,0,0
hong_kong,2013-09,2013,9,30,26.687,28.637,25.187,30.98,225.9,0,0,0,22,19,0,2,0,0
hong_kong,2013-10,2013,10,31,24.435,27.113,22.339,26.265,9.9,0,0,0,1,4,0,0,0,0
hong_kong,2013-11,2013,11,30,21.16,23.537,19.113,21.15,39.8,0,0,0,0,0,5,0,0,0
hong_kong,2013-12,2013,12,31,14.948,18.045,12.313,12.729,87.6,0,0,16,0,0,20,0,14,1
hong_kong,2014-01,2014,1,31,15.677,18.981,12.935,14.035,0.3,0,0,10,0,0,20,0,5,1
hong_kong,2014-02,2014,2,28,15.65,18.368,13.082,14.479,19.2,0,0,10,0,0,13,0,10,1
hong_kong,2014-03,2014,3,31,19.703,22.152,17.739,20.29,95.8,0,0,0,0,0,1,0,0,0
hong_kong,2014-04,2014,4,30,22.69,24.893,21.037,25.323,147.7,0,0,0,0,3,0,0,0,0
hong_kong,2014-05,2014,5,31,25.748,27.613,24.3,30.41,344.1,0,0,0,19,18,0,1,0,0
hong_kong,2014-06,2014,6,30,28.037,30.18,26.487,33.827,188.1,0,0,0,30,30,0,8,0,0
hong_kong,2014-07,2014,7,31,28.529,30.797,26.674,34.668,178.0,3,0,0,30,30,0,17,0,0
hong_kong,2014-08,2014,8,31,27.965,30.087,26.313,33.945,226.0,0,1,0,31,30,0,4,0,0
hong_kong,2014-09,2014,9,30,27.7,30.19,25.673,32.997,122.7,0,0,0,24,28,0,6,0,0
hong_kong,2014-10,2014,10,31,25.113,27.623,23.213,27.577,34.1,0,0,0,5,5,0,0,0,0
hong_kong,2014-11,2014,11,30,21.973,24.313,20.197,23.083,20.0,0,0,0,0,0,0,0,0,0
hong_kong,2014-12,2014,12,31,15.5,18.145,13.116,13.087,31.3,0,0,11,0,0,19,0,6,1
hong_kong,2015-01,2015,1,31,15.706,18.606,13.394,14.242,30.4,0,0,6,0,0,20,0,3,1
hong_kong,2015-02,2015,2,28,17.618,20.129,15.675,17.293,32.7,0,0,3,0,0,9,0,2,1
hong_kong,2015-03,2015,3,31,20.448,22.803,18.535,21.406,18.3,0,0,0,0,0,1,0,0,0
hong_kong,2015-04,2015,4,30,22.82,25.753,20.337,24.857,61.8,0,0,0,1,4,0,0,0,0
hong_kong,2015-05,2015,5,31,26.513,28.635,24.894,31.5,396.4,0,0,0,26,22,0,0,0,0
hong_kong,2015-06,2015,6,30,28.55,30.577,26.85,34.343,105.9,1,0,0,30,30,0,9,0,0
hong_kong,2015-07,2015,7,31,27.881,30.084,26.219,33.252,384.0,2,1,0,27,29,0,12,0,0
hong_kong,2015-08,2015,8,31,28.077,30.419,26.165,34.077,203.5,2,2,0,31,30,0,11,0,0
hong_kong,2015-09,2015,9,30,27.137,29.247,25.52,32.09,108.4,0,0,0,26,25,0,2,0,0
hong_kong,2015-10,2015,10,31,24.848,27.142,23.048,27.813,115.4,0,0,0,6,5,0,0,0,0
hong_kong,2015-11,2015,11,30,23.043,25.457,21.033,24.763,15.2,0,0,0,2,1,3,0,0,0
hong_kong,2015-12,2015,12,31,17.39,19.539,15.565,16.574,88.5,0,0,3,0,0,9,0,2,1
hong_kong,2016-01,2016,1,31,15.484,17.381,13.687,14.461,207.7,0,0,7,0,0,11,0,7,1
hong_kong,2016-02,2016,2,29,15.062,17.776,12.728,13.493,24.2,0,0,13,0,0,22,0,7,1
hong_kong,2016-03,2016,3,31,18.052,20.574,15.794,18.268,154.6,0,0,3,0,0,8,0,2,0
hong_kong,2016-04,2016,4,30,23.627,25.93,21.92,27.007,222.3,0,0,0,2,3,0,0,0,0
hong_kong,2016-05,2016,5,31,25.929,28.081,24.129,30.306,301.2,0,0,0,16,19,0,0,0,0
hong_kong,2016-06,2016,6,30,28.077,30.103,26.46,34.117,352.3,0,0,0,30,29,0,10,0,0
hong_kong,2016-07,2016,7,31,28.613,30.826,26.871,34.652,172.3,2,3,0,31,31,0,13,0,0
hong_kong,2016-08,2016,8,31,27.761,30.039,26.126,33.7,373.9,0,0,0,29,29,0,11,0,0
hong_kong,2016-09,2016,9,30,27.017,29.167,25.397,31.827,279.5,0,1,0,26,23,0,2,0,0
hong_kong,2016-10,2016,10,31,25.677,28.01,23.865,29.277,251.8,0,0,0,15,14,0,0,0,0
hong_kong,2016-11,2016,11,30,20.96,23.39,18.74,21.893,146.2,0,0,2,0,0,5,0,0,0
hong_kong,2016-12,2016,12,31,18.297,20.658,16.206,17.561,13.5,0,0,4,0,0,7,0,1,1
hong_kong,2017-01,2017,1,31,16.932,19.597,14.81,15.877,8.6,0,0,5,0,0,13,0,0,1
hong_kong,2017-02,2017,2,28,15.664,18.571,13.264,14.0,25.3,0,0,8,0,0,15,0,7,1
hong_kong,2017-03,2017,3,31,19.048,21.432,17.1,19.016,55.3,0,0,0,0,0,4,0,0,0
hong_kong,2017-04,2017,4,30,21.683,23.907,19.887,23.747,97.7,0,0,0,0,1,1,0,0,0
hong_kong,2017-05,2017,5,31,24.606,26.529,23.084,28.326,150.1,0,0,0,3,9,0,0,0,0
hong_kong,2017-06,2017,6,30,27.153,28.613,25.97,32.193,671.6,0,0,0,27,22,0,0,0,0
hong_kong,2017-07,2017,7,31,27.132,28.894,25.781,32.142,340.4,2,1,0,28,21,0,3,0,0
hong_kong,2017-08,2017,8,31,27.826,29.703,26.358,33.161,340.6,0,2,0,27,28,0,4,0,0
hong_kong,2017-09,2017,9,30,27.43,29.31,25.907,32.933,171.3,0,0,0,30,26,0,4,0,0
hong_kong,2017-10,2017,10,31,24.155,26.784,21.884,25.794,194.6,0,0,0,11,9,0,0,0,0
hong_kong,2017-11,2017,11,30,20.387,22.923,18.413,20.397,15.7,0,0,0,0,0,6,0,0,0
hong_kong,2017-12,2017,12,31,16.058,19.165,13.368,13.445,5.0,0,0,8,0,0,19,0,7,1
hong_kong,2018-01,2018,1,31,14.487,16.894,12.361,12.168,53.5,0,0,11,0,0,17,0,10,1
hong_kong,2018-02,2018,2,28,15.05,18.314,12.3,13.368,12.5,0,0,13,0,0,15,0,9,1
hong_kong,2018-03,2018,3,31,19.11,22.032,16.771,19.497,26.5,0,0,4,0,0,7,0,1,0
hong_kong,2018-04,2018,4,30,21.857,24.653,19.55,23.967,119.8,0,0,0,0,0,3,0,0,0
hong_kong,2018-05,2018,5,31,26.177,28.171,24.661,30.929,80.6,0,0,0,20,21,0,3,0,0
hong_kong,2018-06,2018,6,30,26.777,28.463,25.397,31.293,528.2,0,0,0,24,20,0,0,0,0
hong_kong,2018-07,2018,7,31,27.203,28.729,25.8,32.061,312.4,0,0,0,28,24,0,0,0,0
hong_kong,2018-08,2018,8,31,27.0,28.6,25.642,32.248,696.2,0,0,0,29,20,0,1,0,0
hong_kong,2018-09,2018,9,30,26.247,28.317,24.523,30.713,350.1,0,0,0,19,15,0,1,0,0
hong_kong,2018-10,2018,10,31,23.294,25.642,21.158,24.861,67.5,0,0,0,0,0,0,0,0,0
hong_kong,2018-11,2018,11,30,21.297,23.627,19.2,22.017,72.9,0,0,0,0,0,1,0,0,0
hong_kong,2018-12,2018,12,31,16.577,19.352,14.206,15.461,22.8,0,0,12,0,0,18,0,6,1
hong_kong,2019-01,2019,1,31,16.081,19.155,13.616,14.935,18.6,0,0,9,0,0,16,0,7,1
hong_kong,2019-02,2019,2,28,18.921,21.55,16.564,19.407,74.3,0,0,1,0,0,6,0,0,1
hong_kong,2019-03,2019,3,31,19.774,22.065,17.806,20.742,199.9,0,0,0,0,0,1,0,0,0
hong_kong,2019-04,2019,4,30,23.293,25.153,21.723,26.34,217.2,0,0,0,3,4,0,0,0,0
hong_kong,2019-05,2019,5,31,24.213,25.861,22.842,27.561,395.9,0,0,0,11,7,0,0,0,0
hong_kong,2019-06,2019,6,30,27.173,28.713,25.81,32.44,332.3,0,0,0,28,25,0,0,0,0
hong_kong,2019-07,2019,7,31,27.677,29.171,26.381,32.906,355.4,0,0,0,30,28,0,2,0,0
hong_kong,2019-08,2019,8,31,27.548,29.461,25.871,32.865,407.8,0,0,0,30,27,0,4,0,0
hong_kong,2019-09,2019,9,30,26.543,29.073,24.337,30.857,187.5,0,0,0,16,17,0,2,0,0
hong_kong,2019-10,2019,10,31,24.752,27.042,22.665,27.458,114.4,0,0,0,7,7,0,1,0,0
hong_kong,2019-11,2019,11,30,21.127,24.543,18.127,21.193,0.8,0,0,0,0,0,3,0,0,0
hong_kong,2019-12,2019,12,31,17.426,20.926,14.416,16.023,23.5,0,0,9,0,0,14,0,3,1
hong_kong,2020-01,2020,1,31,16.913,19.794,14.439,15.755,21.3,0,0,8,0,0,13,0,5,1
hong_kong,2020-02,2020,2,29,16.972,19.624,14.848,16.152,36.5,0,0,3,0,0,10,0,3,1
hong_kong,2020-03,2020,3,31,20.29,22.645,18.435,21.339,86.5,0,0,0,0,0,1,0,0,0
hong_kong,2020-04,2020,4,30,20.357,22.763,18.02,21.4,80.2,0,0,0,0,0,2,0,0,0
hong_kong,2020-05,2020,5,31,25.794,27.581,24.313,30.6,333.7,0,0,0,22,19,0,0,0,0
hong_kong,2020-06,2020,6,30,27.4,28.91,26.153,32.5,279.2,0,0,0,30,27,0,0,0,0
hong_kong,2020-07,2020,7,31,28.065,29.639,26.89,33.229,135.9,0,0,0,30,30,0,2,0,0
hong_kong,2020-08,2020,8,31,27.039,28.803,25.671,32.387,501.0,0,0,0,27,24,0,1,0,0
hong_kong,2020-09,2020,9,30,26.543,28.193,25.163,31.603,568.2,0,0,0,24,21,0,2,0,0
hong_kong,2020-10,2020,10,31,23.548,25.942,21.429,24.461,154.4,0,0,0,1,1,0,0,0,0
hong_kong,2020-11,2020,11,30,21.407,24.317,19.143,21.797,7.6,0,0,0,0,0,3,0,0,0
hong_kong,2020-12,2020,12,31,16.016,19.768,12.726,13.9,13.0,0,0,13,0,0,19,0,11,1
hong_kong,2021-01,2021,1,31,14.294,17.81,11.087,11.665,2.0,0,0,17,0,0,24,0,14,1
hong_kong,2021-02,2021,2,28,17.764,21.0,14.8,17.496,45.7,0,0,0,0,0,8,0,0,1
hong_kong,2021-03,2021,3,31,20.303,22.652,18.332,21.245,38.6,0,0,0,0,0,3,0,0,0
hong_kong,2021-04,2021,4,30,22.553,24.613,20.923,24.397,97.5,0,0,0,0,0,0,0,0,0
hong_kong,2021-05,2021,5,31,26.781,28.723,25.216,31.532,144.1,0,0,0,24,23,0,0,0,0
hong_kong,2021-06,2021,6,30,27.063,28.643,25.683,31.943,401.4,0,0,0,26,25,0,0,0,0
hong_kong,2021-07,2021,7,31,27.703,29.384,26.271,33.326,330.1,1,0,0,30,27,0,3,0,0
hong_kong,2021-08,2021,8,31,26.984,28.477,25.726,32.465,411.6,0,0,0,31,27,0,0,0,0
hong_kong,2021-09,2021,9,30,27.56,29.523,25.837,33.277,125.0,0,0,0,30,28,0,5,0,0
hong_kong,2021-10,2021,10,31,23.965,26.035,21.984,25.661,564.5,0,0,0,5,3,0,0,0,0
hong_kong,2021-11,2021,11,30,20.52,23.87,17.667,20.2,9.2,0,0,0,0,0,7,0,0,0
hong_kong,2021-12,2021,12,31,16.829,20.103,13.877,15.077,59.9,0,0,6,0,0,19,0,3,1
hong_kong,2022-01,2022,1,31,16.419,19.155,14.171,15.403,12.4,0,0,5,0,0,13,0,2,1
hong_kong,2022-02,2022,2,28,13.679,16.432,11.254,11.689,175.5,0,0,16,0,0,24,0,12,1
hong_kong,2022-03,2022,3,31,19.79,22.465,17.703,20.929,116.3,0,0,0,0,0,1,0,0,0
hong_kong,2022-04,2022,4,30,21.45,24.033,19.333,23.357,65.0,0,0,0,4,3,3,0,0,0
hong_kong,2022-05,2022,5,31,23.281,25.135,21.79,26.019,439.7,0,0,0,5,4,0,0,0,0
hong_kong,2022-06,2022,6,30,26.567,28.097,25.2,31.13,362.7,0,0,0,23,18,0,0,0,0
hong_kong,2022-07,2022,7,31,28.119,30.019,26.519,33.329,316.1,3,2,0,27,25,0,9,0,0
hong_kong,2022-08,2022,8,31,27.197,29.142,25.645,32.287,388.5,1,0,0,24,25,0,6,0,0
hong_kong,2022-09,2022,9,30,27.337,30.123,24.887,31.36,119.4,0,1,0,21,22,0,11,0,0
hong_kong,2022-10,2022,10,31,24.226,27.21,21.671,24.99,57.3,0,0,0,5,5,0,0,0,0
hong_kong,2022-11,2022,11,30,21.813,23.71,20.307,23.537,303.1,0,0,0,0,0,1,0,0,0
hong_kong,2022-12,2022,12,31,13.919,16.919,11.2,11.19,30.6,0,0,19,0,0,29,0,14,1
hong_kong,2023-01,2023,1,31,14.8,17.694,12.326,12.848,33.0,0,0,14,0,0,20,0,11,1
hong_kong,2023-02,2023,2,28,17.136,20.239,14.664,16.239,17.5,0,0,5,0,0,9,0,2,1
hong_kong,2023-03,2023,3,31,19.49,22.1,17.442,19.9,96.6,0,0,0,0,0,1,0,0,0
hong_kong,2023-04,2023,4,30,22.303,24.27,20.533,24.39,111.5,0,0,0,0,1,0,0,0,0
hong_kong,2023-05,2023,5,31,24.803,26.523,23.274,28.765,177.0,0,0,0,14,12,0,1,0,0
hong_kong,2023-06,2023,6,30,26.937,28.72,25.343,32.363,365.1,0,0,0,28,25,0,1,0,0
hong_kong,2023-07,2023,7,31,27.906,30.381,25.839,33.3,287.8,0,4,0,29,30,0,6,0,0
hong_kong,2023-08,2023,8,31,27.465,30.129,25.368,33.042,220.3,0,0,0,29,31,0,6,0,0
hong_kong,2023-09,2023,9,30,26.397,28.727,24.603,31.277,463.3,0,0,0,25,20,0,2,0,0
hong_kong,2023-10,2023,10,31,24.19,26.939,21.806,26.697,263.9,0,1,0,4,5,0,3,0,0
hong_kong,2023-11,2023,11,30,21.527,25.133,18.37,22.03,8.4,0,0,0,0,0,5,0,0,0
hong_kong,2023-12,2023,12,31,17.268,21.571,13.81,16.2,9.8,0,0,10,0,0,14,0,8,1
shenzhen,2013-01,2013,1,31,15.648,19.9,12.365,14.171,3.8,0,0,14,0,0,20,0,7,1
shenzhen,2013-02,2013,2,28,19.239,23.296,16.264,19.268,5.1,0,0,3,0,0,7,0,1,1
shenzhen,2013-03,2013,3,31,20.923,24.971,17.79,21.877,173.9,0,0,2,0,0,3,0,0,0
shenzhen,2013-04,2013,4,30,22.113,24.917,19.927,24.213,156.1,0,0,0,0,4,1,0,0,0
shenzhen,2013-05,2013,5,31,25.694,28.581,23.652,30.423,285.6,0,0,0,18,23,0,0,0,0
shenzhen,2013-06,2013,6,30,27.58,30.083,25.67,32.933,282.7,0,0,0,26,25,0,2,0,0
shenzhen,2013-07,2013,7,31,27.416,29.958,25.652,32.752,282.7,0,1,0,31,27,0,2,0,0
shenzhen,2013-08,2013,8,31,27.781,30.319,25.913,33.384,445.7,0,0,0,31,26,0,4,0,0
shenzhen,2013-09,2013,9,30,26.867,29.597,24.85,31.347,214.0,0,1,0,21,21,0,2,0,0
shenzhen,2013-10,2013,10,31,24.513,28.268,21.706,26.281,7.8,0,0,0,3,6,0,0,0,0
shenzhen,2013-11,2013,11,30,20.98,24.343,18.273,20.743,39.9,0,0,2,0,0,6,0,0,0
shenzhen,2013-12,2013,12,31,14.323,18.494,10.9,11.758,97.0,0,0,21,0,0,24,0,14,1
shenzhen,2014-01,2014,1,31,15.497,20.248,11.729,13.668,0.2,0,0,18,0,0,23,0,6,1
shenzhen,2014-02,2014,2,28,15.368,18.911,12.261,14.036,43.0,0,0,11,0,0,13,0,9,1
shenzhen,2014-03,2014,3,31,19.874,23.232,17.252,20.387,101.8,0,0,0,0,0,2,0,0,0
shenzhen,2014-04,2014,4,30,23.183,26.237,20.993,25.953,154.3,0,0,0,0,6,0,0,0,0
shenzhen,2014-05,2014,5,31,25.952,28.332,24.181,30.684,341.8,0,0,0,19,20,0,0,0,0
shenzhen,2014-06,2014,6,30,28.32,31.083,26.383,34.4,167.8,0,1,0,29,30,0,5,0,0
shenzhen,2014-07,2014,7,31,28.829,31.671,26.623,35.216,155.6,2,4,0,31,30,0,10,0,0
shenzhen,2014-08,2014,8,31,28.252,30.919,26.232,34.4,226.6,0,2,0,31,30,0,3,0,0
shenzhen,2014-09,2014,9,30,27.91,31.017,25.557,33.45,105.7,0,2,0,23,28,0,5,0,0
shenzhen,2014-10,2014,10,31,25.19,28.723,22.616,27.761,31.4,0,0,0,4,7,0,0,0,0
shenzhen,2014-11,2014,11,30,22.05,25.37,19.643,23.053,23.2,0,0,0,0,1,0,0,0,0
shenzhen,2014-12,2014,12,31,14.955,18.374,12.181,12.216,45.0,0,0,15,0,0,24,0,8,1
shenzhen,2015-01,2015,1,31,15.642,19.732,12.513,14.048,37.8,0,0,15,0,0,22,0,2,1
shenzhen,2015-02,2015,2,28,17.907,21.482,15.282,17.536,28.7,0,0,7,0,0,11,0,0,1
shenzhen,2015-03,2015,3,31,20.861,24.229,18.303,21.787,22.2,0,0,0,0,0,1,0,0,0
shenzhen,2015-04,2015,4,30,23.33,27.357,19.977,25.207,53.3,0,0,0,2,8,0,1,0,0
shenzhen,2015-05,2015,5,31,26.803,29.377,24.874,31.794,426.9,0,0,0,27,26,0,0,0,0
shenzhen,2015-06,2015,6,30,28.753,31.36,26.65,34.633,107.5,0,0,0,30,30,0,5,0,0
shenzhen,2015-07,2015,7,31,28.197,30.99,26.113,33.668,333.7,2,4,0,28,29,0,9,0,0
shenzhen,2015-08,2015,8,31,28.335,31.194,26.126,34.516,224.0,2,3,0,31,30,0,9,0,0
shenzhen,2015-09,2015,9,30,27.337,30.127,25.307,32.493,112.1,0,0,0,25,28,0,0,0,0
shenzhen,2015-10,2015,10,31,24.842,28.0,22.477,27.874,117.5,0,0,0,5,9,0,0,0,0
shenzhen,2015-11,2015,11,30,23.123,26.593,20.433,24.743,12.9,0,0,1,2,2,3,0,0,0
shenzhen,2015-12,2015,12,31,16.945,19.861,14.597,15.868,93.4,0,0,5,0,0,14,0,2,1
shenzhen,2016-01,2016,1,31,14.942,17.371,12.706,13.719,228.4,0,0,9,0,0,14,0,6,1
shenzhen,2016-02,2016,2,29,14.479,17.959,11.607,12.683,38.6,0,0,16,0,0,22,0,9,1
shenzhen,2016-03,2016,3,31,18.116,21.484,15.3,18.326,167.9,0,0,7,0,0,10,0,2,0
shenzhen,2016-04,2016,4,30,24.293,27.183,22.233,27.797,222.2,0,0,0,3,7,0,0,0,0
shenzhen,2016-05,2016,5,31,26.3,29.09,24.126,30.816,269.8,0,0,0,16,24,0,0,0,0
shenzhen,2016-06,2016,6,30,28.287,30.887,26.377,34.533,306.5,0,0,0,30,29,0,3,0,0
shenzhen,2016-07,2016,7,31,28.865,31.645,26.716,35.068,160.7,2,6,0,31,31,0,10,0,0
shenzhen,2016-08,2016,8,31,28.11,30.987,26.165,34.2,404.8,1,5,0,29,30,0,10,0,0
shenzhen,2016-09,2016,9,30,27.157,29.883,25.13,32.15,255.4,0,1,0,25,27,0,1,0,0
shenzhen,2016-10,2016,10,31,25.694,28.697,23.435,29.348,225.9,0,0,0,15,17,0,0,0,0
shenzhen,2016-11,2016,11,30,20.553,23.77,17.903,21.36,134.6,0,0,3,0,2,7,0,0,0
shenzhen,2016-12,2016,12,31,17.916,21.252,15.084,16.952,7.2,0,0,6,0,0,11,0,1,1
shenzhen,2017-01,2017,1,31,17.129,21.329,14.048,16.235,9.3,0,0,10,0,0,15,0,0,1
shenzhen,2017-02,2017,2,28,15.954,20.579,12.489,14.514,37.1,0,0,10,0,0,17,0,8,1
shenzhen,2017-03,2017,3,31,19.168,22.787,16.31,19.21,67.3,0,0,2,0,0,8,0,0,0
shenzhen,2017-04,2017,4,30,22.063,25.713,19.163,24.09,97.0,0,0,0,1,5,2,0,0,0
shenzhen,2017-05,2017,5,31,24.935,28.116,22.658,28.661,127.5,0,0,0,5,14,0,0,0,0
shenzhen,2017-06,2017,6,30,27.473,30.033,25.667,32.85,513.2,0,0,0,28,27,0,1,0,0
shenzhen,2017-07,2017,7,31,27.235,30.123,25.348,32.497,202.9,0,3,0,31,29,0,4,0,0
shenzhen,2017-08,2017,8,31,28.019,30.913,25.955,33.581,249.5,0,2,0,29,28,0,6,0,0
shenzhen,2017-09,2017,9,30,27.573,30.663,25.44,33.167,174.2,0,2,0,30,29,0,4,0,0
shenzhen,2017-10,2017,10,31,23.935,27.761,21.061,25.932,105.2,0,0,0,10,12,1,0,0,0
shenzhen,2017-11,2017,11,30,20.293,24.007,17.563,20.517,19.2,0,0,1,0,0,7,0,0,0
shenzhen,2017-12,2017,12,31,16.174,20.571,12.587,13.713,0.8,0,0,11,0,0,20,0,7,1
shenzhen,2018-01,2018,1,31,14.561,18.135,11.577,12.661,42.9,0,0,16,0,0,17,0,11,1
shenzhen,2018-02,2018,2,28,15.246,19.989,11.625,13.661,8.2,0,0,13,0,0,17,0,10,1
shenzhen,2018-03,2018,3,31,19.974,24.671,16.503,20.245,30.6,0,0,5,0,0,6,0,1,0
shenzhen,2018-04,2018,4,30,22.547,27.01,19.407,24.27,103.0,0,0,1,0,3,3,0,0,0
shenzhen,2018-05,2018,5,31,26.671,29.984,24.248,31.19,179.7,0,3,0,20,25,0,4,0,0
shenzhen,2018-06,2018,6,30,26.963,29.617,24.997,31.813,428.8,0,0,0,24,26,0,2,0,0
shenzhen,2018-07,2018,7,31,27.435,30.135,25.545,32.668,178.0,0,0,0,29,27,0,1,0,0
shenzhen,2018-08,2018,8,31,27.055,29.587,25.306,32.606,524.1,0,0,0,31,23,0,1,0,0
shenzhen,2018-09,2018,9,30,26.34,29.49,23.96,30.923,325.0,0,1,0,18,21,0,1,0,0
shenzhen,2018-10,2018,10,31,22.919,26.51,19.984,24.597,70.9,0,0,0,0,0,0,0,0,0
shenzhen,2018-11,2018,11,30,21.307,24.947,18.407,22.253,58.8,0,0,0,0,0,2,0,0,0
shenzhen,2018-12,2018,12,31,16.21,19.987,13.119,15.297,22.3,0,0,14,0,0,18,0,10,1
shenzhen,2019-01,2019,1,31,16.239,20.768,12.529,15.274,20.1,0,0,13,0,0,18,0,7,1
shenzhen,2019-02,2019,2,28,19.368,23.604,16.207,19.789,59.4,0,0,5,0,0,6,0,0,1
shenzhen,2019-03,2019,3,31,19.81,23.442,17.042,20.794,207.8,0,0,0,0,0,4,0,0,0
shenzhen,2019-04,2019,4,30,23.643,26.973,21.247,26.627,205.2,0,0,0,2,7,0,0,0,0
shenzhen,2019-05,2019,5,31,24.481,27.2,22.523,28.065,344.6,0,0,0,10,13,0,0,0,0
shenzhen,2019-06,2019,6,30,27.373,29.993,25.507,32.81,280.4,0,0,0,27,27,0,0,0,0
shenzhen,2019-07,2019,7,31,27.919,30.4,26.126,33.61,193.6,0,2,0,30,30,0,2,0,0
shenzhen,2019-08,2019,8,31,27.735,30.523,25.545,33.432,375.9,0,3,0,30,28,0,6,0,0
shenzhen,2019-09,2019,9,30,26.753,30.52,23.68,31.173,131.2,0,1,0,14,20,0,3,0,0
shenzhen,2019-10,2019,10,31,25.061,29.203,21.929,27.668,60.4,0,1,0,8,10,0,2,0,0
shenzhen,2019-11,2019,11,30,21.6,27.117,17.23,21.353,0.0,0,0,0,0,0,5,0,0,0
shenzhen,2019-12,2019,12,31,17.8,22.858,13.865,16.352,12.3,0,0,11,0,0,14,0,2,1
shenzhen,2020-01,2020,1,31,17.058,21.881,13.529,16.074,24.8,0,0,10,0,0,13,0,5,1
shenzhen,2020-02,2020,2,29,17.224,21.71,13.948,16.621,51.6,0,0,7,0,0,13,0,3,1
shenzhen,2020-03,2020,3,31,20.735,24.765,17.797,21.694,69.8,0,0,0,0,0,2,0,0,0
shenzhen,2020-04,2020,4,30,20.757,24.697,17.563,21.817,69.3,0,0,0,0,1,2,0,0,0
shenzhen,2020-05,2020,5,31,26.465,29.89,24.087,31.116,345.3,0,0,0,22,26,0,3,0,0
shenzhen,2020-06,2020,6,30,27.697,30.457,25.897,33.037,248.4,0,0,0,30,28,0,0,0,0
shenzhen,2020-07,2020,7,31,28.971,32.348,26.781,34.097,76.7,0,10,0,31,30,0,19,0,0
shenzhen,2020-08,2020,8,31,27.29,30.09,25.355,32.832,373.4,0,1,0,29,27,0,1,0,0
shenzhen,2020-09,2020,9,30,26.62,29.28,24.773,31.877,367.6,0,0,0,24,26,0,2,0,0
shenzhen,2020-10,2020,10,31,23.361,26.968,20.484,24.739,119.2,0,0,0,1,3,0,0,0,0
shenzhen,2020-11,2020,11,30,21.69,26.043,18.277,22.027,12.3,0,0,0,0,1,3,0,0,0
shenzhen,2020-12,2020,12,31,16.126,20.932,12.052,14.0,5.3,0,0,16,0,0,21,0,9,1
shenzhen,2021-01,2021,1,31,14.671,19.819,10.461,12.145,1.2,0,0,19,0,0,25,0,13,1
shenzhen,2021-02,2021,2,28,18.279,23.525,14.421,17.957,50.6,0,0,3,0,0,8,0,0,1
shenzhen,2021-03,2021,3,31,20.868,24.887,17.887,21.819,32.5,0,0,0,0,0,3,0,0,0
shenzhen,2021-04,2021,4,30,23.287,27.11,20.58,25.21,77.2,0,0,0,0,4,0,0,0,0
shenzhen,2021-05,2021,5,31,27.465,30.874,24.952,32.113,147.7,0,3,0,24,30,0,4,0,0
shenzhen,2021-06,2021,6,30,27.29,29.743,25.473,32.54,323.1,0,0,0,28,27,0,0,0,0
shenzhen,2021-07,2021,7,31,28.142,31.11,25.971,33.906,189.4,1,3,0,31,28,0,9,0,0
shenzhen,2021-08,2021,8,31,27.245,29.887,25.452,32.945,344.2,0,0,0,30,30,0,0,0,0
shenzhen,2021-09,2021,9,30,27.81,31.133,25.36,33.67,98.6,0,1,0,30,30,0,3,0,0
shenzhen,2021-10,2021,10,31,23.703,26.858,21.129,25.855,339.9,0,0,0,5,7,0,0,0,0
shenzhen,2021-11,2021,11,30,20.46,25.127,16.553,20.177,9.2,0,0,0,0,0,11,0,0,0
shenzhen,2021-12,2021,12,31,16.555,21.048,12.697,14.961,46.6,0,0,11,0,0,22,0,4,1
shenzhen,2022-01,2022,1,31,16.413,20.848,12.932,15.665,29.6,0,0,11,0,0,17,0,2,1
shenzhen,2022-02,2022,2,28,13.282,17.061,10.371,11.593,161.3,0,0,20,0,0,23,0,12,1
shenzhen,2022-03,2022,3,31,20.323,24.574,17.187,21.465,177.5,0,0,2,0,1,2,0,0,0
shenzhen,2022-04,2022,4,30,22.21,26.693,18.963,23.91,48.0,0,0,0,4,6,4,0,0,0
shenzhen,2022-05,2022,5,31,23.574,26.842,21.281,26.539,393.3,0,0,0,5,8,0,0,0,0
shenzhen,2022-06,2022,6,30,26.76,29.367,24.937,31.573,295.7,0,0,0,26,20,0,0,0,0
shenzhen,2022-07,2022,7,31,28.532,31.835,26.045,34.052,239.7,0,10,0,29,27,0,11,0,0
shenzhen,2022-08,2022,8,31,27.339,30.403,25.177,32.732,318.4,0,4,0,26,26,0,6,0,0
shenzhen,2022-09,2022,9,30,27.713,31.907,24.447,31.68,67.2,0,9,0,17,28,0,11,0,0
shenzhen,2022-10,2022,10,31,24.655,29.177,21.084,25.384,40.5,0,1,0,5,9,0,2,0,0
shenzhen,2022-11,2022,11,30,21.99,24.973,19.81,23.993,208.4,0,0,0,0,1,1,0,0,0
shenzhen,2022-12,2022,12,31,13.258,17.287,9.929,10.768,26.1,0,0,27,0,0,30,0,12,1
shenzhen,2023-01,2023,1,31,14.887,18.952,11.542,13.123,41.7,0,0,17,0,0,21,0,11,1
shenzhen,2023-02,2023,2,28,17.943,23.057,14.221,17.225,15.2,0,0,6,0,0,10,0,2,1
shenzhen,2023-03,2023,3,31,20.297,24.819,17.135,20.526,70.2,0,0,0,0,0,3,0,0,0
shenzhen,2023-04,2023,4,30,22.693,26.227,20.1,24.927,149.5,0,0,0,0,2,0,0,0,0
shenzhen,2023-05,2023,5,31,25.426,28.771,22.926,29.355,133.0,0,2,0,13,17,0,3,0,0
shenzhen,2023-06,2023,6,30,27.277,30.423,24.99,32.737,277.3,0,1,0,29,27,0,2,0,0
shenzhen,2023-07,2023,7,31,28.41,31.774,25.755,33.842,218.1,0,6,0,30,30,0,11,0,0
shenzhen,2023-08,2023,8,31,27.671,31.213,25.158,33.277,237.8,0,2,0,29,31,0,2,0,0
shenzhen,2023-09,2023,9,30,26.643,29.807,24.463,31.653,485.5,0,0,0,25,24,0,2,0,0
shenzhen,2023-10,2023,10,31,24.045,27.497,21.326,26.629,216.9,0,1,0,4,8,0,3,0,0
shenzhen,2023-11,2023,11,30,21.36,26.02,17.56,22.073,7.3,0,0,1,0,2,5,0,0,0
shenzhen,2023-12,2023,12,31,17.377,22.455,13.242,16.148,5.0,0,0,12,0,0,14,0,10,1
guangzhou,2013-01,2013,1,31,14.016,18.545,10.426,12.397,6.6,0,0,20,0,0,25,0,9,1
guangzhou,2013-02,2013,2,28,17.889,21.989,14.754,17.932,26.7,0,0,5,0,0,12,0,1,1
guangzhou,2013-03,2013,3,31,20.506,24.981,16.832,21.613,251.4,0,0,5,0,0,6,0,0,0
guangzhou,2013-04,2013,4,30,21.767,25.323,19.163,23.99,288.3,0,0,1,0,4,2,0,0,0
guangzhou,2013-05,2013,5,31,25.552,29.094,23.116,30.187,435.2,0,0,0,18,22,0,0,0,0
guangzhou,2013-06,2013,6,30,27.657,30.98,25.177,32.933,293.0,0,3,0,25,25,0,2,0,0
guangzhou,2013-07,2013,7,31,27.387,30.855,25.165,32.732,243.7,0,2,0,31,29,0,2,0,0
guangzhou,2013-08,2013,8,31,27.768,31.068,25.468,33.429,404.0,0,5,0,29,27,0,2,0,0
guangzhou,2013-09,2013,9,30,26.807,30.457,24.083,31.3,221.6,0,2,0,18,25,0,1,0,0
guangzhou,2013-10,2013,10,31,24.035,28.594,20.281,25.168,1.8,0,0,0,0,5,2,0,0,0
guangzhou,2013-11,2013,11,30,19.75,23.923,16.287,19.5,65.1,0,0,4,0,1,8,0,1,0
guangzhou,2013-12,2013,12,31,12.739,17.877,8.703,9.965,136.0,0,0,25,0,0,29,0,15,1
guangzhou,2014-01,2014,1,31,14.355,20.248,9.219,12.481,3.0,0,0,26,0,0,27,0,12,1
guangzhou,2014-02,2014,2,28,14.082,18.357,10.511,12.704,51.4,0,0,16,0,0,17,0,11,1
guangzhou,2014-03,2014,3,31,18.687,22.658,15.765,19.248,221.1,0,0,2,0,0,9,0,0,0
guangzhou,2014-04,2014,4,30,23.347,26.86,20.723,26.05,159.1,0,0,0,0,3,0,0,0,0
guangzhou,2014-05,2014,5,31,25.69,28.887,23.506,30.484,527.4,0,2,0,19,20,0,0,0,0
guangzhou,2014-06,2014,6,30,28.587,32.13,26.027,34.767,281.7,0,8,0,30,30,0,6,0,0
guangzhou,2014-07,2014,7,31,28.981,32.558,26.206,35.235,154.9,0,11,0,31,30,0,8,0,0
guangzhou,2014-08,2014,8,31,28.432,32.0,25.839,34.694,229.1,0,4,0,31,31,0,3,0,0
guangzhou,2014-09,2014,9,30,27.89,31.583,25.083,33.237,93.1,0,6,0,23,27,0,3,0,0
guangzhou,2014-10,2014,10,31,25.039,29.723,21.161,27.274,6.8,0,0,0,4,8,0,0,0,0
guangzhou,2014-11,2014,11,30,20.91,24.597,18.023,21.643,44.1,0,0,0,0,1,0,0,0,0
guangzhou,2014-12,2014,12,31,13.529,17.71,10.171,10.819,36.7,0,0,20,0,0,29,0,10,1
guangzhou,2015-01,2015,1,31,14.674,19.694,10.687,13.074,59.4,0,0,22,0,0,25,0,5,1
guangzhou,2015-02,2015,2,28,17.493,21.964,14.086,17.193,43.1,0,0,12,0,0,12,0,2,1
guangzhou,2015-03,2015,3,31,19.877,23.626,17.265,20.794,68.3,0,0,2,0,0,7,0,0,0
guangzhou,2015-04,2015,4,30,22.873,27.437,19.033,24.723,103.0,0,1,0,1,8,2,0,0,0
guangzhou,2015-05,2015,5,31,26.09,29.4,24.09,31.174,746.1,0,1,0,26,23,0,1,0,0
guangzhou,2015-06,2015,6,30,28.61,32.16,26.043,34.507,252.7,0,8,0,30,30,0,4,0,0
guangzhou,2015-07,2015,7,31,28.226,31.852,25.794,33.694,306.5,0,11,0,27,28,0,8,0,0
guangzhou,2015-08,2015,8,31,28.426,31.958,25.806,34.39,261.6,1,7,0,31,31,0,4,0,0
guangzhou,2015-09,2015,9,30,27.273,30.77,24.713,32.54,127.2,0,0,0,26,29,0,0,0,0
guangzhou,2015-10,2015,10,31,24.21,28.116,21.106,26.877,112.0,0,0,0,3,8,0,0,0,0
guangzhou,2015-11,2015,11,30,21.637,25.763,18.567,22.933,27.0,0,0,2,0,2,4,0,0,0
guangzhou,2015-12,2015,12,31,15.252,18.61,12.797,13.99,174.3,0,0,9,0,0,19,0,3,1
guangzhou,2016-01,2016,1,31,13.887,16.894,11.413,12.694,301.6,0,0,16,0,0,24,0,6,1
guangzhou,2016-02,2016,2,29,13.497,17.538,10.197,11.583,40.3,0,0,23,0,0,24,0,7,1
guangzhou,2016-03,2016,3,31,17.445,21.416,13.929,17.832,215.9,0,0,13,0,0,13,0,3,0
guangzhou,2016-04,2016,4,30,24.41,27.91,22.127,27.9,387.8,0,0,0,2,7,0,0,0,0
guangzhou,2016-05,2016,5,31,26.232,29.877,23.577,30.513,258.2,0,0,0,14,22,0,0,0,0
guangzhou,2016-06,2016,6,30,28.157,31.447,25.783,34.25,367.9,0,8,0,30,29,0,4,0,0
guangzhou,2016-07,2016,7,31,28.981,32.503,26.223,35.161,227.7,1,14,0,31,31,0,10,0,0
guangzhou,2016-08,2016,8,31,28.258,31.694,25.855,34.2,415.4,0,10,0,29,30,0,8,0,0
guangzhou,2016-09,2016,9,30,27.11,30.65,24.657,31.837,145.3,0,1,0,24,27,0,1,0,0
guangzhou,2016-10,2016,10,31,25.49,28.952,22.803,28.694,161.3,0,0,0,11,18,0,0,0,0
guangzhou,2016-11,2016,11,30,19.59,23.3,16.55,20.387,69.6,0,0,6,0,1,10,0,0,0
guangzhou,2016-12,2016,12,31,16.877,21.348,13.332,15.823,5.4,0,0,11,0,0,17,0,2,1
guangzhou,2017-01,2017,1,31,16.229,20.113,12.755,14.913,31.8,0,0,17,0,0,22,0,0,1
guangzhou,2017-02,2017,2,28,15.632,20.446,11.561,13.975,54.8,0,0,14,0,0,16,0,7,1
guangzhou,2017-03,2017,3,31,18.552,22.539,15.623,18.345,117.6,0,0,2,0,0,10,0,0,0
guangzhou,2017-04,2017,4,30,22.197,26.27,18.643,23.603,234.7,0,0,1,1,4,2,0,0,0
guangzhou,2017-05,2017,5,31,25.374,28.706,22.735,28.919,251.3,0,0,0,4,14,0,0,0,0
guangzhou,2017-06,2017,6,30,27.827,30.867,25.653,33.153,370.1,0,1,0,29,28,0,0,0,0
guangzhou,2017-07,2017,7,31,27.674,30.939,25.374,32.848,370.9,0,5,0,31,29,0,3,0,0
guangzhou,2017-08,2017,8,31,28.542,31.813,26.052,34.052,286.1,0,6,0,28,29,0,4,0,0
guangzhou,2017-09,2017,9,30,28.02,31.24,25.527,33.657,242.8,0,2,0,29,30,0,2,0,0
guangzhou,2017-10,2017,10,31,24.01,28.058,20.874,25.21,68.5,0,0,0,9,11,1,0,0,0
guangzhou,2017-11,2017,11,30,19.353,22.39,16.72,18.77,43.8,0,0,4,0,0,9,0,0,0
guangzhou,2017-12,2017,12,31,14.881,18.923,11.581,11.784,4.2,0,0,14,0,0,27,0,5,1
guangzhou,2018-01,2018,1,31,14.09,18.174,10.61,12.006,75.1,0,0,18,0,0,21,0,10,1
guangzhou,2018-02,2018,2,28,14.607,19.621,10.518,12.607,13.9,0,0,16,0,0,18,0,10,1
guangzhou,2018-03,2018,3,31,19.935,24.771,15.977,20.171,65.4,0,0,5,0,0,10,0,1,0
guangzhou,2018-04,2018,4,30,22.453,26.74,18.623,23.757,64.1,0,0,2,0,2,4,0,0,0
guangzhou,2018-05,2018,5,31,27.187,30.771,24.274,31.581,182.9,0,5,0,21,23,0,2,0,0
guangzhou,2018-06,2018,6,30,27.4,30.583,24.973,32.177,559.7,0,2,0,25,28,0,1,0,0
guangzhou,2018-07,2018,7,31,28.232,31.461,25.874,33.6,223.7,0,4,0,31,30,0,1,0,0
guangzhou,2018-08,2018,8,31,27.723,30.735,25.635,33.394,537.5,0,1,0,31,29,0,0,0,0
guangzhou,2018-09,2018,9,30,26.807,30.003,24.153,30.917,288.0,0,1,0,19,23,0,1,0,0
guangzhou,2018-10,2018,10,31,22.761,26.468,19.513,23.539,68.5,0,0,0,0,1,0,0,0,0
guangzhou,2018-11,2018,11,30,20.513,24.403,17.177,21.01,40.0,0,0,0,0,0,3,0,0,0
guangzhou,2018-12,2018,12,31,15.323,19.061,12.097,13.494,35.4,0,0,15,0,0,18,0,7,1
guangzhou,2019-01,2019,1,31,15.029,19.503,11.261,13.219,14.0,0,0,16,0,0,25,0,5,1
guangzhou,2019-02,2019,2,28,18.039,22.4,14.639,17.971,157.4,0,0,7,0,0,11,0,0,1
guangzhou,2019-03,2019,3,31,19.574,23.597,16.335,20.068,249.0,0,0,3,0,0,7,0,0,0
guangzhou,2019-04,2019,4,30,23.863,27.71,21.037,26.75,379.2,0,0,0,2,11,0,0,0,0
guangzhou,2019-05,2019,5,31,24.923,28.132,22.61,28.523,342.9,0,1,0,10,16,0,1,0,0
guangzhou,2019-06,2019,6,30,27.943,31.003,25.65,33.323,360.8,0,3,0,26,30,0,2,0,0
guangzhou,2019-07,2019,7,31,28.6,31.694,26.248,34.329,241.2,1,6,0,31,31,0,4,0,0
guangzhou,2019-08,2019,8,31,28.484,31.71,25.926,34.455,444.7,0,6,0,29,30,0,4,0,0
guangzhou,2019-09,2019,9,30,27.087,31.037,23.673,30.943,173.8,0,2,0,16,23,0,0,0,0
guangzhou,2019-10,2019,10,31,25.555,29.871,21.765,27.268,20.4,0,3,0,7,12,0,1,0,0
guangzhou,2019-11,2019,11,30,21.303,26.677,16.587,20.003,0.0,0,0,3,0,0,8,0,0,0
guangzhou,2019-12,2019,12,31,17.152,22.355,12.642,14.887,6.8,0,0,15,0,0,19,0,0,1
guangzhou,2020-01,2020,1,31,16.9,22.132,12.5,15.342,32.9,0,0,13,0,0,18,0,5,1
guangzhou,2020-02,2020,2,29,17.107,21.89,12.955,16.348,63.5,0,0,11,0,0,17,0,3,1
guangzhou,2020-03,2020,3,31,20.568,24.326,17.548,21.042,143.4,0,0,1,0,0,4,0,0,0
guangzhou,2020-04,2020,4,30,20.593,24.96,16.97,21.417,126.4,0,0,0,0,3,2,0,0,0
guangzhou,2020-05,2020,5,31,27.216,31.184,24.413,31.674,393.9,0,6,0,20,29,0,5,0,0
guangzhou,2020-06,2020,6,30,28.223,31.523,25.683,33.327,388.7,0,7,0,30,29,0,3,0,0
guangzhou,2020-07,2020,7,31,30.248,34.361,26.939,34.916,92.1,3,23,0,31,31,0,21,0,0
guangzhou,2020-08,2020,8,31,27.981,31.248,25.519,33.384,290.4,0,7,0,30,28,0,4,0,0
guangzhou,2020-09,2020,9,30,27.02,30.203,24.793,32.28,367.1,0,3,0,25,26,0,3,0,0
guangzhou,2020-10,2020,10,31,23.423,27.239,20.213,23.9,62.4,0,0,0,1,3,0,0,0,0
guangzhou,2020-11,2020,11,30,21.843,26.553,18.047,21.163,6.6,0,0,3,0,0,4,0,0,0
guangzhou,2020-12,2020,12,31,14.932,19.706,10.99,11.768,10.7,0,0,19,0,0,25,0,7,1
guangzhou,2021-01,2021,1,31,14.423,19.597,9.703,11.223,6.9,0,0,20,0,0,25,0,12,1
guangzhou,2021-02,2021,2,28,19.107,24.307,14.271,18.514,64.8,0,0,4,0,0,9,0,0,1
guangzhou,2021-03,2021,3,31,21.216,25.694,17.829,21.745,54.4,0,1,0,0,2,4,0,0,0
guangzhou,2021-04,2021,4,30,23.687,27.673,20.433,25.503,166.3,0,3,0,0,5,0,3,0,0
guangzhou,2021-05,2021,5,31,28.019,32.106,24.784,32.477,210.3,0,13,0,24,29,0,8,0,0
guangzhou,2021-06,2021,6,30,27.877,30.877,25.667,33.11,382.2,0,3,0,27,28,0,3,0,0
guangzhou,2021-07,2021,7,31,29.161,32.519,26.381,34.735,181.0,2,12,0,31,29,0,8,0,0
guangzhou,2021-08,2021,8,31,28.01,31.206,25.71,33.865,348.2,0,0,0,30,31,0,0,0,0
guangzhou,2021-09,2021,9,30,28.51,32.1,25.62,34.427,154.8,0,7,0,30,30,0,3,0,0
guangzhou,2021-10,2021,10,31,23.355,26.852,20.552,24.639,335.4,0,2,0,6,7,1,1,0,0
guangzhou,2021-11,2021,11,30,19.583,24.353,15.72,18.52,15.9,0,0,3,0,1,13,0,0,0
guangzhou,2021-12,2021,12,31,15.684,20.355,11.694,13.21,66.1,0,0,16,0,0,24,0,3,1
guangzhou,2022-01,2022,1,31,15.435,19.926,11.916,14.087,24.9,0,0,15,0,0,23,0,3,1
guangzhou,2022-02,2022,2,28,12.079,15.882,9.193,9.639,226.1,0,0,22,0,0,25,0,9,1
guangzhou,2022-03,2022,3,31,20.594,25.006,16.674,21.432,173.1,0,0,2,0,1,5,0,0,0
guangzhou,2022-04,2022,4,30,22.19,26.813,18.313,23.537,74.6,0,0,1,2,6,5,0,0,0
guangzhou,2022-05,2022,5,31,23.955,27.684,20.877,26.981,440.0,0,0,0,6,12,1,0,0,0
guangzhou,2022-06,2022,6,30,27.1,30.387,24.843,31.867,560.1,0,1,0,26,25,0,0,0,0
guangzhou,2022-07,2022,7,31,29.335,33.042,26.232,34.716,296.8,1,16,0,29,28,0,12,0,0
guangzhou,2022-08,2022,8,31,27.974,31.4,25.355,33.2,321.2,0,7,0,25,28,0,5,0,0
guangzhou,2022-09,2022,9,30,28.19,32.587,24.707,32.243,122.5,0,12,0,20,29,0,9,0,0
guangzhou,2022-10,2022,10,31,25.013,29.997,20.79,24.923,22.8,0,2,0,5,6,0,1,0,0
guangzhou,2022-11,2022,11,30,22.123,25.543,19.597,23.757,167.1,0,0,0,0,1,1,0,0,0
guangzhou,2022-12,2022,12,31,12.945,17.077,9.539,9.294,11.0,0,0,28,0,0,31,0,9,1
guangzhou,2023-01,2023,1,31,14.235,18.387,10.819,11.768,51.4,0,0,19,0,0,23,0,10,1
guangzhou,2023-02,2023,2,28,17.821,22.661,13.954,17.082,42.8,0,0,9,0,0,13,0,2,1
guangzhou,2023-03,2023,3,31,20.529,25.026,16.752,20.552,173.4,0,0,0,0,0,6,0,0,0
guangzhou,2023-04,2023,4,30,22.707,26.433,19.68,24.397,179.2,0,0,0,0,3,0,0,0,0
guangzhou,2023-05,2023,5,31,25.735,29.39,22.7,29.342,207.8,1,3,0,10,18,0,2,0,0
guangzhou,2023-06,2023,6,30,27.743,31.397,25.07,33.087,322.3,0,6,0,28,30,0,2,0,0
guangzhou,2023-07,2023,7,31,29.197,33.01,26.084,34.429,197.8,1,19,0,30,30,0,15,0,0
guangzhou,2023-08,2023,8,31,28.197,31.7,25.616,33.794,317.4,0,7,0,28,29,0,2,0,0
guangzhou,2023-09,2023,9,30,27.037,30.243,24.663,31.947,587.3,0,0,0,23,25,0,0,0,0
guangzhou,2023-10,2023,10,31,24.161,27.665,21.31,26.277,193.9,0,0,0,3,9,0,0,0,0
guangzhou,2023-11,2023,11,30,20.853,25.233,17.11,21.27,17.5,0,0,1,0,0,8,0,0,0
guangzhou,2023-12,2023,12,31,15.784,20.465,11.968,13.935,24.4,0,0,13,0,0,19,0,9,1
taipei,2013-01,2013,1,31,15.626,18.006,13.594,15.029,75.7,0,0,4,0,0,15,0,4,1
taipei,2013-02,2013,2,28,18.132,20.836,15.754,18.882,42.0,0,0,0,0,0,4,0,0,1
taipei,2013-03,2013,3,31,18.848,22.377,15.694,19.829,54.5,0,0,2,0,0,5,0,2,0
taipei,2013-04,2013,4,30,20.573,23.497,17.967,22.537,228.5,0,0,0,0,4,1,0,0,0
taipei,2013-05,2013,5,31,24.79,27.526,22.516,29.368,245.0,0,0,0,13,17,0,0,0,0
taipei,2013-06,2013,6,30,28.027,30.783,25.707,34.393,155.9,0,4,0,30,29,0,1,0,0
taipei,2013-07,2013,7,31,28.316,30.916,26.045,34.755,354.9,0,0,0,29,31,0,0,0,0
taipei,2013-08,2013,8,31,28.348,30.829,26.258,34.739,580.6,0,4,0,31,31,0,0,0,0
taipei,2013-09,2013,9,30,26.183,28.66,24.117,30.417,193.6,0,0,0,17,15,0,0,0,0
taipei,2013-10,2013,10,31,23.023,24.881,21.474,25.194,231.7,0,0,0,4,3,0,0,0,0
taipei,2013-11,2013,11,30,19.997,22.483,18.003,21.16,134.4,0,0,3,0,3,3,0,3,0
taipei,2013-12,2013,12,31,15.6,17.561,13.881,14.8,133.6,0,0,6,0,0,15,0,6,1
taipei,2014-01,2014,1,31,15.139,18.377,12.397,14.039,39.4,0,0,11,0,0,19,0,11,1
taipei,2014-02,2014,2,28,15.539,18.264,13.036,15.261,121.8,0,0,10,0,0,11,0,10,1
taipei,2014-03,2014,3,31,17.79,20.974,14.948,18.294,104.9,0,0,3,0,2,10,0,3,0
taipei,2014-04,2014,4,30,21.253,24.143,18.713,23.643,66.3,0,0,0,0,2,0,0,0,0
taipei,2014-05,2014,5,31,24.626,27.468,22.3,29.219,324.8,0,0,0,13,17,0,0,0,0
taipei,2014-06,2014,6,30,27.067,29.233,25.317,33.17,252.0,0,0,0,27,24,0,0,0,0
taipei,2014-07,2014,7,31,28.929,31.555,26.713,35.577,297.8,1,3,0,30,31,0,1,0,0
taipei,2014-08,2014,8,31,28.665,31.226,26.581,35.471,201.1,0,2,0,31,31,0,1,0,0
taipei,2014-09,2014,9,30,27.897,30.573,25.73,33.807,136.4,0,1,0,29,29,0,0,0,0
taipei,2014-10,2014,10,31,23.216,25.665,21.203,25.371,144.7,0,0,0,1,2,0,0,0,0
taipei,2014-11,2014,11,30,20.953,23.257,19.013,22.533,90.7,0,0,0,0,1,0,0,0,0
taipei,2014-12,2014,12,31,15.358,17.639,13.394,14.197,115.2,0,0,8,0,0,16,0,8,1
taipei,2015-01,2015,1,31,15.194,17.584,13.097,14.065,29.8,0,0,8,0,0,18,0,8,1
taipei,2015-02,2015,2,28,16.207,19.043,13.868,16.075,48.4,0,0,8,0,0,12,0,8,1
taipei,2015-03,2015,3,31,18.384,21.274,15.9,19.419,151.7,0,0,1,0,1,4,0,1,0
taipei,2015-04,2015,4,30,21.48,24.57,18.577,24.09,132.8,0,0,0,0,11,1,0,0,0
taipei,2015-05,2015,5,31,25.277,28.287,22.794,30.081,232.8,0,1,0,12,22,0,0,0,0
taipei,2015-06,2015,6,30,28.88,31.763,26.253,35.503,111.6,1,7,0,30,30,0,4,0,0
taipei,2015-07,2015,7,31,28.8,31.497,26.423,34.945,215.7,0,5,0,31,30,0,2,0,0
taipei,2015-08,2015,8,31,27.558,29.861,25.732,33.216,659.8,0,0,0,29,28,0,0,0,0
taipei,2015-09,2015,9,30,25.993,28.407,23.957,30.53,268.1,0,0,0,17,15,0,0,0,0
taipei,2015-10,2015,10,31,24.061,26.0,22.561,27.106,142.2,0,0,0,5,6,0,0,0,0
taipei,2015-11,2015,11,30,22.087,24.433,20.27,24.617,91.9,0,0,0,0,6,2,0,0,0
taipei,2015-12,2015,12,31,17.939,19.671,16.41,18.226,92.4,0,0,3,0,0,3,0,3,1
taipei,2016-01,2016,1,31,15.774,17.942,13.881,15.674,189.1,0,0,5,0,0,8,0,5,1
taipei,2016-02,2016,2,29,14.555,17.138,12.283,13.734,61.4,0,0,11,0,0,17,0,11,1
taipei,2016-03,2016,3,31,16.923,20.013,14.135,17.4,166.7,0,0,11,0,0,14,0,11,0
taipei,2016-04,2016,4,30,22.73,26.117,19.863,26.43,191.5,0,0,0,0,9,0,0,0,0
taipei,2016-05,2016,5,31,25.674,28.61,23.184,30.774,145.5,0,0,0,15,23,0,0,0,0
taipei,2016-06,2016,6,30,28.39,31.003,26.053,35.123,181.9,0,3,0,30,30,0,1,0,0
taipei,2016-07,2016,7,31,28.968,31.645,26.61,35.635,214.1,0,3,0,31,30,0,2,0,0
taipei,2016-08,2016,8,31,28.487,31.168,26.265,34.629,99.9,0,1,0,28,30,0,0,0,0
taipei,2016-09,2016,9,30,26.607,28.663,25.073,31.593,536.5,0,0,0,20,19,0,0,0,0
taipei,2016-10,2016,10,31,25.713,27.929,24.139,30.152,278.5,0,0,0,21,14,0,0,0,0
taipei,2016-11,2016,11,30,21.74,23.88,19.973,23.71,121.2,0,0,0,0,3,0,0,0,0
taipei,2016-12,2016,12,31,18.842,21.152,16.868,19.252,54.8,0,0,0,0,0,4,0,0,1
taipei,2017-01,2017,1,31,17.69,20.652,15.452,17.235,15.5,0,0,2,0,0,8,0,2,1
taipei,2017-02,2017,2,28,16.15,19.418,13.532,14.986,80.2,0,0,5,0,0,14,0,5,1
taipei,2017-03,2017,3,31,17.616,21.142,14.861,17.61,90.3,0,0,2,0,0,8,0,2,0
taipei,2017-04,2017,4,30,21.22,25.263,17.54,22.893,213.5,0,0,2,0,6,4,0,2,0
taipei,2017-05,2017,5,31,24.481,27.91,21.765,27.748,216.1,0,0,0,0,15,0,0,0,0
taipei,2017-06,2017,6,30,27.03,30.277,24.183,32.517,699.3,0,0,0,23,23,0,0,0,0
taipei,2017-07,2017,7,31,28.906,32.752,25.674,34.735,149.7,0,11,0,29,31,0,6,0,0
taipei,2017-08,2017,8,31,29.148,33.003,25.913,34.823,46.7,0,19,0,31,31,0,12,0,0
taipei,2017-09,2017,9,30,28.653,32.72,25.527,33.547,67.7,0,15,0,27,26,0,10,0,0
taipei,2017-10,2017,10,31,25.023,27.758,23.058,27.371,121.2,0,3,0,15,10,0,3,0,0
taipei,2017-11,2017,11,30,22.05,24.42,20.137,23.52,93.5,0,0,0,0,4,0,0,0,0
taipei,2017-12,2017,12,31,17.284,19.242,15.584,16.232,29.6,0,0,0,0,0,8,0,0,1
taipei,2018-01,2018,1,31,16.187,18.658,13.868,15.2,113.6,0,0,9,0,0,11,0,9,1
taipei,2018-02,2018,2,28,15.214,18.039,12.664,14.561,95.8,0,0,13,0,0,13,0,13,1
taipei,2018-03,2018,3,31,19.339,23.668,15.616,19.535,38.9,0,0,7,0,0,8,0,7,0
taipei,2018-04,2018,4,30,22.26,26.753,18.387,23.69,112.9,0,0,0,0,8,2,0,0,0
taipei,2018-05,2018,5,31,26.532,30.948,22.69,30.632,54.5,0,7,0,13,26,0,6,0,0
taipei,2018-06,2018,6,30,27.293,30.743,24.467,32.157,163.5,0,2,0,22,24,0,0,0,0
taipei,2018-07,2018,7,31,28.355,31.723,25.368,33.355,186.7,0,4,0,30,31,0,0,0,0
taipei,2018-08,2018,8,31,28.213,31.71,25.452,34.003,167.6,0,6,0,31,31,0,3,0,0
taipei,2018-09,2018,9,30,26.913,30.187,24.443,31.297,134.8,0,3,0,19,21,0,0,0,0
taipei,2018-10,2018,10,31,22.426,25.229,19.955,24.023,161.6,0,0,0,0,0,0,0,0,0
taipei,2018-11,2018,11,30,21.817,24.563,19.793,23.42,67.8,0,0,0,0,1,0,0,0,0
taipei,2018-12,2018,12,31,18.806,21.835,16.374,19.01,70.6,0,0,2,0,0,5,0,2,1
taipei,2019-01,2019,1,31,17.581,20.423,15.342,17.313,66.6,0,0,3,0,0,7,0,3,1
taipei,2019-02,2019,2,28,18.218,21.364,15.789,18.707,57.7,0,0,0,0,0,1,0,0,1
taipei,2019-03,2019,3,31,19.006,22.226,16.029,19.555,197.7,0,0,0,0,1,3,0,0,0
taipei,2019-04,2019,4,30,22.967,27.023,19.897,25.697,152.6,0,0,0,0,11,0,0,0,0
taipei,2019-05,2019,5,31,24.142,27.306,21.687,27.087,256.6,0,0,0,5,12,0,0,0,0
taipei,2019-06,2019,6,30,26.98,30.133,24.103,32.233,317.6,0,2,0,21,22,0,0,0,0
taipei,2019-07,2019,7,31,28.806,32.674,25.687,34.69,143.7,0,10,0,31,31,0,4,0,0
taipei,2019-08,2019,8,31,28.571,31.945,25.923,33.694,210.2,0,7,0,30,30,0,1,0,0
taipei,2019-09,2019,9,30,26.237,29.237,23.94,30.123,268.6,0,0,0,14,16,0,0,0,0
taipei,2019-10,2019,10,31,23.845,27.087,21.197,26.061,116.3,0,0,0,0,7,0,0,0,0
taipei,2019-11,2019,11,30,21.19,24.153,18.91,21.567,39.8,0,0,0,0,0,0,0,0,0
taipei,2019-12,2019,12,31,18.123,21.145,15.758,18.123,124.1,0,0,1,0,0,3,0,1,1
taipei,2020-01,2020,1,31,16.8,20.016,14.242,16.548,49.0,0,0,3,0,0,5,0,3,1
taipei,2020-02,2020,2,29,17.507,21.728,13.814,17.386,47.0,0,0,8,0,0,9,0,8,1
taipei,2020-03,2020,3,31,19.629,23.542,16.342,20.5,106.2,0,0,1,0,3,2,0,1,0
taipei,2020-04,2020,4,30,19.697,23.207,16.573,20.25,124.2,0,0,2,0,1,3,0,2,0
taipei,2020-05,2020,5,31,25.642,29.177,22.668,30.032,382.7,0,1,0,4,19,0,0,0,0
taipei,2020-06,2020,6,30,28.603,32.807,24.71,34.113,73.9,0,13,0,27,30,0,11,0,0
taipei,2020-07,2020,7,31,30.148,34.584,26.345,35.723,90.6,0,28,0,31,31,0,25,0,0
taipei,2020-08,2020,8,31,28.803,32.642,25.684,33.997,214.5,0,16,0,31,31,0,10,0,0
taipei,2020-09,2020,9,30,26.66,30.117,23.973,31.217,164.8,0,6,0,17,20,0,4,0,0
taipei,2020-10,2020,10,31,23.784,26.255,21.91,25.365,83.2,0,0,0,0,2,0,0,0,0
taipei,2020-11,2020,11,30,22.357,25.033,20.287,23.243,43.8,0,0,0,0,5,0,0,0,0
taipei,2020-12,2020,12,31,17.642,19.429,16.226,17.561,135.0,0,0,2,0,0,2,0,2,1
taipei,2021-01,2021,1,31,14.984,18.042,12.168,13.803,54.6,0,0,14,0,0,21,0,14,1
taipei,2021-02,2021,2,28,18.054,22.093,14.7,17.868,51.6,0,0,4,0,0,7,0,4,1
taipei,2021-03,2021,3,31,19.787,23.768,16.474,20.839,62.3,0,0,1,0,3,3,0,1,0
taipei,2021-04,2021,4,30,21.543,25.083,18.687,22.733,59.7,0,0,0,0,5,1,0,0,0
taipei,2021-05,2021,5,31,27.197,32.019,23.223,31.816,143.5,0,15,0,15,27,0,10,0,0
taipei,2021-06,2021,6,30,28.23,31.803,25.177,33.353,321.5,0,8,0,27,27,0,4,0,0
taipei,2021-07,2021,7,31,29.103,33.003,25.99,34.629,176.5,0,21,0,31,30,0,13,0,0
taipei,2021-08,2021,8,31,28.045,31.506,25.352,33.955,270.9,0,2,0,30,31,0,0,0,0
taipei,2021-09,2021,9,30,28.213,32.297,24.997,33.023,85.9,0,11,0,26,29,0,4,0,0
taipei,2021-10,2021,10,31,24.871,27.903,22.81,27.129,139.1,0,0,0,10,13,0,0,0,0
taipei,2021-11,2021,11,30,20.757,23.817,18.303,21.59,65.1,0,0,1,0,1,1,0,1,0
taipei,2021-12,2021,12,31,17.558,20.297,15.21,17.126,47.0,0,0,3,0,0,10,0,3,1
taipei,2022-01,2022,1,31,16.877,19.319,15.068,16.445,91.6,0,0,3,0,0,6,0,3,1
taipei,2022-02,2022,2,28,16.036,18.339,14.139,15.471,174.1,0,0,2,0,0,8,0,2,1
taipei,2022-03,2022,3,31,20.268,24.265,16.548,21.226,159.6,0,0,2,0,2,4,0,2,0
taipei,2022-04,2022,4,30,21.783,25.54,18.41,23.53,100.5,0,0,0,0,12,0,0,0,0
taipei,2022-05,2022,5,31,23.3,26.242,20.942,26.429,369.2,0,0,0,2,10,0,0,0,0
taipei,2022-06,2022,6,30,27.073,30.963,23.91,32.267,251.5,0,3,0,20,26,0,0,0,0
taipei,2022-07,2022,7,31,29.361,33.655,25.539,35.419,121.3,0,20,0,31,31,0,18,0,0
taipei,2022-08,2022,8,31,30.097,34.974,26.013,35.426,63.7,1,29,0,31,31,0,24,0,0
taipei,2022-09,2022,9,30,26.007,29.177,23.333,29.877,473.2,0,0,0,9,18,0,0,0,0
taipei,2022-10,2022,10,31,23.784,26.219,21.832,25.626,234.3,0,2,0,2,4,0,0,0,0
taipei,2022-11,2022,11,30,23.057,25.827,21.077,25.33,94.1,0,0,0,0,4,0,0,0,0
taipei,2022-12,2022,12,31,16.384,18.403,14.545,15.894,98.0,0,0,9,0,0,10,0,9,1
taipei,2023-01,2023,1,31,16.184,19.21,13.413,15.465,30.6,0,0,9,0,0,11,0,9,1
taipei,2023-02,2023,2,28,16.811,20.118,14.418,16.425,63.0,0,0,4,0,0,10,0,4,1
taipei,2023-03,2023,3,31,18.571,22.732,15.258,18.861,39.7,0,0,4,0,2,8,0,4,0
taipei,2023-04,2023,4,30,21.75,25.82,18.13,23.283,64.0,0,0,0,0,6,0,0,0,0
taipei,2023-05,2023,5,31,24.687,28.523,21.377,27.748,194.2,0,2,0,4,15,0,0,0,0
taipei,2023-06,2023,6,30,27.577,31.373,24.513,32.963,190.0,0,6,0,26,29,0,2,0,0
taipei,2023-07,2023,7,31,29.481,33.984,25.665,34.674,102.0,0,25,0,28,29,0,22,0,0
taipei,2023-08,2023,8,31,28.487,32.448,25.506,33.735,245.0,2,12,0,29,30,0,5,0,0
taipei,2023-09,2023,9,30,27.69,31.713,24.453,32.163,119.7,0,4,0,23,27,0,3,0,0
taipei,2023-10,2023,10,31,24.494,27.639,22.148,27.026,161.8,0,0,0,4,6,0,0,0,0
taipei,2023-11,2023,11,30,21.54,25.57,18.267,22.2,17.9,0,0,3,0,6,3,0,3,0
taipei,2023-12,2023,12,31,18.006,21.345,15.268,18.274,78.0,0,0,3,0,1,9,0,3,1
naha,2013-01,2013,1,31,17.626,18.952,16.377,13.71,98.7,0,0,0,0,0,17,0,5,1
naha,2013-02,2013,2,28,18.911,20.093,17.679,16.236,82.6,0,0,0,0,0,7,0,0,1
naha,2013-03,2013,3,31,20.265,21.542,18.958,19.158,165.9,0,0,0,0,0,4,0,0,0
naha,2013-04,2013,4,30,20.803,21.913,19.57,19.653,333.5,0,0,0,0,0,4,0,0,0
naha,2013-05,2013,5,31,23.574,24.529,22.69,25.094,333.7,0,0,0,4,4,0,0,0,0
naha,2013-06,2013,6,30,27.22,28.133,26.353,30.757,78.8,0,0,0,21,18,0,0,0,0
naha,2013-07,2013,7,31,28.452,29.555,27.484,32.3,8.7,3,0,0,29,27,0,0,0,0
naha,2013-08,2013,8,31,28.948,30.003,28.0,33.126,41.1,18,0,0,30,27,0,9,0,0
naha,2013-09,2013,9,30,27.793,28.827,26.84,29.863,75.5,1,0,0,15,9,0,0,0,0
naha,2013-10,2013,10,31,25.377,26.106,24.548,24.21,173.1,0,0,0,4,1,0,0,0,0
naha,2013-11,2013,11,30,21.493,22.523,20.47,19.853,80.2,0,0,0,0,0,3,0,0,0
naha,2013-12,2013,12,31,17.952,18.935,17.035,14.239,107.5,0,0,0,0,0,12,0,3,1
naha,2014-01,2014,1,31,17.3,18.561,16.171,13.477,61.3,0,0,0,0,0,18,0,4,1
naha,2014-02,2014,2,28,18.118,19.25,16.961,15.075,150.2,0,0,0,0,0,13,0,3,1
naha,2014-03,2014,3,31,18.487,19.777,17.077,15.694,114.3,0,0,0,0,0,14,0,5,0
naha,2014-04,2014,4,30,20.773,21.95,19.587,19.623,163.0,0,0,0,0,0,1,0,0,0
naha,2014-05,2014,5,31,23.565,24.555,22.497,24.587,302.5,0,0,0,0,1,0,0,0,0
naha,2014-06,2014,6,30,26.463,27.323,25.483,29.773,320.5,2,0,0,17,13,0,0,0,0
naha,2014-07,2014,7,31,28.548,29.487,27.661,32.239,224.7,10,0,0,27,26,0,0,0,0
naha,2014-08,2014,8,31,28.261,29.216,27.197,32.461,156.2,2,0,0,28,25,0,0,0,0
naha,2014-09,2014,9,30,28.167,29.06,27.127,31.897,113.1,3,0,0,28,19,0,0,0,0
naha,2014-10,2014,10,31,25.181,25.939,24.326,24.335,267.8,0,0,0,1,1,0,0,0,0
naha,2014-11,2014,11,30,22.587,23.29,21.833,20.917,41.6,0,0,0,1,0,0,0,0,0
naha,2014-12,2014,12,31,17.894,19.158,16.648,13.584,107.5,0,0,0,0,0,20,0,2,1
naha,2015-01,2015,1,31,16.813,17.797,15.752,12.639,43.6,0,0,0,0,0,22,0,8,1
naha,2015-02,2015,2,28,16.882,18.064,15.636,13.786,61.5,0,0,1,0,0,15,0,11,1
naha,2015-03,2015,3,31,19.013,20.174,17.819,16.755,96.9,0,0,0,0,0,10,0,3,0
naha,2015-04,2015,4,30,21.84,22.933,20.797,21.83,246.1,0,0,0,0,0,2,0,0,0
naha,2015-05,2015,5,31,24.419,25.51,23.2,26.648,182.0,0,0,0,4,3,0,0,0,0
naha,2015-06,2015,6,30,27.757,28.573,26.987,31.663,86.0,5,0,0,27,22,0,0,0,0
naha,2015-07,2015,7,31,28.19,29.052,27.252,31.094,299.4,5,0,0,23,19,0,0,0,0
naha,2015-08,2015,8,31,28.077,28.948,27.19,31.206,186.5,4,0,0,27,23,0,0,0,0
naha,2015-09,2015,9,30,27.107,27.99,26.05,29.787,71.4,0,0,0,18,9,0,0,0,0
naha,2015-10,2015,10,31,25.284,26.01,24.494,25.219,125.5,0,0,0,3,1,0,0,0,0
naha,2015-11,2015,11,30,23.74,24.583,22.717,23.337,65.2,0,0,0,0,0,2,0,0,0
naha,2015-12,2015,12,31,20.416,21.361,19.374,17.665,115.3,0,0,0,0,0,5,0,0,1
naha,2016-01,2016,1,31,18.1,19.445,16.79,14.758,279.4,0,0,2,0,0,14,0,7,1
naha,2016-02,2016,2,29,17.148,18.531,15.697,12.966,110.9,0,0,0,0,0,19,0,11,1
naha,2016-03,2016,3,31,18.9,20.0,17.623,16.481,140.3,0,0,0,0,0,11,0,4,0
naha,2016-04,2016,4,30,22.61,23.697,21.567,23.527,197.7,0,0,0,0,0,0,0,0,0
naha,2016-05,2016,5,31,25.084,26.171,23.945,27.916,291.0,0,0,0,11,9,0,0,0,0
naha,2016-06,2016,6,30,27.71,28.603,26.863,31.793,209.5,3,0,0,25,20,0,0,0,0
naha,2016-07,2016,7,31,28.89,29.839,27.89,33.116,104.5,14,0,0,29,25,0,2,0,0
naha,2016-08,2016,8,31,28.877,29.819,27.865,33.074,140.0,13,0,0,27,24,0,6,0,0
naha,2016-09,2016,9,30,27.837,28.69,26.97,30.653,256.9,0,0,0,21,14,0,0,0,0
naha,2016-10,2016,10,31,27.184,28.006,26.3,30.026,172.8,0,0,0,21,14,0,0,0,0
naha,2016-11,2016,11,30,23.697,24.66,22.75,22.713,81.8,0,0,0,0,0,0,0,0,0
naha,2016-12,2016,12,31,21.029,22.026,19.948,18.252,26.8,0,0,0,0,0,8,0,0,1
naha,2017-01,2017,1,31,18.194,20.0,16.581,16.352,78.9,0,0,0,0,0,12,0,8,1
naha,2017-02,2017,2,28,16.946,18.875,15.179,14.307,87.9,0,0,2,0,0,12,0,9,1
naha,2017-03,2017,3,31,18.081,19.945,16.084,16.487,66.3,0,0,0,0,0,12,0,8,0
naha,2017-04,2017,4,30,20.99,22.937,19.21,21.047,112.5,0,0,0,0,0,2,0,1,0
naha,2017-05,2017,5,31,23.7,25.574,22.068,25.855,205.3,0,0,0,0,1,0,0,0,0
naha,2017-06,2017,6,30,26.107,27.747,24.727,29.767,296.0,0,0,0,13,16,0,0,0,0
naha,2017-07,2017,7,31,28.9,30.813,27.265,34.429,53.9,4,0,0,31,30,0,18,0,0
naha,2017-08,2017,8,31,29.735,31.816,28.1,34.687,59.1,19,0,0,31,31,0,31,0,0
naha,2017-09,2017,9,30,28.303,30.167,26.72,32.43,206.2,2,0,0,22,23,0,10,0,0
naha,2017-10,2017,10,31,26.59,28.4,25.126,28.323,144.0,0,0,0,19,13,0,0,0,0
naha,2017-11,2017,11,30,22.607,24.3,21.183,22.537,120.7,0,0,0,0,0,0,0,0,0
naha,2017-12,2017,12,31,17.929,19.681,16.468,15.41,53.1,0,0,0,0,0,9,0,0,1
naha,2018-01,2018,1,31,17.19,18.9,15.6,14.674,84.4,0,0,3,0,0,14,0,10,1
naha,2018-02,2018,2,28,16.779,18.796,14.907,14.429,68.1,0,0,7,0,0,13,0,12,1
naha,2018-03,2018,3,31,19.294,21.355,17.348,18.245,52.5,0,0,0,0,0,6,0,2,0
naha,2018-04,2018,4,30,21.097,23.167,19.107,21.347,80.1,0,0,0,0,0,3,0,2,0
naha,2018-05,2018,5,31,24.771,26.99,23.01,27.706,50.2,0,0,0,9,10,0,0,0,0
naha,2018-06,2018,6,30,26.877,28.62,25.253,30.747,259.8,0,0,0,20,20,0,0,0,0
naha,2018-07,2018,7,31,27.597,29.197,26.316,30.945,395.6,0,0,0,23,20,0,2,0,0
naha,2018-08,2018,8,31,27.816,29.523,26.413,31.916,294.0,0,0,0,27,23,0,2,0,0
naha,2018-09,2018,9,30,27.557,29.373,26.037,31.11,299.2,0,0,0,23,23,0,0,0,0
naha,2018-10,2018,10,31,23.581,25.419,22.035,24.352,229.1,0,0,0,0,1,0,0,0,0
naha,2018-11,2018,11,30,22.647,24.567,21.12,22.943,124.4,0,0,0,0,0,0,0,0,0
naha,2018-12,2018,12,31,20.29,22.0,18.79,19.329,169.9,0,0,0,0,0,4,0,2,1
naha,2019-01,2019,1,31,17.971,19.877,16.016,16.145,98.7,0,0,2,0,0,11,0,8,1
naha,2019-02,2019,2,28,19.789,21.825,17.832,19.557,102.6,0,0,0,0,0,1,0,1,1
naha,2019-03,2019,3,31,19.69,21.674,17.639,18.535,157.3,0,0,0,0,0,3,0,0,0
naha,2019-04,2019,4,30,21.863,23.84,20.013,22.623,196.6,0,0,0,0,0,2,0,0,0
naha,2019-05,2019,5,31,23.552,25.661,21.723,25.294,162.9,0,0,0,0,1,0,0,0,0
naha,2019-06,2019,6,30,26.14,27.777,24.63,29.777,321.8,0,0,0,15,12,0,0,0,0
naha,2019-07,2019,7,31,28.142,29.719,26.787,32.629,167.0,0,0,0,29,23,0,3,0,0
naha,2019-08,2019,8,31,28.361,29.929,27.023,32.668,195.7,2,0,0,29,26,0,3,0,0
naha,2019-09,2019,9,30,27.42,29.203,26.117,30.567,317.7,0,0,0,20,19,0,5,0,0
naha,2019-10,2019,10,31,25.358,27.252,24.006,27.571,103.9,0,0,0,6,4,0,0,0,0
naha,2019-11,2019,11,30,22.583,24.473,21.013,22.397,115.8,0,0,0,0,0,0,0,0,0
naha,2019-12,2019,12,31,19.826,21.645,18.181,18.723,159.6,0,0,0,0,0,2,0,0,1
naha,2020-01,2020,1,31,18.358,20.371,16.506,16.91,45.3,0,0,0,0,0,5,0,4,1
naha,2020-02,2020,2,29,18.276,20.4,16.359,16.803,56.2,0,0,1,0,0,12,0,8,1
naha,2020-03,2020,3,31,19.61,21.8,17.484,19.271,224.7,0,0,0,0,0,6,0,3,0
naha,2020-04,2020,4,30,19.537,21.533,17.673,18.717,106.6,0,0,0,0,0,3,0,0,0
naha,2020-05,2020,5,31,24.013,26.042,22.439,26.671,643.5,0,0,0,3,2,0,0,0,0
naha,2020-06,2020,6,30,27.373,29.007,26.087,31.67,239.8,0,0,0,27,24,0,0,0,0
naha,2020-07,2020,7,31,28.474,30.081,27.1,33.297,154.9,0,0,0,30,30,0,10,0,0
naha,2020-08,2020,8,31,28.345,30.126,26.877,32.652,312.1,2,0,0,27,23,0,13,0,0
naha,2020-09,2020,9,30,26.92,28.73,25.5,30.793,208.1,0,0,0,18,17,0,1,0,0
naha,2020-10,2020,10,31,25.123,27.09,23.719,26.342,134.7,0,0,0,2,1,0,0,0,0
naha,2020-11,2020,11,30,22.943,24.683,21.463,22.94,54.2,0,0,0,1,1,0,0,0,0
naha,2020-12,2020,12,31,19.303,20.842,17.897,17.623,206.9,0,0,0,0,0,4,0,2,1
naha,2021-01,2021,1,31,16.758,18.481,15.181,14.258,155.1,0,0,4,0,0,15,0,13,1
naha,2021-02,2021,2,28,18.161,20.289,16.15,16.718,155.9,0,0,3,0,0,9,0,6,1
naha,2021-03,2021,3,31,20.271,22.335,18.216,20.368,84.8,0,0,0,0,0,2,0,0,0
naha,2021-04,2021,4,30,21.217,23.217,19.357,20.83,98.5,0,0,0,0,0,0,0,0,0
naha,2021-05,2021,5,31,25.061,26.926,23.506,28.077,130.9,0,0,0,11,9,0,0,0,0
naha,2021-06,2021,6,30,26.707,28.343,25.387,30.687,430.4,0,0,0,24,19,0,0,0,0
naha,2021-07,2021,7,31,27.9,29.477,26.71,31.784,257.6,0,0,0,26,26,0,3,0,0
naha,2021-08,2021,8,31,27.777,29.377,26.503,31.777,182.4,0,0,0,28,24,0,0,0,0
naha,2021-09,2021,9,30,27.993,29.98,26.28,32.43,97.3,0,0,0,29,26,0,5,0,0
naha,2021-10,2021,10,31,25.477,27.303,23.994,26.558,87.2,0,0,0,8,1,0,0,0,0
naha,2021-11,2021,11,30,21.73,23.65,20.06,20.85,79.8,0,0,0,0,0,0,0,0,0
naha,2021-12,2021,12,31,18.677,20.542,16.942,16.565,52.0,0,0,0,0,0,8,0,3,1
naha,2022-01,2022,1,31,17.571,19.445,15.8,15.939,127.2,0,0,0,0,0,10,0,8,1
naha,2022-02,2022,2,28,17.196,19.068,15.457,15.014,204.4,0,0,0,0,0,13,0,9,1
naha,2022-03,2022,3,31,19.926,21.958,17.974,19.665,176.4,0,0,0,0,0,2,0,0,0
naha,2022-04,2022,4,30,22.017,24.013,20.413,23.057,59.6,0,0,0,0,0,0,0,0,0
naha,2022-05,2022,5,31,23.387,24.987,21.871,25.374,593.1,0,0,0,2,4,0,0,0,0
naha,2022-06,2022,6,30,26.56,28.193,24.923,30.293,365.6,0,0,0,16,14,0,0,0,0
naha,2022-07,2022,7,31,28.471,30.223,26.919,33.503,206.0,6,0,0,28,28,0,15,0,0
naha,2022-08,2022,8,31,29.152,30.958,27.468,34.429,99.3,12,0,0,31,30,0,25,0,0
naha,2022-09,2022,9,30,27.553,29.28,26.07,30.877,261.4,0,0,0,23,18,0,1,0,0
naha,2022-10,2022,10,31,25.526,27.332,24.048,26.69,216.0,0,0,0,7,6,0,0,0,0
naha,2022-11,2022,11,30,23.457,25.153,22.02,24.77,248.2,0,0,0,0,0,0,0,0,0
naha,2022-12,2022,12,31,18.703,20.281,17.316,16.271,320.2,0,0,0,0,0,7,0,5,1
naha,2023-01,2023,1,31,17.319,19.287,15.584,14.987,55.6,0,0,4,0,0,10,0,8,1
naha,2023-02,2023,2,28,18.632,20.482,16.904,17.014,49.8,0,0,0,0,0,8,0,1,1
naha,2023-03,2023,3,31,19.565,21.616,17.71,19.039,123.9,0,0,1,0,0,3,0,2,0
naha,2023-04,2023,4,30,21.92,23.957,20.14,22.217,86.7,0,0,0,0,0,0,0,0,0
naha,2023-05,2023,5,31,23.613,25.413,21.897,24.781,109.9,0,0,0,0,0,0,0,0,0
naha,2023-06,2023,6,30,26.577,28.21,25.22,30.423,351.9,0,0,0,21,19,0,0,0,0
naha,2023-07,2023,7,31,28.71,30.758,27.013,32.929,131.5,1,0,0,30,26,0,21,0,0
naha,2023-08,2023,8,31,27.865,29.932,26.116,31.829,655.6,0,0,0,23,23,0,10,0,0
naha,2023-09,2023,9,30,28.233,30.813,26.107,32.86,87.6,1,0,0,29,29,0,20,0,0
naha,2023-10,2023,10,31,25.552,28.403,23.348,27.274,73.9,0,0,0,8,8,0,3,0,0
naha,2023-11,2023,11,30,22.257,24.833,20.193,22.17,46.0,0,0,0,0,0,0,0,0,0
naha,2023-12,2023,12,31,19.539,21.697,17.619,18.674,259.7,0,0,0,0,0,6,0,3,1
hanoi,2013-01,2013,1,31,14.997,17.458,12.823,14.616,30.7,0,0,14,0,0,16,0,12,1
hanoi,2013-02,2013,2,28,19.268,22.729,16.479,20.4,28.9,0,0,2,0,1,2,0,1,1
hanoi,2013-03,2013,3,31,22.939,27.013,19.971,25.477,60.5,0,0,0,0,9,1,0,0,0
hanoi,2013-04,2013,4,30,24.683,28.31,21.787,28.19,140.2,0,4,0,9,16,0,0,0,0
hanoi,2013-05,2013,5,31,28.042,31.832,25.081,33.529,316.6,0,11,0,23,27,0,7,0,0
hanoi,2013-06,2013,6,30,28.353,32.107,25.23,33.783,200.3,2,13,0,24,29,0,2,0,0
hanoi,2013-07,2013,7,31,27.603,31.013,25.458,33.468,332.0,0,2,0,31,30,0,0,0,0
hanoi,2013-08,2013,8,31,28.042,31.542,25.426,34.019,304.8,1,7,0,30,29,0,0,0,0
hanoi,2013-09,2013,9,30,25.8,29.16,23.367,30.453,199.3,0,2,0,19,21,0,0,0,0
hanoi,2013-10,2013,10,31,23.871,27.755,20.448,26.503,117.2,0,0,0,0,10,0,0,0,0
hanoi,2013-11,2013,11,30,21.127,24.013,18.81,22.503,98.2,0,0,0,0,0,0,0,0,0
hanoi,2013-12,2013,12,31,14.387,19.019,10.016,13.387,35.9,0,0,20,0,0,20,0,17,1
hanoi,2014-01,2014,1,31,15.919,20.668,11.665,15.435,15.5,0,0,15,0,0,18,0,15,1
hanoi,2014-02,2014,2,28,16.679,19.904,13.986,16.568,22.1,0,0,11,0,0,12,0,10,1
hanoi,2014-03,2014,3,31,20.203,23.265,17.629,22.058,56.7,0,0,0,0,4,0,0,0,0
hanoi,2014-04,2014,4,30,25.39,28.733,23.11,29.273,107.8,0,3,0,12,16,0,0,0,0
hanoi,2014-05,2014,5,31,28.406,32.532,25.119,33.687,165.6,4,16,0,22,27,0,8,0,0
hanoi,2014-06,2014,6,30,29.073,32.503,26.307,35.26,219.4,5,11,0,30,30,0,5,0,0
hanoi,2014-07,2014,7,31,28.074,31.584,25.561,34.413,305.5,0,7,0,31,31,0,0,0,0
hanoi,2014-08,2014,8,31,27.658,31.016,25.245,33.665,266.8,0,7,0,27,26,0,0,0,0
hanoi,2014-09,2014,9,30,27.23,30.707,24.483,32.747,246.2,0,0,0,23,27,0,0,0,0
hanoi,2014-10,2014,10,31,25.374,29.284,21.952,29.013,61.0,0,0,0,7,15,0,0,0,0
hanoi,2014-11,2014,11,30,21.633,24.623,19.22,23.503,51.7,0,0,0,1,2,0,0,0,0
hanoi,2014-12,2014,12,31,15.642,19.077,12.423,14.587,30.6,0,0,12,0,0,17,0,12,1
hanoi,2015-01,2015,1,31,16.719,20.761,13.135,16.555,51.4,0,0,14,0,0,16,0,8,1
hanoi,2015-02,2015,2,28,19.046,22.746,16.439,20.064,17.4,0,0,5,0,5,7,0,3,1
hanoi,2015-03,2015,3,31,21.997,25.306,19.41,24.429,55.8,0,1,0,0,7,0,0,0,0
hanoi,2015-04,2015,4,30,24.483,28.933,20.653,27.4,76.6,0,8,0,6,14,0,5,0,0
hanoi,2015-05,2015,5,31,29.397,33.552,26.058,35.458,205.6,2,20,0,30,30,0,5,0,0
hanoi,2015-06,2015,6,30,30.103,34.103,27.06,36.2,240.4,5,24,0,30,29,0,9,0,0
hanoi,2015-07,2015,7,31,28.697,32.319,26.003,34.258,194.0,3,13,0,30,31,0,3,0,0
hanoi,2015-08,2015,8,31,28.335,31.874,25.545,34.494,230.6,0,12,0,31,27,0,0,0,0
hanoi,2015-09,2015,9,30,26.987,30.233,24.65,32.577,397.5,0,2,0,25,26,0,0,0,0
hanoi,2015-10,2015,10,31,25.242,29.152,21.968,28.868,48.1,0,0,0,6,23,0,0,0,0
hanoi,2015-11,2015,11,30,22.973,26.087,20.78,26.013,105.7,0,0,0,4,10,0,0,0,0
hanoi,2015-12,2015,12,31,17.261,19.906,14.942,17.365,54.8,0,0,2,0,0,6,0,2,1
hanoi,2016-01,2016,1,31,16.348,19.142,14.019,16.574,82.4,0,0,8,0,0,8,0,6,1
hanoi,2016-02,2016,2,29,15.331,19.4,11.648,14.269,6.2,0,0,17,0,1,20,0,12,1
hanoi,2016-03,2016,3,31,20.316,24.171,17.374,21.632,35.0,0,0,1,0,3,3,0,0,0
hanoi,2016-04,2016,4,30,26.223,30.64,22.87,30.62,46.7,0,5,0,7,25,0,0,0,0
hanoi,2016-05,2016,5,31,28.065,32.11,24.932,33.297,219.3,0,11,0,24,28,0,5,0,0
hanoi,2016-06,2016,6,30,29.563,33.68,26.457,35.593,124.1,2,18,0,30,30,0,8,0,0
hanoi,2016-07,2016,7,31,29.552,33.155,26.49,35.755,313.5,2,19,0,29,30,0,6,0,0
hanoi,2016-08,2016,8,31,28.355,32.013,25.739,34.619,412.9,0,9,0,30,30,0,2,0,0
hanoi,2016-09,2016,9,30,27.537,30.943,24.903,32.973,140.1,0,4,0,26,29,0,0,0,0
hanoi,2016-10,2016,10,31,26.039,29.542,23.161,29.858,130.5,0,1,0,13,23,0,0,0,0
hanoi,2016-11,2016,11,30,21.093,24.25,18.397,22.853,61.3,0,0,1,0,3,2,0,0,0
hanoi,2016-12,2016,12,31,18.897,22.845,15.465,19.245,21.8,0,0,4,0,0,6,0,1,1
hanoi,2017-01,2017,1,31,18.639,21.723,16.052,19.023,113.7,0,0,1,0,0,3,0,0,1
hanoi,2017-02,2017,2,28,18.682,22.596,15.554,18.6,19.9,0,0,3,0,0,10,0,1,1
hanoi,2017-03,2017,3,31,21.448,24.697,19.01,23.032,98.3,0,0,0,0,2,0,0,0,0
hanoi,2017-04,2017,4,30,24.463,28.553,21.13,27.31,80.3,0,4,0,1,13,0,1,0,0
hanoi,2017-05,2017,5,31,26.794,30.258,23.897,30.906,194.7,0,3,0,17,25,0,0,0,0
hanoi,2017-06,2017,6,30,29.08,32.463,26.323,34.917,313.1,5,9,0,30,30,0,5,0,0
hanoi,2017-07,2017,7,31,27.894,31.023,25.5,33.771,383.2,0,4,0,30,30,0,2,0,0
hanoi,2017-08,2017,8,31,28.4,31.477,25.923,34.481,433.5,1,12,0,30,30,0,1,0,0
hanoi,2017-09,2017,9,30,27.84,30.877,25.41,33.783,307.5,0,2,0,28,29,0,0,0,0
hanoi,2017-10,2017,10,31,24.4,27.368,22.239,27.523,276.0,0,0,0,11,8,0,0,0,0
hanoi,2017-11,2017,11,30,21.22,24.327,18.483,22.217,31.5,0,0,1,0,1,3,0,0,0
hanoi,2017-12,2017,12,31,16.719,19.484,14.345,15.897,40.3,0,0,7,0,0,9,0,5,1
hanoi,2018-01,2018,1,31,17.11,20.1,14.616,17.032,44.1,0,0,10,0,0,10,0,7,1
hanoi,2018-02,2018,2,28,16.689,20.218,13.954,16.182,13.7,0,0,10,0,0,14,0,8,1
hanoi,2018-03,2018,3,31,22.01,26.335,18.719,23.69,38.0,0,1,1,0,4,2,0,0,0
hanoi,2018-04,2018,4,30,23.703,27.883,20.473,26.19,95.5,0,2,0,1,9,1,0,0,0
hanoi,2018-05,2018,5,31,28.165,31.829,25.416,33.358,232.4,0,9,0,28,30,0,1,0,0
hanoi,2018-06,2018,6,30,29.297,32.623,26.383,34.973,159.1,5,14,0,29,30,0,1,0,0
hanoi,2018-07,2018,7,31,28.561,31.768,26.032,34.284,490.7,5,9,0,30,31,0,6,0,0
hanoi,2018-08,2018,8,31,28.171,31.258,25.823,34.458,524.0,0,5,0,31,31,0,0,0,0
hanoi,2018-09,2018,9,30,27.43,30.65,24.743,32.593,232.9,0,3,0,23,24,0,0,0,0
hanoi,2018-10,2018,10,31,24.477,27.974,21.584,27.452,191.2,0,0,0,2,14,0,0,0,0
hanoi,2018-11,2018,11,30,22.343,26.103,19.23,24.713,76.9,0,0,0,1,3,0,0,0,0
hanoi,2018-12,2018,12,31,18.123,21.226,15.655,18.442,111.4,0,0,9,0,0,13,0,5,1
hanoi,2019-01,2019,1,31,17.068,20.461,14.174,17.161,70.1,0,0,7,0,0,10,0,6,1
hanoi,2019-02,2019,2,28,21.757,25.8,18.846,23.496,54.5,0,0,0,0,2,1,0,0,1
hanoi,2019-03,2019,3,31,21.952,25.632,19.19,23.997,62.3,0,0,0,0,6,0,0,0,0
hanoi,2019-04,2019,4,30,26.893,31.093,23.913,31.44,228.2,0,12,0,17,21,0,2,0,0
hanoi,2019-05,2019,5,31,27.494,30.91,24.755,32.326,239.5,0,9,0,20,22,0,3,0,0
hanoi,2019-06,2019,6,30,30.337,34.083,27.26,36.707,213.9,7,20,0,28,29,0,13,0,0
hanoi,2019-07,2019,7,31,29.716,32.935,26.906,36.174,239.3,7,15,0,31,31,0,3,0,0
hanoi,2019-08,2019,8,31,28.677,31.977,26.113,35.0,513.5,1,10,0,30,30,0,3,0,0
hanoi,2019-09,2019,9,30,27.547,31.347,24.297,32.49,226.3,0,4,0,20,28,0,0,0,0
hanoi,2019-10,2019,10,31,24.987,28.561,22.248,28.648,173.3,0,0,0,8,15,0,0,0,0
hanoi,2019-11,2019,11,30,21.62,25.393,18.463,23.16,64.7,0,0,0,0,1,0,0,0,0
hanoi,2019-12,2019,12,31,18.119,22.377,14.477,17.994,43.1,0,0,10,0,0,11,0,7,1
hanoi,2020-01,2020,1,31,19.058,22.765,16.21,19.597,96.8,0,0,5,0,0,9,0,3,1
hanoi,2020-02,2020,2,29,19.193,22.869,16.286,19.952,74.7,0,0,0,0,1,6,0,0,1
hanoi,2020-03,2020,3,31,22.506,25.903,20.142,24.897,172.2,0,0,0,0,4,0,0,0,0
hanoi,2020-04,2020,4,30,21.927,25.437,19.093,24.033,148.6,0,0,0,1,6,0,0,0,0
hanoi,2020-05,2020,5,31,28.91,33.058,25.794,34.319,133.8,0,16,0,28,29,0,6,0,0
hanoi,2020-06,2020,6,30,30.867,35.077,27.74,36.59,126.6,16,26,0,30,30,0,16,0,0
hanoi,2020-07,2020,7,31,30.574,34.332,27.519,36.426,162.7,13,23,0,31,31,0,12,0,0
hanoi,2020-08,2020,8,31,28.142,31.087,25.894,34.103,451.2,0,8,0,31,29,0,0,0,0
hanoi,2020-09,2020,9,30,27.583,30.567,25.343,33.267,590.1,0,3,0,24,26,0,0,0,0
hanoi,2020-10,2020,10,31,23.403,26.587,20.865,25.255,290.8,0,0,0,5,5,0,0,0,0
hanoi,2020-11,2020,11,30,22.337,25.993,19.573,23.777,80.5,0,0,0,0,0,1,0,0,0
hanoi,2020-12,2020,12,31,16.868,20.461,13.865,15.906,22.6,0,0,11,0,0,15,0,8,1
hanoi,2021-01,2021,1,31,15.919,20.016,12.174,14.671,16.1,0,0,17,0,0,18,0,14,1
hanoi,2021-02,2021,2,28,20.075,24.461,16.696,20.882,67.7,0,0,1,0,0,1,0,0,1
hanoi,2021-03,2021,3,31,22.429,26.052,19.877,24.423,49.1,0,1,0,0,3,0,0,0,0
hanoi,2021-04,2021,4,30,24.71,27.93,22.3,28.113,151.8,0,0,0,8,9,0,0,0,0
hanoi,2021-05,2021,5,31,29.142,33.206,26.068,34.339,123.2,2,19,0,27,29,0,10,0,0
hanoi,2021-06,2021,6,30,30.017,33.78,26.893,35.733,213.8,10,17,0,29,30,0,10,0,0
hanoi,2021-07,2021,7,31,29.403,32.752,26.694,35.577,239.0,4,15,0,31,31,0,3,0,0
hanoi,2021-08,2021,8,31,29.303,32.755,26.658,35.755,226.9,7,14,0,31,31,0,4,0,0
hanoi,2021-09,2021,9,30,27.607,30.803,25.177,33.513,235.0,0,2,0,30,30,0,0,0,0
hanoi,2021-10,2021,10,31,23.571,26.374,21.39,25.926,493.8,0,0,0,7,9,0,0,0,0
hanoi,2021-11,2021,11,30,20.97,24.667,17.95,21.827,52.5,0,0,0,0,3,0,0,0,0
hanoi,2021-12,2021,12,31,17.906,22.31,14.077,17.352,7.6,0,0,8,0,0,13,0,3,1
hanoi,2022-01,2022,1,31,17.923,21.626,15.271,18.158,63.8,0,0,4,0,0,6,0,1,1
hanoi,2022-02,2022,2,28,14.714,18.071,11.879,13.814,129.0,0,0,13,0,0,19,0,11,1
hanoi,2022-03,2022,3,31,22.4,26.535,19.323,24.516,103.6,0,0,0,0,5,0,0,0,0
hanoi,2022-04,2022,4,30,23.587,28.31,19.73,25.9,42.7,0,5,0,5,9,1,0,0,0
hanoi,2022-05,2022,5,31,25.532,29.306,22.635,29.3,316.5,0,0,0,12,18,0,0,0,0
hanoi,2022-06,2022,6,30,29.483,33.237,26.313,35.097,223.4,1,18,0,30,30,0,7,0,0
hanoi,2022-07,2022,7,31,28.916,32.79,25.906,35.09,274.7,0,14,0,31,31,0,4,0,0
hanoi,2022-08,2022,8,31,28.174,31.719,25.561,34.297,511.3,0,9,0,31,29,0,0,0,0
hanoi,2022-09,2022,9,30,27.137,30.8,24.497,32.433,385.2,0,4,0,22,26,0,0,0,0
hanoi,2022-10,2022,10,31,24.216,28.171,20.952,26.768,148.0,0,0,0,6,11,0,0,0,0
hanoi,2022-11,2022,11,30,24.323,28.607,20.927,27.36,62.5,0,0,0,1,8,0,0,0,0
hanoi,2022-12,2022,12,31,16.074,19.742,12.732,14.597,15.4,0,0,13,0,0,19,0,6,1
hanoi,2023-01,2023,1,31,16.49,21.052,12.258,15.5,11.1,0,0,16,0,0,18,0,11,1
hanoi,2023-02,2023,2,28,19.989,24.093,16.943,20.682,58.1,0,0,2,0,2,5,0,1,1
hanoi,2023-03,2023,3,31,22.406,27.058,18.642,23.958,55.9,0,3,0,0,4,0,2,0,0
hanoi,2023-04,2023,4,30,25.37,29.503,22.497,28.99,65.5,0,6,0,8,16,0,0,0,0
hanoi,2023-05,2023,5,31,28.245,32.6,24.584,33.071,153.1,0,15,0,21,24,0,10,0,0
hanoi,2023-06,2023,6,30,29.12,32.733,26.223,35.343,329.0,0,13,0,30,29,0,5,0,0
hanoi,2023-07,2023,7,31,30.232,34.184,26.9,36.168,167.7,6,23,0,31,31,0,14,0,0
hanoi,2023-08,2023,8,31,28.3,31.784,25.606,34.642,410.4,0,7,0,31,31,0,0,0,0
hanoi,2023-09,2023,9,30,27.403,30.69,24.897,32.853,328.6,0,4,0,26,24,0,0,0,0
hanoi,2023-10,2023,10,31,26.155,29.852,22.91,29.413,67.3,0,2,0,6,15,0,0,0,0
hanoi,2023-11,2023,11,30,22.657,27.137,18.967,24.8,43.3,0,0,0,4,9,1,0,0,0
hanoi,2023-12,2023,12,31,18.758,22.632,15.594,18.781,16.2,0,0,9,0,0,13,0,5,1
miami,2013-01,2013,1,31,22.735,24.9,20.897,23.332,11.8,0,0,0,0,0,1,0,1,1
miami,2013-02,2013,2,28,21.696,24.114,19.364,21.868,51.2,0,0,2,0,0,5,0,3,1
miami,2013-03,2013,3,31,19.994,23.139,17.248,18.897,31.9,0,0,4,0,0,10,0,6,0
miami,2013-04,2013,4,30,24.25,26.473,22.55,26.147,115.4,0,0,0,0,2,0,0,0,0
miami,2013-05,2013,5,31,24.732,27.3,22.577,26.881,150.1,0,0,0,1,4,0,0,0,0
miami,2013-06,2013,6,30,26.937,28.903,25.427,30.953,151.5,0,0,0,25,23,0,0,0,0
miami,2013-07,2013,7,31,26.819,28.855,25.274,30.806,202.2,0,0,0,22,19,0,0,0,0
miami,2013-08,2013,8,31,27.723,29.787,25.997,32.142,78.4,0,0,0,30,31,0,0,0,0
miami,2013-09,2013,9,30,26.96,29.057,25.343,31.443,144.2,0,0,0,28,26,0,0,0,0
miami,2013-10,2013,10,31,26.242,28.519,24.565,28.774,40.5,0,0,0,13,11,0,0,0,0
miami,2013-11,2013,11,30,24.26,26.19,22.74,25.273,81.3,0,0,0,0,1,1,0,1,0
miami,2013-12,2013,12,31,23.687,25.545,22.223,24.868,28.0,0,0,0,0,0,0,0,0,1
miami,2014-01,2014,1,31,20.519,23.223,17.923,20.468,81.6,0,0,3,0,0,7,0,7,1
miami,2014-02,2014,2,28,22.746,25.479,20.354,24.096,37.4,0,0,0,0,0,1,0,2,1
miami,2014-03,2014,3,31,22.642,25.442,20.052,22.906,48.5,0,0,0,0,0,1,0,1,0
miami,2014-04,2014,4,30,24.723,27.447,22.203,26.0,10.7,0,0,0,1,3,0,0,0,0
miami,2014-05,2014,5,31,25.887,28.365,23.984,27.674,60.2,0,0,0,6,7,0,0,0,0
miami,2014-06,2014,6,30,26.647,28.907,24.787,30.727,145.8,0,0,0,19,22,0,0,0,0
miami,2014-07,2014,7,31,27.674,29.874,26.032,32.623,168.6,0,0,0,31,31,0,0,0,0
miami,2014-08,2014,8,31,28.4,30.726,26.458,33.281,106.0,1,0,0,31,31,0,5,0,0
miami,2014-09,2014,9,30,27.053,29.21,25.447,31.447,153.3,0,0,0,28,26,0,0,0,0
miami,2014-10,2014,10,31,25.787,28.026,23.942,28.455,62.9,0,0,0,12,7,0,0,0,0
miami,2014-11,2014,11,30,22.367,25.003,19.933,22.383,78.6,0,0,0,1,0,4,0,3,0
miami,2014-12,2014,12,31,21.829,24.416,19.655,22.294,11.9,0,0,1,0,0,2,0,2,1
miami,2015-01,2015,1,31,21.384,23.787,19.119,21.458,28.5,0,0,0,0,0,4,0,4,1
miami,2015-02,2015,2,28,20.261,23.146,17.579,19.35,41.6,0,0,4,0,0,7,0,6,1
miami,2015-03,2015,3,31,24.058,26.777,21.597,25.319,15.9,0,0,0,0,0,0,0,0,0
miami,2015-04,2015,4,30,25.873,28.493,23.71,28.41,70.2,0,0,0,7,8,0,1,0,0
miami,2015-05,2015,5,31,26.081,28.429,24.019,28.248,23.2,0,0,0,5,10,0,0,0,0
miami,2015-06,2015,6,30,27.667,29.787,25.697,31.797,57.5,0,0,0,24,24,0,0,0,0
miami,2015-07,2015,7,31,28.665,31.335,26.571,33.003,41.4,0,2,0,31,29,0,10,0,0
miami,2015-08,2015,8,31,28.716,31.203,26.755,33.481,124.4,0,1,0,30,30,0,13,0,0
miami,2015-09,2015,9,30,27.533,29.873,25.853,32.697,156.0,0,0,0,30,30,0,0,0,0
miami,2015-10,2015,10,31,26.061,28.316,24.329,28.771,75.6,0,0,0,11,12,0,0,0,0
miami,2015-11,2015,11,30,25.32,27.137,24.053,27.497,79.4,0,0,0,12,7,0,0,0,0
miami,2015-12,2015,12,31,24.439,26.013,23.332,26.674,121.4,0,0,0,0,0,0,0,0,1
miami,2016-01,2016,1,31,20.084,22.384,17.761,19.606,154.1,0,0,1,0,0,7,0,6,1
miami,2016-02,2016,2,29,19.962,22.597,17.628,18.828,26.0,0,0,3,0,0,7,0,7,1
miami,2016-03,2016,3,31,23.516,26.006,21.384,24.439,52.1,0,0,0,0,1,1,0,0,0
miami,2016-04,2016,4,30,24.017,26.513,22.08,24.813,33.2,0,0,0,0,2,0,0,0,0
miami,2016-05,2016,5,31,25.703,28.229,23.419,28.287,127.9,0,0,0,8,14,0,0,0,0
miami,2016-06,2016,6,30,27.43,29.49,25.783,31.88,155.5,0,0,0,28,27,0,0,0,0
miami,2016-07,2016,7,31,28.197,30.252,26.561,33.119,98.3,0,0,0,31,30,0,1,0,0
miami,2016-08,2016,8,31,27.919,29.829,26.381,32.587,202.0,1,0,0,30,28,0,1,0,0
miami,2016-09,2016,9,30,27.21,29.417,25.54,32.277,178.6,0,0,0,29,28,0,0,0,0
miami,2016-10,2016,10,31,25.616,27.481,24.248,27.248,131.9,0,0,0,6,5,0,0,0,0
miami,2016-11,2016,11,30,23.543,25.803,21.687,23.91,24.1,0,0,0,0,0,0,0,0,0
miami,2016-12,2016,12,31,23.865,25.71,22.361,25.532,49.9,0,0,0,0,0,0,0,0,1
miami,2017-01,2017,1,31,21.335,24.629,18.01,20.813,42.8,0,0,4,0,0,7,0,7,1
miami,2017-02,2017,2,28,22.511,26.196,19.071,23.168,34.4,0,0,0,0,0,0,0,1,1
miami,2017-03,2017,3,31,22.265,25.597,19.01,21.61,32.7,0,0,1,0,0,3,0,3,0
miami,2017-04,2017,4,30,24.42,27.273,21.83,24.923,60.3,0,0,0,0,3,1,1,0,0
miami,2017-05,2017,5,31,26.165,29.342,23.068,28.577,115.0,0,0,0,6,8,0,1,0,0
miami,2017-06,2017,6,30,27.033,29.303,25.363,31.193,331.3,0,0,0,25,23,0,1,0,0
miami,2017-07,2017,7,31,28.31,30.635,26.168,32.926,194.6,0,0,0,30,30,0,7,0,0
miami,2017-08,2017,8,31,28.49,31.035,26.142,33.223,187.5,0,3,0,31,29,0,12,0,0
miami,2017-09,2017,9,30,27.46,30.103,25.133,31.887,298.4,0,0,0,24,27,0,0,0,0
miami,2017-10,2017,10,31,25.242,27.439,23.181,27.794,277.8,0,0,0,12,8,2,0,2,0
miami,2017-11,2017,11,30,23.413,26.263,21.003,25.133,69.3,0,0,0,0,0,0,0,0,0
miami,2017-12,2017,12,31,21.145,24.665,17.9,21.816,23.0,0,0,6,0,0,7,0,8,1
miami,2018-01,2018,1,31,19.165,22.274,16.129,18.158,146.5,0,0,8,0,0,11,0,11,1
miami,2018-02,2018,2,28,23.446,25.818,21.471,24.568,37.9,0,0,0,0,0,0,0,0,1
miami,2018-03,2018,3,31,21.087,25.355,16.861,20.355,28.1,0,0,5,0,0,10,0,10,0
miami,2018-04,2018,4,30,24.017,27.33,21.027,25.703,122.1,0,0,0,0,2,1,0,1,0
miami,2018-05,2018,5,31,24.939,27.006,23.129,27.284,442.0,0,0,0,2,1,0,0,0,0
miami,2018-06,2018,6,30,26.377,29.007,23.943,31.273,188.1,0,0,0,19,26,0,0,0,0
miami,2018-07,2018,7,31,27.384,30.094,24.865,32.429,193.6,0,1,0,27,29,0,1,0,0
miami,2018-08,2018,8,31,27.342,29.552,25.213,31.929,123.8,0,0,0,28,27,0,0,0,0
miami,2018-09,2018,9,30,27.3,29.647,25.04,31.773,146.5,0,0,0,20,23,0,0,0,0
miami,2018-10,2018,10,31,26.658,29.232,24.297,29.313,61.3,0,0,0,16,16,0,0,0,0
miami,2018-11,2018,11,30,24.047,26.923,21.117,26.057,46.8,0,0,2,4,2,3,0,2,0
miami,2018-12,2018,12,31,22.071,24.974,19.258,22.09,40.1,0,0,2,1,0,7,0,7,1
miami,2019-01,2019,1,31,20.226,23.8,16.694,19.752,139.0,0,0,6,0,0,12,0,12,1
miami,2019-02,2019,2,28,22.914,25.514,20.443,24.45,69.4,0,0,0,0,0,1,0,0,1
miami,2019-03,2019,3,31,22.384,25.561,19.332,23.184,106.9,0,0,1,0,1,4,0,4,0
miami,2019-04,2019,4,30,24.643,27.687,21.613,26.18,75.2,0,1,0,0,1,0,1,0,0
miami,2019-05,2019,5,31,26.368,28.994,24.023,29.187,95.9,0,0,0,7,12,0,1,0,0
miami,2019-06,2019,6,30,27.767,30.457,25.313,32.597,197.7,0,2,0,29,27,0,6,0,0
miami,2019-07,2019,7,31,28.229,30.974,25.771,33.077,103.8,0,0,0,28,31,0,8,0,0
miami,2019-08,2019,8,31,27.481,30.068,25.316,32.732,252.8,0,0,0,30,26,0,0,0,0
miami,2019-09,2019,9,30,27.747,30.573,25.52,30.727,86.1,0,0,0,17,17,0,5,0,0
miami,2019-10,2019,10,31,26.923,29.081,25.097,30.655,129.4,0,0,0,21,14,0,0,0,0
miami,2019-11,2019,11,30,23.393,26.807,20.177,24.77,55.4,0,0,0,4,2,2,0,4,0
miami,2019-12,2019,12,31,22.49,25.41,19.471,23.113,113.5,0,0,1,0,0,4,0,4,1
miami,2020-01,2020,1,31,21.316,24.81,17.997,21.077,23.3,0,0,3,0,0,7,0,8,1
miami,2020-02,2020,2,29,21.817,24.752,18.893,22.197,137.9,0,0,3,0,0,7,0,6,1
miami,2020-03,2020,3,31,23.994,26.871,21.384,24.461,19.5,0,0,1,0,0,2,0,1,0
miami,2020-04,2020,4,30,26.177,29.637,23.103,28.377,70.7,0,3,0,5,11,0,5,0,0
miami,2020-05,2020,5,31,25.374,28.084,22.742,27.787,263.1,0,0,0,4,9,0,1,0,0
miami,2020-06,2020,6,30,27.4,29.59,25.373,32.0,91.0,0,1,0,22,24,0,2,0,0
miami,2020-07,2020,7,31,28.042,30.619,25.616,32.784,180.6,0,2,0,29,27,0,8,0,0
miami,2020-08,2020,8,31,28.626,31.216,26.235,33.5,125.2,1,1,0,30,30,0,11,0,0
miami,2020-09,2020,9,30,27.563,29.813,25.617,32.177,253.1,0,0,0,26,25,0,4,0,0
miami,2020-10,2020,10,31,26.677,28.668,25.087,30.445,299.4,0,0,0,18,16,0,0,0,0
miami,2020-11,2020,11,30,24.71,26.83,22.943,26.053,212.2,0,0,0,3,2,0,0,0,0
miami,2020-12,2020,12,31,20.29,23.842,16.732,20.019,41.6,0,0,8,0,0,9,0,9,1
miami,2021-01,2021,1,31,20.103,23.932,16.39,19.771,19.7,0,0,3,0,0,8,0,12,1
miami,2021-02,2021,2,28,22.536,25.468,19.886,23.593,65.0,0,0,3,0,0,4,0,3,1
miami,2021-03,2021,3,31,23.077,26.494,20.023,23.339,24.5,0,0,0,0,0,1,0,2,0
miami,2021-04,2021,4,30,24.24,27.363,21.257,25.323,71.4,0,0,0,1,2,0,1,0,0
miami,2021-05,2021,5,31,26.055,28.745,23.671,27.906,59.5,0,0,0,4,8,0,0,0,0
miami,2021-06,2021,6,30,26.937,29.26,24.86,30.657,166.3,0,1,0,19,19,0,1,0,0
miami,2021-07,2021,7,31,27.626,30.087,25.268,32.245,153.8,0,0,0,27,29,0,4,0,0
miami,2021-08,2021,8,31,28.426,31.048,25.884,32.852,90.3,1,0,0,26,29,0,7,0,0
miami,2021-09,2021,9,30,26.57,29.513,23.887,31.3,216.7,0,0,0,21,25,0,0,0,0
miami,2021-10,2021,10,31,26.258,29.184,23.852,29.31,86.0,0,0,0,6,17,0,0,0,0
miami,2021-11,2021,11,30,22.147,25.413,19.167,23.093,135.0,0,0,0,0,0,2,0,3,0
miami,2021-12,2021,12,31,23.01,26.329,19.919,24.603,35.8,0,0,1,0,0,1,0,1,1
miami,2022-01,2022,1,31,19.629,23.316,16.287,19.571,124.7,0,0,7,0,0,9,0,10,1
miami,2022-02,2022,2,28,22.236,25.161,19.6,22.964,95.1,0,0,1,0,0,2,0,2,1
miami,2022-03,2022,3,31,23.706,26.997,20.732,24.161,54.0,0,0,0,0,0,1,0,1,0
miami,2022-04,2022,4,30,24.343,27.5,21.667,25.477,118.1,0,0,0,0,2,1,0,1,0
miami,2022-05,2022,5,31,25.729,29.161,22.526,28.426,148.7,0,0,0,2,19,0,0,0,0
miami,2022-06,2022,6,30,26.533,29.643,23.693,30.767,382.9,0,0,0,12,25,0,2,0,0
miami,2022-07,2022,7,31,28.277,30.858,25.832,32.281,107.4,0,0,0,26,29,0,10,0,0
miami,2022-08,2022,8,31,28.229,31.219,25.406,32.61,107.3,0,1,0,26,31,0,11,0,0
miami,2022-09,2022,9,30,27.057,30.563,24.173,31.387,310.8,0,0,0,17,26,0,8,0,0
miami,2022-10,2022,10,31,24.79,28.061,21.81,27.487,113.2,0,0,0,1,7,0,0,0,0
miami,2022-11,2022,11,30,24.857,27.567,22.47,27.41,112.6,0,0,0,3,2,0,0,0,0
miami,2022-12,2022,12,31,21.765,24.981,19.158,22.474,151.6,0,0,3,0,0,3,0,3,1
miami,2023-01,2023,1,31,21.519,25.106,18.174,21.939,21.0,0,0,3,0,0,5,0,6,1
miami,2023-02,2023,2,28,23.382,26.636,20.293,24.264,63.2,0,0,0,0,0,2,0,2,1
miami,2023-03,2023,3,31,23.752,27.442,20.577,24.581,132.2,0,0,0,0,2,0,0,0,0
miami,2023-04,2023,4,30,24.567,27.8,21.533,26.703,180.0,0,0,0,1,5,0,0,0,0
miami,2023-05,2023,5,31,25.532,29.281,22.077,28.219,145.3,0,0,0,1,18,0,0,0,0
miami,2023-06,2023,6,30,26.29,29.57,23.43,30.813,273.2,0,1,0,9,28,0,1,0,0
miami,2023-07,2023,7,31,28.49,32.161,25.3,33.858,153.1,0,10,0,30,31,0,21,0,0
miami,2023-08,2023,8,31,28.745,32.177,25.961,33.561,184.6,2,7,0,28,31,0,22,0,0
miami,2023-09,2023,9,30,27.457,30.73,24.65,31.953,185.2,0,1,0,19,29,0,8,0,0
miami,2023-10,2023,10,31,25.906,29.326,23.035,28.306,80.8,0,1,0,6,14,0,2,0,0
miami,2023-11,2023,11,30,24.037,27.193,21.307,25.5,262.3,0,0,0,1,1,1,0,1,0
miami,2023-12,2023,12,31,21.235,24.045,18.587,20.955,263.9,0,0,2,2,0,4,0,6,1
houston,2013-01,2013,1,31,12.681,17.519,8.668,10.716,158.8,0,0,23,0,0,23,0,6,1
houston,2013-02,2013,2,28,14.296,19.161,9.807,12.439,85.6,0,0,22,0,0,24,0,1,1
houston,2013-03,2013,3,31,16.042,21.897,10.532,14.129,19.0,0,0,17,0,1,21,0,2,0
houston,2013-04,2013,4,30,19.233,24.467,14.52,18.893,106.8,0,0,11,0,0,14,0,0,0
houston,2013-05,2013,5,31,23.49,28.626,19.01,24.565,64.2,0,0,4,1,7,6,0,0,0
houston,2013-06,2013,6,30,28.96,34.593,24.267,32.15,35.3,0,24,0,20,30,0,8,0,0
houston,2013-07,2013,7,31,28.723,33.952,24.545,32.068,71.6,0,23,0,22,31,0,10,0,0
houston,2013-08,2013,8,31,29.013,34.4,24.606,32.865,59.6,0,24,0,23,29,0,12,0,0
houston,2013-09,2013,9,30,27.177,32.067,23.39,30.607,115.3,0,11,0,15,24,0,4,0,0
houston,2013-10,2013,10,31,21.89,26.761,17.745,23.229,121.8,0,0,2,0,5,4,0,0,0
houston,2013-11,2013,11,30,14.66,19.31,10.57,12.967,77.3,0,0,20,0,0,24,0,3,0
houston,2013-12,2013,12,31,11.148,15.942,6.781,8.968,25.3,0,0,25,0,0,26,0,10,1
houston,2014-01,2014,1,31,10.152,15.968,4.468,6.89,35.3,0,0,28,0,0,30,0,12,1
houston,2014-02,2014,2,28,12.389,17.614,8.064,10.529,64.1,0,0,20,0,0,21,0,7,1
houston,2014-03,2014,3,31,14.835,19.748,9.955,13.361,100.5,0,0,20,0,0,25,0,3,0
houston,2014-04,2014,4,30,20.143,25.407,15.437,19.787,59.5,0,1,7,0,1,10,0,0,0
houston,2014-05,2014,5,31,23.442,28.61,19.003,24.219,119.8,0,0,3,0,5,4,0,0,0
houston,2014-06,2014,6,30,27.043,31.317,23.633,30.637,114.6,0,4,0,12,26,0,0,0,0
houston,2014-07,2014,7,31,28.152,32.932,23.913,32.594,80.8,0,18,0,21,31,0,1,0,0
houston,2014-08,2014,8,31,28.452,33.555,24.532,32.616,111.4,0,21,0,26,30,0,7,0,0
houston,2014-09,2014,9,30,25.997,30.23,22.653,29.63,142.1,0,6,0,14,19,0,1,0,0
houston,2014-10,2014,10,31,22.545,28.0,17.984,23.642,71.5,0,0,1,1,6,2,0,0,0
houston,2014-11,2014,11,30,14.447,19.297,10.34,12.47,111.4,0,0,19,0,0,21,0,5,0
houston,2014-12,2014,12,31,13.961,18.003,10.413,12.629,92.4,0,0,19,0,0,24,0,1,1
houston,2015-01,2015,1,31,9.484,14.223,5.455,6.787,104.4,0,0,30,0,0,31,0,8,1
houston,2015-02,2015,2,28,11.404,16.55,6.864,9.15,30.3,0,0,22,0,0,26,0,8,1
houston,2015-03,2015,3,31,16.265,20.916,12.081,15.871,170.0,0,0,15,0,0,16,0,2,0
houston,2015-04,2015,4,30,21.67,25.803,18.12,23.37,204.5,0,0,2,0,2,5,0,0,0
houston,2015-05,2015,5,31,24.052,27.813,21.129,26.755,195.9,0,0,0,0,8,0,0,0,0
houston,2015-06,2015,6,30,26.433,30.467,22.893,30.563,129.6,0,0,0,11,26,0,0,0,0
houston,2015-07,2015,7,31,28.652,33.329,24.497,33.213,23.2,0,18,0,27,31,0,5,0,0
houston,2015-08,2015,8,31,29.035,34.268,24.419,32.965,39.0,0,22,0,19,31,0,13,0,0
houston,2015-09,2015,9,30,26.043,30.89,22.05,29.397,119.1,0,5,0,7,20,0,0,0,0
houston,2015-10,2015,10,31,22.868,28.084,18.481,23.606,214.5,0,1,0,0,5,2,0,0,0
houston,2015-11,2015,11,30,17.577,21.843,13.777,17.447,108.2,0,0,10,0,0,16,0,1,0
houston,2015-12,2015,12,31,15.332,20.006,11.006,14.335,100.6,0,0,21,0,0,22,0,0,1
houston,2016-01,2016,1,31,11.184,16.352,6.539,8.794,85.5,0,0,27,0,0,28,0,11,1
houston,2016-02,2016,2,29,14.583,20.09,9.848,12.614,25.7,0,0,18,0,0,22,0,2,1
houston,2016-03,2016,3,31,18.658,23.403,14.497,18.403,217.0,0,0,9,0,0,13,0,0,0
houston,2016-04,2016,4,30,20.95,25.62,16.653,21.743,162.5,0,0,6,0,1,7,0,0,0
houston,2016-05,2016,5,31,23.487,27.584,20.032,25.987,207.0,0,0,0,1,8,1,0,0,0
houston,2016-06,2016,6,30,26.563,30.587,23.49,31.413,220.5,0,3,0,17,25,0,0,0,0
houston,2016-07,2016,7,31,28.9,33.3,25.481,33.777,72.6,0,22,0,31,31,0,2,0,0
houston,2016-08,2016,8,31,27.852,31.839,24.819,33.084,248.2,0,13,0,27,29,0,6,0,0
houston,2016-09,2016,9,30,26.49,30.747,23.31,31.21,74.8,0,1,0,19,27,0,0,0,0
houston,2016-10,2016,10,31,23.277,28.439,18.858,25.194,18.1,0,0,1,0,10,3,0,0,0
houston,2016-11,2016,11,30,19.33,23.97,15.153,19.393,71.4,0,0,6,0,0,9,0,0,0
houston,2016-12,2016,12,31,14.958,18.961,11.923,13.777,145.6,0,0,17,0,0,20,0,3,1
houston,2017-01,2017,1,31,14.835,19.484,10.645,13.187,137.4,0,0,14,0,0,17,0,3,1
houston,2017-02,2017,2,28,18.143,23.054,13.939,17.521,76.9,0,0,11,0,0,13,0,0,1
houston,2017-03,2017,3,31,19.284,23.548,15.377,19.123,196.1,0,0,7,0,0,11,0,0,0
houston,2017-04,2017,4,30,21.197,25.59,16.81,21.73,160.5,0,0,4,0,1,7,0,0,0
houston,2017-05,2017,5,31,23.358,27.868,19.181,24.742,248.4,0,0,1,1,3,4,0,0,0
houston,2017-06,2017,6,30,26.253,30.213,23.15,30.027,261.4,0,3,0,10,22,0,0,0,0
houston,2017-07,2017,7,31,27.529,31.49,24.455,32.671,160.5,0,3,0,26,31,0,0,0,0
houston,2017-08,2017,8,31,26.958,30.245,24.423,31.287,715.0,0,1,0,21,24,0,0,0,0
houston,2017-09,2017,9,30,25.497,30.013,21.563,28.553,80.5,0,0,0,8,21,0,0,0,0
houston,2017-10,2017,10,31,22.035,26.916,17.542,22.845,148.0,0,1,5,1,8,10,0,0,0
houston,2017-11,2017,11,30,19.12,24.087,15.067,19.003,40.7,0,0,11,0,0,13,0,0,0
houston,2017-12,2017,12,31,12.139,16.777,7.739,10.029,113.4,0,0,25,0,0,26,0,6,1
houston,2018-01,2018,1,31,8.955,14.055,4.161,5.842,68.7,0,0,29,0,0,29,0,12,1
houston,2018-02,2018,2,28,16.661,21.196,13.014,16.164,269.8,0,0,10,0,0,15,0,1,1
houston,2018-03,2018,3,31,18.484,22.832,14.371,17.926,124.2,0,0,10,0,0,14,0,0,0
houston,2018-04,2018,4,30,18.823,23.897,13.83,18.21,78.6,0,0,8,0,0,14,0,0,0
houston,2018-05,2018,5,31,25.303,30.071,21.103,28.013,82.4,0,3,0,1,16,0,0,0,0
houston,2018-06,2018,6,30,27.96,32.01,24.547,32.013,234.6,0,12,0,22,26,0,0,0,0
houston,2018-07,2018,7,31,27.948,32.281,24.213,32.848,145.3,0,16,0,22,30,0,2,0,0
houston,2018-08,2018,8,31,28.242,32.806,24.719,32.768,96.8,0,15,0,26,31,0,2,0,0
houston,2018-09,2018,9,30,25.43,28.61,23.243,29.967,447.5,0,0,0,13,16,0,0,0,0
houston,2018-10,2018,10,31,21.719,25.642,18.271,23.248,219.3,0,0,4,2,8,5,0,0,0
houston,2018-11,2018,11,30,14.323,18.67,10.22,12.92,100.5,0,0,21,0,0,23,0,4,0
houston,2018-12,2018,12,31,13.132,17.365,9.087,10.797,245.0,0,0,27,0,0,27,0,2,1
houston,2019-01,2019,1,31,11.471,16.755,6.848,8.887,140.8,0,0,27,0,0,27,0,7,1
houston,2019-02,2019,2,28,15.236,19.796,11.046,13.893,141.4,0,0,16,0,0,19,0,0,1
houston,2019-03,2019,3,31,16.048,20.494,11.852,14.826,63.2,0,0,17,0,0,21,0,3,0
houston,2019-04,2019,4,30,19.85,24.763,15.303,19.787,242.0,0,0,6,0,0,9,0,0,0
houston,2019-05,2019,5,31,24.426,28.271,21.074,26.887,345.3,0,0,0,1,6,0,0,0,0
houston,2019-06,2019,6,30,26.857,31.017,23.037,30.913,167.4,0,4,0,6,27,0,0,0,0
houston,2019-07,2019,7,31,27.826,32.097,24.239,32.403,110.4,0,9,0,22,30,0,1,0,0
houston,2019-08,2019,8,31,28.874,33.365,25.606,34.155,100.8,0,18,0,31,31,0,8,0,0
houston,2019-09,2019,9,30,27.577,31.78,24.263,31.583,383.2,0,11,0,21,26,0,5,0,0
houston,2019-10,2019,10,31,21.455,26.077,17.213,22.745,171.5,0,0,6,4,12,9,0,0,0
houston,2019-11,2019,11,30,15.067,19.843,10.287,13.937,56.3,0,0,18,0,0,23,0,4,0
houston,2019-12,2019,12,31,13.523,19.123,8.603,11.635,78.9,0,0,24,0,0,25,0,3,1
houston,2020-01,2020,1,31,14.41,18.9,10.345,12.819,140.8,0,0,21,0,0,23,0,2,1
houston,2020-02,2020,2,29,13.593,18.807,8.845,11.631,110.9,0,0,20,0,0,23,0,4,1
houston,2020-03,2020,3,31,20.481,24.687,16.942,21.055,82.5,0,0,4,0,1,6,0,0,0
houston,2020-04,2020,4,30,20.847,25.337,16.483,21.46,177.4,0,0,5,0,2,7,0,0,0
houston,2020-05,2020,5,31,23.787,28.703,19.648,25.703,200.0,0,0,0,0,11,0,0,0,0
houston,2020-06,2020,6,30,26.687,31.163,22.853,30.087,198.8,0,4,0,6,26,0,0,0,0
houston,2020-07,2020,7,31,28.232,32.419,25.168,32.861,239.0,0,14,0,26,28,0,6,0,0
houston,2020-08,2020,8,31,28.781,33.471,24.903,33.255,61.4,0,18,0,22,31,0,6,0,0
houston,2020-09,2020,9,30,25.75,30.03,22.54,28.537,228.2,1,4,0,10,17,1,2,0,0
houston,2020-10,2020,10,31,21.642,26.716,17.339,22.729,109.8,0,0,4,0,5,6,0,0,0
houston,2020-11,2020,11,30,18.92,23.803,14.63,18.757,132.4,0,0,9,0,0,11,0,0,0
houston,2020-12,2020,12,31,12.852,17.816,8.129,10.842,235.5,0,0,23,0,0,24,0,4,1
houston,2021-01,2021,1,31,12.316,17.039,8.2,9.968,78.9,0,0,22,0,0,23,0,8,1
houston,2021-02,2021,2,28,10.582,15.375,6.625,8.193,116.7,0,0,21,0,0,22,0,9,1
houston,2021-03,2021,3,31,17.123,21.865,12.445,16.345,149.7,0,0,14,0,0,17,0,0,0
houston,2021-04,2021,4,30,19.717,24.09,15.767,19.65,213.2,0,0,7,0,0,11,0,0,0
houston,2021-05,2021,5,31,23.31,27.116,20.139,25.371,378.6,0,0,0,0,3,0,0,0,0
houston,2021-06,2021,6,30,26.62,30.477,23.54,31.06,378.1,0,2,0,17,25,0,0,0,0
houston,2021-07,2021,7,31,26.794,30.494,23.884,31.865,467.9,0,2,0,18,26,0,0,0,0
houston,2021-08,2021,8,31,27.413,31.213,24.432,32.681,157.5,0,3,0,25,30,0,0,0,0
houston,2021-09,2021,9,30,25.327,29.71,21.623,28.557,229.3,0,1,0,8,20,0,0,0,0
houston,2021-10,2021,10,31,22.548,26.79,18.768,24.213,217.7,0,0,4,2,3,6,0,0,0
houston,2021-11,2021,11,30,16.33,21.58,11.317,15.547,81.7,0,0,18,0,0,21,0,0,0
houston,2021-12,2021,12,31,19.058,23.558,15.516,19.403,121.2,0,0,9,0,0,11,0,0,1
houston,2022-01,2022,1,31,11.119,16.742,6.145,8.261,175.2,0,0,27,0,0,29,0,12,1
houston,2022-02,2022,2,28,10.714,17.15,4.954,7.968,75.7,0,0,24,0,0,24,0,11,1
houston,2022-03,2022,3,31,15.945,21.665,10.397,14.271,126.6,0,0,19,0,0,23,0,3,0
houston,2022-04,2022,4,30,22.093,27.43,17.877,22.093,84.4,0,0,3,0,2,6,0,0,0
houston,2022-05,2022,5,31,26.445,31.91,21.977,28.803,88.2,0,13,0,1,22,0,0,0,0
houston,2022-06,2022,6,30,29.087,34.773,24.637,32.783,46.6,0,24,0,20,29,0,16,0,0
houston,2022-07,2022,7,31,29.403,34.613,25.287,33.926,81.2,0,25,0,26,31,0,11,0,0
houston,2022-08,2022,8,31,27.794,32.519,24.529,32.506,325.0,0,11,0,25,31,0,5,0,0
houston,2022-09,2022,9,30,26.137,31.403,21.9,29.197,68.3,0,6,0,3,24,0,2,0,0
houston,2022-10,2022,10,31,21.613,27.365,16.484,21.335,102.0,0,0,4,0,4,8,0,0,0
houston,2022-11,2022,11,30,15.77,20.087,12.083,14.817,268.8,0,0,17,0,0,17,0,0,0
houston,2022-12,2022,12,31,13.948,18.765,9.668,12.71,190.7,0,0,16,0,0,17,0,7,1
houston,2023-01,2023,1,31,14.526,19.039,10.271,12.871,188.2,0,0,20,0,0,22,0,4,1
houston,2023-02,2023,2,28,15.329,20.8,10.804,14.121,49.6,0,0,15,0,0,15,0,5,1
houston,2023-03,2023,3,31,19.158,23.865,15.313,18.719,146.5,0,0,8,0,0,12,0,0,0
houston,2023-04,2023,4,30,19.833,24.673,15.587,19.87,209.0,0,0,2,0,1,9,0,0,0
houston,2023-05,2023,5,31,23.919,28.59,19.961,26.574,190.1,0,0,0,0,12,0,0,0,0
houston,2023-06,2023,6,30,28.49,34.15,24.0,32.7,83.7,0,18,0,18,29,0,14,0,0
houston,2023-07,2023,7,31,29.974,35.252,25.639,34.806,42.0,0,29,0,30,31,0,15,0,0
houston,2023-08,2023,8,31,31.984,38.235,27.032,35.552,3.1,7,31,0,28,31,0,30,0,0
houston,2023-09,2023,9,30,28.61,34.1,24.263,32.39,100.8,0,19,0,15,30,0,10,0,0
houston,2023-10,2023,10,31,22.048,26.606,18.077,22.761,158.3,0,2,4,0,6,7,0,0,0
houston,2023-11,2023,11,30,16.24,20.72,12.173,15.31,137.3,0,0,12,0,0,17,0,0,0
houston,2023-12,2023,12,31,13.716,18.794,9.348,11.768,144.5,0,0,22,0,0,24,0,4,1
brisbane,2013-01,2013,1,31,25.284,29.394,22.252,27.752,351.0,0,6,0,2,12,0,7,0,0
brisbane,2013-02,2013,2,28,23.018,26.479,20.282,24.65,143.1,0,0,0,0,1,0,0,0,0
brisbane,2013-03,2013,3,31,22.745,26.326,19.926,24.49,85.5,0,1,0,0,3,0,1,0,0
brisbane,2013-04,2013,4,30,20.083,24.427,16.387,21.037,37.2,0,0,0,0,0,1,0,0,0
brisbane,2013-05,2013,5,31,17.061,21.448,13.548,16.345,36.8,0,0,8,0,0,13,0,1,0
brisbane,2013-06,2013,6,30,15.247,19.387,11.893,14.417,114.6,0,0,15,0,0,18,0,6,1
brisbane,2013-07,2013,7,31,15.652,19.832,12.055,15.016,46.1,0,0,15,0,0,20,0,1,1
brisbane,2013-08,2013,8,31,16.416,23.074,10.558,15.187,0.2,0,0,21,0,0,24,0,8,1
brisbane,2013-09,2013,9,30,20.017,26.227,14.94,20.077,29.3,0,0,3,0,1,4,0,0,0
brisbane,2013-10,2013,10,31,21.665,27.655,17.071,21.881,37.6,0,2,0,0,4,1,3,0,0
brisbane,2013-11,2013,11,30,21.983,27.393,17.833,23.313,138.3,0,1,0,0,4,0,1,0,0
brisbane,2013-12,2013,12,31,23.323,28.255,19.21,24.845,20.1,0,2,0,0,10,0,2,0,0
brisbane,2014-01,2014,1,31,24.635,28.758,21.384,26.406,66.0,0,4,0,2,9,0,6,0,0
brisbane,2014-02,2014,2,28,24.336,28.646,21.054,26.043,13.5,0,3,0,0,8,0,5,0,0
brisbane,2014-03,2014,3,31,23.384,27.155,20.345,25.268,128.6,0,1,0,0,4,0,1,0,0
brisbane,2014-04,2014,4,30,21.527,26.183,17.553,22.86,20.8,0,0,0,0,2,0,0,0,0
brisbane,2014-05,2014,5,31,18.29,22.803,14.448,18.268,22.1,0,0,3,0,0,5,0,0,0
brisbane,2014-06,2014,6,30,16.47,21.397,12.347,15.563,9.3,0,0,10,0,0,14,0,3,1
brisbane,2014-07,2014,7,31,14.432,20.748,8.848,12.332,7.0,0,0,29,0,0,30,0,15,1
brisbane,2014-08,2014,8,31,15.694,20.332,11.726,14.203,120.7,0,0,18,0,0,27,0,1,1
brisbane,2014-09,2014,9,30,17.707,23.117,12.87,17.023,22.4,0,0,8,0,0,14,0,0,0
brisbane,2014-10,2014,10,31,20.997,27.268,16.094,21.094,9.7,0,2,1,0,6,2,2,0,0
brisbane,2014-11,2014,11,30,24.223,29.41,20.41,25.707,23.9,0,4,0,0,11,0,4,0,0
brisbane,2014-12,2014,12,31,24.187,28.661,20.771,26.781,147.3,0,5,0,0,13,0,6,0,0
brisbane,2015-01,2015,1,31,24.794,28.503,21.845,28.013,224.2,0,4,0,3,10,0,5,0,0
brisbane,2015-02,2015,2,28,23.496,27.0,20.668,25.379,163.9,0,0,0,0,2,0,0,0,0
brisbane,2015-03,2015,3,31,24.2,28.606,20.858,26.845,29.1,0,2,0,0,10,0,2,0,0
brisbane,2015-04,2015,4,30,20.237,24.51,16.57,20.98,127.2,0,0,2,0,0,5,0,0,0
brisbane,2015-05,2015,5,31,17.865,22.729,13.71,17.694,90.8,0,0,5,0,0,13,0,1,0
brisbane,2015-06,2015,6,30,15.893,19.973,12.313,15.107,37.1,0,0,11,0,0,15,0,4,1
brisbane,2015-07,2015,7,31,14.274,19.223,10.123,12.826,16.8,0,0,24,0,0,27,0,8,1
brisbane,2015-08,2015,8,31,16.094,21.697,11.239,15.181,45.5,0,0,18,0,0,22,0,11,1
brisbane,2015-09,2015,9,30,17.247,22.557,12.51,16.487,41.0,0,0,10,0,0,21,0,1,0
brisbane,2015-10,2015,10,31,20.455,25.365,16.297,21.129,75.6,0,0,0,0,1,0,0,0,0
brisbane,2015-11,2015,11,30,23.263,28.15,19.393,25.283,66.4,0,2,0,0,14,0,4,0,0
brisbane,2015-12,2015,12,31,23.177,27.323,19.668,24.81,99.4,0,1,0,0,6,0,1,0,0
brisbane,2016-01,2016,1,31,23.99,28.458,20.416,26.397,157.4,0,1,0,0,13,0,1,0,0
brisbane,2016-02,2016,2,29,25.038,29.576,21.652,27.424,50.3,0,3,0,2,13,0,4,0,0
brisbane,2016-03,2016,3,31,23.768,27.716,20.816,26.232,59.9,0,0,0,0,4,0,0,0,0
brisbane,2016-04,2016,4,30,22.047,26.21,18.607,23.363,24.3,0,0,0,0,1,0,0,0,0
brisbane,2016-05,2016,5,31,19.842,25.361,15.11,20.042,23.9,0,0,6,0,0,9,0,0,0
brisbane,2016-06,2016,6,30,15.883,19.657,12.463,14.68,125.5,0,0,10,0,0,17,0,4,1
brisbane,2016-07,2016,7,31,15.894,20.761,11.61,14.835,35.8,0,0,19,0,0,22,0,5,1
brisbane,2016-08,2016,8,31,16.065,20.935,11.629,15.116,58.3,0,0,19,0,0,24,0,3,1
brisbane,2016-09,2016,9,30,18.677,23.227,14.633,18.397,68.9,0,0,2,0,0,9,0,0,0
brisbane,2016-10,2016,10,31,20.174,26.252,15.029,19.987,30.0,0,0,3,0,0,8,0,0,0
brisbane,2016-11,2016,11,30,23.433,29.29,19.12,24.73,44.8,0,7,0,0,10,0,7,0,0
brisbane,2016-12,2016,12,31,24.877,29.952,21.068,26.997,43.8,0,5,0,0,15,0,9,0,0
brisbane,2017-01,2017,1,31,25.597,30.429,21.661,28.413,99.4,0,5,0,3,20,0,6,0,0
brisbane,2017-02,2017,2,28,25.936,31.536,21.929,28.129,48.9,0,3,0,1,20,0,6,0,0
brisbane,2017-03,2017,3,31,24.123,28.765,20.935,26.939,183.3,0,1,0,0,13,0,1,0,0
brisbane,2017-04,2017,4,30,19.61,24.94,15.307,19.583,8.1,0,0,0,0,0,4,0,0,0
brisbane,2017-05,2017,5,31,18.087,23.487,14.206,18.171,43.5,0,0,2,0,0,7,0,0,0
brisbane,2017-06,2017,6,30,15.983,21.58,11.98,15.047,80.2,0,0,17,0,0,18,0,0,1
brisbane,2017-07,2017,7,31,15.0,21.874,9.716,13.606,31.3,0,0,27,0,0,29,0,11,1
brisbane,2017-08,2017,8,31,16.771,24.248,11.068,14.916,5.7,0,0,22,0,0,29,0,6,1
brisbane,2017-09,2017,9,30,19.917,27.513,13.857,18.95,5.4,0,4,11,0,4,16,4,0,0
brisbane,2017-10,2017,10,31,20.968,25.619,17.497,22.29,202.1,0,0,0,0,5,1,0,0,0
brisbane,2017-11,2017,11,30,20.663,25.36,16.413,21.47,94.1,0,0,0,0,1,1,0,0,0
brisbane,2017-12,2017,12,31,23.994,29.332,19.594,26.371,67.3,0,1,0,0,12,0,2,0,0
brisbane,2018-01,2018,1,31,25.013,30.535,20.261,27.429,37.5,0,3,0,0,20,0,3,0,0
brisbane,2018-02,2018,2,28,24.007,28.757,20.325,26.482,233.6,0,4,0,1,13,0,7,0,0
brisbane,2018-03,2018,3,31,23.077,27.361,19.777,25.29,58.4,0,1,0,0,7,0,1,0,0
brisbane,2018-04,2018,4,30,21.17,26.177,17.497,22.187,41.1,0,0,0,0,1,0,0,0,0
brisbane,2018-05,2018,5,31,17.845,23.771,13.41,17.084,27.6,0,0,9,0,0,16,0,0,0
brisbane,2018-06,2018,6,30,15.407,21.5,10.9,13.88,17.9,0,0,22,0,0,23,0,1,1
brisbane,2018-07,2018,7,31,15.123,21.842,9.994,13.842,28.4,0,0,22,0,0,26,0,13,1
brisbane,2018-08,2018,8,31,15.665,22.923,9.665,13.435,12.8,0,0,27,0,0,30,0,11,1
brisbane,2018-09,2018,9,30,17.667,23.737,12.813,17.04,41.2,0,0,10,0,0,16,0,0,0
brisbane,2018-10,2018,10,31,19.768,24.89,15.729,20.781,159.3,0,1,2,0,4,3,1,0,0
brisbane,2018-11,2018,11,30,22.653,28.713,17.173,23.293,23.0,0,2,0,0,7,1,4,0,0
brisbane,2018-12,2018,12,31,23.719,28.468,19.674,25.606,115.6,0,3,0,0,8,0,3,0,0
brisbane,2019-01,2019,1,31,25.49,30.474,21.416,27.9,24.9,0,1,0,0,19,0,3,0,0
brisbane,2019-02,2019,2,28,25.1,30.275,21.093,26.6,31.1,0,3,0,0,9,0,5,0,0
brisbane,2019-03,2019,3,31,24.232,29.494,20.465,26.987,163.1,0,4,0,0,15,1,4,0,0
brisbane,2019-04,2019,4,30,20.307,25.107,16.457,21.28,43.4,0,0,0,0,0,0,0,0,0
brisbane,2019-05,2019,5,31,17.919,23.432,13.697,17.539,20.3,0,0,9,0,0,11,0,1,0
brisbane,2019-06,2019,6,30,15.65,21.403,11.68,14.753,43.9,0,0,15,0,0,18,0,3,1
brisbane,2019-07,2019,7,31,15.526,21.816,10.877,14.19,11.8,0,0,22,0,0,24,0,6,1
brisbane,2019-08,2019,8,31,16.1,22.968,10.79,14.406,7.9,0,0,24,0,0,29,0,2,1
brisbane,2019-09,2019,9,30,18.873,26.277,13.08,17.82,6.7,0,1,14,0,0,19,1,0,0
brisbane,2019-10,2019,10,31,20.097,26.087,15.132,20.29,51.9,0,1,2,0,3,5,1,0,0
brisbane,2019-11,2019,11,30,23.667,30.257,18.32,24.383,22.7,0,7,0,0,13,2,8,0,0
brisbane,2019-12,2019,12,31,25.165,31.413,20.165,26.765,46.5,0,9,0,0,18,0,10,0,0
brisbane,2020-01,2020,1,31,25.513,30.061,21.942,28.758,156.0,0,1,0,5,21,0,3,0,0
brisbane,2020-02,2020,2,29,24.397,28.31,21.414,27.993,345.2,0,2,0,0,13,0,2,0,0
brisbane,2020-03,2020,3,31,22.348,27.258,18.532,24.139,105.7,0,0,0,0,8,0,0,0,0
brisbane,2020-04,2020,4,30,21.257,27.38,16.34,22.23,12.7,0,0,0,0,1,1,1,0,0
brisbane,2020-05,2020,5,31,17.174,22.719,12.9,16.071,17.7,0,0,9,0,0,16,0,0,0
brisbane,2020-06,2020,6,30,15.543,21.083,11.47,14.65,32.2,0,0,18,0,0,22,0,1,1
brisbane,2020-07,2020,7,31,14.852,20.71,10.681,13.342,48.9,0,0,25,0,0,27,0,3,1
brisbane,2020-08,2020,8,31,15.642,22.155,10.535,13.9,28.3,0,0,25,0,0,29,0,4,1
brisbane,2020-09,2020,9,30,18.563,24.457,13.66,18.04,22.2,0,0,10,0,0,13,0,0,0
brisbane,2020-10,2020,10,31,20.855,26.81,15.906,21.31,167.0,0,0,0,0,1,0,0,0,0
brisbane,2020-11,2020,11,30,22.497,28.423,17.313,23.403,7.8,0,1,0,0,10,0,4,0,0
brisbane,2020-12,2020,12,31,24.413,29.026,20.794,26.71,220.2,0,3,0,0,15,0,7,0,0
brisbane,2021-01,2021,1,31,23.565,28.145,19.839,25.887,146.3,0,1,0,0,8,0,1,0,0
brisbane,2021-02,2021,2,28,23.864,28.725,19.95,26.2,108.0,0,2,0,0,9,0,4,0,0
brisbane,2021-03,2021,3,31,22.69,26.958,19.377,25.039,345.6,0,0,0,0,4,0,1,0,0
brisbane,2021-04,2021,4,30,19.373,24.68,15.057,19.787,112.2,0,0,3,0,0,6,0,0,0
brisbane,2021-05,2021,5,31,17.048,22.716,12.906,16.777,65.3,0,0,11,0,0,17,0,0,0
brisbane,2021-06,2021,6,30,14.743,20.397,10.533,13.583,44.4,0,0,23,0,0,27,0,5,1
brisbane,2021-07,2021,7,31,14.532,20.103,10.21,12.923,59.2,0,0,24,0,0,27,0,11,1
brisbane,2021-08,2021,8,31,16.187,22.635,10.987,15.181,15.6,0,0,22,0,0,25,0,4,1
brisbane,2021-09,2021,9,30,17.98,24.727,12.41,17.043,18.0,0,0,14,0,0,18,0,1,0
brisbane,2021-10,2021,10,31,21.087,27.261,16.277,21.803,103.7,0,2,0,0,4,3,2,0,0
brisbane,2021-11,2021,11,30,21.723,26.293,18.103,23.013,242.6,0,0,0,0,3,1,0,0,0
brisbane,2021-12,2021,12,31,23.081,28.452,18.7,25.423,143.4,0,0,0,0,17,0,0,0,0
brisbane,2022-01,2022,1,31,23.903,28.11,20.432,26.332,130.9,0,0,0,0,8,0,0,0,0
brisbane,2022-02,2022,2,28,23.046,28.075,19.179,25.1,579.0,0,2,0,1,6,0,2,0,0
brisbane,2022-03,2022,3,31,22.616,27.887,18.768,24.99,241.1,0,1,0,0,8,0,1,0,0
brisbane,2022-04,2022,4,30,20.557,25.4,16.853,21.797,41.7,0,0,0,0,1,0,0,0,0
brisbane,2022-05,2022,5,31,18.758,22.184,16.265,19.497,283.1,0,0,0,0,0,3,0,0,0
brisbane,2022-06,2022,6,30,13.9,19.917,9.36,12.113,13.5,0,0,28,0,0,30,0,9,1
brisbane,2022-07,2022,7,31,13.745,19.003,9.745,12.032,91.4,0,0,25,0,0,28,0,13,1
brisbane,2022-08,2022,8,31,14.8,21.01,9.745,13.752,61.6,0,0,26,0,0,29,0,12,1
brisbane,2022-09,2022,9,30,17.383,23.14,12.64,16.94,154.7,0,0,12,0,0,16,0,0,0
brisbane,2022-10,2022,10,31,19.648,24.523,15.477,20.068,193.0,0,1,4,0,2,5,1,0,0
brisbane,2022-11,2022,11,30,21.063,27.3,15.777,21.01,67.9,0,4,3,0,6,7,4,0,0
brisbane,2022-12,2022,12,31,21.916,27.074,17.49,22.919,66.9,0,1,0,0,6,0,2,0,0
brisbane,2023-01,2023,1,31,23.884,29.297,19.355,26.219,74.3,0,0,0,0,13,0,1,0,0
brisbane,2023-02,2023,2,28,24.075,29.729,19.564,26.236,83.2,0,4,0,0,10,0,5,0,0
brisbane,2023-03,2023,3,31,24.265,29.842,20.197,27.106,121.5,0,2,0,0,17,0,2,0,0
brisbane,2023-04,2023,4,30,20.583,26.297,15.99,20.363,33.0,0,0,0,0,0,3,0,0,0
brisbane,2023-05,2023,5,31,16.139,22.681,11.068,14.694,98.4,0,0,17,0,0,25,0,4,0
brisbane,2023-06,2023,6,30,15.84,22.377,10.787,14.407,13.2,0,0,22,0,0,25,0,5,1
brisbane,2023-07,2023,7,31,15.248,22.084,10.0,13.919,31.0,0,0,27,0,0,27,0,6,1
brisbane,2023-08,2023,8,31,16.794,23.916,11.403,15.984,13.7,0,0,24,0,0,27,0,1,1
brisbane,2023-09,2023,9,30,18.363,25.527,12.64,18.11,38.3,0,1,13,0,1,16,1,0,0
brisbane,2023-10,2023,10,31,20.768,27.658,14.823,20.745,16.0,0,0,4,0,7,5,2,0,0
brisbane,2023-11,2023,11,30,22.05,27.207,17.427,23.34,146.3,0,2,0,0,7,0,4,0,0
brisbane,2023-12,2023,12,31,25.11,30.839,20.377,28.061,131.5,0,7,0,0,22,0,10,0,0
singapore,2013-01,2013,1,31,25.839,28.284,24.332,29.765,154.3,0,0,0,19,17,0,0,1,1
singapore,2013-02,2013,2,28,25.35,27.514,24.114,29.682,406.2,0,0,0,15,12,0,0,0,1
singapore,2013-03,2013,3,31,26.635,29.174,24.858,31.719,152.1,0,0,0,30,30,0,0,0,0
singapore,2013-04,2013,4,30,27.037,29.14,25.307,32.663,226.0,0,0,0,30,30,0,0,0,0
singapore,2013-05,2013,5,31,27.1,29.039,25.435,32.806,265.7,0,0,0,31,30,0,0,0,0
singapore,2013-06,2013,6,30,27.573,29.867,25.463,32.843,107.5,0,0,0,30,30,0,0,0,0
singapore,2013-07,2013,7,31,26.813,28.59,25.306,31.697,142.3,0,0,0,31,24,0,0,0,0
singapore,2013-08,2013,8,31,26.626,28.294,25.084,31.287,139.9,0,0,0,31,22,0,0,0,0
singapore,2013-09,2013,9,30,26.41,28.223,24.963,31.253,252.0,0,0,0,25,21,0,0,0,0
singapore,2013-10,2013,10,31,26.352,28.558,24.581,31.416,233.1,0,0,0,28,29,0,0,0,0
singapore,2013-11,2013,11,30,26.013,28.367,24.43,31.063,299.8,0,0,0,28,24,0,0,0,0
singapore,2013-12,2013,12,31,25.616,27.765,24.242,29.848,266.8,0,0,0,18,10,0,0,0,1
singapore,2014-01,2014,1,31,25.132,27.529,23.619,27.926,64.3,0,0,0,3,4,0,0,5,1
singapore,2014-02,2014,2,28,26.271,29.857,23.982,29.464,13.6,0,0,0,5,26,0,0,5,1
singapore,2014-03,2014,3,31,26.877,30.232,24.665,30.965,104.8,0,0,0,21,28,0,9,0,0
singapore,2014-04,2014,4,30,26.82,29.49,25.07,32.403,203.6,0,0,0,30,30,0,0,0,0
singapore,2014-05,2014,5,31,27.094,29.035,25.51,32.884,302.6,0,0,0,31,30,0,0,0,0
singapore,2014-06,2014,6,30,27.663,29.41,26.133,33.087,163.0,0,0,0,30,29,0,0,0,0
singapore,2014-07,2014,7,31,27.139,28.884,25.723,32.274,178.6,0,0,0,31,28,0,0,0,0
singapore,2014-08,2014,8,31,26.294,27.89,24.816,31.068,257.0,0,0,0,30,16,0,0,0,0
singapore,2014-09,2014,9,30,26.923,28.93,25.277,31.763,85.7,0,0,0,30,27,0,0,0,0
singapore,2014-10,2014,10,31,26.774,28.99,24.994,32.048,174.1,0,0,0,30,29,0,0,0,0
singapore,2014-11,2014,11,30,25.997,28.127,24.447,31.107,370.2,0,0,0,30,22,0,0,0,0
singapore,2014-12,2014,12,31,25.719,27.897,24.406,30.294,480.8,0,0,0,26,19,0,0,0,1
singapore,2015-01,2015,1,31,25.481,27.965,23.994,28.742,206.2,0,0,0,2,8,0,0,0,1
singapore,2015-02,2015,2,28,25.514,27.971,23.8,28.689,127.3,0,0,0,7,13,0,0,5,1
singapore,2015-03,2015,3,31,26.542,29.258,24.687,31.106,147.4,0,0,0,26,29,0,0,0,0
singapore,2015-04,2015,4,30,26.68,29.1,24.817,32.057,259.8,0,0,0,30,30,0,0,0,0
singapore,2015-05,2015,5,31,26.945,28.619,25.274,32.319,236.8,0,0,0,31,29,0,0,0,0
singapore,2015-06,2015,6,30,27.203,28.713,25.82,32.203,152.2,0,0,0,30,27,0,0,0,0
singapore,2015-07,2015,7,31,27.216,28.71,25.842,31.997,117.9,0,0,0,31,29,0,0,0,0
singapore,2015-08,2015,8,31,26.716,28.335,25.203,31.435,139.8,0,0,0,31,24,0,0,0,0
singapore,2015-09,2015,9,30,26.99,28.793,25.447,31.91,85.9,0,0,0,30,27,0,0,0,0
singapore,2015-10,2015,10,31,27.003,29.226,25.216,32.065,177.9,0,0,0,31,30,0,0,0,0
singapore,2015-11,2015,11,30,26.17,28.317,24.607,31.42,323.5,0,0,0,30,26,0,0,0,0
singapore,2015-12,2015,12,31,26.284,28.552,24.787,31.071,269.3,0,0,0,31,24,0,0,0,1
singapore,2016-01,2016,1,31,26.494,28.668,25.074,31.345,208.0,0,0,0,30,28,0,0,0,1
singapore,2016-02,2016,2,29,26.203,28.314,24.852,30.169,145.2,0,0,0,24,16,0,0,0,1
singapore,2016-03,2016,3,31,27.135,29.445,25.594,31.919,125.3,0,0,0,31,30,0,0,0,0
singapore,2016-04,2016,4,30,27.623,29.813,25.837,33.437,233.3,0,0,0,30,30,0,0,0,0
singapore,2016-05,2016,5,31,27.516,29.519,25.852,33.455,310.7,0,0,0,31,31,0,0,0,0
singapore,2016-06,2016,6,30,27.353,29.023,25.93,32.71,139.7,0,0,0,30,26,0,0,0,0
singapore,2016-07,2016,7,31,27.206,28.897,25.723,32.358,147.4,0,0,0,30,24,0,0,0,0
singapore,2016-08,2016,8,31,27.316,28.874,25.852,32.368,185.9,0,0,0,31,28,0,0,0,0
singapore,2016-09,2016,9,30,27.043,29.0,25.297,32.273,190.8,0,0,0,30,29,0,0,0,0
singapore,2016-10,2016,10,31,26.9,28.897,25.2,31.997,205.6,0,0,0,31,27,0,0,0,0
singapore,2016-11,2016,11,30,26.1,28.15,24.683,31.173,403.6,0,0,0,30,22,0,0,0,0
singapore,2016-12,2016,12,31,26.335,28.668,24.835,30.935,248.9,0,0,0,27,21,0,0,0,1
singapore,2017-01,2017,1,31,26.068,29.039,23.977,30.932,405.5,0,0,0,19,24,0,2,3,1
singapore,2017-02,2017,2,28,25.964,29.104,23.8,30.154,160.1,0,0,0,14,21,0,0,1,1
singapore,2017-03,2017,3,31,26.506,29.729,24.074,31.677,247.0,0,0,0,26,30,0,2,1,0
singapore,2017-04,2017,4,30,26.993,29.763,24.857,32.833,352.4,0,0,0,30,30,0,0,0,0
singapore,2017-05,2017,5,31,27.565,29.655,25.748,33.384,332.9,0,0,0,31,31,0,0,0,0
singapore,2017-06,2017,6,30,27.43,29.767,25.453,33.05,168.8,0,0,0,30,30,0,0,0,0
singapore,2017-07,2017,7,31,27.206,29.248,25.516,32.035,163.2,0,0,0,31,27,0,0,0,0
singapore,2017-08,2017,8,31,26.774,28.968,24.884,31.694,252.3,0,0,0,31,25,0,0,0,0
singapore,2017-09,2017,9,30,26.893,29.19,24.9,32.257,232.3,0,0,0,30,30,0,0,0,0
singapore,2017-10,2017,10,31,26.881,29.581,24.635,32.571,240.9,0,0,0,30,28,0,2,0,0
singapore,2017-11,2017,11,30,26.337,29.2,24.327,31.69,324.4,0,0,0,27,27,0,0,0,0
singapore,2017-12,2017,12,31,26.055,29.223,23.997,30.768,264.3,0,0,0,22,24,0,1,1,1
singapore,2018-01,2018,1,31,25.371,28.265,23.371,29.819,290.6,0,0,0,14,23,0,0,9,1
singapore,2018-02,2018,2,28,26.011,29.675,23.321,29.561,52.2,0,0,0,9,18,0,4,13,1
singapore,2018-03,2018,3,31,26.832,30.252,24.171,31.7,197.6,0,0,0,28,31,0,6,1,0
singapore,2018-04,2018,4,30,26.743,29.873,24.487,32.24,285.7,0,0,0,30,30,0,0,0,0
singapore,2018-05,2018,5,31,27.019,29.529,24.955,32.806,308.8,0,0,0,31,31,0,1,0,0
singapore,2018-06,2018,6,30,27.117,29.167,25.317,32.437,173.3,0,0,0,29,27,0,0,0,0
singapore,2018-07,2018,7,31,27.187,29.155,25.548,32.097,140.7,0,0,0,31,26,0,0,0,0
singapore,2018-08,2018,8,31,27.203,29.3,25.503,32.103,140.4,0,0,0,31,27,0,0,0,0
singapore,2018-09,2018,9,30,26.847,29.27,24.633,31.917,130.3,0,0,0,30,27,0,1,0,0
singapore,2018-10,2018,10,31,26.461,29.235,24.19,31.874,409.0,0,0,0,28,29,0,0,2,0
singapore,2018-11,2018,11,30,26.123,28.83,24.19,31.6,439.7,0,0,0,27,28,0,0,0,0
singapore,2018-12,2018,12,31,26.174,29.129,24.042,31.423,422.5,0,0,0,29,30,0,1,0,1
singapore,2019-01,2019,1,31,26.435,29.49,24.045,30.671,128.4,0,0,0,20,23,0,0,0,1
singapore,2019-02,2019,2,28,27.218,31.068,24.064,31.343,61.7,0,2,0,22,28,0,10,3,1
singapore,2019-03,2019,3,31,27.765,32.297,24.313,32.406,201.9,0,12,0,23,31,0,23,4,0
singapore,2019-04,2019,4,30,27.203,29.977,24.883,33.117,341.2,0,0,0,29,29,0,8,1,0
singapore,2019-05,2019,5,31,27.406,29.642,25.429,33.387,289.6,0,0,0,31,31,0,1,0,0
singapore,2019-06,2019,6,30,27.03,28.983,25.423,32.51,356.4,0,0,0,30,29,0,0,0,0
singapore,2019-07,2019,7,31,27.123,29.355,25.135,31.916,145.9,0,0,0,30,27,0,0,0,0
singapore,2019-08,2019,8,31,27.597,30.01,25.61,32.0,85.1,0,0,0,31,29,0,2,0,0
singapore,2019-09,2019,9,30,27.777,30.953,25.043,32.34,89.9,0,1,0,30,30,0,15,0,0
singapore,2019-10,2019,10,31,26.426,29.361,24.216,31.926,430.5,0,0,0,30,30,0,0,0,0
singapore,2019-11,2019,11,30,26.48,29.287,24.173,32.047,318.7,0,0,0,29,28,0,0,0,0
singapore,2019-12,2019,12,31,25.735,28.706,23.645,30.026,358.0,0,0,0,15,21,0,0,5,1
singapore,2020-01,2020,1,31,26.429,29.871,23.935,30.69,147.9,0,0,0,22,25,0,2,3,1
singapore,2020-02,2020,2,29,26.517,29.748,24.038,30.517,115.8,0,0,0,14,23,0,2,2,1
singapore,2020-03,2020,3,31,27.342,31.148,24.361,32.461,137.3,0,1,0,28,31,0,14,2,0
singapore,2020-04,2020,4,30,27.19,30.347,24.663,32.923,392.1,0,0,0,29,30,0,6,0,0
singapore,2020-05,2020,5,31,27.445,30.035,25.365,33.568,450.5,0,0,0,31,30,0,2,0,0
singapore,2020-06,2020,6,30,26.85,28.807,25.23,32.297,548.0,0,0,0,29,23,0,0,0,0
singapore,2020-07,2020,7,31,26.542,28.603,24.768,31.8,366.4,0,0,0,30,25,0,0,0,0
singapore,2020-08,2020,8,31,27.165,29.332,25.248,32.487,157.5,0,0,0,30,30,0,0,0,0
singapore,2020-09,2020,9,30,26.357,28.6,24.59,31.557,358.4,0,0,0,28,21,0,0,1,0
singapore,2020-10,2020,10,31,26.871,29.19,24.929,32.09,353.5,0,0,0,30,26,0,0,0,0
singapore,2020-11,2020,11,30,26.113,28.793,24.217,31.47,373.7,0,0,0,28,24,0,0,0,0
singapore,2020-12,2020,12,31,26.042,29.106,23.961,30.874,349.6,0,0,0,23,26,0,0,0,1
singapore,2021-01,2021,1,31,25.142,27.965,23.171,28.777,360.4,0,0,0,0,9,0,0,13,1
singapore,2021-02,2021,2,28,26.446,30.861,23.218,29.682,38.0,0,0,0,3,23,0,10,13,1
singapore,2021-03,2021,3,31,26.652,30.332,23.716,31.445,339.1,0,1,0,25,30,0,8,5,0
singapore,2021-04,2021,4,30,26.797,29.8,24.447,32.487,325.8,0,0,0,28,30,0,0,0,0
singapore,2021-05,2021,5,31,27.023,29.516,24.9,32.887,378.0,0,0,0,31,30,0,0,0,0
singapore,2021-06,2021,6,30,27.027,29.15,25.0,32.63,382.0,0,0,0,30,27,0,0,0,0
singapore,2021-07,2021,7,31,26.977,29.158,25.113,32.123,317.0,0,0,0,29,26,0,0,0,0
singapore,2021-08,2021,8,31,26.432,28.49,24.703,31.561,331.2,0,0,0,28,22,0,0,0,0
singapore,2021-09,2021,9,30,26.797,29.17,24.72,32.05,274.0,0,0,0,29,26,0,0,0,0
singapore,2021-10,2021,10,31,26.868,29.668,24.597,32.277,273.1,0,0,0,29,30,0,0,0,0
singapore,2021-11,2021,11,30,26.22,29.32,24.037,31.527,348.4,0,0,0,25,28,0,0,2,0
singapore,2021-12,2021,12,31,25.994,29.197,23.713,30.542,274.8,0,0,0,15,25,0,0,3,1
singapore,2022-01,2022,1,31,26.039,29.832,23.116,30.171,123.5,0,0,0,2,27,0,5,18,1
singapore,2022-02,2022,2,28,26.05,29.654,23.525,30.543,175.3,0,0,0,12,23,0,5,11,1
singapore,2022-03,2022,3,31,26.829,30.542,24.21,32.31,164.7,0,0,0,26,31,0,8,3,0
singapore,2022-04,2022,4,30,26.91,30.317,24.173,32.593,193.0,0,0,0,23,30,0,0,1,0
singapore,2022-05,2022,5,31,27.552,30.4,25.135,33.261,189.3,0,0,0,29,31,0,3,0,0
singapore,2022-06,2022,6,30,26.317,28.937,24.263,31.617,433.8,0,0,0,26,26,0,0,0,0
singapore,2022-07,2022,7,31,27.148,29.645,24.997,32.429,146.4,0,0,0,29,31,0,1,0,0
singapore,2022-08,2022,8,31,26.587,29.006,24.452,31.671,347.5,0,0,0,24,25,0,0,0,0
singapore,2022-09,2022,9,30,26.567,28.86,24.6,31.7,267.7,0,0,0,27,25,0,0,0,0
singapore,2022-10,2022,10,31,26.197,29.026,23.977,31.332,356.0,0,0,0,24,26,0,0,3,0
singapore,2022-11,2022,11,30,26.157,29.25,23.873,31.31,338.5,0,0,0,19,25,0,0,6,0
singapore,2022-12,2022,12,31,25.497,28.768,23.381,29.958,285.9,0,0,0,6,26,0,0,7,1
singapore,2023-01,2023,1,31,25.384,28.577,23.213,29.606,283.1,0,0,0,4,20,0,0,16,1
singapore,2023-02,2023,2,28,25.686,29.257,23.264,29.807,177.8,0,0,0,3,23,0,0,9,1
singapore,2023-03,2023,3,31,25.729,29.032,23.332,30.161,280.8,0,0,0,11,23,0,0,10,0
singapore,2023-04,2023,4,30,27.147,30.603,24.443,32.863,198.5,0,0,0,26,29,0,9,0,0
singapore,2023-05,2023,5,31,27.99,30.716,25.658,33.69,198.5,0,0,0,31,31,0,10,0,0
singapore,2023-06,2023,6,30,27.543,30.14,25.097,33.073,248.3,0,0,0,28,30,0,5,0,0
singapore,2023-07,2023,7,31,26.761,29.977,24.223,31.861,313.6,0,0,0,24,27,0,4,7,0
singapore,2023-08,2023,8,31,26.765,30.029,23.961,31.858,385.2,0,0,0,26,30,0,2,5,0
singapore,2023-09,2023,9,30,27.077,30.61,24.333,32.067,228.0,0,0,0,28,29,0,8,3,0
singapore,2023-10,2023,10,31,27.1,31.526,23.539,32.658,265.0,0,2,0,21,31,0,21,6,0
singapore,2023-11,2023,11,30,26.17,30.707,23.39,31.647,414.8,0,0,0,18,29,0,10,6,0
singapore,2023-12,2023,12,31,25.806,29.748,23.452,30.939,407.3,0,0,0,20,29,0,0,6,1
manila,2013-01,2013,1,31,25.116,28.116,22.89,27.268,19.9,0,0,0,5,3,0,0,6,1
manila,2013-02,2013,2,28,26.086,29.618,23.393,28.471,25.1,0,0,0,0,4,0,0,2,1
manila,2013-03,2013,3,31,27.442,31.39,24.423,30.471,5.7,0,3,0,20,24,0,0,0,0
manila,2013-04,2013,4,30,29.56,33.78,26.083,33.537,5.4,0,29,0,30,30,0,7,0,0
manila,2013-05,2013,5,31,28.732,32.142,26.248,33.932,89.2,0,9,0,31,31,0,1,0,0
manila,2013-06,2013,6,30,27.507,30.23,25.447,32.79,306.0,0,0,0,28,26,0,0,0,0
manila,2013-07,2013,7,31,26.868,29.568,24.955,32.029,214.9,0,0,0,31,29,0,0,0,0
manila,2013-08,2013,8,31,26.403,28.629,24.761,30.826,268.6,0,0,0,24,16,0,0,0,0
manila,2013-09,2013,9,30,26.233,28.467,24.74,30.94,493.9,0,0,0,24,18,0,0,0,0
manila,2013-10,2013,10,31,26.206,28.558,24.155,30.519,158.1,0,0,0,19,19,0,0,0,0
manila,2013-11,2013,11,30,26.387,29.097,24.473,29.977,48.0,0,0,0,21,13,0,0,0,0
manila,2013-12,2013,12,31,25.765,28.403,23.9,29.494,40.7,0,0,0,16,9,0,0,0,1
manila,2014-01,2014,1,31,23.971,27.323,21.413,24.923,1.1,0,0,0,0,2,0,0,20,1
manila,2014-02,2014,2,28,25.386,29.136,22.411,27.529,2.1,0,0,0,0,7,0,0,8,1
manila,2014-03,2014,3,31,26.568,30.455,23.416,28.894,14.6,0,0,0,7,14,0,0,4,0
manila,2014-04,2014,4,30,28.733,32.967,25.367,32.44,6.2,0,17,0,28,28,0,3,0,0
manila,2014-05,2014,5,31,29.79,34.0,26.616,34.519,44.1,0,24,0,31,31,0,14,0,0
manila,2014-06,2014,6,30,27.517,30.147,25.673,32.77,219.1,0,2,0,30,26,0,0,0,0
manila,2014-07,2014,7,31,26.465,28.571,24.952,30.968,348.6,0,0,0,29,19,0,0,0,0
manila,2014-08,2014,8,31,26.726,29.019,25.023,31.361,286.9,0,0,0,28,22,0,0,0,0
manila,2014-09,2014,9,30,26.553,28.923,24.787,31.453,326.6,0,0,0,25,23,0,0,0,0
manila,2014-10,2014,10,31,26.51,29.106,24.532,31.361,159.1,0,0,0,29,23,0,0,0,0
manila,2014-11,2014,11,30,26.437,29.257,24.173,30.243,41.6,0,0,0,22,13,0,0,0,0
manila,2014-12,2014,12,31,25.348,27.655,23.69,28.1,183.4,0,0,0,8,6,0,0,1,1
manila,2015-01,2015,1,31,23.974,26.868,21.713,25.89,61.7,0,0,0,0,0,0,0,23,1
manila,2015-02,2015,2,28,24.679,28.136,21.868,26.525,9.0,0,0,0,0,1,0,0,14,1
manila,2015-03,2015,3,31,26.313,30.297,23.01,28.545,4.6,0,0,0,4,11,0,0,8,0
manila,2015-04,2015,4,30,28.34,32.547,24.963,31.73,8.0,0,12,0,20,29,0,1,0,0
manila,2015-05,2015,5,31,29.084,32.729,26.119,33.961,33.4,0,12,0,31,31,0,1,0,0
manila,2015-06,2015,6,30,28.56,31.81,26.04,33.747,87.3,0,9,0,30,30,0,0,0,0
manila,2015-07,2015,7,31,26.916,29.223,25.119,31.223,205.3,0,0,0,25,18,0,0,0,0
manila,2015-08,2015,8,31,27.09,29.635,25.171,31.971,187.4,0,0,0,27,24,0,0,0,0
manila,2015-09,2015,9,30,27.023,29.79,24.98,32.37,196.5,0,0,0,30,28,0,0,0,0
manila,2015-10,2015,10,31,26.916,29.429,24.897,31.306,213.4,0,0,0,26,22,0,0,0,0
manila,2015-11,2015,11,30,27.423,30.747,24.953,30.767,1.7,0,0,0,30,21,0,0,0,0
manila,2015-12,2015,12,31,26.123,29.239,23.694,29.374,259.0,0,0,0,14,10,0,0,6,1
manila,2016-01,2016,1,31,25.677,28.655,23.323,28.735,14.0,0,0,0,2,9,0,0,2,1
manila,2016-02,2016,2,29,25.466,28.655,23.028,27.807,28.3,0,0,0,2,6,0,0,4,1
manila,2016-03,2016,3,31,27.216,30.887,24.113,30.481,9.6,0,1,0,19,25,0,0,0,0
manila,2016-04,2016,4,30,29.427,33.653,26.057,33.18,5.6,0,24,0,30,30,0,9,0,0
manila,2016-05,2016,5,31,29.413,33.126,26.665,34.287,91.3,0,18,0,31,31,0,10,0,0
manila,2016-06,2016,6,30,27.913,30.747,25.887,33.347,157.8,0,0,0,30,30,0,0,0,0
manila,2016-07,2016,7,31,27.352,29.971,25.313,32.794,245.5,0,0,0,30,26,0,0,0,0
manila,2016-08,2016,8,31,26.616,28.59,25.342,30.913,386.5,0,0,0,31,18,0,0,0,0
manila,2016-09,2016,9,30,26.853,29.25,25.133,31.86,192.3,0,0,0,30,24,0,0,0,0
manila,2016-10,2016,10,31,26.768,29.106,24.961,31.655,248.2,0,0,0,28,27,0,0,0,0
manila,2016-11,2016,11,30,26.753,29.473,24.67,30.553,55.1,0,0,0,24,13,0,0,0,0
manila,2016-12,2016,12,31,26.184,28.574,24.426,29.874,257.1,0,0,0,20,10,0,0,0,1
manila,2017-01,2017,1,31,25.345,28.5,22.913,29.032,98.2,0,0,0,4,11,0,0,6,1
manila,2017-02,2017,2,28,25.086,28.629,22.221,28.554,38.7,0,0,0,7,15,0,0,12,1
manila,2017-03,2017,3,31,27.0,31.161,23.506,30.358,10.3,0,4,0,13,23,0,0,3,0
manila,2017-04,2017,4,30,28.66,32.637,25.637,32.923,35.5,0,15,0,23,28,0,1,0,0
manila,2017-05,2017,5,31,29.294,32.961,26.697,34.458,178.0,0,15,0,31,31,0,9,0,0
manila,2017-06,2017,6,30,28.353,31.163,26.21,34.333,236.0,0,0,0,30,30,0,0,0,0
manila,2017-07,2017,7,31,27.19,29.632,25.494,32.0,471.3,0,0,0,31,26,0,0,0,0
manila,2017-08,2017,8,31,27.426,29.8,25.619,32.903,411.8,0,0,0,31,27,0,0,0,0
manila,2017-09,2017,9,30,27.49,30.023,25.63,33.243,367.7,0,0,0,29,29,0,0,0,0
manila,2017-10,2017,10,31,26.958,29.306,25.152,32.5,255.4,0,0,0,31,30,0,0,0,0
manila,2017-11,2017,11,30,27.037,30.163,24.597,32.167,184.0,0,0,0,27,29,0,0,0,0
manila,2017-12,2017,12,31,26.087,29.177,24.035,30.152,99.8,0,0,0,16,19,0,0,2,1
manila,2018-01,2018,1,31,25.574,28.635,23.326,29.548,200.8,0,0,0,12,16,0,0,0,1
manila,2018-02,2018,2,28,26.082,29.707,23.314,29.796,15.0,0,0,0,7,20,0,0,3,1
manila,2018-03,2018,3,31,26.848,30.716,23.735,30.352,26.0,0,0,0,16,25,0,0,2,0
manila,2018-04,2018,4,30,28.633,32.843,25.28,32.683,46.4,0,18,0,29,29,0,7,0,0
manila,2018-05,2018,5,31,30.19,34.187,26.952,34.926,26.4,0,30,0,31,31,0,16,0,0
manila,2018-06,2018,6,30,27.56,29.78,25.917,32.4,438.3,0,3,0,30,23,0,2,0,0
manila,2018-07,2018,7,31,26.513,28.223,25.29,31.1,705.3,0,0,0,30,19,0,0,0,0
manila,2018-08,2018,8,31,26.8,28.7,25.381,30.865,429.6,0,0,0,27,12,0,0,0,0
manila,2018-09,2018,9,30,26.847,29.253,24.9,32.153,326.3,0,0,0,27,26,0,0,0,0
manila,2018-10,2018,10,31,27.206,30.003,24.732,32.694,123.9,0,0,0,29,29,0,0,0,0
manila,2018-11,2018,11,30,27.043,30.787,24.077,31.61,31.1,0,0,0,25,27,0,0,0,0
manila,2018-12,2018,12,31,26.339,29.868,23.561,30.565,311.3,0,0,0,18,22,0,0,2,1
manila,2019-01,2019,1,31,25.068,29.077,21.739,28.174,17.1,0,0,0,0,7,0,0,19,1
manila,2019-02,2019,2,28,25.593,29.864,21.714,28.061,4.5,0,0,0,0,10,0,0,18,1
manila,2019-03,2019,3,31,27.555,32.081,23.616,30.452,10.7,0,7,0,11,28,0,0,3,0
manila,2019-04,2019,4,30,29.74,34.407,26.08,33.17,7.6,0,29,0,28,30,0,17,0,0
manila,2019-05,2019,5,31,28.748,31.803,26.381,34.561,181.6,0,7,0,31,31,0,1,0,0
manila,2019-06,2019,6,30,28.86,31.923,26.54,34.213,269.0,0,10,0,30,26,0,6,0,0
manila,2019-07,2019,7,31,27.329,29.535,25.59,32.677,356.6,0,0,0,29,27,0,0,0,0
manila,2019-08,2019,8,31,27.023,28.639,25.868,31.039,608.1,0,0,0,26,16,0,0,0,0
manila,2019-09,2019,9,30,26.81,28.833,25.217,31.393,587.7,0,0,0,24,17,0,0,0,0
manila,2019-10,2019,10,31,27.465,30.732,24.745,32.939,72.0,0,0,0,31,31,0,0,0,0
manila,2019-11,2019,11,30,26.877,29.87,24.627,32.02,140.9,0,0,0,27,28,0,0,0,0
manila,2019-12,2019,12,31,26.484,30.142,23.574,30.487,105.7,0,0,0,10,25,0,0,1,1
manila,2020-01,2020,1,31,26.181,30.065,23.061,29.894,33.3,0,0,0,8,24,0,0,2,1
manila,2020-02,2020,2,29,26.114,30.848,22.272,28.49,17.5,0,0,0,2,12,0,0,15,1
manila,2020-03,2020,3,31,28.319,33.197,24.242,31.539,15.8,0,18,0,21,31,0,5,1,0
manila,2020-04,2020,4,30,29.367,34.18,25.7,33.273,35.9,0,24,0,30,30,0,18,0,0
manila,2020-05,2020,5,31,29.648,33.468,26.813,35.197,258.6,2,16,0,30,31,0,12,0,0
manila,2020-06,2020,6,30,28.66,31.863,26.047,34.52,198.7,0,7,0,30,29,0,1,0,0
manila,2020-07,2020,7,31,28.165,31.374,25.619,33.932,330.6,0,3,0,31,31,0,0,0,0
manila,2020-08,2020,8,31,27.506,29.823,25.69,33.126,300.9,0,0,0,31,31,0,0,0,0
manila,2020-09,2020,9,30,27.713,30.393,25.553,33.843,192.8,0,0,0,30,29,0,0,0,0
manila,2020-10,2020,10,31,27.013,29.529,25.206,32.339,433.0,0,0,0,26,27,0,0,0,0
manila,2020-11,2020,11,30,26.723,29.71,24.37,31.473,353.3,0,0,0,22,25,0,0,0,0
manila,2020-12,2020,12,31,26.419,29.194,24.148,31.552,217.2,0,0,0,25,27,0,0,0,1
manila,2021-01,2021,1,31,25.329,28.226,23.152,29.268,150.5,0,0,0,9,14,0,0,4,1
manila,2021-02,2021,2,28,25.386,28.764,22.764,29.407,105.0,0,0,0,6,18,0,0,8,1
manila,2021-03,2021,3,31,27.203,30.91,23.99,31.739,39.3,0,0,0,23,29,0,0,1,0
manila,2021-04,2021,4,30,28.313,32.177,25.02,32.343,32.0,0,8,0,26,30,0,0,0,0
manila,2021-05,2021,5,31,30.068,34.765,26.49,34.535,53.2,0,31,0,31,31,0,22,0,0
manila,2021-06,2021,6,30,28.093,30.783,26.073,33.597,355.8,0,1,0,29,29,0,1,0,0
manila,2021-07,2021,7,31,27.484,29.829,25.781,32.084,463.5,0,0,0,29,20,0,0,0,0
manila,2021-08,2021,8,31,27.348,29.8,25.5,32.655,252.8,0,0,0,31,28,0,0,0,0
manila,2021-09,2021,9,30,27.267,29.83,25.103,32.963,342.4,0,0,0,29,28,0,0,0,0
manila,2021-10,2021,10,31,27.026,29.826,24.932,32.532,223.3,0,0,0,31,30,0,0,0,0
manila,2021-11,2021,11,30,27.42,30.977,24.783,32.803,90.1,0,0,0,30,29,0,0,0,0
manila,2021-12,2021,12,31,26.081,29.713,23.484,29.829,81.5,0,0,0,10,16,0,0,2,1
manila,2022-01,2022,1,31,25.819,29.919,22.545,29.161,33.6,0,0,0,7,17,0,0,11,1
manila,2022-02,2022,2,28,26.957,31.457,23.529,30.557,47.4,0,0,0,12,25,0,0,0,1
manila,2022-03,2022,3,31,28.652,33.561,24.887,32.665,50.4,0,19,0,26,31,0,12,0,0
manila,2022-04,2022,4,30,28.267,32.467,25.06,32.683,98.1,0,12,0,29,30,0,5,0,0
manila,2022-05,2022,5,31,28.765,33.01,25.697,33.606,194.4,0,15,0,31,31,0,12,0,0
manila,2022-06,2022,6,30,28.113,31.663,25.45,33.64,258.8,0,2,0,29,30,0,0,0,0
manila,2022-07,2022,7,31,27.477,30.742,25.297,33.11,381.9,0,0,0,31,31,0,0,0,0
manila,2022-08,2022,8,31,26.861,29.648,24.835,32.213,425.0,0,0,0,30,28,0,0,0,0
manila,2022-09,2022,9,30,26.92,29.43,25.113,31.767,441.8,0,0,0,28,26,0,0,0,0
manila,2022-10,2022,10,31,27.126,30.081,24.932,32.323,402.6,0,0,0,28,28,0,0,0,0
manila,2022-11,2022,11,30,27.09,30.317,24.507,32.523,137.8,0,0,0,29,29,0,0,0,0
manila,2022-12,2022,12,31,26.239,29.4,23.884,30.523,77.7,0,0,0,17,20,0,0,2,1
manila,2023-01,2023,1,31,25.471,28.903,23.068,29.358,102.9,0,0,0,8,14,0,0,3,1
manila,2023-02,2023,2,28,26.321,30.286,23.136,29.9,45.4,0,0,0,6,20,0,0,2,1
manila,2023-03,2023,3,31,27.003,31.577,23.103,30.252,19.3,0,10,0,9,29,0,4,7,0
manila,2023-04,2023,4,30,28.39,32.493,25.2,33.017,117.3,0,11,0,29,28,0,6,0,0
manila,2023-05,2023,5,31,29.094,32.971,26.232,34.21,141.9,1,14,0,31,31,0,7,0,0
manila,2023-06,2023,6,30,27.987,31.163,25.523,33.313,297.6,0,1,0,30,29,0,0,0,0
manila,2023-07,2023,7,31,27.897,30.974,25.574,32.632,398.6,0,10,0,27,25,0,0,0,0
manila,2023-08,2023,8,31,27.835,30.184,26.045,32.248,169.4,0,0,0,29,24,0,0,0,0
manila,2023-09,2023,9,30,27.25,30.277,25.037,32.71,346.6,0,0,0,30,26,0,0,0,0
manila,2023-10,2023,10,31,27.245,30.139,24.99,32.774,177.2,0,0,0,31,29,0,0,0,0
manila,2023-11,2023,11,30,27.503,31.153,24.857,32.377,58.4,0,0,0,24,29,0,0,0,0
manila,2023-12,2023,12,31,27.258,31.11,24.565,31.645,71.9,0,2,0,26,29,0,0,0,1
haikou,2013-01,2013,1,31,18.713,20.661,17.171,17.913,22.2,0,0,0,0,0,1,0,3,1
haikou,2013-02,2013,2,28,21.175,23.429,19.621,21.821,10.1,0,0,0,0,0,0,0,0,1
haikou,2013-03,2013,3,31,23.616,27.01,21.187,25.316,61.4,0,0,0,0,11,0,0,0,0
haikou,2013-04,2013,4,30,25.147,27.867,23.233,28.12,110.4,0,1,0,12,16,0,0,0,0
haikou,2013-05,2013,5,31,27.645,30.458,25.761,32.732,112.7,0,6,0,25,26,0,1,0,0
haikou,2013-06,2013,6,30,28.403,31.067,26.397,33.287,94.4,0,1,0,26,26,0,0,0,0
haikou,2013-07,2013,7,31,27.929,30.513,26.165,32.532,206.6,0,0,0,30,29,0,0,0,0
haikou,2013-08,2013,8,31,27.945,30.268,26.313,32.655,298.2,2,0,0,27,28,0,0,0,0
haikou,2013-09,2013,9,30,26.977,28.873,25.637,30.847,293.0,0,0,0,21,20,0,0,0,0
haikou,2013-10,2013,10,31,25.235,27.071,23.648,27.11,92.6,0,0,0,6,2,0,0,0,0
haikou,2013-11,2013,11,30,23.143,24.57,21.877,23.32,107.5,0,0,0,0,0,0,0,0,0
haikou,2013-12,2013,12,31,17.368,19.123,15.806,15.429,132.3,0,0,4,0,0,13,0,15,1
haikou,2014-01,2014,1,31,17.652,20.245,15.384,16.648,0.9,0,0,1,0,0,7,0,15,1
haikou,2014-02,2014,2,28,18.586,21.407,16.204,18.218,37.6,0,0,3,0,0,8,0,9,1
haikou,2014-03,2014,3,31,22.584,25.484,20.571,23.839,21.1,0,0,0,0,5,0,0,0,0
haikou,2014-04,2014,4,30,25.513,28.077,23.787,28.95,80.1,0,0,0,8,16,0,0,0,0
haikou,2014-05,2014,5,31,28.529,31.674,26.358,33.474,68.7,1,14,0,24,26,0,4,0,0
haikou,2014-06,2014,6,30,29.1,31.77,27.09,34.913,186.7,4,6,0,30,30,0,4,0,0
haikou,2014-07,2014,7,31,28.694,31.29,26.852,34.145,341.9,0,2,0,29,30,0,0,0,0
haikou,2014-08,2014,8,31,28.352,30.852,26.729,33.468,191.9,2,3,0,30,28,0,0,0,0
haikou,2014-09,2014,9,30,27.497,29.963,25.523,32.51,217.9,0,0,0,26,26,0,0,0,0
haikou,2014-10,2014,10,31,25.826,27.752,24.139,28.29,160.8,0,0,0,7,5,0,0,0,0
haikou,2014-11,2014,11,30,23.987,25.66,22.767,25.73,40.4,0,0,0,1,0,0,0,0,0
haikou,2014-12,2014,12,31,18.603,20.074,17.377,16.797,93.4,0,0,0,0,0,7,0,6,1
haikou,2015-01,2015,1,31,17.877,20.074,16.11,16.852,31.1,0,0,1,0,0,5,0,9,1
haikou,2015-02,2015,2,28,20.193,22.836,18.457,20.336,8.1,0,0,0,0,1,2,0,2,1
haikou,2015-03,2015,3,31,23.787,26.739,21.694,25.187,23.5,0,0,0,0,7,0,0,0,0
haikou,2015-04,2015,4,30,25.157,28.48,22.687,27.287,44.7,0,5,0,2,14,0,1,0,0
haikou,2015-05,2015,5,31,29.126,32.616,26.916,34.445,72.9,4,13,0,31,31,0,4,0,0
haikou,2015-06,2015,6,30,29.957,33.257,27.627,34.96,125.7,8,23,0,29,28,0,12,0,0
haikou,2015-07,2015,7,31,28.677,31.052,26.887,33.119,214.7,6,8,0,28,27,0,4,0,0
haikou,2015-08,2015,8,31,29.155,32.045,26.965,34.481,96.5,4,8,0,31,31,0,3,0,0
haikou,2015-09,2015,9,30,28.097,30.457,26.36,32.957,165.7,0,0,0,25,26,0,0,0,0
haikou,2015-10,2015,10,31,25.71,27.897,23.887,29.035,192.8,0,0,0,13,8,0,0,0,0
haikou,2015-11,2015,11,30,25.087,26.97,23.707,27.183,47.8,0,0,0,7,6,0,0,0,0
haikou,2015-12,2015,12,31,20.761,22.352,19.523,20.568,50.0,0,0,0,0,0,2,0,1,1
haikou,2016-01,2016,1,31,18.913,20.681,17.361,18.581,155.5,0,0,5,0,0,5,0,5,1
haikou,2016-02,2016,2,29,17.421,19.952,15.438,16.162,36.0,0,0,2,0,0,11,0,13,1
haikou,2016-03,2016,3,31,21.155,24.113,18.926,21.861,54.9,0,0,0,0,5,2,0,2,0
haikou,2016-04,2016,4,30,26.767,30.47,24.383,30.49,95.1,0,4,0,12,26,0,2,0,0
haikou,2016-05,2016,5,31,27.906,30.681,25.919,32.79,105.4,0,3,0,28,29,0,0,0,0
haikou,2016-06,2016,6,30,29.103,31.757,27.257,34.753,106.6,6,7,0,30,30,0,0,0,0
haikou,2016-07,2016,7,31,29.348,32.116,27.329,34.652,66.4,6,9,0,30,31,0,0,0,0
haikou,2016-08,2016,8,31,28.613,30.906,26.961,34.039,532.7,6,4,0,29,28,0,1,0,0
haikou,2016-09,2016,9,30,27.703,29.697,26.273,32.477,165.4,0,0,0,26,24,0,0,0,0
haikou,2016-10,2016,10,31,26.516,28.106,25.148,29.539,257.8,0,0,0,17,12,0,0,0,0
haikou,2016-11,2016,11,30,23.51,25.31,22.087,24.793,119.4,0,0,0,6,0,0,0,0,0
haikou,2016-12,2016,12,31,21.074,22.448,19.977,20.597,7.7,0,0,0,0,0,1,0,0,1
haikou,2017-01,2017,1,31,19.913,22.0,18.116,20.055,17.6,0,0,0,0,0,0,0,2,1
haikou,2017-02,2017,2,28,19.093,21.729,16.925,18.854,31.6,0,0,0,0,1,4,0,7,1
haikou,2017-03,2017,3,31,23.103,26.397,20.594,24.832,41.3,0,0,0,0,7,0,0,0,0
haikou,2017-04,2017,4,30,25.13,28.517,22.5,27.75,86.1,0,5,0,4,16,0,3,0,0
haikou,2017-05,2017,5,31,27.006,29.655,24.794,31.645,159.2,0,2,0,25,22,0,1,0,0
haikou,2017-06,2017,6,30,29.093,32.273,26.56,34.593,170.5,1,8,0,30,30,0,6,0,0
haikou,2017-07,2017,7,31,27.861,30.503,25.977,32.848,189.6,0,1,0,30,30,0,0,0,0
haikou,2017-08,2017,8,31,28.69,31.642,26.423,34.226,180.9,0,8,0,31,31,0,1,0,0
haikou,2017-09,2017,9,30,28.1,30.513,26.147,33.767,114.9,0,0,0,27,29,0,0,0,0
haikou,2017-10,2017,10,31,25.352,27.345,23.665,27.994,243.3,0,0,0,11,8,0,0,0,0
haikou,2017-11,2017,11,30,22.937,24.513,21.54,23.85,131.5,0,0,0,0,3,0,0,0,0
haikou,2017-12,2017,12,31,19.265,20.877,17.929,18.158,10.9,0,0,1,0,0,6,0,4,1
haikou,2018-01,2018,1,31,18.594,21.1,16.574,17.961,27.3,0,0,3,0,0,9,0,11,1
haikou,2018-02,2018,2,28,17.961,20.386,15.911,17.454,3.8,0,0,4,0,0,10,0,12,1
haikou,2018-03,2018,3,31,22.581,26.174,19.626,23.842,16.7,0,0,0,0,4,1,0,1,0
haikou,2018-04,2018,4,30,24.75,28.463,21.793,27.213,112.1,0,4,0,4,14,0,3,0,0
haikou,2018-05,2018,5,31,28.335,31.584,25.468,33.51,72.1,0,3,0,30,31,0,1,0,0
haikou,2018-06,2018,6,30,28.277,30.9,26.23,33.387,374.4,1,1,0,30,27,0,0,0,0
haikou,2018-07,2018,7,31,28.003,30.742,26.01,33.09,323.0,0,6,0,28,29,0,3,0,0
haikou,2018-08,2018,8,31,27.684,29.855,25.887,32.903,535.6,0,0,0,30,23,0,0,0,0
haikou,2018-09,2018,9,30,27.147,29.713,24.977,32.213,168.8,0,0,0,28,28,0,0,0,0
haikou,2018-10,2018,10,31,25.387,28.013,23.194,28.255,54.3,0,0,0,4,10,0,0,0,0
haikou,2018-11,2018,11,30,24.013,26.363,22.173,26.03,54.8,0,0,0,0,1,0,0,0,0
haikou,2018-12,2018,12,31,20.797,22.81,19.119,21.158,34.1,0,0,2,0,0,3,0,3,1
haikou,2019-01,2019,1,31,19.571,21.745,17.765,19.639,20.4,0,0,0,0,0,2,0,5,1
haikou,2019-02,2019,2,28,23.529,27.282,20.721,25.307,29.1,0,0,0,0,6,0,0,0,1
haikou,2019-03,2019,3,31,24.558,28.161,21.845,26.79,40.3,0,1,0,2,11,0,0,0,0
haikou,2019-04,2019,4,30,28.063,32.237,24.88,31.817,41.3,0,15,0,16,28,0,10,0,0
haikou,2019-05,2019,5,31,27.816,30.9,25.694,32.977,201.5,1,7,0,29,27,0,4,0,0
haikou,2019-06,2019,6,30,29.717,33.117,27.153,35.703,115.1,3,19,0,30,30,0,10,0,0
haikou,2019-07,2019,7,31,29.616,32.697,27.026,35.145,174.4,1,15,0,30,30,0,8,0,0
haikou,2019-08,2019,8,31,28.316,30.745,26.361,34.145,462.5,0,1,0,29,29,0,0,0,0
haikou,2019-09,2019,9,30,27.037,29.363,24.737,31.763,157.9,0,0,0,19,22,0,0,0,0
haikou,2019-10,2019,10,31,26.1,28.855,23.597,28.942,56.7,0,0,0,4,15,0,0,0,0
haikou,2019-11,2019,11,30,23.553,26.197,21.07,24.63,21.1,0,0,0,0,0,0,0,0,0
haikou,2019-12,2019,12,31,20.652,23.126,18.642,20.31,9.3,0,0,0,0,0,2,0,1,1
haikou,2020-01,2020,1,31,20.755,23.968,18.465,21.023,32.9,0,0,0,0,0,1,0,6,1
haikou,2020-02,2020,2,29,20.724,23.803,18.538,21.11,32.0,0,0,0,0,1,2,0,2,1
haikou,2020-03,2020,3,31,24.958,28.832,22.123,27.077,31.3,0,2,0,0,16,0,1,0,0
haikou,2020-04,2020,4,30,24.43,27.333,21.953,26.3,65.4,0,1,0,1,10,0,0,0,0
haikou,2020-05,2020,5,31,29.358,33.426,26.177,34.255,91.9,2,17,0,27,31,0,12,0,0
haikou,2020-06,2020,6,30,30.387,34.71,27.177,34.91,96.0,4,24,0,30,30,0,22,0,0
haikou,2020-07,2020,7,31,30.839,34.994,27.306,35.387,53.2,5,28,0,31,31,0,22,0,0
haikou,2020-08,2020,8,31,28.203,31.139,25.984,33.781,212.4,0,2,0,31,31,0,0,0,0
haikou,2020-09,2020,9,30,28.22,30.88,26.133,33.897,139.2,0,0,0,30,28,0,0,0,0
haikou,2020-10,2020,10,31,25.361,26.871,24.065,26.587,225.4,0,0,0,5,5,0,0,0,0
haikou,2020-11,2020,11,30,23.333,24.913,21.867,24.343,29.9,0,0,0,1,0,0,0,0,0
haikou,2020-12,2020,12,31,18.865,20.597,17.461,17.923,17.7,0,0,0,0,0,5,0,6,1
haikou,2021-01,2021,1,31,16.597,19.255,14.168,15.165,17.0,0,0,10,0,0,14,0,15,1
haikou,2021-02,2021,2,28,19.857,23.368,16.729,20.596,77.9,0,0,0,0,1,0,0,8,1
haikou,2021-03,2021,3,31,24.097,27.687,21.319,25.813,23.0,0,2,0,0,8,0,2,0,0
haikou,2021-04,2021,4,30,26.237,29.693,23.6,29.423,86.3,0,2,0,4,21,0,2,0,0
haikou,2021-05,2021,5,31,30.081,34.468,26.252,34.177,27.8,1,22,0,25,31,0,19,0,0
haikou,2021-06,2021,6,30,30.263,34.01,27.253,35.063,111.2,8,21,0,30,29,0,16,0,0
haikou,2021-07,2021,7,31,29.577,32.771,26.868,34.59,123.7,4,14,0,31,31,0,8,0,0
haikou,2021-08,2021,8,31,28.968,31.929,26.745,34.087,147.1,5,10,0,31,30,0,2,0,0
haikou,2021-09,2021,9,30,27.767,30.6,25.44,33.137,123.6,0,0,0,30,29,0,0,0,0
haikou,2021-10,2021,10,31,25.481,27.577,23.571,27.584,357.8,0,0,0,7,10,0,0,0,0
haikou,2021-11,2021,11,30,22.887,25.197,20.963,23.897,39.0,0,0,0,0,3,0,0,0,0
haikou,2021-12,2021,12,31,19.613,21.316,17.952,18.765,78.7,0,0,0,0,0,1,0,3,1
haikou,2022-01,2022,1,31,19.877,22.155,18.171,20.319,61.0,0,0,0,0,0,0,0,0,1
haikou,2022-02,2022,2,28,17.943,20.179,15.925,17.368,85.8,0,0,4,0,0,6,0,13,1
haikou,2022-03,2022,3,31,23.223,26.171,20.774,25.5,55.1,0,1,0,0,7,0,0,0,0
haikou,2022-04,2022,4,30,24.107,27.287,21.267,26.507,95.9,0,4,0,4,11,0,1,0,0
haikou,2022-05,2022,5,31,25.8,28.568,23.829,29.929,363.0,0,0,0,16,20,0,0,0,0
haikou,2022-06,2022,6,30,28.86,32.307,26.397,34.28,159.9,1,13,0,30,30,0,4,0,0
haikou,2022-07,2022,7,31,28.506,31.258,26.132,34.055,371.8,0,2,0,30,29,0,0,0,0
haikou,2022-08,2022,8,31,27.906,30.616,25.752,33.226,407.1,0,1,0,29,29,0,0,0,0
haikou,2022-09,2022,9,30,27.5,30.02,25.21,32.26,160.0,0,0,0,24,27,0,0,0,0
haikou,2022-10,2022,10,31,25.165,27.203,23.119,26.958,198.7,0,0,0,6,6,0,0,0,0
haikou,2022-11,2022,11,30,24.45,26.753,22.877,27.02,82.7,0,0,0,1,5,0,0,0,0
haikou,2022-12,2022,12,31,18.406,20.139,16.616,16.881,23.3,0,0,0,0,0,5,0,9,1
haikou,2023-01,2023,1,31,17.535,19.232,15.69,16.719,78.8,0,0,2,0,0,9,0,13,1
haikou,2023-02,2023,2,28,20.668,23.446,18.461,21.146,51.2,0,0,0,0,2,0,0,2,1
haikou,2023-03,2023,3,31,22.945,26.797,19.732,24.468,27.1,0,3,0,0,6,0,2,0,0
haikou,2023-04,2023,4,30,26.477,30.303,23.867,29.557,53.0,0,5,0,5,23,0,4,0,0
haikou,2023-05,2023,5,31,28.313,31.961,25.494,33.0,105.7,0,10,0,20,26,0,10,0,0
haikou,2023-06,2023,6,30,28.69,31.77,26.41,34.447,246.5,0,8,0,30,30,0,3,0,0
haikou,2023-07,2023,7,31,29.223,32.2,26.713,34.755,271.0,0,8,0,29,30,0,3,0,0
haikou,2023-08,2023,8,31,28.484,31.258,26.226,34.335,218.8,0,3,0,31,31,0,0,0,0
haikou,2023-09,2023,9,30,27.323,29.843,25.337,32.65,320.1,0,0,0,28,28,0,0,0,0
haikou,2023-10,2023,10,31,26.097,28.0,24.461,29.3,281.4,0,0,0,10,8,0,0,0,0
haikou,2023-11,2023,11,30,23.797,25.993,21.793,25.427,75.1,0,0,0,3,6,0,0,0,0
haikou,2023-12,2023,12,31,20.606,22.855,18.706,20.726,32.7,0,0,0,0,0,5,0,6,1
shanghai,2013-01,2013,1,31,4.177,8.245,0.548,0.423,27.2,0,0,31,0,0,31,0,10,1
shanghai,2013-02,2013,2,28,6.307,9.421,3.186,2.814,85.6,0,0,28,0,0,28,0,4,1
shanghai,2013-03,2013,3,31,10.155,15.261,5.906,7.242,78.9,0,0,30,0,0,31,0,1,0
shanghai,2013-04,2013,4,30,14.307,19.227,9.917,12.117,63.6,0,0,23,0,0,26,0,0,0
shanghai,2013-05,2013,5,31,20.123,23.6,17.161,20.519,105.9,0,0,3,0,1,3,0,0,0
shanghai,2013-06,2013,6,30,23.48,26.437,21.097,26.357,259.1,0,1,0,4,7,0,1,0,0
shanghai,2013-07,2013,7,31,30.271,34.19,27.223,34.916,30.3,8,22,0,31,31,0,20,0,0
shanghai,2013-08,2013,8,31,30.032,33.897,27.271,34.416,57.2,10,19,0,29,29,0,17,0,0
shanghai,2013-09,2013,9,30,24.667,27.893,22.07,26.627,50.3,0,0,0,6,6,0,0,0,0
shanghai,2013-10,2013,10,31,19.494,22.858,16.632,18.871,41.8,0,0,2,0,0,7,0,0,0
shanghai,2013-11,2013,11,30,13.457,17.88,9.573,11.06,11.8,0,0,18,0,0,25,0,0,0
shanghai,2013-12,2013,12,31,6.284,11.087,2.371,2.535,36.6,0,0,31,0,0,31,0,6,1
shanghai,2014-01,2014,1,31,6.252,11.123,2.11,2.655,19.5,0,0,31,0,0,31,0,6,1
shanghai,2014-02,2014,2,28,6.179,9.179,3.461,2.329,99.7,0,0,27,0,0,28,0,5,1
shanghai,2014-03,2014,3,31,10.523,14.8,6.771,7.706,88.0,0,0,27,0,0,31,0,0,0
shanghai,2014-04,2014,4,30,14.95,18.96,11.51,13.583,123.7,0,0,18,0,0,23,0,0,0
shanghai,2014-05,2014,5,31,20.348,24.361,16.987,20.529,89.5,0,0,1,0,1,3,0,0,0
shanghai,2014-06,2014,6,30,22.84,25.877,20.313,24.883,184.0,0,0,0,0,2,0,0,0,0
shanghai,2014-07,2014,7,31,26.826,29.613,24.735,31.416,212.3,0,1,0,19,20,0,0,0,0
shanghai,2014-08,2014,8,31,25.777,28.223,23.832,29.865,299.2,0,1,0,11,15,0,0,0,0
shanghai,2014-09,2014,9,30,23.67,26.163,21.57,26.0,127.0,0,0,0,1,4,0,0,0,0
shanghai,2014-10,2014,10,31,19.132,22.755,15.968,18.852,37.2,0,0,3,0,0,4,0,0,0
shanghai,2014-11,2014,11,30,14.103,17.347,11.077,12.413,39.4,0,0,18,0,0,26,0,0,0
shanghai,2014-12,2014,12,31,5.1,9.481,1.342,1.026,10.8,0,0,31,0,0,31,0,6,1
shanghai,2015-01,2015,1,31,5.897,10.055,2.358,2.097,46.4,0,0,31,0,0,31,0,4,1
shanghai,2015-02,2015,2,28,6.382,10.029,2.982,2.954,96.2,0,0,27,0,0,28,0,3,1
shanghai,2015-03,2015,3,31,10.106,14.084,6.548,7.587,80.7,0,0,29,0,0,30,0,0,0
shanghai,2015-04,2015,4,30,14.887,19.693,10.893,13.287,57.6,0,0,19,0,0,23,0,0,0
shanghai,2015-05,2015,5,31,19.339,23.042,15.926,19.542,160.2,0,0,1,0,0,4,0,0,0
shanghai,2015-06,2015,6,30,23.55,26.543,21.023,26.243,532.0,0,0,0,1,6,0,0,0,0
shanghai,2015-07,2015,7,31,26.029,28.9,23.703,29.858,189.3,2,6,0,12,15,0,5,0,0
shanghai,2015-08,2015,8,31,26.706,29.671,24.345,30.658,135.9,0,5,0,15,14,0,5,0,0
shanghai,2015-09,2015,9,30,23.237,26.267,20.487,25.307,54.2,0,0,0,0,2,0,0,0,0
shanghai,2015-10,2015,10,31,19.016,22.568,15.603,19.023,49.4,0,0,3,0,0,6,0,0,0
shanghai,2015-11,2015,11,30,14.003,16.657,11.35,12.57,115.5,0,0,13,0,0,19,0,2,0
shanghai,2015-12,2015,12,31,7.397,10.887,4.184,4.329,78.2,0,0,31,0,0,31,0,2,1
shanghai,2016-01,2016,1,31,4.323,7.419,1.203,0.481,75.1,0,0,31,0,0,31,0,9,1
shanghai,2016-02,2016,2,29,5.983,10.976,1.659,2.21,18.3,0,0,29,0,0,29,0,11,1
shanghai,2016-03,2016,3,31,10.326,14.652,6.529,7.523,36.4,0,0,30,0,0,31,0,0,0
shanghai,2016-04,2016,4,30,15.59,19.587,12.473,14.52,203.4,0,0,13,0,0,24,0,0,0
shanghai,2016-05,2016,5,31,19.961,23.323,16.994,20.645,289.4,0,0,1,0,0,2,0,0,0
shanghai,2016-06,2016,6,30,23.747,26.7,21.22,26.677,348.7,0,0,0,3,9,0,0,0,0
shanghai,2016-07,2016,7,31,28.8,32.039,26.49,34.419,131.8,5,11,0,29,30,0,10,0,0
shanghai,2016-08,2016,8,31,28.397,31.419,25.89,32.994,49.2,2,2,0,26,26,0,1,0,0
shanghai,2016-09,2016,9,30,24.253,27.343,21.637,26.747,161.6,0,1,0,1,6,0,0,0,0
shanghai,2016-10,2016,10,31,20.806,23.006,18.987,21.603,212.1,0,0,0,1,2,1,0,0,0
shanghai,2016-11,2016,11,30,13.527,16.947,10.453,11.84,75.9,0,0,19,0,0,22,0,0,0
shanghai,2016-12,2016,12,31,9.11,12.442,6.029,6.245,43.8,0,0,31,0,0,31,0,0,1
shanghai,2017-01,2017,1,31,6.352,10.045,3.31,2.958,49.7,0,0,31,0,0,31,0,4,1
shanghai,2017-02,2017,2,28,6.075,10.611,1.996,2.389,30.6,0,0,28,0,0,28,0,5,1
shanghai,2017-03,2017,3,31,9.59,13.842,5.645,6.623,68.7,0,0,31,0,0,31,0,0,0
shanghai,2017-04,2017,4,30,16.013,21.387,11.167,14.563,85.8,0,0,18,0,0,21,0,0,0
shanghai,2017-05,2017,5,31,20.565,25.329,16.242,20.829,90.8,0,0,1,0,3,1,0,0,0
shanghai,2017-06,2017,6,30,23.347,27.14,20.123,25.757,183.8,0,0,0,0,4,0,0,0,0
shanghai,2017-07,2017,7,31,30.452,34.748,26.848,35.813,91.9,6,23,0,30,31,0,21,0,0
shanghai,2017-08,2017,8,31,28.842,32.074,26.258,34.119,122.1,3,12,0,27,28,0,11,0,0
shanghai,2017-09,2017,9,30,24.0,27.027,21.497,26.477,173.7,0,0,0,3,6,0,0,0,0
shanghai,2017-10,2017,10,31,18.703,21.665,16.294,18.261,61.9,0,0,4,0,2,6,0,0,0
shanghai,2017-11,2017,11,30,13.127,16.93,9.94,11.3,70.9,0,0,24,0,0,27,0,0,0
shanghai,2017-12,2017,12,31,6.058,10.303,2.074,2.565,23.6,0,0,31,0,0,31,0,7,1
shanghai,2018-01,2018,1,31,3.8,7.203,0.458,-0.052,102.1,0,0,31,0,0,31,0,10,1
shanghai,2018-02,2018,2,28,4.546,9.089,0.321,0.721,58.7,0,0,28,0,0,28,0,12,1
shanghai,2018-03,2018,3,31,11.294,16.352,7.103,8.929,74.4,0,0,30,0,0,30,0,0,0
shanghai,2018-04,2018,4,30,16.33,21.82,11.813,15.1,72.5,0,0,15,0,0,18,0,0,0
shanghai,2018-05,2018,5,31,21.419,25.765,17.51,22.694,146.9,0,2,3,0,6,5,2,0,0
shanghai,2018-06,2018,6,30,24.093,28.453,20.42,26.733,129.3,0,3,0,5,9,0,3,0,0
shanghai,2018-07,2018,7,31,28.206,31.742,25.494,32.881,141.0,0,9,0,30,29,0,4,0,0
shanghai,2018-08,2018,8,31,28.348,31.423,26.003,32.932,144.8,0,6,0,28,29,0,4,0,0
shanghai,2018-09,2018,9,30,24.717,28.1,21.937,27.823,140.0,0,0,0,9,13,0,0,0,0
shanghai,2018-10,2018,10,31,17.752,22.035,13.958,16.69,29.0,0,0,6,0,0,12,0,0,0
shanghai,2018-11,2018,11,30,13.867,17.64,10.557,12.6,113.8,0,0,21,0,0,25,0,0,0
shanghai,2018-12,2018,12,31,7.971,11.155,4.803,4.835,121.6,0,0,29,0,0,30,0,3,1
shanghai,2019-01,2019,1,31,5.652,9.094,2.561,2.316,50.4,0,0,31,0,0,31,0,6,1
shanghai,2019-02,2019,2,28,6.207,9.493,3.211,2.811,106.1,0,0,28,0,0,28,0,2,1
shanghai,2019-03,2019,3,31,10.435,15.526,6.052,7.89,56.1,0,0,31,0,0,31,0,0,0
shanghai,2019-04,2019,4,30,15.86,20.937,11.57,15.033,78.9,0,0,17,0,0,19,0,0,0
shanghai,2019-05,2019,5,31,19.448,24.668,14.697,19.274,86.1,0,0,8,0,1,10,0,0,0
shanghai,2019-06,2019,6,30,22.94,27.077,19.447,25.127,210.8,0,0,0,2,6,0,0,0,0
shanghai,2019-07,2019,7,31,26.555,29.877,23.765,30.99,190.2,1,8,0,15,20,0,7,0,0
shanghai,2019-08,2019,8,31,27.539,30.968,24.642,32.245,268.8,0,4,0,23,25,0,2,0,0
shanghai,2019-09,2019,9,30,23.59,26.95,20.65,25.973,272.6,0,0,0,2,6,0,0,0,0
shanghai,2019-10,2019,10,31,19.01,22.832,15.713,19.213,103.6,0,0,5,0,0,6,0,0,0
shanghai,2019-11,2019,11,30,14.207,18.47,10.407,12.297,30.3,0,0,21,0,0,24,0,0,0
shanghai,2019-12,2019,12,31,8.435,12.565,4.787,5.445,82.3,0,0,30,0,0,31,0,1,1
shanghai,2020-01,2020,1,31,6.974,9.916,4.152,3.758,146.9,0,0,30,0,0,31,0,2,1
shanghai,2020-02,2020,2,29,8.041,12.848,3.738,5.072,60.4,0,0,29,0,0,29,0,5,1
shanghai,2020-03,2020,3,31,11.371,15.71,7.365,8.784,126.0,0,0,30,0,0,30,0,0,0
shanghai,2020-04,2020,4,30,13.993,19.077,9.313,12.04,45.2,0,0,22,0,0,28,0,0,0
shanghai,2020-05,2020,5,31,21.555,26.348,17.442,22.442,108.4,0,1,0,0,4,0,0,0,0
shanghai,2020-06,2020,6,30,24.897,28.403,21.777,28.587,286.1,0,1,0,6,10,0,0,0,0
shanghai,2020-07,2020,7,31,26.11,29.297,23.455,30.5,411.4,0,4,0,14,18,0,3,0,0
shanghai,2020-08,2020,8,31,29.252,33.426,26.11,33.961,114.5,0,20,0,29,30,0,15,0,0
shanghai,2020-09,2020,9,30,23.25,26.817,20.157,25.447,140.2,0,1,0,1,6,0,0,0,0
shanghai,2020-10,2020,10,31,18.023,21.59,14.845,17.494,45.4,0,0,4,0,0,8,0,0,0
shanghai,2020-11,2020,11,30,14.763,18.3,11.647,13.25,45.7,0,0,17,0,0,22,0,0,0
shanghai,2020-12,2020,12,31,6.416,10.413,2.745,2.942,14.1,0,0,31,0,0,31,0,5,1
shanghai,2021-01,2021,1,31,4.706,9.952,0.4,0.781,15.9,0,0,31,0,0,31,0,12,1
shanghai,2021-02,2021,2,28,9.057,13.725,5.161,6.039,58.4,0,0,28,0,0,28,0,2,1
shanghai,2021-03,2021,3,31,11.232,15.345,7.574,8.987,89.8,0,0,28,0,0,30,0,0,0
shanghai,2021-04,2021,4,30,15.55,19.907,11.607,14.343,88.6,0,0,16,0,0,17,0,0,0
shanghai,2021-05,2021,5,31,21.01,25.745,16.932,21.877,177.5,0,1,0,0,4,3,1,0,0
shanghai,2021-06,2021,6,30,24.127,28.097,20.897,27.16,162.0,0,0,0,1,10,0,0,0,0
shanghai,2021-07,2021,7,31,27.958,31.332,25.426,32.165,429.4,0,7,0,27,25,0,6,0,0
shanghai,2021-08,2021,8,31,27.229,30.303,24.739,32.271,204.2,0,0,0,25,27,0,0,0,0
shanghai,2021-09,2021,9,30,25.417,29.06,22.557,28.77,200.9,0,1,0,8,13,0,0,0,0
shanghai,2021-10,2021,10,31,19.987,23.558,17.158,20.565,86.3,0,0,4,0,1,12,0,0,0
shanghai,2021-11,2021,11,30,12.327,17.237,8.053,10.303,73.1,0,0,23,0,0,25,0,0,0
shanghai,2021-12,2021,12,31,6.594,11.584,2.319,3.365,6.1,0,0,31,0,0,31,0,8,1
shanghai,2022-01,2022,1,31,5.565,9.171,1.942,2.145,70.3,0,0,31,0,0,31,0,7,1
shanghai,2022-02,2022,2,28,4.707,8.325,1.393,0.996,56.3,0,0,28,0,0,28,0,6,1
shanghai,2022-03,2022,3,31,12.126,17.219,8.01,9.723,156.2,0,0,28,0,0,30,0,0,0
shanghai,2022-04,2022,4,30,15.787,20.873,11.437,14.577,168.1,0,0,16,0,1,21,0,0,0
shanghai,2022-05,2022,5,31,19.258,23.916,15.026,19.226,55.5,0,0,2,0,0,6,0,0,0
shanghai,2022-06,2022,6,30,25.287,29.483,21.853,28.313,153.4,0,6,0,7,18,0,4,0,0
shanghai,2022-07,2022,7,31,29.832,34.532,26.174,35.168,123.5,3,20,0,31,31,0,19,0,0
shanghai,2022-08,2022,8,31,30.832,35.952,27.016,35.435,74.8,14,24,0,27,28,0,22,0,0
shanghai,2022-09,2022,9,30,23.587,27.033,20.727,25.25,245.7,0,0,0,0,3,0,0,0,0
shanghai,2022-10,2022,10,31,18.265,22.197,14.961,17.377,26.5,0,1,5,1,3,11,1,0,0
shanghai,2022-11,2022,11,30,15.593,19.68,12.13,14.553,94.8,0,0,16,0,0,18,0,0,0
shanghai,2022-12,2022,12,31,5.232,8.99,1.687,1.523,35.1,0,0,31,0,0,31,0,13,1
shanghai,2023-01,2023,1,31,5.035,9.942,0.597,1.406,73.8,0,0,31,0,0,31,0,13,1
shanghai,2023-02,2023,2,28,6.629,10.446,3.4,3.207,71.9,0,0,28,0,0,28,0,1,1
shanghai,2023-03,2023,3,31,11.461,16.729,7.248,8.852,81.3,0,0,29,0,0,29,0,0,0
shanghai,2023-04,2023,4,30,16.193,21.34,11.747,14.57,58.4,0,0,17,0,0,23,0,0,0
shanghai,2023-05,2023,5,31,21.039,26.09,16.619,21.184,107.1,0,3,3,0,5,7,3,0,0
shanghai,2023-06,2023,6,30,24.903,29.273,21.357,27.747,295.9,0,3,0,4,14,0,3,0,0
shanghai,2023-07,2023,7,31,28.484,31.994,25.832,33.81,267.9,0,9,0,31,29,0,9,0,0
shanghai,2023-08,2023,8,31,27.765,31.406,24.781,32.494,126.5,0,7,0,23,28,0,3,0,0
shanghai,2023-09,2023,9,30,25.133,28.59,22.243,28.817,151.7,0,0,0,7,17,0,0,0,0
shanghai,2023-10,2023,10,31,19.335,23.781,15.448,19.516,14.5,0,0,3,0,0,3,0,0,0
shanghai,2023-11,2023,11,30,13.327,18.293,9.16,11.243,39.5,0,0,22,0,0,24,0,0,0
shanghai,2023-12,2023,12,31,6.271,11.123,2.19,2.91,37.9,0,0,28,0,0,31,0,9,1
fukuoka,2013-01,2013,1,31,5.006,8.058,2.174,1.768,52.9,0,0,31,0,0,31,0,12,1
fukuoka,2013-02,2013,2,28,6.357,9.657,3.168,3.504,102.1,0,0,28,0,0,28,0,9,1
fukuoka,2013-03,2013,3,31,10.548,15.087,5.99,8.587,85.7,0,0,31,0,0,31,0,0,0
fukuoka,2013-04,2013,4,30,12.95,17.367,8.57,11.397,118.7,0,0,28,0,0,28,0,0,0
fukuoka,2013-05,2013,5,31,19.003,23.81,14.261,19.674,49.9,0,0,10,0,0,11,0,0,0
fukuoka,2013-06,2013,6,30,23.043,26.267,20.32,26.207,362.7,0,0,0,0,4,0,0,0,0
fukuoka,2013-07,2013,7,31,27.4,30.748,24.623,32.487,160.4,0,0,0,27,26,0,12,0,0
fukuoka,2013-08,2013,8,31,28.568,31.732,26.006,34.548,200.1,4,11,0,28,28,0,18,0,0
fukuoka,2013-09,2013,9,30,23.997,27.76,20.68,27.027,195.2,0,0,0,3,11,0,0,0,0
fukuoka,2013-10,2013,10,31,19.487,22.748,16.719,20.184,169.3,0,0,1,0,1,4,0,0,0
fukuoka,2013-11,2013,11,30,12.393,15.333,9.373,10.703,96.3,0,0,22,0,0,26,0,0,0
fukuoka,2013-12,2013,12,31,7.177,9.939,4.6,4.239,65.2,0,0,31,0,0,31,0,2,1
fukuoka,2014-01,2014,1,31,6.39,9.945,2.961,3.487,45.9,0,0,31,0,0,31,0,11,1
fukuoka,2014-02,2014,2,28,6.55,9.886,3.571,3.518,116.1,0,0,28,0,0,28,0,3,1
fukuoka,2014-03,2014,3,31,10.103,14.016,5.994,8.068,138.4,0,0,29,0,0,29,0,3,0
fukuoka,2014-04,2014,4,30,13.96,18.38,9.703,13.053,74.9,0,0,24,0,0,27,0,0,0
fukuoka,2014-05,2014,5,31,18.648,23.287,14.058,19.158,145.1,0,0,9,0,1,9,0,0,0
fukuoka,2014-06,2014,6,30,21.763,24.977,18.993,24.387,194.4,0,0,0,0,0,0,0,0,0
fukuoka,2014-07,2014,7,31,25.855,28.932,23.148,30.606,233.3,0,3,0,12,19,0,6,0,0
fukuoka,2014-08,2014,8,31,25.577,28.019,23.69,30.21,289.9,0,0,0,20,14,0,0,0,0
fukuoka,2014-09,2014,9,30,22.907,26.433,19.937,25.573,108.1,0,0,0,1,4,0,0,0,0
fukuoka,2014-10,2014,10,31,18.339,22.026,14.981,18.413,140.6,0,0,7,0,0,9,0,0,0
fukuoka,2014-11,2014,11,30,13.557,16.987,10.453,12.393,83.0,0,0,23,0,0,27,0,0,0
fukuoka,2014-12,2014,12,31,6.2,9.106,3.574,2.845,91.7,0,0,31,0,0,31,0,4,1
fukuoka,2015-01,2015,1,31,6.316,9.181,3.416,3.213,108.6,0,0,31,0,0,31,0,4,1
fukuoka,2015-02,2015,2,28,6.036,9.386,2.95,2.946,38.4,0,0,28,0,0,28,0,8,1
fukuoka,2015-03,2015,3,31,9.394,13.326,5.558,7.074,113.4,0,0,30,0,0,31,0,2,0
fukuoka,2015-04,2015,4,30,14.94,19.167,10.727,14.307,170.9,0,0,21,0,0,23,0,0,0
fukuoka,2015-05,2015,5,31,19.394,23.587,15.423,20.626,146.6,0,0,0,0,0,0,0,0,0
fukuoka,2015-06,2015,6,30,21.49,24.527,18.62,24.053,394.0,0,0,0,0,0,0,0,0,0
fukuoka,2015-07,2015,7,31,25.29,28.668,22.526,29.616,246.8,0,0,0,13,20,0,6,0,0
fukuoka,2015-08,2015,8,31,26.452,29.645,23.719,31.419,329.9,0,4,0,17,19,0,5,0,0
fukuoka,2015-09,2015,9,30,22.04,25.473,19.277,24.25,185.6,0,0,0,0,0,0,0,0,0
fukuoka,2015-10,2015,10,31,17.626,21.748,13.919,17.545,69.0,0,0,3,0,0,7,0,0,0
fukuoka,2015-11,2015,11,30,14.83,17.863,12.023,14.383,192.8,0,0,13,0,0,16,0,0,0
fukuoka,2015-12,2015,12,31,9.361,12.223,6.568,7.177,104.7,0,0,31,0,0,31,0,0,1
fukuoka,2016-01,2016,1,31,5.977,8.497,3.639,2.939,99.0,0,0,31,0,0,31,0,9,1
fukuoka,2016-02,2016,2,29,6.324,9.903,2.924,3.238,97.8,0,0,29,0,0,29,0,9,1
fukuoka,2016-03,2016,3,31,9.919,14.158,6.026,7.839,91.2,0,0,30,0,0,31,0,3,0
fukuoka,2016-04,2016,4,30,15.423,19.783,11.353,15.23,254.1,0,0,19,0,0,22,0,0,0
fukuoka,2016-05,2016,5,31,19.719,24.271,15.277,20.961,209.8,0,0,4,0,0,8,0,0,0
fukuoka,2016-06,2016,6,30,22.613,25.6,19.98,25.747,363.6,0,0,0,0,3,0,0,0,0
fukuoka,2016-07,2016,7,31,26.794,30.181,23.952,31.987,249.4,0,2,0,19,27,0,5,0,0
fukuoka,2016-08,2016,8,31,28.784,32.768,25.458,33.787,52.3,0,18,0,27,28,0,25,0,0
fukuoka,2016-09,2016,9,30,24.51,27.68,22.08,28.53,319.1,0,0,0,7,12,0,0,0,0
fukuoka,2016-10,2016,10,31,20.232,23.452,17.642,21.835,158.8,0,0,0,1,3,0,0,0,0
fukuoka,2016-11,2016,11,30,13.537,16.72,10.333,12.527,103.5,0,0,23,0,0,25,0,0,0
fukuoka,2016-12,2016,12,31,9.365,12.852,6.155,7.152,115.6,0,0,31,0,0,31,0,0,1
fukuoka,2017-01,2017,1,31,6.148,9.3,3.119,2.2,40.1,0,0,31,0,0,31,0,9,1
fukuoka,2017-02,2017,2,28,6.557,9.857,3.389,2.418,57.4,0,0,28,0,0,28,0,6,1
fukuoka,2017-03,2017,3,31,8.619,11.858,5.668,5.316,65.2,0,0,31,0,0,31,0,0,0
fukuoka,2017-04,2017,4,30,14.597,18.413,10.993,13.16,145.4,0,0,19,0,0,24,0,0,0
fukuoka,2017-05,2017,5,31,18.939,23.165,15.052,18.823,114.3,0,0,0,0,0,8,0,0,0
fukuoka,2017-06,2017,6,30,21.807,25.513,18.537,22.917,109.4,0,0,0,0,2,0,0,0,0
fukuoka,2017-07,2017,7,31,27.135,30.261,24.69,32.265,164.6,0,0,0,24,28,0,6,0,0
fukuoka,2017-08,2017,8,31,27.323,30.652,24.655,31.713,95.3,0,4,0,20,27,0,8,0,0
fukuoka,2017-09,2017,9,30,22.547,25.333,20.043,24.667,224.2,0,0,0,0,2,0,0,0,0
fukuoka,2017-10,2017,10,31,18.187,20.887,15.881,18.194,242.4,0,0,3,0,0,8,0,0,0
fukuoka,2017-11,2017,11,30,12.33,15.817,9.21,9.973,35.9,0,0,24,0,0,28,0,0,0
fukuoka,2017-12,2017,12,31,6.303,8.852,4.006,2.139,25.2,0,0,31,0,0,31,0,3,1
fukuoka,2018-01,2018,1,31,4.677,7.21,2.187,0.474,63.9,0,0,31,0,0,31,0,15,1
fukuoka,2018-02,2018,2,28,4.804,7.996,1.636,0.686,71.1,0,0,28,0,0,28,0,14,1
fukuoka,2018-03,2018,3,31,10.19,14.852,5.777,7.439,163.5,0,0,31,0,0,31,0,1,0
fukuoka,2018-04,2018,4,30,15.043,19.52,10.77,13.663,138.9,0,0,23,0,0,26,0,0,0
fukuoka,2018-05,2018,5,31,18.703,22.603,14.974,18.771,145.3,0,0,7,0,0,9,0,0,0
fukuoka,2018-06,2018,6,30,21.84,25.113,18.99,23.947,208.8,0,0,0,0,1,0,0,0,0
fukuoka,2018-07,2018,7,31,27.113,30.397,24.271,31.332,313.7,0,4,0,20,25,0,6,0,0
fukuoka,2018-08,2018,8,31,28.829,32.816,25.352,32.697,33.2,0,15,0,27,27,0,20,0,0
fukuoka,2018-09,2018,9,30,23.057,26.16,20.603,25.48,368.1,0,0,0,1,3,0,1,0,0
fukuoka,2018-10,2018,10,31,17.361,20.381,14.626,16.59,85.2,0,0,7,0,0,12,0,0,0
fukuoka,2018-11,2018,11,30,13.03,16.517,9.757,11.247,53.8,0,0,27,0,0,27,0,0,0
fukuoka,2018-12,2018,12,31,8.623,11.297,6.068,5.435,104.4,0,0,29,0,0,29,0,1,1
fukuoka,2019-01,2019,1,31,6.69,9.61,3.681,2.987,41.3,0,0,31,0,0,31,0,2,1
fukuoka,2019-02,2019,2,28,7.682,11.096,4.407,4.454,62.8,0,0,28,0,0,28,0,3,1
fukuoka,2019-03,2019,3,31,9.91,13.452,6.603,6.929,146.8,0,0,30,0,0,31,0,1,0
fukuoka,2019-04,2019,4,30,13.7,17.55,10.11,12.177,130.5,0,0,24,0,0,24,0,0,0
fukuoka,2019-05,2019,5,31,18.881,23.316,14.758,18.506,86.8,0,0,4,0,0,12,0,0,0
fukuoka,2019-06,2019,6,30,21.507,25.043,18.58,23.247,142.1,0,0,0,0,4,0,0,0,0
fukuoka,2019-07,2019,7,31,24.719,27.665,22.448,28.661,320.0,0,0,0,11,13,0,0,0,0
fukuoka,2019-08,2019,8,31,26.645,30.032,23.874,30.903,316.0,0,6,0,16,20,0,9,0,0
fukuoka,2019-09,2019,9,30,24.343,27.823,21.483,27.29,148.2,0,0,0,3,12,0,3,0,0
fukuoka,2019-10,2019,10,31,19.0,22.355,16.135,19.235,97.1,0,0,3,0,0,5,0,0,0
fukuoka,2019-11,2019,11,30,13.443,17.243,10.067,11.703,38.9,0,0,22,0,0,28,0,0,0
fukuoka,2019-12,2019,12,31,9.119,12.661,6.184,6.081,91.4,0,0,31,0,0,31,0,0,1
fukuoka,2020-01,2020,1,31,8.216,10.826,5.871,5.048,155.2,0,0,31,0,0,31,0,0,1
fukuoka,2020-02,2020,2,29,7.99,11.583,4.441,4.666,101.5,0,0,29,0,0,29,0,5,1
fukuoka,2020-03,2020,3,31,10.487,14.477,6.748,7.765,134.0,0,0,30,0,0,30,0,1,0
fukuoka,2020-04,2020,4,30,12.003,15.42,8.343,9.373,116.5,0,0,29,0,0,30,0,0,0
fukuoka,2020-05,2020,5,31,18.516,22.435,14.8,18.813,142.7,0,0,3,0,0,9,0,0,0
fukuoka,2020-06,2020,6,30,23.273,26.92,20.193,25.857,328.2,0,0,0,0,5,0,1,0,0
fukuoka,2020-07,2020,7,31,24.274,27.01,22.184,27.868,671.8,0,0,0,7,10,0,0,0,0
fukuoka,2020-08,2020,8,31,28.026,31.819,25.2,32.961,69.2,0,6,0,25,29,0,17,0,0
fukuoka,2020-09,2020,9,30,22.813,25.653,20.413,24.803,349.3,0,2,0,1,3,0,2,0,0
fukuoka,2020-10,2020,10,31,17.523,20.945,14.645,16.977,78.5,0,0,6,0,0,8,0,0,0
fukuoka,2020-11,2020,11,30,13.793,17.157,10.703,12.057,49.4,0,0,23,0,0,24,0,0,0
fukuoka,2020-12,2020,12,31,7.268,10.297,4.529,3.458,58.3,0,0,31,0,0,31,0,3,1
fukuoka,2021-01,2021,1,31,5.645,8.713,2.923,1.713,70.5,0,0,31,0,0,31,0,11,1
fukuoka,2021-02,2021,2,28,8.15,12.389,4.504,4.646,90.1,0,0,28,0,0,28,0,7,1
fukuoka,2021-03,2021,3,31,11.603,15.781,7.939,9.394,128.3,0,0,30,0,0,31,0,0,0
fukuoka,2021-04,2021,4,30,14.543,18.96,10.423,12.62,99.3,0,0,21,0,0,25,0,0,0
fukuoka,2021-05,2021,5,31,18.439,21.884,15.261,18.51,219.9,0,0,5,0,0,7,0,0,0
fukuoka,2021-06,2021,6,30,22.343,25.757,19.423,24.75,171.8,0,0,0,0,1,0,0,0,0
fukuoka,2021-07,2021,7,31,26.977,30.748,23.997,30.81,118.5,0,4,0,12,25,0,9,0,0
fukuoka,2021-08,2021,8,31,26.048,29.035,23.839,30.426,943.4,0,1,0,13,19,0,2,0,0
fukuoka,2021-09,2021,9,30,23.967,27.127,21.517,26.917,284.1,0,0,0,2,4,0,0,0,0
fukuoka,2021-10,2021,10,31,19.284,23.203,16.055,19.429,54.2,0,0,4,0,0,13,0,0,0
fukuoka,2021-11,2021,11,30,12.757,16.36,9.84,10.253,102.9,0,0,24,0,0,28,0,0,0
fukuoka,2021-12,2021,12,31,7.761,11.0,4.839,3.945,54.1,0,0,31,0,0,31,0,6,1
fukuoka,2022-01,2022,1,31,5.494,8.365,2.877,1.729,60.2,0,0,31,0,0,31,0,9,1
fukuoka,2022-02,2022,2,28,4.596,7.436,1.879,0.268,34.6,0,0,28,0,0,28,0,14,1
fukuoka,2022-03,2022,3,31,10.729,14.906,7.029,8.297,148.7,0,0,28,0,0,30,0,0,0
fukuoka,2022-04,2022,4,30,14.45,18.583,10.623,13.27,138.5,0,0,20,0,0,22,0,0,0
fukuoka,2022-05,2022,5,31,18.745,22.697,14.987,18.729,65.3,0,0,5,0,0,7,0,0,0
fukuoka,2022-06,2022,6,30,22.793,26.333,19.797,25.05,264.0,0,0,0,1,8,0,1,0,0
fukuoka,2022-07,2022,7,31,26.723,30.11,24.045,31.219,176.6,0,3,0,17,24,0,6,0,0
fukuoka,2022-08,2022,8,31,27.51,31.094,24.829,32.161,146.4,0,4,0,25,26,0,13,0,0
fukuoka,2022-09,2022,9,30,24.017,27.267,21.197,26.46,236.4,0,3,0,1,9,0,3,0,0
fukuoka,2022-10,2022,10,31,17.742,21.461,14.6,17.381,38.2,0,0,8,0,0,15,0,0,0
fukuoka,2022-11,2022,11,30,14.917,19.02,11.403,13.5,68.6,0,0,18,0,0,24,0,0,0
fukuoka,2022-12,2022,12,31,6.59,9.313,4.006,2.552,52.0,0,0,31,0,0,31,0,6,1
fukuoka,2023-01,2023,1,31,5.865,9.006,2.826,1.974,131.8,0,0,30,0,0,31,0,10,1
fukuoka,2023-02,2023,2,28,7.279,10.854,3.768,4.057,107.8,0,0,28,0,0,28,0,7,1
fukuoka,2023-03,2023,3,31,11.652,16.023,7.816,9.658,112.7,0,0,29,0,0,30,0,1,0
fukuoka,2023-04,2023,4,30,14.507,18.707,10.68,12.937,236.0,0,0,22,0,0,25,0,0,0
fukuoka,2023-05,2023,5,31,18.426,22.339,14.71,18.574,250.6,0,0,5,0,0,8,0,0,0
fukuoka,2023-06,2023,6,30,22.36,25.743,19.517,24.873,208.2,0,0,0,0,6,0,0,0,0
fukuoka,2023-07,2023,7,31,26.9,30.487,23.935,31.626,280.1,0,4,0,19,27,0,8,0,0
fukuoka,2023-08,2023,8,31,28.226,32.148,25.145,32.745,188.0,0,9,0,26,28,0,16,0,0
fukuoka,2023-09,2023,9,30,25.16,28.55,22.377,28.867,130.3,0,0,0,7,14,0,0,0,0
fukuoka,2023-10,2023,10,31,18.074,22.006,14.484,17.377,32.7,0,0,6,0,0,9,0,0,0
fukuoka,2023-11,2023,11,30,13.447,17.687,9.32,11.173,67.0,0,0,23,0,0,26,0,0,0
fukuoka,2023-12,2023,12,31,8.574,12.081,5.352,5.384,108.3,0,0,29,0,0,30,0,4,1
seoul,2013-01,2013,1,31,-5.187,-0.039,-10.11,-9.626,28.0,0,0,31,0,0,31,0,19,1
seoul,2013-02,2013,2,28,-3.061,1.925,-8.079,-7.357,52.2,0,0,28,0,0,28,0,8,1
seoul,2013-03,2013,3,31,3.571,9.513,-1.755,-0.039,37.0,0,0,31,0,0,31,0,0,0
seoul,2013-04,2013,4,30,8.34,13.65,2.95,5.377,71.4,0,0,30,0,0,30,0,0,0
seoul,2013-05,2013,5,31,16.145,21.587,11.026,15.742,105.7,0,0,18,0,1,21,0,0,0
seoul,2013-06,2013,6,30,22.66,27.33,18.18,24.997,89.0,0,0,0,0,6,0,0,0,0
seoul,2013-07,2013,7,31,24.723,27.665,22.516,28.535,486.6,0,0,0,2,11,0,0,0,0
seoul,2013-08,2013,8,31,26.074,29.735,23.094,30.819,181.4,0,0,0,20,25,0,8,0,0
seoul,2013-09,2013,9,30,20.393,24.333,16.583,21.697,87.4,0,0,2,0,0,3,0,0,0
seoul,2013-10,2013,10,31,14.232,19.426,8.981,13.058,18.9,0,0,24,0,0,26,0,0,0
seoul,2013-11,2013,11,30,5.343,9.747,1.18,1.983,52.7,0,0,30,0,0,30,0,0,0
seoul,2013-12,2013,12,31,-0.852,3.632,-4.452,-4.9,22.3,0,0,31,0,0,31,0,2,1
seoul,2014-01,2014,1,31,-1.429,3.252,-5.523,-5.742,9.4,0,0,31,0,0,31,0,3,1
seoul,2014-02,2014,2,28,0.907,5.843,-3.35,-2.95,20.3,0,0,28,0,0,28,0,1,1
seoul,2014-03,2014,3,31,6.039,11.665,0.977,2.816,21.9,0,0,31,0,0,31,0,0,0
seoul,2014-04,2014,4,30,12.813,18.843,7.557,10.733,47.0,0,0,29,0,0,29,0,0,0
seoul,2014-05,2014,5,31,17.032,23.213,11.5,16.103,63.3,0,0,17,0,1,20,1,0,0
seoul,2014-06,2014,6,30,21.98,26.873,17.903,23.56,51.6,0,0,0,0,0,0,0,0,0
seoul,2014-07,2014,7,31,25.326,29.884,21.497,28.445,116.5,0,3,0,2,15,0,13,0,0
seoul,2014-08,2014,8,31,23.806,27.303,20.855,26.984,255.1,0,1,0,4,4,0,2,0,0
seoul,2014-09,2014,9,30,20.607,24.977,16.42,22.02,81.2,0,0,0,0,0,0,0,0,0
seoul,2014-10,2014,10,31,13.826,19.077,8.597,12.429,71.9,0,0,27,0,0,29,0,0,0
seoul,2014-11,2014,11,30,7.28,11.93,2.84,4.383,30.3,0,0,30,0,0,30,0,0,0
seoul,2014-12,2014,12,31,-3.216,1.239,-7.106,-7.948,20.4,0,0,31,0,0,31,0,8,1
seoul,2015-01,2015,1,31,-1.629,2.955,-5.268,-6.0,18.2,0,0,31,0,0,31,0,3,1
seoul,2015-02,2015,2,28,0.086,4.964,-4.029,-4.15,19.1,0,0,28,0,0,28,0,2,1
seoul,2015-03,2015,3,31,4.381,10.448,-1.39,0.742,17.1,0,0,31,0,0,31,0,0,0
seoul,2015-04,2015,4,30,11.54,17.217,6.53,9.19,98.5,0,0,29,0,0,29,0,0,0
seoul,2015-05,2015,5,31,17.271,23.223,11.577,16.155,46.3,0,0,22,0,0,24,0,0,0
seoul,2015-06,2015,6,30,22.397,27.863,17.577,23.437,45.5,0,0,0,0,1,0,1,0,0
seoul,2015-07,2015,7,31,24.626,28.723,21.265,27.429,204.6,0,2,0,4,12,0,5,0,0
seoul,2015-08,2015,8,31,25.1,29.203,21.597,28.681,40.4,0,0,0,6,19,0,3,0,0
seoul,2015-09,2015,9,30,21.293,26.723,16.303,21.547,11.3,0,0,0,0,0,0,0,0,0
seoul,2015-10,2015,10,31,14.539,19.568,9.784,13.113,70.3,0,0,27,0,0,28,0,0,0
seoul,2015-11,2015,11,30,8.273,11.887,5.037,5.82,93.5,0,0,30,0,0,30,0,0,0
seoul,2015-12,2015,12,31,0.884,5.519,-2.89,-2.89,29.1,0,0,31,0,0,31,0,0,1
seoul,2016-01,2016,1,31,-3.406,1.0,-6.926,-8.013,0.2,0,0,31,0,0,31,0,9,1
seoul,2016-02,2016,2,29,-0.317,4.672,-4.541,-4.821,35.4,0,0,29,0,0,29,0,2,1
seoul,2016-03,2016,3,31,5.335,11.461,-0.103,1.968,33.5,0,0,31,0,0,31,0,0,0
seoul,2016-04,2016,4,30,12.613,18.997,6.963,10.537,80.8,0,0,29,0,0,30,0,0,0
seoul,2016-05,2016,5,31,17.6,23.39,11.952,17.045,144.2,0,0,14,0,0,19,0,0,0
seoul,2016-06,2016,6,30,22.097,27.157,17.66,23.7,77.3,0,0,0,0,2,0,0,0,0
seoul,2016-07,2016,7,31,24.868,28.403,21.894,28.71,352.0,0,0,0,8,17,0,6,0,0
seoul,2016-08,2016,8,31,26.471,30.277,23.039,30.794,62.1,0,2,0,25,25,0,23,0,0
seoul,2016-09,2016,9,30,21.66,25.94,17.86,23.487,49.5,0,0,1,0,0,1,0,0,0
seoul,2016-10,2016,10,31,14.726,19.452,10.184,13.652,79.6,0,0,22,0,0,22,0,0,0
seoul,2016-11,2016,11,30,5.64,10.483,1.467,2.393,17.2,0,0,30,0,0,30,0,0,0
seoul,2016-12,2016,12,31,0.71,5.252,-3.171,-3.174,44.2,0,0,31,0,0,31,0,0,1
seoul,2017-01,2017,1,31,-2.606,2.381,-6.355,-7.281,11.2,0,0,31,0,0,31,0,10,1
seoul,2017-02,2017,2,28,-1.246,4.318,-5.804,-6.039,14.2,0,0,28,0,0,28,0,2,1
seoul,2017-03,2017,3,31,4.503,10.8,-0.945,0.677,11.2,0,0,31,0,0,31,0,0,0
seoul,2017-04,2017,4,30,12.233,18.637,6.98,9.45,40.2,0,0,30,0,0,30,0,0,0
seoul,2017-05,2017,5,31,18.013,24.565,12.561,16.41,25.8,0,0,13,0,0,21,0,0,0
seoul,2017-06,2017,6,30,22.037,27.753,17.233,22.05,43.2,0,0,0,0,3,2,4,0,0
seoul,2017-07,2017,7,31,25.345,28.626,22.842,29.555,542.4,0,0,0,7,14,0,7,0,0
seoul,2017-08,2017,8,31,24.119,27.484,21.39,27.335,288.0,0,1,0,6,10,0,5,0,0
seoul,2017-09,2017,9,30,19.547,24.223,15.353,20.27,37.1,0,0,2,0,0,6,0,0,0
seoul,2017-10,2017,10,31,13.906,19.119,9.532,12.377,26.9,0,0,23,0,0,25,0,0,0
seoul,2017-11,2017,11,30,3.793,8.573,-0.36,0.02,27.1,0,0,30,0,0,30,0,0,0
seoul,2017-12,2017,12,31,-3.21,1.148,-6.906,-7.89,38.9,0,0,31,0,0,31,0,9,1
seoul,2018-01,2018,1,31,-5.132,-0.771,-8.639,-10.048,8.9,0,0,31,0,0,31,0,12,1
seoul,2018-02,2018,2,28,-2.954,2.404,-7.061,-7.882,29.7,0,0,28,0,0,28,0,9,1
seoul,2018-03,2018,3,31,5.429,11.142,0.955,2.139,47.4,0,0,31,0,0,31,0,0,0
seoul,2018-04,2018,4,30,10.73,16.36,5.587,7.983,86.4,0,0,30,0,0,30,0,0,0
seoul,2018-05,2018,5,31,16.126,21.523,11.39,15.368,158.8,0,0,19,0,0,20,0,0,0
seoul,2018-06,2018,6,30,21.227,26.487,16.917,22.11,96.3,0,0,0,0,0,0,0,0,0
seoul,2018-07,2018,7,31,25.529,29.658,22.148,29.284,205.1,0,5,0,8,20,0,13,0,0
seoul,2018-08,2018,8,31,27.19,30.981,23.797,30.684,263.3,0,13,0,15,18,0,19,0,0
seoul,2018-09,2018,9,30,19.437,23.48,15.687,19.84,78.5,0,0,2,0,0,6,0,0,0
seoul,2018-10,2018,10,31,11.106,16.026,6.552,8.9,121.1,0,0,29,0,0,31,0,0,0
seoul,2018-11,2018,11,30,5.693,10.987,1.34,2.713,47.2,0,0,30,0,0,30,0,0,0
seoul,2018-12,2018,12,31,-2.442,2.377,-6.206,-7.052,13.7,0,0,31,0,0,31,0,8,1
seoul,2019-01,2019,1,31,-2.626,2.403,-6.413,-7.258,0.5,0,0,31,0,0,31,0,5,1
seoul,2019-02,2019,2,28,-0.754,5.082,-4.982,-5.136,20.5,0,0,28,0,0,28,0,2,1
seoul,2019-03,2019,3,31,4.684,10.952,-0.706,0.952,27.6,0,0,31,0,0,31,0,0,0
seoul,2019-04,2019,4,30,10.193,16.013,4.87,7.51,41.3,0,0,28,0,0,29,0,0,0
seoul,2019-05,2019,5,31,17.574,23.958,11.877,16.0,38.6,0,0,19,0,0,23,1,0,0
seoul,2019-06,2019,6,30,20.907,25.867,16.587,21.523,61.2,0,0,1,0,0,1,1,0,0
seoul,2019-07,2019,7,31,24.884,29.168,21.61,27.381,178.7,0,3,0,7,9,0,9,0,0
seoul,2019-08,2019,8,31,25.51,29.371,22.077,29.226,152.6,0,5,0,11,14,0,11,0,0
seoul,2019-09,2019,9,30,20.927,25.037,17.477,22.293,144.6,0,0,2,0,2,3,0,0,0
seoul,2019-10,2019,10,31,14.358,19.271,10.052,13.2,85.1,0,0,22,0,0,27,0,0,0
seoul,2019-11,2019,11,30,5.777,11.197,1.313,2.567,73.5,0,0,30,0,0,30,0,0,0
seoul,2019-12,2019,12,31,-0.261,4.416,-4.316,-4.397,24.9,0,0,31,0,0,31,0,2,1
seoul,2020-01,2020,1,31,-0.158,4.868,-3.848,-4.197,63.9,0,0,31,0,0,31,0,0,1
seoul,2020-02,2020,2,29,0.803,6.01,-3.362,-3.162,60.0,0,0,29,0,0,29,0,2,1
seoul,2020-03,2020,3,31,5.455,11.326,-0.081,1.671,17.6,0,0,31,0,0,31,0,0,0
seoul,2020-04,2020,4,30,9.613,15.537,4.227,6.033,24.4,0,0,30,0,0,30,0,0,0
seoul,2020-05,2020,5,31,16.519,22.013,12.21,15.655,114.5,0,0,13,0,0,19,0,0,0
seoul,2020-06,2020,6,30,22.217,27.357,18.2,23.503,139.8,0,1,0,0,4,1,5,0,0
seoul,2020-07,2020,7,31,22.648,26.319,19.587,24.9,330.5,0,0,0,0,1,0,0,0,0
seoul,2020-08,2020,8,31,25.365,28.397,23.165,29.484,548.0,0,0,0,8,16,0,4,0,0
seoul,2020-09,2020,9,30,19.567,23.493,16.187,20.12,215.6,0,0,2,0,0,3,0,0,0
seoul,2020-10,2020,10,31,12.574,17.852,7.735,10.571,11.7,0,0,28,0,0,28,0,0,0
seoul,2020-11,2020,11,30,6.24,11.137,1.723,3.037,66.1,0,0,29,0,0,29,0,0,0
seoul,2020-12,2020,12,31,-2.168,2.506,-5.89,-6.626,2.7,0,0,31,0,0,31,0,7,1
seoul,2021-01,2021,1,31,-3.874,1.348,-7.935,-8.674,16.7,0,0,31,0,0,31,0,19,1
seoul,2021-02,2021,2,28,0.486,6.529,-4.689,-4.029,11.6,0,0,28,0,0,28,0,4,1
seoul,2021-03,2021,3,31,6.723,12.781,1.681,3.577,94.7,0,0,31,0,0,31,0,0,0
seoul,2021-04,2021,4,30,11.94,17.46,6.943,9.377,91.0,0,0,28,0,0,30,0,0,0
seoul,2021-05,2021,5,31,15.229,20.377,10.752,14.3,215.5,0,0,20,0,0,23,0,0,0
seoul,2021-06,2021,6,30,21.057,25.353,17.537,22.777,78.2,0,0,0,0,1,1,0,0,0
seoul,2021-07,2021,7,31,26.442,30.594,23.077,30.532,130.0,0,8,0,16,21,0,18,0,0
seoul,2021-08,2021,8,31,24.745,28.432,21.516,27.677,284.6,0,0,0,4,10,0,5,0,0
seoul,2021-09,2021,9,30,21.113,25.207,17.6,22.167,176.8,0,0,0,0,0,0,0,0,0
seoul,2021-10,2021,10,31,14.006,18.742,10.145,13.084,67.7,0,0,17,0,0,17,0,0,0
seoul,2021-11,2021,11,30,6.163,11.427,1.643,3.187,59.5,0,0,30,0,0,30,0,0,0
seoul,2021-12,2021,12,31,-1.258,3.871,-5.435,-5.555,11.1,0,0,31,0,0,31,0,7,1
seoul,2022-01,2022,1,31,-3.474,1.661,-7.165,-8.123,5.6,0,0,31,0,0,31,0,10,1
seoul,2022-02,2022,2,28,-2.571,2.882,-6.55,-7.4,3.7,0,0,28,0,0,28,0,8,1
seoul,2022-03,2022,3,31,5.219,11.41,-0.061,1.774,81.1,0,0,31,0,0,31,0,0,0
seoul,2022-04,2022,4,30,12.033,18.43,6.79,9.633,29.4,0,0,28,0,0,28,0,0,0
seoul,2022-05,2022,5,31,17.029,23.358,11.39,15.361,17.9,0,0,13,0,0,21,0,0,0
seoul,2022-06,2022,6,30,21.877,26.657,17.913,22.867,334.3,0,1,0,0,2,4,1,0,0
seoul,2022-07,2022,7,31,25.623,29.271,22.603,29.713,220.8,0,1,0,7,19,0,9,0,0
seoul,2022-08,2022,8,31,24.048,27.303,21.326,27.474,464.1,0,0,0,8,12,0,2,0,0
seoul,2022-09,2022,9,30,20.37,25.383,16.127,21.2,245.9,0,0,4,0,1,6,1,0,0
seoul,2022-10,2022,10,31,12.316,17.277,8.061,10.684,195.3,0,0,26,0,0,28,0,0,0
seoul,2022-11,2022,11,30,7.79,13.623,2.87,4.99,59.4,0,0,30,0,0,30,0,1,0
seoul,2022-12,2022,12,31,-4.648,0.087,-8.439,-9.287,11.3,0,0,31,0,0,31,0,15,1
seoul,2023-01,2023,1,31,-3.5,1.871,-7.81,-8.106,36.3,0,0,31,0,0,31,0,12,1
seoul,2023-02,2023,2,28,0.068,5.8,-4.443,-4.064,2.6,0,0,28,0,0,28,0,0,1
seoul,2023-03,2023,3,31,7.177,14.074,1.248,3.784,18.1,0,0,31,0,0,31,0,0,0
seoul,2023-04,2023,4,30,11.92,17.687,6.607,9.123,103.7,0,0,30,0,0,30,0,0,0
seoul,2023-05,2023,5,31,17.274,22.923,12.213,16.639,166.8,0,0,13,0,0,17,0,0,0
seoul,2023-06,2023,6,30,21.417,25.903,17.67,23.113,220.3,0,1,0,0,2,0,2,0,0
seoul,2023-07,2023,7,31,25.103,28.794,22.129,29.135,417.9,0,1,0,1,18,0,9,0,0
seoul,2023-08,2023,8,31,25.629,29.284,22.545,29.729,311.0,0,2,0,7,20,0,15,0,0
seoul,2023-09,2023,9,30,21.957,25.977,18.61,24.183,144.9,0,0,0,0,5,0,0,0,0
seoul,2023-10,2023,10,31,13.665,18.894,9.294,12.471,25.0,0,0,26,0,0,29,0,0,0
seoul,2023-11,2023,11,30,4.93,9.623,0.883,1.637,104.3,0,0,25,0,0,26,0,0,0
seoul,2023-12,2023,12,31,-0.403,4.239,-4.323,-4.481,81.2,0,0,31,0,0,31,0,7,1
phoenix,2013-01,2013,1,31,10.029,17.419,2.916,6.439,46.6,0,0,29,0,0,30,0,22,1
phoenix,2013-02,2013,2,28,11.411,18.436,4.154,8.396,13.0,0,0,28,0,0,28,0,10,1
phoenix,2013-03,2013,3,31,19.552,27.139,10.494,16.681,21.7,0,0,19,0,0,27,0,0,0
phoenix,2013-04,2013,4,30,23.663,30.557,14.837,20.147,1.2,0,7,5,0,4,14,0,0,0
phoenix,2013-05,2013,5,31,28.168,34.868,19.448,25.123,0.3,0,24,0,0,18,1,0,0,0
phoenix,2013-06,2013,6,30,34.567,41.74,25.38,32.07,0.2,3,30,0,1,30,0,4,0,0
phoenix,2013-07,2013,7,31,34.606,39.71,28.606,35.932,38.3,22,30,0,28,31,0,4,0,0
phoenix,2013-08,2013,8,31,33.823,39.21,27.648,34.229,11.8,15,29,0,19,30,0,2,0,0
phoenix,2013-09,2013,9,30,30.047,36.003,23.05,29.607,24.0,4,23,0,8,21,1,0,0,0
phoenix,2013-10,2013,10,31,22.445,29.539,13.774,19.339,1.8,0,6,11,0,0,21,0,0,0
phoenix,2013-11,2013,11,30,17.293,23.897,10.65,14.773,60.4,0,0,19,0,0,25,0,0,0
phoenix,2013-12,2013,12,31,10.203,17.606,3.816,7.313,21.8,0,0,31,0,0,31,0,15,1
phoenix,2014-01,2014,1,31,12.958,21.377,4.739,9.655,0.0,0,0,31,0,0,31,0,11,1
phoenix,2014-02,2014,2,28,16.821,24.068,8.325,13.704,1.3,0,0,26,0,0,28,0,1,1
phoenix,2014-03,2014,3,31,19.258,26.184,10.758,16.481,41.8,0,0,22,0,0,31,0,0,0
phoenix,2014-04,2014,4,30,23.237,30.063,14.587,19.633,0.5,0,9,6,0,4,20,0,0,0
phoenix,2014-05,2014,5,31,27.903,34.6,19.148,24.568,0.0,0,19,0,0,14,4,0,0,0
phoenix,2014-06,2014,6,30,33.86,40.663,24.76,31.25,0.0,0,30,0,1,30,0,0,0,0
phoenix,2014-07,2014,7,31,34.826,40.471,28.39,35.494,31.4,18,31,0,25,31,0,4,0,0
phoenix,2014-08,2014,8,31,31.897,37.31,25.758,33.335,55.0,7,27,0,15,30,0,0,0,0
phoenix,2014-09,2014,9,30,30.193,35.78,24.427,31.73,86.1,2,22,0,12,25,0,0,0,0
phoenix,2014-10,2014,10,31,24.552,31.577,16.819,23.997,11.5,0,8,0,0,4,4,0,0,0
phoenix,2014-11,2014,11,30,17.323,24.583,9.683,14.2,0.0,0,0,20,0,0,29,0,0,0
phoenix,2014-12,2014,12,31,12.039,17.748,6.471,10.09,35.9,0,0,29,0,0,30,0,5,1
phoenix,2015-01,2015,1,31,12.381,19.252,5.703,9.935,37.5,0,0,31,0,0,31,0,7,1
phoenix,2015-02,2015,2,28,16.964,24.207,8.95,14.732,1.2,0,0,24,0,0,27,0,0,1
phoenix,2015-03,2015,3,31,21.029,28.097,12.387,18.284,18.6,0,5,13,0,0,25,0,0,0
phoenix,2015-04,2015,4,30,22.88,29.557,14.213,19.637,4.3,0,3,4,0,1,19,0,0,0
phoenix,2015-05,2015,5,31,25.216,31.345,17.687,22.865,13.1,0,10,1,0,8,5,0,0,0
phoenix,2015-06,2015,6,30,33.917,40.31,25.897,32.653,14.0,12,29,0,6,28,0,9,0,0
phoenix,2015-07,2015,7,31,34.042,39.684,27.684,34.126,16.8,15,31,0,19,31,0,0,0,0
phoenix,2015-08,2015,8,31,35.729,41.261,29.294,36.361,10.4,25,31,0,31,31,0,6,0,0
phoenix,2015-09,2015,9,30,31.347,36.95,25.097,32.21,22.5,3,28,0,9,30,0,0,0,0
phoenix,2015-10,2015,10,31,24.319,30.268,18.516,23.994,55.9,0,11,1,0,8,1,0,0,0
phoenix,2015-11,2015,11,30,14.463,21.38,7.59,11.583,12.1,0,0,29,0,0,30,0,2,0
phoenix,2015-12,2015,12,31,10.381,17.316,3.484,7.061,4.1,0,0,31,0,0,31,0,16,1
phoenix,2016-01,2016,1,31,10.871,17.548,4.332,8.171,61.7,0,0,31,0,0,31,0,10,1
phoenix,2016-02,2016,2,29,16.614,25.379,7.124,13.017,2.2,0,0,28,0,0,29,0,6,1
phoenix,2016-03,2016,3,31,20.39,27.555,11.239,16.906,0.0,0,0,20,0,0,30,0,0,0
phoenix,2016-04,2016,4,30,22.44,28.913,14.607,19.543,20.7,0,5,6,0,3,16,0,0,0
phoenix,2016-05,2016,5,31,26.274,32.771,18.358,23.835,6.9,0,16,1,0,10,3,0,0,0
phoenix,2016-06,2016,6,30,34.747,41.393,26.36,33.083,8.6,10,30,0,9,30,0,11,0,0
phoenix,2016-07,2016,7,31,35.845,41.597,28.906,36.129,15.1,23,31,0,21,31,0,10,0,0
phoenix,2016-08,2016,8,31,31.99,37.39,25.935,33.655,68.6,3,29,0,13,31,0,0,0,0
phoenix,2016-09,2016,9,30,29.47,35.497,22.83,28.987,15.3,1,23,0,4,23,0,0,0,0
phoenix,2016-10,2016,10,31,26.626,33.4,18.506,24.929,10.9,0,22,0,0,12,1,0,0,0
phoenix,2016-11,2016,11,30,18.29,24.813,11.71,15.82,29.4,0,0,13,0,0,20,0,1,0
phoenix,2016-12,2016,12,31,12.568,18.987,6.416,10.245,48.1,0,0,29,0,0,29,0,5,1
phoenix,2017-01,2017,1,31,11.174,16.503,6.535,8.81,44.2,0,0,31,0,0,31,0,4,1
phoenix,2017-02,2017,2,28,15.268,21.689,9.35,12.939,48.8,0,0,23,0,0,27,0,0,1
phoenix,2017-03,2017,3,31,20.365,28.277,12.255,17.468,3.7,0,8,13,0,1,25,0,0,0
phoenix,2017-04,2017,4,30,23.98,31.233,15.587,20.18,0.2,0,10,3,0,2,17,0,0,0
phoenix,2017-05,2017,5,31,27.574,33.981,19.803,24.219,3.7,0,21,0,0,15,4,0,0,0
phoenix,2017-06,2017,6,30,34.87,41.673,26.797,32.15,0.0,10,30,0,6,28,0,9,0,0
phoenix,2017-07,2017,7,31,33.406,38.99,27.974,34.974,64.5,15,29,0,27,31,0,4,0,0
phoenix,2017-08,2017,8,31,33.997,39.681,27.816,34.087,21.4,15,31,0,20,31,0,1,0,0
phoenix,2017-09,2017,9,30,30.223,36.483,23.737,28.817,12.1,7,24,0,8,22,0,0,0,0
phoenix,2017-10,2017,10,31,26.523,33.787,18.848,23.361,0.6,0,21,0,0,7,2,0,0,0
phoenix,2017-11,2017,11,30,21.057,27.77,14.027,18.47,0.9,0,0,5,0,0,18,0,0,0
phoenix,2017-12,2017,12,31,14.061,21.419,7.223,10.197,1.6,0,0,25,0,0,30,0,4,1
phoenix,2018-01,2018,1,31,14.968,22.235,8.248,11.274,10.1,0,0,29,0,0,31,0,1,1
phoenix,2018-02,2018,2,28,14.261,21.007,7.454,11.075,28.3,0,0,26,0,0,28,0,4,1
phoenix,2018-03,2018,3,31,18.623,25.465,10.897,15.135,5.0,0,0,19,0,0,27,0,0,0
phoenix,2018-04,2018,4,30,25.147,31.907,16.46,21.22,0.0,0,13,4,0,6,13,0,0,0
phoenix,2018-05,2018,5,31,28.432,35.242,20.052,25.113,2.7,0,26,1,0,15,2,0,0,0
phoenix,2018-06,2018,6,30,33.28,40.153,24.663,30.793,14.1,3,29,0,1,29,0,1,0,0
phoenix,2018-07,2018,7,31,35.074,40.813,28.9,35.616,25.5,19,31,0,25,31,0,8,0,0
phoenix,2018-08,2018,8,31,33.984,39.458,27.797,35.226,17.0,14,31,0,21,31,0,5,0,0
phoenix,2018-09,2018,9,30,32.637,38.603,25.507,32.043,14.9,5,29,0,5,30,0,0,0,0
phoenix,2018-10,2018,10,31,21.329,26.855,16.668,20.774,142.1,0,0,0,0,0,6,0,0,0
phoenix,2018-11,2018,11,30,16.547,23.553,9.713,13.21,8.1,0,0,23,0,0,30,0,0,0
phoenix,2018-12,2018,12,31,12.052,18.41,6.152,8.994,21.2,0,0,31,0,0,31,0,5,1
phoenix,2019-01,2019,1,31,11.584,18.026,5.794,8.919,24.9,0,0,31,0,0,31,0,6,1
phoenix,2019-02,2019,2,28,10.479,16.275,4.996,7.696,79.1,0,0,27,0,0,28,0,10,1
phoenix,2019-03,2019,3,31,17.565,24.487,10.565,14.723,14.5,0,0,21,0,0,31,0,0,0
phoenix,2019-04,2019,4,30,23.573,30.34,15.673,20.383,5.4,0,9,1,0,5,11,0,0,0
phoenix,2019-05,2019,5,31,24.461,30.423,17.51,21.552,4.4,0,10,0,0,4,6,0,0,0
phoenix,2019-06,2019,6,30,32.697,39.467,24.76,29.813,0.0,2,30,0,0,30,0,4,0,0
phoenix,2019-07,2019,7,31,35.561,41.355,28.806,34.448,13.6,20,31,0,20,31,0,7,0,0
phoenix,2019-08,2019,8,31,35.684,41.39,29.126,35.587,3.6,24,31,0,20,31,0,5,0,0
phoenix,2019-09,2019,9,30,30.213,35.983,24.693,30.42,66.2,9,22,0,9,21,0,1,0,0
phoenix,2019-10,2019,10,31,23.497,30.79,15.816,20.271,0.0,0,9,3,0,4,13,0,0,0
phoenix,2019-11,2019,11,30,18.047,24.543,11.843,15.233,72.6,0,0,16,0,0,23,0,0,0
phoenix,2019-12,2019,12,31,11.135,16.623,6.61,8.713,77.4,0,0,28,0,0,30,0,4,1
phoenix,2020-01,2020,1,31,11.829,19.039,5.555,9.116,5.0,0,0,30,0,0,31,0,6,1
phoenix,2020-02,2020,2,29,12.997,20.169,6.272,10.1,44.8,0,0,27,0,0,29,0,4,1
phoenix,2020-03,2020,3,31,16.465,22.39,10.623,14.371,98.6,0,0,24,0,0,28,0,0,0
phoenix,2020-04,2020,4,30,23.05,29.97,14.783,20.083,2.1,0,8,7,0,7,19,0,0,0
phoenix,2020-05,2020,5,31,30.339,37.084,22.106,27.174,0.1,1,26,0,0,22,0,1,0,0
phoenix,2020-06,2020,6,30,33.18,39.913,25.283,30.037,0.0,4,29,0,0,26,0,4,0,0
phoenix,2020-07,2020,7,31,36.797,42.442,30.339,35.671,0.4,27,31,0,27,31,0,10,0,0
phoenix,2020-08,2020,8,31,37.042,42.868,30.465,36.69,0.3,28,31,0,27,31,0,17,0,0
phoenix,2020-09,2020,9,30,32.897,39.43,25.457,31.033,0.2,7,28,0,4,28,0,3,0,0
phoenix,2020-10,2020,10,31,26.287,34.029,17.89,23.31,0.0,0,22,4,0,14,5,0,0,0
phoenix,2020-11,2020,11,30,18.93,25.757,11.973,15.55,1.6,0,4,15,0,0,22,0,0,0
phoenix,2020-12,2020,12,31,12.126,19.068,5.713,8.184,14.0,0,0,29,0,0,31,0,4,1
phoenix,2021-01,2021,1,31,12.126,19.029,5.581,8.548,34.1,0,0,30,0,0,31,0,7,1
phoenix,2021-02,2021,2,28,14.779,22.057,7.518,10.921,0.0,0,0,26,0,0,27,0,0,1
phoenix,2021-03,2021,3,31,16.961,23.958,9.758,13.194,11.5,0,0,24,0,0,30,0,0,0
phoenix,2021-04,2021,4,30,24.727,31.647,16.613,20.837,0.8,0,13,0,0,2,7,0,0,0
phoenix,2021-05,2021,5,31,28.339,35.016,20.216,24.739,0.7,0,25,0,0,14,1,0,0,0
phoenix,2021-06,2021,6,30,35.073,41.65,27.307,32.493,2.8,14,30,0,10,30,0,9,0,0
phoenix,2021-07,2021,7,31,32.777,38.319,27.829,35.003,185.4,17,29,0,26,29,0,6,0,0
phoenix,2021-08,2021,8,31,31.523,37.31,26.026,33.897,133.6,10,23,0,17,31,0,3,0,0
phoenix,2021-09,2021,9,30,30.957,36.97,24.837,31.283,32.7,5,23,0,9,24,0,0,0,0
phoenix,2021-10,2021,10,31,23.145,30.071,16.035,20.49,1.0,0,6,3,0,2,12,0,0,0
phoenix,2021-11,2021,11,30,20.46,28.14,12.967,16.973,0.3,0,0,9,0,0,26,0,0,0
phoenix,2021-12,2021,12,31,13.729,19.797,8.097,11.003,52.0,0,0,28,0,0,31,0,2,1
phoenix,2022-01,2022,1,31,12.613,19.729,5.935,9.055,2.7,0,0,31,0,0,31,0,5,1
phoenix,2022-02,2022,2,28,13.868,21.239,6.625,9.704,8.3,0,0,28,0,0,28,0,4,1
phoenix,2022-03,2022,3,31,18.355,25.758,9.981,14.381,13.9,0,3,22,0,0,30,0,0,0
phoenix,2022-04,2022,4,30,24.263,31.49,15.27,20.303,0.0,0,12,3,0,1,16,0,0,0
phoenix,2022-05,2022,5,31,28.787,35.881,19.89,25.087,0.0,0,26,0,0,14,2,0,0,0
phoenix,2022-06,2022,6,30,34.253,40.797,26.76,32.417,8.1,11,30,0,10,30,0,6,0,0
phoenix,2022-07,2022,7,31,34.897,40.613,28.681,35.306,165.9,18,29,0,21,31,0,11,0,0
phoenix,2022-08,2022,8,31,32.855,38.626,26.997,34.935,57.2,10,30,0,23,31,0,1,0,0
phoenix,2022-09,2022,9,30,31.52,37.56,25.373,31.897,45.5,8,28,0,8,30,0,0,0,0
phoenix,2022-10,2022,10,31,23.761,29.984,17.242,21.91,40.1,0,8,6,0,6,9,0,0,0
phoenix,2022-11,2022,11,30,14.28,21.4,7.067,10.723,3.0,0,0,27,0,0,30,0,2,0
phoenix,2022-12,2022,12,31,11.039,16.926,5.677,8.884,73.1,0,0,29,0,0,29,0,10,1
phoenix,2023-01,2023,1,31,9.932,15.903,4.619,7.161,67.5,0,0,31,0,0,31,0,10,1
phoenix,2023-02,2023,2,28,12.139,18.971,5.864,8.368,26.5,0,0,28,0,0,28,0,4,1
phoenix,2023-03,2023,3,31,14.639,21.068,8.071,12.074,62.3,0,0,27,0,0,28,0,2,0
phoenix,2023-04,2023,4,30,23.473,30.673,14.42,19.593,0.0,0,10,9,0,5,16,0,0,0
phoenix,2023-05,2023,5,31,27.845,34.319,20.177,24.835,0.2,0,22,0,0,17,3,0,0,0
phoenix,2023-06,2023,6,30,31.113,37.953,22.797,27.837,0.0,1,27,0,0,24,0,1,0,0
phoenix,2023-07,2023,7,31,38.271,44.168,30.997,36.981,0.6,26,31,0,23,31,0,23,0,0
phoenix,2023-08,2023,8,31,35.297,41.19,28.958,35.319,23.1,22,30,0,25,31,0,9,0,0
phoenix,2023-09,2023,9,30,30.723,37.8,23.05,29.49,13.1,4,29,0,2,27,0,2,0,0
phoenix,2023-10,2023,10,31,26.11,33.071,18.126,23.413,0.1,0,16,1,0,13,4,0,0,0
phoenix,2023-11,2023,11,30,18.687,25.47,11.453,15.7,23.3,0,0,19,0,0,25,0,0,0
phoenix,2023-12,2023,12,31,13.135,20.181,6.703,10.161,37.0,0,0,31,0,0,31,0,0,1
